i,j,D_proc_raw,D_proc_phys,D_morph_total_um,D_over_sentinel_total,D_morph_DCT_8_16_um,D_over_sentinel_DCT_8_16,D_morph_DCT_16_32_um,D_over_sentinel_DCT_16_32,D_morph_DCT_32_64_um,D_over_sentinel_DCT_32_64,D_morph_DCT_64_inf_um,D_over_sentinel_DCT_64_inf,D_morph_desc,type_raw_D_morph_total_um,type_raw_D_morph_DCT_8_16_um,type_raw_D_morph_DCT_16_32_um,type_raw_D_morph_DCT_32_64_um,type_raw_D_morph_DCT_64_inf_um,type_raw_D_morph_desc,type_phys_D_morph_total_um,type_phys_D_morph_DCT_8_16_um,type_phys_D_morph_DCT_16_32_um,type_phys_D_morph_DCT_32_64_um,type_phys_D_morph_DCT_64_inf_um,type_phys_D_morph_desc
0,179,1.5650351563669365,3.859235705958576,0.553948767614006,1.9281849874308676,0.22326490186815043,1.4829670719694399,0.21558286193349377,1.701696872066111,0.163609012497208,1.8704125006119539,0.37833171864470755,5.065443389452001,33.967868815944996,I,I,I,I,I,II,III,III,III,III,III,IV
0,191,0.7291738753880719,0.4622235922138929,2.228797362718173,7.757998331378601,0.15022273504746808,0.9978073923511057,0.38891945120846416,3.0699240545905777,0.615240796056213,7.033561649604286,2.096858609992638,28.074618281152944,135.1389293862591,I,I,I,I,I,II,I,I,I,I,I,II
1,129,1.3806226551692575,3.341926667600076,0.8300053460215945,2.88908278391797,0.24420109032460793,1.6220291360631882,0.1743912860040132,1.376552399606631,0.14449774092205928,1.651928440894534,0.7309430151259443,9.786518765329598,56.90120441769889,I,I,I,I,I,II,III,III,III,III,III,IV
1,179,1.3806226551692575,3.371351732043167,0.6729255338725204,2.3423193405784715,0.2384204596184183,1.5836331099938636,0.20827310604922042,1.643997532646115,0.15007217005833026,1.7156564824071292,0.5337218840391429,7.14594588843037,44.57121784077908,I,I,I,I,I,II,III,III,III,III,III,IV
1,191,1.5278656072601167,0.40565936667287833,2.3814499777846563,8.289351586176986,0.15896975793622933,1.0559067479294237,0.43612554164355916,3.442543917391419,0.6268302747028306,7.166054997038791,2.2445007037520477,30.051382668018388,145.75885391524324,I,I,I,I,I,II,I,I,I,I,I,II
2,179,1.4528231021592068,2.938926114311072,0.7574789643645804,2.6366329393121593,0.24808439495328277,1.6478227688579756,0.20577752510963102,1.6242987391483406,0.19000411703976616,2.1721668644933607,0.6205858259474225,8.308958024703953,45.32168673797574,I,I,I,I,I,II,III,III,III,III,III,IV
2,191,1.5049109361694504,1.0953071625161932,2.4074340839229746,8.379797068317,0.16216026817710177,1.0770987113343538,0.40420864737751283,3.1906088672140487,0.6032987965869098,6.8970382102853955,2.2816769898273037,30.549132032567776,146.50624206728384,I,I,I,I,I,II,III,III,III,III,III,IV
3,178,1.2122036517265515,3.2980722467957344,0.74179977357949,2.582056808712404,0.34724565989550465,2.3064703641302278,0.17757386211602258,1.4016739689482114,0.18183772113437416,2.0788069159596447,0.5605225778483904,7.50477754488017,32.598566292070416,I,I,I,I,I,II,III,III,III,III,III,IV
3,179,1.3806226551692575,3.2979890470242155,0.8830402295212664,3.0736866176166635,0.37284576321750557,2.4765110196380182,0.22547303740558125,1.7797646763159136,0.20992805347761828,2.399941479142982,0.7020792965135737,9.400065487862426,45.992081626296404,I,I,I,I,I,II,III,III,III,III,III,IV
4,129,1.6134838305186379,2.9381169429366802,0.9891842320777962,3.4431526841571998,0.3727610892535838,2.4759485993950765,0.16526937577010825,1.3045488740337465,0.2362260878024037,2.7005861159623645,0.8363887706910086,11.198320840466812,58.28014296030564,I,I,I,I,I,II,III,III,III,III,III,IV
4,179,1.6134838305186376,2.950862271863086,0.8290047992956872,2.8856000806628885,0.34407092634438574,2.2853831924378034,0.19859855914717783,1.5676317860639883,0.23434069087941353,2.679031863421195,0.6424637895603909,8.601879766912026,45.94721859585385,I,I,I,I,I,II,III,III,III,III,III,IV
5,34,1.4033835424640317,3.2587720348415057,3.1752957821790497,11.05257022995387,1.560014970898285,10.361910064071486,1.6867582514727222,13.314375802972329,1.039482574631478,11.883582524478557,1.7202510823807942,23.032259903184674,9.623964692150698,I,II,I,I,I,I,III,IV,III,III,III,III
5,36,1.215257282258082,3.258332967555574,2.096273857702812,7.296710487102011,1.3952951797615374,9.267810524405656,1.0769716492411183,8.501043498452415,0.6868283347351858,7.851965386595715,0.7396817136040702,9.903520275530774,10.269116808295294,I,II,I,I,I,I,III,IV,III,III,III,III
5,59,1.3186920932052701,3.3845232803888616,1.772365051736166,6.169248646810062,1.55696272341562,10.34163646766462,0.43935089078580203,3.468003114367703,0.3203901814473889,3.6627676636258335,0.4085265673020911,5.469719026385004,3.5799228567790013,I,II,I,I,I,I,III,IV,III,III,III,III
5,182,1.5680220593228384,3.1842809010918955,3.082903735822686,10.730971975462415,1.8089084143159053,12.015106683553546,2.0478669560062452,16.1647765605711,0.7104039714542275,8.121487003749504,0.7105867530822496,9.513970924581358,93.9464483453486,I,II,II,I,I,II,III,IV,IV,III,III,IV
6,7,0.9467916046467049,1.8217958121939852,1.8597966647379793,6.473580623832226,1.7666492457677145,11.734413413266115,0.3209970290994932,2.5337804473976884,0.20046964926008123,2.2918110209591824,0.2361130719387524,3.1612929619008274,1.6362898706660982,I,II,I,I,I,I,III,IV,III,III,III,III
6,50,1.6661775236281513,1.5094761771379885,1.533967786194,5.339435394507139,1.484591067405454,9.860930445764428,0.18377220784800608,1.450600425576079,0.10634801787600179,1.2157928161443536,0.12726955863570202,1.7039986675690506,0.48192731753798657,I,II,I,I,I,I,III,IV,III,III,III,III
7,36,1.5454732465175767,4.078590067359269,2.1954568862073964,7.641946793690795,1.5191548314928482,10.090509405986285,1.1123229246883821,8.78008773375306,0.7194037355642965,8.22437419215741,0.6613328769237701,8.854515983067039,9.852156554549937,I,II,I,I,I,I,III,IV,III,III,III,III
7,129,1.6988279086982014,3.726768117824371,1.4126519452723134,4.91715918977742,0.9987569058887893,6.633929435132782,0.2815111315683641,2.2220996963546207,0.23668924965099758,2.705881079229937,0.8603631742813557,11.51931159592822,58.524497854537145,I,I,I,I,I,II,III,III,III,III,III,IV
7,179,1.6988279086982014,3.7223149143447665,1.3104790017768442,4.561515586456215,1.0046527360703479,6.673090637578917,0.31830929260560537,2.512564879779898,0.25704637892771776,2.9386080451505996,0.6497831020165908,8.699877267701563,46.2280784793875,I,I,I,I,I,II,III,III,III,III,III,IV
8,19,1.7143577410178292,3.8800962985839282,9.103171631853652,31.686321740817544,1.3356033092465844,8.871325999980876,1.5848256007945967,12.509773473897187,2.7967250052335686,31.9727460652705,8.359801464408704,111.9284981357526,28.883046427275367,II,I,I,II,II,I,IV,III,III,IV,IV,III
8,191,1.3201487884514813,5.254952564450986,2.4617512997287134,8.568864444577772,0.2457901731816016,1.6325841204419886,0.4157327910603708,3.2815743506596187,0.6536117194266106,7.4722260827952125,2.313637603828308,30.977049315036634,147.3463580200016,I,I,I,I,I,II,III,III,III,III,III,IV
9,34,2.0077992499351045,0.7393429727294163,3.1479310416648487,10.95731903538638,1.458060048865633,9.684706477952412,1.7578752355299616,13.875735589346785,1.024253716255799,11.709483025672492,1.678040625897533,22.46710856317852,8.203376872745283,III,IV,III,III,III,III,I,II,I,I,I,I
9,129,3.875581792486007,0.40245726220386485,1.2145083214093326,4.227460821942134,0.5676984787016008,3.770759056516601,0.49280065312374494,3.889907214570314,0.35141169186790905,4.017412068556736,0.8129367032478366,10.884323588466488,57.90540892882231,III,III,III,III,III,IV,I,I,I,I,I,II
9,149,3.58299337636967,0.7742873204305162,2.7927359420146605,9.720955857425972,1.1100525392467544,7.373175766028604,1.1033526664070574,8.70928126833159,1.4563641843265989,16.649460407045044,1.641557887829765,21.978645039590027,42.08764683176755,III,III,III,III,III,IV,I,I,I,I,I,II
9,153,3.478235586088786,0.84362651461817,8.14106483528708,28.33742019991273,1.35797445661514,9.019919328498474,2.0002473765533404,15.788892834576634,2.349659464646594,26.861799162385257,7.356207646992573,98.49148659906061,297.99428341558195,IV,III,IV,III,IV,IV,II,I,II,I,II,II
9,154,3.540452515575068,0.7964343681902478,6.500194849754307,22.62587960734512,1.2436201862614111,8.260356960859431,1.84709727196836,14.58000706512592,2.7766132405492607,31.742824158764662,5.365294916069229,71.83536649377756,15.17518084087723,IV,III,IV,IV,IV,III,II,I,II,II,II,I
9,178,2.418641882005923,0.531556843287454,1.0084009121111235,3.510042108080141,0.5672520291969403,3.7677936557340828,0.5010853923326584,3.9553025556992423,0.2861900268894491,3.271784333113261,0.49344432145202927,6.606673860483559,32.21666980821541,III,III,III,III,III,IV,I,I,I,I,I,II
9,179,2.8342961501809,0.4773029063518634,1.0957982797506245,3.8142548838379287,0.5784236816692416,3.841997852709444,0.5015944624539974,3.9593208854745106,0.32926226871057956,3.7641952235768787,0.617931626332677,8.273421226623789,45.58479653976896,III,III,III,III,III,IV,I,I,I,I,I,II
9,182,2.8831904061928273,0.75131174753702,2.8874805922058893,10.050743055843231,1.3647051568944981,9.06462589366866,2.078114426940962,16.403534067619116,0.7557395257313144,8.639772556285811,0.6429467095607134,8.608345531749379,93.37569777736853,III,III,IV,III,III,IV,I,I,II,I,I,II
10,19,1.7143577410178292,4.093420940038815,9.325591738884457,32.46052169639611,1.4647429803058067,9.729095753593507,1.6959515076157117,13.386942495344444,3.4536708487209515,39.48308855269816,8.30264163926592,111.16319127898424,20.04547475690526,II,II,I,II,II,I,IV,IV,III,IV,IV,III
10,57,1.5365841435260934,1.536122707977855,4.522103382390655,15.740538409522667,1.010494008383984,6.711889456502299,1.8750675907268215,14.800789939585808,2.6640605243378386,30.45609793160608,2.8591822902802595,38.28128945524503,5.038472607819031,I,I,II,II,I,I,III,III,IV,IV,III,III
11,34,2.096955629880717,0.7704415118185939,3.3606844356209105,11.69787109405057,1.4158074184998077,9.404056635490303,1.6997990965054475,13.417313323154863,1.0856374352929024,12.411234559213527,2.1234660299585935,28.43086221454488,11.59985367536946,III,IV,III,III,III,III,I,II,I,I,I,I
11,129,1.6317406526091138,0.3850564433581441,0.6424322421237262,2.2361782842121465,0.3420440799800619,2.271920501288936,0.184691297957018,1.4578552358593517,0.1086805551379292,1.2424588706988158,0.45494063485866654,6.091152070709855,51.42233571872918,I,I,I,I,I,II,I,I,I,I,I,II
11,149,3.097847284557437,0.6305448069995789,2.6873294021303304,9.354056751110749,0.9907075507821214,6.580464118937105,1.08008798617054,8.525642210787614,1.411020087324685,16.131077192289144,1.6254657299521271,21.763188838784806,36.06749927662605,III,III,III,III,III,IV,I,I,I,I,I,II
11,153,3.290513558151028,0.41560198938948045,8.220999376067631,28.615656366362035,1.2826499399971802,8.519599856329867,1.8590703155847064,14.674515926768796,2.2956390986632296,26.2442270232915,7.518210142122294,100.66052088190968,291.5587263430595,IV,III,IV,III,IV,IV,II,I,II,I,II,II
11,154,2.9400805027819596,0.3722076381168379,6.4091077463155735,22.30882359843725,1.1849357401328016,7.870563936889697,1.7827776859450402,14.072302336805558,2.7832001689591976,31.818127304053142,5.293570990366426,70.87506243410658,16.835657132392996,IV,III,III,IV,IV,III,II,I,I,II,II,I
11,179,0.957001915644646,0.3436409653082539,0.5515484981820988,1.9198301290848019,0.36063791180541743,2.395424196263005,0.2195089224507422,1.7326871133210255,0.12490418949330616,1.4279308568717808,0.2501907539832881,3.349777558716427,39.09943090687976,I,I,I,I,I,II,I,I,I,I,I,II
11,182,2.261545065943298,0.7090425173507932,2.868215827688351,9.983686259437482,1.3874422346614006,9.21564980006411,2.0261915147375484,15.993682113281626,0.7710611802846348,8.814932920431872,0.7881626990271418,10.552627064686984,87.02341731238478,III,III,IV,III,III,IV,I,I,II,I,I,II
12,34,2.802213026724127,0.8214057087550195,3.3239102547218162,11.569867517401928,1.4476384182490407,9.615484065870097,1.7953400772772352,14.171463197014667,1.218914456461641,13.934885381582415,1.8242658170022674,24.424902190173942,9.395670343243019,III,IV,III,III,III,III,I,II,I,I,I,I
12,129,1.5961682282143452,0.32288646923626063,1.3999031971347626,4.872783344564796,0.520557460221687,3.4576396295047385,0.7005607445024784,5.529855281260453,0.6088754152671003,6.9607912831227035,0.8134370177995297,10.891022247113453,58.60321467924678,I,I,I,I,I,II,I,I,I,I,I,II
12,149,3.980034843240419,0.785780817866657,3.0128297144764575,10.487058307144883,1.0744134444373892,7.13645425881966,1.3788099791344353,10.883595326749282,1.5594007973383743,17.82739654917065,1.7377760082623106,23.266899283343356,42.91950432752593,III,III,III,III,III,IV,I,I,I,I,I,II
12,153,4.131767059182262,0.7431435169750963,8.11937998920749,28.261939583094115,1.358072037340527,9.020567477855572,1.986140850843989,15.677543395850245,2.2866825636086254,26.14183403850048,7.353226523096964,98.45157264634145,298.55408316319387,IV,III,IV,III,IV,IV,II,I,II,I,II,II
12,154,3.743625311431644,0.6841592753411346,6.459832033126324,22.485384706692624,1.236397498685221,8.212382524407534,2.0048406634111906,15.825149806992732,3.163177582925152,36.162108691045816,5.037754840733102,67.4499670476632,14.70897276673751,IV,III,IV,IV,IV,III,II,I,II,II,II,I
12,178,1.9641274604473082,0.4974646720551851,1.1983836032598487,4.171333899598201,0.5338385587415376,3.5458551601130903,0.6635013678604825,5.2373282002726365,0.5602731754755501,6.405160297541109,0.47918201026497637,6.415717283594985,33.03251740512698,III,III,III,III,III,IV,I,I,I,I,I,II
12,179,1.596168228214345,0.4303389601796609,1.3518029125544477,4.7053558638279105,0.5590278655491366,3.7131672286417343,0.7788088182997119,6.147504111189373,0.5973144835906937,6.828624290631134,0.6251180800358572,8.369639895612954,46.3280849633121,I,I,I,I,I,II,I,I,I,I,I,II
12,182,3.060485871189478,0.8077765819331049,3.0051447495207015,10.460308479502075,1.3426403138994325,8.918067095863615,2.1210288287410504,16.742277614554343,0.9351071498166088,10.690340805390827,0.8256872676625527,11.055039547619147,93.99272837185318,III,III,IV,III,III,IV,I,I,II,I,I,II
13,14,1.1941092543806353,0.6288434338272078,2.1260964668168967,7.400517031211638,1.452795072960181,9.649735527134945,0.9878212824264418,7.7973377447043175,0.6321045214416009,7.226351290506586,0.8143134326957971,10.902756473518307,5.932619759027232,I,II,I,I,I,I,I,II,I,I,I,I
13,34,1.2231148068894178,0.653893722971753,3.3850788362240922,11.782783128827774,1.8903293449151257,12.55591967313423,1.6584502073555434,13.09092710349559,1.0980081405208053,12.552659052561962,1.7549516361224955,23.496861949216914,8.871885885442472,I,II,I,I,I,I,I,II,I,I,I,I
13,36,1.0016859416276855,0.6583560956964747,2.410372574808393,8.390025368012243,1.7922117479250868,11.904204314833427,1.1129991017589382,8.7854251172334,0.7061796076440537,8.073193191831185,0.6853170989429707,9.17563819643451,10.36698347724257,I,II,I,I,I,I,I,II,I,I,I,I
13,42,2.471750726454775,0.8540282968288317,2.781732667151338,9.682655655955323,1.6196843315999945,10.758245074123174,1.5706831050044605,12.398140106414075,0.8564888261449705,9.79155966168642,1.236763646361182,16.558897729265073,7.641103297553555,III,IV,III,III,III,III,I,II,I,I,I,I
13,54,1.6661775236281513,0.9351042520584378,1.7081228158980186,5.94563425872206,1.5809309494852595,10.500837890447075,0.33926968526065415,2.6780151122263782,0.19184012258805566,2.193156464493374,0.3268669775260052,4.376387410684315,3.9425804223176706,I,II,I,I,I,I,III,IV,III,III,III,III
13,59,1.3649479338085861,1.024202330882796,2.2729787438441615,7.911784892143103,2.016451223020593,13.393644683739817,0.4476935100178266,3.533855329727727,0.4021825000559359,4.597834582277841,0.6381170871384693,8.543682227652265,3.990726814262461,I,II,I,I,I,I,III,IV,III,III,III,III
13,129,3.143034443579417,0.44908549084210436,1.6320226915700202,5.6807449298715,1.2170099540437553,8.083606841041906,0.26870580631199564,2.1210212444817915,0.21142763551408017,2.417085015088102,0.9398588833797029,12.58367124196726,58.65152579302291,III,III,III,III,III,IV,I,I,I,I,I,II
13,149,3.0124968442632025,0.5244288467148078,2.955108794643688,10.286143317187186,1.4992619795861646,9.958377377627444,1.124152237905069,8.87346206378555,1.3842544816310813,15.825087181643362,1.6468803820381226,22.049907351932497,42.98619709011104,III,IV,III,III,III,IV,I,II,I,I,I,II
13,153,3.360242420568313,0.38216928691373525,8.290042911283273,28.855983118338347,1.6818652554052305,11.171262354207178,1.8811366426910099,14.848695819725075,2.2671526858582696,25.91856438530633,7.50870335428013,100.53323550440413,298.51772209867386,IV,IV,IV,III,IV,IV,II,II,II,I,II,II
13,154,3.294624091194528,0.3719810921654185,6.456910072645383,22.47521394603278,1.6704172477844972,11.095222554851574,1.8388520256653171,14.514923460068152,2.7400650569584073,31.324997668526787,5.210006865766358,69.75623120296609,15.021188365062915,IV,IV,III,IV,IV,III,II,II,I,II,II,I
13,178,1.824403237476633,0.2997944848746063,1.4515220423138147,5.052458231777687,1.2176420976820044,8.087805656854128,0.29911930982696966,2.3610893247356337,0.16114430874247065,1.8422354910279335,0.5823110367533145,7.796500918013316,33.146263914765065,III,III,III,III,III,IV,I,I,I,I,I,II
13,179,2.1537155896351523,0.33556332460063126,1.5380041981624764,5.35348533814042,1.2276025626263232,8.15396492062705,0.29236390574319415,2.3077657446708617,0.22581734621711122,2.5815912019315572,0.7394743196244626,9.900743499460349,46.387570447715945,III,III,III,III,III,IV,I,I,I,I,I,II
13,181,1.7136373113075163,0.5826227266022953,1.674500672239091,5.8286022939654165,1.4148207650603049,9.397503099533754,0.5356539297896425,4.228168272087205,0.24940530694053298,2.8512537096848187,0.49121391785405616,6.576811222474683,5.08138939606677,I,II,I,I,I,I,I,II,I,I,I,I
13,182,1.2753466848598394,0.5874765020418256,3.474352584527072,12.093527210795717,2.235703907845866,14.849961862643235,2.0837146030325586,16.447738890083297,0.7454095333465032,8.52167791960981,0.9216561561026322,12.339956850570367,93.87025578510371,I,II,II,I,I,II,I,II,II,I,I,II
14,23,3.6688496955154406,0.8206523562923493,6.558942786107418,22.83036943662396,1.277235262416402,8.483634559095789,2.71340941372472,21.418216042583854,3.190807595723176,36.47798078476911,4.8089862870361495,64.38700906415093,15.770919586039497,IV,III,IV,IV,IV,III,II,I,II,II,II,I
14,34,0.6844846922588215,0.2750623433247537,3.4980324951701802,12.175952248768834,1.6113621040188537,10.702967288116504,2.0574430505402295,16.240365176330908,1.0762877224030225,12.304346683054122,1.787963856331567,23.938859076045745,5.059337227988166,I,II,II,I,I,I,I,II,II,I,I,I
14,42,2.927171609955829,0.48880220324197043,2.6948457959686793,9.380219816372446,1.0115894807783528,6.719165788229799,1.9045807241367112,15.03375097534742,0.9294704589958024,10.625900975259214,1.146950462033732,15.356398497990327,4.733492839096179,III,III,IV,III,III,III,I,I,II,I,I,I
14,57,1.7233623718025004,0.8619196938222536,3.9761803317244406,13.840289339340533,1.0703214963468926,7.109274777281633,2.100473637079823,16.58002582403205,2.0385848626203495,23.305529153954605,2.3408331125546242,31.34116710667723,7.468051307416345,I,I,II,I,I,I,III,III,IV,III,III,III
14,129,3.6368381669635195,0.538613950393693,1.863269880638601,6.485670194473443,0.8084198733571922,5.3696754056865155,0.990663551597866,7.819773111389794,0.6752983499222606,7.720152185129632,1.064442961120428,14.25171428970171,58.13596389623683,III,III,III,III,III,IV,I,I,I,I,I,II
14,149,2.9419871337491483,0.4047690503407833,3.4297516108236086,11.938280132098825,1.186501494162307,7.880963966850212,1.5795615652573523,12.46822196684401,1.6765919777388278,19.16715067051662,2.099623218586776,28.111633333387434,41.687370394850234,III,III,III,III,III,IV,I,I,I,I,I,II
14,153,3.2067255827351895,0.6983162945914502,7.970969233595949,27.74535139358334,1.5462290515697124,10.270341419604595,1.8995476334925614,14.994022424899763,2.2696341103700415,25.94693255008712,7.174288417835835,96.05578926961839,297.9218071670305,IV,IV,IV,III,IV,IV,II,II,II,I,II,II
14,154,3.274106013200514,0.6944755508912701,6.145594583380588,21.391586925179208,1.3737553008265073,9.124738635687017,1.897077324511713,14.974523114852365,2.6696683358193236,30.520207607081467,4.92309841454301,65.91484427713966,12.813721927536362,IV,III,IV,IV,IV,III,II,I,II,II,II,I
14,178,2.0140223871215217,0.4129451471448139,1.7354154168427463,6.040634349860875,0.8158259223326828,5.418867762712393,0.9454831120990133,7.463142663662052,0.63799905537033,7.293738837056103,0.8914605346147778,11.935670866291881,32.59874829358499,III,III,III,III,III,IV,I,I,I,I,I,II
14,179,2.4979376071799293,0.44254166158051705,1.822566373724817,6.343989419002101,0.8039274086016271,5.339835617843729,0.9880384465648815,7.799051923335185,0.6895858826461109,7.883490251912769,0.9869456141190652,13.214110502542711,45.86592699434798,III,III,III,III,III,IV,I,I,I,I,I,II
14,182,1.4768834447877597,0.3174039405041649,3.195901286318899,11.124293873120429,1.4077129588648463,9.350291726614826,2.3485285405138607,18.53803978436524,0.8005187964627903,9.151698558808862,0.8955178140588407,11.98999335189449,93.3192181379555,I,II,II,I,I,II,I,II,II,I,I,II
14,183,1.617982055585161,0.30418717820824986,2.235016800336639,7.779646951155918,1.4916443932928005,9.907779950327313,1.1282399188687373,8.90572805119982,0.6928456154671816,7.920756200310873,0.8357999288329583,11.190436899072791,4.533404089218426,I,II,I,I,I,I,I,II,I,I,I,I
15,23,2.55182941694197,0.6682742499008583,6.551959398941055,22.806061661098806,1.0610216347615844,7.0475033640882145,2.560249887117768,20.20925590068454,3.2959902426206362,37.68045083578674,4.8901998803527045,65.47436928039893,19.391391503491622,IV,III,IV,IV,IV,III,II,I,II,II,II,I
15,34,2.000060980020728,0.4014398644498435,3.203387905808077,11.150353299821239,1.4254240443088604,9.467932055670312,1.6682513161453518,13.168291862553023,1.0923801018487929,12.488318135607651,1.8815465219217906,25.191827493495474,9.383605885908574,III,IV,III,III,III,III,I,II,I,I,I,I
15,129,1.691468903740384,0.39732572777029684,0.7813207695853174,2.7196214999653154,0.29053303506546024,1.9297745445715428,0.2691051540240955,2.124173483701794,0.22559991958987316,2.579105535186524,0.5874876631246702,7.865810221305096,58.38644721883171,I,I,I,I,I,II,I,I,I,I,I,II
15,149,3.065643212035022,0.4986293782010881,2.7894515543338274,9.709523560092117,0.9886379471582832,6.56671742610496,1.0688912711663945,8.437261275823275,1.42158448160683,16.251851560553575,1.7826106709427383,23.867185842732155,42.85372139670612,III,III,III,III,III,IV,I,I,I,I,I,II
15,153,3.3205374521783697,0.7272808696256334,8.059432368701723,28.053273892963063,1.2645321894470538,8.399258381878765,1.8919873199931332,14.934345316439328,2.2846236337513135,26.118295921105723,7.337962151394281,98.24719958713172,298.5518292402753,IV,III,IV,III,IV,IV,II,I,II,I,II,II
15,154,2.97364470940664,0.6985820502883017,6.207549098846069,21.607238215710346,1.1287964972840812,7.497676627270771,1.8209964570892057,14.37398106361595,2.7194002913544026,31.088753739674726,5.080145464533889,68.01753062883914,15.512081891187783,IV,III,III,IV,IV,III,II,I,I,II,II,I
15,178,1.2454008929651632,0.3960520088498263,0.6033341134611275,2.1000855096969513,0.29527831561609913,1.9612935820242376,0.3044950224487685,2.403522351515209,0.21192623648231704,2.4227851257945545,0.290929637750154,3.8952261671750743,32.659367987859,I,I,I,I,I,II,I,I,I,I,I,II
15,179,1.055624062576731,0.3776943700135921,0.6613019974542457,2.301860132556205,0.28455153340484857,1.8900442962011292,0.27961573828633396,2.207138466178723,0.2082718770359515,2.3810077231571043,0.4158205516589577,5.567377411929869,46.05535718380468,I,I,I,I,I,II,I,I,I,I,I,II
15,182,2.2172272302019467,0.4467204261906218,2.861871935969084,9.961604439799784,1.3316132858686152,8.844823521371806,2.102189013818376,16.59356609900674,0.7601372341769262,8.690048080385434,0.6324973508364443,8.468440172337605,93.99213448829369,III,III,IV,III,III,IV,I,I,II,I,I,II
16,37,0.983121183814154,2.7146284258484115,12.17033956485904,42.36252053050652,2.7410477762836423,18.20654998126048,3.669564294923866,28.965595996419324,6.610966483192859,75.57795357698639,8.944205744795175,119.75302527150433,28.684247491889263,II,II,II,II,II,I,IV,IV,IV,IV,IV,III
16,60,1.6484164759239441,3.588941421980735,3.6746030187254997,12.790558964492064,1.414532563384091,9.395588810309002,1.466744302377618,11.577702276940604,1.751967241148726,20.02885647001344,2.3393158116160726,31.320852124796968,4.768823063550535,I,II,I,I,I,I,III,IV,III,III,III,III
17,23,3.741835885008338,0.6224512308500191,6.703250490214983,23.332675723592196,1.1788050627349427,7.829842835481375,2.65781629469948,20.979393420483053,3.2737351406281263,37.42602584822748,5.0237251280451,67.26212470749162,18.679608012705224,IV,III,IV,IV,IV,III,II,I,II,II,II,I
17,34,1.66148566213161,0.3728894374766018,3.3071418748574777,11.51150013722484,1.5013823674664244,9.97246138895174,1.7675700683122852,13.952261461918111,1.056005132951651,12.07247187203005,1.9073517600425836,25.537331098957008,8.35676797182457,I,II,I,I,I,I,I,II,I,I,I,I
17,37,0.9997145829283876,1.04707719161367,12.65466598596281,44.04836403948448,2.674786125048201,17.766427749354488,3.8175970422200014,30.1340880591831,7.029632035953477,80.36422587034453,9.25975452430691,123.97787452536353,31.3405641188712,II,II,II,II,II,I,IV,IV,IV,IV,IV,III
17,57,1.8683297199952735,0.8242403561349261,4.124234571194132,14.355636567389382,0.8979635016622635,5.964440866670217,1.8404142102457337,14.527254517324943,2.283444986380761,26.104821377484647,2.6643660548587573,35.672915472199456,8.808211119575546,III,III,IV,III,III,III,I,I,II,I,I,I
17,129,3.727465087031736,0.5499166102982262,1.1490066855015137,3.999462713825347,0.5256747702384562,3.491629755979744,0.5247896974736556,4.142411779276483,0.3655637052549621,4.17920084989556,0.7283578363365306,9.751906079783968,58.408414167495,III,III,III,III,III,IV,I,I,I,I,I,II
17,149,2.798294613490472,0.509924431586062,2.926220356391335,10.185588435210583,1.059114327410711,7.034834673336541,1.2599366000662233,9.945271864865239,1.3455154734039112,15.382214725270307,1.8778719010138383,25.142628382584,42.66308866223903,III,III,III,III,III,IV,I,I,I,I,I,II
17,153,2.825586085816697,0.7868192290067902,8.123144256675081,28.27504224609118,1.3095682365371906,8.69839619676818,1.8787611593460813,14.829945012998346,2.3328519466244995,26.66965209583339,7.385953127371022,98.88974569160736,298.509912999288,IV,III,IV,III,IV,IV,II,I,II,I,II,II
17,154,2.9018301037566525,0.771883411274627,6.497562736046069,22.616717745392982,1.1843783651911042,7.866861748689215,1.9801720018952076,15.630428465215777,2.873931309615061,32.85538470868667,5.274644867851472,70.62166258033602,14.956906560617876,IV,III,IV,IV,IV,III,II,I,II,II,II,I
17,178,2.173405231010686,0.4925418344661284,1.0272346477916123,3.5755985792187577,0.5127929974983827,3.4060666215941873,0.5199642648442881,4.104322371156957,0.3614334267454421,4.131982640841539,0.5354262774240958,7.168765831298927,32.70866592981473,III,III,III,III,III,IV,I,I,I,I,I,II
17,179,2.6281355390698042,0.4979893525381643,1.0271567956149392,3.575327591345734,0.5043624097597662,3.350069087234305,0.48909946665248055,3.8606920098708466,0.32445803554111374,3.70927222368299,0.594057035306573,7.953766851034362,46.085371113632384,III,III,III,III,III,IV,I,I,I,I,I,II
17,182,2.5086741390440013,0.4337825781587776,2.988180221833261,10.401258347940862,1.3711798410228588,9.107631951868674,2.1723630489703396,17.147482746403288,0.736114750785281,8.415418018473392,0.8066340937679223,10.799938616356044,93.9065737336856,III,III,IV,III,III,IV,I,I,II,I,I,II
18,23,3.728502943100707,0.6787827481635679,6.858383341556185,23.872662185340012,1.1108348694652121,7.378372149086003,2.6042778280357215,20.55678913533798,3.3768667332535167,38.60504781719048,5.206843693369742,69.71387982211033,19.174914165456325,IV,III,IV,IV,IV,III,II,I,II,II,II,I
18,34,1.631236651085126,0.33364266470638687,3.0464526659508664,10.604093083745825,1.5023923354671926,9.979169784567663,1.6305393128574384,12.870613292657302,1.0388205679892857,11.876014325880293,1.5914208750064547,21.307365874622082,8.888202575933471,I,II,I,I,I,I,I,II,I,I,I,I
18,37,1.0483467179064272,1.1066504727285913,12.613514507443808,43.905123964354985,2.6952705859261408,17.90248935471587,3.8444224384230212,30.345833521699017,6.983825884557992,79.84056035297884,9.225621854607866,123.52087581875035,31.79493094456846,II,II,II,II,II,I,IV,IV,IV,IV,IV,III
18,129,3.660053006025052,0.5524791275203565,1.1546839385750152,4.019224097523919,0.4903346724290959,3.256894242547317,0.39963094089465556,3.154474878021911,0.22136861878221922,2.5307324180599817,0.8925166989739264,11.94981173925487,58.411185110989926,III,III,III,III,III,IV,I,I,I,I,I,II
18,149,2.5172264180060004,0.4702947137129794,2.676392217207981,9.315986595520611,1.0099924085410967,6.708557736898893,1.0636688711461844,8.396038417478389,1.4136771144536016,16.161452882971073,1.5850689852316913,21.22232109385307,42.77350168768221,III,III,III,III,III,IV,I,I,I,I,I,II
18,153,2.5475307307230763,0.7567763501573044,8.062509116705376,28.063983438064692,1.3559580950411387,9.006526279280223,1.914727945715255,15.113847765349664,2.253967093451347,25.767823931040077,7.3258824939659934,98.08546633070225,298.54512268725364,IV,III,IV,III,IV,IV,II,I,II,I,II,II
18,154,2.6318423293742117,0.7462405800831463,6.2981200680213325,21.9224976643648,1.2022383118566085,7.985490841710358,1.836319523495524,14.494933229944168,2.777359472099723,31.75135523415612,5.135760583817479,68.76215558214159,15.40407559695096,IV,III,III,IV,IV,III,II,I,I,II,II,I
18,178,2.0556464506468815,0.4696866057617654,0.9088537215684727,3.163538226192263,0.46050534299302043,3.0587622792943003,0.43942423105337447,3.4685820235760008,0.2599227925837908,2.9714918085639495,0.512587305367747,6.862977248625649,32.70351018011566,III,III,III,III,III,IV,I,I,I,I,I,II
18,179,2.5316177522671626,0.48401831633847686,1.0083991212145198,3.5100358743268645,0.46399815022437635,3.0819621556272874,0.4348463132740197,3.43244636652128,0.23987507115661913,2.7423020579882715,0.6801437635671804,9.106372955934482,46.08560649524431,III,III,III,III,III,IV,I,I,I,I,I,II
18,182,2.4073715890532292,0.39093051580979776,2.9601268515301133,10.303610170658411,1.4199771989027956,9.431753093747885,2.1482655071295915,16.957269520699228,0.8033053893408039,9.183555472273465,0.6503273666713678,8.70716436963298,93.9536397489957,III,IV,IV,III,III,IV,I,II,II,I,I,II
19,20,1.496449129107732,3.0391313778555493,9.572650159535113,33.320482699231874,1.5507500310593192,10.300370607623119,1.6529228727758387,13.047297253326665,2.927571227826218,33.46860748915949,8.772809244677093,117.4582156488576,21.261738760761563,II,II,I,II,II,I,IV,IV,III,IV,IV,III
19,28,1.7073097706470297,4.426566684714815,8.99933009772697,31.324870106874428,1.3266828750478352,8.812074814175471,1.6033257079700043,12.655803516503223,2.8983152500618985,33.1341470233649,8.210072445301302,109.92379212600093,24.1755432381158,II,I,I,II,II,I,IV,III,III,IV,IV,III
19,32,1.5112968236388922,4.140466568049898,9.077974553685586,31.598615745802782,1.3442054463695907,8.928462997311149,1.739861637895917,13.733545795252821,2.828733676984048,32.338675905297514,8.287544862433093,110.96106212977143,23.82251564330472,II,I,I,II,II,I,IV,III,III,IV,IV,III
19,33,1.7116520052686897,3.7162843519146183,9.096718870278023,31.663860966960804,1.3144676532086057,8.730939035050291,1.6303753730640635,12.869319238802134,2.7273793013345813,31.17997145306132,8.37034498837549,112.0696642636427,23.250266444891274,II,I,I,II,II,I,IV,III,III,IV,IV,III
19,35,1.66148566213161,4.047706968221223,9.126051375606995,31.765961557711588,1.40004653967097,9.29936994209203,1.6819619803825019,13.27651658058977,2.7130408961360533,31.016051801491855,8.383044657554288,112.23969879186153,24.87921938248998,II,II,I,II,II,I,IV,IV,III,IV,IV,III
19,39,0.813848645779886,3.050667575687525,9.467519911844994,32.95454531084467,1.6134770401724252,10.71701508805649,2.078516808315077,16.406710252959492,2.9255004254318577,33.444933642434364,8.544058649486493,114.39549810988859,20.540250504701806,II,II,II,II,II,I,IV,IV,IV,IV,IV,III
19,40,1.4285143821974777,2.5464138912307313,9.08763909539275,31.632256084620433,1.3370201926380856,8.880737203429492,1.6540332466993803,13.056061956678166,2.685481395250848,30.700985814725424,8.367568719829924,112.03249309755105,22.300101275125066,II,I,I,II,II,I,IV,III,III,IV,IV,III
19,58,1.4766896337739173,3.371315602139141,8.220543847736225,28.614070763249767,1.7852387687851796,11.857888488335455,1.8033955144521578,14.235048549397268,3.7554888515702096,42.93353518043892,6.764315268163372,90.5667021047872,17.852104075130136,II,II,I,II,II,I,IV,IV,III,IV,IV,III
19,61,1.2358926399738104,3.469170181607288,9.063518390946003,31.54829673148241,1.5369119300814762,10.208455362920446,1.860578425832839,14.686420149901197,3.2697126396645264,37.38003977465364,8.029575730219998,107.50714068714811,20.579222525758446,II,II,II,II,II,I,IV,IV,IV,IV,IV,III
19,62,1.2883843356787867,3.5347836978776415,9.764774957986772,33.98923073830288,1.6313410843983231,10.835671397837135,2.0611698580104267,16.269782619619065,3.381007034038849,38.652380603000864,8.70961168123892,116.61207015227026,18.76256205633594,II,II,II,II,II,I,IV,IV,IV,IV,IV,III
20,37,1.8367767707269023,0.726284598949682,12.785000581526148,44.50203272727767,2.7872634846688507,18.513523326240072,4.117087781750871,32.4981092531761,7.120423832556787,81.40217670647432,9.209439229234603,123.30420835820905,30.04184571839826,IV,IV,IV,IV,IV,III,II,II,II,II,II,I
20,43,1.6281379547979526,0.6473129860439607,5.0933846147507555,17.729054243906305,1.4826166714805824,9.847816140205802,2.2953568390148686,18.11833054907741,2.4637729739940566,28.166368703600693,3.388579932734655,45.36933853019034,9.764596216898457,II,II,II,II,I,I,II,II,II,II,I,I
20,44,1.7174510126143787,0.7898804724868699,6.104357572477915,21.248049128910544,1.515406976451318,10.065615454583273,1.9231451709493272,15.180288880955205,2.9224044959143316,33.40954032771282,4.664593572533149,62.45375027267453,13.115970497296365,II,II,II,II,II,I,II,II,II,II,II,I
21,23,2.489655397506566,0.4394351982945286,7.008746216084547,24.39604531078919,1.1504688911424141,7.641628704797227,2.426230461085223,19.151377570142508,3.420611278897908,39.1051446257832,5.449452193067924,72.96213937968422,17.307104640622498,IV,III,IV,IV,IV,III,II,I,II,II,II,I
21,34,1.7116520052686897,0.5365608582068861,3.426690538720467,11.927625151675016,1.5440530729054291,10.255888163936376,2.0160851790047736,15.913908054479965,1.4790830859672943,16.9091876493304,1.513813320908982,20.268286536302686,7.038533747292232,I,II,II,I,I,I,I,II,II,I,I,I
21,37,1.6052838242746865,0.841014667829867,12.64196325827381,44.004148382258904,2.7493092974284603,18.261424543807617,4.112471967756142,32.46167446347889,7.125770670085303,81.46330287305545,9.01787588342647,120.73938697035081,30.17284023485443,II,II,II,II,II,I,II,II,II,II,II,I
21,44,1.7174510126143787,0.9942395014246761,5.937315186094935,20.666607955071303,1.4742385573231043,9.792167145147554,1.7886956364119382,14.119015501795776,3.127375156698363,35.75280785520118,4.3842900080803355,58.70079547765051,13.314710759734604,II,II,I,II,II,I,IV,IV,III,IV,IV,III
21,57,1.1622811795068462,0.8186764370322371,4.226615879582299,14.712005447273143,0.9536006910479848,6.333993443656445,1.9045486773965206,15.033498015362321,2.3742451792185375,27.14286820112556,2.689464868026143,36.00896082863233,7.828290058054636,I,I,II,I,I,I,I,I,II,I,I,I
21,129,2.4323760684599423,0.5575671367480239,1.7568813073069698,6.115352825927226,0.6358577807153052,4.223485838419991,0.9513181058357106,7.509201012183867,0.6617296810196036,7.565032320124473,1.1211965708240175,15.011582370893604,58.45046962184973,III,III,III,III,III,IV,I,I,I,I,I,II
21,149,2.7550895856867195,0.6497921643274087,2.8137071866780032,9.793952570284034,1.1167542329590068,7.417689664176214,1.436345780279225,11.337752452050413,1.4104164655760154,16.124176462023005,1.4592577519972398,19.537847790929355,42.41575473275675,III,III,III,III,III,IV,I,I,I,I,I,II
21,154,2.723826197073424,0.8478615108164517,6.446692942910296,22.439650158690707,1.2180123504404925,8.090264944653281,1.9088720739712053,15.067624616901323,2.8338679137742178,32.39737157570625,5.257041990541086,70.38597951673604,13.963077441818832,IV,III,IV,IV,IV,III,II,I,II,II,II,I
21,178,1.409369481026829,0.581316866568748,1.5200392459130943,5.290952928552485,0.6367851234012463,4.229645421301918,0.893561468064184,7.053300719575346,0.6798101234870493,7.771731725563906,0.7535516634034938,10.089223567274864,32.813559306543674,I,I,I,I,I,II,I,I,I,I,I,II
21,179,1.556599998958389,0.5606890703232157,1.6409366232305962,5.711772545080283,0.6302069860499595,4.185952207522122,0.9350239945578765,7.380583932208645,0.7050111969865783,8.059835676458201,0.9166923271326367,12.273496669191688,46.1470354658735,I,I,I,I,I,II,I,I,I,I,I,II
21,182,2.2536608734950314,0.59487764058354,3.2527003879956395,11.322000198245723,1.4560997611925117,9.67168588203025,2.329542688108721,18.38817552631813,1.084343814408593,12.39644561430069,0.8974129052307521,12.015366527274963,93.80310818813835,III,IV,IV,III,III,IV,I,II,II,I,I,II
22,23,1.5883771044348967,2.500617185737001,9.448163824843391,32.88717063911709,1.610232723714073,10.69546573373108,4.447397663571906,35.10540042496129,5.430338424919844,62.08076631901213,5.979188325477533,80.05472046085985,6.763834304073188,II,II,II,II,II,I,IV,IV,IV,IV,IV,III
22,40,1.7285580201241686,1.270241989171586,6.591338577510308,22.943132714188504,1.3656943807604565,9.07119650287659,3.2519940443662936,25.66951771418141,3.7082965512484636,42.394022918203774,4.017521914550095,53.79017624252532,16.071467939997703,II,I,II,II,II,I,IV,III,IV,IV,IV,III
22,43,1.0483467179064272,1.4005487961086132,6.452430918185534,22.45962290424192,1.917859466263116,12.738779867928766,3.0283001355409453,23.903796536095516,3.124874533902163,35.72422021161152,4.15698705415127,55.657460254509544,6.476246392155955,II,II,II,II,II,I,IV,IV,IV,IV,IV,III
22,44,1.182300986137486,1.9824809188271317,8.94289054185686,31.128415288868872,1.962514226288574,13.035385103101639,3.5625875790839863,28.12117848987009,4.2104549647949625,48.134803084582856,6.621610374261989,88.65604136493509,5.638444407178654,II,II,II,II,II,I,IV,IV,IV,IV,IV,III
22,45,1.2898598441081222,2.514597229982945,6.531527486662263,22.734942256518913,1.428272632835968,9.486852911353152,3.1760008404937743,25.069667632554598,3.75768652086664,42.95865939616221,3.9142308828987726,52.407223538104525,17.139191468213347,II,II,II,II,II,I,IV,IV,IV,IV,IV,III
22,46,1.376896361368263,2.7633284676969043,6.861258908617814,23.882671459776105,1.5328825743133185,10.181691631248206,3.4527652663485244,27.25429934934428,3.914520439165103,44.751617600774594,4.036231017370101,54.04067044254025,14.358823671406682,II,II,II,II,II,I,IV,IV,IV,IV,IV,III
22,47,1.6102964774623485,2.514597229982945,6.467437492585658,22.511857791586674,1.4163941694091022,9.407953944340242,3.137496093966384,24.765731567610935,3.7582626639928525,42.96524598506072,3.83811374085864,51.38809916927714,16.591633089334376,II,II,II,II,II,I,IV,IV,IV,IV,IV,III
22,70,1.6942184838205614,2.210574910156524,7.680925652415841,26.735767634888415,1.7827546887406684,11.84138876590115,3.5364349287633874,27.9147433268536,3.7253668607188093,42.589174271636665,5.301893956969426,70.98649775417655,10.747723104476533,II,II,II,II,II,I,IV,IV,IV,IV,IV,III
22,71,1.2491327402630077,0.7943653283672143,6.641289858349077,23.117003143093164,1.4999939019320832,9.963238942204562,3.231909627676704,25.510981971815717,3.8695129137802446,44.237082143243576,3.921112412553777,52.4993596112446,16.577941280921028,II,II,II,II,II,I,II,II,II,II,II,I
23,32,3.1759008031294673,0.671134252129186,6.87318572067189,23.92418630969559,1.0768870782319462,7.152884595315654,2.77428318216606,21.898721312893613,3.31447320369708,37.891751918276285,5.183196509421792,69.39727017585228,20.430960662033602,IV,III,IV,IV,IV,III,II,I,II,II,II,I
23,35,2.65361628961821,0.7080613465271216,6.758235801806937,23.524068607806882,1.0926364702419529,7.2574949911232824,2.588029011259461,20.42852958615606,3.2748330376625154,37.43857723709148,5.155367351030963,69.02466851583334,21.26575453237494,IV,III,IV,IV,IV,III,II,I,II,II,II,I
23,36,2.720175519254177,0.8107929550364604,6.7128196632948205,23.365984103271682,1.4050931554320458,9.332890504150535,2.840784386882401,22.423646583109832,3.1844786444716644,36.40562688839196,4.918043455708539,65.8471639676384,18.992281392330366,IV,IV,IV,IV,IV,III,II,II,II,II,II,I
23,37,3.8030416625461774,0.5890381348060758,15.807968532022931,55.02438020850561,2.9215511220622834,19.405486831299356,5.05047739791496,39.86579226842161,7.748090619393345,88.57779488544274,12.333622569911734,165.13356886533242,16.987813763331175,IV,IV,IV,IV,IV,III,II,II,II,II,II,I
23,38,3.619709530924448,0.43866467386703484,6.762487255026565,23.538867067072637,1.1085474644239393,7.36317877866333,2.7003236070318013,21.314923618881494,2.999023078746369,34.28546001527075,5.255467114622506,70.36489366953413,17.683972208584585,IV,III,IV,IV,IV,III,II,I,II,II,II,I
23,41,2.0970355482641097,0.6215541670849265,6.783137099621828,23.610745050505773,1.1716730894309586,7.782470940125339,2.5710978755576184,20.294884172944872,3.2496779276292203,37.15099875017073,5.1949446080324755,69.55456422632021,19.298107987663926,IV,III,IV,IV,IV,III,II,I,II,II,II,I
23,42,1.5972575265836635,0.5130460144419924,7.3883506598602935,25.71737253894265,1.2152790913648823,8.072110128672913,3.121012641819802,24.635619931151897,3.5073412266788395,40.09665955537575,5.510672764226054,73.78181513561164,16.074964106705913,II,I,II,II,II,I,II,I,II,II,II,I
23,44,2.045919012443241,0.5977950213658569,9.219666349367701,32.091816578170636,1.5214899016292276,10.10601937685056,2.9207839020805553,23.055120363347065,4.119809111336489,47.098520701054255,7.478364572657092,100.1270327642084,6.391808351916885,IV,IV,IV,IV,IV,III,II,II,II,II,II,I
23,45,0.9997145829283874,0.26478844278907143,7.04750744576521,24.530965407256836,1.0693689700266353,7.102947920008922,2.44492122590207,19.298912563138213,3.1928990135929496,36.501890311927305,5.646203400599156,75.5964204997711,19.4598126017814,II,I,II,II,II,I,II,I,II,II,II,I
23,46,1.3843552303833917,0.3642433606824857,7.2658472896514,25.290962782018944,1.2164222958591573,8.079703505900374,2.5947273953312333,20.481403080461693,3.5962843235549773,41.11347566899362,5.577098409717245,74.67118108158304,16.88044902216917,II,I,II,II,II,I,II,I,II,II,II,I
23,47,0.26478844278907143,0.26478844278907143,7.052483657343645,24.54828660557116,1.071704268985595,7.118459410755402,2.531260163899369,19.98042638761299,3.240117681376595,37.04170401250985,5.5855077630770555,74.78377302480845,19.02310833100733,II,I,II,II,II,I,II,I,II,II,II,I
23,68,3.5284611602412568,0.8194697851388378,6.811834645865698,23.71063547553889,1.101984440491949,7.3195859510300965,2.583875950365638,20.395747524218788,3.2196680415595673,36.80791944671502,5.253794383789817,70.34249765323095,19.030546508449998,IV,III,IV,IV,IV,III,II,I,II,II,II,I
23,71,1.4915233061940132,2.623757341012158,6.937096029544507,24.146645326331797,1.1695033948015512,7.768059424187468,2.5928178388708156,20.466330053660847,3.357217189450176,38.38041011661321,5.315917105111271,71.17425220233352,19.025236597527442,II,I,II,II,II,I,IV,III,IV,IV,IV,III
23,125,3.7026310224883647,0.8467296706313912,6.63932970013506,23.110180223967387,1.0312419120784775,6.849700898130045,2.5640831475995194,20.239513627635134,3.2987514517485663,37.71201755690348,5.006241154167504,67.02803362938461,19.725180182441598,IV,III,IV,IV,IV,III,II,I,II,II,II,I
23,141,4.093160372725954,0.8555115243614864,6.768149993831247,23.558577929501233,1.0987545536662255,7.298132441012815,2.6105532629198067,20.60632409288204,3.331682621289036,38.08849358489318,5.116288520084589,68.50144617911269,20.04330603702278,IV,III,IV,IV,IV,III,II,I,II,II,II,I
23,142,3.817139730651337,0.7998126304285164,6.66507151139971,23.199782326059907,1.131173599010308,7.513465779785204,2.600635035462099,20.528034861122848,3.467435392750653,39.64044770318394,4.880064926750514,65.33867345793253,18.026606738838268,IV,III,IV,IV,IV,III,II,I,II,II,II,I
23,143,3.64149860019123,0.7545702380413011,6.784170442215194,23.61434190962324,1.086867564334755,7.219176843353165,2.6238392413017544,20.711196565824128,3.35949356334219,38.406434099758776,5.11549527200932,68.49082546448305,20.96407025195225,IV,III,IV,IV,IV,III,II,I,II,II,II,I
23,181,2.69385678068368,0.8563987825068822,6.673630139183422,23.229573199458983,1.2113885817842804,8.04626863924516,2.564193911715891,20.24038794087449,3.290123247947013,37.613378123770005,5.011689197650064,67.10097690768822,18.6673102161201,IV,III,IV,IV,IV,III,II,I,II,II,II,I
24,37,1.7085517853227046,3.5727123840224495,12.679586564304802,44.135107593846186,2.6744017650553986,17.763874758676874,3.855809561465396,30.435717436817555,6.958378942107264,79.54964557673442,9.336775723111792,125.009103214651,32.28914540845284,II,II,II,II,II,II,IV,IV,IV,IV,IV,IV
24,191,0.47339580232335243,1.0084057258529617,2.6532250497778387,9.235346314231595,0.31167398993397916,2.0701967053217363,0.502897859797683,3.969609213419119,0.6230307828529505,7.122618410364752,2.5012137976560775,33.48848714649093,147.3012966119009,I,I,I,I,I,II,III,III,III,III,III,IV
25,34,1.031641822831363,4.066279335514029,3.0608970391275183,10.654371060953054,1.4108839425328972,9.371353990885316,1.6951214260961627,13.380390271699634,1.0262381091540742,11.732169020938938,1.638868275611049,21.942634105898588,10.360576991620984,I,II,I,I,I,I,III,IV,III,III,III,III
25,182,0.8698735039504156,3.9783214022099074,2.7831416910093396,9.687560186498162,1.2330174458636227,8.189931583870056,2.0500282173393973,16.18183641225577,0.7173206198041304,8.200559576455216,0.6950083238620184,9.305392982466564,93.13473028415645,I,I,II,I,I,II,III,III,IV,III,III,IV
26,191,0.8225958715920428,3.500328005177066,2.9832661862937444,10.38415357199595,0.7601814537470454,5.049266835924223,1.0716128537512823,8.458744006547956,0.816080403206519,9.329602106656349,2.5047130709597845,33.535338546864246,147.30412716730254,I,I,I,I,I,II,III,III,III,III,III,IV
27,37,1.7143577410178295,1.3919613734400746,12.589856029058327,43.82277352778874,2.674540206552748,17.764794312893617,3.8649399830870492,30.50778814677503,6.9574918771771115,79.53950446464722,9.210688288260922,123.3209318774809,32.8438519769743,II,II,II,II,II,II,IV,IV,IV,IV,IV,IV
27,129,3.521505945159722,0.49510247555844805,0.8577547258768995,2.9856728311852994,0.29837467291919556,1.9818601640759737,0.18506693971107638,1.4608203528086563,0.16157497122081838,1.847158914687494,0.7384592806198741,9.887153249522417,57.54301683563401,III,III,III,III,III,IV,I,I,I,I,I,II
27,149,2.662787595551114,0.46490580611631155,2.6657860814229366,9.2790687558376,0.9987723542230976,6.634032045847249,1.07847356483361,8.512898824255812,1.3744772234530616,15.713311518195782,1.6180535897470003,21.663948477077227,42.21203414269634,III,III,III,III,III,IV,I,I,I,I,I,II
27,153,2.562933863729082,0.5505458421074263,8.114798985137645,28.24599402315925,1.253260113584037,8.324387154033616,1.8347260477922065,14.482355177144752,2.320627813925569,26.52990325033743,7.404891245191599,99.14330614925693,297.7514901098385,IV,III,III,III,IV,IV,II,I,I,I,II,II
27,154,2.646754845571593,0.53766123706218,6.388914648661501,22.23853545985358,1.1704268147966987,7.774192951826357,1.8124200742446195,14.306283642172607,2.7308698911201477,31.219876606633118,5.290211979240118,70.83008898920006,16.38470205185306,IV,III,III,IV,IV,III,II,I,I,II,II,I
27,179,2.326822846388716,0.41247445741059297,0.7037200152684505,2.4495087779322273,0.304768980367751,2.024332345394722,0.21327476912332263,1.6834780105096754,0.17148655551442143,1.9604702224245336,0.5309085180335731,7.108278028368112,45.211374439305,III,III,III,III,III,IV,I,I,I,I,I,II
27,182,2.356571868422275,0.5350144238666217,2.838298091715523,9.879548597737829,1.315077007892193,8.734986482380117,2.0640188089697378,16.29227072879736,0.7549179528395704,8.63038016289973,0.6975997460713947,9.340089260502115,93.18548052192907,III,III,IV,III,III,IV,I,I,II,I,I,II
27,191,1.5100130972972197,3.3779921965310513,2.3939364647680774,8.332814552708866,0.23338984466438215,1.5502188282766312,0.4169327631146494,3.291046294175994,0.6216454357338989,7.106780831923251,2.2568860487818925,30.21720874343245,146.3998885456981,I,I,I,I,I,II,III,III,III,III,III,IV
28,129,1.9818954564552222,0.6817498006295691,1.0542914412249687,3.669777871522136,0.31743584753216303,2.1084680369102977,0.36544365433854115,2.8846185542158245,0.325926024302955,3.7260545786950803,0.8460602521074871,11.327811282829948,57.65397558165536,III,III,III,III,III,IV,I,I,I,I,I,II
28,179,1.4768834447877597,0.825546078897623,0.9238410899504488,3.2157062612249883,0.33452249179206744,2.2219607112889057,0.37329008603819724,2.94655412813127,0.28719857716765945,3.2833142911459365,0.6816898058240244,9.127072752287265,45.37964291632347,I,I,I,I,I,II,I,I,I,I,I,II
28,191,1.08134133054178,3.345130517334133,2.451393289757127,8.532810281278707,0.2798770068505934,1.8589952199737292,0.5078349472228053,4.008579965329071,0.7051868733890477,8.061844045888625,2.2673991841285064,30.3579680012993,146.3928149919091,I,I,I,I,I,II,III,III,III,III,III,IV
29,129,2.945411544696147,0.4137179058109926,0.9447504509051642,3.2884875692569766,0.3227556864137161,2.1438033978358804,0.1942031595678724,1.5329368309617957,0.23528246263749455,2.689798395424242,0.7998636403168231,10.709289730768765,57.302477802266345,III,III,III,III,III,IV,I,I,I,I,I,II
29,149,2.9542699585826915,0.5098679940431079,2.708924734392716,9.429225788215508,0.9815163113529743,6.519414194340978,1.12215137789435,8.85766833514151,1.4251072000428728,16.29212401558733,1.6220728180500112,21.717761499974483,41.988621106514685,III,III,III,III,III,IV,I,I,I,I,I,II
29,153,3.0316948080847066,0.6538367661446064,8.114735796579266,28.245774076411887,1.2773582797546497,8.48445166317429,1.8669367719944787,14.736609565134556,2.326528061454558,26.597356115961897,7.389097920332923,98.93185099215451,297.52027419342147,IV,III,IV,III,IV,IV,II,I,II,I,II,II
29,154,2.9587991122515134,0.6251774149454485,6.427839077539149,22.374023620120592,1.1784626388353208,7.827568392147265,1.8142358200112718,14.32061617706832,2.761063789676225,31.565059579377117,5.3166416310562905,71.18395280362552,16.429523561362398,IV,III,III,IV,IV,III,II,I,I,II,II,I
29,179,1.8534493505732113,0.38271442273822387,0.7906754783083609,2.7521833720663285,0.2878053124922806,1.9116565030717552,0.24478370956515375,1.9321928893784903,0.2020442731736032,2.3098124513612164,0.6201345324196127,8.302915703364004,44.96806309881594,III,III,III,III,III,IV,I,I,I,I,I,II
29,182,2.055273174844937,0.5431545672659676,2.8388007848920953,9.881298372253124,1.3243162136253899,8.796355008103761,2.0596864629146157,16.25807348480222,0.7271660074281926,8.313114110000429,0.7011162892920282,9.387171885967648,92.94533536940274,III,III,IV,III,III,IV,I,I,II,I,I,II
29,191,1.6270231678346354,3.428416857832069,2.4331017919650564,8.469141231896739,0.27211471263765774,1.8074366157130357,0.4298169162103292,3.3927469712404954,0.6401853479213991,7.318732991443437,2.2840418999304646,30.580795563956627,146.16732767222194,I,I,I,I,I,II,III,III,III,III,III,IV
30,34,0.9660547635718597,0.604564672746451,3.165126727499801,11.017173782276323,1.4826020728050981,9.847719173083535,1.6609490374610063,13.110651544186997,1.068092957927699,12.210662419086834,1.7956644877016406,24.041962015465895,9.808339633903504,I,II,I,I,I,I,I,II,I,I,I,I
30,129,2.9104764416549487,0.49510247555844805,0.9510057511737726,3.3102610197544915,0.41884975095856203,2.7820780766560596,0.22181418689421564,1.7508836492495363,0.14634144107373975,1.6730060072122341,0.7377377694127124,9.877493012236933,58.449420401862476,III,III,III,III,III,IV,I,I,I,I,I,II
30,149,2.743559549513789,0.46490580611631155,2.7223247347566337,9.475868512315362,1.0299677820562456,6.841237889154754,1.1101912696679461,8.763261578612218,1.4267909732610016,16.311373263702173,1.6065317887706485,21.50968430171462,42.986150495881816,III,III,III,III,III,IV,I,I,I,I,I,II
30,153,2.9959725688442287,0.5505458421074263,8.145846676612905,28.354064834210675,1.2945915678535238,8.59891837325076,1.8582128879430977,14.667747847327496,2.325770828743386,26.588699272996884,7.419545314273014,99.33950793118242,298.59319270570893,IV,III,IV,III,IV,IV,II,I,II,I,II,II
30,154,2.922185895962073,0.53766123706218,6.459464369087902,22.48410494162995,1.1656323033787712,7.742346913781528,1.7757308417842679,14.016678283210691,2.714231235236025,31.02966000741262,5.388391165908617,72.14459974149244,16.031252093319825,IV,III,III,IV,IV,III,II,I,I,II,II,I
30,178,1.3858768981468366,0.39300259712923946,0.7248601246913635,2.5230932752811044,0.4261342637889035,2.8304631679639396,0.23894143492246817,1.8860770692430466,0.13668109265986547,1.5625668806764288,0.399744851511072,5.352141561928638,32.75647765119523,I,I,I,I,I,II,I,I,I,I,I,II
30,179,1.7974143776378801,0.41247445741059297,0.8254091533257804,2.8730843554106182,0.41723744852664507,2.771368863534863,0.2702200686135127,2.1329740286635612,0.16852518464737243,1.9266152103800653,0.5318767074550873,7.121241014190488,46.12489136049758,III,III,III,III,III,IV,I,I,I,I,I,II
30,182,1.43144379991878,0.5350144238666217,2.8555679133658662,9.939661396589658,1.4465261428184746,9.608096125245805,2.0026934321949073,15.80820070161589,0.7440213012608555,8.505807359625894,0.7035801433690381,9.420160167763509,93.9834826090168,I,II,II,I,I,II,I,II,II,I,I,II
31,37,1.4175080668220033,0.4950014354176543,12.673092167858274,44.11250189732201,2.684725909602442,17.832449650123806,3.926709022226741,30.995360209562516,7.028374701570309,80.34985176031334,9.233070569340052,123.62060587293463,31.411365693669133,II,II,II,II,II,I,II,II,II,II,II,I
31,82,1.7206819352673035,1.7515888343477153,7.149472580386108,24.885885669403496,1.825347937549945,12.124301059521134,2.4050101248147215,18.983875480543,3.795603701461362,43.3921365469001,5.086078453727378,68.09696679400528,17.211178202113,II,II,II,II,II,I,IV,IV,IV,IV,IV,III
31,191,1.6495713368128677,3.990795711893337,2.706583023409911,9.421074760131459,0.5420748066207371,3.600561852921636,0.5635580217805581,4.448428387538473,0.6849134390912871,7.830073898498282,2.4704123539225398,33.07608987220331,147.25837949827198,I,I,I,I,I,II,III,III,III,III,III,IV
32,37,2.267740588089449,0.5311782613361424,12.427418635651794,43.25736141447554,2.6416586497080816,17.54638888656947,3.752104454817841,29.617124279566173,6.967439897689376,79.65323231886796,9.038911572055536,121.02103158183193,32.0572702706448,IV,IV,IV,IV,IV,III,II,II,II,II,II,I
32,83,1.6197736549509956,1.6045497369011017,3.9636282764688118,13.796598142752888,1.0691304058985462,7.101363332626181,1.5562451958765664,12.2841749025859,2.5400467793102277,29.038346822379715,2.2766179419950703,30.48139697590769,8.85816469130465,I,I,I,II,I,I,III,III,III,IV,III,III
32,129,1.2732385101123382,0.7012974139415501,1.1395130138283551,3.966417139458193,0.4229232737838227,2.8091351741498025,0.5725007474548968,4.519017525150265,0.38309236288448206,4.379592135490299,0.741006393647196,9.921256276603135,58.82279530350814,I,I,I,I,I,II,I,I,I,I,I,II
32,178,1.7120689155975464,0.8852948827483356,0.9824443244040112,3.419692412101287,0.407424154839894,2.7061871386723872,0.5541225455737819,4.373949738338248,0.400739126648527,4.581333635153583,0.4845431735143878,6.487497331640618,33.404311147086666,I,I,I,I,I,II,III,III,III,III,III,IV
32,179,1.2732385101123382,0.8196928513546227,1.0267940516254361,3.5740649519903775,0.4157543508417851,2.7615178524141792,0.5614775730785609,4.432006427940522,0.3873317504686238,4.428057702339515,0.5596679165447632,7.493334575027715,46.60471264814177,I,I,I,I,I,II,I,I,I,I,I,II
32,191,1.6840160747008583,3.8871086769978085,2.42685447914766,8.447395584121091,0.3863242831708271,2.5660378601866642,0.6587591787114898,5.199895872075434,0.7322524543848572,8.371263437022419,2.165882831314716,28.99877628424213,147.426091317241,I,I,I,I,I,II,III,III,III,III,III,IV
33,37,1.9808875934150483,0.49500143541765446,12.437997601037777,43.29418467942776,2.6553974130759794,17.637644312360507,3.8623154804363735,30.487071713607158,6.987050563769612,79.87742556117134,8.984504484151849,120.29258083298029,32.05878582821232,IV,IV,IV,IV,IV,III,II,II,II,II,II,I
34,36,1.496449129107732,0.14080737388215497,3.6566250224373316,12.727981151211164,1.791429079611152,11.899005686082884,1.740022566186769,13.734816077902904,1.378944991271778,15.76438797572346,2.061711472291016,27.6040369696874,10.798281248544807,I,II,I,I,I,I,I,II,I,I,I,I
34,38,1.6451566110507347,0.5947109352663161,3.2767251878741996,11.40562572674252,1.489832050163768,9.895742029628734,1.8481521547154425,14.588333750535915,1.1567413214883402,13.224109079706745,1.7143988839412565,22.953905436883222,7.3088904376689925,I,II,II,I,I,I,I,II,II,I,I,I
34,41,1.720244535329545,0.32602538236730133,3.2165733725095755,11.196249275103584,1.5268202511667388,10.141424551511127,1.8050358132050377,14.247996198537814,1.0291977600126958,11.766004369486788,1.7235654975957317,23.076636258147847,9.061437112060315,I,II,I,I,I,I,I,II,I,I,I,I
34,42,2.8460172768616054,0.46667401376662154,3.586961801386919,12.485497396650164,1.5842634649339167,10.522973078897369,2.0309332338978834,16.031110731637416,1.2211691188425993,13.960661154185871,1.9438353489432736,26.025806014257558,6.89851004200722,III,IV,IV,III,III,III,I,II,II,I,I,I
34,46,2.814512148653504,0.6231720134179861,3.560926390443155,12.394873332732507,1.4498664631547116,9.630283155213439,1.9309146989844141,15.241617418094748,1.12145418907201,12.82069919063734,2.176203703798635,29.136961354963468,6.909677436550297,III,IV,IV,III,III,III,I,II,II,I,I,I
34,48,1.3715025864672603,3.6741944082008846,3.128458016544396,10.889537325429973,1.3993875149060961,9.29499257682887,1.6883264210180786,13.326754102370849,1.0626128851734835,12.1480130794979,1.7577799282631972,23.53472965372469,10.662229898026693,I,II,I,I,I,I,III,IV,III,III,III,III
34,49,1.3715025864672603,3.6741944082008846,3.0939837224414517,10.76953919522763,1.4113768834274407,9.374628196140682,1.691329925340337,13.350462173896501,1.0225890848088064,11.690452610294734,1.7087242883286597,22.877928876058206,10.549665662979347,I,II,I,I,I,I,III,IV,III,III,III,III
34,56,2.024183436080885,0.8287118519833371,3.093994096441942,10.76957530505073,1.4073562563989057,9.347922442383162,1.7034102263208022,13.44581766833472,1.067056956057911,12.1988186287092,1.6777951583752728,22.463822024470076,10.392343206612955,III,IV,III,III,III,III,I,II,I,I,I,I
34,57,1.618460153161465,0.6587840510035929,4.8866652405323725,17.009505402420782,1.627491771098203,10.810103541779117,2.5453856711188094,20.09192565632149,2.294858701169165,26.235305355676342,2.8874467892057067,38.659719843664384,7.347998488075475,II,II,II,I,I,I,II,II,II,I,I,I
34,59,1.2920917635933302,0.5397609725870318,3.34487360703946,11.642836758581412,1.6543356152157256,10.988405355356944,1.7104209244559918,13.501156404357866,1.012337613774725,11.573255646147455,1.8837193844555407,25.220919720277834,6.579550499566964,I,II,I,I,I,I,I,II,I,I,I,I
34,60,1.8187778844198719,0.7058585643481945,4.250891501521145,14.796504037250411,1.5339247124256965,10.188613706738664,2.171239331003105,17.13861271224205,1.7741958663116575,20.28297876891109,2.59823267564111,34.78746264847058,6.400045333358247,III,IV,IV,III,III,III,I,II,II,I,I,I
34,63,1.4945992488871145,0.7468339607796786,3.3522664025047417,11.668569602600005,1.5357174386532408,10.200521328322976,1.9691012689591552,15.543041965937503,1.0593325841978607,12.110511991648726,1.6061088941432065,21.504022210249797,7.179381849366653,I,II,II,I,I,I,I,II,II,I,I,I
34,64,1.156465551646241,0.5671474111872173,3.1233810256889196,10.871865334586815,1.4818539118874132,9.842749748887535,1.5413858967943552,12.166883469758117,1.0912757656906338,12.475693133331974,1.7976089988843273,24.067996870146704,7.710102236772359,I,II,I,I,I,I,I,II,I,I,I,I
34,68,2.8691314919739033,0.855582940842039,3.1820226394587094,11.075985076195153,1.4686100388812593,9.754781477076188,1.7648901467180158,13.931107580976695,1.0688236719695743,12.21901609506981,1.7216412166083033,23.05087226341292,8.839830478454326,III,IV,III,III,III,III,I,II,I,I,I,I
34,124,3.519207857318705,0.3004743185083444,3.9353823233013356,13.698279622995566,1.3988438627983883,9.291381538248281,1.6055415674401263,12.673294336948903,1.2667244733113885,14.481459508553336,2.926885702237366,39.18776328136251,7.868633336668038,III,IV,III,III,III,III,I,II,I,I,I,I
34,125,4.039177508773355,0.3366609358249878,3.308672930484725,11.51682943597587,1.4208569523324928,9.437596579924067,1.6846239212599945,13.297528531281154,1.0503765722941973,12.00812498762884,2.050040816509964,27.447779793079334,9.835175640287313,III,IV,III,III,III,III,I,II,I,I,I,I
34,127,4.261533358875214,0.8377500780612477,3.336679420645456,11.614314432848687,1.4177492053380232,9.416954345420356,1.7148104036427338,13.535804627018454,1.0863323865375836,12.419179387408061,2.0626346482707207,27.616397275295526,19.10162808997028,III,IV,III,III,III,III,I,II,I,I,I,I
34,128,2.8585581407843432,0.5527060552160901,3.5239499786156703,12.266165830625566,1.4318301525511035,9.510482620059195,1.6917856712035977,13.354059590235686,1.1035429341787508,12.615933972984244,2.343667225008314,31.379112738740368,22.38578057474199,III,IV,III,III,III,III,I,II,I,I,I,I
34,129,3.4787189666041223,0.6076060275197038,3.506636571142651,12.205901318232947,1.3910201105522997,9.239414718281887,1.6609766511309283,13.110869511864534,1.0858747496639851,12.413947586811904,2.374152208311245,31.78727295777398,59.01637144080023,III,III,III,III,III,IV,I,I,I,I,I,II
34,140,2.044896253956206,0.44457281167317714,3.269043066880074,11.378885798361955,1.5066454524653716,10.00741978001593,1.846744602591485,14.577223279948754,1.1005467342477577,12.581680787785428,1.7293761745049114,23.15443479706836,7.665308934634287,III,IV,IV,III,III,III,I,II,II,I,I,I
34,141,2.1490188254530365,0.4577328339629822,3.286264992908975,11.438831882124544,1.4009548084234031,9.305402832354165,1.7569747840204417,13.868627902291077,1.0246897091595124,11.71446738787135,1.959597511235423,26.236843939050793,11.026501767843518,III,IV,III,III,III,III,I,II,I,I,I,I
34,143,2.848110196921976,0.546713130175712,3.373917907129901,11.743934164476984,1.426923234283608,9.477889954778387,1.7830346138917066,14.074330389867232,1.080618622253826,12.35385843730409,2.0614432706526324,27.600446046301283,13.31524308417787,III,IV,III,III,III,III,I,II,I,I,I,I
34,148,2.4154928280585635,0.241768644865954,3.246542535839039,11.30056594515709,1.427430025486807,9.481256156364124,1.6898030973951652,13.338410203182413,1.1268940389949422,12.882888694393921,1.8931785454575834,25.34756742705538,8.644412417080009,III,IV,III,III,III,III,I,II,I,I,I,I
34,149,2.323343362418679,0.245532119363909,4.098762138251032,14.266972117415463,1.659030739988152,11.01959124878684,2.044991806665629,16.14208165525363,1.9428145298870987,22.21066264997705,2.208163216594866,29.564863893518012,41.83133722564715,III,IV,IV,III,III,IV,I,II,II,I,I,II
34,150,2.672947674483103,0.25068019875517816,3.372076949641102,11.737526159260744,1.4315017370620762,9.508301223197991,1.7757423612387073,14.016769211679733,1.0888887517954273,12.448404290495125,2.0436252347801394,27.36188224745655,9.165150961064054,III,IV,III,III,III,III,I,II,I,I,I,I
34,151,3.0541865339336667,0.2710193256249088,3.368643524155028,11.725575091102897,1.4280606038577845,9.485444575379523,1.779344771543935,14.045204729667224,1.055263555591509,12.063994004317205,2.059852448871904,27.57914670163662,12.823329561912189,III,IV,III,III,III,III,I,II,I,I,I,I
34,153,2.6914003791930834,0.7542820082446812,7.913525786155299,27.5454022295868,1.8178028521869547,12.074185196907308,2.554233191590845,20.16176329451672,2.2923917868060966,26.207103073954844,6.794203359286703,90.96687059752252,298.061691524952,IV,IV,IV,III,IV,IV,II,II,II,I,II,II
34,154,2.771338525663744,0.7562814896923257,6.838585239140434,23.8037489462654,1.9274025658841243,12.802166913470016,2.564656625468954,20.2440403580434,3.0255337762052474,34.58853586158376,5.085013240147179,68.08270476197819,10.047811907589214,IV,IV,IV,IV,IV,III,II,II,II,II,II,I
34,155,2.998393051611207,0.7660027728598965,3.545116889718392,12.339843619267187,1.4720827496570479,9.77784786900737,1.6865977643448837,13.313109002629295,1.5911255254783305,18.19008028636699,2.0340547818389094,27.23374446466932,6.322298053604657,III,IV,III,III,III,III,I,II,I,I,I,I
34,157,1.4179302637868025,0.7603470058444788,3.2787496227973794,11.412672380251145,1.5229265693855512,10.11556199173611,1.8402487573266688,14.525948519657403,0.9699655606341075,11.088849459341837,1.8133914444135992,24.27930636505774,7.743574269703406,I,II,I,I,I,I,I,II,I,I,I,I
34,158,1.822243096045306,0.8482302405904028,3.1930336703427673,11.114312274824417,1.4746025237843636,9.794584678189391,1.7369981659154885,13.710943064828696,1.061230699433567,12.13221164260486,1.7839520942084992,23.88514601704254,10.166625677475317,III,IV,III,III,III,III,I,II,I,I,I,I
34,159,1.2545297964795765,0.711970616880167,3.3577422054754678,11.687629778738245,1.5779011665786546,10.4807135079395,1.8059130421334924,14.254920578844526,1.0790505592542032,12.335932012644006,1.8070830212016593,24.194843553503745,8.821806440498262,I,II,I,I,I,I,I,II,I,I,I,I
34,160,1.1676927044180347,0.5445763500159931,3.236955964232697,11.267197004682867,1.5415050541757958,10.238963748843855,1.7510760872104496,13.822066715465724,1.0551285916840119,12.062451068656992,1.701568496140327,22.782120730850266,9.28176126107858,I,II,I,I,I,I,I,II,I,I,I,I
34,161,1.3417106523608313,0.6064559431588413,3.299735436646808,11.485719805535217,1.4627621934433936,9.715938998237114,1.754175824793698,13.846534401358431,1.0794492481960916,12.340489908137547,1.897399043315633,25.404075226749885,9.45543544787073,I,II,I,I,I,I,I,II,I,I,I,I
34,162,2.300790572024737,0.8489194992830047,3.5778392104294388,12.453743480116598,1.5653951379841056,10.397646136168825,1.805162685998259,14.248997665136034,1.1562034782577166,13.217960343236955,2.2138052103203925,29.64040395112322,7.043638714363742,III,IV,III,III,III,III,I,II,I,I,I,I
34,163,1.7635847421603528,0.713551527745592,3.2274654777656355,11.23416251738177,1.4190262987953626,9.425437038083713,1.7631621792534995,13.91746792148323,1.0912061562706254,12.474897343861965,1.8379450942690418,24.608052587533397,9.491085255785835,III,IV,III,III,III,III,I,II,I,I,I,I
34,176,1.0883267344532448,0.44282006711205074,3.468638110210199,12.073636267385348,1.4886222072851854,9.887706027838114,1.8132438598257579,14.312786169015899,1.288722725480512,14.732948135131563,2.0152564943522444,26.982056180579747,10.935554048465459,I,II,I,I,I,I,I,II,I,I,I,I
34,177,1.2732385101123382,0.44902861798312943,3.2552939813900954,11.331027978681503,1.402262745335845,9.31409039299238,1.6821107164636884,13.277690624397557,1.0880091391604478,12.4383483746073,1.9648485895118477,26.30715007102962,11.515039180084983,I,II,I,I,I,I,I,II,I,I,I,I
34,178,1.7120689155975464,0.4708553822749758,3.2907756553246856,11.454532596814827,1.4274566932498876,9.48143328861465,1.6745283624109446,13.217839539488812,1.0284600673727493,11.757570912708918,2.042510194891506,27.34695309625272,33.97009680851855,I,II,I,I,I,II,I,II,I,I,I,II
34,179,2.261545065943298,0.5062843920027008,3.3967144275888024,11.823284297710142,1.3911824569442406,9.240493053261936,1.7138637682849622,13.528332389138042,1.0619321768895904,12.140231079814445,2.185713600607369,29.264288358093783,46.91457423741971,III,III,III,III,III,IV,I,I,I,I,I,II
34,180,1.6317406526091138,0.11733901490409179,3.322288783361682,11.56422349954875,1.4318551937076893,9.51064894808635,1.6908549767956762,13.346713181766082,1.103356232557504,12.6137995609434,2.027996595940732,27.152632054058003,8.90349227797102,I,II,I,I,I,I,I,II,I,I,I,I
34,181,2.2013595051500183,0.1561389036496267,3.45268139601124,12.01809413322792,1.4859803073724132,9.870158036437326,1.7971519513309715,14.18576517066029,1.119082667585567,12.793587460262533,2.0969688967917732,28.07609489944872,8.190920364617574,III,IV,III,III,III,III,I,II,I,I,I,I
34,182,0.9570019156446459,0.10589572234070607,3.8731994940614114,13.481833617830073,1.8400739500832715,12.2221139781913,2.488538276204558,19.643202445009212,1.0551574908665151,12.062781450164628,1.6000424737166286,21.422799548408157,93.59199759475734,I,II,II,I,I,II,I,II,II,I,I,II
34,183,1.1629849049987473,0.09685019365518503,3.5794107041108347,12.45921353565506,1.9377287268403696,12.870755198282518,1.812492179930953,14.306852806250825,1.0740757133258547,12.279058531953813,1.9547681933414305,26.172184712250253,7.446223773316709,I,II,I,I,I,I,I,II,I,I,I,I
34,186,1.6874662196004466,3.8809342392736554,3.141608373373759,10.935311090261969,1.4038109420720397,9.324373804139839,1.6830179547463981,13.284851882644432,1.0665730010484358,12.19328595367107,1.7791854732910954,23.821326233434174,10.36145784916787,I,II,I,I,I,I,III,IV,III,III,III,III
35,37,3.0630920647550792,0.4820970176986676,12.575493315565108,43.77277979162488,2.6863261085762935,17.843078469821684,3.901707528227155,30.798011664532066,6.896577477645508,78.84311828999729,9.218669733283658,123.4277946012132,33.51461252899284,IV,IV,IV,IV,IV,IV,II,II,II,II,II,II
35,129,1.926854890688073,0.8100824699551693,1.1326300492346866,3.942458914845303,0.4088868272209954,2.7159024811203167,0.5633558750294656,4.4468327482054235,0.3578974842640851,4.0915590057518285,0.7825145835969866,10.477005044225598,47.893681457580804,III,III,III,III,III,IV,I,I,I,I,I,II
36,50,0.9755526724894797,3.671330992201198,2.1656138517248786,7.538069152954407,1.4827966794544523,9.849011786703336,1.1007839824278534,8.689005438177308,0.6967960364667791,7.9659182406382865,0.7153847339092447,9.578210582704349,10.43966134932673,I,II,I,I,I,I,III,IV,III,III,III,III
36,57,1.533164600450494,0.5862377650547214,4.300152875248853,14.96797303733703,1.2168562681293542,8.082586030567105,2.214673042859978,17.481455417576683,2.329719254833084,26.63383850709647,2.455848088861803,32.88109046681796,8.6137839289294,I,I,II,I,I,I,I,I,II,I,I,I
36,129,2.567584740729166,0.5297457680722019,1.9161941074593736,6.6698888543808295,0.9696008065965651,6.440269191916525,1.0810315765496223,8.533090413219826,0.725715914451403,8.296536343351523,0.879641193362558,11.777422955627117,59.124259577824276,III,III,III,III,III,IV,I,I,I,I,I,II
36,149,2.936418666685221,0.304634203098116,3.3077066204274543,11.513465903724217,1.4050994943285244,9.332932608281869,1.4802816109709185,11.68455861738811,1.7925298003170758,20.492576142709275,1.7000398444350822,22.761653774754578,43.1065453679181,III,IV,III,III,III,IV,I,II,I,I,I,II
36,153,3.384307376382698,0.7723899143517572,8.382113432506628,29.17646220807885,1.5921817005701926,10.575567475143433,2.1207083294438025,16.73974776293843,2.5322834380057877,28.94959467846839,7.475286267542662,100.08581766242294,298.5254795090729,IV,IV,IV,IV,IV,IV,II,II,II,II,II,II
36,154,3.184885044976674,0.760986700279436,6.2097978821845485,21.61506578123038,1.3749024010158146,9.132357888846643,2.1936002111590924,17.315117650885213,2.7079526848381303,30.95788230415104,4.862815193116585,65.10771859768766,15.07569121666817,IV,III,IV,IV,IV,III,II,I,II,II,II,I
36,178,1.6316741085334558,0.44889067347027245,1.8446258838829594,6.420774166624552,0.9747256325851682,6.47430924087666,1.0666598309430437,8.419647469168043,0.75956930874728,8.683555437915365,0.6895519916486836,9.232338727222778,33.98276100279958,I,I,I,I,I,II,I,I,I,I,I,II
36,179,1.7604095032593614,0.46188499372727243,1.8720290078911945,6.516158966466192,0.9836163079855956,6.533362763199612,1.0473025953196753,8.266851708796818,0.7248482635591952,8.286617176612586,0.8052116642193792,10.780893857488245,47.00212350424367,III,III,III,III,III,IV,I,I,I,I,I,II
36,182,1.4730724531399064,0.20911690526581356,3.406095039799057,11.855936334674915,1.424277410916471,9.460315903062778,2.476494217785805,19.548133030147763,1.0871120786824975,12.428092991323988,1.0554399670890837,14.131174154275802,94.16141903348242,I,II,II,I,I,II,I,II,II,I,I,II
36,183,0.927307275975634,0.16205343197969965,2.403437327940864,8.365885159249446,1.8227770539686194,12.107224771824,1.0656114424552223,8.411372045999265,0.7887517167011188,9.017174838226513,0.6115678468756348,8.188217256155541,9.752093582130088,I,II,I,I,I,I,I,II,I,I,I,I
37,38,1.817590709166199,0.6762960884382219,12.635339889782779,43.98109375981496,2.728413486029394,18.12263067165122,3.939442012711773,31.09586768908151,7.122213768276617,81.42263962654555,9.091091269591505,121.71966003649607,30.59691785039541,IV,IV,IV,IV,IV,III,II,II,II,II,II,I
37,39,2.509796366157857,0.6757776031987093,12.667535102036323,44.09315886143405,2.8057889683544137,18.63657304013653,3.949974097599086,31.179002386099324,7.240682130652649,82.77699475975643,9.007754606993805,120.60387427006145,28.663882706916116,IV,IV,IV,IV,IV,III,II,II,II,II,II,I
37,42,3.451361221436237,0.7982435418281317,12.898913785378616,44.898541831331734,2.770037552473222,18.399105475443346,4.198693826831319,33.142264128984024,6.925256485201468,79.17098271151704,9.474289741370443,126.85026386922307,27.822768052239486,IV,IV,IV,IV,IV,III,II,II,II,II,II,I
37,44,2.23337008214868,0.4266315419073926,10.152899587149577,35.340215029553015,2.8671440384686893,19.044104846150447,4.259616010524581,33.623151563636604,6.037827338286436,69.02570682198984,6.022711939197745,80.6374535243045,17.69866917526646,IV,IV,IV,IV,IV,III,II,II,II,II,II,I
37,45,2.959925863572777,0.5261682286314515,12.469182197091069,43.40273202796334,2.702006827094279,17.947232723501585,3.8783592866418126,30.61371301798066,7.035811379814287,80.43486942369424,8.970102906715924,120.09975963500669,31.98713932263361,IV,IV,IV,IV,IV,III,II,II,II,II,II,I
37,46,3.2863295014867946,0.7198567740745356,12.555903788687866,43.704592562328806,2.6799146134457095,17.80049212471687,4.194110476585826,33.10608559092034,6.987391589779626,79.88132424194953,8.986007363365408,120.31270272390907,29.60800478972865,IV,IV,IV,IV,IV,III,II,II,II,II,II,I
37,47,3.793812458151738,0.5261682286314515,12.408708696019131,43.19223585264638,2.6866676288152664,17.845346910873413,3.8793936811831085,30.621877980351133,6.946473955732721,79.41354527886764,8.959798228672838,119.96179138994182,31.618146345786123,IV,IV,IV,IV,IV,III,II,II,II,II,II,I
37,51,1.6396841734137015,1.334807536849519,13.024371504675324,45.335235087184934,2.6664132160650764,17.71081332803401,3.8535290257703854,30.417716096525336,6.863858872097984,78.46907233809885,9.86934876222209,132.1396673397675,30.69906133624064,II,II,II,II,II,I,IV,IV,IV,IV,IV,III
37,52,1.5133267373708104,1.2938353055640603,12.649071448894063,44.02889057367275,2.6518574752796047,17.614131386034344,3.8270966748319717,30.20907312504865,6.928161833212529,79.20419725853723,9.337155254214332,125.01418471646465,42.444776919968554,II,II,II,II,II,II,IV,IV,IV,IV,IV,IV
37,55,1.3385711894092924,0.7975159749556067,12.531102932235633,43.61826573594629,2.6638937948174215,17.694078862744437,3.8622583013807716,30.48662037244213,6.965064751139973,79.62607914601409,9.129786134275154,122.23774148951217,34.33352846127478,II,II,II,II,II,II,II,II,II,II,II,II
37,56,1.352792547777389,0.8805362180007255,12.543133836647998,43.66014291056851,2.6559042521357417,17.641010831818456,3.8368973532353556,30.286434486863715,6.982628414365574,79.82687062291555,9.146906642253468,122.46696616111379,32.876553026383974,II,II,II,II,II,II,IV,IV,IV,IV,IV,IV
37,60,0.9341779148222988,0.9579375918132483,13.048567916711496,45.41945796331623,2.8222146709016203,18.74567561652741,4.017484818648962,31.711896243297222,6.874139639287212,78.58660422202819,9.764562980085666,130.736701579104,25.15572928661568,II,II,II,II,II,I,IV,IV,IV,IV,IV,III
37,61,2.1686903391870063,0.6280766783876981,12.547523275857259,43.67542167149615,2.5768116779060395,17.11566321901179,3.7814587648003783,29.848831647354775,7.4195545461501675,84.821901680559,8.850869801757648,118.50336019623289,28.827831201255925,IV,IV,IV,IV,IV,III,II,II,II,II,II,I
37,62,2.0966934358128544,0.5949712842696572,12.825832175718295,44.644159348974625,2.824631156800078,18.761726366050983,4.235159568335557,33.430105368769006,7.518692725238371,85.9552701094996,8.86338452247129,118.67091846900168,26.871477737118152,IV,IV,IV,IV,IV,III,II,II,II,II,II,I
37,70,3.3970790968129,0.6617356807256237,12.166404166035704,42.348822193450204,2.942544042134798,19.544925717355934,4.0589805590613315,32.039441629004095,7.28229704523807,83.25274518000788,8.14632687432732,109.07030941444367,26.5156276396652,IV,IV,IV,IV,IV,III,II,II,II,II,II,I
37,189,1.686549141860467,4.101625838060913,12.560508026555953,43.720618994473504,2.666522848238303,17.711541525352814,3.8535048461522736,30.417525235433043,6.9539718521657035,79.49926280140807,9.18163712522781,122.9319689264782,32.994620945324925,II,II,II,II,II,II,IV,IV,IV,IV,IV,IV
37,190,1.5516980328668506,4.074769733767642,12.581904964675836,43.795097461205096,2.661037576562744,17.67510732898968,3.8419174390496478,30.326060384075898,6.97448117097655,79.73372962996066,9.199404267395899,123.16985131489437,32.59445736546268,II,II,II,II,II,II,IV,IV,IV,IV,IV,IV
37,191,1.686549141860467,4.081701115416599,12.65070513895106,44.03457712236855,2.641858679483947,17.547717521605875,3.8284850944138156,30.22003257348694,7.136311064481941,81.58380286960171,9.18289424857878,122.94880041814035,149.83881683321655,II,II,II,II,II,II,IV,IV,IV,IV,IV,IV
38,44,2.1508719050945797,0.8487383003792328,5.653403715529846,19.67836884830163,1.3749359775654466,9.132580910544537,1.890758777053937,14.924647849497479,2.719768048024914,31.092958010962775,4.262108221280882,57.06491644939504,13.632055461806269,IV,III,IV,IV,IV,III,II,I,II,II,II,I
38,57,1.882517087013076,0.6022607554128596,4.066925667766967,14.156155724223424,0.9121661387223915,6.058777427943699,1.9086681401370384,15.066014871281483,2.115325277792719,24.18284165434636,2.6534566271500717,35.52685029778683,8.300397490546283,III,III,IV,III,III,III,I,I,II,I,I,I
38,129,4.020039404929512,0.6860352092199693,1.4534600769456414,5.059204143133904,0.5270870537707184,3.501010406306351,0.6185502614926542,4.882507986754726,0.623152400222077,7.124008765602728,0.93804939517226,12.559444195629412,58.41521288738782,III,III,III,III,III,IV,I,I,I,I,I,II
38,149,3.5979154459118297,0.7222212233743593,2.858028364863296,9.94822573668212,1.0793600472183935,7.169310516032332,1.1641214884058628,9.188958147036406,1.695608979651174,19.384557019703042,1.4774243276492864,19.7810781520402,42.41579853599721,III,III,III,III,III,IV,I,I,I,I,I,II
38,178,2.6439385659145196,0.7398149862819985,1.1908913340693932,4.1452548074159905,0.4976926760755686,3.3057674735471183,0.6533530961876163,5.15722312138227,0.5650389084134643,6.459643154723594,0.513581038146685,6.876282231760516,32.74816803992775,III,III,III,III,III,IV,I,I,I,I,I,II
38,179,3.02883100450772,0.7121970060285485,1.298711371198442,4.520554815450911,0.5167049792554042,3.432050733217939,0.5793104082758298,4.57276937914684,0.6512550244912908,7.4452838526584335,0.6906930908641298,9.247616783998712,46.10164881737915,III,III,III,III,III,IV,I,I,I,I,I,II
38,182,2.539566994287406,0.6627461360885949,3.000510416655122,10.44417729268374,1.3939641922049253,9.258969857094577,2.1203547022698523,16.7369564174187,0.8767256312444156,10.022911056409225,0.8054904936477872,10.784627075231588,93.81884132178388,III,III,IV,III,III,IV,I,I,II,I,I,II
39,42,1.6932084228882933,1.4739463590275437,3.1593824101052874,10.997178961074994,1.1685026385537791,7.761412214751074,2.0724333257380025,16.358690465209065,1.3810776076842668,15.788768493251474,1.3791736360376758,18.46561002762292,4.753156072765832,I,I,II,I,I,I,III,III,IV,III,III,III
39,43,2.0561720690699006,0.5908565744256735,5.235950433132646,18.22529737467233,1.6574369876491004,11.009005248838296,2.4227660492419005,19.124031338886198,2.4849420363347408,28.408377858377083,3.395406377384725,45.460737076022106,8.927093356003754,IV,IV,IV,IV,III,III,II,II,II,II,I,I
39,44,2.080251227916641,0.7442233162207457,6.089868330236766,21.197614971454126,1.5961798031674612,10.60212361743223,2.2987923951115583,18.14544900836082,2.986823992840532,34.14599750995976,4.390121347488321,58.778870664583415,12.37754260372192,IV,IV,IV,IV,IV,III,II,II,II,II,II,I
39,58,1.198755256826823,0.8599623185238038,3.8059839087117258,13.24786959413366,1.5362599398995602,10.204124722667821,2.029681714873685,16.021231903655877,1.6782818230216805,19.18646933574725,2.1131069860444143,28.29216607057869,5.350103491824839,I,II,II,I,I,I,III,IV,IV,III,III,III
39,65,3.4233040105373793,0.7934501681143479,12.839697464342972,44.692421648550905,2.0742488713772556,13.777547431699801,3.3020450480216494,26.06459381438813,4.10626088993352,46.94363459614848,11.43406217959392,153.0894498872263,28.6128270858904,IV,IV,IV,IV,IV,III,II,II,II,II,II,I
39,69,2.0222000561070006,0.858666678177178,4.488703792286213,15.624281109225532,1.5810726634151306,10.501779180770273,2.6315651071974946,20.772180457172777,2.2881590236582183,26.158713239048552,2.059698595958961,27.57708678124822,8.007663020394133,III,IV,IV,III,III,III,I,II,II,I,I,I
40,43,2.1954681223890016,0.809232219600118,4.872923404289961,16.961672815922793,1.3308295743776226,8.839617963644903,2.299959977001649,18.154665281085045,2.137034433960466,24.431025274882447,3.361051774882783,45.000766934570294,10.903585128875186,IV,III,IV,III,III,III,II,I,II,I,I,I
41,129,2.907767983641263,0.6067097391294356,1.1520451876958444,4.0100391329057965,0.5087796792273906,3.379409413965873,0.5183424861128192,4.0915209092514395,0.22023380610894921,2.5177590018799085,0.8321605073608669,11.14170906968731,58.42673119025993,III,III,III,III,III,IV,I,I,I,I,I,II
41,149,3.314358162724362,0.4829608031658214,2.7538664190978244,9.58565881383896,1.0927675188612749,7.258365440466889,1.134147914148212,8.952362635215895,1.4666124619982024,16.766620864003592,1.5786207527402838,21.1359863906348,42.858538270630575,III,III,III,III,III,IV,I,I,I,I,I,II
41,178,2.1272008937386153,0.579296498363309,0.9118568475346048,3.1739915076901193,0.5049115595263687,3.353716642289475,0.5220271629143087,4.120605795366384,0.1813619696419112,2.0733680252463187,0.463835661623619,6.2102466438187,32.72495774248802,III,III,III,III,III,IV,I,I,I,I,I,II
41,179,2.2274794870053882,0.5760910123786059,1.0237976806613893,3.563635183305208,0.5173003040369473,3.4360049913246486,0.5123655052170192,4.0443417893364275,0.24201367102808052,2.766750979672563,0.6303093185189662,8.43914483892443,46.100198763728336,III,III,III,III,III,IV,I,I,I,I,I,II
41,182,1.8805164079860717,0.4017406334692606,2.8658939962725336,9.975604428154405,1.4216089791814397,9.442591682355724,2.0393583209471604,16.09761390424611,0.6598925454221969,7.544029801166251,0.7546286588984535,10.103643346113278,93.92045919298975,III,IV,IV,III,III,IV,I,II,II,I,I,II
42,57,2.17200328144379,0.5653905830295476,3.7785733741053003,13.152458999480272,1.0274731080327628,6.824667799538487,2.5360178804329263,20.017981280755794,1.847863554145499,21.125163206751566,1.6615345842093383,22.246110915783262,4.8498593447763,III,III,IV,III,III,III,I,I,II,I,I,I
42,63,2.3663541852209136,0.5336355132136864,2.724437716170072,9.483223378466,0.935190100746944,6.211706873024368,1.9795751123503171,15.625716935447597,0.8150526527207141,9.317852647828754,1.2170856570283848,16.295431210146354,5.563742710828429,III,III,IV,III,III,III,I,I,II,I,I,I
42,129,2.1127368262285526,0.6172471396580554,2.6409999679475384,9.192793246811966,0.7306571502647781,4.853160911882067,1.5471428865968349,12.21232609655847,0.8594728521187068,9.825673671655904,1.7497756218185279,23.427560840830694,58.671907882840856,III,III,III,III,III,IV,I,I,I,I,I,II
42,149,3.8381142243195705,0.593394419746796,3.582549021695522,12.470137392167366,1.2418286161180834,8.248457018201863,1.7984262586625341,14.195823877464358,1.6354138442747237,18.69639362353278,2.1786854924790617,29.170189761268702,42.524376252860264,III,III,III,III,III,IV,I,I,I,I,I,II
42,178,2.4028525891166455,0.6387818240933041,2.490060407190154,8.667402791814881,0.7187366032965308,4.773982418147232,1.5693497436224666,12.387615258229378,0.8138745379368203,9.304384192849916,1.5201812875652778,20.353546568739134,33.231148776478356,III,III,III,III,III,IV,I,I,I,I,I,II
42,179,2.1127368262285526,0.6200686679832914,2.581043174088916,8.984095626072355,0.7487005773401438,4.973008715967508,1.55804567185536,12.298386905867906,0.8685735091844108,9.929714289465792,1.633366295829092,21.868968680183684,46.44223890425464,III,III,III,III,III,IV,I,I,I,I,I,II
42,182,2.8772397649598878,0.5326973698373008,3.9315832075819266,13.685055660196209,1.3509060903573138,8.972969922992874,2.9138825783896105,23.00064497122791,1.1816044440253095,13.508349504409434,1.5906297937351064,21.296774171101095,93.82242205167626,III,III,IV,III,III,IV,I,I,II,I,I,II
42,183,2.2851127119060153,0.48703828695662427,2.8506149835223713,9.922421237343237,1.6382779911815588,10.881747625021895,1.525945234455451,12.04500306345361,0.9151276578636482,10.461931068455758,1.4051411094625557,18.813285784421822,6.622178907740709,III,IV,III,III,III,III,I,II,I,I,I,I
43,44,0.3155972015489016,0.5894344947788261,6.594053486518571,22.95258277003847,1.8980690616738083,12.607328313737645,3.155760369441265,24.90990007974316,3.079529842619777,35.20583020291678,4.337243474488159,58.070894412429695,5.085317873049955,II,II,II,II,II,I,II,II,II,II,II,I
43,45,1.351196014838151,1.1253674397312141,4.733940435998349,16.47790087050852,1.3738517476415444,9.125379253400324,2.2208569286885913,17.530267735389828,2.1037098323953294,24.050051449578,3.2163288491647717,43.063086980041035,11.844784390958283,I,I,II,I,I,I,III,III,IV,III,III,III
43,46,1.5391383288101077,1.3753287481123935,4.887572920603623,17.0126648554047,1.473712673371319,9.78867412596877,2.6095737504163754,20.598592340235797,2.223890589845386,25.4239830419555,3.005117702854251,40.235203268123314,9.466999974609411,II,II,II,I,I,I,IV,IV,IV,III,III,III
43,61,2.323647291445375,0.84375719989545,4.782978931736805,16.64859407684303,1.4410846138899256,9.571952476357486,2.2797499205946026,17.995137805367797,2.261597809426831,25.855059874410912,3.0596886472722917,40.96584787452522,8.58837511497359,IV,IV,IV,III,III,III,II,II,II,I,I,I
43,65,1.999429165856775,0.5295768855781429,12.672928908050732,44.11193362254941,2.006129660640304,13.32508694352552,3.843838049831426,30.341220667831738,4.011754483442689,45.8632175617178,11.103150237150574,148.65890486883595,20.625796672463906,IV,IV,IV,IV,IV,III,II,II,II,II,II,I
43,66,1.500330663036994,4.159681756065594,5.5867117171906004,19.44622732638186,1.3650979217263208,9.067234710852853,2.3632498909291764,18.65424232351726,2.943110046588121,33.646250520025546,3.7656879793526588,50.41839830422482,49.81812608412966,II,I,II,II,II,II,IV,III,IV,IV,IV,IV
43,68,1.618460153161465,1.4280017377866832,4.923904231880793,17.139126891379714,1.3592692252201932,9.028519422785788,2.3344619069590897,18.427005233167755,2.0734748832582444,23.704399177993416,3.4258069139045966,45.867766646003766,11.748266842458195,II,I,II,I,I,I,IV,III,IV,III,III,III
43,69,1.2681381549837762,0.5771745541798755,6.522445894548114,22.703331048767886,1.780717151442543,11.827855063578275,2.9892230806962736,23.595342972568524,3.0959820595394407,35.39391539284385,4.368408782776564,58.4881634307802,3.215688476268828,II,II,II,II,II,I,II,II,II,II,II,I
43,70,1.6695133766406145,0.867948137324314,4.88273621455082,16.99582924795349,1.6222597212480792,10.775351291955191,2.5359354587737286,20.01733068785435,2.044092335261615,23.368491734791508,3.0869886237207784,41.33136437345521,7.033852684930213,II,II,II,I,I,I,IV,IV,IV,III,III,III
44,45,1.1522685027314645,0.535953326452168,5.710677194311043,19.877726385352414,1.2957613522734135,8.606688299295937,1.7474309985308727,13.79329431700692,2.710025090880803,30.981574484119573,4.4410804270700535,59.46115639448346,15.198918084555778,II,I,I,II,II,I,II,I,I,II,II,I
44,46,1.4387988095407493,0.7858953151642873,5.729915169639467,19.94468993394303,1.4369917381832775,9.54476683342017,1.668829153892317,13.172853007524166,2.923331160811266,33.42013415491494,4.307675961912252,57.67501811197914,12.83999286467939,II,II,I,II,II,I,II,II,I,II,II,I
44,47,2.028711829226139,0.535953326452168,5.8002371920188525,20.18946684430921,1.349346690610081,8.962612099359003,1.8886261264497863,14.907813835746365,2.7317773127941996,31.230250441280536,4.469502281263607,59.84169359595429,14.786524547671226,IV,III,IV,IV,IV,III,II,I,II,II,II,I
44,61,2.2584357316879604,0.7313379322840441,6.118546433741123,21.297437720195436,1.4833801339086963,9.852887199884709,2.095483191597227,16.5406338918915,2.955922019388044,33.79271967668576,4.581790263258169,61.3451055174998,12.322027644321325,IV,IV,IV,IV,IV,III,II,II,II,II,II,I
44,62,1.8159992238062956,0.7079204354105479,6.42551599481794,22.365937433293443,1.6806924469005327,11.163472341627326,1.8912055951209688,14.928174794544184,3.2653347712621636,37.32999106608416,4.805178416220724,64.33602588431346,10.158361005766903,IV,IV,IV,IV,IV,III,II,II,II,II,II,I
44,65,2.024183436080885,0.7923917600365462,14.511424941049423,50.51137100291998,2.224325516192486,14.774384465512094,3.1164766720795143,24.599815389688786,4.103653996660184,46.913832046204654,13.292419498308554,177.97079959019143,17.80494131766402,IV,IV,IV,IV,IV,III,II,II,II,II,II,I
44,66,1.5331646004504942,4.744887453364537,6.888082418273116,23.97603873785551,1.3852169528354383,9.200869063610948,1.8327086232340168,14.46643069674074,3.6363830685635077,41.571892921063316,5.295841954577048,70.90546813387076,50.296948510832706,II,I,I,II,II,II,IV,III,III,IV,IV,IV
44,68,1.587391468336004,0.9073373183001859,5.758103294681009,20.042807165547377,1.3124592371583503,8.717598761480993,1.8442047281221106,14.557174856798547,2.774619631933617,31.720032807486923,4.409209690340021,59.03444246929519,14.964796770523769,II,I,II,II,II,I,IV,III,IV,IV,IV,III
44,69,1.144276889240171,0.9749983109418928,7.170575204562359,24.959339688097867,1.7969203529086208,11.935479746336833,2.707886396478232,21.374620271155532,4.217151593774289,48.21136034975861,4.619775089546119,61.85368034149037,6.346256344432972,II,II,II,II,II,I,IV,IV,IV,IV,IV,III
44,70,1.7567241376091014,0.5387409650834865,5.665547094529251,19.720637524490208,1.4966019479062986,9.940708951651711,2.4010486548507055,18.952605735879207,3.0533127653898724,34.90611108456344,3.6988695790039774,49.52377380498257,9.420833184991505,IV,IV,IV,IV,IV,III,II,II,II,II,II,I
45,69,1.5331646004504942,1.454302263903369,4.3825413653555065,15.254750911119467,1.261584499299309,8.37967927476924,2.1875388082651153,17.267272148452857,2.5774763525774866,29.466249544015216,2.288354202127094,30.638532522236222,11.386239443683424,I,I,II,II,I,I,III,III,IV,IV,III,III
46,57,2.798840678519305,0.6787694406141903,4.635303821310086,16.134566521247116,0.9303523504407665,6.179573634228473,1.9759286530179152,15.59693371778172,2.532988470245679,28.95765475471174,3.131213741658176,41.923489802711394,7.274634995609472,III,III,IV,IV,III,III,I,I,II,II,I,I
46,70,1.2702547945493263,0.8681096596545191,2.966236561985609,10.324876852103662,1.2312600044494153,8.178258330589413,1.8690280050197028,14.753116650465314,0.9458105657912865,10.812704498763944,1.5864365582855047,21.240631384911527,5.988775439725197,I,I,II,I,I,I,III,III,IV,III,III,III
46,129,3.86083193526373,0.792739958423902,1.7321674571047052,6.029328850917994,0.6182683589329625,4.106653622070999,0.9017644733217974,7.118050896204548,0.7676358979182348,8.775774374955354,1.0480433624170178,14.032141796178195,56.357591575462024,III,III,III,III,III,IV,I,I,I,I,I,II
46,149,4.05505007882311,0.7403765724494029,3.0432608160877317,10.592982892067381,1.1295998888383718,7.503012903644453,1.4344190894233195,11.322544175411316,1.7218638104819826,19.684707745129824,1.5619110516811792,20.9122619694502,40.292135383885416,III,III,III,III,III,IV,I,I,I,I,I,II
46,179,3.3782500574547307,0.7871823098880814,1.6735440189255928,5.825272374909529,0.5986751751940903,3.9765120455102836,0.9055926941079864,7.148268842468968,0.7285922596029188,8.329419323606425,0.9835629174987734,13.168819935060924,44.062669969291925,III,III,III,III,III,IV,I,I,I,I,I,II
46,182,2.999133720201642,0.6844087067566845,3.3511408016950113,11.664651611063512,1.6039297999340512,10.653600539763309,2.1540770402412237,17.003142683478853,1.1435878250014984,13.073735552721706,1.2760586480658096,17.08501435341769,91.69430938789381,III,IV,IV,III,III,IV,I,II,II,I,I,II
48,191,1.6469892894499416,1.0357499688818188,2.414859621131032,8.405643879800769,0.16119691588015136,1.0706999459075905,0.41301465403857374,3.26011881738413,0.6234405032851442,7.127302420166133,2.283679878990013,30.575948503852278,145.62886852738617,I,I,I,I,I,II,III,III,III,III,III,IV
49,178,1.4298601629883139,3.391949618348945,0.6127724338028495,2.132938417137938,0.21112121861418778,1.4023064654550834,0.17626834383122889,1.3913688994184086,0.15025979189805047,1.7178014145783105,0.48956788346283275,6.554772642004344,32.35325471879977,I,I,I,I,I,II,III,III,III,III,III,IV
49,191,1.6469892894499416,1.0357499688818188,2.4413835222407068,8.497968280391209,0.15722616285178356,1.0443254645505977,0.4228257574561073,3.337562468736548,0.6169557855311872,7.053167768505984,2.311859862056355,30.953247318367804,146.9290524791462,I,I,I,I,I,II,III,III,III,III,III,IV
50,59,1.6482660618871303,3.682878031014735,1.9109230084925983,6.651541211982822,1.6613389789108304,11.034923001731114,0.4416111150386242,3.4858441268985687,0.3198058000626725,3.656086893230516,0.5595995112449564,7.4924187036993715,4.092221018907237,I,II,I,I,I,I,III,IV,III,III,III,III
50,78,1.2938194181890228,3.2983640214889736,3.187229902506751,11.094110518513736,2.8577034478910517,18.981398684772472,0.7211461634531086,5.692345669987477,0.5893689624292647,6.737789428435097,0.6960241789288893,9.318994158576134,7.164541150328908,I,II,I,I,I,I,III,IV,III,III,III,III
51,82,1.596152756584425,1.5925614433513509,7.2756199459936575,25.324979446281283,1.741468562160788,11.56715862164282,2.413534892262262,19.051165477393702,3.672856456919243,41.988864336506616,5.385240696767104,72.10241844317648,16.67669189338585,II,II,II,II,II,I,IV,IV,IV,IV,IV,III
51,191,1.1642688779663013,3.4981960005741652,2.8683319526973694,9.984090467393425,0.23339750564578393,1.5502697139423258,0.47775695086168773,3.7711602007583624,0.7029212347513798,8.035942790419366,2.724794771763202,36.4819891752271,147.1714599626785,I,I,I,I,I,II,III,III,III,III,III,IV
52,191,0.8705816782174559,3.3100497560878295,2.4003208395292823,8.3550372857275,0.20664991563357696,1.372607238063935,0.38662750275453983,3.0518326280272596,0.6044976275596152,6.910743497073966,2.275926024768179,30.47213296929582,119.9998628228268,I,I,I,I,I,II,III,III,III,III,III,IV
53,82,1.4529357864835717,1.533318084619911,7.215681793837417,25.116346713583265,1.7820617342114036,11.836786032821866,2.476876341014989,19.551149308427096,3.7264521308055847,42.60158130659068,5.214793401372736,69.82031762224005,17.366381115191082,II,II,II,II,II,I,IV,IV,IV,IV,IV,III
53,191,0.958561838116606,3.6581228463313686,2.7707772360419503,9.644521989033485,0.5885444673376716,3.9092219965993125,0.6914805465991702,5.458181010721417,0.536714743580107,6.135835369534442,2.536617731120553,33.96250666928078,147.3683064363264,I,I,I,I,I,II,III,III,III,III,III,IV
54,78,1.7228270938808032,1.13324363436674,2.268062217048251,7.894671444632409,1.8180668086388827,12.075938444835522,0.6319281357825861,4.988105837297659,0.585648610585023,6.695257586882279,0.6577808490973355,8.806958257965327,8.446662449973468,I,II,I,I,I,I,III,IV,III,III,III,III
54,129,2.619758121269483,0.8594860139917939,1.0061124186970891,3.50207631972072,0.4755249751057292,3.158525473911409,0.3325219141434608,2.6247517827550015,0.2786415256490305,3.185488285814493,0.7480332691994234,10.01533837059737,58.444964736455866,III,III,III,III,III,IV,I,I,I,I,I,II
54,183,2.1772728563542985,0.8348033262517399,1.7476506954509434,6.083222910227163,1.6173822915437692,10.742954495204716,0.4678432860144265,3.69290698382825,0.25003260995947285,2.858425169192997,0.24765273582518638,3.315796301878327,3.9065417629071035,III,IV,III,III,III,III,I,II,I,I,I,I
55,82,1.2876682520305855,1.6985058648231695,7.142003791703077,24.859888308176494,1.7271755522259482,11.472221786899235,2.3912475748241864,18.875241203863936,3.7242608668185495,42.57653031770606,5.179306742043231,69.34519049158784,21.329645805929683,II,II,II,II,II,I,IV,IV,IV,IV,IV,III
55,191,1.5504604836048705,3.9747413202981376,2.4108506147625017,8.391689329585574,0.28942732387679876,1.9224302048648856,0.4651270690652178,3.6714666065883033,0.684953117588605,7.830527511390726,2.233590154034917,29.90530247115329,136.8641563920091,I,I,I,I,I,II,III,III,III,III,III,IV
56,82,1.420641071342112,1.81737379441407,7.17179569002033,24.963587954138017,1.725675858502618,11.462260541799225,2.4067460200899515,18.99757771797319,3.7104276533986433,42.41838612436789,5.227946781457502,69.99642683781944,18.71536287098609,II,II,II,II,II,I,IV,IV,IV,IV,IV,III
56,83,1.693673995131376,1.1677258895651434,3.832744520409957,13.341017936990793,1.0080461236084575,6.695630149787691,1.5926774606271288,12.571751894617123,2.558871112737704,29.253550545090526,2.033525859968336,27.2266627856538,9.981361779301263,I,I,I,II,I,I,III,III,III,IV,III,III
56,178,1.4977871693035845,1.0112860927523069,0.677410201251642,2.3579295717399003,0.2585116262494421,1.71708238169737,0.2225032457116393,1.7563227144134506,0.18716989628835598,2.1397654592038946,0.5193831150707185,6.953965626388969,32.7072056457387,I,I,I,I,I,II,III,III,III,III,III,IV
56,179,1.6370851007928293,0.9768558481144939,0.8124170821023159,2.8278615511491014,0.2670730142732706,1.773948715919437,0.20691263705943297,1.6332587113701527,0.20937734373898279,2.3936456500585654,0.6775623315309579,9.07181043527128,46.10154170644398,I,I,I,I,I,II,III,III,III,III,III,IV
56,191,1.1703148835932309,3.9455310132631203,2.4757234549418166,8.61749872539764,0.20120002286071384,1.3364080349635161,0.41156558705462837,3.248680650491463,0.6148050846852217,7.028580505946476,2.3490449564625866,31.451114616729548,147.29044273748164,I,I,I,I,I,II,III,III,III,III,III,IV
57,58,1.1545975772263277,1.476834722529374,5.145005642717229,17.90873672896611,1.286315736606442,8.543948760338445,2.317457734250094,18.29278330452532,2.620045440959788,29.952908278975006,3.428275408664631,45.9008170614141,3.265888113057742,II,I,II,II,I,I,IV,III,IV,IV,III,III
57,59,2.028711829226139,0.3182376050901873,4.3285321129180145,15.066755493816,1.21837313954742,8.092661373115714,1.901600118416183,15.010223653249572,2.2083117122666156,25.245882050304242,2.852704138076536,38.19455416016122,8.739612615041437,III,III,IV,III,III,III,I,I,II,I,I,I
57,60,1.284210883464586,0.1980273557866345,2.902020757923703,10.101354467747989,1.2300959814284809,8.170526672829432,2.1440090942002605,16.92367165256118,0.9797251422164485,11.200423040245054,0.6574090040608498,8.80197966407763,2.804367914363466,I,I,II,I,I,I,I,I,II,I,I,I
57,61,1.6910469146968292,1.2378011362396693,4.403209652331736,15.326693088796171,1.0494198884319963,6.970442403587214,2.044593995105995,16.138941541607167,2.494318632159143,28.515573065874882,2.680865819303354,35.89382907424371,6.033622249708317,I,I,II,II,I,I,III,III,IV,IV,III,III
57,62,1.206386036436012,1.1723415177840193,4.256210431353813,14.815018169336533,1.2216424755598894,8.114376911980658,2.1227099794422934,16.755547727327315,2.512539884465765,28.723882238889978,2.247179481737675,30.087248543308238,5.122388017868373,I,I,II,II,I,I,III,III,IV,IV,III,III
57,63,1.395708556284365,0.23724726939946364,4.136902885384706,14.399732438102362,0.941239362318411,6.251887195346205,2.147393139310356,16.950383511412724,2.238922793195064,25.595834339312717,2.428397835703032,32.513561928898945,8.065253616252045,I,I,II,I,I,I,I,I,II,I,I,I
57,82,1.5845681300473196,2.0220343458489762,8.115938661019033,28.249961007208146,1.8707748098417294,12.426034808209767,3.0110380936612535,23.76753912486768,4.400034455535673,50.30211553228266,5.653390563621397,75.69264866575818,9.44766470789293,II,II,II,II,II,I,IV,IV,IV,IV,IV,III
57,124,2.902841667653981,0.630212552405116,4.493223199096008,15.640012261404594,0.7307203577524252,4.853580747790435,1.8423501892532042,14.542536109710587,2.3788658418691395,27.195692584396895,3.188251504950232,42.68716238626286,7.273096522370398,III,III,IV,III,III,III,I,I,II,I,I,I
57,149,2.902841667653981,0.735450257109446,4.822345188335376,16.785620151134445,1.2190617188512947,8.097235045132862,1.9455156505301692,15.356869592371314,2.6829780953357725,30.67236756575202,3.1633737360063185,42.35407656757262,42.54210668804742,IV,III,IV,IV,III,IV,II,I,II,II,I,II
57,159,1.7420520544450564,0.5782324881592117,4.252858963840877,14.803352380508912,0.9047642255329718,6.009612541579393,1.857383023408242,14.661197336444873,2.2889368952110067,26.167606029573957,2.8272800198171724,37.854153328238155,9.487830513464724,III,III,IV,III,III,III,I,I,II,I,I,I
57,162,1.5348348338456237,0.9964716686237544,4.505129092278937,15.681454296912968,0.87181728479756,5.790772823272042,1.852457314502301,14.622316400535718,2.290554367413257,26.186097310587787,3.2144416025775,43.03781883497509,6.139406173819859,I,I,II,I,I,I,III,III,IV,III,III,III
57,178,1.3231520318364212,0.9164191091694671,4.074597428613564,14.182859591000279,0.7254267488880981,4.8184196115258615,1.7471317471305228,13.790932185029591,2.164524453827947,24.745296940100673,2.812058433049104,37.65035311199541,33.81164859960766,I,I,I,I,I,II,III,III,III,III,III,IV
57,179,1.4789903725380613,0.9006407044933894,4.199675689276385,14.618232027160419,0.7483609869895015,4.970753093593604,1.759352367722555,13.887395288124418,2.2131965257808246,25.301726261577695,2.9412745838035885,39.380414495678686,46.77721728303376,I,I,I,I,I,II,III,III,III,III,III,IV
57,182,2.2178689137945318,0.6962791541720962,4.770352360965923,16.604643506634137,1.5471764999368296,10.276634548166538,2.540262700227948,20.05148763883495,2.0317583510863826,23.22748704420884,2.9059455941382977,38.907398387494204,93.74155603123475,IV,IV,IV,III,III,IV,II,II,II,I,I,II
57,183,1.8997102017554852,0.6629790442060153,4.334837237664617,15.088702373367052,1.4383914829151878,9.554064198698889,1.8791775596126197,14.833231856046725,2.301128989051075,26.30698860012451,2.7218376237281325,36.44239623277032,9.060653395536319,III,IV,IV,III,III,III,I,II,II,I,I,I
57,191,1.6874662196004466,3.9664346818765486,5.518276652804612,19.208018539798054,0.7227806216294315,4.800843541306097,1.649772179736836,13.022427352068163,2.2282056800873624,25.473314057445855,4.672419606155827,62.55853220959919,147.14879617029644,II,I,I,I,II,II,IV,III,III,III,IV,IV
58,62,0.8484581694602708,0.6962342947290251,4.1887595851119634,14.580235249476933,1.4918217273920873,9.90895783645173,1.7280819329697092,13.640563046777325,2.2442797222122515,25.65707587390611,2.549191809588726,34.13085967675058,2.5596503662620065,I,II,I,I,I,I,I,II,I,I,I,I
58,82,1.4321742348051094,1.087313649094001,6.9420116812256145,24.1637557277427,2.1912977028195373,14.555007576079829,2.8903283879434647,22.814720673504187,3.7418155648091185,42.777219302162756,4.3627955796992275,58.4130088481203,11.009675387233512,II,II,II,II,II,I,IV,IV,IV,IV,IV,III
58,83,1.7168393580848158,1.2926145882403066,4.844887194384653,16.86408437055677,1.5181072103670836,10.083550911299442,2.154853305485221,17.00927010996237,2.8060805838659895,32.079700999827274,2.7828857067051107,37.25976256267314,3.3013084652924354,II,II,II,II,I,I,IV,IV,IV,IV,III,III
59,78,1.4335510165928744,1.2018907951817697,2.1833432092419174,7.59978150434819,1.5644854157167642,10.391603591389883,0.8125345150663618,6.41371688979959,0.7128089627419918,8.148981367903641,0.5950374461286216,7.966893467896633,5.470970565704798,I,II,I,I,I,I,III,IV,III,III,III,III
59,85,1.0591537711562857,1.0591537711562857,2.211526981201478,7.697883583743854,1.8194099675028599,12.084859956237606,0.7452463333412691,5.8825796401051775,0.590034808150444,6.745401516188477,0.4802420111267304,6.429909523085821,0.9459370332259024,I,II,I,I,I,I,III,IV,III,III,III,III
59,149,3.4979940891697865,0.6265671987698224,2.927268738147414,10.1892376426488,1.373847674529062,9.125352199028402,1.2174205115817824,9.60967239217256,1.5471472634991348,17.687311583680277,1.4670948877075844,19.642778372532227,42.01996053028474,III,III,III,III,III,IV,I,I,I,I,I,II
59,182,1.6719158786386445,0.5678762447836557,2.98057263299802,10.374777851114704,1.221201437394565,8.111447454322132,2.2373677307171693,17.660595257324303,0.7745969983282368,8.855355132923103,0.730158978071272,9.776021376081077,93.44501386050065,I,I,II,I,I,II,I,I,II,I,I,II
59,183,1.7977719343541478,0.558714703196333,2.336255007041248,8.132036922457868,2.0593271724533153,13.67843472756723,0.7117060388783363,5.617830329033518,0.38515087998420106,4.403125534153796,0.4910903057696173,6.575156193342523,2.7063551217362742,III,IV,III,III,III,III,I,II,I,I,I,I
60,149,2.642621581028719,0.7953418228191462,4.20837881860047,14.648525881551773,1.303294033733463,8.65672177287561,1.4849467252628141,11.721382557506312,2.0076748535992808,22.95215945637745,2.988237493823782,40.009195933733636,42.545524049836374,III,III,III,III,III,IV,I,I,I,I,I,II
60,182,2.5381997456449477,0.7511445703526208,4.263497762774786,14.840383914087395,1.4845946048072558,9.860953941846205,2.2457517725952405,17.726774441101842,1.5994925302303593,18.28573363725523,2.6345653134165024,35.27391649511078,93.83644336767325,III,IV,IV,III,III,IV,I,II,II,I,I,II
60,183,2.450668628371582,0.719484517345779,3.6604600522569664,12.74133012381818,1.5809958135053392,10.501268729352468,1.244458941675103,9.823099431329208,1.6571801826069867,18.94523096255106,2.477719735062338,33.173927625858745,6.925983552957,III,IV,III,III,III,III,I,II,I,I,I,I
61,65,3.218549320702087,0.6568672123319635,12.8440639075764,44.707620365081006,1.956133474424389,12.993002960499656,2.919992828130263,23.048876044783373,3.913692230435943,44.742149345105226,11.63472178452044,155.7760601269023,28.583370166877007,IV,IV,IV,IV,IV,III,II,II,II,II,II,I
61,69,1.7081568749681408,0.8288779051688518,4.750738587503204,16.536371879818216,1.4119823386656547,9.37864974262788,2.4030192451736547,18.968160531648273,2.7771335966709514,31.74877297894226,2.408266811554265,32.24402977451716,7.700044408518449,I,II,II,II,I,I,I,II,II,II,I,I
61,70,3.426569710422969,0.541685057303249,3.1980614574285515,11.131812997175627,1.2138572766251776,8.062666170290829,2.052543779549665,16.201692927315953,0.9824377136002866,11.231433724483612,1.7222925233760868,23.059592540880516,6.207961335323315,III,III,IV,III,III,III,I,I,II,I,I,I
61,83,1.319881200204381,1.2546379009194415,3.8816814810033677,13.51135771977096,1.2760905338346586,8.476031058595428,1.8561043975504667,14.651104541483322,2.4795732496635985,28.34700076459996,1.7612352638722235,23.58099277694835,5.645463199431455,I,I,II,II,I,I,III,III,IV,IV,III,III
62,65,2.8951321406579513,0.688331163466199,12.213475531943136,42.512668213852976,2.0771751745863765,13.796984482778647,2.868056918379032,22.638921494690972,4.044449825778666,46.23699756370909,10.876173565802667,145.61993820868446,26.92580263925192,IV,IV,IV,IV,IV,III,II,II,II,II,II,I
62,70,2.5095787678331742,0.4964270332893323,3.692542134451116,12.853001442302613,1.3720092436549043,9.11314099866661,2.0567998096971034,16.235287773976584,1.3375190445159673,15.290797875281555,2.2529711925334213,30.1647931469408,4.567610035108986,III,III,IV,III,III,III,I,I,II,I,I,I
62,82,1.6646333843112344,1.3719935969715096,7.554551759043941,26.295885360120582,2.0106011796350316,13.354787605722676,2.7102735154189914,21.393462923109904,3.7611805964650022,42.99860440027604,5.438064404840456,72.80966948685062,12.688268293820226,II,II,II,II,II,I,IV,IV,IV,IV,IV,III
63,70,1.753098795161469,0.8120992404221171,3.4883424719148195,12.142223213772835,1.2072820006011276,8.018991961979596,1.941224364104965,15.322996451336744,0.7370541648455429,8.426157596781124,2.4103391827142575,32.2717765329187,6.357381917702582,III,III,IV,III,III,III,I,I,II,I,I,I
63,149,3.4732017066993284,0.8449987128989281,3.1894591943486446,11.101870238028331,1.1337594556775585,7.530641521508503,1.4868100869091205,11.736090946923769,1.437965914626343,16.439127534107644,1.9667883068087693,26.333120740880656,42.65202397078367,III,III,III,III,III,IV,I,I,I,I,I,II
63,182,2.143131021077987,0.7969673277293651,3.2062574527099867,11.160341619284107,1.490286804631883,9.898762593525712,2.253299652973465,17.786353409091962,0.8942960814430939,10.223780123408504,0.878415809291447,11.761016417828001,93.75170329637203,III,IV,IV,III,III,IV,I,II,II,I,I,II
64,149,2.642621581028719,0.6568986802014123,3.001338377796691,10.447059260000367,1.133777946951292,7.530764343993525,1.1806225499528007,9.319208782770414,1.4585370813863687,16.674301421370007,1.917498915706686,25.673190293540525,42.59565512246576,III,III,III,III,III,IV,I,I,I,I,I,II
64,182,1.5815742497180827,0.602632082198831,2.998529485809261,10.437282068176643,1.433690588598265,9.522839982879594,2.198968894091808,17.357495189024284,0.6592540840301927,7.5367307767999545,0.7764135059105999,10.395318359995816,93.8251714084584,I,II,II,I,I,II,I,II,II,I,I,II
64,183,1.4369049671651541,0.586985647495152,1.7699143858418163,6.160718368446871,1.413855345423533,9.391090602450756,0.7617096384594186,6.012532246597932,0.40948555765256944,4.681324666429932,0.45884460415526995,6.14342190295375,3.365284042923999,I,II,I,I,I,I,I,II,I,I,I,I
65,66,1.3216372009101796,4.125833326008977,12.735191259271824,44.32865642784376,1.8728443583254841,12.439781134791206,2.7698704288439098,21.863889376541366,4.5509292129882635,52.02717600608114,11.338459209685631,151.80943182881788,56.449531351708416,II,II,II,II,II,II,IV,IV,IV,IV,IV,IV
65,68,0.7695691644050539,1.3261739272746775,12.569818424973358,43.753026631253285,1.8395377800728911,12.218552637095058,2.649944119247818,20.91725463903121,3.523716482455951,40.2838649094008,11.55288266624057,154.68032482304147,31.03090390976249,II,II,II,II,II,I,IV,IV,IV,IV,IV,III
65,69,2.1957168496977015,0.22951860110695302,12.30065366977214,42.81611789444004,2.2335323174706345,14.835537754808428,3.014341307681701,23.793612945930946,4.49492640129815,51.386940132422325,10.697096115165762,143.22228915145462,22.73252011683884,IV,IV,IV,IV,IV,III,II,II,II,II,II,I
65,70,2.9014555828367325,0.6876643740561966,13.750511339272828,47.8627827769779,2.177668410060417,14.464479274466425,3.212258713100791,25.355868065417233,3.785875529317033,43.280922045271296,12.565511456735774,168.23830465924905,25.86401068172072,IV,IV,IV,IV,IV,III,II,II,II,II,II,I
65,89,1.4665349066643787,1.7358659861294612,12.543592266798111,43.66173861433195,1.8123831128778174,12.03818627873048,2.639258968753946,20.83291172322658,3.439168661986159,39.317296516300246,11.557763336330439,154.74567159896444,31.56000296435793,II,II,II,II,II,I,IV,IV,IV,IV,IV,III
66,67,1.6257734262372407,1.500408157255207,4.467607793279096,15.550850151421285,0.8875707862667844,5.895410514873378,1.3363034787353782,10.548071537321777,2.2954047694741466,26.241548122919028,3.4303386932931446,45.92844216120616,49.421729645084454,I,I,I,I,I,II,III,III,III,III,III,IV
66,68,1.5293664013678303,5.451997252498449,2.2756524784670242,7.921091628183665,0.6764123080955121,4.492856564498765,0.961478991486685,7.589405659133116,1.5306633301052917,17.498863804377013,1.1304017386683363,15.134829390130681,46.58162645838313,I,I,I,I,I,II,III,III,III,III,III,IV
66,69,1.1522685027314643,3.896638354136339,4.906334450706422,17.077969993353225,1.3173656895539627,8.750188332353963,2.205704593241068,17.410663228777885,2.7922125258215247,31.921158455442555,2.937751312458771,39.33324178806965,49.72082469437739,II,I,II,II,I,II,IV,III,IV,IV,III,IV
66,89,1.4665349066643787,2.9474391596440648,2.3299433499105957,8.110067304983035,0.6012496030240079,3.99361187476685,1.0478234300418512,8.270962902096885,1.6523088861932322,18.889541281601314,1.053872740022002,14.110190716738083,49.484406797064736,I,I,I,I,I,II,III,III,III,III,III,IV
66,90,1.4187488116767424,4.593445634811702,2.211386768503879,7.697395531356406,0.6164929676476295,4.094861142402317,0.9221187174507152,7.278716513391385,1.5356452862323664,17.555818570348354,1.0713306139425811,14.343932345279493,49.96922294887618,I,I,I,I,I,II,III,III,III,III,III,IV
67,69,1.0143559146130692,2.3963246494229278,5.226313198646818,18.191752086836484,1.4047838392049312,9.330835968145106,2.419698154722907,19.099815005268685,3.242645499116052,37.070602554387115,2.7882818971636563,37.332011586319325,5.712807670282556,II,II,II,II,I,I,IV,IV,IV,IV,III,III
69,90,1.248394141952775,1.204231227683393,4.236379975740289,14.745992315244273,1.2508507335333958,8.308383602875042,2.193016020820268,17.31050636192025,2.334995969303855,26.694163012193396,2.2527700199669707,30.162099668713502,12.759254348018624,I,I,II,I,I,I,III,III,IV,III,III,III
72,82,1.706051386995717,3.6769998045519365,7.0980252111375615,24.706807655645765,1.7344877348864876,11.520790666374117,2.436941716557994,19.235926544817215,3.6882967320418953,42.16538079584769,5.122962706656777,68.5908061576341,18.51059349190092,II,II,II,II,II,I,IV,IV,IV,IV,IV,III
72,83,1.2094177215159407,4.021198853773677,3.8165332513999344,13.284589748393199,1.0076568886173323,6.693044778463014,1.586433951448684,12.52246894167556,2.530419762768714,28.928288752790472,2.042917920267542,27.352412088213928,9.34937459809913,I,I,I,II,I,I,III,III,III,IV,III,III
73,83,1.0788356891762134,4.183450822340615,4.075876615719457,14.187312185748926,1.0076112415295022,6.692741582001694,1.615469531858106,12.751660427112748,2.532794667380187,28.955439159759255,2.470605666570832,33.07867811481722,13.281241720719985,I,I,I,II,I,I,III,III,III,IV,III,III
74,78,1.5883017334998975,2.414876621477067,2.5617286494457465,8.916865624610788,2.1581672312572007,14.334948811828653,0.6731785801286226,5.313714985842326,0.5528821075505368,6.320664060880229,0.6858335219192617,9.18255252907568,9.706998785459778,I,II,I,I,I,I,III,IV,III,III,III,III
74,82,1.7060513869957172,3.5872959523258316,7.1284808598250144,24.812817684036215,1.7297124389241103,11.48907226096485,2.4180578086974744,19.086866982983658,3.7188677532878476,42.51487511417492,5.155056864893055,69.02051144975277,18.902917095314447,II,II,II,II,II,I,IV,IV,IV,IV,IV,III
74,98,1.0591537711562857,1.0591537711562857,0.5598553600460414,1.9487446556171129,0.20618703721080409,1.3695327133466433,0.1573510291609095,1.2420456419309756,0.26376872997505113,3.0154593703955874,0.38595424054848654,5.167500529484477,58.34776512369618,I,I,I,I,I,II,III,III,III,III,III,IV
75,78,1.6797342580049004,2.4435738923448196,2.5934152654001124,9.027160404124169,2.1692540183061766,14.408589316852046,0.6914368977761917,5.457836470042878,0.5714491343463809,6.532926200282461,0.7339630937267753,9.826954278479294,10.221969482075188,I,II,I,I,I,I,III,IV,III,III,III,III
75,82,1.031641822831363,3.039812423753008,7.112807920049561,24.758263311952124,1.735765990761299,11.529281080030879,2.371546293448949,18.71972972864158,3.767529887243749,43.07119082238888,5.1159200942836245,68.49651336500796,18.701184459746628,II,II,II,II,II,I,IV,IV,IV,IV,IV,III
75,98,1.7228270938808032,1.5665529163882597,0.6468523575517126,2.2515638229284156,0.27199519337365147,1.8066427464953296,0.2051850711000237,1.6196222211452407,0.3129318319698755,3.5775022501638962,0.4017262961924774,5.378670915319744,58.459920379120526,I,I,I,I,I,II,III,III,III,III,III,IV
75,110,1.3390511752794596,3.002579348943949,1.610145354989182,5.604594292075446,0.5014446927396815,3.3306890672226253,0.8809121897210299,6.953454019344233,0.8989675826916615,10.277185704180496,0.8112783051543516,10.86211947169347,76.65481900908857,I,I,I,I,I,II,III,III,III,III,III,IV
76,78,2.807518776934808,0.8561003138441502,2.558746359635112,8.906484869607393,2.128472667879013,14.137711989838749,0.6707344114114013,5.29442201318395,0.6107697674042023,6.98244791354737,0.728395098846563,9.752404983591964,10.0002564059369,III,IV,III,III,III,III,I,II,I,I,I,I
76,82,1.3132789849357869,1.4490866331568215,7.123751842479856,24.796356919461342,1.716928942207014,11.404161894232516,2.387559602210024,18.846130302350247,3.7121974672970572,42.43861900756194,5.172831128882376,69.25848919148062,18.91038859300882,II,II,II,II,II,I,IV,IV,IV,IV,IV,III
76,83,2.2179600296346336,0.7517540828157965,3.7622836106265964,13.095757587319495,1.0042059799079508,6.670123199918583,1.552007133608386,12.250721884842733,2.518535154287233,28.79242141926555,1.9850125911425283,26.577123757430865,10.22011053784372,III,III,III,IV,III,III,I,I,I,II,I,I
77,78,0.9640105434511692,0.08025940442288908,2.656514487406191,9.246796189423842,2.231968966081844,14.825153683635149,0.7053044290305966,5.567299413188052,0.6043860433076605,6.909467842533047,0.6581514390572392,8.811920047765337,7.550264267129944,I,II,I,I,I,I,I,II,I,I,I,I
77,98,1.3152652087518901,2.6391426854663886,0.8918863335337193,3.10447813833352,0.6268344467244085,4.163551173025137,0.3315412855458042,2.6170112202523774,0.33423909043662553,3.8210912920002023,0.3011436210064263,4.031980109326156,58.402224528153916,I,I,I,I,I,II,III,III,III,III,III,IV
77,108,1.2706068692291006,1.059491595613961,1.908074791532765,6.641627137786843,1.7291302261202435,11.4852050950566,0.4085007809112374,3.2244886948743865,0.16245941898475516,1.8572701067823298,0.31753629001682315,4.251459821922417,4.495448421621619,I,II,I,I,I,I,III,IV,III,III,III,III
77,111,1.6871598629734388,1.181221036933528,1.9037080816897949,6.62642749324219,1.5887519164510877,10.552786210063084,0.713133072805505,5.62909457865158,0.3698140746250838,4.227791962822359,0.341557510949697,4.573077409834098,4.328855026144229,I,II,I,I,I,I,III,IV,III,III,III,III
77,167,2.937845033391261,0.7698235029475536,3.8064293454225235,13.249420070330782,0.8598606593130091,5.71135468931057,0.45496029974898333,3.591215517103319,1.001030593160138,11.443991418099127,3.5274597511511705,47.22878573870442,10.63274698689224,III,III,III,III,IV,III,I,I,I,I,II,I
78,81,2.197884195421887,0.7064135336733268,2.7000961277048856,9.398495172189897,2.190398308623729,14.549033632276105,0.7848725993743512,6.195368385719648,0.6812622140378412,7.788332328897222,0.8231409613835308,11.02094732200614,10.759076132501058,III,IV,III,III,III,III,I,II,I,I,I,I
78,84,1.789582914482242,0.5296506392783155,2.6622443246741962,9.26674060819776,2.2470500749298745,14.925325218181245,0.6851263380139807,5.408024255324003,0.5583356386326049,6.383009970513722,0.7335403851825836,9.821294678463437,7.839406168565085,III,IV,III,III,III,III,I,II,I,I,I,I
78,85,0.9660547635718597,0.5680975027124171,3.335293695746,11.60949100132568,2.916926820177735,19.374771356684896,0.8031930859917213,6.3399805988237015,0.6339603628554326,7.2475676582763215,0.8175660729776899,10.94630573043285,5.181445983466401,I,II,I,I,I,I,I,II,I,I,I,I
78,86,1.4977668290966228,0.7665914691120117,2.4455430502453144,8.512446766349086,2.0418424667293236,13.562298054786178,0.676582608790294,5.340584584260481,0.5338193757590659,6.102734918137016,0.6379505484920102,8.54145245931876,8.319617909741048,I,II,I,I,I,I,I,II,I,I,I,I
78,87,1.8268631143820675,0.6186299284028846,2.8783576782747806,10.018988015102993,2.3197466748352644,15.408189577969848,0.8624811436160695,6.8079691082319895,0.6961557136918144,7.958597936552098,0.7795760231544202,10.437660969080046,8.24330762595594,III,IV,III,III,III,III,I,II,I,I,I,I
78,88,1.8268631143820675,0.6720657891165558,2.574942450839676,8.96286022729654,2.1657797226987996,14.385512398174201,0.7508095775059671,5.926492941509104,0.5517475127761279,6.307693135765577,0.6325929713072822,8.46972042471411,8.905551712541143,III,IV,III,III,III,III,I,II,I,I,I,I
78,91,3.3710621623966452,0.7788243440806847,2.6603534668843447,9.260158910003065,2.1631295622214792,14.367909538564758,0.7338786719394101,5.7928493448639085,0.5979592089067982,6.8359949254897945,0.8104229146143622,10.850666738172446,7.290671375083425,III,IV,III,III,III,III,I,II,I,I,I,I
78,101,1.471938786791277,3.299598851324193,2.6141523250777623,9.099341965834519,2.1989426551578997,14.605786773749074,0.6718820441007664,5.303480817488977,0.6292246665623379,7.1934281863089256,0.6656469401353643,8.912276519389845,8.076845975213201,I,II,I,I,I,I,III,IV,III,III,III,III
78,106,1.4321742348051092,1.0621903233191774,2.6710370826001046,9.297346441845294,2.22709887069336,14.792805602776756,0.7260559654849766,5.731101045461948,0.5858539369847707,6.697604921292113,0.7083468937547277,9.483981684809068,7.69027973540845,I,II,I,I,I,I,III,IV,III,III,III,III
78,107,1.4321742348051092,1.0755823965807114,2.579966977388827,8.980349600371147,2.1631575839353787,14.368095664008862,0.7441094916238011,5.873606014014035,0.5926661024222771,6.77548302345819,0.6370061518792518,8.528808032897803,8.627736878251943,I,II,I,I,I,I,III,IV,III,III,III,III
78,108,1.248394141952775,1.0645460978779384,3.8986946245481633,13.570577073418733,3.585987191844818,23.818794989776414,0.7969450440798812,6.290661866886668,0.5907701379504614,6.753807960485356,0.7547650136920138,10.105468986030898,3.553363391130978,I,II,I,I,I,I,III,IV,III,III,III,III
78,111,1.384627052799249,1.1831700180078162,3.5352451986729383,12.305482234989023,3.1563374856916044,20.964981598709528,0.8184706530578348,6.460573617471008,0.6969962539084492,7.968207168369249,0.8065292569991365,10.798534967940522,3.6070185283619822,I,II,I,I,I,I,III,IV,III,III,III,III
78,122,2.85277029132107,0.770120960000794,2.284388632873545,7.9515004362889465,1.8137657242060201,12.047369840749859,0.6162600580968838,4.864430334755746,0.5710901145334432,6.528821810580228,0.7409132675409731,9.920009421010793,7.637810322098923,III,IV,III,III,III,III,I,II,I,I,I,I
78,123,3.3459030012832214,0.7697305240446393,2.3209738479457327,8.07884626064734,1.8809879890219052,12.49387264701736,0.6338634822526543,5.003382436768238,0.5474926884304653,6.25905109262525,0.7032118570434396,9.415229221079706,8.199581167931262,III,IV,III,III,III,III,I,II,I,I,I,I
78,144,3.35370291745514,0.855803048038966,2.70595730946308,9.418896774893037,2.1806063875055117,14.483993867995494,0.8033163934101053,6.340953922242291,0.8015130144598293,9.163064667201128,0.7538837588330537,10.093669957877157,10.42445517532311,III,IV,III,III,III,III,I,II,I,I,I,I
78,145,3.0823040680175313,0.40555741932228195,2.5482410260704538,8.869917902314414,2.144929685708544,14.247022568168795,0.708065897943662,5.589096985451105,0.5556017524438218,6.351755610960408,0.6289803884375487,8.42135193453863,9.983507574300178,III,IV,III,III,III,III,I,II,I,I,I,I
78,146,3.152345093803159,0.6188726232155236,2.573481257059051,8.957774103676003,2.1684958956303553,14.403553724802649,0.7214242080405144,5.6945404066211776,0.6396334706717819,7.31242381512893,0.5370438177325587,7.190422907507148,8.804618022690338,III,IV,III,III,III,III,I,II,I,I,I,I
78,147,3.152345093803159,0.27716303295685446,2.927158353304957,10.18885341506584,2.09446641833725,13.911836145092707,1.1564822625360696,9.128658146140955,0.8628845845676372,9.864677311637728,1.0671158244668468,14.287500974512401,9.129131096623647,III,IV,III,III,III,III,I,II,I,I,I,I
78,157,1.3092148065759395,1.077772519590653,2.8679843006102748,9.982880359935162,2.232592614118776,14.829296070080712,0.9833982239217198,7.762424464701694,0.7200984377741192,8.232316173333277,0.9948646011963344,13.320136983445252,7.001724185597554,I,II,I,I,I,I,III,IV,III,III,III,III
78,158,1.4665349066643787,1.1210645492189408,2.5443804763777336,8.856480100127767,2.13147411823307,14.157648182254007,0.7386413548108574,5.830443439646289,0.560320047326859,6.405696146363107,0.6512879753299227,8.720025857421417,8.877914144595776,I,II,I,I,I,I,III,IV,III,III,III,III
78,159,1.4665349066643787,1.0660877291356243,2.677860010009247,9.32109568901359,2.1803014986903553,14.481968739685108,0.7501563418100914,5.921336645083572,0.5625760101308115,6.43148678567462,0.7836141469637036,10.491726981913436,7.017885530760462,I,II,I,I,I,I,III,IV,III,III,III,III
78,164,2.1551910712010467,0.7763412311713823,2.146102670531503,7.4701546293313035,1.6514231305086755,10.969060089343207,0.6547218374484765,5.168027239582501,0.5699842388817289,6.516179208491764,0.6891081362604672,9.226395994347598,6.87199550721885,III,IV,III,III,III,III,I,II,I,I,I,I
78,165,2.0513818100678605,0.7821278079791957,2.1383294503567565,7.443097602903572,1.5926405078712735,10.578614958712006,0.647350485266787,5.1098416916313445,0.5740210444289546,6.562328815061876,0.8099595620922416,10.844462960232363,6.555566257426811,III,IV,III,III,III,III,I,II,I,I,I,I
78,166,2.1551910712010467,0.7896504108036435,3.513583400347733,12.230081842798748,3.12289821705048,20.742871746732828,0.8118416787798449,6.408248007296382,0.6324513328286303,7.230316110926643,0.8608338386313322,11.525613271158571,4.770780868401641,III,IV,III,III,III,III,I,II,I,I,I,I
78,167,2.4402647851220953,0.772329702192938,4.638023135180886,16.144031909543532,2.656191970562933,17.64292191121317,0.8137958202724034,6.423672964714783,1.1519868948599532,13.169755478623006,3.441089620414866,46.072385188014195,9.168701374342255,III,IV,III,III,III,III,I,II,I,I,I,I
78,192,1.5715172217897084,0.9545234466625525,2.6055581819622646,9.069427470661056,2.1490443239496417,14.274352761914239,0.6772854407837392,5.346132367577332,0.589404671154364,6.738197658060026,0.7914066593139262,10.596060106064538,8.470917669720604,I,II,I,I,I,I,III,IV,III,III,III,III
78,193,1.0768577948175762,0.9489350916691828,2.5331616287626235,8.817429532977117,2.132814631871237,14.166552123573462,0.6881576188112316,5.4319515796241475,0.5265857439316324,6.020038523920426,0.6724614781817785,9.003515648963845,8.781396221750803,I,II,I,I,I,I,III,IV,III,III,III,III
78,194,0.8502596588995324,0.9416502368139759,2.5841142605229193,8.994785464381145,2.1470969561714095,14.261417982340879,0.7199673276541763,5.68304056487044,0.5859388399088333,6.698575549303867,0.7327081685130236,9.810152217444001,8.729576667070067,I,II,I,I,I,I,III,IV,III,III,III,III
78,195,1.0768577948175762,0.9435310818944632,2.5970488056659025,9.039808031849562,2.1551784246811017,14.315096601742098,0.721705733652721,5.6967626206200155,0.5348724825956612,6.11477425607802,0.7619079523812848,10.20110503709858,8.890786158986566,I,II,I,I,I,I,III,IV,III,III,III,III
79,82,0.9640105434511692,3.6878121731040574,7.140415656050579,24.854360325261503,1.7101934380956698,11.359423421115336,2.4508981126206706,19.34609093966832,3.82740058873139,43.75564522238596,5.083751566939917,68.06581235277109,18.36485168943862,II,II,II,II,II,I,IV,IV,IV,IV,IV,III
79,83,1.3511960148381508,4.671768987965478,3.7276926135346353,12.975353237328306,1.0145680454495964,6.738949969676261,1.5489456894808986,12.226556467197625,2.504401955309902,28.630847728199555,1.9324047723553357,25.87276323258857,9.31788513770583,I,I,I,II,I,I,III,III,III,IV,III,III
80,82,1.0143559146130694,1.3278235808585874,7.144106713567311,24.867208159046136,1.7642168851388982,11.71825722082607,2.4228635036412807,19.12480059227261,3.7150883235679086,42.47166788197261,5.1617434634290085,69.11003761074502,18.2824596906968,II,II,II,II,II,I,IV,IV,IV,IV,IV,III
80,83,1.1522685027314643,2.3115142567458222,3.8008483484924023,13.22999373503644,1.0616378919181582,7.051596658929533,1.5798901008498378,12.470815252716,2.506721776709879,28.65736841235672,2.0133037104434366,26.955910563243368,9.050559989311553,I,I,I,II,I,I,III,III,III,IV,III,III
81,82,0.9138312739282978,1.5812004556106294,7.198834742487238,25.05770549368163,1.782079088109311,11.83690130064476,2.4856826452599083,19.62066160756646,3.8124244073251203,43.584434379620205,5.129152004897176,68.67367401753623,18.167306177054815,II,II,II,II,II,I,IV,IV,IV,IV,IV,III
81,83,2.0074193876697293,0.5975438107969419,3.867543917511392,13.462147685779021,1.1482137849858731,7.626649869584154,1.6221750388233163,12.804590145764669,2.526472522179486,28.883163071580572,2.0241146664213003,27.100657310060953,8.838956862754834,III,III,III,IV,III,III,I,I,I,II,I,I
81,98,1.6499619322585357,3.1666390976619985,0.9864951472789545,3.433792517220845,0.5467304661085528,3.6314856105788516,0.4052477161142982,3.1988107252068,0.43208009168983497,4.939630112222687,0.44145008071330843,5.910528467274102,58.71988811221954,I,I,I,I,I,II,III,III,III,III,III,IV
81,110,1.466534906664379,1.0891809288207828,1.7715463671317575,6.166398969265945,0.6654472246409772,4.4200244374227635,0.9328770611172231,7.36363717731483,0.9146009896469417,10.455910087085801,0.905273818061475,12.120615458229224,76.72820187994256,I,I,I,I,I,II,III,III,III,III,III,IV
82,83,1.6257734262372407,0.9859795061956372,8.072198377801396,28.09770982013629,1.9567910305791758,12.997370570981017,2.786592110356366,21.995881469373916,4.431667597401329,50.66375223600743,5.6496471117700136,75.64252798462088,10.001920738840989,II,II,II,II,II,I,IV,IV,IV,IV,IV,III
82,96,1.619497695051408,4.398192732554744,7.131839216379606,24.824507452241484,1.7265231705556023,11.467888546307524,2.400200074755454,18.945907494280426,3.7327810095340577,42.673934373869265,5.15528391725537,69.02355142983129,20.237948455430445,II,II,II,II,II,I,IV,IV,IV,IV,IV,III
82,97,1.4594991192526385,3.219047418500964,7.109041231085482,24.745152220209576,1.7282707838823121,11.479496519600056,2.398801012047785,18.934864034646797,3.745304269480582,42.81710290471528,5.116690572065517,68.50682921058652,18.82512561899573,II,II,II,II,II,I,IV,IV,IV,IV,IV,III
82,103,1.6871598629734388,1.544189394554061,7.059671623087709,24.57330647825283,1.7122421842570086,11.373031574795862,2.4399650046571755,19.25979077899423,3.694405381353667,42.23521615430502,5.070099283715942,67.88302337579728,18.12514629315668,II,II,II,II,II,I,IV,IV,IV,IV,IV,III
82,109,1.5668127764003865,1.6241799908126417,7.4982807136845615,26.100017093536405,1.8812748774907981,12.49577821367444,2.616752896336209,20.65526071380835,3.9121402643197247,44.7244069433879,5.347180647222013,71.5928364629475,13.225230802396268,II,II,II,II,II,I,IV,IV,IV,IV,IV,III
82,110,1.3092148065759395,1.6985058648231695,7.226143140228579,25.15276057031344,1.758835505058624,11.68251309179359,2.5219134728663333,19.90664856152591,3.876733394476946,44.31962819097899,5.109951805249651,68.41660457400893,78.09135838245504,II,II,II,II,II,II,IV,IV,IV,IV,IV,IV
82,168,1.6499619322585357,3.38555880353903,7.196419769176485,25.04929945407097,1.7255235557190465,11.46124891833707,2.409386580500941,19.018420902591775,3.720398428129857,42.532374109585795,5.251122359976502,70.30672220884024,18.616818711339416,II,II,II,II,II,I,IV,IV,IV,IV,IV,III
82,169,1.5118509037583359,3.378988515471188,7.110719469188217,24.7509938317524,1.714991478505315,11.391292899380597,2.404461269763362,18.979543109612674,3.7538549441034914,42.914856008039145,5.116188070640455,68.50010127212317,18.80489263736447,II,II,II,II,II,I,IV,IV,IV,IV,IV,III
82,171,1.6499619322585357,3.5323654031667164,7.11435553881353,24.763650263672957,1.7087109441604902,11.349576420212506,2.393037192509457,18.889367497530817,3.7251519703694878,42.58671760015203,5.150514814929617,68.95969842290883,19.02193689015826,II,II,II,II,II,I,IV,IV,IV,IV,IV,III
82,184,1.7069200269210492,4.42015311719651,7.036697479373446,24.49333807395486,1.7300664761073075,11.491423841891995,2.424046689027955,19.13414003073038,3.7096944219279724,42.41000366861162,5.029522595820152,67.33974639071158,17.93262447898131,II,II,II,II,II,I,IV,IV,IV,IV,IV,III
83,86,2.2953874496057893,0.523358368069825,3.8332959299099056,13.342937283294798,1.038546801007715,6.898221331282815,1.664013187812005,13.134838323326441,2.5047214321757667,28.63450005464814,2.0244470493613136,27.105107550110315,9.87111219417222,III,III,III,IV,III,III,I,I,I,II,I,I
83,88,2.1064535544046414,0.8523396987749503,3.812920472420842,13.272014386558933,1.033192150026684,6.8626547419070825,1.5937204809617833,12.579984944429452,2.4852389075405807,28.411771752185253,2.0639699045150826,27.63427488000828,9.581418911130296,III,III,III,IV,III,III,I,I,I,II,I,I
83,92,3.4469689358717117,0.7331574094912005,3.815341816057997,13.280442600003079,1.1226372162367222,7.4567655350936715,1.5725410860450082,12.412806024180922,2.473674233431331,28.279561975417526,2.035787203845593,27.25693967979147,8.604081390502424,III,III,III,IV,III,III,I,I,I,II,I,I
83,94,3.2484636073406543,0.7542793564084049,3.9641386118993442,13.798374518427385,1.107256530829213,7.354604157229063,1.8498792850825503,14.601966802426025,2.4167537126791347,27.62883465953652,2.172199713818174,29.08335235635607,12.721591075928645,III,III,IV,IV,III,III,I,I,II,II,I,I
83,100,1.6499619322585355,3.503226441739748,3.8021233976207736,13.234431926312055,0.9903960908717745,6.578395344188284,1.5874953996140277,12.530847451018214,2.5042744840926114,28.629390450543216,2.0525237448527105,27.4810234582029,10.199807757018409,I,I,I,II,I,I,III,III,III,IV,III,III
83,103,1.596152756584425,1.6579371049410776,3.828565161153956,13.326470422408875,1.0440386061594185,6.934698924211675,1.5877285228698859,12.532687602465048,2.5695390614487734,29.375508769277058,1.9863717389451478,26.59532124369168,8.949347618323054,I,I,I,II,I,I,III,III,III,IV,III,III
83,104,1.7052375636985655,5.286467385239387,3.7827740576142426,13.16708073952634,1.0072891608114398,6.690602261869392,1.5748697591615932,12.43118733577043,2.5265923343759518,28.88453278970658,1.9937441057769194,26.694029083907644,9.516400636636662,I,I,I,II,I,I,III,III,III,IV,III,III
83,109,1.2483941419527749,1.0873136490940012,4.55084625257253,15.840586598128773,1.2740628854371903,8.462563040192997,1.9530669595502326,15.41647562424323,2.511346931132209,28.710244146503303,2.853749715900128,38.20855329111868,4.479872251944835,I,I,II,II,I,I,III,III,IV,IV,III,III
83,113,1.6344426299316765,1.9162623779309051,4.322851155223694,15.0469812150725,1.5428511464675487,10.247904744619717,1.8990500108493231,14.99009445545046,2.8038186830722105,32.05384247617229,1.9345486231214464,25.90146702388069,5.695869452965214,I,II,II,II,I,I,III,IV,IV,IV,III,III
83,114,1.6226915487339375,5.048962223580734,3.809270606287764,13.259309931751233,1.0386685564427378,6.899030053565006,1.6530178005455065,13.048046562837019,2.5474788390251404,29.123311685768915,1.9292098435980516,25.829986669176627,8.864959208424237,I,I,I,II,I,I,III,III,III,IV,III,III
83,130,1.5804642840609966,1.685502803705479,3.9590117308158033,13.780528869667831,1.0201840666293291,6.776252628604465,1.6223805379501215,12.806212246975129,2.5404894931473283,29.04340801969683,2.2496923636132298,30.12089325311634,9.61868922089867,I,I,I,II,I,I,III,III,III,IV,III,III
83,131,1.7130524148139374,1.6542401552945016,3.9414439169253015,13.719378819363452,1.0221551843268182,6.789345159566087,1.6134048849058247,12.73536319815351,2.5063188061942707,28.652761569015592,2.2649591350023406,30.325298441473993,9.57839260509688,I,I,I,II,I,I,III,III,III,IV,III,III
83,134,1.269783497143703,0.5510116726675882,3.934279625032888,13.694441350629612,1.0308289098189698,6.846957660180981,1.6130644605269155,12.732676068501508,2.50300851173931,28.614917589428153,2.2451100866732294,30.059541631535385,9.387622427718261,I,I,I,II,I,I,I,I,I,II,I,I
83,135,1.43144379991878,0.6531959144257073,3.8630514959415705,13.446510463828965,0.9982326082756509,6.630446952710822,1.5826527328966593,12.492622006140564,2.5385972547890963,29.02177555443496,2.1249955278276382,28.451340499838242,9.861525225151253,I,I,I,II,I,I,I,I,I,II,I,I
83,138,1.607637377044771,4.158346658534533,3.812011661998972,13.26885099905034,1.028446120995316,6.831130732905944,1.8268598746439997,14.420263774695686,2.4467731668313055,27.97202334731572,1.9017335284236954,25.462109189685815,8.69603849372423,I,I,I,II,I,I,III,III,III,IV,III,III
83,144,1.43144379991878,0.5580607978332094,4.049798924819235,14.096540953749892,1.0206702847689684,6.779482180069321,1.6709876498501273,13.189891030801295,2.541907318419081,29.059616895182923,2.3638638412227895,31.64952309835652,8.437352944320516,I,I,I,II,I,I,I,I,I,II,I,I
83,145,2.354247466598468,0.8483365635225617,3.942000768182742,13.721317107338086,1.0170564068744332,6.755478129836298,1.642065436969436,12.961594408561048,2.5473678586517345,29.122042934894054,2.198397935388272,29.434117575680112,8.601795701504798,III,III,III,IV,III,III,I,I,I,II,I,I
83,146,1.8327779517574372,0.6709089913016147,4.0143863381385385,13.973276814544526,1.031575997329486,6.8519199546065925,1.6057361686109337,12.674830415469678,2.520897013301801,28.81942268623797,2.3719652799527062,31.757992405150347,8.887838866088138,III,III,III,IV,III,III,I,I,I,II,I,I
83,185,1.4680047947829062,4.065649232282271,3.883421871901774,13.5174156727781,1.0212958749088843,6.783637466324713,1.6010983650170338,12.638222051529176,2.518145567575906,28.78796758237835,2.146470111624144,28.738861432322885,9.632745072413371,I,I,I,II,I,I,III,III,III,IV,III,III
83,192,1.7130524148139372,1.7212342330222772,3.9046044369274293,13.591147949597978,1.0372738802915242,6.88976635474354,1.5793364252626196,12.466444831030072,2.529861728267468,28.921909185485635,2.1847963850951158,29.252007856554314,9.200132102565941,I,I,I,II,I,I,III,III,III,IV,III,III
84,98,1.6093075526515392,3.1187063059338698,0.9072909693400064,3.158098597905009,0.5495510981504353,3.650220774078594,0.2343396246649187,1.8497528176263784,0.2882401713848199,3.295222014410113,0.5174219562882981,6.927707878755056,58.36720973867019,I,I,I,I,I,II,III,III,III,III,III,IV
87,111,1.6344426299316768,1.0639669444254976,2.1040996609384415,7.323950544659181,1.6976617098498146,11.276185347472898,0.7895024488933661,6.231913964407973,0.41840470483198966,4.783290225200542,0.3022385702313971,4.046640268757892,6.813413567657239,I,II,I,I,I,I,III,IV,III,III,III,III
87,116,1.3092148065759395,1.059224405335896,2.509958756557721,8.736664970500566,1.5845772982223902,10.525057618065864,0.970332997803536,7.65929449315039,0.9557941304364534,10.926838700957154,1.0752630790125761,14.396583704421186,7.17533177855702,I,II,I,I,I,I,III,IV,III,III,III,III
88,111,1.6344426299316768,1.0958197150194555,1.854629118157461,6.455593426602197,1.56083667732057,10.367367991210406,0.730193535673181,5.763760831977787,0.3830563260612471,4.37918015497876,0.28380731590229663,3.7998661528177813,6.154592243553414,I,II,I,I,I,I,III,IV,III,III,III,III
97,98,1.0143559146130694,1.1542449172034417,0.585230348385222,2.0370699203931046,0.21975996069644463,1.4596865997441226,0.18228808582441805,1.4388855527765738,0.27035765917160626,3.090785389095774,0.39471858419413125,5.2848454001227445,58.34918612571066,I,I,I,I,I,II,III,III,III,III,III,IV
97,110,1.265135434231347,2.809568656528985,1.5703364096181849,5.4660273066113705,0.4229492071764338,2.8093074285748596,0.8453654578114969,6.672866954305242,0.9046475058468165,10.34211977541388,0.8213403124576126,10.996838623874273,76.67170318313512,I,I,I,I,I,II,III,III,III,III,III,IV
98,99,0.3155972015489016,0.5962584482948682,0.5637956767809206,1.9624601109409716,0.20910167213748726,1.3888922615197625,0.17663778424514512,1.394285066274798,0.289854590629146,3.3136783933694787,0.31622152332258946,4.233856549630484,58.17200016890194,I,I,I,I,I,II,I,I,I,I,I,II
98,100,2.0074193876697293,0.7497638633580286,0.5219096966193469,1.8166633823387157,0.20565759175081708,1.3660160379668824,0.181678903707876,1.4340769919617629,0.2553410830227168,2.9191127451712626,0.31830814624617376,4.261794123388277,58.3467015030916,III,III,III,III,III,IV,I,I,I,I,I,II
98,101,1.624120183517612,1.185704654593146,0.7774833689143076,2.706264274898332,0.49509600035004764,3.2885198696232196,0.1959456790843924,1.546691356642464,0.30834098528799736,3.525018729292304,0.4151000940266955,5.557731280847348,58.37118368194552,I,I,I,I,I,II,III,III,III,III,III,IV
98,105,0.7131018614286977,2.472527737350753,0.6527098523502609,2.2719525920616386,0.28853629694047833,1.9165118379574828,0.1997667801713627,1.5768531037740694,0.24033214585634474,2.7475274316949605,0.42451237770941863,5.683751352151679,58.34905489139587,I,I,I,I,I,II,III,III,III,III,III,IV
98,106,0.779817836676343,2.4172851307398884,0.8839303742333549,3.0767850335187026,0.5630978506210165,3.740200827718446,0.25813688059841333,2.0375957455038143,0.3826725334464223,4.374792557416412,0.3579496795350559,4.792550422292422,58.43232069981593,I,I,I,I,I,II,III,III,III,III,III,IV
98,107,1.534549037739839,2.419622731826818,0.6522722573908746,2.270429411434487,0.3430976290563699,2.278918370527654,0.24074731890411621,1.9003317604338186,0.2725993876441899,3.116413298549538,0.3270106979597641,4.378311668379973,57.45434286871712,I,I,I,I,I,II,III,III,III,III,III,IV
98,108,1.4443064681470328,2.418679342044095,1.8609664518418947,6.47765241903086,1.6363067163290086,10.868654050207077,0.36810066993953394,2.9055916273844846,0.3157678191049323,3.6099238491211993,0.5203956435634008,6.9675222633483616,58.72245900923722,I,II,I,I,I,II,III,IV,III,III,III,IV
98,193,1.4963905850778578,1.9682256478337006,0.6436793134269845,2.2405190902681933,0.2979393792006262,1.9789688621029715,0.17568017092803737,1.3867261742007435,0.2682100230260295,3.0662331628330466,0.4108199472601452,5.5004248482221,58.16803553254356,I,I,I,I,I,II,III,III,III,III,III,IV
98,194,1.63580744765913,1.9631156801634304,0.6922935296705564,2.4097354644472033,0.2888900191638631,1.9188613268628782,0.1887421683171295,1.489830659875541,0.26097659950573343,2.9835391500272843,0.4663509247893459,6.243923236469206,57.9297130697911,I,I,I,I,I,II,III,III,III,III,III,IV
99,108,1.4094039805200842,2.7289911355859955,1.806972705243846,6.289710974456606,1.6434979454300687,10.916419533606517,0.3538382957828922,2.7930120036012127,0.14365085875912684,1.6422467066189168,0.33368473705587015,4.46766967235971,6.835712427006649,I,II,I,I,I,I,III,IV,III,III,III,III
99,110,1.5549843182143075,3.3703343409943365,1.608322649084074,5.598249816975576,0.4217227506361518,2.8011610757481447,0.8456027839363137,6.674740280972484,0.9394290867913323,10.73975009416407,0.8384317016022367,11.225673426489623,76.47813544382791,I,I,I,I,I,II,III,III,III,III,III,IV
100,110,1.0525837552281263,3.3207123520595982,1.568715690826083,5.460385908297158,0.43969919626165604,2.920563976565109,0.8583940852447246,6.775708035231601,0.8990304262004575,10.277904144336329,0.7901347524396323,10.57903067937129,76.66165259184856,I,I,I,I,I,II,III,III,III,III,III,IV
101,108,1.534549037739839,3.1300336195818605,1.846800976358525,6.428345228973375,1.6945175657978373,11.255301356932529,0.3466400629151462,2.7361929677762515,0.18403016782585183,2.103871425769183,0.27882585443033,3.733169891734052,5.144568155742668,I,II,I,I,I,I,III,IV,III,III,III,III
101,110,1.2094177215159407,3.7359518700900067,1.6563335189449162,5.765366062938016,0.595472405857845,3.9552386549100444,0.8396046534897245,6.627394217710952,0.9406567149077296,10.753784595931211,0.8313146049903162,11.130383372263957,76.641927846711,I,I,I,I,I,II,III,III,III,III,III,IV
101,111,1.265135434231347,3.635569922330064,1.8463051032003792,6.42661919357966,1.5693461302686398,10.423889362983893,0.6856383013014173,5.412065422219321,0.35142258645194707,4.017536617723451,0.2804957450427968,3.7555278806289025,5.064293415379346,I,II,I,I,I,I,III,IV,III,III,III,III
103,110,1.7040546431761694,1.5032872946192364,1.7976990772247683,6.2574313280871,0.46849138216567887,3.1118070392606674,0.9338645526699489,7.371431912348005,1.082029856600377,12.369991963952732,0.9241596017636129,12.373475219898992,76.45033225112057,I,I,I,I,I,II,III,III,III,III,III,IV
105,108,2.1291588809254827,0.2925638857419963,1.823323444753597,6.346624631999145,1.6732196808613031,11.113836837434851,0.3312281659458564,2.6145396200563558,0.21102965302300783,2.4125351958882635,0.28066260282396605,3.757761921823308,6.314170427732227,III,IV,III,III,III,III,I,II,I,I,I,I
105,110,1.6236806908669728,0.7545354343189156,1.6319642997934911,5.680541679763411,0.47302002702548646,3.1418871420961074,0.8676494177177886,6.848764725258304,0.9105168072833077,10.409218858826904,0.8561401875224147,11.462770472602768,76.6540459848533,I,I,I,I,I,II,I,I,I,I,I,II
105,111,2.4826982301162217,0.522180064962436,1.823042810586312,6.345647800530324,1.5682366589046726,10.416520047492343,0.6268209516332105,4.947792431982818,0.4237479098990297,4.844374864721212,0.23425882160041064,3.136466600123947,6.210970077429705,III,IV,III,III,III,III,I,II,I,I,I,I
106,108,0.7018796942337019,0.026753134807629683,1.89751507172406,6.604870862844087,1.6900536691215717,11.22565132359462,0.39151933452347754,3.0904461557688245,0.2653926068819976,3.0340238713350427,0.33523498805423835,4.488425819107876,4.511086529819768,I,II,I,I,I,I,I,II,I,I,I,I
106,110,1.654067888425305,0.9495128989841369,1.6795795383031018,5.846280812034838,0.6380556604247472,4.23808456491027,0.8850552002795731,6.986156749260606,0.8436084366164088,9.644308350653759,0.8600159611844089,11.514662796475294,76.6820523295097,I,I,I,I,I,II,III,III,III,III,III,IV
106,111,1.3132789849357869,0.5229497367240353,1.8711783606519403,6.513198033375946,1.549107455998233,10.289460318059255,0.6974101313136746,5.504986010297106,0.40447364072599246,4.624027382323054,0.2634402214191983,3.5271732776834064,4.34857531332526,I,II,I,I,I,I,I,II,I,I,I,I
106,116,1.6130538847496165,0.6153353286618589,2.205613941186094,7.677301472808126,1.40768691636347,9.350118747469022,0.8120592683603605,6.40996554414155,0.9660833690288674,11.04446743174213,0.898866029326047,12.03482225218466,6.078962699584013,I,II,I,I,I,I,I,II,I,I,I,I
107,108,1.496449129107732,0.29428448288392667,1.8455004598592544,6.423818390867749,1.6503592652035208,10.9619936977906,0.42419190395642153,3.3483461052720256,0.19419238012830178,2.220047965400209,0.4267756974822489,5.7140547013463205,5.6147297769567315,I,II,I,I,I,I,I,II,I,I,I,I
107,110,0.9945932277519555,0.7857839993648954,1.6212064761069669,5.6430958448008575,0.5162785185753763,3.4292181019325056,0.9009303128126962,7.11146647517772,0.9524791136096661,10.88894073422584,0.7199122895758302,9.638829546939856,75.72330073075018,I,I,I,I,I,II,I,I,I,I,I,II
107,111,1.3132789849357869,0.5821838662111162,1.86093365984161,6.477538276629336,1.5262556505288993,10.137674368890739,0.7869201723612048,6.211530841843508,0.366550740506657,4.190484843638547,0.37995190605471996,5.087135907423057,5.384172745344715,I,II,I,I,I,I,I,II,I,I,I,I
108,193,1.3582150781472464,1.4169702073938115,1.8375217583901005,6.396046125107,1.6780530685346653,11.145941098810837,0.36422105734801513,2.874968021441947,0.15993788938916764,1.8284434522829,0.34397190775108955,4.605403513394591,6.055902039628686,I,II,I,I,I,I,III,IV,III,III,III,III
108,194,1.5104401415527708,1.4191219218502147,1.8339629030124436,6.3836584605560125,1.6682399659030505,11.08076064297217,0.36304472779530633,2.865682699304508,0.13850618165606093,1.5834316803663087,0.3681493798389015,4.92911313150324,6.145918526035494,I,II,I,I,I,I,III,IV,III,III,III,III
109,110,1.1522685027314643,0.10915300497079586,2.869042419843207,9.986563461584868,0.8271353822508835,5.493987302416642,1.4922407522799284,11.778957741583877,1.084572373495109,12.399058549652006,1.9253244974936217,25.77796618088418,76.69439283173632,I,I,I,I,I,II,I,I,I,I,I,II
109,111,2.5060012831308662,0.8228347249654451,3.0443775789901633,10.596870120614279,1.6386084100095895,10.883942328433976,1.2820248943250514,10.11962515488288,1.0557669455367837,12.06974886361226,1.792441103768683,23.998804468714706,6.863301960045886,III,IV,III,III,III,III,I,II,I,I,I,I
109,113,1.054947760259232,1.8053110398901895,3.348081059996658,11.65400126151297,1.3915523883938399,9.242950206867592,2.026503934924686,15.99614819268355,1.4700105466173135,16.80546847913623,1.4034716933160591,18.790934148101694,3.632950116606004,I,I,II,I,I,I,III,III,IV,III,III,III
110,111,1.8175907091661987,0.7276289156857478,2.364890897432349,8.231712735785628,1.5448712000751186,10.261322317012748,1.0740135692139412,8.477693982241236,0.9435555652291373,10.786924860002278,0.9413884564501203,12.604150534123848,76.66578291633239,III,IV,III,III,III,IV,I,II,I,I,I,II
110,112,1.9808875934150483,0.40310123020814975,1.613455150069175,5.616115027489667,0.41275748023871184,2.741612079558151,0.8846136679758427,6.982671527228412,0.9353998382203906,10.69368688052973,0.8247279866760263,11.042195835891158,76.42425303624383,III,III,III,III,III,IV,I,I,I,I,I,II
110,115,1.244827698753283,0.4850718563723048,1.671938313736987,5.819683235949539,0.5468178762758539,3.6320662051943877,0.9516088680995447,7.511496135416038,0.8810546544175349,10.072401356086814,0.8344990792311751,11.173019961260575,76.29936050133244,I,I,I,I,I,II,I,I,I,I,I,II
110,116,2.176224105587575,0.7609538056221776,2.526129043910022,8.7929505101353,1.346795781001672,8.945668482511088,1.0976365543776352,8.664161309010112,1.3981754363584111,15.9842344519864,0.979770522655387,13.118043961377195,76.51012308765156,III,III,III,III,III,IV,I,I,I,I,I,II
110,195,1.6551067368502925,1.9410767580309876,1.623824806082969,5.652209728334912,0.4255146726731293,2.8263477283445027,0.8466937013878615,6.6833514052442915,0.9456634205882973,10.811022303982156,0.8572811602744818,11.478046836173887,76.53701287820859,I,I,I,I,I,II,III,III,III,III,III,IV
111,193,1.6057552650767362,1.7864448881096604,1.8378874049779872,6.397318867827424,1.5635343328248765,10.38528632163731,0.6949228702890878,5.485352889799536,0.37913759936568364,4.334380450573791,0.27434280532621086,3.67314682115885,6.026407315601335,I,II,I,I,I,I,III,IV,III,III,III,III
111,194,1.4634783047979343,1.786400166536513,1.8230865551374664,6.345800066573232,1.5520281377311775,10.30886003024607,0.7019374745865574,5.540722458997796,0.3691395477630849,4.220080630448765,0.18613920813996315,2.492198181976557,6.108909966141298,I,II,I,I,I,I,III,IV,III,III,III,III
111,195,1.6057552650767362,1.7911962889278017,1.794712307863464,6.247034980662787,1.5190868149384504,10.090057627360641,0.701668312592543,5.538597836849331,0.3331159389728482,3.8082511892096202,0.1583282187776706,2.1198397851601354,6.023130975612289,I,II,I,I,I,I,III,IV,III,III,III,III
121,129,1.6341341218222587,2.1145041270076264,0.8552526910609005,2.976963747868771,0.39363497923242025,2.614596865394396,0.17696359242744247,1.3968568234160499,0.14155651201775515,1.6183036959871255,0.694088614614171,9.293079092564826,58.41600449380748,I,I,I,I,I,II,III,III,III,III,III,IV
122,166,2.643274401820359,0.1498175549227262,1.7065560099066355,5.940180520095987,1.41903772698228,9.425512946230263,0.4381115010702582,3.458220028721208,0.3685284535169859,4.213094473026813,0.5511412458290705,7.379171882125404,3.845740943797981,III,IV,III,III,III,III,I,II,I,I,I,I
122,167,0.6608186004550897,0.03745438873068153,3.7789316139971914,13.153705960971708,0.9332474305786463,6.198803295851347,0.4147330929668538,3.273683263661835,0.9136534403460899,10.445077505003628,3.5127922922575134,47.03240468199818,9.822857178689826,I,I,I,I,II,I,I,I,I,I,II,I
124,129,1.7595677680189743,0.39401259300960434,1.6930398295429687,5.893133396628443,0.30391790707317606,2.0186793580190687,0.36368675062812506,2.8707504873309033,0.6118440668036788,6.994729529306251,1.484043412336933,19.86970037725402,58.415572934053934,III,III,III,III,III,IV,I,I,I,I,I,II
124,149,2.643274401820359,0.22311303694098925,2.999789987343143,10.441669622182285,0.9968005557449953,6.6209349930139645,1.1493192482294374,9.072117106974673,1.5576073062437323,17.806892983309865,1.9496691964484547,26.103914781838693,42.62267591536736,III,III,III,III,III,IV,I,I,I,I,I,II
124,153,2.783540232674496,0.6054034495590015,9.387981147861048,32.677686764352664,1.2520990676545234,8.316675270669476,1.9492162851038277,15.38608044068354,2.365129344488163,27.038654069074024,8.743806596742159,117.06990226137613,298.3732347984509,IV,III,IV,III,IV,IV,II,I,II,I,II,II
124,154,2.165947291132825,0.5851929414986938,6.863360212139637,23.88998567751914,1.139142517111326,7.566396818404117,1.8454887794079873,14.567310477214528,2.994805043491112,34.23723855271783,5.7171354286598035,76.54612192561864,12.77654987089236,IV,III,IV,IV,IV,III,II,I,II,II,II,I
124,178,2.099076558483169,0.313116541585909,1.6975965491931215,5.908994427350111,0.2913604393545731,1.9352703180034336,0.42432017886895657,3.3493586394571073,0.5859511424055048,6.698716194022712,1.487891572536094,19.921222987391545,32.78129484811845,III,III,III,III,III,IV,I,I,I,I,I,II
124,179,1.7595677680189743,0.32026387595404493,1.6865801158305715,5.870648423772569,0.30096581961466495,1.9990710431522236,0.3907767791265179,3.0845848169545556,0.5820949942415518,6.654631900498889,1.4830940034711295,19.85698884230686,46.11977017078326,III,III,III,III,III,IV,I,I,I,I,I,II
124,182,3.383412452638107,0.26774357625019196,3.463913260816572,12.057190010617047,1.3555775695039993,9.003998757771472,1.9900452421445074,15.70836259179108,1.0851763088002715,12.405962864561651,1.990970828141904,26.656897962801203,93.90887535548542,III,III,IV,III,III,IV,I,I,II,I,I,II
125,129,1.6307659266565055,0.36582706802463305,0.6889618304321898,2.398138485033884,0.3359539519093179,2.2314687360655614,0.23283633151892486,1.8378866181456177,0.1345362663924274,1.5380467775291435,0.44929880407104816,6.015614194663078,57.64904012459553,I,I,I,I,I,II,I,I,I,I,I,II
125,149,3.304093002275449,0.2788912961762366,2.7814287046212316,9.681597623116263,0.9867211875507361,6.553985951703524,1.0873577654004911,8.583025995682517,1.4162314749572327,16.190654867288057,1.7538127174658789,23.481613087712653,42.13604409705784,III,III,III,III,III,IV,I,I,I,I,I,II
125,153,3.4173421296797897,0.6264109813663317,8.204729797769028,28.559025214780423,1.2423233453468043,8.251743101905998,1.8857223298162078,14.884892803878808,2.30196075466649,26.316497518862572,7.495819955241532,100.36074103651357,297.78857726238994,IV,III,IV,III,IV,IV,II,I,II,I,II,II
125,154,2.783540232674496,0.599985153333163,6.4571881527781665,22.476181887417766,1.1429410540446807,7.591627408374552,1.8178751442825463,14.349343074342615,2.803419341163837,32.04927711582912,5.333937742258436,71.41552860822891,15.647512752440427,IV,III,III,IV,IV,III,II,I,I,II,II,I
125,179,2.099076558483169,0.3157516151758517,0.6187691379176659,2.1538117460886594,0.3519377566615385,2.337636144977554,0.25253719014558607,1.993394756414736,0.14576595072481627,1.6664268810004286,0.29200846112299567,3.909670419277233,45.33067822128903,III,III,III,III,III,IV,I,I,I,I,I,II
125,182,3.92142969196611,0.31573335340611774,2.831612201168857,9.856276348509411,1.3654509574391744,9.069579639827406,1.9975802754989305,15.767840152183107,0.7326728577766628,8.37606957665575,0.754984602534342,10.108409037829233,93.23990397493881,III,III,IV,III,III,IV,I,I,II,I,I,II
126,129,1.854959553549262,0.3542685238567688,0.7775485063715007,2.706491005373102,0.2650962306930813,1.7608185511093772,0.20842546343803142,1.6452001611373157,0.18990240995941038,2.171004127847044,0.6252347238388355,8.37120162716122,48.704748643960706,III,III,III,III,III,IV,I,I,I,I,I,II
126,149,2.783540232674496,0.6581662009832344,3.0123160889542966,10.485270479318752,0.9717742541153439,6.454705635244756,1.079000548121202,8.517058551073072,1.4860368346029906,16.988684360274373,2.071947919352187,27.74109167734774,33.12836799422954,III,III,III,III,III,IV,I,I,I,I,I,II
126,153,2.643274401820359,0.3069620522239537,8.032847144828898,27.960736040085685,1.2523233986087146,8.31816531865958,1.854940437109083,14.641916854556138,2.370876741705917,27.10435951792424,7.291437204766525,97.62428199464327,288.7894761128373,IV,III,IV,III,IV,IV,II,I,II,I,II,II
126,154,1.9824558013652693,0.23022153916796517,6.068055866082537,21.121690141614334,1.168530623769682,7.761598097768685,1.8312172225415928,14.4546583699865,2.760188274439883,31.555050505808765,4.868294535817002,65.18108093791066,17.494235315481067,IV,III,III,IV,IV,III,II,I,I,II,II,I
126,179,1.8549595535492618,0.33311437026477503,0.7455549701704376,2.595127897800126,0.25894710390607434,1.719974905421253,0.23077056696534792,1.821580567433983,0.2164043545910805,2.473979910006035,0.565929365472367,7.577168452854141,36.38920725391728,III,III,III,III,III,IV,I,I,I,I,I,II
126,182,3.7655300966764025,0.7514159436277422,2.870833646999937,9.99279836545073,1.3334071680320094,8.85673882089738,2.0542902061058443,16.215478293097306,0.8056947711524006,9.210871385626476,0.7558421811064059,10.119891066680418,84.26623023350672,III,III,IV,III,III,IV,I,I,II,I,I,II
127,129,1.7332610082143582,0.33431263640405395,0.6006444893484854,2.0907234655170055,0.23468766702326455,1.558839206165785,0.1986365182938496,1.567931415452792,0.13980811524213094,1.5983156578268625,0.4568010141533223,6.116060492434964,41.633442426991884,I,I,I,I,I,II,I,I,I,I,I,II
127,153,3.304093002275449,0.3837025652799422,8.045951185007059,28.006348585908384,1.2423745058859657,8.252082919738204,1.8765067849145725,14.812150175857035,2.314408090449408,26.458798068767074,7.322044503329608,98.03407987976576,281.81451890277606,IV,III,IV,III,IV,IV,II,I,II,I,II,II
127,154,2.643274401820359,0.3069620522239536,6.172900511712642,21.48663340629065,1.1297116899915807,7.503755507732375,1.7961549616874195,14.17789546273129,2.765742460007783,31.6185471186075,5.022228923545062,67.24209218359664,22.535549814892395,IV,III,III,IV,IV,III,II,I,I,II,II,I
127,182,4.255507950097451,0.7880736734119236,2.836019021028272,9.871615608007787,1.3114689350246007,8.711020990217513,2.0557994651194558,16.227391583975653,0.7954166180459051,9.093369386438498,0.6639336168343142,8.889337014818597,77.33760626585253,III,III,IV,III,III,IV,I,I,II,I,I,II
128,153,3.1608690713022316,0.4810038369454035,8.288974430746881,28.85226395106137,1.2502170627085025,8.304174643204616,1.8714363068380615,14.772126508830384,2.3431639298967477,26.78754084856236,7.5754548136513735,101.42696373797546,277.67428993499806,IV,III,IV,III,IV,IV,II,I,II,I,II,II
128,154,2.633310602067873,0.4284827829144196,6.514464292352175,22.67554868615673,1.1276056100763503,7.489766532577349,1.8135360793887638,14.315092795395492,2.7443812313327896,31.374341078045887,5.437226019312843,72.79844443164278,25.43024144147122,IV,III,III,IV,IV,III,II,I,I,II,II,I
128,182,3.021059028045556,0.5255932885836404,2.9302233514120584,10.199522061125062,1.3425332931519527,8.917356244121123,2.075674926608944,16.384277944719702,0.7738027448404902,8.846275060685876,0.8863906921423669,11.8677912813355,73.14732818781819,III,III,IV,III,III,IV,I,I,II,I,I,II
129,137,1.6563669719468912,3.9181746710636953,0.6040803600529904,2.1026830449916845,0.22156829968143568,1.471697924172017,0.16387249922832908,1.2935226708351757,0.11176009484008677,1.2776648136180337,0.48159368804565744,6.448006982474585,58.33359973872904,I,I,I,I,I,II,III,III,III,III,III,IV
129,140,3.486106590062257,0.47970217024185696,1.3032274876923904,4.536274514697878,0.5479890214493831,3.639845169618744,0.6027405805059146,4.757714742791774,0.3702058489537075,4.232270809008714,0.843138834701599,11.288696733990381,58.444563189608736,III,III,III,III,III,IV,I,I,I,I,I,II
129,141,2.867543923448895,0.3982500055988641,0.87612825552868,3.0496274170818873,0.4098004432291768,2.721970888851315,0.31394670994723284,2.4781289640614554,0.21585443883881258,2.4676931579400816,0.6053809214450985,8.10538116555386,51.05513173115918,III,III,III,III,III,IV,I,I,I,I,I,II
129,142,2.272892341039654,0.33010253960140606,0.845607731793286,2.943391571610848,0.4308025962751546,2.8614711020377155,0.3445131388015539,2.719404155907066,0.3856149448989645,4.408430821462976,0.39809980397254746,5.330116194324769,55.94399497372087,III,III,III,III,III,IV,I,I,I,I,I,II
129,143,1.7270302488432565,0.2849702286382829,1.1647742645042174,4.054346506151659,0.3467547992491294,2.3032099762707423,0.5709544264329348,4.506811686417619,0.5730298402386083,6.550997161138993,0.710224195592514,9.509116680675358,47.763509280107584,I,I,I,I,I,II,I,I,I,I,I,II
129,148,3.1058488486825353,0.5067839116841452,1.0108213623399978,3.5184672117485567,0.520756112421002,3.4589591144210567,0.2993520914151638,2.3629267792389825,0.20147104752386308,2.3032592156648413,0.7356282992338093,9.849249538992742,58.40317628786447,III,III,III,III,III,IV,I,I,I,I,I,II
129,150,2.56700769611442,0.46556005860827887,0.8282844989252289,2.8830928589811062,0.3610315952593046,2.3980391151060876,0.33576597731041447,2.650358698325558,0.23590037218778875,2.6968624668312953,0.5470492095530154,7.3243840409732135,57.332728110292315,III,III,III,III,III,IV,I,I,I,I,I,II
129,151,2.099076558483169,0.4276503614022016,0.8591353454226092,2.9904784919919063,0.3497040539990881,2.3227994757596546,0.36387931286941916,2.872270471622555,0.39751159797168567,4.544435851277829,0.519522145601402,6.955827091468094,49.494477575476125,III,III,III,III,III,IV,I,I,I,I,I,II
129,152,2.179660205955494,0.38862018452477654,0.9775017582513135,3.402488326791982,0.2477634262962361,1.6456908352421153,0.21666023036743076,1.7102010475726914,0.15747468614735977,1.8002835968769886,0.8866960700553256,11.87187995393219,57.12718087630026,III,III,III,III,III,IV,I,I,I,I,I,II
129,153,3.731115689747752,0.5461257240072835,8.220065894028153,28.612407101881654,1.2238999934385133,8.129371766301105,1.874037798961687,14.792661309091287,2.3179092800222514,26.498824401327266,7.515731725939425,100.62733762961774,240.3031240922863,IV,III,IV,III,IV,IV,II,I,II,I,II,II
129,154,3.1608690713022316,0.4872362953778014,6.482810453032097,22.56536799555891,1.1264522401394492,7.482105634586165,1.8085876017702502,14.276032135334715,2.7829058204711923,31.81476225048367,5.384354913822397,72.0905587889613,60.20054999168403,IV,III,III,IV,IV,IV,II,I,I,II,II,II
129,155,2.633310602067873,0.4339623501326831,2.5621598583614884,8.918366576695872,0.515882821781414,3.4265898101095633,0.8094549449688841,6.3894083953525564,0.9098629087319988,10.401743353621951,2.1604603758904837,28.926175601746696,58.5450819464461,III,III,III,III,III,IV,I,I,I,I,I,II
129,158,2.751114939794727,0.8563028464874091,0.9305046996538539,3.238900955289471,0.36246914833438204,2.407587610443734,0.22864855753749602,1.804830549489679,0.2015445688632438,2.3040997270165113,0.7617180930435542,10.19856303049475,58.436175768580604,III,III,III,III,III,IV,I,I,I,I,I,II
129,160,3.7315568735272646,0.4493698837379401,1.1709289587479745,4.075769767176601,0.52843989552452,3.509996233266551,0.28605620523005937,2.257976099349043,0.24802626805230837,2.835488248259463,0.87730937892849,11.74620253865338,57.881886534405005,III,III,III,III,III,IV,I,I,I,I,I,II
129,161,3.1613898361324817,0.34207456836316164,0.8779708114907728,3.056040986264307,0.3885819626517648,2.581033787899784,0.26733990931555107,2.110239577397646,0.19410109485528187,2.2190043730383207,0.6285202839451088,8.41519164412461,58.321828083784645,III,III,III,III,III,IV,I,I,I,I,I,II
129,162,2.180415332800766,0.39699260877197884,2.4429073419976177,8.503272392523243,0.513288764812432,3.4093596004544655,0.6885087896254647,5.434723535941926,0.6227694704249311,7.119631031952813,2.1627237671161623,28.95647990761597,58.42089925481012,III,III,III,III,III,IV,I,I,I,I,I,II
129,163,2.6339356744328044,0.3197472282764734,1.0206700695551638,3.552748593905395,0.4264907589590871,2.832831075298567,0.27082552430462636,2.1377531750507193,0.20270394226465552,2.317353926585221,0.8301334777590894,11.114569384615889,58.36187891733936,III,III,III,III,III,IV,I,I,I,I,I,II
129,176,3.304093002275449,0.4263361836443799,1.2671229354789586,4.410601781719867,0.4741463752608909,3.1493685569118677,0.5958129222460264,4.703031479540396,0.6252547262724739,7.148042997366652,0.7214961038808406,9.660035069252853,58.78992463328466,III,III,III,III,III,IV,I,I,I,I,I,II
129,177,2.643274401820359,0.34106894691550393,0.7127703629674931,2.4810112301165472,0.29909550952182995,1.9866480950809482,0.16555650314329307,1.306815305365305,0.1463654682632086,1.6732806910750064,0.5396017601986979,7.224670928799466,51.926415086165385,III,III,III,III,III,IV,I,I,I,I,I,II
129,180,2.463742902979853,0.5104513286413959,0.778684153750183,2.7104439670089264,0.47589668598289947,3.1609944468064946,0.2728191825236339,2.153490056567306,0.1955900908642202,2.236026887299429,0.4686418485192219,6.274596172126861,58.31753948158627,III,III,III,III,III,IV,I,I,I,I,I,II
129,181,1.971451997499933,0.47612941764593364,0.9647882935330995,3.358235296112846,0.49724736690762406,3.3028096470935098,0.47887581170064003,3.7799918953227927,0.23658546030465674,2.704694537682725,0.5302794796552395,7.099855900012985,58.40879544809873,III,III,III,III,III,IV,I,I,I,I,I,II
129,182,3.61343723555597,0.5890250565633638,2.8653561456218797,9.973732277495893,1.3142458716145968,8.72946592038546,2.0246370488874943,15.981411983592064,0.7659852742855685,8.756904099845068,0.876677494386299,11.73774230331122,36.228288721793646,III,III,IV,III,III,IV,I,I,II,I,I,II
129,183,3.021059028045556,0.5483104265672007,1.5999712335309406,5.56918020795251,1.2589038111415196,8.361873644618882,0.6455351788328008,5.09551262459489,0.2828334210025954,3.233410911535975,0.6070031813696308,8.12710143220275,58.59428908005496,III,III,III,III,III,IV,I,I,I,I,I,II
131,167,2.176143982681689,0.6786874907484464,3.8168718130328996,13.285768213796805,0.6508387312594308,4.322992102852279,0.40412822299666373,3.1899740397695044,0.9301985466364944,10.634224625673731,3.6130211237893968,48.374357912709094,10.384292795726202,III,III,III,III,IV,III,I,I,I,I,II,I
136,191,1.3216372009101796,0.7431308694763749,2.120994413530466,7.382757803053516,0.1894246304909343,1.2581936851136872,0.43192263565171346,3.40936840466389,0.6230896809864551,7.123291746163852,1.9570129622836787,26.202239686335144,144.19182640247905,I,I,I,I,I,II,I,I,I,I,I,II
138,191,1.6277857748265594,3.0391041372543475,2.5210177013093653,8.775158947730256,0.27686006331490987,1.8389561189597603,0.534202681844335,4.216712889841263,0.6633758757365553,7.583851962942624,2.3362605013292033,31.279944898327063,145.7786991879238,I,I,I,I,I,II,III,III,III,III,III,IV
140,149,1.1333410238257646,0.4209223600219404,2.7737941551995124,9.655023281874989,1.0976717794573767,7.290940452999182,1.2864977815207401,10.154931756167151,1.395056100336795,15.948573549207346,1.5223763450224088,20.382935961004534,42.56150579377011,I,I,I,I,I,II,I,I,I,I,I,II
140,153,0.8495614796064511,0.46548898324897986,8.207442826848457,28.568468726973705,1.235546418568032,8.206729491714807,2.0005863712485548,15.791568679063156,2.2734477858224214,25.99053128667585,7.476616324338821,100.10362565227331,298.4912606835009,II,I,II,I,II,II,II,I,II,I,II,II
140,154,1.0763066153929028,0.4676522304951436,6.4125301223179605,22.320736205549945,1.2355266576320212,8.206598235896404,1.875327738228364,14.802843406107591,2.746261021819681,31.395831236635242,5.257245160587947,70.38869973901741,14.624633004008604,II,I,II,II,II,I,II,I,II,II,II,I
140,178,1.7270302488432565,0.2932114826698534,1.082095673276875,3.7665588483269925,0.5537091295280309,3.6778391931207026,0.5859545300892507,4.625214555939291,0.3247856748912772,3.713017865361797,0.4725964123312856,6.327543408990169,32.77598516340187,I,I,I,I,I,II,I,I,I,I,I,II
140,179,2.272892341039654,0.34565739748937624,1.169367815084956,4.070335737984297,0.5345973353014102,3.550895095382171,0.5973593068714868,4.715237820325355,0.35446593988769604,4.052328871665466,0.6352645399589293,8.50548977499336,46.12972922006368,III,III,III,III,III,IV,I,I,I,I,I,II
140,182,2.285944600751994,0.4209223600219404,2.9548824708527897,10.285355529287976,1.3887041840426435,9.224031902952726,2.130784609429587,16.81928457760026,0.7224405506760301,8.259091698609756,0.7855817038574704,10.518070393183855,93.82769692561023,III,III,IV,III,III,IV,I,I,II,I,I,II
141,149,1.3119234348824842,0.44533377056382434,2.6767917568296737,9.317377313120273,1.0317777789960618,6.853260226027471,1.0985637437392235,8.671480050501328,1.4675126593996337,16.776912109253203,1.5025642602281581,20.117674051926947,35.37835562051055,I,I,I,I,I,II,I,I,I,I,I,II
141,153,1.0763066153929028,0.4835750996023018,8.268435535573918,28.78077216040083,1.2963793843982638,8.610793383807222,1.941800480974745,15.327544012615299,2.3316068818180593,26.65541825417337,7.530217704826345,100.8212888696971,291.15372138493507,II,I,II,I,II,II,II,I,II,I,II,II
141,154,0.8495614796064511,0.4692704851627841,6.378198821045744,22.20123580482303,1.1882159954893239,7.892352004072092,1.8218835833252045,14.38098356802371,2.7541769297111673,31.48632755372647,5.252454663246971,70.3245602764977,16.806781880871544,II,I,I,II,II,I,II,I,I,II,II,I
141,179,1.7270302488432565,0.2876505323405838,0.7369973365236484,2.565340484793063,0.40383379499040567,2.682339299675926,0.31562259116289176,2.49135748230759,0.1849122465014014,2.1139555339493437,0.40142119972513896,5.374586010968714,38.73422663443265,I,I,I,I,I,II,I,I,I,I,I,II
141,182,2.3795428007108037,0.44533377056382434,2.861674866300785,9.960918479656703,1.2976510657341525,8.619240128151636,2.0777500257196024,16.40065767747844,0.7082314398183145,8.096650167026612,0.7684080478101036,10.28813412770369,86.55074554983999,III,III,IV,III,III,IV,I,I,II,I,I,II
142,149,1.741030375127363,0.4912681814546924,2.84410088417018,9.899746958940868,1.0490149131348185,6.9677524822173496,1.1061940763985665,8.731709853106107,1.4505520695344203,16.583015093328186,1.780307995119038,23.83635555953254,39.9386192545732,III,III,III,III,III,IV,I,I,I,I,I,II
142,153,1.5711395859250687,0.5223844228646543,8.264096292548654,28.765668122361056,1.2969033789755748,8.614273853408761,1.8955926630889082,14.962803984321278,2.39247927816688,27.35132423963968,7.519072787223567,100.67207074598488,295.96692824381586,II,I,II,II,II,II,II,I,II,II,II,II
142,154,1.0763066153929028,0.4935652871402134,6.293744078660128,21.90726571967112,1.2708186340271788,8.441014117930782,1.8675366265052356,14.741344498772113,2.678919093415843,30.62596420559988,5.151949248271248,68.97890389929341,14.627983107898078,II,I,II,II,II,I,II,I,II,II,II,I
142,179,1.2932864386118528,0.26054240718080535,0.8435744202985628,2.9363140205301175,0.4535025533980916,3.0122484462004517,0.4231603949343511,3.3402039196612474,0.40279952825682636,4.604888577913902,0.2431048166034847,3.254904692155895,43.632014686094216,I,I,I,I,I,II,I,I,I,I,I,II
142,182,2.6405051805548285,0.4912681814546924,2.947771434083965,10.260603430999582,1.3760721705593282,9.140127716080158,2.1055685687680463,16.620242514911283,0.8599358112800659,9.830966317760554,0.7545667148294495,10.102813983521168,91.37433852390402,III,III,IV,III,III,IV,I,I,II,I,I,II
143,149,2.283548309244463,0.5533917327554352,2.79680728148673,9.735127376721145,0.9955306675034005,6.6125001587359,1.1387997197193236,8.989081523344684,1.557834595026463,17.809491396282226,1.6233813655844374,21.735281504593146,32.31947006580923,III,III,III,III,III,IV,I,I,I,I,I,II
143,153,2.156823059965262,0.577755846716374,8.376972892184314,29.158569014238086,1.2868202984656865,8.547300154206315,2.017281051876357,15.923347641220353,2.418702404099441,27.651112508028753,7.606896168818895,101.84792871881096,287.8466545946023,IV,III,IV,IV,IV,IV,II,I,II,II,II,II
143,154,1.5711395859250687,0.5374702986786737,6.477502618263237,22.546892483173238,1.1422929164831843,7.587322357944488,1.875258180569056,14.802294354804483,2.8982077878669674,33.13291849304329,5.289503027524437,70.82059690961842,17.733023710939687,II,I,II,II,II,I,II,I,II,II,II,I
143,179,1.1117142571676888,0.273674236986916,1.0616294089456664,3.6953198711157893,0.3477914059334849,2.3100953109857816,0.5651097836888227,4.4606771737444,0.6013588108143606,6.874859886581821,0.4956922183802157,6.636770714841532,35.44860653240665,I,I,I,I,I,II,I,I,I,I,I,II
143,182,3.0258343844424145,0.5533917327554352,2.9550119968521775,10.28580638341403,1.336603097973,8.877966782960172,2.0590392505205912,16.25296473312968,0.9248668168897478,10.573271174418291,0.9223282219527874,12.348955069197503,83.26064173540254,III,III,IV,III,III,IV,I,I,II,I,I,II
147,167,3.529817818844994,0.7955220488542065,4.472246631440753,15.56699702027516,0.9434030570851945,6.266258859078767,0.9283284094039022,7.327732531076928,1.3670063603725726,15.627903046603514,4.009610968753097,53.68425742547433,11.392851971199038,III,III,III,III,IV,III,I,I,I,I,II,I
148,153,1.0944760784531717,0.5711530133532827,8.255985111024165,28.737434719995687,1.3399428256485846,8.900149876365342,1.886169405304765,14.888421780874623,2.303278749596182,26.331565112967645,7.534878411126851,100.8836905736955,298.52196513639655,II,I,II,I,II,II,II,I,II,I,II,II
148,154,0.8724658523969919,0.572006235017321,6.482183559107943,22.56318590305517,1.297409474595848,8.617635434803118,1.7804243428467084,14.053726293453073,2.844982321267335,32.524433810204954,5.32010658353145,71.23034468605329,15.188775264908223,II,I,I,II,II,I,II,I,I,II,II,I
148,178,1.7595677680189743,0.3408316656735172,0.7591065485610777,2.6422982347274435,0.50086515935218,3.3268396984970425,0.3292940045977432,2.5992723753104783,0.22542329898679414,2.5770863714569576,0.3242689952674664,4.341603300843958,32.69717940299343,III,III,III,III,III,IV,I,I,I,I,I,II
148,179,2.099076558483169,0.3853740052802311,0.8462410293007108,2.9455959537085885,0.48923160088344,3.249567435841262,0.32218694415821203,2.5431730063204423,0.248841951316369,2.844813310188218,0.49765524192933047,6.663053429639601,46.07646504472773,III,III,III,III,III,IV,I,I,I,I,I,II
148,182,2.212975707967725,0.15817208847810532,2.8944621832283235,10.075044579350221,1.3705696371288898,9.103578863925286,2.009189410377863,15.859476511092598,0.8514094917107681,9.733491646511014,0.8066412522396983,10.800034460377969,93.91364805683149,III,III,IV,III,III,IV,I,I,II,I,I,II
149,150,1.3216372009101796,0.11155651847049466,2.7216886107404394,9.4736542917053,1.0135863815651922,6.732429575274221,1.1055136355909967,8.726338813945189,1.4705251658942982,16.811351714503502,1.5865665408017475,21.242371707081727,41.75379254453794,I,I,I,I,I,II,I,I,I,I,I,II
149,151,1.9824558013652696,0.16733477770574198,2.7878720922325817,9.70402576807616,1.013105325565886,6.729234311707152,1.1313589417983696,8.930347965397337,1.4586451651577834,16.67553705768418,1.6969258207352933,22.719960440605384,34.2746717678149,III,III,III,III,III,IV,I,I,I,I,I,II
149,152,2.165947291132825,0.6233191529368427,2.9147252416053924,10.145576237233291,0.9780012842878408,6.496066729732534,1.0789161049643121,8.516392001540062,1.483595947132511,16.960779623440576,1.9338110079412563,25.8915911722026,41.6728758162917,III,III,III,III,III,IV,I,I,I,I,I,II
149,153,0.8724658523969919,0.5702877321586521,8.92357711215944,31.0611890986947,1.5939168872772425,10.587092908513133,2.2256431757498514,17.568047833399635,2.4085099510794414,27.53459025018044,8.075558739568,108.1228023386833,256.70775134638103,II,II,II,II,II,II,II,II,II,II,II,II
149,154,1.0944760784531717,0.578402490559023,7.201863004916884,25.068246270187,1.4631231923917827,9.718336820505625,2.232045920552426,17.61858770797714,3.1032397960969447,35.47688735738362,5.829263618604789,78.04739440830316,43.45495962472722,II,II,II,II,II,II,II,II,II,II,II,II
149,155,1.5836418643204984,0.5963631422273644,3.815282550392816,13.280236308063188,1.0791033359695952,7.167605392093071,1.1275312163039322,8.900133928703541,1.7434817749085243,19.93184884257932,2.917104733310566,39.056806922297035,42.41721679025454,I,I,I,I,I,II,I,I,I,I,I,II
149,157,3.375385615005326,0.7450468696229476,2.744293163263151,9.552336222905579,1.1512582223506167,7.646871589732779,1.1359660566460015,8.966714088637147,1.4585597451333228,16.674560518072365,1.4902481716312665,19.952775243572955,42.405246920848086,III,III,III,III,III,IV,I,I,I,I,I,II
149,158,3.5641649398010684,0.8431004613053289,2.6690239612272846,9.290339168545152,0.9970122574081025,6.622341154899878,1.075459639131312,8.489108491878547,1.4366998590566307,16.424653721645143,1.5666886619404958,20.976228888195813,43.07614654564015,III,III,III,III,III,IV,I,I,I,I,I,II
149,159,3.3100674958794207,0.6852100771121942,2.6705062005997053,9.29549854766606,1.0827626808372577,7.191911442432002,1.1106860057958954,8.767166763439427,1.4674410169361278,16.776093077604084,1.398061764941462,18.718501188949656,42.80820957047837,III,III,III,III,III,IV,I,I,I,I,I,II
149,160,3.2781409470877656,0.5090914372410078,2.7340212476316665,9.516581736803742,1.066997159482139,7.087193912509279,1.0858148452703822,8.570847001787982,1.4575462432354733,16.6629739520868,1.560224079206111,20.88967527330262,42.26246817348853,III,III,III,III,III,IV,I,I,I,I,I,II
149,161,3.3440827279959593,0.5871593307024674,2.762998073466377,9.617444278295702,0.9981892598661934,6.630159024499493,1.1177450706480638,8.82288728069628,1.4560360624173456,16.645709248649645,1.6563571695231722,22.176791057827817,42.80214678717524,III,III,III,III,III,IV,I,I,I,I,I,II
149,162,3.8309710353042723,0.8522586117059946,3.1562173414803683,10.986161989536193,1.0637297441102354,7.065491130896782,1.2046623045105738,9.508965866284871,1.5957283982575885,18.242701292102826,2.069461456660531,27.70780069120022,42.52565435503855,III,III,III,III,III,IV,I,I,I,I,I,II
149,163,3.5345343342232747,0.7074458491992687,2.5930666226156096,9.025946848246159,1.01866169114401,6.766140727015764,1.0950385291908071,8.643653874911115,1.4035867576006746,16.046097809889922,1.4401627042170821,19.282186214639196,42.85842864606622,III,III,III,III,III,IV,I,I,I,I,I,II
149,176,1.6307659266565055,0.308277632062521,2.782758915365917,9.686227820957608,1.0505595132045986,6.978012003636432,1.2531604688466436,9.891784675773994,1.5399556883669592,17.605095990413123,1.4800646756720384,19.816429492619342,43.15643806428911,I,I,I,I,I,II,I,I,I,I,I,II
149,177,1.7595677680189743,0.32798368467098743,2.6781625377530838,9.322148727648301,0.9661844974426322,6.417577430065205,1.0659859357433117,8.414328097566797,1.4048704153141702,16.060772853747117,1.6214725792016738,21.709724965482224,36.62823150266444,III,III,III,III,III,IV,I,I,I,I,I,II
149,180,2.491446397612745,0.18534306618665006,2.7865890985544834,9.699559923410176,1.062824958120567,7.059481373793762,1.0871599777974152,8.581464765153944,1.430176217405744,16.350074083842248,1.719757660792103,23.025653533690722,42.62950692510727,III,III,III,III,III,IV,I,I,I,I,I,II
149,181,2.8966724470872856,0.22340126051578402,2.8129586974449254,9.791347228803286,1.1223764418649833,7.455033423134889,1.0849544493440084,8.564055492279678,1.4056710300735766,16.0699256493744,1.7324803723129734,23.195996573391866,42.67219858757649,III,III,III,III,III,IV,I,I,I,I,I,II
149,182,2.1120085845819445,0.14801079477595924,3.9473725215541453,13.740015107609004,1.6601606097517916,11.02709605424919,2.3398670201974574,18.469670332834774,1.615656863301346,18.470527678723727,1.83208577814528,24.52960282331024,52.56877541590876,III,IV,IV,III,III,IV,I,II,II,I,I,II
149,183,2.212975707967725,0.15817208847810532,3.0188725476145706,10.50809220200965,1.518998770692827,10.08947282107876,1.2050042870512399,9.511665295240093,1.4425857986978474,16.49194301649965,1.6607457375601677,22.235549131382403,42.638458773985846,III,IV,III,III,III,IV,I,II,I,I,I,II
149,197,0.6115962381889423,2.7709578068748866,2.6815060138435594,9.333786699930931,0.9634327358101665,6.399299716655216,1.0862390412866316,8.574195380353517,1.4272173315766412,16.3162474812721,1.61623855698418,21.63964719527352,42.778089138083125,I,I,I,I,I,II,III,III,III,III,III,IV
149,198,1.4562880379226355,2.772683055861145,2.583355644929255,8.992144875062326,0.977541571949503,6.493013234737894,1.0658584241095783,8.413321588300104,1.3925792957011156,15.92025819981773,1.4745537295929856,19.742644018100407,42.9212480058324,I,I,I,I,I,II,III,III,III,III,III,IV
149,199,0.9004061201892671,2.771376226764361,2.600432213156384,9.051584997357775,0.9580519822048457,6.363559748786088,1.0635936003799222,8.39544426993643,1.404017980086918,16.051027635677045,1.51966846811324,20.34668048330328,42.55924841396654,I,I,I,I,I,II,III,III,III,III,III,IV
150,153,1.5836418643204984,0.5774303943169606,8.234641228814562,28.663140930287817,1.2677448205179378,8.420597275957693,1.8557043344185962,14.64794665511876,2.267350865856294,25.920830020554774,7.539077114248052,100.93990656596215,297.47183177643205,II,I,II,I,II,II,II,I,II,I,II,II
150,154,1.0944760784531717,0.5710124807034689,6.353051323299838,22.113702389352206,1.1246153510649675,7.469904675145053,1.7573962237013783,13.871954523806266,2.7450288758166606,31.381745085441906,5.261107062991483,70.44040634207671,15.171668249207617,II,I,I,II,II,I,II,I,I,II,II,I
150,179,1.7595677680189743,0.35633687848844964,0.7322886456961131,2.5489504727650307,0.35611316824478145,2.365370006583467,0.3647857911806807,2.879425731057535,0.26777807619217736,3.061295056152337,0.3298006863523557,4.415666528053192,45.00595175792292,III,III,III,III,III,IV,I,I,I,I,I,II
150,182,2.491446397612745,0.18534306618665006,2.904718091565143,10.110743347257403,1.363456063674788,9.056329183800022,2.0659258545643215,16.30732393615385,0.7574908528254443,8.659794094461018,0.8208644364555904,10.99046717038558,92.88615467232081,III,III,IV,III,III,IV,I,I,II,I,I,II
151,153,2.165947291132825,0.5889468433620942,8.229024676632282,28.64359083426424,1.2320233649708767,8.183328713385349,1.8869280337764867,14.894409992023741,2.3604793795285652,26.985494695668557,7.50631363941257,100.50123986464672,289.64223094694677,IV,III,IV,III,IV,IV,II,I,II,I,II,II
151,154,1.5836418643204984,0.5754492173478013,6.389312996996235,22.239922030821344,1.1329816655162621,7.525475294356572,1.8266794285566144,14.41883942890249,2.7198513898259855,31.0939107918895,5.296563010268885,70.91512227230972,17.520147768976056,II,I,I,II,II,I,II,I,I,II,II,I
151,179,1.6307659266565055,0.33415751735175064,0.7504387141635308,2.612127234923843,0.3305335968893978,2.1954657282230086,0.401635416210488,3.1702971439687193,0.3715677328585867,4.247840151071162,0.2892175198798744,3.8723028019889925,37.17542250978514,I,I,I,I,I,II,I,I,I,I,I,II
151,182,2.8966724470872856,0.22340126051578402,2.892381363968804,10.067801663231743,1.345351561913655,8.936075710273634,2.036466297764347,16.074785805759994,0.8586015539823745,9.81571280885818,0.8065064131058514,10.798229113468036,85.10213141291473,III,III,IV,III,III,IV,I,I,II,I,I,II
152,154,1.3216372009101796,0.1534810261119767,5.956724789052414,20.73416890514942,1.1221174344936755,7.453313047922158,1.8244297384745007,14.401081567533009,2.752481509101819,31.46694515019552,4.752163963181225,63.62622097645023,15.25659775017033,II,I,I,II,II,I,II,I,I,II,II,I
152,179,1.7332610082143582,0.3321307551666265,0.8441425049720815,2.9382914097818102,0.24912635221119517,1.65474364307938,0.21388081297724623,1.6882617995423808,0.177034030102585,2.023890113897232,0.728840393591676,9.758366987864486,44.800122340707595,I,I,I,I,I,II,I,I,I,I,I,II
152,182,3.3350334855925863,0.7210894109881035,2.8491811931006703,9.917430499340236,1.326779347026062,8.81271559902737,2.030396631860209,16.0268750795041,0.7613965591313134,8.704444947043735,0.803250388153955,10.754634539564591,92.76648121122788,III,III,IV,III,III,IV,I,I,II,I,I,II
153,154,0.6608186004550898,0.07674051305598852,9.373122765419142,32.62596770360741,1.6025569497220868,10.64448181289646,2.648552960724063,20.906273570836873,3.708398036549239,42.39518311941947,7.942735638753794,106.34444788192236,297.9247212067146,II,II,II,II,II,II,II,II,II,II,II,II
153,155,1.3216372009101796,0.15348102611197692,7.705272997893477,26.82051588017467,1.3049724960701645,8.66787043240983,2.0762905748024045,16.38913754531925,2.520130922142342,28.810664571636643,6.794819576127034,90.97512105966061,298.26148911651217,II,I,II,II,II,II,II,I,II,II,II,II
153,160,3.4607845565578517,0.5517895520754846,8.149980879079715,28.36845516703123,1.3590596270273831,9.02712723254146,1.8330913655612169,14.469451861851743,2.2825793547587883,26.094925295466,7.426434650514658,99.43174852588582,297.95519437771065,IV,III,III,III,IV,IV,II,I,I,I,II,II
153,161,3.5233096613293515,0.6173851785631821,8.185901307871926,28.49348700316573,1.2813555192006791,8.511002072251753,1.885976475127699,14.886898892292962,2.2895422845217723,26.174526966980217,7.468824520838771,99.99930201884224,298.48271260519925,IV,III,IV,III,IV,IV,II,I,II,I,II,II
153,163,3.7045586292754256,0.726635238203303,8.247753740098002,28.70878296233556,1.2974492641650557,8.617899724534505,1.8572339963704503,14.660020995979824,2.2607600998012427,25.845483002503506,7.55461654719831,101.14796239114037,298.5343052280826,IV,III,IV,III,IV,IV,II,I,II,I,II,II
153,176,1.7332610082143582,0.3304848911503321,8.506507219392038,29.609452127769856,1.3506222726484534,8.971084752896006,1.7825448664266166,14.070464582901078,2.461583419433853,28.14133725724167,7.780287555074026,104.16944766107758,298.60646894862305,II,I,I,II,II,II,II,I,I,II,II,II
153,177,1.854959553549262,0.343431019667561,8.17128381648522,28.442606436056337,1.2403256556476203,8.23847407475881,1.8730139093614218,14.784579267158612,2.31644444856636,26.482078141298125,7.4580171700401,99.85460354138779,292.11543197085535,IV,III,IV,III,IV,IV,II,I,II,I,II,II
153,178,2.179660205955494,0.3757798166212641,8.195298528510305,28.52619685075063,1.2566374818379318,8.346820263172276,1.8853872029366496,14.882247489879473,2.3065485019885883,26.368945607203965,7.482784252185935,100.18620738623869,266.00363975502086,IV,III,IV,III,IV,IV,II,I,II,I,II,II
153,179,2.6333106020678736,0.4231040997304061,8.215868172040185,28.597795670298424,1.247860611322182,8.288522654094953,1.885967467825904,14.886827793425672,2.34114058291821,26.764409522090983,7.4955207413245395,100.35673489300731,252.61961856267945,IV,III,IV,III,IV,IV,II,I,II,I,II,II
153,180,2.9898231112369698,0.6818130480581224,8.228988852900917,28.643466139012535,1.3273081567077791,8.81622805144942,1.8274176070691497,14.42466621891048,2.3515104931763475,26.882960508256097,7.508293063283313,100.52774216161748,298.429327545385,IV,III,III,III,IV,IV,II,I,I,I,II,II
153,181,3.3350334855925863,0.6915934908076,8.334008391916093,29.009018172620582,1.3306627938291182,8.838510176170887,1.9155329126220335,15.120201747549809,2.3903230045628523,27.326673268142727,7.582811749612154,101.52546497589084,298.5034671205516,IV,III,IV,IV,IV,IV,II,I,II,II,II,II
153,182,2.6818496127965528,0.6757745701577749,8.26025905477793,28.75231146431742,1.7630806435067081,11.71071009222574,2.915323852601321,23.012021626106044,2.4726496523316475,28.26784874967593,6.977372265744698,93.41929972425437,204.8907876472808,IV,IV,IV,IV,IV,IV,II,II,II,II,II,II
153,183,2.7620641861413073,0.6765049422463978,8.301120807894817,28.894543063205983,1.7153547606122015,11.393705886813196,1.900484502732464,15.001417574220904,2.2981655512822927,26.27310995882649,7.504320786803139,100.47455777171315,298.444155483266,IV,IV,IV,III,IV,IV,II,II,II,I,II,II
153,197,0.7549695705203338,2.3688898376242378,8.037548611120323,27.9771009049469,1.231817483265955,8.18196120874595,1.8607690706200486,14.68792499882639,2.303394711042775,26.332890808514517,7.322163497586986,98.0356730812995,298.30647262432893,II,I,II,I,II,II,IV,III,IV,III,IV,IV
153,198,1.5220722529634891,2.3698902907915804,8.189241237265042,28.50511263010344,1.2444525334346728,8.265885565848688,1.891319512717759,14.929073999686898,2.316258110794774,26.47994788886282,7.4718804333624815,100.04021730859755,298.55360322692457,II,I,II,I,II,II,IV,III,IV,III,IV,IV
153,199,1.003324611040256,2.368870293831698,8.129562616524323,28.297383274411438,1.2435362286101768,8.259799298498807,1.8614488717709354,14.693290988876415,2.297824130757075,26.269206767867836,7.422775811547516,99.38276071771163,298.07832042943767,II,I,II,I,II,II,IV,III,IV,III,IV,IV
154,160,3.5233096613293515,0.5418666211371629,6.480669265780038,22.557914950519233,1.2245110927273033,8.133430801623703,1.7757599125921872,14.016907752763425,2.7688023010759872,31.653527862617263,5.366179772892402,71.8472137482494,15.853041044952551,IV,III,III,IV,IV,III,II,I,I,II,II,I
154,161,3.4607845565578517,0.5846303022621104,6.478707303926747,22.551085753285488,1.1902764609196577,7.906037999320556,1.757458602264556,13.872446907128817,2.7819729469789074,31.804097445319048,5.37800712843944,72.00556896146033,15.781252937010532,IV,III,III,IV,IV,III,II,I,I,II,II,I
154,162,3.7045586292754256,0.8053344560134004,6.8233453701966384,23.750702007223712,1.2123913224635483,8.052929029645243,1.8579760769101001,14.665878586522123,3.003405633670729,34.335562301141344,5.635292590991464,75.45033682325875,12.002608346877588,IV,III,IV,IV,IV,III,II,I,II,II,II,I
154,163,3.5233096613293515,0.6783121016928844,6.5666545983408895,22.857212714276717,1.200296940714754,7.972595892912977,1.779899581365305,14.049584104396502,2.823283173575127,32.27636460865762,5.45860075161571,73.08462846303388,15.758442030968359,IV,III,III,IV,IV,III,II,I,I,II,II,I
154,176,1.854959553549262,0.3373435627428736,6.58201987025528,22.91069615600497,1.2238729763981322,8.129192314085678,1.8859322429758176,14.886549747125176,2.8845388364520845,32.97665217735307,5.399089418722507,72.28783751756086,15.688384756781378,IV,III,IV,IV,IV,III,II,I,II,II,II,I
154,177,1.7332610082143582,0.330814719032313,6.4141542597339045,22.32638950341075,1.1616800627495825,7.7160953952287015,1.8080199152480125,14.271551118752312,2.7291757146461864,31.200508426318518,5.320061697969625,71.22974371801064,17.0183942972258,II,I,I,II,II,I,II,I,I,II,II,I
154,178,1.854959553549262,0.3458570234237808,6.3844268799160355,22.222914433455525,1.1420689894529932,7.585834992892844,1.7892636875907726,14.123499396784117,2.781373775221578,31.797247588286005,5.2692870318989256,70.54992708111641,36.11826409448602,IV,III,III,IV,IV,IV,II,I,I,II,II,II
154,179,2.179660205955494,0.37991681496538615,6.472439892425955,22.52927014600843,1.186578058538748,7.881472521702308,1.8375239190117643,14.504440089925222,2.792883749618289,31.928832026482524,5.3438234145187575,71.54788682915927,48.45798036383696,IV,III,III,IV,IV,IV,II,I,I,II,II,II
154,180,2.7620641861413073,0.676386298900559,6.432777744147194,22.391214131894046,1.242380299792801,8.252121403946797,1.8043649767932364,14.242700971387602,2.818433859493373,32.22092623433175,5.28221505794935,70.72301905535102,15.435373404278073,IV,III,III,IV,IV,III,II,I,I,II,II,I
154,181,2.9898231112369698,0.6801359966708599,6.509782130515942,22.659251016247232,1.166895636045666,7.750738204711146,1.891148721961009,14.927725867957255,2.7387757837488254,31.310258427142102,5.397252294156949,72.2632404509455,14.684416598724843,IV,III,IV,IV,IV,III,II,I,II,II,II,I
154,182,2.7620641861413073,0.6826365162413651,6.646654633287223,23.135676852832127,1.580640643058196,10.498909621075068,2.525518989466715,19.935108598961282,2.5897572605712607,29.60664745657405,5.2014276623202305,69.64136515488894,94.31068754274766,IV,IV,IV,IV,IV,IV,II,II,II,II,II,II
154,183,2.6818496127965528,0.677225446302749,6.577521990096723,22.89503993379809,1.696431020066441,11.268010876656925,1.9696381260912397,15.547279631650914,2.818666292235148,32.22358345412137,5.267162737767685,70.52148513154133,14.322112965217292,IV,IV,IV,IV,IV,III,II,II,II,II,II,I
154,196,1.5220722529634891,2.3693627581378838,6.444641242251052,22.432508598602222,1.1484237103418296,7.628044232907049,1.8064443609840157,14.259114528298099,2.7423733718590384,31.351386807973263,5.355786283799583,71.70805642142743,15.786966503833401,II,I,I,II,II,I,IV,III,III,IV,IV,III
154,197,1.003324611040256,2.3710387207390777,6.313058126755123,21.974494062363696,1.125041706214444,7.472736605476905,1.7672116813058745,13.94943254480323,2.7290704189848003,31.199304664262193,5.223190870655562,69.93275045081492,16.324557918736154,II,I,I,II,II,I,IV,III,III,IV,IV,III
154,198,1.003324611040256,2.368882016829345,6.434436166695778,22.396986769451793,1.1468851098093487,7.617824561532409,1.8204586349389256,14.369735780560278,2.7447887512568756,31.378999931177663,5.3362440014765244,71.44640686911721,15.93599261333685,II,I,I,II,II,I,IV,III,III,IV,IV,III
154,199,0.7549695705203338,2.3694409160929113,6.4037421508634695,22.29014703265313,1.122814666790121,7.457944194727996,1.8002601666853513,14.210299775585831,2.7324469093322743,31.237905409158316,5.321281752189613,71.24607889499644,16.399957731627985,II,I,I,II,II,I,IV,III,III,IV,IV,III
155,178,1.7332610082143582,0.33136370261601844,2.412273698696384,8.396642800443512,0.5186391098858435,3.4448975891896083,0.7975698486043983,6.295593742711526,0.9503108337339846,10.864152504516495,1.9639010555815417,26.294463639395644,33.05052810599404,I,I,I,I,I,II,I,I,I,I,I,II
155,179,1.854959553549262,0.3484748284545129,2.4837742649891754,8.64552198671265,0.5170115154964495,3.4340868040379915,0.7768560960467592,6.132090356496346,0.942760472987812,10.777835198958453,2.0627181122507876,27.617514765702097,46.29926936358125,III,III,III,III,III,IV,I,I,I,I,I,II
155,182,2.9898231112369698,0.6979198876866618,3.5706929184249665,12.428868665396509,1.3831698705683604,9.187271961826085,2.220140668253076,17.524613955067174,1.140050419683005,13.033295194171446,1.8595954957857086,24.897927524888495,93.81985611380505,III,III,IV,III,III,IV,I,I,II,I,I,II
157,179,2.3206092515597336,0.8540345437185508,1.5157754634495022,5.276111553651733,0.6587047812714442,4.3752398724599235,0.6204373798178368,4.897403898806271,0.4737335583766771,5.415821268172746,1.032536075522612,13.824516371143794,45.95408248872367,III,III,III,III,III,IV,I,I,I,I,I,II
157,182,1.980683853640588,0.7450468696229476,2.985544397077214,10.39208356857273,1.5344984229408136,10.192424398861082,1.9274817273854423,15.214519359466765,0.7052223380922874,8.062249485804543,1.1184438720550887,14.974726778049915,93.6433469938799,III,IV,IV,III,III,IV,I,II,II,I,I,II
158,182,2.2876084009713726,0.8431004613053289,2.8342571721798513,9.8654829641637,1.4429561966288482,9.584383877581168,1.9740910725490695,15.582428831317372,0.7447208909069964,8.51380521499748,0.7260901564793506,9.721544353880851,94.025414276489,III,IV,IV,III,III,IV,I,II,II,I,I,II
159,178,2.3206092515597336,0.8554012712662299,1.070738992313392,3.727028510828186,0.5431906916503706,3.607973769175393,0.3356060800057165,2.6490965537338407,0.21256118377792005,2.430043976274725,0.6963398808870345,9.323221058722524,32.82378329443434,III,III,III,III,III,IV,I,I,I,I,I,II
159,182,1.8671977145886576,0.6852100771121942,2.9675769711427398,10.329542548581202,1.3339910664892654,8.860617183229476,2.042425027905478,16.121820863888953,0.8046356138739668,9.19876287776704,0.9519048810001789,12.744953830787937,93.87864687742498,III,III,IV,III,III,IV,I,I,II,I,I,II
160,178,2.180415332800766,0.31732484928213545,0.9299754699627115,3.237058812468649,0.5058846073748594,3.3601798073758284,0.30543622339437815,2.4109516930257775,0.20038862762703233,2.290884764679277,0.5410016265589203,7.243413591523878,32.229878788585026,III,III,III,III,III,IV,I,I,I,I,I,II
160,179,2.6339356744328044,0.34626598754822413,1.0216079797876492,3.55601327204093,0.5111900581605763,3.3954195998883967,0.32625843634306123,2.57531120809335,0.20842321348034512,2.382737833088529,0.6748338644239482,9.03527927758762,45.568618598174965,III,III,III,III,III,IV,I,I,I,I,I,II
160,182,1.8099968362019647,0.5090914372410078,2.930230091788786,10.1995455230298,1.3360755584490989,8.874462767162967,2.0803758680468314,16.421384685343114,0.7802189609997139,8.919626587766606,0.7623262282527301,10.20670528852759,93.30795911289957,III,III,IV,III,III,IV,I,I,II,I,I,II
161,178,1.8558468027804462,0.3329295574841839,0.6981288067471774,2.4300468981292442,0.3693267219485284,2.453136891939807,0.2744753180453698,2.1665627127691005,0.16863769882770527,1.9279014960569882,0.362252737777464,4.850163614246075,32.60526588429315,III,III,III,III,III,IV,I,I,I,I,I,II
161,179,2.180415332800766,0.3136219490925357,0.7811553005387479,2.7190455352730316,0.4107804914053366,2.7284805514181927,0.30937480690006464,2.442040784115335,0.16010745010196645,1.8303819058680104,0.4561240889442219,6.106997212364568,45.99070049423255,III,III,III,III,III,IV,I,I,I,I,I,II
161,182,1.926854890688073,0.5871593307024674,2.8425852458638827,9.894471324803861,1.3269891090033867,8.814108877158958,2.00653260304776,15.838505081903978,0.7820745741341936,8.940840345798975,0.7264324513508992,9.7261273037338,93.86606808189667,III,III,IV,III,III,IV,I,I,II,I,I,II
162,178,1.8558468027804462,0.5844320628390733,2.2302678562303218,7.763116825506591,0.5180562284065546,3.4410259818146316,0.7109831687766907,5.612124375508976,0.5903969291508651,6.749541359315599,1.9209232440563362,25.71903826384602,32.824332456690485,III,III,III,III,III,IV,I,I,I,I,I,II
162,179,1.734210521442821,0.5154615386919381,2.3137546377874756,8.053717632402138,0.5173976357414175,3.436651486638423,0.6996977818245989,5.523043511175915,0.6414681061118486,7.333397751764755,2.0042679793610074,26.83493211490095,46.13759693511577,I,I,I,I,I,II,I,I,I,I,I,II
162,182,2.6844402678077857,0.8522586117059946,3.580300004130895,12.462309011352907,1.482058977046371,9.844111829876521,2.0587878688562435,16.25098045948159,0.9360770725044982,10.70142916471997,2.0930269856824757,28.023317068285298,93.79486586366002,III,IV,IV,III,III,IV,I,II,II,I,I,II
163,178,1.734210521442821,0.43718495202917196,0.7762527592110113,2.701980768382914,0.4107349390959333,2.72817798449284,0.286059857150873,2.2580049256767474,0.15422541410029694,1.7631372382384691,0.520336692562881,6.966732974633805,32.63676260145325,I,I,I,I,I,II,I,I,I,I,I,II
163,179,1.8558468027804462,0.3833521638544716,0.894312411693146,3.1129228317037922,0.4476023994633255,2.973058524580007,0.299193024122138,2.361671186319572,0.18664208256257567,2.133731382134265,0.6417811729890693,8.592740285794456,46.02905884688837,III,III,III,III,III,IV,I,I,I,I,I,II
163,182,2.2411634116884063,0.7074458491992687,2.881304098381396,10.029243914833053,1.401181791432273,9.306910495785516,2.0005567016303614,15.791334482819437,0.7773467350836933,8.886790699474705,0.8401253728175564,11.248349811362347,93.92273756497269,III,IV,IV,III,III,IV,I,II,II,I,I,II
164,166,1.3216372009101796,0.07490877746136305,1.9386382597180845,6.748012464308262,1.744847612279021,11.589602902037745,0.42288077693808857,3.3379967633718013,0.3535825147748415,4.0422293707320085,0.4038326495821568,5.406872658202479,3.3596499085466522,I,II,I,I,I,I,I,II,I,I,I,I
165,166,0.6608186004550898,0.037454388730681416,2.060128911804776,7.17089715177809,1.899599731988146,12.617495311125996,0.44733887105852144,3.5310559977105624,0.35693064966778326,4.080505950132549,0.2664917554390601,3.568029944113516,4.22795611749193,I,II,I,I,I,I,I,II,I,I,I,I
165,167,1.3216372009101796,0.07490877746136328,3.8857754590181925,13.525608039310542,1.4538380806076932,9.656663378239756,0.4074895735922076,3.2165067601492865,0.9951297450965372,11.37653168703719,3.428747371884121,45.90713612707107,10.085259822058756,I,II,I,I,I,I,I,II,I,I,I,I
167,193,2.6304008719012475,0.544675014141096,3.7749472403393347,13.139837152301034,0.6749936797518137,4.4834337707525735,0.39515828899100686,3.119170134008319,0.957126569366861,10.942071421903862,3.5570091716371115,47.62441980607484,11.272769239080024,III,III,III,III,IV,III,I,I,I,I,II,I
167,194,2.176143982681689,0.5429763267457993,3.8092739085802902,13.259321426371756,0.6467304861237407,4.295704373303973,0.3919973410390502,3.094219285901164,0.9328863376077599,10.664952015045223,3.6027691212383157,48.237094934238634,11.127410837409458,III,III,III,III,IV,III,I,I,I,I,II,I
167,195,1.8508265627117666,0.55704047025474,3.767478802381103,13.113841011876987,0.6732035715972793,4.471543538896936,0.4012833572652482,3.1675181772154053,0.9362567504291821,10.703483280390515,3.5551359996508904,47.59934010435461,11.068806431678219,III,III,III,III,IV,III,I,I,I,I,II,I
168,191,1.1574294192759367,1.615311761565531,2.3709970093578514,8.252966891466917,0.19833350343893122,1.3173680789377593,0.40128844060238184,3.167558302385015,0.6159681310144016,7.041876695194768,2.237480478060081,29.95738960830026,145.45933359308728,I,I,I,I,I,II,III,III,III,III,III,IV
169,191,0.9502429362526238,1.9271012078739835,2.366479519730551,8.23724241261709,0.16240215494337404,1.0787053682989076,0.41117396369256903,3.2455893831974514,0.6028891234597634,6.892354741285224,2.2414854675357363,30.011011989043162,146.78071819623932,I,I,I,I,I,II,III,III,III,III,III,IV
170,191,1.6277857748265594,1.615311761565531,2.43110827874067,8.462202210643813,0.1853302329379754,1.2309979337896566,0.418278041280957,3.301665207141213,0.5952482587721769,6.8050027757118725,2.306035978746509,30.875271960344747,146.87633809740402,I,I,I,I,I,II,III,III,III,III,III,IV
171,191,1.1574294192759367,2.433658361821605,2.424783355835162,8.440186417657056,0.1312196060628882,0.8715850693943055,0.40218432552753475,3.1746299432436196,0.6573654746265997,7.515139798507644,2.2920178193973175,30.68758430660528,147.26011727337578,I,I,I,I,I,II,III,III,III,III,III,IV
172,182,1.2379196391319045,2.3821973156003335,3.05228168482104,10.624382733861541,1.6464162168910552,10.935803236317957,2.090508635104177,16.50136737901465,0.7093153336426344,8.109041468259964,0.7983474386855954,10.688989467398061,93.83119633623822,I,II,II,I,I,II,III,IV,IV,III,III,IV
173,178,1.6341341218222587,2.098989332826583,0.7425092252651473,2.5845262682898373,0.4888404491355662,3.2469693330611724,0.2067902890700163,1.632292961175417,0.11884378411979248,1.35864703322185,0.44264606910287785,5.926541429400324,32.70751157394413,I,I,I,I,I,II,III,III,III,III,III,IV
173,182,1.6859681791394332,2.3828530771842096,2.909373996069899,10.126949620641945,1.4345639381137054,9.528640933064247,2.0832925036156023,16.444407060961566,0.7101040655260202,8.118058416359576,0.7496007402717939,10.036325075096109,93.97765180845322,I,II,II,I,I,II,III,IV,IV,III,III,IV
174,182,1.046787375851009,2.382123055859116,2.8311303504542105,9.854599122439993,1.2326638133953332,8.187582691134725,2.052111596061606,16.198281499880615,0.7679694964905412,8.779588143709926,0.7854453700876467,10.51624503475082,91.82340898862927,I,I,II,I,I,II,III,III,IV,III,III,IV
174,183,1.2379196391319045,2.3832837186056843,1.7171299436933354,5.9769862710563535,1.4875657957665063,9.8806891457239,0.6460453889288487,5.099539952726423,0.2360711931864261,2.698815328268093,0.35200174542971047,4.71291416128119,5.268872815117697,I,II,I,I,I,I,III,IV,III,III,III,III
175,183,1.6859681791394332,2.3828570365982227,1.7920677028842726,6.237829639092075,1.5252191337416154,10.130789631288797,0.6656816668063964,5.254538324784182,0.48893954574709736,5.589659300856104,0.32260516761253005,4.319326488246599,32.03233770298089,I,II,I,I,I,I,III,IV,III,III,III,III
176,178,1.3216372009101796,0.1705344734577519,1.09270878649689,3.803500975067126,0.47221809053020164,3.1365605304954167,0.5744350002363683,4.534285491622622,0.5904061086567433,6.749646301349549,0.4516732244463906,6.047405058080885,33.357007885747976,I,I,I,I,I,II,I,I,I,I,I,II
176,179,1.9824558013652696,0.25580171018662795,1.1430761196758166,3.978819599045375,0.45429775103681136,3.017530297060403,0.5700402067148437,4.4995953204193935,0.5930183352684559,6.77950982313483,0.5662868227688074,7.581954410811226,46.56635329319432,III,III,III,III,III,IV,I,I,I,I,I,II
176,182,1.4628390504825817,0.37262513223143895,3.115583130642098,10.84472241985915,1.3565795000389844,9.010653767042301,2.2049562474245645,17.40475618346015,0.9919737147540628,11.340451287096046,0.9535120563993896,12.766472132321802,94.17331394066498,I,I,II,I,I,II,I,I,II,I,I,II
177,179,1.3216372009101796,0.170534473457752,0.5539219250656465,1.9280915538828627,0.26993227757118776,1.7929404754186793,0.22825496945670362,1.8017237737471177,0.15580354922375814,1.7811788095279908,0.31394034326240505,4.2033140709363765,39.59328315991784,I,I,I,I,I,II,I,I,I,I,I,II
177,182,1.6051726730555205,0.3890857079754793,2.8547346185487745,9.936760863814145,1.3403858735545677,8.903092683095734,2.055793132454375,16.227341597273263,0.7439175781440306,8.50462157522838,0.7123727352143613,9.5378832505613,87.55215982691912,I,I,II,I,I,II,I,I,II,I,I,II
178,180,1.4628390504825817,0.38433939180003773,0.6355339139273551,2.2121665819677214,0.4628208355174864,3.0741422120129784,0.2745342392811553,2.1670278057812964,0.1823921151156987,2.085144864078188,0.17689704482516216,2.368455834295793,32.62036303030769,I,I,I,I,I,II,I,I,I,I,I,II
178,181,1.6051726730555205,0.3763978606725446,0.8341218381795783,2.90341147069182,0.490612880433877,3.2587421519446136,0.4709405111164477,3.7173548375255443,0.22573281443398158,2.5806248168806882,0.26712977651111175,3.5765723408053196,32.70972110865342,I,I,I,I,I,II,I,I,I,I,I,II
178,182,1.971451997499933,0.4224534180827738,2.8350773991433975,9.868338010351831,1.333370991677368,8.856498530810276,2.051925487075274,16.19681245416398,0.701229555512968,8.016603159024639,0.7101474963171323,9.508089762184754,61.57535622905371,III,III,IV,III,III,IV,I,I,II,I,I,II
178,183,1.6051726730555205,0.3999757680987768,1.4913541720521097,5.191105917392355,1.2523806740510453,8.31854575281783,0.6462086927886782,5.100828986859174,0.2531730185020292,2.8943269774453158,0.27503383969743705,3.682399007309541,33.064757190150196,I,I,I,I,I,II,I,I,I,I,I,II
178,184,1.3514990143174428,3.6057810741653387,0.5369848053069404,1.8691368238457844,0.23122374762385695,1.5358312081943384,0.1688952302685924,1.333169448059435,0.17255884032758656,1.9727288070107256,0.3513564532155044,4.704274412035675,32.671090006607486,I,I,I,I,I,II,III,III,III,III,III,IV
178,191,1.6563669719468912,3.618684326422997,2.19764456550408,7.649561668249226,0.22274738270987254,1.479529613307475,0.435146155665116,3.4348131634663863,0.6346284062327531,7.255204870095033,2.037693962708157,27.28246907264876,114.6217579354915,I,I,I,I,I,II,III,III,III,III,III,IV
178,196,1.727004989511532,2.645070309270969,0.4852851506749761,1.6891806550721113,0.22424137173687006,1.489452966751669,0.19281675704853907,1.5219933041460978,0.13072332631402298,1.4944564478897315,0.27857771427893885,3.7298475694766835,32.52044143157476,I,I,I,I,I,II,III,III,III,III,III,IV
178,198,1.5955767017258378,2.6465250347913,0.5691411403871794,1.981066601791816,0.24786356610789587,1.6463559825269865,0.20175444789948785,1.5925426995300658,0.12849217473557092,1.468949455705129,0.3865805714507807,5.175886407729105,32.61831823071458,I,I,I,I,I,II,III,III,III,III,III,IV
179,180,1.6051726730555205,0.4132679054938992,0.6624911330549377,2.3059992760065096,0.45664635532843645,3.0331301643052018,0.2822106600521117,2.22762140351649,0.15876934575239512,1.8150844166627371,0.27152916090375506,3.635475233402335,45.992798975301575,I,I,I,I,I,II,I,I,I,I,I,II
179,181,1.4628390504825817,0.3943039907775571,0.82966727424564,2.8879060236087497,0.4718503583677545,3.134117984964748,0.4516867117251763,3.56537554795835,0.1978106980621299,2.2614133339170324,0.3269895341125206,4.37802830786635,46.085447622180006,I,I,I,I,I,II,I,I,I,I,I,II
179,182,2.463742902979853,0.4691344115150947,2.8768313358698574,10.013675122137224,1.3420787964438803,8.914337392314367,2.061185204100918,16.269903753525316,0.7721012299753869,8.826822986346631,0.7564775836065489,10.128398403589735,48.30996448362223,III,III,IV,III,III,IV,I,I,II,I,I,II
179,183,1.971451997499933,0.43855161005992194,1.5236052161896503,5.303365358645065,1.2726308412791478,8.453051136108595,0.6149632457778874,4.854193985506548,0.20916003083540227,2.3911612834262064,0.4107522278327593,5.4995181599671,46.32199411290752,III,III,III,III,III,IV,I,I,I,I,I,II
179,184,1.504403804970076,3.599993683618041,0.640190110637138,2.2283738724595823,0.2249058192027176,1.493866350604933,0.22093412073964963,1.743936873383381,0.2042788532085247,2.335358638378306,0.45924256638802613,6.1487501772216016,46.066891302095165,I,I,I,I,I,II,III,III,III,III,III,IV
179,185,1.3514990143174428,3.6163655128901686,0.7871768726186553,2.7400054246418994,0.2645564969023772,1.7572335387203002,0.20430169230160325,1.6126492970239097,0.19549369080247628,2.234924821601498,0.6018737848965454,8.058424485026482,45.14090019524759,I,I,I,I,I,II,III,III,III,III,III,IV
179,188,1.6563669719468912,3.6986592884086105,0.5875173466093785,2.0450305042952825,0.2388117290660099,1.5862319945574064,0.21728793337156443,1.7151558024597024,0.14047905199648747,1.6059859473378995,0.3877124977990417,5.191041649955913,41.543895947554155,I,I,I,I,I,II,III,III,III,III,III,IV
179,196,1.5955767017258378,2.648402944541719,0.6140366842107093,2.137339020224914,0.2371073807603394,1.5749113955947946,0.19740627164480765,1.5582205003282383,0.14470070900056933,1.6542488144820031,0.44376012764191614,5.941457441418162,45.91928880600983,I,I,I,I,I,II,III,III,III,III,III,IV
179,198,1.727004989511532,2.6514239663686046,0.7154003841418888,2.490165808376443,0.24981697520167362,1.6593308896436851,0.23399044158044482,1.8469965513939963,0.1536417012559303,1.7564641107364634,0.5530579911293453,7.404834982341587,46.01925167079952,I,I,I,I,I,II,III,III,III,III,III,IV
180,182,1.3216372009101796,0.11155651847049466,3.035701671663621,10.566671020557726,1.4337536422993942,9.52325879730926,2.211376552108437,17.455434666435423,0.8154645826278196,9.322561916810127,0.7552180022372322,10.111534001779761,93.83166763779302,I,II,II,I,I,II,I,II,II,I,I,II
181,182,1.9824558013652696,0.16733477770574198,3.0228600351232138,10.521971849372799,1.283176266528073,8.523095815201534,2.249136067224136,17.753488269522574,0.741780791024727,8.480193377306458,0.869172385180467,11.637257189480469,93.87664149772235,III,III,IV,III,III,IV,I,I,II,I,I,II
181,183,1.3216372009101796,0.11155651847049461,1.6488884601497946,5.739451300709867,1.4569518571066817,9.677345661835766,0.5389324422341095,4.254047111999352,0.3030682134908098,3.464739297665626,0.22137851622927981,2.9640135530200933,4.341778835251228,I,II,I,I,I,I,I,II,I,I,I,I
184,191,0.8792535373350739,0.7688228927367126,2.3648800431871266,8.231674954326564,0.16906444203354357,1.1229575203212758,0.42522066437552475,3.356466594867499,0.6139738637090162,7.019077813637932,2.2297175874366384,29.853453086317856,147.2556340747311,I,I,I,I,I,II,I,I,I,I,I,II
185,191,1.0998945429556708,0.646925459408442,2.3255063967292293,8.094623157411242,0.1984933962385694,1.3184301167006338,0.40074482330096667,3.1632672754772053,0.6502225666644187,7.433480578521752,2.168162680421353,29.02930094293988,146.2945327879859,I,I,I,I,I,II,I,I,I,I,I,II
186,191,1.587391468336004,1.069267099262275,2.375594113312505,8.26896849188423,0.1511268742942882,1.0038128536676423,0.4106912781965196,3.2417793196726787,0.6101810772779411,6.975717884716198,2.2461417019804664,30.07335381983728,145.01590151456742,I,I,I,I,I,II,III,III,III,III,III,IV
187,191,1.0998945429556708,0.9125213240836395,2.408916533483485,8.384957179060656,0.1838804912458203,1.221368479386667,0.44067711716123614,3.4784716425915465,0.6442129101959191,7.36477692698387,2.2557487015997086,30.201980922233258,146.15987230102542,I,I,I,I,I,II,III,III,III,III,III,IV
188,191,0.6608186004550898,0.37156543473818743,2.2282286898237853,7.756018894647584,0.18279648806991522,1.2141683283448932,0.4451868097895606,3.5140687664573886,0.5871894271272642,6.712872524334497,2.0839118048531318,27.901274875679658,142.72501858971228,I,I,I,I,I,II,I,I,I,I,I,II
189,191,1.3216372009101796,0.7431308694763751,2.3985713569994305,8.348947686567703,0.14220851847218108,0.9445754728270915,0.42231773658593835,3.333552421194005,0.6359253128066823,7.270031377699829,2.264508122473292,30.319259882396757,146.50446010394063,I,I,I,I,I,II,I,I,I,I,I,II
