variant,model,input,fold,dataset_index,target,y_true,y_pred
src_gkf,M0_u,target_models,0,0,p_8_16,0.0342382099309782,0.11893116360511893
src_gkf,M0_u,target_models,0,5,p_8_16,0.9126072594872168,0.544301130544407
src_gkf,M0_u,target_models,0,13,p_8_16,0.8570775630331313,0.5179571351575372
src_gkf,M0_u,target_models,0,28,p_8_16,0.2504962607918012,0.21633104502021144
src_gkf,M0_u,target_models,0,50,p_8_16,0.8998240927744701,0.5180569635974104
src_gkf,M0_u,target_models,0,72,p_8_16,0.2776858930884566,0.1410075383362134
src_gkf,M0_u,target_models,0,78,p_8_16,0.7115431096112693,0.5398377352363679
src_gkf,M0_u,target_models,0,128,p_8_16,0.0803054078882494,0.2231117647047188
src_gkf,M0_u,target_models,0,138,p_8_16,0.1847908933976274,0.13447389523000808
src_gkf,M0_u,target_models,0,148,p_8_16,0.401710597995235,0.19486139930770452
src_gkf,M0_u,target_models,0,149,p_8_16,0.1328859474968257,0.2155590739413837
src_gkf,M0_u,target_models,0,158,p_8_16,0.4961240478265122,0.4322828500429582
src_gkf,M0_u,target_models,0,159,p_8_16,0.4015733472101155,0.47367819931031657
src_gkf,M0_u,target_models,0,168,p_8_16,0.1913327549278874,0.19656691913104574
src_gkf,M0_u,target_models,0,169,p_8_16,0.1842514902661812,0.17586924449736652
src_gkf,M0_u,target_models,0,178,p_8_16,0.1096771945811592,0.2645071139720772
src_gkf,M0_u,target_models,0,179,p_8_16,0.08059610386861,0.243809439338398
src_gkf,M0_u,target_models,0,188,p_8_16,0.0702510568476217,0.12578793670315597
src_gkf,M0_u,target_models,0,189,p_8_16,0.1838437744363198,0.18788096060419363
src_gkf,M0_u,target_models,0,198,p_8_16,0.1707622685467746,0.24208087340202947
src_gkf,M0_u,target_models,0,199,p_8_16,0.1371810986872629,0.26277854803570866
src_gkf,M0_u,target_models,1,4,p_8_16,0.5602002984476983,0.4260382049268795
src_gkf,M0_u,target_models,1,12,p_8_16,0.1921998610687837,0.40441058726562973
src_gkf,M0_u,target_models,1,27,p_8_16,0.4235140119089293,0.28236997058040186
src_gkf,M0_u,target_models,1,49,p_8_16,0.2454664380648269,0.38877835324048254
src_gkf,M0_u,target_models,1,54,p_8_16,0.591649700692359,0.5479905303680092
src_gkf,M0_u,target_models,1,77,p_8_16,0.6823572333973394,0.5132812843846332
src_gkf,M0_u,target_models,1,126,p_8_16,0.0358979214122202,0.0744325996306949
src_gkf,M0_u,target_models,1,136,p_8_16,0.0563523977609129,0.10517729125074185
src_gkf,M0_u,target_models,1,146,p_8_16,0.1241892480864522,0.09047615482598603
src_gkf,M0_u,target_models,1,147,p_8_16,0.1558258281900654,0.1359843834249145
src_gkf,M0_u,target_models,1,156,p_8_16,0.4358789631566422,0.4455568624757559
src_gkf,M0_u,target_models,1,157,p_8_16,0.2648002595102144,0.4910650910746843
src_gkf,M0_u,target_models,1,166,p_8_16,0.6945002041668196,0.5459027175664919
src_gkf,M0_u,target_models,1,167,p_8_16,0.0301198360435335,0.47764037466809917
src_gkf,M0_u,target_models,1,176,p_8_16,0.1664049856670875,0.32299747928827455
src_gkf,M0_u,target_models,1,177,p_8_16,0.1705521628824458,0.3002433649888103
src_gkf,M0_u,target_models,1,186,p_8_16,0.1825270019056839,0.3037286277468939
src_gkf,M0_u,target_models,1,187,p_8_16,0.1519809787257946,0.2809745134474297
src_gkf,M0_u,target_models,1,196,p_8_16,0.0937627138652451,0.24158520049672932
src_gkf,M0_u,target_models,1,197,p_8_16,0.1036259524185608,0.30984754339512205
src_gkf,M0_u,target_models,2,3,p_8_16,0.6397237770389178,0.4634246106723183
src_gkf,M0_u,target_models,2,11,p_8_16,0.1400912351783912,0.40811334150407513
src_gkf,M0_u,target_models,2,26,p_8_16,0.1868192616154143,0.12341260707464774
src_gkf,M0_u,target_models,2,48,p_8_16,0.2767720104089806,0.3759091691030245
src_gkf,M0_u,target_models,2,53,p_8_16,0.2736571121857817,0.15586920276062285
src_gkf,M0_u,target_models,2,76,p_8_16,0.2692309609802786,0.155820982403349
src_gkf,M0_u,target_models,2,124,p_8_16,0.0216273774759846,0.1098809625973049
src_gkf,M0_u,target_models,2,134,p_8_16,0.1717238418083919,0.008591559827844653
src_gkf,M0_u,target_models,2,144,p_8_16,0.0980992963841571,0.030842410263938524
src_gkf,M0_u,target_models,2,145,p_8_16,0.1444384491418675,0.07534411113612632
src_gkf,M0_u,target_models,2,154,p_8_16,0.0328626821146418,0.12310496840713647
src_gkf,M0_u,target_models,2,155,p_8_16,0.0416435958762092,0.1008541179710426
src_gkf,M0_u,target_models,2,164,p_8_16,0.6764301662347564,0.45590909943338376
src_gkf,M0_u,target_models,2,165,p_8_16,0.7778128600771657,0.47815994986947763
src_gkf,M0_u,target_models,2,174,p_8_16,0.5141086157929576,0.5274010252696788
src_gkf,M0_u,target_models,2,175,p_8_16,0.2465341404848374,0.4606484739613972
src_gkf,M0_u,target_models,2,184,p_8_16,0.0631820767179308,0.2428202625510979
src_gkf,M0_u,target_models,2,185,p_8_16,0.1389519509063684,0.22056941211500403
src_gkf,M0_u,target_models,2,194,p_8_16,0.3517594854261314,0.45738931756257484
src_gkf,M0_u,target_models,2,195,p_8_16,0.2138727626229319,0.43513846712648097
src_gkf,M0_u,target_models,3,2,p_8_16,0.2105184725521856,0.36318625423239786
src_gkf,M0_u,target_models,3,7,p_8_16,0.8153931899623513,0.47528639021739316
src_gkf,M0_u,target_models,3,25,p_8_16,0.4732961296022142,0.5971848265431854
src_gkf,M0_u,target_models,3,30,p_8_16,0.4418353332682509,0.4734414463071491
src_gkf,M0_u,target_models,3,52,p_8_16,0.1684546978474572,0.16678147328161386
src_gkf,M0_u,target_models,3,74,p_8_16,0.377942131592927,0.47740435402899917
src_gkf,M0_u,target_models,3,122,p_8_16,0.4406507189391591,0.40994536859328734
src_gkf,M0_u,target_models,3,132,p_8_16,0.3514324181582739,0.4366278674201691
src_gkf,M0_u,target_models,3,142,p_8_16,0.1697483102128793,0.07851076577097635
src_gkf,M0_u,target_models,3,143,p_8_16,0.0670632467328167,0.04930268144343189
src_gkf,M0_u,target_models,3,152,p_8_16,0.0364217616612413,0.021647445334024684
src_gkf,M0_u,target_models,3,153,p_8_16,0.0287520199617658,0.10927169831665814
src_gkf,M0_u,target_models,3,162,p_8_16,0.0687775708107536,0.45063765470087086
src_gkf,M0_u,target_models,3,163,p_8_16,0.4710725716838595,0.4798457390284153
src_gkf,M0_u,target_models,3,172,p_8_16,0.7385844374380425,0.46509852435475163
src_gkf,M0_u,target_models,3,173,p_8_16,0.7192385949231982,0.4358904400272071
src_gkf,M0_u,target_models,3,182,p_8_16,0.2227624333178619,0.5124399184336249
src_gkf,M0_u,target_models,3,183,p_8_16,0.7202682584473413,0.4832318341060804
src_gkf,M0_u,target_models,3,192,p_8_16,0.2693234213407359,0.4410504674724205
src_gkf,M0_u,target_models,3,193,p_8_16,0.5261741447507422,0.528674720455054
src_gkf,M0_u,target_models,4,1,p_8_16,0.2730637583192485,0.1687983483308635
src_gkf,M0_u,target_models,4,6,p_8_16,0.8934367400816127,0.5006919077726428
src_gkf,M0_u,target_models,4,24,p_8_16,0.2569624712389576,0.14009526440115566
src_gkf,M0_u,target_models,4,29,p_8_16,0.4925534341695751,0.3542691118583539
src_gkf,M0_u,target_models,4,51,p_8_16,0.034702128595685,0.180365191119493
src_gkf,M0_u,target_models,4,73,p_8_16,0.0992533930074463,0.10617450688293348
src_gkf,M0_u,target_models,4,120,p_8_16,0.6385208994142718,0.3872775320498076
src_gkf,M0_u,target_models,4,130,p_8_16,0.2186092713118247,0.4119342714921708
src_gkf,M0_u,target_models,4,140,p_8_16,0.3013360338424688,0.1232608522401267
src_gkf,M0_u,target_models,4,141,p_8_16,0.2359916126573756,0.09759956807160292
src_gkf,M0_u,target_models,4,150,p_8_16,0.1886239553165941,0.1503855765965108
src_gkf,M0_u,target_models,4,151,p_8_16,0.1255392642729608,0.124724292427987
src_gkf,M0_u,target_models,4,160,p_8_16,0.5088771820307446,0.48766128070433323
src_gkf,M0_u,target_models,4,161,p_8_16,0.3550479848987524,0.4619999965358095
src_gkf,M0_u,target_models,4,170,p_8_16,0.3336929555162605,0.22030613002006183
src_gkf,M0_u,target_models,4,171,p_8_16,0.2025555550279888,0.14332227751449045
src_gkf,M0_u,target_models,4,180,p_8_16,0.4111016568530389,0.4224408756439806
src_gkf,M0_u,target_models,4,181,p_8_16,0.2658185167522623,0.3967795914754567
src_gkf,M0_u,target_models,4,190,p_8_16,0.2090658333441498,0.14497762426165436
src_gkf,M0_u,target_models,4,191,p_8_16,0.0024359757659457,0.11931634009313058
src_gkf,M0_u,target_models,0,0,ilr_z2,-0.1063306799927708,-0.05262607549341192
src_gkf,M0_u,target_models,0,5,ilr_z2,-1.940805301438366,-0.702957242321194
src_gkf,M0_u,target_models,0,13,ilr_z2,-1.614473056844414,-0.7561450450295191
src_gkf,M0_u,target_models,0,28,ilr_z2,-0.6824863239163869,-0.30042821849179435
src_gkf,M0_u,target_models,0,50,ilr_z2,-1.7718920514165597,-0.7719762067491043
src_gkf,M0_u,target_models,0,72,ilr_z2,-0.5082702825940048,-0.16767649828797543
src_gkf,M0_u,target_models,0,78,ilr_z2,-1.3796513513227322,-0.8310840994597537
src_gkf,M0_u,target_models,0,128,ilr_z2,0.1414158584405125,-0.5732409535414935
src_gkf,M0_u,target_models,0,138,ilr_z2,0.1680977377995088,-0.12538903839559462
src_gkf,M0_u,target_models,0,148,ilr_z2,-1.0846568296883292,-0.599724218857403
src_gkf,M0_u,target_models,0,149,ilr_z2,-0.5480851664681791,-0.5614848497302104
src_gkf,M0_u,target_models,0,158,ilr_z2,-0.5748897410971575,-0.6467375318518758
src_gkf,M0_u,target_models,0,159,ilr_z2,-0.2812695282973182,-0.5702587935974905
src_gkf,M0_u,target_models,0,168,ilr_z2,0.1405350564302773,-0.010670931014016616
src_gkf,M0_u,target_models,0,169,ilr_z2,-0.1987183265929584,-0.048910300141209284
src_gkf,M0_u,target_models,0,178,ilr_z2,-0.3004689083387473,-0.49676221528710823
src_gkf,M0_u,target_models,0,179,ilr_z2,-0.2103805063433689,-0.5350015844143009
src_gkf,M0_u,target_models,0,188,ilr_z2,0.4089178641829663,-0.0636659402757912
src_gkf,M0_u,target_models,0,189,ilr_z2,0.3408069820378084,0.05105216710578686
src_gkf,M0_u,target_models,0,198,ilr_z2,0.2395243924105265,-0.39060008783134303
src_gkf,M0_u,target_models,0,199,ilr_z2,0.2216781958750436,-0.3523607187041504
src_gkf,M0_u,target_models,1,4,ilr_z2,-0.7349798880860732,-0.7339118976061907
src_gkf,M0_u,target_models,1,12,ilr_z2,-0.4873426315596991,-0.7762701275289783
src_gkf,M0_u,target_models,1,27,ilr_z2,-0.8482571589845281,-0.22675318523255855
src_gkf,M0_u,target_models,1,49,ilr_z2,0.4084297996084903,-0.4314856503163191
src_gkf,M0_u,target_models,1,54,ilr_z2,-1.861872604120544,-0.973603434494055
src_gkf,M0_u,target_models,1,77,ilr_z2,-1.1400707101175642,-0.671705698908305
src_gkf,M0_u,target_models,1,126,ilr_z2,0.1514234499286074,-0.3563748317640078
src_gkf,M0_u,target_models,1,136,ilr_z2,0.4252380211941015,-0.0717682441337879
src_gkf,M0_u,target_models,1,146,ilr_z2,-0.0911109063822424,-0.10649806258710393
src_gkf,M0_u,target_models,1,147,ilr_z2,-0.2928733932939545,-0.052366057312341396
src_gkf,M0_u,target_models,1,156,ilr_z2,-0.9637846254921072,-0.7546357655331314
src_gkf,M0_u,target_models,1,157,ilr_z2,-0.5841810634522199,-0.7005037602583689
src_gkf,M0_u,target_models,1,166,ilr_z2,-1.1747991448331432,-0.8656736819296273
src_gkf,M0_u,target_models,1,167,ilr_z2,-1.8398507875353969,-0.9468716898417712
src_gkf,M0_u,target_models,1,176,ilr_z2,-0.5854125650361839,-0.48660181330533664
src_gkf,M0_u,target_models,1,177,ilr_z2,-0.0236528747301991,-0.5136678159427179
src_gkf,M0_u,target_models,1,186,ilr_z2,0.7221347853067828,-0.18352892595342968
src_gkf,M0_u,target_models,1,187,ilr_z2,0.7842535575418991,-0.21059492859081091
src_gkf,M0_u,target_models,1,196,ilr_z2,0.3618674458676895,-0.4691476124664068
src_gkf,M0_u,target_models,1,197,ilr_z2,0.5899138604097636,-0.38794960455426303
src_gkf,M0_u,target_models,2,3,ilr_z2,-0.8615461618228943,-0.6229587688803879
src_gkf,M0_u,target_models,2,11,ilr_z2,-1.0402091290257125,-0.7272572389034022
src_gkf,M0_u,target_models,2,26,ilr_z2,-0.6587406275693465,0.0036756558975503117
src_gkf,M0_u,target_models,2,48,ilr_z2,0.3640795136307608,-0.3937458861474424
src_gkf,M0_u,target_models,2,53,ilr_z2,-0.7207427361215213,-0.03811094865399045
src_gkf,M0_u,target_models,2,76,ilr_z2,-0.3573739449687065,-0.08053582957041455
src_gkf,M0_u,target_models,2,124,ilr_z2,-0.3102629865565866,-0.6710714647576638
src_gkf,M0_u,target_models,2,134,ilr_z2,0.2143441042381721,-0.20781921228702321
src_gkf,M0_u,target_models,2,144,ilr_z2,-0.3027621608401571,-0.16626369705629102
src_gkf,M0_u,target_models,2,145,ilr_z2,-0.3019965021691972,-0.08315266659482662
src_gkf,M0_u,target_models,2,154,ilr_z2,-0.4000705590825106,-0.005972505477620349
src_gkf,M0_u,target_models,2,155,ilr_z2,-0.3930149251358204,-0.04752802070835255
src_gkf,M0_u,target_models,2,164,ilr_z2,-1.5662458140815316,-1.0281741859311808
src_gkf,M0_u,target_models,2,165,ilr_z2,-1.8451569596223183,-0.9866186707004487
src_gkf,M0_u,target_models,2,174,ilr_z2,-0.3646944726413303,-0.6779597937907659
src_gkf,M0_u,target_models,2,175,ilr_z2,-1.467424952332843,-0.8026263394829625
src_gkf,M0_u,target_models,2,184,ilr_z2,0.3488021013448888,-0.15019880200834834
src_gkf,M0_u,target_models,2,185,ilr_z2,0.7956564068517197,-0.19175431723908054
src_gkf,M0_u,target_models,2,194,ilr_z2,0.0179663222611397,-0.7966954701387045
src_gkf,M0_u,target_models,2,195,ilr_z2,0.0779337797703519,-0.8382509853694367
src_gkf,M0_u,target_models,3,2,ilr_z2,0.5182216181845284,-0.4046131922569521
src_gkf,M0_u,target_models,3,7,ilr_z2,-1.6695954016433885,-0.9830389652889271
src_gkf,M0_u,target_models,3,25,ilr_z2,-0.5036461443379504,-0.8540812664620134
src_gkf,M0_u,target_models,3,30,ilr_z2,-0.2541646557020384,-0.7596993993569567
src_gkf,M0_u,target_models,3,52,ilr_z2,-0.4788069946524049,0.060350731839852845
src_gkf,M0_u,target_models,3,74,ilr_z2,-0.1906594115687575,-0.5924244574743153
src_gkf,M0_u,target_models,3,122,ilr_z2,-1.311453182628654,-1.1152418613763644
src_gkf,M0_u,target_models,3,132,ilr_z2,-0.2458171955326751,-1.034960099108888
src_gkf,M0_u,target_models,3,142,ilr_z2,-0.480606705362266,-0.34008913196384466
src_gkf,M0_u,target_models,3,143,ilr_z2,-0.3130092631134917,-0.38028069822252164
src_gkf,M0_u,target_models,3,152,ilr_z2,-0.4809182251615883,0.019675104711809333
src_gkf,M0_u,target_models,3,153,ilr_z2,-0.5677240117208077,0.14024980348784039
src_gkf,M0_u,target_models,3,162,ilr_z2,-0.3653410610632664,-0.8993428342268277
src_gkf,M0_u,target_models,3,163,ilr_z2,-1.0196527553436392,-0.8591512679681507
src_gkf,M0_u,target_models,3,172,ilr_z2,-1.1143412015365697,-0.6828553241581683
src_gkf,M0_u,target_models,3,173,ilr_z2,-1.210042262040108,-0.7230468904168452
src_gkf,M0_u,target_models,3,182,ilr_z2,-0.3812710159046805,-1.3066398606461913
src_gkf,M0_u,target_models,3,183,ilr_z2,-2.0975168160602387,-1.3468314269048682
src_gkf,M0_u,target_models,3,192,ilr_z2,-0.1113100533321576,-0.9366367826725144
src_gkf,M0_u,target_models,3,193,ilr_z2,-0.474274868869831,-0.8160620838964834
src_gkf,M0_u,target_models,4,1,ilr_z2,-0.0692891450335584,-0.044898527945047007
src_gkf,M0_u,target_models,4,6,ilr_z2,-1.94356293461084,-1.019725314803491
src_gkf,M0_u,target_models,4,24,ilr_z2,-0.5464013923450972,0.2979331506211466
src_gkf,M0_u,target_models,4,29,ilr_z2,-0.5972960389338273,-0.41729492560563075
src_gkf,M0_u,target_models,4,51,ilr_z2,-0.7375842381192994,0.12667010744755342
src_gkf,M0_u,target_models,4,73,ilr_z2,-0.5316165113290052,0.09754964940418526
src_gkf,M0_u,target_models,4,120,ilr_z2,-1.0981870534730027,-0.8895539710368432
src_gkf,M0_u,target_models,4,130,ilr_z2,-0.1934901388372158,-0.89499717277322
src_gkf,M0_u,target_models,4,140,ilr_z2,-0.3867737094612926,-0.3894269001376133
src_gkf,M0_u,target_models,4,141,ilr_z2,-0.4725933192029717,-0.43038748513917796
src_gkf,M0_u,target_models,4,150,ilr_z2,-0.2525456694938448,-0.7683199593591443
src_gkf,M0_u,target_models,4,151,ilr_z2,-0.5620448925305433,-0.809280544360709
src_gkf,M0_u,target_models,4,160,ilr_z2,-0.3107548375241632,-0.681532881021242
src_gkf,M0_u,target_models,4,161,ilr_z2,-0.1572727872297372,-0.7224934660228067
src_gkf,M0_u,target_models,4,170,ilr_z2,-0.0247410900691029,0.3034601836745721
src_gkf,M0_u,target_models,4,171,ilr_z2,-0.0737937005648459,0.180578428669878
src_gkf,M0_u,target_models,4,180,ilr_z2,-1.4995081502942065,-1.499399208997312
src_gkf,M0_u,target_models,4,181,ilr_z2,-0.6007342862334806,-1.540359793998877
src_gkf,M0_u,target_models,4,190,ilr_z2,0.4656972323647224,0.3721097595132952
src_gkf,M0_u,target_models,4,191,ilr_z2,-0.2083022863756323,0.3311491745117306
src_gkf,M0_u,target_models,0,0,A2_8_16,0.036720770646403,0.12343573539675984
src_gkf,M0_u,target_models,0,5,A2_8_16,0.9554864475023206,0.8199104920998804
src_gkf,M0_u,target_models,0,13,A2_8_16,0.9553992553647612,0.8213024560942532
src_gkf,M0_u,target_models,0,28,A2_8_16,0.3652046962555679,0.29235163831479377
src_gkf,M0_u,target_models,0,50,A2_8_16,0.968531796740373,0.8151762295187259
src_gkf,M0_u,target_models,0,72,A2_8_16,0.2830216597611039,0.11691838355146666
src_gkf,M0_u,target_models,0,78,A2_8_16,0.9225443341069854,0.8258114872298262
src_gkf,M0_u,target_models,0,128,A2_8_16,0.2058224448213799,0.45879223800761415
src_gkf,M0_u,target_models,0,138,A2_8_16,0.1424116865615261,0.11361518125039488
src_gkf,M0_u,target_models,0,148,A2_8_16,0.8280700095585045,0.4917265923918535
src_gkf,M0_u,target_models,0,149,A2_8_16,0.1094047470852526,0.5002098295901145
src_gkf,M0_u,target_models,0,158,A2_8_16,0.8997282243113676,0.6422406178168899
src_gkf,M0_u,target_models,0,159,A2_8_16,0.906662852903617,0.6592070922134118
src_gkf,M0_u,target_models,0,168,A2_8_16,0.0994156775443189,0.1390648928451777
src_gkf,M0_u,target_models,0,169,A2_8_16,0.097587665196269,0.13058165564691676
src_gkf,M0_u,target_models,0,178,A2_8_16,0.172460089101729,0.47575871240413603
src_gkf,M0_u,target_models,0,179,A2_8_16,0.2284488983539017,0.4672754752058751
src_gkf,M0_u,target_models,0,188,A2_8_16,0.1067703608298211,0.1236257495263765
src_gkf,M0_u,target_models,0,189,A2_8_16,0.2393366975971487,0.14907546112115933
src_gkf,M0_u,target_models,0,198,A2_8_16,0.2957720351316506,0.48189084354239253
src_gkf,M0_u,target_models,0,199,A2_8_16,0.3726363977494947,0.4903740807406535
src_gkf,M0_u,target_models,1,4,A2_8_16,0.7663973995223651,0.6298183034000115
src_gkf,M0_u,target_models,1,12,A2_8_16,0.5767620748559564,0.6215060995546213
src_gkf,M0_u,target_models,1,27,A2_8_16,0.4289387730949569,0.34125075320372167
src_gkf,M0_u,target_models,1,49,A2_8_16,0.1529213376419045,0.5111866859598617
src_gkf,M0_u,target_models,1,54,A2_8_16,0.9009628591577852,0.818101896150697
src_gkf,M0_u,target_models,1,77,A2_8_16,0.8985651245461259,0.7021617915981928
src_gkf,M0_u,target_models,1,126,A2_8_16,0.2904552971923126,0.2538787544782926
src_gkf,M0_u,target_models,1,136,A2_8_16,0.0137397427233426,0.11536687468476442
src_gkf,M0_u,target_models,1,146,A2_8_16,0.1449642119347632,0.1402885345668996
src_gkf,M0_u,target_models,1,147,A2_8_16,0.2034555409043313,0.1711960854819245
src_gkf,M0_u,target_models,1,156,A2_8_16,0.5005700460312731,0.6464074175577267
src_gkf,M0_u,target_models,1,157,A2_8_16,0.8479548796209171,0.6773149684727515
src_gkf,M0_u,target_models,1,166,A2_8_16,0.839874019631054,0.864931744953906
src_gkf,M0_u,target_models,1,167,A2_8_16,0.9097755639079348,0.8185704185813686
src_gkf,M0_u,target_models,1,176,A2_8_16,0.614173452796375,0.4957444524543433
src_gkf,M0_u,target_models,1,177,A2_8_16,0.5292008183387338,0.48029067699683087
src_gkf,M0_u,target_models,1,186,A2_8_16,0.1398920757864579,0.3542594808830764
src_gkf,M0_u,target_models,1,187,A2_8_16,0.0839330958615748,0.338805705425564
src_gkf,M0_u,target_models,1,196,A2_8_16,0.3743380418133872,0.4581034888786379
src_gkf,M0_u,target_models,1,197,A2_8_16,0.2879994399522551,0.5044648152511753
src_gkf,M0_u,target_models,2,3,A2_8_16,0.6848565322463434,0.6589225823604592
src_gkf,M0_u,target_models,2,11,A2_8_16,0.814635835404978,0.6353740521959336
src_gkf,M0_u,target_models,2,26,A2_8_16,0.3277592868738584,0.11623128678411498
src_gkf,M0_u,target_models,2,48,A2_8_16,0.1439422060414616,0.5014920502666116
src_gkf,M0_u,target_models,2,53,A2_8_16,0.1494548018772401,0.14416880109622288
src_gkf,M0_u,target_models,2,76,A2_8_16,0.083768854819673,0.16028905433590745
src_gkf,M0_u,target_models,2,124,A2_8_16,0.3621450261390208,0.38302025541278273
src_gkf,M0_u,target_models,2,134,A2_8_16,0.1202840571694714,0.08223596198534094
src_gkf,M0_u,target_models,2,144,A2_8_16,0.2757511201425458,0.09684662463624788
src_gkf,M0_u,target_models,2,145,A2_8_16,0.1384471986498286,0.1260679499380617
src_gkf,M0_u,target_models,2,154,A2_8_16,0.7523513143574082,0.2449414304590416
src_gkf,M0_u,target_models,2,155,A2_8_16,0.3496725676947528,0.2303307678081347
src_gkf,M0_u,target_models,2,164,A2_8_16,0.9582380550196586,0.8090371442411226
src_gkf,M0_u,target_models,2,165,A2_8_16,0.9755310556113246,0.8236478068920295
src_gkf,M0_u,target_models,2,174,A2_8_16,0.7674693265969352,0.8199271991267199
src_gkf,M0_u,target_models,2,175,A2_8_16,0.6893771332113418,0.7760952111739992
src_gkf,M0_u,target_models,2,184,A2_8_16,0.0813683298711656,0.3032312862903569
src_gkf,M0_u,target_models,2,185,A2_8_16,0.1527146446101141,0.28862062363944996
src_gkf,M0_u,target_models,2,194,A2_8_16,0.678886742368729,0.6864430559548331
src_gkf,M0_u,target_models,2,195,A2_8_16,0.8367731569721454,0.6718323933039262
src_gkf,M0_u,target_models,3,2,A2_8_16,0.2995539380411224,0.4918763123311489
src_gkf,M0_u,target_models,3,7,A2_8_16,0.9327131526105767,0.8044029782995996
src_gkf,M0_u,target_models,3,25,A2_8_16,0.6984861392748491,0.8888879140078156
src_gkf,M0_u,target_models,3,30,A2_8_16,0.8450779829639314,0.6911594826751746
src_gkf,M0_u,target_models,3,52,A2_8_16,0.0120799449422375,0.15004562162409218
src_gkf,M0_u,target_models,3,74,A2_8_16,0.1678917533058013,0.5965090194561877
src_gkf,M0_u,target_models,3,122,A2_8_16,0.909510154376974,0.810762582567714
src_gkf,M0_u,target_models,3,132,A2_8_16,0.4032794241209796,0.6704792610390489
src_gkf,M0_u,target_models,3,142,A2_8_16,0.5504001774406915,0.21926143780969753
src_gkf,M0_u,target_models,3,143,A2_8_16,0.4887500345928944,0.20014256969720026
src_gkf,M0_u,target_models,3,152,A2_8_16,0.1916593851968016,0.18238915477461265
src_gkf,M0_u,target_models,3,153,A2_8_16,0.4093289965880195,0.23974575911210444
src_gkf,M0_u,target_models,3,162,A2_8_16,0.4118082086874167,0.6655697393768655
src_gkf,M0_u,target_models,3,163,A2_8_16,0.7829337262209217,0.6846886074893628
src_gkf,M0_u,target_models,3,172,A2_8_16,0.8921688865244534,0.8096328027796982
src_gkf,M0_u,target_models,3,173,A2_8_16,0.9661076702374072,0.790513934667201
src_gkf,M0_u,target_models,3,182,A2_8_16,0.7136233011207184,0.8529004877366532
src_gkf,M0_u,target_models,3,183,A2_8_16,0.9408544635622768,0.8337816196241559
src_gkf,M0_u,target_models,3,192,A2_8_16,0.753824022764901,0.6978312632804514
src_gkf,M0_u,target_models,3,193,A2_8_16,0.683685936277253,0.7551878676179432
src_gkf,M0_u,target_models,4,1,A2_8_16,0.1961232572137329,0.24158652195719338
src_gkf,M0_u,target_models,4,6,A2_8_16,0.9570384606388984,0.8116663205019332
src_gkf,M0_u,target_models,4,24,A2_8_16,0.1397929970599265,0.07484003977831566
src_gkf,M0_u,target_models,4,29,A2_8_16,0.6757951785952275,0.481599092099098
src_gkf,M0_u,target_models,4,51,A2_8_16,0.12792012603282,0.12420572897993543
src_gkf,M0_u,target_models,4,73,A2_8_16,0.295870409956582,0.09987795232690355
src_gkf,M0_u,target_models,4,120,A2_8_16,0.8944943574816656,0.7903396308950719
src_gkf,M0_u,target_models,4,130,A2_8_16,0.4419164485789251,0.6744275537723172
src_gkf,M0_u,target_models,4,140,A2_8_16,0.2161409599196409,0.3637597930725377
src_gkf,M0_u,target_models,4,141,A2_8_16,0.3554970461969606,0.3586962050234418
src_gkf,M0_u,target_models,4,150,A2_8_16,0.2602332049451156,0.5431098124468826
src_gkf,M0_u,target_models,4,151,A2_8_16,0.092540025386341,0.5380462243977867
src_gkf,M0_u,target_models,4,160,A2_8_16,0.7199290861368496,0.6708284315553106
src_gkf,M0_u,target_models,4,161,A2_8_16,0.8205349159920327,0.6657648435062147
src_gkf,M0_u,target_models,4,170,A2_8_16,0.1742853627065956,0.10276565636713997
src_gkf,M0_u,target_models,4,171,A2_8_16,0.1599474558842803,0.08757489221985232
src_gkf,M0_u,target_models,4,180,A2_8_16,0.876658817811322,0.9365318488817955
src_gkf,M0_u,target_models,4,181,A2_8_16,0.4323368626607115,0.9314682608326996
src_gkf,M0_u,target_models,4,190,A2_8_16,0.1571360648425355,0.07443455797987619
src_gkf,M0_u,target_models,4,191,A2_8_16,0.1248771653523978,0.06937096993078029
src_gkf,M0_u,target_models,0,0,angular_entropy_8_16,0.9336741740150308,0.9689707439781188
src_gkf,M0_u,target_models,0,5,angular_entropy_8_16,0.2977525663111084,0.453209986323271
src_gkf,M0_u,target_models,0,13,angular_entropy_8_16,0.3072768389189138,0.46372943171548453
src_gkf,M0_u,target_models,0,28,angular_entropy_8_16,0.8950148339178446,0.8453254357550979
src_gkf,M0_u,target_models,0,50,angular_entropy_8_16,0.2884001251722402,0.4522431726316108
src_gkf,M0_u,target_models,0,72,angular_entropy_8_16,0.9313320998754409,0.9440672766374713
src_gkf,M0_u,target_models,0,78,angular_entropy_8_16,0.3692855088966826,0.43509726907858376
src_gkf,M0_u,target_models,0,128,angular_entropy_8_16,0.9260806406075238,0.7527116180310032
src_gkf,M0_u,target_models,0,138,angular_entropy_8_16,0.9291252861861126,0.9591659427872405
src_gkf,M0_u,target_models,0,148,angular_entropy_8_16,0.4855636245332228,0.756316240023519
src_gkf,M0_u,target_models,0,149,angular_entropy_8_16,0.8920301113985419,0.7481685509776568
src_gkf,M0_u,target_models,0,158,angular_entropy_8_16,0.443095790045536,0.5798957238527893
src_gkf,M0_u,target_models,0,159,angular_entropy_8_16,0.3175805320209709,0.5636003457610648
src_gkf,M0_u,target_models,0,168,angular_entropy_8_16,0.9489140989270426,0.9347228756496537
src_gkf,M0_u,target_models,0,169,angular_entropy_8_16,0.9460381156279748,0.942870564695516
src_gkf,M0_u,target_models,0,178,angular_entropy_8_16,0.9018638342756242,0.7364162399392786
src_gkf,M0_u,target_models,0,179,angular_entropy_8_16,0.9261454327046916,0.7445639289851409
src_gkf,M0_u,target_models,0,188,angular_entropy_8_16,0.920884974370498,0.9640913290032741
src_gkf,M0_u,target_models,0,189,angular_entropy_8_16,0.9420986012995588,0.9396482618656872
src_gkf,M0_u,target_models,0,198,angular_entropy_8_16,0.9172874280680208,0.7318825708431591
src_gkf,M0_u,target_models,0,199,angular_entropy_8_16,0.8870591115502044,0.7237348817972968
src_gkf,M0_u,target_models,1,4,angular_entropy_8_16,0.4797589507759083,0.6064201115149712
src_gkf,M0_u,target_models,1,12,angular_entropy_8_16,0.8460415028747486,0.6174419381477707
src_gkf,M0_u,target_models,1,27,angular_entropy_8_16,0.7550180697432503,0.7910424502631808
src_gkf,M0_u,target_models,1,49,angular_entropy_8_16,0.8931434690263835,0.6695657485232271
src_gkf,M0_u,target_models,1,54,angular_entropy_8_16,0.3680154583415413,0.4665309948425962
src_gkf,M0_u,target_models,1,77,angular_entropy_8_16,0.3569701574235101,0.5260786320500221
src_gkf,M0_u,target_models,1,126,angular_entropy_8_16,0.89885340511558,0.9067436499463795
src_gkf,M0_u,target_models,1,136,angular_entropy_8_16,0.934421785090228,0.9678858408264077
src_gkf,M0_u,target_models,1,146,angular_entropy_8_16,0.9231359438631118,0.9474318348273105
src_gkf,M0_u,target_models,1,147,angular_entropy_8_16,0.9269865002523372,0.9143431810813418
src_gkf,M0_u,target_models,1,156,angular_entropy_8_16,0.6888607676843875,0.5863341972210744
src_gkf,M0_u,target_models,1,157,angular_entropy_8_16,0.4699264956424556,0.5532455434751056
src_gkf,M0_u,target_models,1,166,angular_entropy_8_16,0.5735781124762749,0.4307766249044834
src_gkf,M0_u,target_models,1,167,angular_entropy_8_16,0.3864674284362529,0.4804096055234365
src_gkf,M0_u,target_models,1,176,angular_entropy_8_16,0.6525457217288756,0.6999227749301966
src_gkf,M0_u,target_models,1,177,angular_entropy_8_16,0.7347081037517762,0.716467101803181
src_gkf,M0_u,target_models,1,186,angular_entropy_8_16,0.9236751177150362,0.7747093313543317
src_gkf,M0_u,target_models,1,187,angular_entropy_8_16,0.9195262355547972,0.7912536582273161
src_gkf,M0_u,target_models,1,196,angular_entropy_8_16,0.8308767765595593,0.7477369038687579
src_gkf,M0_u,target_models,1,197,angular_entropy_8_16,0.9135802614189036,0.6981039232498049
src_gkf,M0_u,target_models,2,3,angular_entropy_8_16,0.4779772055305059,0.5706961642808622
src_gkf,M0_u,target_models,2,11,angular_entropy_8_16,0.4137629142447426,0.5988696810288414
src_gkf,M0_u,target_models,2,26,angular_entropy_8_16,0.9225450729133732,0.9698817483455917
src_gkf,M0_u,target_models,2,48,angular_entropy_8_16,0.920817709025902,0.6814642834212354
src_gkf,M0_u,target_models,2,53,angular_entropy_8_16,0.9549473698303074,0.9435170176076592
src_gkf,M0_u,target_models,2,76,angular_entropy_8_16,0.9276734581533804,0.9310481143962785
src_gkf,M0_u,target_models,2,124,angular_entropy_8_16,0.9147947212843128,0.8236539752553897
src_gkf,M0_u,target_models,2,134,angular_entropy_8_16,0.9256549829438804,1.0146454416344215
src_gkf,M0_u,target_models,2,144,angular_entropy_8_16,0.9229279357306308,1.000875538161552
src_gkf,M0_u,target_models,2,145,angular_entropy_8_16,0.922783471297476,0.9733357312158131
src_gkf,M0_u,target_models,2,154,angular_entropy_8_16,0.670712883086662,0.9015208146176419
src_gkf,M0_u,target_models,2,155,angular_entropy_8_16,0.9125242508369932,0.9152907180905113
src_gkf,M0_u,target_models,2,164,angular_entropy_8_16,0.2978953473076548,0.481474692124195
src_gkf,M0_u,target_models,2,165,angular_entropy_8_16,0.2891071456764625,0.4677047886513256
src_gkf,M0_u,target_models,2,174,angular_entropy_8_16,0.5122610972711229,0.46467044149393233
src_gkf,M0_u,target_models,2,175,angular_entropy_8_16,0.6689971221992281,0.5059801519125408
src_gkf,M0_u,target_models,2,184,angular_entropy_8_16,0.9037991223507064,0.8298342321410707
src_gkf,M0_u,target_models,2,185,angular_entropy_8_16,0.9311772202530342,0.8436041356139401
src_gkf,M0_u,target_models,2,194,angular_entropy_8_16,0.5879662490128611,0.550255261564973
src_gkf,M0_u,target_models,2,195,angular_entropy_8_16,0.4632606662863817,0.5640251650378424
src_gkf,M0_u,target_models,3,2,angular_entropy_8_16,0.9205390814978176,0.6901477941257037
src_gkf,M0_u,target_models,3,7,angular_entropy_8_16,0.3347323640142271,0.48166855829334587
src_gkf,M0_u,target_models,3,25,angular_entropy_8_16,0.5816707058259681,0.39779087787281764
src_gkf,M0_u,target_models,3,30,angular_entropy_8_16,0.4270172017517478,0.5440697285511024
src_gkf,M0_u,target_models,3,52,angular_entropy_8_16,0.9454630740160777,0.937555419033474
src_gkf,M0_u,target_models,3,74,angular_entropy_8_16,0.8628655108189245,0.584917765350875
src_gkf,M0_u,target_models,3,122,angular_entropy_8_16,0.3799420973435737,0.4901956649322285
src_gkf,M0_u,target_models,3,132,angular_entropy_8_16,0.7889791128491267,0.5596384719652958
src_gkf,M0_u,target_models,3,142,angular_entropy_8_16,0.7039581650501197,0.9343422145575409
src_gkf,M0_u,target_models,3,143,angular_entropy_8_16,0.8428423390558621,0.953378881974187
src_gkf,M0_u,target_models,3,152,angular_entropy_8_16,0.8968868497699488,0.9760631838119733
src_gkf,M0_u,target_models,3,153,angular_entropy_8_16,0.8461600288419651,0.9189531815620352
src_gkf,M0_u,target_models,3,162,angular_entropy_8_16,0.7431830317351423,0.5637948368104819
src_gkf,M0_u,target_models,3,163,angular_entropy_8_16,0.5337060876810991,0.5447581693938359
src_gkf,M0_u,target_models,3,172,angular_entropy_8_16,0.3591420375657302,0.4890070317120751
src_gkf,M0_u,target_models,3,173,angular_entropy_8_16,0.2972264256107618,0.5080436991287212
src_gkf,M0_u,target_models,3,182,angular_entropy_8_16,0.6347594924442568,0.4427081303625393
src_gkf,M0_u,target_models,3,183,angular_entropy_8_16,0.3362955887065682,0.46174479777918537
src_gkf,M0_u,target_models,3,192,angular_entropy_8_16,0.5403562611206696,0.5397981219871857
src_gkf,M0_u,target_models,3,193,angular_entropy_8_16,0.555296814064717,0.48268811973724757
src_gkf,M0_u,target_models,4,1,angular_entropy_8_16,0.9344989266450388,0.8901485528682185
src_gkf,M0_u,target_models,4,6,angular_entropy_8_16,0.3059312830097316,0.46046513037455733
src_gkf,M0_u,target_models,4,24,angular_entropy_8_16,0.9474204100320134,0.9960211449111385
src_gkf,M0_u,target_models,4,29,angular_entropy_8_16,0.6262326218701938,0.6996094335188073
src_gkf,M0_u,target_models,4,51,angular_entropy_8_16,0.9174741956782942,0.952413401019611
src_gkf,M0_u,target_models,4,73,angular_entropy_8_16,0.9116719197777746,0.9737156883120839
src_gkf,M0_u,target_models,4,120,angular_entropy_8_16,0.3697450945985387,0.5127055316701017
src_gkf,M0_u,target_models,4,130,angular_entropy_8_16,0.7711020866117768,0.5503446183030023
src_gkf,M0_u,target_models,4,140,angular_entropy_8_16,0.9186711438978736,0.8484776075041949
src_gkf,M0_u,target_models,4,141,angular_entropy_8_16,0.8244759686032876,0.8570328888232777
src_gkf,M0_u,target_models,4,150,angular_entropy_8_16,0.8955164962962591,0.730262290851891
src_gkf,M0_u,target_models,4,151,angular_entropy_8_16,0.9379010426946844,0.7388175721709738
src_gkf,M0_u,target_models,4,160,angular_entropy_8_16,0.529106012565758,0.5543956812413742
src_gkf,M0_u,target_models,4,161,angular_entropy_8_16,0.4332499422431948,0.562950962560457
src_gkf,M0_u,target_models,4,170,angular_entropy_8_16,0.9237814123548176,0.954375812296179
src_gkf,M0_u,target_models,4,171,angular_entropy_8_16,0.9189652508805556,0.9800416562534273
src_gkf,M0_u,target_models,4,180,angular_entropy_8_16,0.4177840495857789,0.41873526268113165
src_gkf,M0_u,target_models,4,181,angular_entropy_8_16,0.7990186769658371,0.42729054400021443
src_gkf,M0_u,target_models,4,190,angular_entropy_8_16,0.9351595528240708,0.9977223508000042
src_gkf,M0_u,target_models,4,191,angular_entropy_8_16,0.8997282864766862,1.0062776321190872
src_gkf,M0_u,target_models,0,0,lambda_star_4_32,15.036163152530207,12.737614011102208
src_gkf,M0_u,target_models,0,5,lambda_star_4_32,9.476722768932733,9.577596951162155
src_gkf,M0_u,target_models,0,13,lambda_star_4_32,9.57889903024946,10.411947853479477
src_gkf,M0_u,target_models,0,28,lambda_star_4_32,16.448715843082976,12.56712657227522
src_gkf,M0_u,target_models,0,50,lambda_star_4_32,9.324161269491098,9.750145511802263
src_gkf,M0_u,target_models,0,72,lambda_star_4_32,14.56665793369415,12.223010596783388
src_gkf,M0_u,target_models,0,78,lambda_star_4_32,10.267739738899023,9.87286450304287
src_gkf,M0_u,target_models,0,128,lambda_star_4_32,10.626113959029189,13.6090723631271
src_gkf,M0_u,target_models,0,138,lambda_star_4_32,15.304477293099653,12.467874167914639
src_gkf,M0_u,target_models,0,148,lambda_star_4_32,13.505688064382563,15.173291564435011
src_gkf,M0_u,target_models,0,149,lambda_star_4_32,15.949985575742025,14.927667426403387
src_gkf,M0_u,target_models,0,158,lambda_star_4_32,11.444534053265324,10.864686256739567
src_gkf,M0_u,target_models,0,159,lambda_star_4_32,9.024660111865645,10.373437980676316
src_gkf,M0_u,target_models,0,168,lambda_star_4_32,9.864797093561378,11.73100175381976
src_gkf,M0_u,target_models,0,169,lambda_star_4_32,11.80156011694523,11.976625891851386
src_gkf,M0_u,target_models,0,178,lambda_star_4_32,12.712627116310939,13.117824087063847
src_gkf,M0_u,target_models,0,179,lambda_star_4_32,12.903457466297608,13.363448225095473
src_gkf,M0_u,target_models,0,188,lambda_star_4_32,11.805113379327635,12.621112067840935
src_gkf,M0_u,target_models,0,189,lambda_star_4_32,10.922526745032467,11.884239653746057
src_gkf,M0_u,target_models,0,198,lambda_star_4_32,10.775048279182267,12.313599339297685
src_gkf,M0_u,target_models,0,199,lambda_star_4_32,10.366167238577734,12.067975201266059
src_gkf,M0_u,target_models,1,4,lambda_star_4_32,8.748435560785481,11.152621411695053
src_gkf,M0_u,target_models,1,12,lambda_star_4_32,16.49892017171428,11.745935963164339
src_gkf,M0_u,target_models,1,27,lambda_star_4_32,10.15857296040633,11.869250386049726
src_gkf,M0_u,target_models,1,49,lambda_star_4_32,9.89823266090284,10.778132820617325
src_gkf,M0_u,target_models,1,54,lambda_star_4_32,11.975549042291357,10.325560453007737
src_gkf,M0_u,target_models,1,77,lambda_star_4_32,9.144133649393266,9.89011570198071
src_gkf,M0_u,target_models,1,126,lambda_star_4_32,12.950437243891914,15.311168713285445
src_gkf,M0_u,target_models,1,136,lambda_star_4_32,11.169791350259981,13.511761838305572
src_gkf,M0_u,target_models,1,146,lambda_star_4_32,13.238470411514887,14.134050962333705
src_gkf,M0_u,target_models,1,147,lambda_star_4_32,16.39308904929755,13.419487391564441
src_gkf,M0_u,target_models,1,156,lambda_star_4_32,10.716409207930754,11.058732932456884
src_gkf,M0_u,target_models,1,157,lambda_star_4_32,13.43765651228388,10.344169361687621
src_gkf,M0_u,target_models,1,166,lambda_star_4_32,9.909591159098213,10.112786198118554
src_gkf,M0_u,target_models,1,176,lambda_star_4_32,16.934453385495903,12.379835552311253
src_gkf,M0_u,target_models,1,177,lambda_star_4_32,10.025623028224507,12.737117337695883
src_gkf,M0_u,target_models,1,186,lambda_star_4_32,9.56283765931253,11.227549897419301
src_gkf,M0_u,target_models,1,187,lambda_star_4_32,9.390936745447487,11.584831682803932
src_gkf,M0_u,target_models,1,196,lambda_star_4_32,10.255244325789706,13.074479951834844
src_gkf,M0_u,target_models,1,197,lambda_star_4_32,10.02800697834505,12.00263459568095
src_gkf,M0_u,target_models,2,3,lambda_star_4_32,8.585566378279855,10.171907144366175
src_gkf,M0_u,target_models,2,11,lambda_star_4_32,10.595772488586423,11.425976008587678
src_gkf,M0_u,target_models,2,26,lambda_star_4_32,16.85114805181296,13.525828342265399
src_gkf,M0_u,target_models,2,48,lambda_star_4_32,9.708231566821965,10.466108303007577
src_gkf,M0_u,target_models,2,53,lambda_star_4_32,13.839279657921876,13.18259590574133
src_gkf,M0_u,target_models,2,76,lambda_star_4_32,12.662404172006315,12.761722596419107
src_gkf,M0_u,target_models,2,134,lambda_star_4_32,10.280225900836875,14.885686142702301
src_gkf,M0_u,target_models,2,144,lambda_star_4_32,19.21712122703679,14.51018390359323
src_gkf,M0_u,target_models,2,145,lambda_star_4_32,15.917534514704242,13.759179425375091
src_gkf,M0_u,target_models,2,154,lambda_star_4_32,18.23764737785915,12.91623543078246
src_gkf,M0_u,target_models,2,155,lambda_star_4_32,18.025408887417036,13.29173766989153
src_gkf,M0_u,target_models,2,164,lambda_star_4_32,10.149086117041653,10.194068912606486
src_gkf,M0_u,target_models,2,165,lambda_star_4_32,10.06947567876668,9.818566673497417
src_gkf,M0_u,target_models,2,174,lambda_star_4_32,10.192698599791559,8.887556732265427
src_gkf,M0_u,target_models,2,175,lambda_star_4_32,17.38592853614663,10.014063449592637
src_gkf,M0_u,target_models,2,184,lambda_star_4_32,10.889582183271099,11.499546127784
src_gkf,M0_u,target_models,2,185,lambda_star_4_32,9.844185813333066,11.875048366893072
src_gkf,M0_u,target_models,2,194,lambda_star_4_32,9.64445815674146,10.106002965967127
src_gkf,M0_u,target_models,2,195,lambda_star_4_32,10.912131490668889,10.481505205076198
src_gkf,M0_u,target_models,3,2,lambda_star_4_32,8.978347929581629,10.999382675648647
src_gkf,M0_u,target_models,3,7,lambda_star_4_32,10.131741650392286,10.60252424592994
src_gkf,M0_u,target_models,3,25,lambda_star_4_32,9.448952183282888,9.189972791864594
src_gkf,M0_u,target_models,3,30,lambda_star_4_32,9.442777413200083,10.76424045805729
src_gkf,M0_u,target_models,3,52,lambda_star_4_32,13.657657525470372,12.614455217056902
src_gkf,M0_u,target_models,3,74,lambda_star_4_32,10.395135974354487,10.164704380010857
src_gkf,M0_u,target_models,3,122,lambda_star_4_32,11.266255756141158,11.545109000663505
src_gkf,M0_u,target_models,3,132,lambda_star_4_32,9.773721145239106,11.654236118807923
src_gkf,M0_u,target_models,3,142,lambda_star_4_32,13.686953355865574,15.301609907022936
src_gkf,M0_u,target_models,3,143,lambda_star_4_32,20.33910218473801,15.652616375236544
src_gkf,M0_u,target_models,3,153,lambda_star_4_32,17.17652433675191,13.09749891016586
src_gkf,M0_u,target_models,3,162,lambda_star_4_32,17.094888583756347,11.328806394227053
src_gkf,M0_u,target_models,3,163,lambda_star_4_32,11.185404169702867,10.977799926013445
src_gkf,M0_u,target_models,3,172,lambda_star_4_32,9.407459257280316,10.135350889673585
src_gkf,M0_u,target_models,3,173,lambda_star_4_32,10.56715703018984,10.486357357887194
src_gkf,M0_u,target_models,3,182,lambda_star_4_32,15.652923642651267,12.536616569137067
src_gkf,M0_u,target_models,3,183,lambda_star_4_32,11.121279222471847,12.887623037350675
src_gkf,M0_u,target_models,3,192,lambda_star_4_32,10.99798231417217,11.030452105769793
src_gkf,M0_u,target_models,3,193,lambda_star_4_32,9.511936587414986,9.977432701128969
src_gkf,M0_u,target_models,4,1,lambda_star_4_32,11.668512421861447,12.561627513958811
src_gkf,M0_u,target_models,4,6,lambda_star_4_32,10.03098145708803,10.343270499828687
src_gkf,M0_u,target_models,4,24,lambda_star_4_32,12.772355638285045,12.45718179456888
src_gkf,M0_u,target_models,4,29,lambda_star_4_32,11.469957883713992,11.718165236181475
src_gkf,M0_u,target_models,4,73,lambda_star_4_32,12.40952841173918,12.785125716550127
src_gkf,M0_u,target_models,4,120,lambda_star_4_32,10.003348406161974,11.115572964352834
src_gkf,M0_u,target_models,4,130,lambda_star_4_32,10.525656126642762,11.01997031355052
src_gkf,M0_u,target_models,4,140,lambda_star_4_32,14.266299800171103,16.33880690408275
src_gkf,M0_u,target_models,4,141,lambda_star_4_32,12.406930408458866,16.684323689626112
src_gkf,M0_u,target_models,4,150,lambda_star_4_32,13.19434205978971,16.318649498542992
src_gkf,M0_u,target_models,4,151,lambda_star_4_32,15.981702306235912,16.664166284086352
src_gkf,M0_u,target_models,4,160,lambda_star_4_32,8.957803609676962,10.69371105411232
src_gkf,M0_u,target_models,4,161,lambda_star_4_32,10.187201719133206,11.03922783965568
src_gkf,M0_u,target_models,4,170,lambda_star_4_32,10.992604555676673,11.568160386422829
src_gkf,M0_u,target_models,4,171,lambda_star_4_32,13.021054880614983,12.604710743052912
src_gkf,M0_u,target_models,4,180,lambda_star_4_32,11.81471575262988,14.670437323603068
src_gkf,M0_u,target_models,4,181,lambda_star_4_32,13.459631624030925,15.01595410914643
src_gkf,M0_u,target_models,4,190,lambda_star_4_32,9.720938860159308,12.180927167647273
src_gkf,M0b_u_plus_logtau,target_models,0,0,p_8_16,0.0342382099309782,0.12270402981232773
src_gkf,M0b_u_plus_logtau,target_models,0,5,p_8_16,0.9126072594872168,0.5494811658851386
src_gkf,M0b_u_plus_logtau,target_models,0,13,p_8_16,0.8570775630331313,0.5220990068360444
src_gkf,M0b_u_plus_logtau,target_models,0,28,p_8_16,0.2504962607918012,0.21385252543331118
src_gkf,M0b_u_plus_logtau,target_models,0,50,p_8_16,0.8998240927744701,0.5097560642511667
src_gkf,M0b_u_plus_logtau,target_models,0,72,p_8_16,0.2776858930884566,0.14677758229056798
src_gkf,M0b_u_plus_logtau,target_models,0,78,p_8_16,0.7115431096112693,0.5432215792174792
src_gkf,M0b_u_plus_logtau,target_models,0,128,p_8_16,0.0803054078882494,0.22393354476583077
src_gkf,M0b_u_plus_logtau,target_models,0,138,p_8_16,0.1847908933976274,0.13051674326555687
src_gkf,M0b_u_plus_logtau,target_models,0,148,p_8_16,0.401710597995235,0.18075499499975164
src_gkf,M0b_u_plus_logtau,target_models,0,149,p_8_16,0.1328859474968257,0.20157292244654673
src_gkf,M0b_u_plus_logtau,target_models,0,158,p_8_16,0.4961240478265122,0.4276841731085682
src_gkf,M0b_u_plus_logtau,target_models,0,159,p_8_16,0.4015733472101155,0.4693200280021584
src_gkf,M0b_u_plus_logtau,target_models,0,168,p_8_16,0.1913327549278874,0.19297052560594213
src_gkf,M0b_u_plus_logtau,target_models,0,169,p_8_16,0.1842514902661812,0.17215259815914705
src_gkf,M0b_u_plus_logtau,target_models,0,178,p_8_16,0.1096771945811592,0.26556939965942095
src_gkf,M0b_u_plus_logtau,target_models,0,179,p_8_16,0.08059610386861,0.2447514722126259
src_gkf,M0b_u_plus_logtau,target_models,0,188,p_8_16,0.0702510568476217,0.12118045664399968
src_gkf,M0b_u_plus_logtau,target_models,0,189,p_8_16,0.1838437744363198,0.18363423898438494
src_gkf,M0b_u_plus_logtau,target_models,0,198,p_8_16,0.1707622685467746,0.2352053281953458
src_gkf,M0b_u_plus_logtau,target_models,0,199,p_8_16,0.1371810986872629,0.25602325564214085
src_gkf,M0b_u_plus_logtau,target_models,1,4,p_8_16,0.5602002984476983,0.42849624687041854
src_gkf,M0b_u_plus_logtau,target_models,1,12,p_8_16,0.1921998610687837,0.4072786324993822
src_gkf,M0b_u_plus_logtau,target_models,1,27,p_8_16,0.4235140119089293,0.2805225640695772
src_gkf,M0b_u_plus_logtau,target_models,1,49,p_8_16,0.2454664380648269,0.38458266643721695
src_gkf,M0b_u_plus_logtau,target_models,1,54,p_8_16,0.591649700692359,0.5448864970709573
src_gkf,M0b_u_plus_logtau,target_models,1,77,p_8_16,0.6823572333973394,0.5148948424884664
src_gkf,M0b_u_plus_logtau,target_models,1,126,p_8_16,0.0358979214122202,0.07967260602327708
src_gkf,M0b_u_plus_logtau,target_models,1,136,p_8_16,0.0563523977609129,0.10272296426292754
src_gkf,M0b_u_plus_logtau,target_models,1,146,p_8_16,0.1241892480864522,0.09065200429484077
src_gkf,M0b_u_plus_logtau,target_models,1,147,p_8_16,0.1558258281900654,0.1362455557712755
src_gkf,M0b_u_plus_logtau,target_models,1,156,p_8_16,0.4358789631566422,0.44278377286192994
src_gkf,M0b_u_plus_logtau,target_models,1,157,p_8_16,0.2648002595102144,0.48837732433836467
src_gkf,M0b_u_plus_logtau,target_models,1,166,p_8_16,0.6945002041668196,0.5425415354922349
src_gkf,M0b_u_plus_logtau,target_models,1,167,p_8_16,0.0301198360435335,0.4741512082775827
src_gkf,M0b_u_plus_logtau,target_models,1,176,p_8_16,0.1664049856670875,0.3240218971531156
src_gkf,M0b_u_plus_logtau,target_models,1,177,p_8_16,0.1705521628824458,0.3012251214148982
src_gkf,M0b_u_plus_logtau,target_models,1,186,p_8_16,0.1825270019056839,0.29954933095061775
src_gkf,M0b_u_plus_logtau,target_models,1,187,p_8_16,0.1519809787257946,0.2767525552124004
src_gkf,M0b_u_plus_logtau,target_models,1,196,p_8_16,0.0937627138652451,0.23814072672626518
src_gkf,M0b_u_plus_logtau,target_models,1,197,p_8_16,0.1036259524185608,0.3065310539409173
src_gkf,M0b_u_plus_logtau,target_models,2,3,p_8_16,0.6397237770389178,0.47026767259035895
src_gkf,M0b_u_plus_logtau,target_models,2,11,p_8_16,0.1400912351783912,0.4124659204322738
src_gkf,M0b_u_plus_logtau,target_models,2,26,p_8_16,0.1868192616154143,0.11943710522334938
src_gkf,M0b_u_plus_logtau,target_models,2,48,p_8_16,0.2767720104089806,0.36645592111834036
src_gkf,M0b_u_plus_logtau,target_models,2,53,p_8_16,0.2736571121857817,0.15016281963068587
src_gkf,M0b_u_plus_logtau,target_models,2,76,p_8_16,0.2692309609802786,0.1632467667014374
src_gkf,M0b_u_plus_logtau,target_models,2,124,p_8_16,0.0216273774759846,0.08937435092119997
src_gkf,M0b_u_plus_logtau,target_models,2,134,p_8_16,0.1717238418083919,0.006537884537134886
src_gkf,M0b_u_plus_logtau,target_models,2,144,p_8_16,0.0980992963841571,0.029806088108273343
src_gkf,M0b_u_plus_logtau,target_models,2,145,p_8_16,0.1444384491418675,0.07634249525055026
src_gkf,M0b_u_plus_logtau,target_models,2,154,p_8_16,0.0328626821146418,0.14059838092764862
src_gkf,M0b_u_plus_logtau,target_models,2,155,p_8_16,0.0416435958762092,0.11733017735651016
src_gkf,M0b_u_plus_logtau,target_models,2,164,p_8_16,0.6764301662347564,0.44900901893176426
src_gkf,M0b_u_plus_logtau,target_models,2,165,p_8_16,0.7778128600771657,0.4722772225029027
src_gkf,M0b_u_plus_logtau,target_models,2,174,p_8_16,0.5141086157929576,0.5478645013848187
src_gkf,M0b_u_plus_logtau,target_models,2,175,p_8_16,0.2465341404848374,0.47805989067140336
src_gkf,M0b_u_plus_logtau,target_models,2,184,p_8_16,0.0631820767179308,0.23213307145172346
src_gkf,M0b_u_plus_logtau,target_models,2,185,p_8_16,0.1389519509063684,0.208864867880585
src_gkf,M0b_u_plus_logtau,target_models,2,194,p_8_16,0.3517594854261314,0.46034041213658194
src_gkf,M0b_u_plus_logtau,target_models,2,195,p_8_16,0.2138727626229319,0.4370722085654435
src_gkf,M0b_u_plus_logtau,target_models,3,2,p_8_16,0.2105184725521856,0.3738701360555692
src_gkf,M0b_u_plus_logtau,target_models,3,7,p_8_16,0.8153931899623513,0.47720389196093393
src_gkf,M0b_u_plus_logtau,target_models,3,25,p_8_16,0.4732961296022142,0.5843940882948258
src_gkf,M0b_u_plus_logtau,target_models,3,30,p_8_16,0.4418353332682509,0.46522035270008655
src_gkf,M0b_u_plus_logtau,target_models,3,52,p_8_16,0.1684546978474572,0.1583963640849034
src_gkf,M0b_u_plus_logtau,target_models,3,74,p_8_16,0.377942131592927,0.49047594118688265
src_gkf,M0b_u_plus_logtau,target_models,3,122,p_8_16,0.4406507189391591,0.4018239548096597
src_gkf,M0b_u_plus_logtau,target_models,3,132,p_8_16,0.3514324181582739,0.42655962034343314
src_gkf,M0b_u_plus_logtau,target_models,3,142,p_8_16,0.1697483102128793,0.11022447469621963
src_gkf,M0b_u_plus_logtau,target_models,3,143,p_8_16,0.0670632467328167,0.08039855234885881
src_gkf,M0b_u_plus_logtau,target_models,3,152,p_8_16,0.0364217616612413,0.04345477351695573
src_gkf,M0b_u_plus_logtau,target_models,3,153,p_8_16,0.0287520199617658,0.1329325405590381
src_gkf,M0b_u_plus_logtau,target_models,3,162,p_8_16,0.0687775708107536,0.46294705002110936
src_gkf,M0b_u_plus_logtau,target_models,3,163,p_8_16,0.4710725716838595,0.4927729723684702
src_gkf,M0b_u_plus_logtau,target_models,3,172,p_8_16,0.7385844374380425,0.4867920530285914
src_gkf,M0b_u_plus_logtau,target_models,3,173,p_8_16,0.7192385949231982,0.4569661306812306
src_gkf,M0b_u_plus_logtau,target_models,3,182,p_8_16,0.2227624333178619,0.5018177278347902
src_gkf,M0b_u_plus_logtau,target_models,3,183,p_8_16,0.7202682584473413,0.47199180548742936
src_gkf,M0b_u_plus_logtau,target_models,3,192,p_8_16,0.2693234213407359,0.4455965578694479
src_gkf,M0b_u_plus_logtau,target_models,3,193,p_8_16,0.5261741447507422,0.5350743249115303
src_gkf,M0b_u_plus_logtau,target_models,4,1,p_8_16,0.2730637583192485,0.1699912538560299
src_gkf,M0b_u_plus_logtau,target_models,4,6,p_8_16,0.8934367400816127,0.5021752165087465
src_gkf,M0b_u_plus_logtau,target_models,4,24,p_8_16,0.2569624712389576,0.1397645364590842
src_gkf,M0b_u_plus_logtau,target_models,4,29,p_8_16,0.4925534341695751,0.35390571222123934
src_gkf,M0b_u_plus_logtau,target_models,4,51,p_8_16,0.034702128595685,0.1797891835242481
src_gkf,M0b_u_plus_logtau,target_models,4,73,p_8_16,0.0992533930074463,0.10624814955414441
src_gkf,M0b_u_plus_logtau,target_models,4,120,p_8_16,0.6385208994142718,0.38985939735114916
src_gkf,M0b_u_plus_logtau,target_models,4,130,p_8_16,0.2186092713118247,0.4118191699120595
src_gkf,M0b_u_plus_logtau,target_models,4,140,p_8_16,0.3013360338424688,0.12713353837156002
src_gkf,M0b_u_plus_logtau,target_models,4,141,p_8_16,0.2359916126573756,0.10131603674693104
src_gkf,M0b_u_plus_logtau,target_models,4,150,p_8_16,0.1886239553165941,0.14708876424776324
src_gkf,M0b_u_plus_logtau,target_models,4,151,p_8_16,0.1255392642729608,0.12127126262313426
src_gkf,M0b_u_plus_logtau,target_models,4,160,p_8_16,0.5088771820307446,0.48996159335846123
src_gkf,M0b_u_plus_logtau,target_models,4,161,p_8_16,0.3550479848987524,0.46414409173383225
src_gkf,M0b_u_plus_logtau,target_models,4,170,p_8_16,0.3336929555162605,0.21982121353556913
src_gkf,M0b_u_plus_logtau,target_models,4,171,p_8_16,0.2025555550279888,0.14236870866168222
src_gkf,M0b_u_plus_logtau,target_models,4,180,p_8_16,0.4111016568530389,0.42056861393795475
src_gkf,M0b_u_plus_logtau,target_models,4,181,p_8_16,0.2658185167522623,0.39475111231332577
src_gkf,M0b_u_plus_logtau,target_models,4,190,p_8_16,0.2090658333441498,0.1442995439339212
src_gkf,M0b_u_plus_logtau,target_models,4,191,p_8_16,0.0024359757659457,0.11848204230929221
src_gkf,M0b_u_plus_logtau,target_models,0,0,ilr_z2,-0.1063306799927708,-0.05986463415682114
src_gkf,M0b_u_plus_logtau,target_models,0,5,ilr_z2,-1.940805301438366,-0.711009644261445
src_gkf,M0b_u_plus_logtau,target_models,0,13,ilr_z2,-1.614473056844414,-0.7628017560418421
src_gkf,M0b_u_plus_logtau,target_models,0,28,ilr_z2,-0.6824863239163869,-0.29902004092902057
src_gkf,M0b_u_plus_logtau,target_models,0,50,ilr_z2,-1.7718920514165597,-0.7629891546756132
src_gkf,M0b_u_plus_logtau,target_models,0,72,ilr_z2,-0.5082702825940048,-0.16748362895349805
src_gkf,M0b_u_plus_logtau,target_models,0,78,ilr_z2,-1.3796513513227322,-0.8281420959799295
src_gkf,M0b_u_plus_logtau,target_models,0,128,ilr_z2,0.1414158584405125,-0.5763951837852169
src_gkf,M0b_u_plus_logtau,target_models,0,138,ilr_z2,0.1680977377995088,-0.12037594806319041
src_gkf,M0b_u_plus_logtau,target_models,0,148,ilr_z2,-1.0846568296883292,-0.5867431154428933
src_gkf,M0b_u_plus_logtau,target_models,0,149,ilr_z2,-0.5480851664681791,-0.5487303623304043
src_gkf,M0b_u_plus_logtau,target_models,0,158,ilr_z2,-0.5748897410971575,-0.6404539654292858
src_gkf,M0b_u_plus_logtau,target_models,0,159,ilr_z2,-0.2812695282973182,-0.5644284592043078
src_gkf,M0b_u_plus_logtau,target_models,0,168,ilr_z2,0.1405350564302773,-0.006337688725723434
src_gkf,M0b_u_plus_logtau,target_models,0,169,ilr_z2,-0.1987183265929584,-0.04435044183821246
src_gkf,M0b_u_plus_logtau,target_models,0,178,ilr_z2,-0.3004689083387473,-0.5003696775602389
src_gkf,M0b_u_plus_logtau,target_models,0,179,ilr_z2,-0.2103805063433689,-0.538382430672728
src_gkf,M0b_u_plus_logtau,target_models,0,188,ilr_z2,0.4089178641829663,-0.061169398320122415
src_gkf,M0b_u_plus_logtau,target_models,0,189,ilr_z2,0.3408069820378084,0.052868861017344615
src_gkf,M0b_u_plus_logtau,target_models,0,198,ilr_z2,0.2395243924105265,-0.38859543071977365
src_gkf,M0b_u_plus_logtau,target_models,0,199,ilr_z2,0.2216781958750436,-0.3505826776072847
src_gkf,M0b_u_plus_logtau,target_models,1,4,ilr_z2,-0.7349798880860732,-0.6903053216826462
src_gkf,M0b_u_plus_logtau,target_models,1,12,ilr_z2,-0.4873426315596991,-0.7213793240054076
src_gkf,M0b_u_plus_logtau,target_models,1,27,ilr_z2,-0.8482571589845281,-0.2793316604533654
src_gkf,M0b_u_plus_logtau,target_models,1,49,ilr_z2,0.4084297996084903,-0.43125868326585803
src_gkf,M0b_u_plus_logtau,target_models,1,54,ilr_z2,-1.861872604120544,-0.851161301503772
src_gkf,M0b_u_plus_logtau,target_models,1,77,ilr_z2,-1.1400707101175642,-0.6217813015560563
src_gkf,M0b_u_plus_logtau,target_models,1,126,ilr_z2,0.1514234499286074,-0.4255370534706967
src_gkf,M0b_u_plus_logtau,target_models,1,136,ilr_z2,0.4252380211941015,-0.14763229134287797
src_gkf,M0b_u_plus_logtau,target_models,1,146,ilr_z2,-0.0911109063822424,-0.16972800284407547
src_gkf,M0b_u_plus_logtau,target_models,1,147,ilr_z2,-0.2928733932939545,-0.13240466889780922
src_gkf,M0b_u_plus_logtau,target_models,1,156,ilr_z2,-0.9637846254921072,-0.6763698731276981
src_gkf,M0b_u_plus_logtau,target_models,1,157,ilr_z2,-0.5841810634522199,-0.639046539181432
src_gkf,M0b_u_plus_logtau,target_models,1,166,ilr_z2,-1.1747991448331432,-0.7903248479777296
src_gkf,M0b_u_plus_logtau,target_models,1,167,ilr_z2,-1.8398507875353969,-0.846309848897129
src_gkf,M0b_u_plus_logtau,target_models,1,176,ilr_z2,-0.5854125650361839,-0.5069388802067758
src_gkf,M0b_u_plus_logtau,target_models,1,177,ilr_z2,-0.0236528747301991,-0.5256005471799089
src_gkf,M0b_u_plus_logtau,target_models,1,186,ilr_z2,0.7221347853067828,-0.2373249816124664
src_gkf,M0b_u_plus_logtau,target_models,1,187,ilr_z2,0.7842535575418991,-0.25598664858559955
src_gkf,M0b_u_plus_logtau,target_models,1,196,ilr_z2,0.3618674458676895,-0.4998540637291509
src_gkf,M0b_u_plus_logtau,target_models,1,197,ilr_z2,0.5899138604097636,-0.4438690628097516
src_gkf,M0b_u_plus_logtau,target_models,2,3,ilr_z2,-0.8615461618228943,-0.6435318178553764
src_gkf,M0b_u_plus_logtau,target_models,2,11,ilr_z2,-1.0402091290257125,-0.7388259492181526
src_gkf,M0b_u_plus_logtau,target_models,2,26,ilr_z2,-0.6587406275693465,0.022110803136678292
src_gkf,M0b_u_plus_logtau,target_models,2,48,ilr_z2,0.3640795136307608,-0.3560432326737418
src_gkf,M0b_u_plus_logtau,target_models,2,53,ilr_z2,-0.7207427361215213,-0.019128024584430026
src_gkf,M0b_u_plus_logtau,target_models,2,76,ilr_z2,-0.3573739449687065,-0.12885571628350373
src_gkf,M0b_u_plus_logtau,target_models,2,124,ilr_z2,-0.3102629865565866,-0.5861345226382627
src_gkf,M0b_u_plus_logtau,target_models,2,134,ilr_z2,0.2143441042381721,-0.21745389739447835
src_gkf,M0b_u_plus_logtau,target_models,2,144,ilr_z2,-0.3027621608401571,-0.18006668606120285
src_gkf,M0b_u_plus_logtau,target_models,2,145,ilr_z2,-0.3019965021691972,-0.10529226339465186
src_gkf,M0b_u_plus_logtau,target_models,2,154,ilr_z2,-0.4000705590825106,-0.07075851222883722
src_gkf,M0b_u_plus_logtau,target_models,2,155,ilr_z2,-0.3930149251358204,-0.10814572356211272
src_gkf,M0b_u_plus_logtau,target_models,2,164,ilr_z2,-1.5662458140815316,-1.0132166787162773
src_gkf,M0b_u_plus_logtau,target_models,2,165,ilr_z2,-1.8451569596223183,-0.9758294673830018
src_gkf,M0b_u_plus_logtau,target_models,2,174,ilr_z2,-0.3646944726413303,-0.751920345016327
src_gkf,M0b_u_plus_logtau,target_models,2,175,ilr_z2,-1.467424952332843,-0.8640819790161534
src_gkf,M0b_u_plus_logtau,target_models,2,184,ilr_z2,0.3488021013448888,-0.10754606306226222
src_gkf,M0b_u_plus_logtau,target_models,2,185,ilr_z2,0.7956564068517197,-0.14493327439553771
src_gkf,M0b_u_plus_logtau,target_models,2,194,ilr_z2,0.0179663222611397,-0.823841307515417
src_gkf,M0b_u_plus_logtau,target_models,2,195,ilr_z2,0.0779337797703519,-0.8612285188486926
src_gkf,M0b_u_plus_logtau,target_models,3,2,ilr_z2,0.5182216181845284,-0.4783913556967859
src_gkf,M0b_u_plus_logtau,target_models,3,7,ilr_z2,-1.6695954016433885,-0.9874423241533796
src_gkf,M0b_u_plus_logtau,target_models,3,25,ilr_z2,-0.5036461443379504,-0.7461311637319835
src_gkf,M0b_u_plus_logtau,target_models,3,30,ilr_z2,-0.2541646557020384,-0.6905475833480434
src_gkf,M0b_u_plus_logtau,target_models,3,52,ilr_z2,-0.4788069946524049,0.12307577467266895
src_gkf,M0b_u_plus_logtau,target_models,3,74,ilr_z2,-0.1906594115687575,-0.7117614542272979
src_gkf,M0b_u_plus_logtau,target_models,3,122,ilr_z2,-1.311453182628654,-1.0673645911123222
src_gkf,M0b_u_plus_logtau,target_models,3,132,ilr_z2,-0.2458171955326751,-0.9608549829357907
src_gkf,M0b_u_plus_logtau,target_models,3,142,ilr_z2,-0.480606705362266,-0.5830775837896095
src_gkf,M0b_u_plus_logtau,target_models,3,143,ilr_z2,-0.3130092631134917,-0.6186706189756582
src_gkf,M0b_u_plus_logtau,target_models,3,152,ilr_z2,-0.4809182251615883,-0.13910388283322528
src_gkf,M0b_u_plus_logtau,target_models,3,153,ilr_z2,-0.5677240117208077,-0.0323247772750791
src_gkf,M0b_u_plus_logtau,target_models,3,162,ilr_z2,-0.3653410610632664,-0.9888143953667697
src_gkf,M0b_u_plus_logtau,target_models,3,163,ilr_z2,-1.0196527553436392,-0.9532213601807211
src_gkf,M0b_u_plus_logtau,target_models,3,172,ilr_z2,-1.1143412015365697,-0.837562707243312
src_gkf,M0b_u_plus_logtau,target_models,3,173,ilr_z2,-1.210042262040108,-0.8731557424293608
src_gkf,M0b_u_plus_logtau,target_models,3,182,ilr_z2,-0.3812710159046805,-1.2248296507557876
src_gkf,M0b_u_plus_logtau,target_models,3,183,ilr_z2,-2.0975168160602387,-1.2604226859418364
src_gkf,M0b_u_plus_logtau,target_models,3,192,ilr_z2,-0.1113100533321576,-0.9892751549027184
src_gkf,M0b_u_plus_logtau,target_models,3,193,ilr_z2,-0.474274868869831,-0.8824960493445724
src_gkf,M0b_u_plus_logtau,target_models,4,1,ilr_z2,-0.0692891450335584,-0.0864038102467784
src_gkf,M0b_u_plus_logtau,target_models,4,6,ilr_z2,-1.94356293461084,-1.098901453290215
src_gkf,M0b_u_plus_logtau,target_models,4,24,ilr_z2,-0.5464013923450972,0.35141248748479353
src_gkf,M0b_u_plus_logtau,target_models,4,29,ilr_z2,-0.5972960389338273,-0.37807588517336177
src_gkf,M0b_u_plus_logtau,target_models,4,51,ilr_z2,-0.7375842381192994,0.16173442556175716
src_gkf,M0b_u_plus_logtau,target_models,4,73,ilr_z2,-0.5316165113290052,0.047720969377690936
src_gkf,M0b_u_plus_logtau,target_models,4,120,ilr_z2,-1.0981870534730027,-1.0211129126072613
src_gkf,M0b_u_plus_logtau,target_models,4,130,ilr_z2,-0.1934901388372158,-0.9511822835585396
src_gkf,M0b_u_plus_logtau,target_models,4,140,ilr_z2,-0.3867737094612926,-0.6231863601020897
src_gkf,M0b_u_plus_logtau,target_models,4,141,ilr_z2,-0.4725933192029717,-0.6562803936535289
src_gkf,M0b_u_plus_logtau,target_models,4,150,ilr_z2,-0.2525456694938448,-0.5538563077024083
src_gkf,M0b_u_plus_logtau,target_models,4,151,ilr_z2,-0.5620448925305433,-0.5869503412538475
src_gkf,M0b_u_plus_logtau,target_models,4,160,ilr_z2,-0.3107548375241632,-0.8094868456005061
src_gkf,M0b_u_plus_logtau,target_models,4,161,ilr_z2,-0.1572727872297372,-0.8425808791519454
src_gkf,M0b_u_plus_logtau,target_models,4,170,ilr_z2,-0.0247410900691029,0.3443302788604265
src_gkf,M0b_u_plus_logtau,target_models,4,171,ilr_z2,-0.0737937005648459,0.24504817820610886
src_gkf,M0b_u_plus_logtau,target_models,4,180,ilr_z2,-1.4995081502942065,-1.399128802539498
src_gkf,M0b_u_plus_logtau,target_models,4,181,ilr_z2,-0.6007342862334806,-1.4322228360909373
src_gkf,M0b_u_plus_logtau,target_models,4,190,ilr_z2,0.4656972323647224,0.45416409354865056
src_gkf,M0b_u_plus_logtau,target_models,4,191,ilr_z2,-0.2083022863756323,0.4210700599972112
src_gkf,M0b_u_plus_logtau,target_models,0,0,A2_8_16,0.036720770646403,0.12126918719889995
src_gkf,M0b_u_plus_logtau,target_models,0,5,A2_8_16,0.9554864475023206,0.8617777839134948
src_gkf,M0b_u_plus_logtau,target_models,0,13,A2_8_16,0.9553992553647612,0.8572074494390518
src_gkf,M0b_u_plus_logtau,target_models,0,28,A2_8_16,0.3652046962555679,0.25664577585742887
src_gkf,M0b_u_plus_logtau,target_models,0,50,A2_8_16,0.968531796740373,0.7546284652515483
src_gkf,M0b_u_plus_logtau,target_models,0,72,A2_8_16,0.2830216597611039,0.19062834121064381
src_gkf,M0b_u_plus_logtau,target_models,0,78,A2_8_16,0.9225443341069854,0.9083300082789167
src_gkf,M0b_u_plus_logtau,target_models,0,128,A2_8_16,0.2058224448213799,0.4525634437675239
src_gkf,M0b_u_plus_logtau,target_models,0,138,A2_8_16,0.1424116865615261,0.06898300922321393
src_gkf,M0b_u_plus_logtau,target_models,0,148,A2_8_16,0.8280700095585045,0.35956086877729354
src_gkf,M0b_u_plus_logtau,target_models,0,149,A2_8_16,0.1094047470852526,0.3687558439485449
src_gkf,M0b_u_plus_logtau,target_models,0,158,A2_8_16,0.8997282243113676,0.6175337172845603
src_gkf,M0b_u_plus_logtau,target_models,0,159,A2_8_16,0.906662852903617,0.635923667627063
src_gkf,M0b_u_plus_logtau,target_models,0,168,A2_8_16,0.0994156775443189,0.09656793473696818
src_gkf,M0b_u_plus_logtau,target_models,0,169,A2_8_16,0.097587665196269,0.08737295956571672
src_gkf,M0b_u_plus_logtau,target_models,0,178,A2_8_16,0.172460089101729,0.4709533941100267
src_gkf,M0b_u_plus_logtau,target_models,0,179,A2_8_16,0.2284488983539017,0.46175841893877523
src_gkf,M0b_u_plus_logtau,target_models,0,188,A2_8_16,0.1067703608298211,0.05325487839571852
src_gkf,M0b_u_plus_logtau,target_models,0,189,A2_8_16,0.2393366975971487,0.08083980390947271
src_gkf,M0b_u_plus_logtau,target_models,0,198,A2_8_16,0.2957720351316506,0.38522674819509695
src_gkf,M0b_u_plus_logtau,target_models,0,199,A2_8_16,0.3726363977494947,0.39442172336634834
src_gkf,M0b_u_plus_logtau,target_models,1,4,A2_8_16,0.7663973995223651,0.6554834527223324
src_gkf,M0b_u_plus_logtau,target_models,1,12,A2_8_16,0.5767620748559564,0.6567943482622656
src_gkf,M0b_u_plus_logtau,target_models,1,27,A2_8_16,0.4289387730949569,0.30527723303216336
src_gkf,M0b_u_plus_logtau,target_models,1,49,A2_8_16,0.1529213376419045,0.4586804201397484
src_gkf,M0b_u_plus_logtau,target_models,1,54,A2_8_16,0.9009628591577852,0.8012852907772847
src_gkf,M0b_u_plus_logtau,target_models,1,77,A2_8_16,0.8985651245461259,0.7642273368642396
src_gkf,M0b_u_plus_logtau,target_models,1,126,A2_8_16,0.2904552971923126,0.2938108562553408
src_gkf,M0b_u_plus_logtau,target_models,1,136,A2_8_16,0.0137397427233426,0.057169766672723055
src_gkf,M0b_u_plus_logtau,target_models,1,146,A2_8_16,0.1449642119347632,0.15914274033193065
src_gkf,M0b_u_plus_logtau,target_models,1,147,A2_8_16,0.2034555409043313,0.19208692964556157
src_gkf,M0b_u_plus_logtau,target_models,1,156,A2_8_16,0.5005700460312731,0.6265879885984109
src_gkf,M0b_u_plus_logtau,target_models,1,157,A2_8_16,0.8479548796209171,0.6595321779120418
src_gkf,M0b_u_plus_logtau,target_models,1,166,A2_8_16,0.839874019631054,0.8581830688692821
src_gkf,M0b_u_plus_logtau,target_models,1,167,A2_8_16,0.9097755639079348,0.8087667848988357
src_gkf,M0b_u_plus_logtau,target_models,1,176,A2_8_16,0.614173452796375,0.4999369240285968
src_gkf,M0b_u_plus_logtau,target_models,1,177,A2_8_16,0.5292008183387338,0.48346482937178137
src_gkf,M0b_u_plus_logtau,target_models,1,186,A2_8_16,0.1398920757864579,0.2942443226043185
src_gkf,M0b_u_plus_logtau,target_models,1,187,A2_8_16,0.0839330958615748,0.277772227947503
src_gkf,M0b_u_plus_logtau,target_models,1,196,A2_8_16,0.3743380418133872,0.3859538107870596
src_gkf,M0b_u_plus_logtau,target_models,1,197,A2_8_16,0.2879994399522551,0.435370094757506
src_gkf,M0b_u_plus_logtau,target_models,2,3,A2_8_16,0.6848565322463434,0.6856302591699771
src_gkf,M0b_u_plus_logtau,target_models,2,11,A2_8_16,0.814635835404978,0.651107552290588
src_gkf,M0b_u_plus_logtau,target_models,2,26,A2_8_16,0.3277592868738584,0.08099905254782008
src_gkf,M0b_u_plus_logtau,target_models,2,48,A2_8_16,0.1439422060414616,0.45915443248536064
src_gkf,M0b_u_plus_logtau,target_models,2,53,A2_8_16,0.1494548018772401,0.1128542285435758
src_gkf,M0b_u_plus_logtau,target_models,2,76,A2_8_16,0.083768854819673,0.21499799436914513
src_gkf,M0b_u_plus_logtau,target_models,2,124,A2_8_16,0.3621450261390208,0.2789926127157725
src_gkf,M0b_u_plus_logtau,target_models,2,134,A2_8_16,0.1202840571694714,0.08838466879387441
src_gkf,M0b_u_plus_logtau,target_models,2,144,A2_8_16,0.2757511201425458,0.10846244772257507
src_gkf,M0b_u_plus_logtau,target_models,2,145,A2_8_16,0.1384471986498286,0.1486180055799765
src_gkf,M0b_u_plus_logtau,target_models,2,154,A2_8_16,0.7523513143574082,0.30803469483352985
src_gkf,M0b_u_plus_logtau,target_models,2,155,A2_8_16,0.3496725676947528,0.2879569159048292
src_gkf,M0b_u_plus_logtau,target_models,2,164,A2_8_16,0.9582380550196586,0.8096890588650891
src_gkf,M0b_u_plus_logtau,target_models,2,165,A2_8_16,0.9755310556113246,0.8297668377937897
src_gkf,M0b_u_plus_logtau,target_models,2,174,A2_8_16,0.7674693265969352,0.9129210039398711
src_gkf,M0b_u_plus_logtau,target_models,2,175,A2_8_16,0.6893771332113418,0.852687667153769
src_gkf,M0b_u_plus_logtau,target_models,2,184,A2_8_16,0.0813683298711656,0.2480433022248743
src_gkf,M0b_u_plus_logtau,target_models,2,185,A2_8_16,0.1527146446101141,0.2279655232961736
src_gkf,M0b_u_plus_logtau,target_models,2,194,A2_8_16,0.678886742368729,0.733426535757617
src_gkf,M0b_u_plus_logtau,target_models,2,195,A2_8_16,0.8367731569721454,0.7133487568289163
src_gkf,M0b_u_plus_logtau,target_models,3,2,A2_8_16,0.2995539380411224,0.5259038634324222
src_gkf,M0b_u_plus_logtau,target_models,3,7,A2_8_16,0.9327131526105767,0.8034074356666174
src_gkf,M0b_u_plus_logtau,target_models,3,25,A2_8_16,0.6984861392748491,0.8361594943279398
src_gkf,M0b_u_plus_logtau,target_models,3,30,A2_8_16,0.8450779829639314,0.6575414010383419
src_gkf,M0b_u_plus_logtau,target_models,3,52,A2_8_16,0.0120799449422375,0.12489642224534508
src_gkf,M0b_u_plus_logtau,target_models,3,74,A2_8_16,0.1678917533058013,0.6458247648930864
src_gkf,M0b_u_plus_logtau,target_models,3,122,A2_8_16,0.909510154376974,0.7825594840994712
src_gkf,M0b_u_plus_logtau,target_models,3,132,A2_8_16,0.4032794241209796,0.6328813677378288
src_gkf,M0b_u_plus_logtau,target_models,3,142,A2_8_16,0.5504001774406915,0.3323841902574791
src_gkf,M0b_u_plus_logtau,target_models,3,143,A2_8_16,0.4887500345928944,0.311287828295162
src_gkf,M0b_u_plus_logtau,target_models,3,152,A2_8_16,0.1916593851968016,0.2596069928442323
src_gkf,M0b_u_plus_logtau,target_models,3,153,A2_8_16,0.4093289965880195,0.3228960787311834
src_gkf,M0b_u_plus_logtau,target_models,3,162,A2_8_16,0.4118082086874167,0.7036739011581299
src_gkf,M0b_u_plus_logtau,target_models,3,163,A2_8_16,0.7829337262209217,0.7247702631204469
src_gkf,M0b_u_plus_logtau,target_models,3,172,A2_8_16,0.8921688865244534,0.8778846754521694
src_gkf,M0b_u_plus_logtau,target_models,3,173,A2_8_16,0.9661076702374072,0.8567883134898524
src_gkf,M0b_u_plus_logtau,target_models,3,182,A2_8_16,0.7136233011207184,0.8105181390440986
src_gkf,M0b_u_plus_logtau,target_models,3,183,A2_8_16,0.9408544635622768,0.7894217770817816
src_gkf,M0b_u_plus_logtau,target_models,3,192,A2_8_16,0.753824022764901,0.7157373572252428
src_gkf,M0b_u_plus_logtau,target_models,3,193,A2_8_16,0.683685936277253,0.7790264431121938
src_gkf,M0b_u_plus_logtau,target_models,4,1,A2_8_16,0.1961232572137329,0.2608780786842927
src_gkf,M0b_u_plus_logtau,target_models,4,6,A2_8_16,0.9570384606388984,0.849643556475557
src_gkf,M0b_u_plus_logtau,target_models,4,24,A2_8_16,0.1397929970599265,0.04897448033434115
src_gkf,M0b_u_plus_logtau,target_models,4,29,A2_8_16,0.6757951785952275,0.46285545957892793
src_gkf,M0b_u_plus_logtau,target_models,4,51,A2_8_16,0.12792012603282,0.10628947596615973
src_gkf,M0b_u_plus_logtau,target_models,4,73,A2_8_16,0.295870409956582,0.12242188723134173
src_gkf,M0b_u_plus_logtau,target_models,4,120,A2_8_16,0.8944943574816656,0.8543580265063538
src_gkf,M0b_u_plus_logtau,target_models,4,130,A2_8_16,0.4419164485789251,0.700839327008007
src_gkf,M0b_u_plus_logtau,target_models,4,140,A2_8_16,0.2161409599196409,0.47293410891452226
src_gkf,M0b_u_plus_logtau,target_models,4,141,A2_8_16,0.3554970461969606,0.46388021384778927
src_gkf,M0b_u_plus_logtau,target_models,4,150,A2_8_16,0.2602332049451156,0.44012213516707377
src_gkf,M0b_u_plus_logtau,target_models,4,151,A2_8_16,0.092540025386341,0.4310682401003407
src_gkf,M0b_u_plus_logtau,target_models,4,160,A2_8_16,0.7199290861368496,0.7318543933960345
src_gkf,M0b_u_plus_logtau,target_models,4,161,A2_8_16,0.8205349159920327,0.7228004983293015
src_gkf,M0b_u_plus_logtau,target_models,4,170,A2_8_16,0.1742853627065956,0.08307083853791108
src_gkf,M0b_u_plus_logtau,target_models,4,171,A2_8_16,0.1599474558842803,0.055909153337712125
src_gkf,M0b_u_plus_logtau,target_models,4,180,A2_8_16,0.876658817811322,0.887510812517336
src_gkf,M0b_u_plus_logtau,target_models,4,181,A2_8_16,0.4323368626607115,0.878456917450603
src_gkf,M0b_u_plus_logtau,target_models,4,190,A2_8_16,0.1571360648425355,0.03557813770085716
src_gkf,M0b_u_plus_logtau,target_models,4,191,A2_8_16,0.1248771653523978,0.026524242634124118
src_gkf,M0b_u_plus_logtau,target_models,0,0,angular_entropy_8_16,0.9336741740150308,0.9698166938061036
src_gkf,M0b_u_plus_logtau,target_models,0,5,angular_entropy_8_16,0.2977525663111084,0.43090114747070135
src_gkf,M0b_u_plus_logtau,target_models,0,13,angular_entropy_8_16,0.3072768389189138,0.4447131357565411
src_gkf,M0b_u_plus_logtau,target_models,0,28,angular_entropy_8_16,0.8950148339178446,0.8631260616444507
src_gkf,M0b_u_plus_logtau,target_models,0,50,angular_entropy_8_16,0.2884001251722402,0.4813989039699067
src_gkf,M0b_u_plus_logtau,target_models,0,72,angular_entropy_8_16,0.9313320998754409,0.9089887967650129
src_gkf,M0b_u_plus_logtau,target_models,0,78,angular_entropy_8_16,0.3692855088966826,0.39447945821392155
src_gkf,M0b_u_plus_logtau,target_models,0,128,angular_entropy_8_16,0.9260806406075238,0.7558902521138896
src_gkf,M0b_u_plus_logtau,target_models,0,138,angular_entropy_8_16,0.9291252861861126,0.9818784108701173
src_gkf,M0b_u_plus_logtau,target_models,0,148,angular_entropy_8_16,0.4855636245332228,0.8225082374918999
src_gkf,M0b_u_plus_logtau,target_models,0,149,angular_entropy_8_16,0.8920301113985419,0.8138844372727753
src_gkf,M0b_u_plus_logtau,target_models,0,158,angular_entropy_8_16,0.443095790045536,0.5919963442242419
src_gkf,M0b_u_plus_logtau,target_models,0,159,angular_entropy_8_16,0.3175805320209709,0.5747487437859924
src_gkf,M0b_u_plus_logtau,target_models,0,168,angular_entropy_8_16,0.9489140989270426,0.956007010212743
src_gkf,M0b_u_plus_logtau,target_models,0,169,angular_entropy_8_16,0.9460381156279748,0.9646308104318677
src_gkf,M0b_u_plus_logtau,target_models,0,178,angular_entropy_8_16,0.9018638342756242,0.7386426516756401
src_gkf,M0b_u_plus_logtau,target_models,0,179,angular_entropy_8_16,0.9261454327046916,0.7472664518947649
src_gkf,M0b_u_plus_logtau,target_models,0,188,angular_entropy_8_16,0.920884974370498,0.9989490795504951
src_gkf,M0b_u_plus_logtau,target_models,0,189,angular_entropy_8_16,0.9420986012995588,0.9730776788931208
src_gkf,M0b_u_plus_logtau,target_models,0,198,angular_entropy_8_16,0.9172874280680208,0.7788071164189263
src_gkf,M0b_u_plus_logtau,target_models,0,199,angular_entropy_8_16,0.8870591115502044,0.7701833161998016
src_gkf,M0b_u_plus_logtau,target_models,1,4,angular_entropy_8_16,0.4797589507759083,0.5892730361502254
src_gkf,M0b_u_plus_logtau,target_models,1,12,angular_entropy_8_16,0.8460415028747486,0.5983086758238745
src_gkf,M0b_u_plus_logtau,target_models,1,27,angular_entropy_8_16,0.7550180697432503,0.8072824203927174
src_gkf,M0b_u_plus_logtau,target_models,1,49,angular_entropy_8_16,0.8931434690263835,0.6828154699431888
src_gkf,M0b_u_plus_logtau,target_models,1,54,angular_entropy_8_16,0.3680154583415413,0.4545609179627915
src_gkf,M0b_u_plus_logtau,target_models,1,77,angular_entropy_8_16,0.3569701574235101,0.49738328090622996
src_gkf,M0b_u_plus_logtau,target_models,1,126,angular_entropy_8_16,0.89885340511558,0.9066768664255169
src_gkf,M0b_u_plus_logtau,target_models,1,136,angular_entropy_8_16,0.934421785090228,1.0003184132886769
src_gkf,M0b_u_plus_logtau,target_models,1,146,angular_entropy_8_16,0.9231359438631118,0.9592856738602464
src_gkf,M0b_u_plus_logtau,target_models,1,147,angular_entropy_8_16,0.9269865002523372,0.9244155899447722
src_gkf,M0b_u_plus_logtau,target_models,1,156,angular_entropy_8_16,0.6888607676843875,0.5831437096553517
src_gkf,M0b_u_plus_logtau,target_models,1,157,angular_entropy_8_16,0.4699264956424556,0.5482736257398775
src_gkf,M0b_u_plus_logtau,target_models,1,166,angular_entropy_8_16,0.5735781124762749,0.4175332388129701
src_gkf,M0b_u_plus_logtau,target_models,1,167,angular_entropy_8_16,0.3864674284362529,0.46983836468618145
src_gkf,M0b_u_plus_logtau,target_models,1,176,angular_entropy_8_16,0.6525457217288756,0.6984352336463479
src_gkf,M0b_u_plus_logtau,target_models,1,177,angular_entropy_8_16,0.7347081037517762,0.715870275604085
src_gkf,M0b_u_plus_logtau,target_models,1,186,angular_entropy_8_16,0.9236751177150362,0.7977118927241119
src_gkf,M0b_u_plus_logtau,target_models,1,187,angular_entropy_8_16,0.9195262355547972,0.8151469346818491
src_gkf,M0b_u_plus_logtau,target_models,1,196,angular_entropy_8_16,0.8308767765595593,0.7712852655924675
src_gkf,M0b_u_plus_logtau,target_models,1,197,angular_entropy_8_16,0.9135802614189036,0.7189801397192561
src_gkf,M0b_u_plus_logtau,target_models,2,3,angular_entropy_8_16,0.4779772055305059,0.5621556942819702
src_gkf,M0b_u_plus_logtau,target_models,2,11,angular_entropy_8_16,0.4137629142447426,0.5940671734623103
src_gkf,M0b_u_plus_logtau,target_models,2,26,angular_entropy_8_16,0.9225450729133732,0.9775347132567402
src_gkf,M0b_u_plus_logtau,target_models,2,48,angular_entropy_8_16,0.920817709025902,0.697115749631335
src_gkf,M0b_u_plus_logtau,target_models,2,53,angular_entropy_8_16,0.9549473698303074,0.9513973805866431
src_gkf,M0b_u_plus_logtau,target_models,2,76,angular_entropy_8_16,0.9276734581533804,0.9109891263811964
src_gkf,M0b_u_plus_logtau,target_models,2,124,angular_entropy_8_16,0.9147947212843128,0.8589137662008283
src_gkf,M0b_u_plus_logtau,target_models,2,134,angular_entropy_8_16,0.9256549829438804,1.0106458040887651
src_gkf,M0b_u_plus_logtau,target_models,2,144,angular_entropy_8_16,0.9229279357306308,0.9951455166350978
src_gkf,M0b_u_plus_logtau,target_models,2,145,angular_entropy_8_16,0.922783471297476,0.9641449417277628
src_gkf,M0b_u_plus_logtau,target_models,2,154,angular_entropy_8_16,0.670712883086662,0.8746262620562082
src_gkf,M0b_u_plus_logtau,target_models,2,155,angular_entropy_8_16,0.9125242508369932,0.8901265495098758
src_gkf,M0b_u_plus_logtau,target_models,2,164,angular_entropy_8_16,0.2978953473076548,0.4876839876827871
src_gkf,M0b_u_plus_logtau,target_models,2,165,angular_entropy_8_16,0.2891071456764625,0.4721837002291196
src_gkf,M0b_u_plus_logtau,target_models,2,174,angular_entropy_8_16,0.5122610972711229,0.4339672691245209
src_gkf,M0b_u_plus_logtau,target_models,2,175,angular_entropy_8_16,0.6689971221992281,0.48046813148552336
src_gkf,M0b_u_plus_logtau,target_models,2,184,angular_entropy_8_16,0.9037991223507064,0.8475406225639233
src_gkf,M0b_u_plus_logtau,target_models,2,185,angular_entropy_8_16,0.9311772202530342,0.8630409100175908
src_gkf,M0b_u_plus_logtau,target_models,2,194,angular_entropy_8_16,0.5879662490128611,0.5389862362497428
src_gkf,M0b_u_plus_logtau,target_models,2,195,angular_entropy_8_16,0.4632606662863817,0.5544865237034103
src_gkf,M0b_u_plus_logtau,target_models,3,2,angular_entropy_8_16,0.9205390814978176,0.6705508083366358
src_gkf,M0b_u_plus_logtau,target_models,3,7,angular_entropy_8_16,0.3347323640142271,0.4812112655433219
src_gkf,M0b_u_plus_logtau,target_models,3,25,angular_entropy_8_16,0.5816707058259681,0.42741439856038826
src_gkf,M0b_u_plus_logtau,target_models,3,30,angular_entropy_8_16,0.4270172017517478,0.5630399885954778
src_gkf,M0b_u_plus_logtau,target_models,3,52,angular_entropy_8_16,0.9454630740160777,0.9534979863236399
src_gkf,M0b_u_plus_logtau,target_models,3,74,angular_entropy_8_16,0.8628655108189245,0.5543158126392945
src_gkf,M0b_u_plus_logtau,target_models,3,122,angular_entropy_8_16,0.3799420973435737,0.5041266406751267
src_gkf,M0b_u_plus_logtau,target_models,3,132,angular_entropy_8_16,0.7889791128491267,0.5802208974148384
src_gkf,M0b_u_plus_logtau,target_models,3,142,angular_entropy_8_16,0.7039581650501197,0.8691736358316009
src_gkf,M0b_u_plus_logtau,target_models,3,143,angular_entropy_8_16,0.8428423390558621,0.8893808793073832
src_gkf,M0b_u_plus_logtau,target_models,3,152,angular_entropy_8_16,0.8968868497699488,0.9326614374496283
src_gkf,M0b_u_plus_logtau,target_models,3,153,angular_entropy_8_16,0.8461600288419651,0.8720397070222816
src_gkf,M0b_u_plus_logtau,target_models,3,162,angular_entropy_8_16,0.7431830317351423,0.5407152587393147
src_gkf,M0b_u_plus_logtau,target_models,3,163,angular_entropy_8_16,0.5337060876810991,0.5205080152635324
src_gkf,M0b_u_plus_logtau,target_models,3,172,angular_entropy_8_16,0.3591420375657302,0.44840635677715507
src_gkf,M0b_u_plus_logtau,target_models,3,173,angular_entropy_8_16,0.2972264256107618,0.4686136002529373
src_gkf,M0b_u_plus_logtau,target_models,3,182,angular_entropy_8_16,0.6347594924442568,0.4656928339605436
src_gkf,M0b_u_plus_logtau,target_models,3,183,angular_entropy_8_16,0.3362955887065682,0.4859000774363259
src_gkf,M0b_u_plus_logtau,target_models,3,192,angular_entropy_8_16,0.5403562611206696,0.5270438599924268
src_gkf,M0b_u_plus_logtau,target_models,3,193,angular_entropy_8_16,0.555296814064717,0.46642212956508
src_gkf,M0b_u_plus_logtau,target_models,4,1,angular_entropy_8_16,0.9344989266450388,0.8787029548317462
src_gkf,M0b_u_plus_logtau,target_models,4,6,angular_entropy_8_16,0.3059312830097316,0.44334561480823287
src_gkf,M0b_u_plus_logtau,target_models,4,24,angular_entropy_8_16,0.9474204100320134,1.0065228248320697
src_gkf,M0b_u_plus_logtau,target_models,4,29,angular_entropy_8_16,0.6262326218701938,0.7092162096740288
src_gkf,M0b_u_plus_logtau,target_models,4,51,angular_entropy_8_16,0.9174741956782942,0.9593480799250778
src_gkf,M0b_u_plus_logtau,target_models,4,73,angular_entropy_8_16,0.9116719197777746,0.9597348175188966
src_gkf,M0b_u_plus_logtau,target_models,4,120,angular_entropy_8_16,0.3697450945985387,0.4814609320757404
src_gkf,M0b_u_plus_logtau,target_models,4,130,angular_entropy_8_16,0.7711020866117768,0.5383240176445513
src_gkf,M0b_u_plus_logtau,target_models,4,140,angular_entropy_8_16,0.9186711438978736,0.7914845761502725
src_gkf,M0b_u_plus_logtau,target_models,4,141,angular_entropy_8_16,0.8244759686032876,0.8022322871282999
src_gkf,M0b_u_plus_logtau,target_models,4,150,angular_entropy_8_16,0.8955164962962591,0.784028556878969
src_gkf,M0b_u_plus_logtau,target_models,4,151,angular_entropy_8_16,0.9379010426946844,0.7947762678569965
src_gkf,M0b_u_plus_logtau,target_models,4,160,angular_entropy_8_16,0.529106012565758,0.5240196183180332
src_gkf,M0b_u_plus_logtau,target_models,4,161,angular_entropy_8_16,0.4332499422431948,0.5347673292960606
src_gkf,M0b_u_plus_logtau,target_models,4,170,angular_entropy_8_16,0.9237814123548176,0.9616767720591147
src_gkf,M0b_u_plus_logtau,target_models,4,171,angular_entropy_8_16,0.9189652508805556,0.993919904993197
src_gkf,M0b_u_plus_logtau,target_models,4,180,angular_entropy_8_16,0.4177840495857789,0.4477120847570454
src_gkf,M0b_u_plus_logtau,target_models,4,181,angular_entropy_8_16,0.7990186769658371,0.4584597957350728
src_gkf,M0b_u_plus_logtau,target_models,4,190,angular_entropy_8_16,0.9351595528240708,1.0146253051702345
src_gkf,M0b_u_plus_logtau,target_models,4,191,angular_entropy_8_16,0.8997282864766862,1.025373016148262
src_gkf,M0b_u_plus_logtau,target_models,0,0,lambda_star_4_32,15.036163152530207,12.826770401689629
src_gkf,M0b_u_plus_logtau,target_models,0,5,lambda_star_4_32,9.476722768932733,9.7064976850729
src_gkf,M0b_u_plus_logtau,target_models,0,13,lambda_star_4_32,9.57889903024946,10.511798757624092
src_gkf,M0b_u_plus_logtau,target_models,0,28,lambda_star_4_32,16.448715843082976,12.505146850259784
src_gkf,M0b_u_plus_logtau,target_models,0,50,lambda_star_4_32,9.324161269491098,9.553670246042923
src_gkf,M0b_u_plus_logtau,target_models,0,72,lambda_star_4_32,14.56665793369415,12.343816834014694
src_gkf,M0b_u_plus_logtau,target_models,0,78,lambda_star_4_32,10.267739738899023,9.942747322410174
src_gkf,M0b_u_plus_logtau,target_models,0,128,lambda_star_4_32,10.626113959029189,13.612887251900341
src_gkf,M0b_u_plus_logtau,target_models,0,138,lambda_star_4_32,15.304477293099653,12.368991333016762
src_gkf,M0b_u_plus_logtau,target_models,0,148,lambda_star_4_32,13.505688064382563,14.82546513724358
src_gkf,M0b_u_plus_logtau,target_models,0,149,lambda_star_4_32,15.949985575742025,14.586891454883151
src_gkf,M0b_u_plus_logtau,target_models,0,158,lambda_star_4_32,11.444534053265324,10.752919980630555
src_gkf,M0b_u_plus_logtau,target_models,0,159,lambda_star_4_32,9.024660111865645,10.2757726159097
src_gkf,M0b_u_plus_logtau,target_models,0,168,lambda_star_4_32,9.864797093561378,11.65327028593548
src_gkf,M0b_u_plus_logtau,target_models,0,169,lambda_star_4_32,11.80156011694523,11.891843968295907
src_gkf,M0b_u_plus_logtau,target_models,0,178,lambda_star_4_32,12.712627116310939,13.135739887179486
src_gkf,M0b_u_plus_logtau,target_models,0,179,lambda_star_4_32,12.903457466297608,13.374313569539915
src_gkf,M0b_u_plus_logtau,target_models,0,188,lambda_star_4_32,11.805113379327635,12.513102930504004
src_gkf,M0b_u_plus_logtau,target_models,0,189,lambda_star_4_32,10.922526745032467,11.797381883422723
src_gkf,M0b_u_plus_logtau,target_models,0,198,lambda_star_4_32,10.775048279182267,12.149935989594718
src_gkf,M0b_u_plus_logtau,target_models,0,199,lambda_star_4_32,10.366167238577734,11.91136230723429
src_gkf,M0b_u_plus_logtau,target_models,1,4,lambda_star_4_32,8.748435560785481,11.258550226373242
src_gkf,M0b_u_plus_logtau,target_models,1,12,lambda_star_4_32,16.49892017171428,11.866018028509359
src_gkf,M0b_u_plus_logtau,target_models,1,27,lambda_star_4_32,10.15857296040633,11.79102714677106
src_gkf,M0b_u_plus_logtau,target_models,1,49,lambda_star_4_32,9.89823266090284,10.597314037621032
src_gkf,M0b_u_plus_logtau,target_models,1,54,lambda_star_4_32,11.975549042291357,10.184072362361178
src_gkf,M0b_u_plus_logtau,target_models,1,77,lambda_star_4_32,9.144133649393266,9.956230781744988
src_gkf,M0b_u_plus_logtau,target_models,1,126,lambda_star_4_32,12.950437243891914,15.534400746132839
src_gkf,M0b_u_plus_logtau,target_models,1,136,lambda_star_4_32,11.169791350259981,13.40217202234167
src_gkf,M0b_u_plus_logtau,target_models,1,146,lambda_star_4_32,13.238470411514887,14.129534780363667
src_gkf,M0b_u_plus_logtau,target_models,1,147,lambda_star_4_32,16.39308904929755,13.422945325980727
src_gkf,M0b_u_plus_logtau,target_models,1,156,lambda_star_4_32,10.716409207930754,10.93129043435341
src_gkf,M0b_u_plus_logtau,target_models,1,157,lambda_star_4_32,13.43765651228388,10.224700979970471
src_gkf,M0b_u_plus_logtau,target_models,1,166,lambda_star_4_32,9.909591159098213,9.9658167700847
src_gkf,M0b_u_plus_logtau,target_models,1,176,lambda_star_4_32,16.934453385495903,12.425117519994748
src_gkf,M0b_u_plus_logtau,target_models,1,177,lambda_star_4_32,10.025623028224507,12.778412247186218
src_gkf,M0b_u_plus_logtau,target_models,1,186,lambda_star_4_32,9.56283765931253,11.049453079370407
src_gkf,M0b_u_plus_logtau,target_models,1,187,lambda_star_4_32,9.390936745447487,11.402747806561877
src_gkf,M0b_u_plus_logtau,target_models,1,196,lambda_star_4_32,10.255244325789706,12.92815654205005
src_gkf,M0b_u_plus_logtau,target_models,1,197,lambda_star_4_32,10.02800697834505,11.86827236047564
src_gkf,M0b_u_plus_logtau,target_models,2,3,lambda_star_4_32,8.585566378279855,10.302542311963434
src_gkf,M0b_u_plus_logtau,target_models,2,11,lambda_star_4_32,10.595772488586423,11.48280708663522
src_gkf,M0b_u_plus_logtau,target_models,2,26,lambda_star_4_32,16.85114805181296,13.385926017243264
src_gkf,M0b_u_plus_logtau,target_models,2,48,lambda_star_4_32,9.708231566821965,10.371455192128595
src_gkf,M0b_u_plus_logtau,target_models,2,53,lambda_star_4_32,13.839279657921876,13.036830509114662
src_gkf,M0b_u_plus_logtau,target_models,2,76,lambda_star_4_32,12.662404172006315,12.86937872784488
src_gkf,M0b_u_plus_logtau,target_models,2,134,lambda_star_4_32,10.280225900836875,14.811043155818282
src_gkf,M0b_u_plus_logtau,target_models,2,144,lambda_star_4_32,19.21712122703679,14.463485746171205
src_gkf,M0b_u_plus_logtau,target_models,2,145,lambda_star_4_32,15.917534514704242,13.768370926877054
src_gkf,M0b_u_plus_logtau,target_models,2,154,lambda_star_4_32,18.23764737785915,13.177011938867109
src_gkf,M0b_u_plus_logtau,target_models,2,155,lambda_star_4_32,18.025408887417036,13.524569348514184
src_gkf,M0b_u_plus_logtau,target_models,2,164,lambda_star_4_32,10.149086117041653,10.220916506090898
src_gkf,M0b_u_plus_logtau,target_models,2,165,lambda_star_4_32,10.06947567876668,9.873359096443824
src_gkf,M0b_u_plus_logtau,target_models,2,174,lambda_star_4_32,10.192698599791559,9.304897510745334
src_gkf,M0b_u_plus_logtau,target_models,2,175,lambda_star_4_32,17.38592853614663,10.347569739686561
src_gkf,M0b_u_plus_logtau,target_models,2,184,lambda_star_4_32,10.889582183271099,11.358373685842839
src_gkf,M0b_u_plus_logtau,target_models,2,185,lambda_star_4_32,9.844185813333066,11.705931095489914
src_gkf,M0b_u_plus_logtau,target_models,2,194,lambda_star_4_32,9.64445815674146,10.243813908402355
src_gkf,M0b_u_plus_logtau,target_models,2,195,lambda_star_4_32,10.912131490668889,10.59137131804943
src_gkf,M0b_u_plus_logtau,target_models,3,2,lambda_star_4_32,8.978347929581629,11.190569703962206
src_gkf,M0b_u_plus_logtau,target_models,3,7,lambda_star_4_32,10.131741650392286,10.435660461308979
src_gkf,M0b_u_plus_logtau,target_models,3,25,lambda_star_4_32,9.448952183282888,8.469707961152919
src_gkf,M0b_u_plus_logtau,target_models,3,30,lambda_star_4_32,9.442777413200083,10.39291305895308
src_gkf,M0b_u_plus_logtau,target_models,3,52,lambda_star_4_32,13.657657525470372,12.471883187655223
src_gkf,M0b_u_plus_logtau,target_models,3,74,lambda_star_4_32,10.395135974354487,10.42901301290955
src_gkf,M0b_u_plus_logtau,target_models,3,122,lambda_star_4_32,11.266255756141158,11.178322931715819
src_gkf,M0b_u_plus_logtau,target_models,3,132,lambda_star_4_32,9.773721145239106,11.377275064597248
src_gkf,M0b_u_plus_logtau,target_models,3,142,lambda_star_4_32,13.686953355865574,16.532067912295844
src_gkf,M0b_u_plus_logtau,target_models,3,143,lambda_star_4_32,20.33910218473801,16.89940675543444
src_gkf,M0b_u_plus_logtau,target_models,3,153,lambda_star_4_32,17.17652433675191,13.750830380066834
src_gkf,M0b_u_plus_logtau,target_models,3,162,lambda_star_4_32,17.094888583756347,11.63929016920069
src_gkf,M0b_u_plus_logtau,target_models,3,163,lambda_star_4_32,11.185404169702867,11.27195132606209
src_gkf,M0b_u_plus_logtau,target_models,3,172,lambda_star_4_32,9.407459257280316,10.404558663205691
src_gkf,M0b_u_plus_logtau,target_models,3,173,lambda_star_4_32,10.56715703018984,10.771897506344288
src_gkf,M0b_u_plus_logtau,target_models,3,182,lambda_star_4_32,15.652923642651267,12.307201418216842
src_gkf,M0b_u_plus_logtau,target_models,3,183,lambda_star_4_32,11.121279222471847,12.674540261355439
src_gkf,M0b_u_plus_logtau,target_models,3,192,lambda_star_4_32,10.99798231417217,11.079061651907205
src_gkf,M0b_u_plus_logtau,target_models,3,193,lambda_star_4_32,9.511936587414986,9.97704512249141
src_gkf,M0b_u_plus_logtau,target_models,4,1,lambda_star_4_32,11.668512421861447,12.905723053422658
src_gkf,M0b_u_plus_logtau,target_models,4,6,lambda_star_4_32,10.03098145708803,10.744170463789574
src_gkf,M0b_u_plus_logtau,target_models,4,24,lambda_star_4_32,12.772355638285045,12.265140791235703
src_gkf,M0b_u_plus_logtau,target_models,4,29,lambda_star_4_32,11.469957883713992,11.495827755988016
src_gkf,M0b_u_plus_logtau,target_models,4,73,lambda_star_4_32,12.40952841173918,13.144767180674785
src_gkf,M0b_u_plus_logtau,target_models,4,120,lambda_star_4_32,10.003348406161974,11.848350593130917
src_gkf,M0b_u_plus_logtau,target_models,4,130,lambda_star_4_32,10.525656126642762,11.212434886097586
src_gkf,M0b_u_plus_logtau,target_models,4,140,lambda_star_4_32,14.266299800171103,18.007457031902604
src_gkf,M0b_u_plus_logtau,target_models,4,141,lambda_star_4_32,12.406930408458866,18.27346322748413
src_gkf,M0b_u_plus_logtau,target_models,4,150,lambda_star_4_32,13.19434205978971,14.788603626993847
src_gkf,M0b_u_plus_logtau,target_models,4,151,lambda_star_4_32,15.981702306235912,15.054609822575374
src_gkf,M0b_u_plus_logtau,target_models,4,160,lambda_star_4_32,8.957803609676962,11.583247006385538
src_gkf,M0b_u_plus_logtau,target_models,4,161,lambda_star_4_32,10.187201719133206,11.849253201967066
src_gkf,M0b_u_plus_logtau,target_models,4,170,lambda_star_4_32,10.992604555676673,11.48710672417591
src_gkf,M0b_u_plus_logtau,target_models,4,171,lambda_star_4_32,13.021054880614983,12.28512531092049
src_gkf,M0b_u_plus_logtau,target_models,4,180,lambda_star_4_32,11.81471575262988,13.796470454656234
src_gkf,M0b_u_plus_logtau,target_models,4,181,lambda_star_4_32,13.459631624030925,14.062476650237759
src_gkf,M0b_u_plus_logtau,target_models,4,190,lambda_star_4_32,9.720938860159308,11.815492914437815
src_gkf,M1_u_plus_What,target_models,0,0,p_8_16,0.0342382099309782,0.12241430809938086
src_gkf,M1_u_plus_What,target_models,0,5,p_8_16,0.9126072594872168,0.5468145895514926
src_gkf,M1_u_plus_What,target_models,0,13,p_8_16,0.8570775630331313,0.5194911005754357
src_gkf,M1_u_plus_What,target_models,0,28,p_8_16,0.2504962607918012,0.21688375626379688
src_gkf,M1_u_plus_What,target_models,0,50,p_8_16,0.8998240927744701,0.5151064713201365
src_gkf,M1_u_plus_What,target_models,0,72,p_8_16,0.2776858930884566,0.14647038795546494
src_gkf,M1_u_plus_What,target_models,0,78,p_8_16,0.7115431096112693,0.5408901723238668
src_gkf,M1_u_plus_What,target_models,0,128,p_8_16,0.0803054078882494,0.22500004870158186
src_gkf,M1_u_plus_What,target_models,0,138,p_8_16,0.1847908933976274,0.13571719293584145
src_gkf,M1_u_plus_What,target_models,0,148,p_8_16,0.401710597995235,0.18559016619600766
src_gkf,M1_u_plus_What,target_models,0,149,p_8_16,0.1328859474968257,0.20543865962226315
src_gkf,M1_u_plus_What,target_models,0,158,p_8_16,0.4961240478265122,0.43099178637851887
src_gkf,M1_u_plus_What,target_models,0,159,p_8_16,0.4015733472101155,0.47068877323102987
src_gkf,M1_u_plus_What,target_models,0,168,p_8_16,0.1913327549278874,0.19526267321460783
src_gkf,M1_u_plus_What,target_models,0,169,p_8_16,0.1842514902661812,0.1754141797883524
src_gkf,M1_u_plus_What,target_models,0,178,p_8_16,0.1096771945811592,0.26469703555409285
src_gkf,M1_u_plus_What,target_models,0,179,p_8_16,0.08059610386861,0.24484854212783733
src_gkf,M1_u_plus_What,target_models,0,188,p_8_16,0.0702510568476217,0.12552592005604532
src_gkf,M1_u_plus_What,target_models,0,189,p_8_16,0.1838437744363198,0.1850714003348118
src_gkf,M1_u_plus_What,target_models,0,198,p_8_16,0.1707622685467746,0.23856591586138978
src_gkf,M1_u_plus_What,target_models,0,199,p_8_16,0.1371810986872629,0.25841440928764525
src_gkf,M1_u_plus_What,target_models,1,4,p_8_16,0.5602002984476983,0.4301141213962901
src_gkf,M1_u_plus_What,target_models,1,12,p_8_16,0.1921998610687837,0.4084904117208288
src_gkf,M1_u_plus_What,target_models,1,27,p_8_16,0.4235140119089293,0.28007969511026276
src_gkf,M1_u_plus_What,target_models,1,49,p_8_16,0.2454664380648269,0.3857680370349019
src_gkf,M1_u_plus_What,target_models,1,54,p_8_16,0.591649700692359,0.5472394898509988
src_gkf,M1_u_plus_What,target_models,1,77,p_8_16,0.6823572333973394,0.5130859249646995
src_gkf,M1_u_plus_What,target_models,1,126,p_8_16,0.0358979214122202,0.07860598652428524
src_gkf,M1_u_plus_What,target_models,1,136,p_8_16,0.0563523977609129,0.105424869822667
src_gkf,M1_u_plus_What,target_models,1,146,p_8_16,0.1241892480864522,0.08966439113436422
src_gkf,M1_u_plus_What,target_models,1,147,p_8_16,0.1558258281900654,0.13382586585879458
src_gkf,M1_u_plus_What,target_models,1,156,p_8_16,0.4358789631566422,0.4449566374306
src_gkf,M1_u_plus_What,target_models,1,157,p_8_16,0.2648002595102144,0.48911811215503026
src_gkf,M1_u_plus_What,target_models,1,166,p_8_16,0.6945002041668196,0.5416232471657279
src_gkf,M1_u_plus_What,target_models,1,167,p_8_16,0.0301198360435335,0.47538103507908236
src_gkf,M1_u_plus_What,target_models,1,176,p_8_16,0.1664049856670875,0.32211900690458206
src_gkf,M1_u_plus_What,target_models,1,177,p_8_16,0.1705521628824458,0.30003826954236695
src_gkf,M1_u_plus_What,target_models,1,186,p_8_16,0.1825270019056839,0.29989318888292055
src_gkf,M1_u_plus_What,target_models,1,187,p_8_16,0.1519809787257946,0.2778124515207054
src_gkf,M1_u_plus_What,target_models,1,196,p_8_16,0.0937627138652451,0.23969391952144942
src_gkf,M1_u_plus_What,target_models,1,197,p_8_16,0.1036259524185608,0.30593613160809485
src_gkf,M1_u_plus_What,target_models,2,3,p_8_16,0.6397237770389178,0.4673872126241979
src_gkf,M1_u_plus_What,target_models,2,11,p_8_16,0.1400912351783912,0.41159246382180803
src_gkf,M1_u_plus_What,target_models,2,26,p_8_16,0.1868192616154143,0.12370093636772667
src_gkf,M1_u_plus_What,target_models,2,48,p_8_16,0.2767720104089806,0.3718875938207038
src_gkf,M1_u_plus_What,target_models,2,53,p_8_16,0.2736571121857817,0.15436342528194466
src_gkf,M1_u_plus_What,target_models,2,76,p_8_16,0.2692309609802786,0.15790498114382512
src_gkf,M1_u_plus_What,target_models,2,124,p_8_16,0.0216273774759846,0.10149176500175033
src_gkf,M1_u_plus_What,target_models,2,134,p_8_16,0.1717238418083919,0.008906563125082478
src_gkf,M1_u_plus_What,target_models,2,144,p_8_16,0.0980992963841571,0.030460991910181978
src_gkf,M1_u_plus_What,target_models,2,145,p_8_16,0.1444384491418675,0.07356984948038103
src_gkf,M1_u_plus_What,target_models,2,154,p_8_16,0.0328626821146418,0.12773971629259376
src_gkf,M1_u_plus_What,target_models,2,155,p_8_16,0.0416435958762092,0.10618528750749423
src_gkf,M1_u_plus_What,target_models,2,164,p_8_16,0.6764301662347564,0.45225762244204026
src_gkf,M1_u_plus_What,target_models,2,165,p_8_16,0.7778128600771657,0.47381205122713976
src_gkf,M1_u_plus_What,target_models,2,174,p_8_16,0.5141086157929576,0.533494510956261
src_gkf,M1_u_plus_What,target_models,2,175,p_8_16,0.2465341404848374,0.46883122460096244
src_gkf,M1_u_plus_What,target_models,2,184,p_8_16,0.0631820767179308,0.23926137760972432
src_gkf,M1_u_plus_What,target_models,2,185,p_8_16,0.1389519509063684,0.2177069488246247
src_gkf,M1_u_plus_What,target_models,2,194,p_8_16,0.3517594854261314,0.45777021535894874
src_gkf,M1_u_plus_What,target_models,2,195,p_8_16,0.2138727626229319,0.43621578657384924
src_gkf,M1_u_plus_What,target_models,3,2,p_8_16,0.2105184725521856,0.3691428641212346
src_gkf,M1_u_plus_What,target_models,3,7,p_8_16,0.8153931899623513,0.47809251791861784
src_gkf,M1_u_plus_What,target_models,3,25,p_8_16,0.4732961296022142,0.5901749118545855
src_gkf,M1_u_plus_What,target_models,3,30,p_8_16,0.4418353332682509,0.4691515371233843
src_gkf,M1_u_plus_What,target_models,3,52,p_8_16,0.1684546978474572,0.16215228690802638
src_gkf,M1_u_plus_What,target_models,3,74,p_8_16,0.377942131592927,0.48319448211871574
src_gkf,M1_u_plus_What,target_models,3,122,p_8_16,0.4406507189391591,0.40689905464188764
src_gkf,M1_u_plus_What,target_models,3,132,p_8_16,0.3514324181582739,0.4334827070965576
src_gkf,M1_u_plus_What,target_models,3,142,p_8_16,0.1697483102128793,0.09309465684107354
src_gkf,M1_u_plus_What,target_models,3,143,p_8_16,0.0670632467328167,0.06421256532272945
src_gkf,M1_u_plus_What,target_models,3,152,p_8_16,0.0364217616612413,0.03222050756605399
src_gkf,M1_u_plus_What,target_models,3,153,p_8_16,0.0287520199617658,0.1188667821210865
src_gkf,M1_u_plus_What,target_models,3,162,p_8_16,0.0687775708107536,0.4579957020210876
src_gkf,M1_u_plus_What,target_models,3,163,p_8_16,0.4710725716838595,0.4868777935394317
src_gkf,M1_u_plus_What,target_models,3,172,p_8_16,0.7385844374380425,0.47522266328771623
src_gkf,M1_u_plus_What,target_models,3,173,p_8_16,0.7192385949231982,0.4463405717693719
src_gkf,M1_u_plus_What,target_models,3,182,p_8_16,0.2227624333178619,0.5052868032774527
src_gkf,M1_u_plus_What,target_models,3,183,p_8_16,0.7202682584473413,0.4764047117591086
src_gkf,M1_u_plus_What,target_models,3,192,p_8_16,0.2693234213407359,0.44423920733454914
src_gkf,M1_u_plus_What,target_models,3,193,p_8_16,0.5261741447507422,0.5308854818895816
src_gkf,M1_u_plus_What,target_models,4,1,p_8_16,0.2730637583192485,0.1702217874706164
src_gkf,M1_u_plus_What,target_models,4,6,p_8_16,0.8934367400816127,0.5024368670243451
src_gkf,M1_u_plus_What,target_models,4,24,p_8_16,0.2569624712389576,0.14016247803578755
src_gkf,M1_u_plus_What,target_models,4,29,p_8_16,0.4925534341695751,0.35400290523467637
src_gkf,M1_u_plus_What,target_models,4,51,p_8_16,0.034702128595685,0.179964570814577
src_gkf,M1_u_plus_What,target_models,4,73,p_8_16,0.0992533930074463,0.10686207321653282
src_gkf,M1_u_plus_What,target_models,4,120,p_8_16,0.6385208994142718,0.38925975080289915
src_gkf,M1_u_plus_What,target_models,4,130,p_8_16,0.2186092713118247,0.4125747232663844
src_gkf,M1_u_plus_What,target_models,4,140,p_8_16,0.3013360338424688,0.12439439913333691
src_gkf,M1_u_plus_What,target_models,4,141,p_8_16,0.2359916126573756,0.09891145645248611
src_gkf,M1_u_plus_What,target_models,4,150,p_8_16,0.1886239553165941,0.1479919653733093
src_gkf,M1_u_plus_What,target_models,4,151,p_8_16,0.1255392642729608,0.1225090226924585
src_gkf,M1_u_plus_What,target_models,4,160,p_8_16,0.5088771820307446,0.48867647533147607
src_gkf,M1_u_plus_What,target_models,4,161,p_8_16,0.3550479848987524,0.46319353265062524
src_gkf,M1_u_plus_What,target_models,4,170,p_8_16,0.3336929555162605,0.2197897936002633
src_gkf,M1_u_plus_What,target_models,4,171,p_8_16,0.2025555550279888,0.14334096555771086
src_gkf,M1_u_plus_What,target_models,4,180,p_8_16,0.4111016568530389,0.421105311544729
src_gkf,M1_u_plus_What,target_models,4,181,p_8_16,0.2658185167522623,0.39562236886387825
src_gkf,M1_u_plus_What,target_models,4,190,p_8_16,0.2090658333441498,0.14452134625207447
src_gkf,M1_u_plus_What,target_models,4,191,p_8_16,0.0024359757659457,0.11903840357122367
src_gkf,M1_u_plus_What,target_models,0,0,ilr_z2,-0.1063306799927708,-0.059017106699866984
src_gkf,M1_u_plus_What,target_models,0,5,ilr_z2,-1.940805301438366,-0.7063935239845737
src_gkf,M1_u_plus_What,target_models,0,13,ilr_z2,-1.614473056844414,-0.7579400767652772
src_gkf,M1_u_plus_What,target_models,0,28,ilr_z2,-0.6824863239163869,-0.3034189532072762
src_gkf,M1_u_plus_What,target_models,0,50,ilr_z2,-1.7718920514165597,-0.7704632013070334
src_gkf,M1_u_plus_What,target_models,0,72,ilr_z2,-0.5082702825940048,-0.17370391111375677
src_gkf,M1_u_plus_What,target_models,0,78,ilr_z2,-1.3796513513227322,-0.8291583124666962
src_gkf,M1_u_plus_What,target_models,0,128,ilr_z2,0.1414158584405125,-0.5774664867231265
src_gkf,M1_u_plus_What,target_models,0,138,ilr_z2,0.1680977377995088,-0.12995475017021585
src_gkf,M1_u_plus_What,target_models,0,148,ilr_z2,-1.0846568296883292,-0.5886380506607113
src_gkf,M1_u_plus_What,target_models,0,149,ilr_z2,-0.5480851664681791,-0.548603465022185
src_gkf,M1_u_plus_What,target_models,0,158,ilr_z2,-0.5748897410971575,-0.6461578273267001
src_gkf,M1_u_plus_What,target_models,0,159,ilr_z2,-0.2812695282973182,-0.5660886560496476
src_gkf,M1_u_plus_What,target_models,0,168,ilr_z2,0.1405350564302773,-0.009850993254637008
src_gkf,M1_u_plus_What,target_models,0,169,ilr_z2,-0.1987183265929584,-0.04988557889316331
src_gkf,M1_u_plus_What,target_models,0,178,ilr_z2,-0.3004689083387473,-0.4973973154460741
src_gkf,M1_u_plus_What,target_models,0,179,ilr_z2,-0.2103805063433689,-0.5374319010846003
src_gkf,M1_u_plus_What,target_models,0,188,ilr_z2,0.4089178641829663,-0.06657702021218836
src_gkf,M1_u_plus_What,target_models,0,189,ilr_z2,0.3408069820378084,0.05352673670339042
src_gkf,M1_u_plus_What,target_models,0,198,ilr_z2,0.2395243924105265,-0.38894321216557065
src_gkf,M1_u_plus_What,target_models,0,199,ilr_z2,0.2216781958750436,-0.34890862652704435
src_gkf,M1_u_plus_What,target_models,1,4,ilr_z2,-0.7349798880860732,-0.7466302901008176
src_gkf,M1_u_plus_What,target_models,1,12,ilr_z2,-0.4873426315596991,-0.7890007144092098
src_gkf,M1_u_plus_What,target_models,1,27,ilr_z2,-0.8482571589845281,-0.2196066643044059
src_gkf,M1_u_plus_What,target_models,1,49,ilr_z2,0.4084297996084903,-0.42209233145837743
src_gkf,M1_u_plus_What,target_models,1,54,ilr_z2,-1.861872604120544,-0.9712599055855525
src_gkf,M1_u_plus_What,target_models,1,77,ilr_z2,-1.1400707101175642,-0.6710961040358667
src_gkf,M1_u_plus_What,target_models,1,126,ilr_z2,0.1514234499286074,-0.36939736864447714
src_gkf,M1_u_plus_What,target_models,1,136,ilr_z2,0.4252380211941015,-0.07254078240208511
src_gkf,M1_u_plus_What,target_models,1,146,ilr_z2,-0.0911109063822424,-0.10396505453347554
src_gkf,M1_u_plus_What,target_models,1,147,ilr_z2,-0.2928733932939545,-0.04563067060397985
src_gkf,M1_u_plus_What,target_models,1,156,ilr_z2,-0.9637846254921072,-0.7527628376243557
src_gkf,M1_u_plus_What,target_models,1,157,ilr_z2,-0.5841810634522199,-0.6944284536948598
src_gkf,M1_u_plus_What,target_models,1,166,ilr_z2,-1.1747991448331432,-0.8523201246046599
src_gkf,M1_u_plus_What,target_models,1,167,ilr_z2,-1.8398507875353969,-0.9398217004989035
src_gkf,M1_u_plus_What,target_models,1,176,ilr_z2,-0.5854125650361839,-0.4838606490407249
src_gkf,M1_u_plus_What,target_models,1,177,ilr_z2,-0.0236528747301991,-0.5130278410054728
src_gkf,M1_u_plus_What,target_models,1,186,ilr_z2,0.7221347853067828,-0.1715609140407095
src_gkf,M1_u_plus_What,target_models,1,187,ilr_z2,0.7842535575418991,-0.20072810600545737
src_gkf,M1_u_plus_What,target_models,1,196,ilr_z2,0.3618674458676895,-0.4632461044394995
src_gkf,M1_u_plus_What,target_models,1,197,ilr_z2,0.5899138604097636,-0.37574452854525586
src_gkf,M1_u_plus_What,target_models,2,3,ilr_z2,-0.8615461618228943,-0.6343792476234316
src_gkf,M1_u_plus_What,target_models,2,11,ilr_z2,-1.0402091290257125,-0.7354103664382285
src_gkf,M1_u_plus_What,target_models,2,26,ilr_z2,-0.6587406275693465,0.009090875079684313
src_gkf,M1_u_plus_What,target_models,2,48,ilr_z2,0.3640795136307608,-0.3759874454952598
src_gkf,M1_u_plus_What,target_models,2,53,ilr_z2,-0.7207427361215213,-0.03063370257669351
src_gkf,M1_u_plus_What,target_models,2,76,ilr_z2,-0.3573739449687065,-0.10123643211913624
src_gkf,M1_u_plus_What,target_models,2,124,ilr_z2,-0.3102629865565866,-0.6318718053097939
src_gkf,M1_u_plus_What,target_models,2,134,ilr_z2,0.2143441042381721,-0.21409434341372324
src_gkf,M1_u_plus_What,target_models,2,144,ilr_z2,-0.3027621608401571,-0.17265306600333347
src_gkf,M1_u_plus_What,target_models,2,145,ilr_z2,-0.3019965021691972,-0.0897705111825543
src_gkf,M1_u_plus_What,target_models,2,154,ilr_z2,-0.4000705590825106,-0.031922340430891705
src_gkf,M1_u_plus_What,target_models,2,155,ilr_z2,-0.3930149251358204,-0.07336361784128148
src_gkf,M1_u_plus_What,target_models,2,164,ilr_z2,-1.5662458140815316,-1.0198195743249625
src_gkf,M1_u_plus_What,target_models,2,165,ilr_z2,-1.8451569596223183,-0.9783782969145727
src_gkf,M1_u_plus_What,target_models,2,174,ilr_z2,-0.3646944726413303,-0.7085129543679982
src_gkf,M1_u_plus_What,target_models,2,175,ilr_z2,-1.467424952332843,-0.8328367865991673
src_gkf,M1_u_plus_What,target_models,2,184,ilr_z2,0.3488021013448888,-0.13172485735381112
src_gkf,M1_u_plus_What,target_models,2,185,ilr_z2,0.7956564068517197,-0.1731661347642005
src_gkf,M1_u_plus_What,target_models,2,194,ilr_z2,0.0179663222611397,-0.8078024025300503
src_gkf,M1_u_plus_What,target_models,2,195,ilr_z2,0.0779337797703519,-0.84924367994044
src_gkf,M1_u_plus_What,target_models,3,2,ilr_z2,0.5182216181845284,-0.4732473576295812
src_gkf,M1_u_plus_What,target_models,3,7,ilr_z2,-1.6695954016433885,-0.9877513130707758
src_gkf,M1_u_plus_What,target_models,3,25,ilr_z2,-0.5036461443379504,-0.7540120119992992
src_gkf,M1_u_plus_What,target_models,3,30,ilr_z2,-0.2541646557020384,-0.6954890036179571
src_gkf,M1_u_plus_What,target_models,3,52,ilr_z2,-0.4788069946524049,0.11814056737696405
src_gkf,M1_u_plus_What,target_models,3,74,ilr_z2,-0.1906594115687575,-0.7016978037124433
src_gkf,M1_u_plus_What,target_models,3,122,ilr_z2,-1.311453182628654,-1.070741038341559
src_gkf,M1_u_plus_What,target_models,3,132,ilr_z2,-0.2458171955326751,-0.9665150841042249
src_gkf,M1_u_plus_What,target_models,3,142,ilr_z2,-0.480606705362266,-0.5638674520842706
src_gkf,M1_u_plus_What,target_models,3,143,ilr_z2,-0.3130092631134917,-0.6000526504890783
src_gkf,M1_u_plus_What,target_models,3,152,ilr_z2,-0.4809182251615883,-0.12770636000527508
src_gkf,M1_u_plus_What,target_models,3,153,ilr_z2,-0.5677240117208077,-0.019150764790854258
src_gkf,M1_u_plus_What,target_models,3,162,ilr_z2,-0.3653410610632664,-0.9820177952075779
src_gkf,M1_u_plus_What,target_models,3,163,ilr_z2,-1.0196527553436392,-0.9458325968027703
src_gkf,M1_u_plus_What,target_models,3,172,ilr_z2,-1.1143412015365697,-0.825803667801289
src_gkf,M1_u_plus_What,target_models,3,173,ilr_z2,-1.210042262040108,-0.8619888662060946
src_gkf,M1_u_plus_What,target_models,3,182,ilr_z2,-0.3812710159046805,-1.2290553441873393
src_gkf,M1_u_plus_What,target_models,3,183,ilr_z2,-2.0975168160602387,-1.265240542592147
src_gkf,M1_u_plus_What,target_models,3,192,ilr_z2,-0.1113100533321576,-0.9848347274454503
src_gkf,M1_u_plus_What,target_models,3,193,ilr_z2,-0.474274868869831,-0.8762791322310293
src_gkf,M1_u_plus_What,target_models,4,1,ilr_z2,-0.0692891450335584,-0.08568113973454461
src_gkf,M1_u_plus_What,target_models,4,6,ilr_z2,-1.94356293461084,-1.0971347713470099
src_gkf,M1_u_plus_What,target_models,4,24,ilr_z2,-0.5464013923450972,0.3497163839799765
src_gkf,M1_u_plus_What,target_models,4,29,ilr_z2,-0.5972960389338273,-0.3791928445900036
src_gkf,M1_u_plus_What,target_models,4,51,ilr_z2,-0.7375842381192994,0.1608042071189224
src_gkf,M1_u_plus_What,target_models,4,73,ilr_z2,-0.5316165113290052,0.04900053913542801
src_gkf,M1_u_plus_What,target_models,4,120,ilr_z2,-1.0981870534730027,-1.0178053740837039
src_gkf,M1_u_plus_What,target_models,4,130,ilr_z2,-0.1934901388372158,-0.9496889389612252
src_gkf,M1_u_plus_What,target_models,4,140,ilr_z2,-0.3867737094612926,-0.6163301945256122
src_gkf,M1_u_plus_What,target_models,4,141,ilr_z2,-0.4725933192029717,-0.6497431161980574
src_gkf,M1_u_plus_What,target_models,4,150,ilr_z2,-0.2525456694938448,-0.5595935428259593
src_gkf,M1_u_plus_What,target_models,4,151,ilr_z2,-0.5620448925305433,-0.5930064644984022
src_gkf,M1_u_plus_What,target_models,4,160,ilr_z2,-0.3107548375241632,-0.8058947071943997
src_gkf,M1_u_plus_What,target_models,4,161,ilr_z2,-0.1572727872297372,-0.8393076288668451
src_gkf,M1_u_plus_What,target_models,4,170,ilr_z2,-0.0247410900691029,0.34326559389695277
src_gkf,M1_u_plus_What,target_models,4,171,ilr_z2,-0.0737937005648459,0.24302682887961924
src_gkf,M1_u_plus_What,target_models,4,180,ilr_z2,-1.4995081502942065,-1.4017249877308204
src_gkf,M1_u_plus_What,target_models,4,181,ilr_z2,-0.6007342862334806,-1.4351379094032635
src_gkf,M1_u_plus_What,target_models,4,190,ilr_z2,0.4656972323647224,0.451786633582829
src_gkf,M1_u_plus_What,target_models,4,191,ilr_z2,-0.2083022863756323,0.41837371191038364
src_gkf,M1_u_plus_What,target_models,0,0,A2_8_16,0.036720770646403,0.11993834469479331
src_gkf,M1_u_plus_What,target_models,0,5,A2_8_16,0.9554864475023206,0.862280676166213
src_gkf,M1_u_plus_What,target_models,0,13,A2_8_16,0.9553992553647612,0.8577199730905953
src_gkf,M1_u_plus_What,target_models,0,28,A2_8_16,0.3652046962555679,0.2563487326197269
src_gkf,M1_u_plus_What,target_models,0,50,A2_8_16,0.968531796740373,0.7558819827876596
src_gkf,M1_u_plus_What,target_models,0,72,A2_8_16,0.2830216597611039,0.19105092895854092
src_gkf,M1_u_plus_What,target_models,0,78,A2_8_16,0.9225443341069854,0.9102371281025805
src_gkf,M1_u_plus_What,target_models,0,128,A2_8_16,0.2058224448213799,0.45248123032756044
src_gkf,M1_u_plus_What,target_models,0,138,A2_8_16,0.1424116865615261,0.06874601484157222
src_gkf,M1_u_plus_What,target_models,0,148,A2_8_16,0.8280700095585045,0.3589841601527072
src_gkf,M1_u_plus_What,target_models,0,149,A2_8_16,0.1094047470852526,0.3679919126636088
src_gkf,M1_u_plus_What,target_models,0,158,A2_8_16,0.8997282243113676,0.6185451411843035
src_gkf,M1_u_plus_What,target_models,0,159,A2_8_16,0.906662852903617,0.6365606462061082
src_gkf,M1_u_plus_What,target_models,0,168,A2_8_16,0.0994156775443189,0.09576927237427746
src_gkf,M1_u_plus_What,target_models,0,169,A2_8_16,0.097587665196269,0.08676151986337577
src_gkf,M1_u_plus_What,target_models,0,178,A2_8_16,0.172460089101729,0.47049673534936537
src_gkf,M1_u_plus_What,target_models,0,179,A2_8_16,0.2284488983539017,0.4614889828384623
src_gkf,M1_u_plus_What,target_models,0,188,A2_8_16,0.1067703608298211,0.05222454732027432
src_gkf,M1_u_plus_What,target_models,0,189,A2_8_16,0.2393366975971487,0.07924780485298094
src_gkf,M1_u_plus_What,target_models,0,198,A2_8_16,0.2957720351316506,0.38416211630698305
src_gkf,M1_u_plus_What,target_models,0,199,A2_8_16,0.3726363977494947,0.3931698688178848
src_gkf,M1_u_plus_What,target_models,1,4,A2_8_16,0.7663973995223651,0.6554789872824773
src_gkf,M1_u_plus_What,target_models,1,12,A2_8_16,0.5767620748559564,0.6567841414046233
src_gkf,M1_u_plus_What,target_models,1,27,A2_8_16,0.4289387730949569,0.305290694493128
src_gkf,M1_u_plus_What,target_models,1,49,A2_8_16,0.1529213376419045,0.45870857098586737
src_gkf,M1_u_plus_What,target_models,1,54,A2_8_16,0.9009628591577852,0.8013054336895613
src_gkf,M1_u_plus_What,target_models,1,77,A2_8_16,0.8985651245461259,0.7641967188135124
src_gkf,M1_u_plus_What,target_models,1,126,A2_8_16,0.2904552971923126,0.293785685257949
src_gkf,M1_u_plus_What,target_models,1,136,A2_8_16,0.0137397427233426,0.057197626273666535
src_gkf,M1_u_plus_What,target_models,1,146,A2_8_16,0.1449642119347632,0.15912398646197873
src_gkf,M1_u_plus_What,target_models,1,147,A2_8_16,0.2034555409043313,0.19206408402797648
src_gkf,M1_u_plus_What,target_models,1,156,A2_8_16,0.5005700460312731,0.62660589883269
src_gkf,M1_u_plus_What,target_models,1,157,A2_8_16,0.8479548796209171,0.6595459963986866
src_gkf,M1_u_plus_What,target_models,1,166,A2_8_16,0.839874019631054,0.8581898602605258
src_gkf,M1_u_plus_What,target_models,1,167,A2_8_16,0.9097755639079348,0.80877971391153
src_gkf,M1_u_plus_What,target_models,1,176,A2_8_16,0.614173452796375,0.4999307714648238
src_gkf,M1_u_plus_What,target_models,1,177,A2_8_16,0.5292008183387338,0.48346072268182544
src_gkf,M1_u_plus_What,target_models,1,186,A2_8_16,0.1398920757864579,0.29427090080354423
src_gkf,M1_u_plus_What,target_models,1,187,A2_8_16,0.0839330958615748,0.2778008520205459
src_gkf,M1_u_plus_What,target_models,1,196,A2_8_16,0.3743380418133872,0.38599162005229865
src_gkf,M1_u_plus_What,target_models,1,197,A2_8_16,0.2879994399522551,0.4354017664012945
src_gkf,M1_u_plus_What,target_models,2,3,A2_8_16,0.6848565322463434,0.6866596659829955
src_gkf,M1_u_plus_What,target_models,2,11,A2_8_16,0.814635835404978,0.6517659794476313
src_gkf,M1_u_plus_What,target_models,2,26,A2_8_16,0.3277592868738584,0.07882446269012044
src_gkf,M1_u_plus_What,target_models,2,48,A2_8_16,0.1439422060414616,0.45771257087473777
src_gkf,M1_u_plus_What,target_models,2,53,A2_8_16,0.1494548018772401,0.11123196992152357
src_gkf,M1_u_plus_What,target_models,2,76,A2_8_16,0.083768854819673,0.21727194138165523
src_gkf,M1_u_plus_What,target_models,2,124,A2_8_16,0.3621450261390208,0.274849622521252
src_gkf,M1_u_plus_What,target_models,2,134,A2_8_16,0.1202840571694714,0.08875829449833034
src_gkf,M1_u_plus_What,target_models,2,144,A2_8_16,0.2757511201425458,0.10902468835826351
src_gkf,M1_u_plus_What,target_models,2,145,A2_8_16,0.1384471986498286,0.14955747607813086
src_gkf,M1_u_plus_What,target_models,2,154,A2_8_16,0.7523513143574082,0.30924075155464537
src_gkf,M1_u_plus_What,target_models,2,155,A2_8_16,0.3496725676947528,0.2889743576947123
src_gkf,M1_u_plus_What,target_models,2,164,A2_8_16,0.9582380550196586,0.8111920400921055
src_gkf,M1_u_plus_What,target_models,2,165,A2_8_16,0.9755310556113246,0.8314584339520387
src_gkf,M1_u_plus_What,target_models,2,174,A2_8_16,0.7674693265969352,0.9164338875272723
src_gkf,M1_u_plus_What,target_models,2,175,A2_8_16,0.6893771332113418,0.8556347059474718
src_gkf,M1_u_plus_What,target_models,2,184,A2_8_16,0.0813683298711656,0.2457033747446174
src_gkf,M1_u_plus_What,target_models,2,185,A2_8_16,0.1527146446101141,0.22543698088468317
src_gkf,M1_u_plus_What,target_models,2,194,A2_8_16,0.678886742368729,0.7364842181908235
src_gkf,M1_u_plus_What,target_models,2,195,A2_8_16,0.8367731569721454,0.7162178243308905
src_gkf,M1_u_plus_What,target_models,3,2,A2_8_16,0.2995539380411224,0.5247666723532594
src_gkf,M1_u_plus_What,target_models,3,7,A2_8_16,0.9327131526105767,0.8067196200130404
src_gkf,M1_u_plus_What,target_models,3,25,A2_8_16,0.6984861392748491,0.8399725948147259
src_gkf,M1_u_plus_What,target_models,3,30,A2_8_16,0.8450779829639314,0.6600553386002066
src_gkf,M1_u_plus_What,target_models,3,52,A2_8_16,0.0120799449422375,0.12326694937775262
src_gkf,M1_u_plus_What,target_models,3,74,A2_8_16,0.1678917533058013,0.6467969056883991
src_gkf,M1_u_plus_What,target_models,3,122,A2_8_16,0.909510154376974,0.7885764561420969
src_gkf,M1_u_plus_What,target_models,3,132,A2_8_16,0.4032794241209796,0.6382260207051117
src_gkf,M1_u_plus_What,target_models,3,142,A2_8_16,0.5504001774406915,0.325702299164158
src_gkf,M1_u_plus_What,target_models,3,143,A2_8_16,0.4887500345928944,0.30506663308138227
src_gkf,M1_u_plus_What,target_models,3,152,A2_8_16,0.1916593851968016,0.25322543371022865
src_gkf,M1_u_plus_What,target_models,3,153,A2_8_16,0.4093289965880195,0.31513243195855695
src_gkf,M1_u_plus_What,target_models,3,162,A2_8_16,0.4118082086874167,0.7048855558991483
src_gkf,M1_u_plus_What,target_models,3,163,A2_8_16,0.7829337262209217,0.7255212219819239
src_gkf,M1_u_plus_What,target_models,3,172,A2_8_16,0.8921688865244534,0.8761960195960037
src_gkf,M1_u_plus_What,target_models,3,173,A2_8_16,0.9661076702374072,0.8555603535132269
src_gkf,M1_u_plus_What,target_models,3,182,A2_8_16,0.7136233011207184,0.81423084633904
src_gkf,M1_u_plus_What,target_models,3,183,A2_8_16,0.9408544635622768,0.7935951802562642
src_gkf,M1_u_plus_What,target_models,3,192,A2_8_16,0.753824022764901,0.7197671085692774
src_gkf,M1_u_plus_What,target_models,3,193,A2_8_16,0.683685936277253,0.7816741068176056
src_gkf,M1_u_plus_What,target_models,4,1,A2_8_16,0.1961232572137329,0.26086891504856213
src_gkf,M1_u_plus_What,target_models,4,6,A2_8_16,0.9570384606388984,0.8496285490707127
src_gkf,M1_u_plus_What,target_models,4,24,A2_8_16,0.1397929970599265,0.04898874052720331
src_gkf,M1_u_plus_What,target_models,4,29,A2_8_16,0.6757951785952275,0.4628667041818831
src_gkf,M1_u_plus_What,target_models,4,51,A2_8_16,0.12792012603282,0.10629731064806625
src_gkf,M1_u_plus_What,target_models,4,73,A2_8_16,0.295870409956582,0.12240887736355516
src_gkf,M1_u_plus_What,target_models,4,120,A2_8_16,0.8944943574816656,0.8543235607810518
src_gkf,M1_u_plus_What,target_models,4,130,A2_8_16,0.4419164485789251,0.7008291336934134
src_gkf,M1_u_plus_What,target_models,4,140,A2_8_16,0.2161409599196409,0.4728584853966966
src_gkf,M1_u_plus_What,target_models,4,141,A2_8_16,0.3554970461969606,0.46380893772816234
src_gkf,M1_u_plus_What,target_models,4,150,A2_8_16,0.2602332049451156,0.440184130679781
src_gkf,M1_u_plus_What,target_models,4,151,A2_8_16,0.092540025386341,0.4311345830112455
src_gkf,M1_u_plus_What,target_models,4,160,A2_8_16,0.7199290861368496,0.7318157720719634
src_gkf,M1_u_plus_What,target_models,4,161,A2_8_16,0.8205349159920327,0.7227662244034292
src_gkf,M1_u_plus_What,target_models,4,170,A2_8_16,0.1742853627065956,0.08307803143647824
src_gkf,M1_u_plus_What,target_models,4,171,A2_8_16,0.1599474558842803,0.05592938843087447
src_gkf,M1_u_plus_What,target_models,4,180,A2_8_16,0.876658817811322,0.8875443456935979
src_gkf,M1_u_plus_What,target_models,4,181,A2_8_16,0.4323368626607115,0.8784947980250625
src_gkf,M1_u_plus_What,target_models,4,190,A2_8_16,0.1571360648425355,0.03559810042339895
src_gkf,M1_u_plus_What,target_models,4,191,A2_8_16,0.1248771653523978,0.026548552754864785
src_gkf,M1_u_plus_What,target_models,0,0,angular_entropy_8_16,0.9336741740150308,0.9726021490807897
src_gkf,M1_u_plus_What,target_models,0,5,angular_entropy_8_16,0.2977525663111084,0.4292076082215658
src_gkf,M1_u_plus_What,target_models,0,13,angular_entropy_8_16,0.3072768389189138,0.4430927781668474
src_gkf,M1_u_plus_What,target_models,0,28,angular_entropy_8_16,0.8950148339178446,0.8641127131112951
src_gkf,M1_u_plus_What,target_models,0,50,angular_entropy_8_16,0.2884001251722402,0.4790191605619796
src_gkf,M1_u_plus_What,target_models,0,72,angular_entropy_8_16,0.9313320998754409,0.9084352303252999
src_gkf,M1_u_plus_What,target_models,0,78,angular_entropy_8_16,0.3692855088966826,0.39022358630744486
src_gkf,M1_u_plus_What,target_models,0,128,angular_entropy_8_16,0.9260806406075238,0.7562845335314431
src_gkf,M1_u_plus_What,target_models,0,138,angular_entropy_8_16,0.9291252861861126,0.9830591950670491
src_gkf,M1_u_plus_What,target_models,0,148,angular_entropy_8_16,0.4855636245332228,0.8243362786539068
src_gkf,M1_u_plus_What,target_models,0,149,angular_entropy_8_16,0.8920301113985419,0.8159567523729179
src_gkf,M1_u_plus_What,target_models,0,158,angular_entropy_8_16,0.443095790045536,0.5901280095216876
src_gkf,M1_u_plus_What,target_models,0,159,angular_entropy_8_16,0.3175805320209709,0.573368956959709
src_gkf,M1_u_plus_What,target_models,0,168,angular_entropy_8_16,0.9489140989270426,0.9579206162240822
src_gkf,M1_u_plus_What,target_models,0,169,angular_entropy_8_16,0.9460381156279748,0.9663001425050711
src_gkf,M1_u_plus_What,target_models,0,178,angular_entropy_8_16,0.9018638342756242,0.7395254809694645
src_gkf,M1_u_plus_What,target_models,0,179,angular_entropy_8_16,0.9261454327046916,0.7479050072504541
src_gkf,M1_u_plus_What,target_models,0,188,angular_entropy_8_16,0.920884974370498,1.0015636684174023
src_gkf,M1_u_plus_What,target_models,0,189,angular_entropy_8_16,0.9420986012995588,0.9764250895744346
src_gkf,M1_u_plus_What,target_models,0,198,angular_entropy_8_16,0.9172874280680208,0.7811313451182647
src_gkf,M1_u_plus_What,target_models,0,199,angular_entropy_8_16,0.8870591115502044,0.7727518188372757
src_gkf,M1_u_plus_What,target_models,1,4,angular_entropy_8_16,0.4797589507759083,0.5901864205431162
src_gkf,M1_u_plus_What,target_models,1,12,angular_entropy_8_16,0.8460415028747486,0.6006851462080194
src_gkf,M1_u_plus_What,target_models,1,27,angular_entropy_8_16,0.7550180697432503,0.8042868143096826
src_gkf,M1_u_plus_What,target_models,1,49,angular_entropy_8_16,0.8931434690263835,0.6750615132618469
src_gkf,M1_u_plus_What,target_models,1,54,angular_entropy_8_16,0.3680154583415413,0.44796524847181707
src_gkf,M1_u_plus_What,target_models,1,77,angular_entropy_8_16,0.3569701574235101,0.5048106550445947
src_gkf,M1_u_plus_What,target_models,1,126,angular_entropy_8_16,0.89885340511558,0.9143313779594058
src_gkf,M1_u_plus_What,target_models,1,136,angular_entropy_8_16,0.934421785090228,0.9924618313265625
src_gkf,M1_u_plus_What,target_models,1,146,angular_entropy_8_16,0.9231359438631118,0.963390294177525
src_gkf,M1_u_plus_What,target_models,1,147,angular_entropy_8_16,0.9269865002523372,0.9302147953404536
src_gkf,M1_u_plus_What,target_models,1,156,angular_entropy_8_16,0.6888607676843875,0.5772254938410958
src_gkf,M1_u_plus_What,target_models,1,157,angular_entropy_8_16,0.4699264956424556,0.5440499950040245
src_gkf,M1_u_plus_What,target_models,1,166,angular_entropy_8_16,0.5735781124762749,0.4153629049740183
src_gkf,M1_u_plus_What,target_models,1,167,angular_entropy_8_16,0.3864674284362529,0.46512615322962525
src_gkf,M1_u_plus_What,target_models,1,176,angular_entropy_8_16,0.6525457217288756,0.7012177980911783
src_gkf,M1_u_plus_What,target_models,1,177,angular_entropy_8_16,0.7347081037517762,0.7178055475097139
src_gkf,M1_u_plus_What,target_models,1,186,angular_entropy_8_16,0.9236751177150362,0.7907965088509518
src_gkf,M1_u_plus_What,target_models,1,187,angular_entropy_8_16,0.9195262355547972,0.8073842582694875
src_gkf,M1_u_plus_What,target_models,1,196,angular_entropy_8_16,0.8308767765595593,0.7619209321087089
src_gkf,M1_u_plus_What,target_models,1,197,angular_entropy_8_16,0.9135802614189036,0.712157683853102
src_gkf,M1_u_plus_What,target_models,2,3,angular_entropy_8_16,0.4779772055305059,0.5660898179357696
src_gkf,M1_u_plus_What,target_models,2,11,angular_entropy_8_16,0.4137629142447426,0.5955811911094503
src_gkf,M1_u_plus_What,target_models,2,26,angular_entropy_8_16,0.9225450729133732,0.9720659278050292
src_gkf,M1_u_plus_What,target_models,2,48,angular_entropy_8_16,0.920817709025902,0.6886269891215152
src_gkf,M1_u_plus_What,target_models,2,53,angular_entropy_8_16,0.9549473698303074,0.94653289688159
src_gkf,M1_u_plus_What,target_models,2,76,angular_entropy_8_16,0.9276734581533804,0.9226987144247933
src_gkf,M1_u_plus_What,target_models,2,124,angular_entropy_8_16,0.9147947212843128,0.8394648017618137
src_gkf,M1_u_plus_What,target_models,2,134,angular_entropy_8_16,0.9256549829438804,1.0121144245045084
src_gkf,M1_u_plus_What,target_models,2,144,angular_entropy_8_16,0.9229279357306308,0.9982984442446632
src_gkf,M1_u_plus_What,target_models,2,145,angular_entropy_8_16,0.922783471297476,0.9706664837249723
src_gkf,M1_u_plus_What,target_models,2,154,angular_entropy_8_16,0.670712883086662,0.8910541844454555
src_gkf,M1_u_plus_What,target_models,2,155,angular_entropy_8_16,0.9125242508369932,0.9048701647053008
src_gkf,M1_u_plus_What,target_models,2,164,angular_entropy_8_16,0.2978953473076548,0.4848444488132841
src_gkf,M1_u_plus_What,target_models,2,165,angular_entropy_8_16,0.2891071456764625,0.4710284685534388
src_gkf,M1_u_plus_What,target_models,2,174,angular_entropy_8_16,0.5122610972711229,0.452347101752883
src_gkf,M1_u_plus_What,target_models,2,175,angular_entropy_8_16,0.6689971221992281,0.4937950425324192
src_gkf,M1_u_plus_What,target_models,2,184,angular_entropy_8_16,0.9037991223507064,0.8372855298802921
src_gkf,M1_u_plus_What,target_models,2,185,angular_entropy_8_16,0.9311772202530342,0.8511015101401376
src_gkf,M1_u_plus_What,target_models,2,194,angular_entropy_8_16,0.5879662490128611,0.5457753812922455
src_gkf,M1_u_plus_What,target_models,2,195,angular_entropy_8_16,0.4632606662863817,0.5595913615520908
src_gkf,M1_u_plus_What,target_models,3,2,angular_entropy_8_16,0.9205390814978176,0.6735154269672428
src_gkf,M1_u_plus_What,target_models,3,7,angular_entropy_8_16,0.3347323640142271,0.48077469585001353
src_gkf,M1_u_plus_What,target_models,3,25,angular_entropy_8_16,0.5816707058259681,0.42306511814288195
src_gkf,M1_u_plus_What,target_models,3,30,angular_entropy_8_16,0.4270172017517478,0.5601773137625132
src_gkf,M1_u_plus_What,target_models,3,52,angular_entropy_8_16,0.9454630740160777,0.950963885151682
src_gkf,M1_u_plus_What,target_models,3,74,angular_entropy_8_16,0.8628655108189245,0.559624034231827
src_gkf,M1_u_plus_What,target_models,3,122,angular_entropy_8_16,0.3799420973435737,0.5016612817801788
src_gkf,M1_u_plus_What,target_models,3,132,angular_entropy_8_16,0.7889791128491267,0.5763653806535062
src_gkf,M1_u_plus_What,target_models,3,142,angular_entropy_8_16,0.7039581650501197,0.8800232180945536
src_gkf,M1_u_plus_What,target_models,3,143,angular_entropy_8_16,0.8428423390558621,0.8998029741477637
src_gkf,M1_u_plus_What,target_models,3,152,angular_entropy_8_16,0.8968868497699488,0.9395908831724397
src_gkf,M1_u_plus_What,target_models,3,153,angular_entropy_8_16,0.8461600288419651,0.8802516150128089
src_gkf,M1_u_plus_What,target_models,3,162,angular_entropy_8_16,0.7431830317351423,0.5441324162342918
src_gkf,M1_u_plus_What,target_models,3,163,angular_entropy_8_16,0.5337060876810991,0.5243526601810816
src_gkf,M1_u_plus_What,target_models,3,172,angular_entropy_8_16,0.3591420375657302,0.45532801146111235
src_gkf,M1_u_plus_What,target_models,3,173,angular_entropy_8_16,0.2972264256107618,0.47510776751432293
src_gkf,M1_u_plus_What,target_models,3,182,angular_entropy_8_16,0.6347594924442568,0.46287609155614573
src_gkf,M1_u_plus_What,target_models,3,183,angular_entropy_8_16,0.3362955887065682,0.48265584760935565
src_gkf,M1_u_plus_What,target_models,3,192,angular_entropy_8_16,0.5403562611206696,0.5289027723593062
src_gkf,M1_u_plus_What,target_models,3,193,angular_entropy_8_16,0.555296814064717,0.4695635041996754
src_gkf,M1_u_plus_What,target_models,4,1,angular_entropy_8_16,0.9344989266450388,0.8787075781623345
src_gkf,M1_u_plus_What,target_models,4,6,angular_entropy_8_16,0.3059312830097316,0.44335320097449094
src_gkf,M1_u_plus_What,target_models,4,24,angular_entropy_8_16,0.9474204100320134,1.0065155650131368
src_gkf,M1_u_plus_What,target_models,4,29,angular_entropy_8_16,0.6262326218701938,0.709210496894584
src_gkf,M1_u_plus_What,target_models,4,51,angular_entropy_8_16,0.9174741956782942,0.9593441016919989
src_gkf,M1_u_plus_What,target_models,4,73,angular_entropy_8_16,0.9116719197777746,0.9597414016019548
src_gkf,M1_u_plus_What,target_models,4,120,angular_entropy_8_16,0.3697450945985387,0.4814784262345978
src_gkf,M1_u_plus_What,target_models,4,130,angular_entropy_8_16,0.7711020866117768,0.5383291668142859
src_gkf,M1_u_plus_What,target_models,4,140,angular_entropy_8_16,0.9186711438978736,0.7915230642494014
src_gkf,M1_u_plus_What,target_models,4,141,angular_entropy_8_16,0.8244759686032876,0.8022685529903845
src_gkf,M1_u_plus_What,target_models,4,150,angular_entropy_8_16,0.8955164962962591,0.7839970674184991
src_gkf,M1_u_plus_What,target_models,4,151,angular_entropy_8_16,0.9379010426946844,0.7947425561594826
src_gkf,M1_u_plus_What,target_models,4,160,angular_entropy_8_16,0.529106012565758,0.5240392630812278
src_gkf,M1_u_plus_What,target_models,4,161,angular_entropy_8_16,0.4332499422431948,0.5347847518222109
src_gkf,M1_u_plus_What,target_models,4,170,angular_entropy_8_16,0.9237814123548176,0.9616731280297588
src_gkf,M1_u_plus_What,target_models,4,171,angular_entropy_8_16,0.9189652508805556,0.9939095942527085
src_gkf,M1_u_plus_What,target_models,4,180,angular_entropy_8_16,0.4177840495857789,0.44769505127066156
src_gkf,M1_u_plus_What,target_models,4,181,angular_entropy_8_16,0.7990186769658371,0.4584405400116452
src_gkf,M1_u_plus_What,target_models,4,190,angular_entropy_8_16,0.9351595528240708,1.0146151618268573
src_gkf,M1_u_plus_What,target_models,4,191,angular_entropy_8_16,0.8997282864766862,1.0253606505678403
src_gkf,M1_u_plus_What,target_models,0,0,lambda_star_4_32,15.036163152530207,12.902090752444307
src_gkf,M1_u_plus_What,target_models,0,5,lambda_star_4_32,9.476722768932733,9.504030959234536
src_gkf,M1_u_plus_What,target_models,0,13,lambda_star_4_32,9.57889903024946,10.377067335121719
src_gkf,M1_u_plus_What,target_models,0,28,lambda_star_4_32,16.448715843082976,12.495227209330674
src_gkf,M1_u_plus_What,target_models,0,50,lambda_star_4_32,9.324161269491098,9.033734655960028
src_gkf,M1_u_plus_What,target_models,0,72,lambda_star_4_32,14.56665793369415,12.885580291092698
src_gkf,M1_u_plus_What,target_models,0,78,lambda_star_4_32,10.267739738899023,10.095491478409865
src_gkf,M1_u_plus_What,target_models,0,128,lambda_star_4_32,10.626113959029189,13.733372646906599
src_gkf,M1_u_plus_What,target_models,0,138,lambda_star_4_32,15.304477293099653,12.401605687400961
src_gkf,M1_u_plus_What,target_models,0,148,lambda_star_4_32,13.505688064382563,14.542755351280885
src_gkf,M1_u_plus_What,target_models,0,149,lambda_star_4_32,15.949985575742025,14.262595575036208
src_gkf,M1_u_plus_What,target_models,0,158,lambda_star_4_32,11.444534053265324,10.58979092547958
src_gkf,M1_u_plus_What,target_models,0,159,lambda_star_4_32,9.024660111865645,10.029471372990235
src_gkf,M1_u_plus_What,target_models,0,168,lambda_star_4_32,9.864797093561378,11.561126358666929
src_gkf,M1_u_plus_What,target_models,0,169,lambda_star_4_32,11.80156011694523,11.841286134911606
src_gkf,M1_u_plus_What,target_models,0,178,lambda_star_4_32,12.712627116310939,13.173053094417252
src_gkf,M1_u_plus_What,target_models,0,179,lambda_star_4_32,12.903457466297608,13.453212870661922
src_gkf,M1_u_plus_What,target_models,0,188,lambda_star_4_32,11.805113379327635,12.346720274508014
src_gkf,M1_u_plus_What,target_models,0,189,lambda_star_4_32,10.922526745032467,11.50624094577399
src_gkf,M1_u_plus_What,target_models,0,198,lambda_star_4_32,10.775048279182267,11.587996823918973
src_gkf,M1_u_plus_What,target_models,0,199,lambda_star_4_32,10.366167238577734,11.307837047674296
src_gkf,M1_u_plus_What,target_models,1,4,lambda_star_4_32,8.748435560785481,11.18949027588721
src_gkf,M1_u_plus_What,target_models,1,12,lambda_star_4_32,16.49892017171428,11.892228838479317
src_gkf,M1_u_plus_What,target_models,1,27,lambda_star_4_32,10.15857296040633,11.688643107234393
src_gkf,M1_u_plus_What,target_models,1,49,lambda_star_4_32,9.89823266090284,10.362926600764553
src_gkf,M1_u_plus_What,target_models,1,54,lambda_star_4_32,11.975549042291357,10.001254447323287
src_gkf,M1_u_plus_What,target_models,1,77,lambda_star_4_32,9.144133649393266,9.905189402094411
src_gkf,M1_u_plus_What,target_models,1,126,lambda_star_4_32,12.950437243891914,15.852365541867854
src_gkf,M1_u_plus_What,target_models,1,136,lambda_star_4_32,11.169791350259981,13.478556533532677
src_gkf,M1_u_plus_What,target_models,1,146,lambda_star_4_32,13.238470411514887,14.485160020036147
src_gkf,M1_u_plus_What,target_models,1,147,lambda_star_4_32,16.39308904929755,13.68171673971629
src_gkf,M1_u_plus_What,target_models,1,156,lambda_star_4_32,10.716409207930754,10.838858305648015
src_gkf,M1_u_plus_What,target_models,1,157,lambda_star_4_32,13.43765651228388,10.035415025328154
src_gkf,M1_u_plus_What,target_models,1,166,lambda_star_4_32,9.909591159098213,9.693685952806966
src_gkf,M1_u_plus_What,target_models,1,176,lambda_star_4_32,16.934453385495903,12.386661898812022
src_gkf,M1_u_plus_What,target_models,1,177,lambda_star_4_32,10.025623028224507,12.788383538971955
src_gkf,M1_u_plus_What,target_models,1,186,lambda_star_4_32,9.56283765931253,10.846970388855297
src_gkf,M1_u_plus_What,target_models,1,187,lambda_star_4_32,9.390936745447487,11.248692029015228
src_gkf,M1_u_plus_What,target_models,1,196,lambda_star_4_32,10.255244325789706,12.755807713691055
src_gkf,M1_u_plus_What,target_models,1,197,lambda_star_4_32,10.02800697834505,11.550642793211267
src_gkf,M1_u_plus_What,target_models,2,3,lambda_star_4_32,8.585566378279855,10.226711286310731
src_gkf,M1_u_plus_What,target_models,2,11,lambda_star_4_32,10.595772488586423,11.460363799638897
src_gkf,M1_u_plus_What,target_models,2,26,lambda_star_4_32,16.85114805181296,13.4758405095453
src_gkf,M1_u_plus_What,target_models,2,48,lambda_star_4_32,9.708231566821965,10.353693601309821
src_gkf,M1_u_plus_What,target_models,2,53,lambda_star_4_32,13.839279657921876,13.130486451010418
src_gkf,M1_u_plus_What,target_models,2,76,lambda_star_4_32,12.662404172006315,12.909457135300464
src_gkf,M1_u_plus_What,target_models,2,134,lambda_star_4_32,10.280225900836875,14.937324591429414
src_gkf,M1_u_plus_What,target_models,2,144,lambda_star_4_32,19.21712122703679,14.568869778151795
src_gkf,M1_u_plus_What,target_models,2,145,lambda_star_4_32,15.917534514704242,13.831960151596558
src_gkf,M1_u_plus_What,target_models,2,154,lambda_star_4_32,18.23764737785915,13.095694496830328
src_gkf,M1_u_plus_What,target_models,2,155,lambda_star_4_32,18.025408887417036,13.464149310107947
src_gkf,M1_u_plus_What,target_models,2,164,lambda_star_4_32,10.149086117041653,10.16272325605739
src_gkf,M1_u_plus_What,target_models,2,165,lambda_star_4_32,10.06947567876668,9.79426844277977
src_gkf,M1_u_plus_What,target_models,2,174,lambda_star_4_32,10.192698599791559,9.086590694101595
src_gkf,M1_u_plus_What,target_models,2,175,lambda_star_4_32,17.38592853614663,10.191955133934451
src_gkf,M1_u_plus_What,target_models,2,184,lambda_star_4_32,10.889582183271099,11.378086503670318
src_gkf,M1_u_plus_What,target_models,2,185,lambda_star_4_32,9.844185813333066,11.746541316947935
src_gkf,M1_u_plus_What,target_models,2,194,lambda_star_4_32,9.64445815674146,10.191311162145443
src_gkf,M1_u_plus_What,target_models,2,195,lambda_star_4_32,10.912131490668889,10.559765975423062
src_gkf,M1_u_plus_What,target_models,3,2,lambda_star_4_32,8.978347929581629,11.210074163258819
src_gkf,M1_u_plus_What,target_models,3,7,lambda_star_4_32,10.131741650392286,10.40847319586663
src_gkf,M1_u_plus_What,target_models,3,25,lambda_star_4_32,9.448952183282888,8.366245553324013
src_gkf,M1_u_plus_What,target_models,3,30,lambda_star_4_32,9.442777413200083,10.338008893209128
src_gkf,M1_u_plus_What,target_models,3,52,lambda_star_4_32,13.657657525470372,12.450877809410565
src_gkf,M1_u_plus_What,target_models,3,74,lambda_star_4_32,10.395135974354487,10.493553271691903
src_gkf,M1_u_plus_What,target_models,3,122,lambda_star_4_32,11.266255756141158,11.152290273464184
src_gkf,M1_u_plus_What,target_models,3,132,lambda_star_4_32,9.773721145239106,11.349044437435525
src_gkf,M1_u_plus_What,target_models,3,142,lambda_star_4_32,13.686953355865574,16.68842264307535
src_gkf,M1_u_plus_What,target_models,3,143,lambda_star_4_32,20.33910218473801,17.058539054200715
src_gkf,M1_u_plus_What,target_models,3,153,lambda_star_4_32,17.17652433675191,13.821080696422262
src_gkf,M1_u_plus_What,target_models,3,162,lambda_star_4_32,17.094888583756347,11.68023094514631
src_gkf,M1_u_plus_What,target_models,3,163,lambda_star_4_32,11.185404169702867,11.310114534020943
src_gkf,M1_u_plus_What,target_models,3,172,lambda_star_4_32,9.407459257280316,10.431452496473508
src_gkf,M1_u_plus_What,target_models,3,173,lambda_star_4_32,10.56715703018984,10.801568907598865
src_gkf,M1_u_plus_What,target_models,3,182,lambda_star_4_32,15.652923642651267,12.27198598288562
src_gkf,M1_u_plus_What,target_models,3,183,lambda_star_4_32,11.121279222471847,12.642102394010989
src_gkf,M1_u_plus_What,target_models,3,192,lambda_star_4_32,10.99798231417217,11.114338949239421
src_gkf,M1_u_plus_What,target_models,3,193,lambda_star_4_32,9.511936587414986,10.003989715863328
src_gkf,M1_u_plus_What,target_models,4,1,lambda_star_4_32,11.668512421861447,12.912233626084841
src_gkf,M1_u_plus_What,target_models,4,6,lambda_star_4_32,10.03098145708803,10.752160825993005
src_gkf,M1_u_plus_What,target_models,4,24,lambda_star_4_32,12.772355638285045,12.258740010911879
src_gkf,M1_u_plus_What,target_models,4,29,lambda_star_4_32,11.469957883713992,11.488992137875332
src_gkf,M1_u_plus_What,target_models,4,73,lambda_star_4_32,12.40952841173918,13.158174375734841
src_gkf,M1_u_plus_What,target_models,4,120,lambda_star_4_32,10.003348406161974,11.863421565854296
src_gkf,M1_u_plus_What,target_models,4,130,lambda_star_4_32,10.525656126642762,11.22176372089677
src_gkf,M1_u_plus_What,target_models,4,140,lambda_star_4_32,14.266299800171103,18.048509962285408
src_gkf,M1_u_plus_What,target_models,4,141,lambda_star_4_32,12.406930408458866,18.31280042426051
src_gkf,M1_u_plus_What,target_models,4,150,lambda_star_4_32,13.19434205978971,14.750761206115026
src_gkf,M1_u_plus_What,target_models,4,151,lambda_star_4_32,15.981702306235912,15.015051668090111
src_gkf,M1_u_plus_What,target_models,4,160,lambda_star_4_32,8.957803609676962,11.603233418365289
src_gkf,M1_u_plus_What,target_models,4,161,lambda_star_4_32,10.187201719133206,11.867523880340393
src_gkf,M1_u_plus_What,target_models,4,170,lambda_star_4_32,10.992604555676673,11.484943651967278
src_gkf,M1_u_plus_What,target_models,4,171,lambda_star_4_32,13.021054880614983,12.277815037892577
src_gkf,M1_u_plus_What,target_models,4,180,lambda_star_4_32,11.81471575262988,13.77568093333134
src_gkf,M1_u_plus_What,target_models,4,181,lambda_star_4_32,13.459631624030925,14.039971395306427
src_gkf,M1_u_plus_What,target_models,4,190,lambda_star_4_32,9.720938860159308,11.804235260505052
src_gkf,M2_h,target_models,0,0,p_8_16,0.0342382099309782,0.09495675373912943
src_gkf,M2_h,target_models,0,5,p_8_16,0.9126072594872168,0.4927629559775434
src_gkf,M2_h,target_models,0,13,p_8_16,0.8570775630331313,0.4927629559775434
src_gkf,M2_h,target_models,0,28,p_8_16,0.2504962607918012,0.19440830429873293
src_gkf,M2_h,target_models,0,50,p_8_16,0.8998240927744701,0.4927629559775434
src_gkf,M2_h,target_models,0,72,p_8_16,0.2776858930884566,0.09495675373912943
src_gkf,M2_h,target_models,0,78,p_8_16,0.7115431096112693,0.4927629559775434
src_gkf,M2_h,target_models,0,128,p_8_16,0.0803054078882494,0.29385985485833643
src_gkf,M2_h,target_models,0,138,p_8_16,0.1847908933976274,0.09495675373912943
src_gkf,M2_h,target_models,0,148,p_8_16,0.401710597995235,0.29385985485833643
src_gkf,M2_h,target_models,0,149,p_8_16,0.1328859474968257,0.29385985485833643
src_gkf,M2_h,target_models,0,158,p_8_16,0.4961240478265122,0.3933114054179399
src_gkf,M2_h,target_models,0,159,p_8_16,0.4015733472101155,0.3933114054179399
src_gkf,M2_h,target_models,0,168,p_8_16,0.1913327549278874,0.09495675373912943
src_gkf,M2_h,target_models,0,169,p_8_16,0.1842514902661812,0.09495675373912943
src_gkf,M2_h,target_models,0,178,p_8_16,0.1096771945811592,0.29385985485833643
src_gkf,M2_h,target_models,0,179,p_8_16,0.08059610386861,0.29385985485833643
src_gkf,M2_h,target_models,0,188,p_8_16,0.0702510568476217,0.09495675373912943
src_gkf,M2_h,target_models,0,189,p_8_16,0.1838437744363198,0.09495675373912943
src_gkf,M2_h,target_models,0,198,p_8_16,0.1707622685467746,0.29385985485833643
src_gkf,M2_h,target_models,0,199,p_8_16,0.1371810986872629,0.29385985485833643
src_gkf,M2_h,target_models,1,4,p_8_16,0.5602002984476983,0.4223471471510431
src_gkf,M2_h,target_models,1,12,p_8_16,0.1921998610687837,0.4223471471510431
src_gkf,M2_h,target_models,1,27,p_8_16,0.4235140119089293,0.20778323489622696
src_gkf,M2_h,target_models,1,49,p_8_16,0.2454664380648269,0.315065191023635
src_gkf,M2_h,target_models,1,54,p_8_16,0.591649700692359,0.5296291032784511
src_gkf,M2_h,target_models,1,77,p_8_16,0.6823572333973394,0.4223471471510431
src_gkf,M2_h,target_models,1,126,p_8_16,0.0358979214122202,0.20778323489622696
src_gkf,M2_h,target_models,1,136,p_8_16,0.0563523977609129,0.10050127876881892
src_gkf,M2_h,target_models,1,146,p_8_16,0.1241892480864522,0.10050127876881892
src_gkf,M2_h,target_models,1,147,p_8_16,0.1558258281900654,0.10050127876881892
src_gkf,M2_h,target_models,1,156,p_8_16,0.4358789631566422,0.4223471471510431
src_gkf,M2_h,target_models,1,157,p_8_16,0.2648002595102144,0.4223471471510431
src_gkf,M2_h,target_models,1,166,p_8_16,0.6945002041668196,0.5296291032784511
src_gkf,M2_h,target_models,1,167,p_8_16,0.0301198360435335,0.5296291032784511
src_gkf,M2_h,target_models,1,176,p_8_16,0.1664049856670875,0.315065191023635
src_gkf,M2_h,target_models,1,177,p_8_16,0.1705521628824458,0.315065191023635
src_gkf,M2_h,target_models,1,186,p_8_16,0.1825270019056839,0.20778323489622696
src_gkf,M2_h,target_models,1,187,p_8_16,0.1519809787257946,0.20778323489622696
src_gkf,M2_h,target_models,1,196,p_8_16,0.0937627138652451,0.315065191023635
src_gkf,M2_h,target_models,1,197,p_8_16,0.1036259524185608,0.315065191023635
src_gkf,M2_h,target_models,2,3,p_8_16,0.6397237770389178,0.42188836689385395
src_gkf,M2_h,target_models,2,11,p_8_16,0.1400912351783912,0.42188836689385395
src_gkf,M2_h,target_models,2,26,p_8_16,0.1868192616154143,0.08380415146337508
src_gkf,M2_h,target_models,2,48,p_8_16,0.2767720104089806,0.30919362841702763
src_gkf,M2_h,target_models,2,53,p_8_16,0.2736571121857817,0.08380415146337508
src_gkf,M2_h,target_models,2,76,p_8_16,0.2692309609802786,0.08380415146337508
src_gkf,M2_h,target_models,2,124,p_8_16,0.0216273774759846,0.30919362841702763
src_gkf,M2_h,target_models,2,134,p_8_16,0.1717238418083919,0.08380415146337508
src_gkf,M2_h,target_models,2,144,p_8_16,0.0980992963841571,0.08380415146337508
src_gkf,M2_h,target_models,2,145,p_8_16,0.1444384491418675,0.08380415146337508
src_gkf,M2_h,target_models,2,154,p_8_16,0.0328626821146418,0.19649888994020137
src_gkf,M2_h,target_models,2,155,p_8_16,0.0416435958762092,0.19649888994020137
src_gkf,M2_h,target_models,2,164,p_8_16,0.6764301662347564,0.5345831053706802
src_gkf,M2_h,target_models,2,165,p_8_16,0.7778128600771657,0.5345831053706802
src_gkf,M2_h,target_models,2,174,p_8_16,0.5141086157929576,0.5345831053706802
src_gkf,M2_h,target_models,2,175,p_8_16,0.2465341404848374,0.5345831053706802
src_gkf,M2_h,target_models,2,184,p_8_16,0.0631820767179308,0.19649888994020137
src_gkf,M2_h,target_models,2,185,p_8_16,0.1389519509063684,0.19649888994020137
src_gkf,M2_h,target_models,2,194,p_8_16,0.3517594854261314,0.42188836689385395
src_gkf,M2_h,target_models,2,195,p_8_16,0.2138727626229319,0.42188836689385395
src_gkf,M2_h,target_models,3,2,p_8_16,0.2105184725521856,0.3067752552831505
src_gkf,M2_h,target_models,3,7,p_8_16,0.8153931899623513,0.5055896877089525
src_gkf,M2_h,target_models,3,25,p_8_16,0.4732961296022142,0.5055896877089525
src_gkf,M2_h,target_models,3,30,p_8_16,0.4418353332682509,0.4061824714960515
src_gkf,M2_h,target_models,3,52,p_8_16,0.1684546978474572,0.10796082285734851
src_gkf,M2_h,target_models,3,74,p_8_16,0.377942131592927,0.3067752552831505
src_gkf,M2_h,target_models,3,122,p_8_16,0.4406507189391591,0.5055896877089525
src_gkf,M2_h,target_models,3,132,p_8_16,0.3514324181582739,0.4061824714960515
src_gkf,M2_h,target_models,3,142,p_8_16,0.1697483102128793,0.2073680390702495
src_gkf,M2_h,target_models,3,143,p_8_16,0.0670632467328167,0.2073680390702495
src_gkf,M2_h,target_models,3,152,p_8_16,0.0364217616612413,0.2073680390702495
src_gkf,M2_h,target_models,3,153,p_8_16,0.0287520199617658,0.2073680390702495
src_gkf,M2_h,target_models,3,162,p_8_16,0.0687775708107536,0.4061824714960515
src_gkf,M2_h,target_models,3,163,p_8_16,0.4710725716838595,0.4061824714960515
src_gkf,M2_h,target_models,3,172,p_8_16,0.7385844374380425,0.5055896877089525
src_gkf,M2_h,target_models,3,173,p_8_16,0.7192385949231982,0.5055896877089525
src_gkf,M2_h,target_models,3,182,p_8_16,0.2227624333178619,0.5055896877089525
src_gkf,M2_h,target_models,3,183,p_8_16,0.7202682584473413,0.5055896877089525
src_gkf,M2_h,target_models,3,192,p_8_16,0.2693234213407359,0.4061824714960515
src_gkf,M2_h,target_models,3,193,p_8_16,0.5261741447507422,0.4061824714960515
src_gkf,M2_h,target_models,4,1,p_8_16,0.2730637583192485,0.1816856104297942
src_gkf,M2_h,target_models,4,6,p_8_16,0.8934367400816127,0.5268953154962822
src_gkf,M2_h,target_models,4,24,p_8_16,0.2569624712389576,0.06661570874096481
src_gkf,M2_h,target_models,4,29,p_8_16,0.4925534341695751,0.2967555121186235
src_gkf,M2_h,target_models,4,51,p_8_16,0.034702128595685,0.06661570874096481
src_gkf,M2_h,target_models,4,73,p_8_16,0.0992533930074463,0.06661570874096481
src_gkf,M2_h,target_models,4,120,p_8_16,0.6385208994142718,0.5268953154962822
src_gkf,M2_h,target_models,4,130,p_8_16,0.2186092713118247,0.41182541380745286
src_gkf,M2_h,target_models,4,140,p_8_16,0.3013360338424688,0.1816856104297942
src_gkf,M2_h,target_models,4,141,p_8_16,0.2359916126573756,0.1816856104297942
src_gkf,M2_h,target_models,4,150,p_8_16,0.1886239553165941,0.2967555121186235
src_gkf,M2_h,target_models,4,151,p_8_16,0.1255392642729608,0.2967555121186235
src_gkf,M2_h,target_models,4,160,p_8_16,0.5088771820307446,0.41182541380745286
src_gkf,M2_h,target_models,4,161,p_8_16,0.3550479848987524,0.41182541380745286
src_gkf,M2_h,target_models,4,170,p_8_16,0.3336929555162605,0.06661570874096481
src_gkf,M2_h,target_models,4,171,p_8_16,0.2025555550279888,0.06661570874096481
src_gkf,M2_h,target_models,4,180,p_8_16,0.4111016568530389,0.5268953154962822
src_gkf,M2_h,target_models,4,181,p_8_16,0.2658185167522623,0.5268953154962822
src_gkf,M2_h,target_models,4,190,p_8_16,0.2090658333441498,0.06661570874096481
src_gkf,M2_h,target_models,4,191,p_8_16,0.0024359757659457,0.06661570874096481
src_gkf,M2_h,target_models,0,0,ilr_z2,-0.1063306799927708,0.01828816493264135
src_gkf,M2_h,target_models,0,5,ilr_z2,-1.940805301438366,-0.9507340141931332
src_gkf,M2_h,target_models,0,13,ilr_z2,-1.614473056844414,-0.9507340141931332
src_gkf,M2_h,target_models,0,28,ilr_z2,-0.6824863239163869,-0.22396737984880227
src_gkf,M2_h,target_models,0,50,ilr_z2,-1.7718920514165597,-0.9507340141931332
src_gkf,M2_h,target_models,0,72,ilr_z2,-0.5082702825940048,0.01828816493264135
src_gkf,M2_h,target_models,0,78,ilr_z2,-1.3796513513227322,-0.9507340141931332
src_gkf,M2_h,target_models,0,128,ilr_z2,0.1414158584405125,-0.46622292463024595
src_gkf,M2_h,target_models,0,138,ilr_z2,0.1680977377995088,0.01828816493264135
src_gkf,M2_h,target_models,0,148,ilr_z2,-1.0846568296883292,-0.46622292463024595
src_gkf,M2_h,target_models,0,149,ilr_z2,-0.5480851664681791,-0.46622292463024595
src_gkf,M2_h,target_models,0,158,ilr_z2,-0.5748897410971575,-0.7084784694116896
src_gkf,M2_h,target_models,0,159,ilr_z2,-0.2812695282973182,-0.7084784694116896
src_gkf,M2_h,target_models,0,168,ilr_z2,0.1405350564302773,0.01828816493264135
src_gkf,M2_h,target_models,0,169,ilr_z2,-0.1987183265929584,0.01828816493264135
src_gkf,M2_h,target_models,0,178,ilr_z2,-0.3004689083387473,-0.46622292463024595
src_gkf,M2_h,target_models,0,179,ilr_z2,-0.2103805063433689,-0.46622292463024595
src_gkf,M2_h,target_models,0,188,ilr_z2,0.4089178641829663,0.01828816493264135
src_gkf,M2_h,target_models,0,189,ilr_z2,0.3408069820378084,0.01828816493264135
src_gkf,M2_h,target_models,0,198,ilr_z2,0.2395243924105265,-0.46622292463024595
src_gkf,M2_h,target_models,0,199,ilr_z2,0.2216781958750436,-0.46622292463024595
src_gkf,M2_h,target_models,1,4,ilr_z2,-0.7349798880860732,-0.7437891855591705
src_gkf,M2_h,target_models,1,12,ilr_z2,-0.4873426315596991,-0.7437891855591705
src_gkf,M2_h,target_models,1,27,ilr_z2,-0.8482571589845281,-0.2710736293992244
src_gkf,M2_h,target_models,1,49,ilr_z2,0.4084297996084903,-0.5074314074791975
src_gkf,M2_h,target_models,1,54,ilr_z2,-1.861872604120544,-0.9801469636391436
src_gkf,M2_h,target_models,1,77,ilr_z2,-1.1400707101175642,-0.7437891855591705
src_gkf,M2_h,target_models,1,126,ilr_z2,0.1514234499286074,-0.2710736293992244
src_gkf,M2_h,target_models,1,136,ilr_z2,0.4252380211941015,-0.03471585131925137
src_gkf,M2_h,target_models,1,146,ilr_z2,-0.0911109063822424,-0.03471585131925137
src_gkf,M2_h,target_models,1,147,ilr_z2,-0.2928733932939545,-0.03471585131925137
src_gkf,M2_h,target_models,1,156,ilr_z2,-0.9637846254921072,-0.7437891855591705
src_gkf,M2_h,target_models,1,157,ilr_z2,-0.5841810634522199,-0.7437891855591705
src_gkf,M2_h,target_models,1,166,ilr_z2,-1.1747991448331432,-0.9801469636391436
src_gkf,M2_h,target_models,1,167,ilr_z2,-1.8398507875353969,-0.9801469636391436
src_gkf,M2_h,target_models,1,176,ilr_z2,-0.5854125650361839,-0.5074314074791975
src_gkf,M2_h,target_models,1,177,ilr_z2,-0.0236528747301991,-0.5074314074791975
src_gkf,M2_h,target_models,1,186,ilr_z2,0.7221347853067828,-0.2710736293992244
src_gkf,M2_h,target_models,1,187,ilr_z2,0.7842535575418991,-0.2710736293992244
src_gkf,M2_h,target_models,1,196,ilr_z2,0.3618674458676895,-0.5074314074791975
src_gkf,M2_h,target_models,1,197,ilr_z2,0.5899138604097636,-0.5074314074791975
src_gkf,M2_h,target_models,2,3,ilr_z2,-0.8615461618228943,-0.7596074532516954
src_gkf,M2_h,target_models,2,11,ilr_z2,-1.0402091290257125,-0.7596074532516954
src_gkf,M2_h,target_models,2,26,ilr_z2,-0.6587406275693465,0.10724253723243077
src_gkf,M2_h,target_models,2,48,ilr_z2,0.3640795136307608,-0.47065745642365336
src_gkf,M2_h,target_models,2,53,ilr_z2,-0.7207427361215213,0.10724253723243077
src_gkf,M2_h,target_models,2,76,ilr_z2,-0.3573739449687065,0.10724253723243077
src_gkf,M2_h,target_models,2,124,ilr_z2,-0.3102629865565866,-0.47065745642365336
src_gkf,M2_h,target_models,2,134,ilr_z2,0.2143441042381721,0.10724253723243077
src_gkf,M2_h,target_models,2,144,ilr_z2,-0.3027621608401571,0.10724253723243077
src_gkf,M2_h,target_models,2,145,ilr_z2,-0.3019965021691972,0.10724253723243077
src_gkf,M2_h,target_models,2,154,ilr_z2,-0.4000705590825106,-0.1817074595956113
src_gkf,M2_h,target_models,2,155,ilr_z2,-0.3930149251358204,-0.1817074595956113
src_gkf,M2_h,target_models,2,164,ilr_z2,-1.5662458140815316,-1.0485574500797374
src_gkf,M2_h,target_models,2,165,ilr_z2,-1.8451569596223183,-1.0485574500797374
src_gkf,M2_h,target_models,2,174,ilr_z2,-0.3646944726413303,-1.0485574500797374
src_gkf,M2_h,target_models,2,175,ilr_z2,-1.467424952332843,-1.0485574500797374
src_gkf,M2_h,target_models,2,184,ilr_z2,0.3488021013448888,-0.1817074595956113
src_gkf,M2_h,target_models,2,185,ilr_z2,0.7956564068517197,-0.1817074595956113
src_gkf,M2_h,target_models,2,194,ilr_z2,0.0179663222611397,-0.7596074532516954
src_gkf,M2_h,target_models,2,195,ilr_z2,0.0779337797703519,-0.7596074532516954
src_gkf,M2_h,target_models,3,2,ilr_z2,0.5182216181845284,-0.48483354365039477
src_gkf,M2_h,target_models,3,7,ilr_z2,-1.6695954016433885,-1.0523953981604548
src_gkf,M2_h,target_models,3,25,ilr_z2,-0.5036461443379504,-1.0523953981604548
src_gkf,M2_h,target_models,3,30,ilr_z2,-0.2541646557020384,-0.7686144709054248
src_gkf,M2_h,target_models,3,52,ilr_z2,-0.4788069946524049,0.08272831085966525
src_gkf,M2_h,target_models,3,74,ilr_z2,-0.1906594115687575,-0.48483354365039477
src_gkf,M2_h,target_models,3,122,ilr_z2,-1.311453182628654,-1.0523953981604548
src_gkf,M2_h,target_models,3,132,ilr_z2,-0.2458171955326751,-0.7686144709054248
src_gkf,M2_h,target_models,3,142,ilr_z2,-0.480606705362266,-0.20105261639536476
src_gkf,M2_h,target_models,3,143,ilr_z2,-0.3130092631134917,-0.20105261639536476
src_gkf,M2_h,target_models,3,152,ilr_z2,-0.4809182251615883,-0.20105261639536476
src_gkf,M2_h,target_models,3,153,ilr_z2,-0.5677240117208077,-0.20105261639536476
src_gkf,M2_h,target_models,3,162,ilr_z2,-0.3653410610632664,-0.7686144709054248
src_gkf,M2_h,target_models,3,163,ilr_z2,-1.0196527553436392,-0.7686144709054248
src_gkf,M2_h,target_models,3,172,ilr_z2,-1.1143412015365697,-1.0523953981604548
src_gkf,M2_h,target_models,3,173,ilr_z2,-1.210042262040108,-1.0523953981604548
src_gkf,M2_h,target_models,3,182,ilr_z2,-0.3812710159046805,-1.0523953981604548
src_gkf,M2_h,target_models,3,183,ilr_z2,-2.0975168160602387,-1.0523953981604548
src_gkf,M2_h,target_models,3,192,ilr_z2,-0.1113100533321576,-0.7686144709054248
src_gkf,M2_h,target_models,3,193,ilr_z2,-0.474274868869831,-0.7686144709054248
src_gkf,M2_h,target_models,4,1,ilr_z2,-0.0692891450335584,-0.15396903434088888
src_gkf,M2_h,target_models,4,6,ilr_z2,-1.94356293461084,-1.0428734112578752
src_gkf,M2_h,target_models,4,24,ilr_z2,-0.5464013923450972,0.14233242463143997
src_gkf,M2_h,target_models,4,29,ilr_z2,-0.5972960389338273,-0.4502704933132176
src_gkf,M2_h,target_models,4,51,ilr_z2,-0.7375842381192994,0.14233242463143997
src_gkf,M2_h,target_models,4,73,ilr_z2,-0.5316165113290052,0.14233242463143997
src_gkf,M2_h,target_models,4,120,ilr_z2,-1.0981870534730027,-1.0428734112578752
src_gkf,M2_h,target_models,4,130,ilr_z2,-0.1934901388372158,-0.7465719522855464
src_gkf,M2_h,target_models,4,140,ilr_z2,-0.3867737094612926,-0.15396903434088888
src_gkf,M2_h,target_models,4,141,ilr_z2,-0.4725933192029717,-0.15396903434088888
src_gkf,M2_h,target_models,4,150,ilr_z2,-0.2525456694938448,-0.4502704933132176
src_gkf,M2_h,target_models,4,151,ilr_z2,-0.5620448925305433,-0.4502704933132176
src_gkf,M2_h,target_models,4,160,ilr_z2,-0.3107548375241632,-0.7465719522855464
src_gkf,M2_h,target_models,4,161,ilr_z2,-0.1572727872297372,-0.7465719522855464
src_gkf,M2_h,target_models,4,170,ilr_z2,-0.0247410900691029,0.14233242463143997
src_gkf,M2_h,target_models,4,171,ilr_z2,-0.0737937005648459,0.14233242463143997
src_gkf,M2_h,target_models,4,180,ilr_z2,-1.4995081502942065,-1.0428734112578752
src_gkf,M2_h,target_models,4,181,ilr_z2,-0.6007342862334806,-1.0428734112578752
src_gkf,M2_h,target_models,4,190,ilr_z2,0.4656972323647224,0.14233242463143997
src_gkf,M2_h,target_models,4,191,ilr_z2,-0.2083022863756323,0.14233242463143997
src_gkf,M2_h,target_models,0,0,A2_8_16,0.036720770646403,0.13672049271993775
src_gkf,M2_h,target_models,0,5,A2_8_16,0.9554864475023206,0.8175318169778667
src_gkf,M2_h,target_models,0,13,A2_8_16,0.9553992553647612,0.8175318169778667
src_gkf,M2_h,target_models,0,28,A2_8_16,0.3652046962555679,0.30692332378442
src_gkf,M2_h,target_models,0,50,A2_8_16,0.968531796740373,0.8175318169778667
src_gkf,M2_h,target_models,0,72,A2_8_16,0.2830216597611039,0.13672049271993775
src_gkf,M2_h,target_models,0,78,A2_8_16,0.9225443341069854,0.8175318169778667
src_gkf,M2_h,target_models,0,128,A2_8_16,0.2058224448213799,0.4771261548489023
src_gkf,M2_h,target_models,0,138,A2_8_16,0.1424116865615261,0.13672049271993775
src_gkf,M2_h,target_models,0,148,A2_8_16,0.8280700095585045,0.4771261548489023
src_gkf,M2_h,target_models,0,149,A2_8_16,0.1094047470852526,0.4771261548489023
src_gkf,M2_h,target_models,0,158,A2_8_16,0.8997282243113676,0.6473289859133845
src_gkf,M2_h,target_models,0,159,A2_8_16,0.906662852903617,0.6473289859133845
src_gkf,M2_h,target_models,0,168,A2_8_16,0.0994156775443189,0.13672049271993775
src_gkf,M2_h,target_models,0,169,A2_8_16,0.097587665196269,0.13672049271993775
src_gkf,M2_h,target_models,0,178,A2_8_16,0.172460089101729,0.4771261548489023
src_gkf,M2_h,target_models,0,179,A2_8_16,0.2284488983539017,0.4771261548489023
src_gkf,M2_h,target_models,0,188,A2_8_16,0.1067703608298211,0.13672049271993775
src_gkf,M2_h,target_models,0,189,A2_8_16,0.2393366975971487,0.13672049271993775
src_gkf,M2_h,target_models,0,198,A2_8_16,0.2957720351316506,0.4771261548489023
src_gkf,M2_h,target_models,0,199,A2_8_16,0.3726363977494947,0.4771261548489023
src_gkf,M2_h,target_models,1,4,A2_8_16,0.7663973995223651,0.6558577683048711
src_gkf,M2_h,target_models,1,12,A2_8_16,0.5767620748559564,0.6558577683048711
src_gkf,M2_h,target_models,1,27,A2_8_16,0.4289387730949569,0.3042282625085231
src_gkf,M2_h,target_models,1,49,A2_8_16,0.1529213376419045,0.480043015406697
src_gkf,M2_h,target_models,1,54,A2_8_16,0.9009628591577852,0.8316725212030451
src_gkf,M2_h,target_models,1,77,A2_8_16,0.8985651245461259,0.6558577683048711
src_gkf,M2_h,target_models,1,126,A2_8_16,0.2904552971923126,0.3042282625085231
src_gkf,M2_h,target_models,1,136,A2_8_16,0.0137397427233426,0.12841350961034903
src_gkf,M2_h,target_models,1,146,A2_8_16,0.1449642119347632,0.12841350961034903
src_gkf,M2_h,target_models,1,147,A2_8_16,0.2034555409043313,0.12841350961034903
src_gkf,M2_h,target_models,1,156,A2_8_16,0.5005700460312731,0.6558577683048711
src_gkf,M2_h,target_models,1,157,A2_8_16,0.8479548796209171,0.6558577683048711
src_gkf,M2_h,target_models,1,166,A2_8_16,0.839874019631054,0.8316725212030451
src_gkf,M2_h,target_models,1,167,A2_8_16,0.9097755639079348,0.8316725212030451
src_gkf,M2_h,target_models,1,176,A2_8_16,0.614173452796375,0.480043015406697
src_gkf,M2_h,target_models,1,177,A2_8_16,0.5292008183387338,0.480043015406697
src_gkf,M2_h,target_models,1,186,A2_8_16,0.1398920757864579,0.3042282625085231
src_gkf,M2_h,target_models,1,187,A2_8_16,0.0839330958615748,0.3042282625085231
src_gkf,M2_h,target_models,1,196,A2_8_16,0.3743380418133872,0.480043015406697
src_gkf,M2_h,target_models,1,197,A2_8_16,0.2879994399522551,0.480043015406697
src_gkf,M2_h,target_models,2,3,A2_8_16,0.6848565322463434,0.6558161188553779
src_gkf,M2_h,target_models,2,11,A2_8_16,0.814635835404978,0.6558161188553779
src_gkf,M2_h,target_models,2,26,A2_8_16,0.3277592868738584,0.10054379745516284
src_gkf,M2_h,target_models,2,48,A2_8_16,0.1439422060414616,0.4707253450553062
src_gkf,M2_h,target_models,2,53,A2_8_16,0.1494548018772401,0.10054379745516284
src_gkf,M2_h,target_models,2,76,A2_8_16,0.083768854819673,0.10054379745516284
src_gkf,M2_h,target_models,2,124,A2_8_16,0.3621450261390208,0.4707253450553062
src_gkf,M2_h,target_models,2,134,A2_8_16,0.1202840571694714,0.10054379745516284
src_gkf,M2_h,target_models,2,144,A2_8_16,0.2757511201425458,0.10054379745516284
src_gkf,M2_h,target_models,2,145,A2_8_16,0.1384471986498286,0.10054379745516284
src_gkf,M2_h,target_models,2,154,A2_8_16,0.7523513143574082,0.2856345712552345
src_gkf,M2_h,target_models,2,155,A2_8_16,0.3496725676947528,0.2856345712552345
src_gkf,M2_h,target_models,2,164,A2_8_16,0.9582380550196586,0.8409068926554496
src_gkf,M2_h,target_models,2,165,A2_8_16,0.9755310556113246,0.8409068926554496
src_gkf,M2_h,target_models,2,174,A2_8_16,0.7674693265969352,0.8409068926554496
src_gkf,M2_h,target_models,2,175,A2_8_16,0.6893771332113418,0.8409068926554496
src_gkf,M2_h,target_models,2,184,A2_8_16,0.0813683298711656,0.2856345712552345
src_gkf,M2_h,target_models,2,185,A2_8_16,0.1527146446101141,0.2856345712552345
src_gkf,M2_h,target_models,2,194,A2_8_16,0.678886742368729,0.6558161188553779
src_gkf,M2_h,target_models,2,195,A2_8_16,0.8367731569721454,0.6558161188553779
src_gkf,M2_h,target_models,3,2,A2_8_16,0.2995539380411224,0.4778593914661357
src_gkf,M2_h,target_models,3,7,A2_8_16,0.9327131526105767,0.8418314939302974
src_gkf,M2_h,target_models,3,25,A2_8_16,0.6984861392748491,0.8418314939302974
src_gkf,M2_h,target_models,3,30,A2_8_16,0.8450779829639314,0.6598454426982165
src_gkf,M2_h,target_models,3,52,A2_8_16,0.0120799449422375,0.11388728900197398
src_gkf,M2_h,target_models,3,74,A2_8_16,0.1678917533058013,0.4778593914661357
src_gkf,M2_h,target_models,3,122,A2_8_16,0.909510154376974,0.8418314939302974
src_gkf,M2_h,target_models,3,132,A2_8_16,0.4032794241209796,0.6598454426982165
src_gkf,M2_h,target_models,3,142,A2_8_16,0.5504001774406915,0.29587334023405487
src_gkf,M2_h,target_models,3,143,A2_8_16,0.4887500345928944,0.29587334023405487
src_gkf,M2_h,target_models,3,152,A2_8_16,0.1916593851968016,0.29587334023405487
src_gkf,M2_h,target_models,3,153,A2_8_16,0.4093289965880195,0.29587334023405487
src_gkf,M2_h,target_models,3,162,A2_8_16,0.4118082086874167,0.6598454426982165
src_gkf,M2_h,target_models,3,163,A2_8_16,0.7829337262209217,0.6598454426982165
src_gkf,M2_h,target_models,3,172,A2_8_16,0.8921688865244534,0.8418314939302974
src_gkf,M2_h,target_models,3,173,A2_8_16,0.9661076702374072,0.8418314939302974
src_gkf,M2_h,target_models,3,182,A2_8_16,0.7136233011207184,0.8418314939302974
src_gkf,M2_h,target_models,3,183,A2_8_16,0.9408544635622768,0.8418314939302974
src_gkf,M2_h,target_models,3,192,A2_8_16,0.753824022764901,0.6598454426982165
src_gkf,M2_h,target_models,3,193,A2_8_16,0.683685936277253,0.6598454426982165
src_gkf,M2_h,target_models,4,1,A2_8_16,0.1961232572137329,0.2930275252051253
src_gkf,M2_h,target_models,4,6,A2_8_16,0.9570384606388984,0.8571049578034142
src_gkf,M2_h,target_models,4,24,A2_8_16,0.1397929970599265,0.10500171433902905
src_gkf,M2_h,target_models,4,29,A2_8_16,0.6757951785952275,0.48105333607122164
src_gkf,M2_h,target_models,4,51,A2_8_16,0.12792012603282,0.10500171433902905
src_gkf,M2_h,target_models,4,73,A2_8_16,0.295870409956582,0.10500171433902905
src_gkf,M2_h,target_models,4,120,A2_8_16,0.8944943574816656,0.8571049578034142
src_gkf,M2_h,target_models,4,130,A2_8_16,0.4419164485789251,0.6690791469373178
src_gkf,M2_h,target_models,4,140,A2_8_16,0.2161409599196409,0.2930275252051253
src_gkf,M2_h,target_models,4,141,A2_8_16,0.3554970461969606,0.2930275252051253
src_gkf,M2_h,target_models,4,150,A2_8_16,0.2602332049451156,0.48105333607122164
src_gkf,M2_h,target_models,4,151,A2_8_16,0.092540025386341,0.48105333607122164
src_gkf,M2_h,target_models,4,160,A2_8_16,0.7199290861368496,0.6690791469373178
src_gkf,M2_h,target_models,4,161,A2_8_16,0.8205349159920327,0.6690791469373178
src_gkf,M2_h,target_models,4,170,A2_8_16,0.1742853627065956,0.10500171433902905
src_gkf,M2_h,target_models,4,171,A2_8_16,0.1599474558842803,0.10500171433902905
src_gkf,M2_h,target_models,4,180,A2_8_16,0.876658817811322,0.8571049578034142
src_gkf,M2_h,target_models,4,181,A2_8_16,0.4323368626607115,0.8571049578034142
src_gkf,M2_h,target_models,4,190,A2_8_16,0.1571360648425355,0.10500171433902905
src_gkf,M2_h,target_models,4,191,A2_8_16,0.1248771653523978,0.10500171433902905
src_gkf,M2_h,target_models,0,0,angular_entropy_8_16,0.9336741740150308,0.962578408912278
src_gkf,M2_h,target_models,0,5,angular_entropy_8_16,0.2977525663111084,0.4719083516784543
src_gkf,M2_h,target_models,0,13,angular_entropy_8_16,0.3072768389189138,0.4719083516784543
src_gkf,M2_h,target_models,0,28,angular_entropy_8_16,0.8950148339178446,0.839910894603822
src_gkf,M2_h,target_models,0,50,angular_entropy_8_16,0.2884001251722402,0.4719083516784543
src_gkf,M2_h,target_models,0,72,angular_entropy_8_16,0.9313320998754409,0.962578408912278
src_gkf,M2_h,target_models,0,78,angular_entropy_8_16,0.3692855088966826,0.4719083516784543
src_gkf,M2_h,target_models,0,128,angular_entropy_8_16,0.9260806406075238,0.717243380295366
src_gkf,M2_h,target_models,0,138,angular_entropy_8_16,0.9291252861861126,0.962578408912278
src_gkf,M2_h,target_models,0,148,angular_entropy_8_16,0.4855636245332228,0.717243380295366
src_gkf,M2_h,target_models,0,149,angular_entropy_8_16,0.8920301113985419,0.717243380295366
src_gkf,M2_h,target_models,0,158,angular_entropy_8_16,0.443095790045536,0.5945758659869101
src_gkf,M2_h,target_models,0,159,angular_entropy_8_16,0.3175805320209709,0.5945758659869101
src_gkf,M2_h,target_models,0,168,angular_entropy_8_16,0.9489140989270426,0.962578408912278
src_gkf,M2_h,target_models,0,169,angular_entropy_8_16,0.9460381156279748,0.962578408912278
src_gkf,M2_h,target_models,0,178,angular_entropy_8_16,0.9018638342756242,0.717243380295366
src_gkf,M2_h,target_models,0,179,angular_entropy_8_16,0.9261454327046916,0.717243380295366
src_gkf,M2_h,target_models,0,188,angular_entropy_8_16,0.920884974370498,0.962578408912278
src_gkf,M2_h,target_models,0,189,angular_entropy_8_16,0.9420986012995588,0.962578408912278
src_gkf,M2_h,target_models,0,198,angular_entropy_8_16,0.9172874280680208,0.717243380295366
src_gkf,M2_h,target_models,0,199,angular_entropy_8_16,0.8870591115502044,0.717243380295366
src_gkf,M2_h,target_models,1,4,angular_entropy_8_16,0.4797589507759083,0.5791131829098388
src_gkf,M2_h,target_models,1,12,angular_entropy_8_16,0.8460415028747486,0.5791131829098388
src_gkf,M2_h,target_models,1,27,angular_entropy_8_16,0.7550180697432503,0.8422443658766178
src_gkf,M2_h,target_models,1,49,angular_entropy_8_16,0.8931434690263835,0.7106787743932282
src_gkf,M2_h,target_models,1,54,angular_entropy_8_16,0.3680154583415413,0.4475475914264493
src_gkf,M2_h,target_models,1,77,angular_entropy_8_16,0.3569701574235101,0.5791131829098388
src_gkf,M2_h,target_models,1,126,angular_entropy_8_16,0.89885340511558,0.8422443658766178
src_gkf,M2_h,target_models,1,136,angular_entropy_8_16,0.934421785090228,0.9738099573600072
src_gkf,M2_h,target_models,1,146,angular_entropy_8_16,0.9231359438631118,0.9738099573600072
src_gkf,M2_h,target_models,1,147,angular_entropy_8_16,0.9269865002523372,0.9738099573600072
src_gkf,M2_h,target_models,1,156,angular_entropy_8_16,0.6888607676843875,0.5791131829098388
src_gkf,M2_h,target_models,1,157,angular_entropy_8_16,0.4699264956424556,0.5791131829098388
src_gkf,M2_h,target_models,1,166,angular_entropy_8_16,0.5735781124762749,0.4475475914264493
src_gkf,M2_h,target_models,1,167,angular_entropy_8_16,0.3864674284362529,0.4475475914264493
src_gkf,M2_h,target_models,1,176,angular_entropy_8_16,0.6525457217288756,0.7106787743932282
src_gkf,M2_h,target_models,1,177,angular_entropy_8_16,0.7347081037517762,0.7106787743932282
src_gkf,M2_h,target_models,1,186,angular_entropy_8_16,0.9236751177150362,0.8422443658766178
src_gkf,M2_h,target_models,1,187,angular_entropy_8_16,0.9195262355547972,0.8422443658766178
src_gkf,M2_h,target_models,1,196,angular_entropy_8_16,0.8308767765595593,0.7106787743932282
src_gkf,M2_h,target_models,1,197,angular_entropy_8_16,0.9135802614189036,0.7106787743932282
src_gkf,M2_h,target_models,2,3,angular_entropy_8_16,0.4779772055305059,0.5845653604602524
src_gkf,M2_h,target_models,2,11,angular_entropy_8_16,0.4137629142447426,0.5845653604602524
src_gkf,M2_h,target_models,2,26,angular_entropy_8_16,0.9225450729133732,0.9851337931210469
src_gkf,M2_h,target_models,2,48,angular_entropy_8_16,0.920817709025902,0.718088171347184
src_gkf,M2_h,target_models,2,53,angular_entropy_8_16,0.9549473698303074,0.9851337931210469
src_gkf,M2_h,target_models,2,76,angular_entropy_8_16,0.9276734581533804,0.9851337931210469
src_gkf,M2_h,target_models,2,124,angular_entropy_8_16,0.9147947212843128,0.718088171347184
src_gkf,M2_h,target_models,2,134,angular_entropy_8_16,0.9256549829438804,0.9851337931210469
src_gkf,M2_h,target_models,2,144,angular_entropy_8_16,0.9229279357306308,0.9851337931210469
src_gkf,M2_h,target_models,2,145,angular_entropy_8_16,0.922783471297476,0.9851337931210469
src_gkf,M2_h,target_models,2,154,angular_entropy_8_16,0.670712883086662,0.8516109822341154
src_gkf,M2_h,target_models,2,155,angular_entropy_8_16,0.9125242508369932,0.8516109822341154
src_gkf,M2_h,target_models,2,164,angular_entropy_8_16,0.2978953473076548,0.451042549573321
src_gkf,M2_h,target_models,2,165,angular_entropy_8_16,0.2891071456764625,0.451042549573321
src_gkf,M2_h,target_models,2,174,angular_entropy_8_16,0.5122610972711229,0.451042549573321
src_gkf,M2_h,target_models,2,175,angular_entropy_8_16,0.6689971221992281,0.451042549573321
src_gkf,M2_h,target_models,2,184,angular_entropy_8_16,0.9037991223507064,0.8516109822341154
src_gkf,M2_h,target_models,2,185,angular_entropy_8_16,0.9311772202530342,0.8516109822341154
src_gkf,M2_h,target_models,2,194,angular_entropy_8_16,0.5879662490128611,0.5845653604602524
src_gkf,M2_h,target_models,2,195,angular_entropy_8_16,0.4632606662863817,0.5845653604602524
src_gkf,M2_h,target_models,3,2,angular_entropy_8_16,0.9205390814978176,0.7138224973929638
src_gkf,M2_h,target_models,3,7,angular_entropy_8_16,0.3347323640142271,0.45353792279076055
src_gkf,M2_h,target_models,3,25,angular_entropy_8_16,0.5816707058259681,0.45353792279076055
src_gkf,M2_h,target_models,3,30,angular_entropy_8_16,0.4270172017517478,0.5836802100918621
src_gkf,M2_h,target_models,3,52,angular_entropy_8_16,0.9454630740160777,0.974107071995167
src_gkf,M2_h,target_models,3,74,angular_entropy_8_16,0.8628655108189245,0.7138224973929638
src_gkf,M2_h,target_models,3,122,angular_entropy_8_16,0.3799420973435737,0.45353792279076055
src_gkf,M2_h,target_models,3,132,angular_entropy_8_16,0.7889791128491267,0.5836802100918621
src_gkf,M2_h,target_models,3,142,angular_entropy_8_16,0.7039581650501197,0.8439647846940654
src_gkf,M2_h,target_models,3,143,angular_entropy_8_16,0.8428423390558621,0.8439647846940654
src_gkf,M2_h,target_models,3,152,angular_entropy_8_16,0.8968868497699488,0.8439647846940654
src_gkf,M2_h,target_models,3,153,angular_entropy_8_16,0.8461600288419651,0.8439647846940654
src_gkf,M2_h,target_models,3,162,angular_entropy_8_16,0.7431830317351423,0.5836802100918621
src_gkf,M2_h,target_models,3,163,angular_entropy_8_16,0.5337060876810991,0.5836802100918621
src_gkf,M2_h,target_models,3,172,angular_entropy_8_16,0.3591420375657302,0.45353792279076055
src_gkf,M2_h,target_models,3,173,angular_entropy_8_16,0.2972264256107618,0.45353792279076055
src_gkf,M2_h,target_models,3,182,angular_entropy_8_16,0.6347594924442568,0.45353792279076055
src_gkf,M2_h,target_models,3,183,angular_entropy_8_16,0.3362955887065682,0.45353792279076055
src_gkf,M2_h,target_models,3,192,angular_entropy_8_16,0.5403562611206696,0.5836802100918621
src_gkf,M2_h,target_models,3,193,angular_entropy_8_16,0.555296814064717,0.5836802100918621
src_gkf,M2_h,target_models,4,1,angular_entropy_8_16,0.9344989266450388,0.8509798707553425
src_gkf,M2_h,target_models,4,6,angular_entropy_8_16,0.3059312830097316,0.43807754923861447
src_gkf,M2_h,target_models,4,24,angular_entropy_8_16,0.9474204100320134,0.9886139779275853
src_gkf,M2_h,target_models,4,29,angular_entropy_8_16,0.6262326218701938,0.7133457635830999
src_gkf,M2_h,target_models,4,51,angular_entropy_8_16,0.9174741956782942,0.9886139779275853
src_gkf,M2_h,target_models,4,73,angular_entropy_8_16,0.9116719197777746,0.9886139779275853
src_gkf,M2_h,target_models,4,120,angular_entropy_8_16,0.3697450945985387,0.43807754923861447
src_gkf,M2_h,target_models,4,130,angular_entropy_8_16,0.7711020866117768,0.5757116564108571
src_gkf,M2_h,target_models,4,140,angular_entropy_8_16,0.9186711438978736,0.8509798707553425
src_gkf,M2_h,target_models,4,141,angular_entropy_8_16,0.8244759686032876,0.8509798707553425
src_gkf,M2_h,target_models,4,150,angular_entropy_8_16,0.8955164962962591,0.7133457635830999
src_gkf,M2_h,target_models,4,151,angular_entropy_8_16,0.9379010426946844,0.7133457635830999
src_gkf,M2_h,target_models,4,160,angular_entropy_8_16,0.529106012565758,0.5757116564108571
src_gkf,M2_h,target_models,4,161,angular_entropy_8_16,0.4332499422431948,0.5757116564108571
src_gkf,M2_h,target_models,4,170,angular_entropy_8_16,0.9237814123548176,0.9886139779275853
src_gkf,M2_h,target_models,4,171,angular_entropy_8_16,0.9189652508805556,0.9886139779275853
src_gkf,M2_h,target_models,4,180,angular_entropy_8_16,0.4177840495857789,0.43807754923861447
src_gkf,M2_h,target_models,4,181,angular_entropy_8_16,0.7990186769658371,0.43807754923861447
src_gkf,M2_h,target_models,4,190,angular_entropy_8_16,0.9351595528240708,0.9886139779275853
src_gkf,M2_h,target_models,4,191,angular_entropy_8_16,0.8997282864766862,0.9886139779275853
src_gkf,M2_h,target_models,0,0,lambda_star_4_32,15.036163152530207,13.091655463723267
src_gkf,M2_h,target_models,0,5,lambda_star_4_32,9.476722768932733,11.17494367402485
src_gkf,M2_h,target_models,0,13,lambda_star_4_32,9.57889903024946,11.17494367402485
src_gkf,M2_h,target_models,0,28,lambda_star_4_32,16.448715843082976,12.612477516298663
src_gkf,M2_h,target_models,0,50,lambda_star_4_32,9.324161269491098,11.17494367402485
src_gkf,M2_h,target_models,0,72,lambda_star_4_32,14.56665793369415,13.091655463723267
src_gkf,M2_h,target_models,0,78,lambda_star_4_32,10.267739738899023,11.17494367402485
src_gkf,M2_h,target_models,0,128,lambda_star_4_32,10.626113959029189,12.133299568874058
src_gkf,M2_h,target_models,0,138,lambda_star_4_32,15.304477293099653,13.091655463723267
src_gkf,M2_h,target_models,0,148,lambda_star_4_32,13.505688064382563,12.133299568874058
src_gkf,M2_h,target_models,0,149,lambda_star_4_32,15.949985575742025,12.133299568874058
src_gkf,M2_h,target_models,0,158,lambda_star_4_32,11.444534053265324,11.654121621449454
src_gkf,M2_h,target_models,0,159,lambda_star_4_32,9.024660111865645,11.654121621449454
src_gkf,M2_h,target_models,0,168,lambda_star_4_32,9.864797093561378,13.091655463723267
src_gkf,M2_h,target_models,0,169,lambda_star_4_32,11.80156011694523,13.091655463723267
src_gkf,M2_h,target_models,0,178,lambda_star_4_32,12.712627116310939,12.133299568874058
src_gkf,M2_h,target_models,0,179,lambda_star_4_32,12.903457466297608,12.133299568874058
src_gkf,M2_h,target_models,0,188,lambda_star_4_32,11.805113379327635,13.091655463723267
src_gkf,M2_h,target_models,0,189,lambda_star_4_32,10.922526745032467,13.091655463723267
src_gkf,M2_h,target_models,0,198,lambda_star_4_32,10.775048279182267,12.133299568874058
src_gkf,M2_h,target_models,0,199,lambda_star_4_32,10.366167238577734,12.133299568874058
src_gkf,M2_h,target_models,1,4,lambda_star_4_32,8.748435560785481,11.65890496949784
src_gkf,M2_h,target_models,1,12,lambda_star_4_32,16.49892017171428,11.65890496949784
src_gkf,M2_h,target_models,1,27,lambda_star_4_32,10.15857296040633,12.746515560235846
src_gkf,M2_h,target_models,1,49,lambda_star_4_32,9.89823266090284,12.202710264866843
src_gkf,M2_h,target_models,1,54,lambda_star_4_32,11.975549042291357,11.115099674128837
src_gkf,M2_h,target_models,1,77,lambda_star_4_32,9.144133649393266,11.65890496949784
src_gkf,M2_h,target_models,1,126,lambda_star_4_32,12.950437243891914,12.746515560235846
src_gkf,M2_h,target_models,1,136,lambda_star_4_32,11.169791350259981,13.290320855604847
src_gkf,M2_h,target_models,1,146,lambda_star_4_32,13.238470411514887,13.290320855604847
src_gkf,M2_h,target_models,1,147,lambda_star_4_32,16.39308904929755,13.290320855604847
src_gkf,M2_h,target_models,1,156,lambda_star_4_32,10.716409207930754,11.65890496949784
src_gkf,M2_h,target_models,1,157,lambda_star_4_32,13.43765651228388,11.65890496949784
src_gkf,M2_h,target_models,1,166,lambda_star_4_32,9.909591159098213,11.115099674128837
src_gkf,M2_h,target_models,1,176,lambda_star_4_32,16.934453385495903,12.202710264866843
src_gkf,M2_h,target_models,1,177,lambda_star_4_32,10.025623028224507,12.202710264866843
src_gkf,M2_h,target_models,1,186,lambda_star_4_32,9.56283765931253,12.746515560235846
src_gkf,M2_h,target_models,1,187,lambda_star_4_32,9.390936745447487,12.746515560235846
src_gkf,M2_h,target_models,1,196,lambda_star_4_32,10.255244325789706,12.202710264866843
src_gkf,M2_h,target_models,1,197,lambda_star_4_32,10.02800697834505,12.202710264866843
src_gkf,M2_h,target_models,2,3,lambda_star_4_32,8.585566378279855,11.408756851083005
src_gkf,M2_h,target_models,2,11,lambda_star_4_32,10.595772488586423,11.408756851083005
src_gkf,M2_h,target_models,2,26,lambda_star_4_32,16.85114805181296,12.968229536078184
src_gkf,M2_h,target_models,2,48,lambda_star_4_32,9.708231566821965,11.92858107941473
src_gkf,M2_h,target_models,2,53,lambda_star_4_32,13.839279657921876,12.968229536078184
src_gkf,M2_h,target_models,2,76,lambda_star_4_32,12.662404172006315,12.968229536078184
src_gkf,M2_h,target_models,2,134,lambda_star_4_32,10.280225900836875,12.968229536078184
src_gkf,M2_h,target_models,2,144,lambda_star_4_32,19.21712122703679,12.968229536078184
src_gkf,M2_h,target_models,2,145,lambda_star_4_32,15.917534514704242,12.968229536078184
src_gkf,M2_h,target_models,2,154,lambda_star_4_32,18.23764737785915,12.448405307746457
src_gkf,M2_h,target_models,2,155,lambda_star_4_32,18.025408887417036,12.448405307746457
src_gkf,M2_h,target_models,2,164,lambda_star_4_32,10.149086117041653,10.888932622751279
src_gkf,M2_h,target_models,2,165,lambda_star_4_32,10.06947567876668,10.888932622751279
src_gkf,M2_h,target_models,2,174,lambda_star_4_32,10.192698599791559,10.888932622751279
src_gkf,M2_h,target_models,2,175,lambda_star_4_32,17.38592853614663,10.888932622751279
src_gkf,M2_h,target_models,2,184,lambda_star_4_32,10.889582183271099,12.448405307746457
src_gkf,M2_h,target_models,2,185,lambda_star_4_32,9.844185813333066,12.448405307746457
src_gkf,M2_h,target_models,2,194,lambda_star_4_32,9.64445815674146,11.408756851083005
src_gkf,M2_h,target_models,2,195,lambda_star_4_32,10.912131490668889,11.408756851083005
src_gkf,M2_h,target_models,3,2,lambda_star_4_32,8.978347929581629,11.950125899611457
src_gkf,M2_h,target_models,3,7,lambda_star_4_32,10.131741650392286,10.637798269125199
src_gkf,M2_h,target_models,3,25,lambda_star_4_32,9.448952183282888,10.637798269125199
src_gkf,M2_h,target_models,3,30,lambda_star_4_32,9.442777413200083,11.293962084368328
src_gkf,M2_h,target_models,3,52,lambda_star_4_32,13.657657525470372,13.262453530097716
src_gkf,M2_h,target_models,3,74,lambda_star_4_32,10.395135974354487,11.950125899611457
src_gkf,M2_h,target_models,3,122,lambda_star_4_32,11.266255756141158,10.637798269125199
src_gkf,M2_h,target_models,3,132,lambda_star_4_32,9.773721145239106,11.293962084368328
src_gkf,M2_h,target_models,3,142,lambda_star_4_32,13.686953355865574,12.606289714854586
src_gkf,M2_h,target_models,3,143,lambda_star_4_32,20.33910218473801,12.606289714854586
src_gkf,M2_h,target_models,3,153,lambda_star_4_32,17.17652433675191,12.606289714854586
src_gkf,M2_h,target_models,3,162,lambda_star_4_32,17.094888583756347,11.293962084368328
src_gkf,M2_h,target_models,3,163,lambda_star_4_32,11.185404169702867,11.293962084368328
src_gkf,M2_h,target_models,3,172,lambda_star_4_32,9.407459257280316,10.637798269125199
src_gkf,M2_h,target_models,3,173,lambda_star_4_32,10.56715703018984,10.637798269125199
src_gkf,M2_h,target_models,3,182,lambda_star_4_32,15.652923642651267,10.637798269125199
src_gkf,M2_h,target_models,3,183,lambda_star_4_32,11.121279222471847,10.637798269125199
src_gkf,M2_h,target_models,3,192,lambda_star_4_32,10.99798231417217,11.293962084368328
src_gkf,M2_h,target_models,3,193,lambda_star_4_32,9.511936587414986,11.293962084368328
src_gkf,M2_h,target_models,4,1,lambda_star_4_32,11.668512421861447,12.730066127448842
src_gkf,M2_h,target_models,4,6,lambda_star_4_32,10.03098145708803,10.996613228144406
src_gkf,M2_h,target_models,4,24,lambda_star_4_32,12.772355638285045,13.30788376055032
src_gkf,M2_h,target_models,4,29,lambda_star_4_32,11.469957883713992,12.152248494347363
src_gkf,M2_h,target_models,4,73,lambda_star_4_32,12.40952841173918,13.30788376055032
src_gkf,M2_h,target_models,4,120,lambda_star_4_32,10.003348406161974,10.996613228144406
src_gkf,M2_h,target_models,4,130,lambda_star_4_32,10.525656126642762,11.574430861245885
src_gkf,M2_h,target_models,4,140,lambda_star_4_32,14.266299800171103,12.730066127448842
src_gkf,M2_h,target_models,4,141,lambda_star_4_32,12.406930408458866,12.730066127448842
src_gkf,M2_h,target_models,4,150,lambda_star_4_32,13.19434205978971,12.152248494347363
src_gkf,M2_h,target_models,4,151,lambda_star_4_32,15.981702306235912,12.152248494347363
src_gkf,M2_h,target_models,4,160,lambda_star_4_32,8.957803609676962,11.574430861245885
src_gkf,M2_h,target_models,4,161,lambda_star_4_32,10.187201719133206,11.574430861245885
src_gkf,M2_h,target_models,4,170,lambda_star_4_32,10.992604555676673,13.30788376055032
src_gkf,M2_h,target_models,4,171,lambda_star_4_32,13.021054880614983,13.30788376055032
src_gkf,M2_h,target_models,4,180,lambda_star_4_32,11.81471575262988,10.996613228144406
src_gkf,M2_h,target_models,4,181,lambda_star_4_32,13.459631624030925,10.996613228144406
src_gkf,M2_h,target_models,4,190,lambda_star_4_32,9.720938860159308,13.30788376055032
src_gkf,M3_u_What_What_over_h,target_models,0,0,p_8_16,0.0342382099309782,0.1724697605055187
src_gkf,M3_u_What_What_over_h,target_models,0,5,p_8_16,0.9126072594872168,0.6167550109695263
src_gkf,M3_u_What_What_over_h,target_models,0,13,p_8_16,0.8570775630331313,0.5907813703656795
src_gkf,M3_u_What_What_over_h,target_models,0,28,p_8_16,0.2504962607918012,0.14616541844059047
src_gkf,M3_u_What_What_over_h,target_models,0,50,p_8_16,0.8998240927744701,0.5444360193665387
src_gkf,M3_u_What_What_over_h,target_models,0,72,p_8_16,0.2776858930884566,0.17230152529661952
src_gkf,M3_u_What_What_over_h,target_models,0,78,p_8_16,0.7115431096112693,0.5952177630232056
src_gkf,M3_u_What_What_over_h,target_models,0,128,p_8_16,0.0803054078882494,0.1736110981821175
src_gkf,M3_u_What_What_over_h,target_models,0,138,p_8_16,0.1847908933976274,0.15531906221669511
src_gkf,M3_u_What_What_over_h,target_models,0,148,p_8_16,0.401710597995235,0.13048759811204097
src_gkf,M3_u_What_What_over_h,target_models,0,149,p_8_16,0.1328859474968257,0.15770200096887854
src_gkf,M3_u_What_What_over_h,target_models,0,158,p_8_16,0.4961240478265122,0.41502758215846797
src_gkf,M3_u_What_What_over_h,target_models,0,159,p_8_16,0.4015733472101155,0.4704978719315715
src_gkf,M3_u_What_What_over_h,target_models,0,168,p_8_16,0.1913327549278874,0.22446446207407195
src_gkf,M3_u_What_What_over_h,target_models,0,169,p_8_16,0.1842514902661812,0.2014159954549463
src_gkf,M3_u_What_What_over_h,target_models,0,178,p_8_16,0.1096771945811592,0.22803990389579304
src_gkf,M3_u_What_What_over_h,target_models,0,179,p_8_16,0.08059610386861,0.20082550103895508
src_gkf,M3_u_What_What_over_h,target_models,0,188,p_8_16,0.0702510568476217,0.15317160865984214
src_gkf,M3_u_What_What_over_h,target_models,0,189,p_8_16,0.1838437744363198,0.22231700851721942
src_gkf,M3_u_What_What_over_h,target_models,0,198,p_8_16,0.1707622685467746,0.18209299486964775
src_gkf,M3_u_What_What_over_h,target_models,0,199,p_8_16,0.1371810986872629,0.2093073977264853
src_gkf,M3_u_What_What_over_h,target_models,1,4,p_8_16,0.5602002984476983,0.4207247438004427
src_gkf,M3_u_What_What_over_h,target_models,1,12,p_8_16,0.1921998610687837,0.402240794127113
src_gkf,M3_u_What_What_over_h,target_models,1,27,p_8_16,0.4235140119089293,0.2368464713304963
src_gkf,M3_u_What_What_over_h,target_models,1,49,p_8_16,0.2454664380648269,0.3457527176325801
src_gkf,M3_u_What_What_over_h,target_models,1,54,p_8_16,0.591649700692359,0.571428671210793
src_gkf,M3_u_What_What_over_h,target_models,1,77,p_8_16,0.6823572333973394,0.508095115833673
src_gkf,M3_u_What_What_over_h,target_models,1,126,p_8_16,0.0358979214122202,0.04545702859154788
src_gkf,M3_u_What_What_over_h,target_models,1,136,p_8_16,0.0563523977609129,0.11985454357352002
src_gkf,M3_u_What_What_over_h,target_models,1,146,p_8_16,0.1241892480864522,0.09593873800859681
src_gkf,M3_u_What_What_over_h,target_models,1,147,p_8_16,0.1558258281900654,0.1395847845651953
src_gkf,M3_u_What_What_over_h,target_models,1,156,p_8_16,0.4358789631566422,0.4322562495592359
src_gkf,M3_u_What_What_over_h,target_models,1,157,p_8_16,0.2648002595102144,0.4819070386545584
src_gkf,M3_u_What_What_over_h,target_models,1,166,p_8_16,0.6945002041668196,0.5760143531700987
src_gkf,M3_u_What_What_over_h,target_models,1,167,p_8_16,0.0301198360435335,0.5009376952732425
src_gkf,M3_u_What_What_over_h,target_models,1,176,p_8_16,0.1664049856670875,0.30108574628727774
src_gkf,M3_u_What_What_over_h,target_models,1,177,p_8_16,0.1705521628824458,0.2765939485473234
src_gkf,M3_u_What_What_over_h,target_models,1,186,p_8_16,0.1825270019056839,0.24949233600589998
src_gkf,M3_u_What_What_over_h,target_models,1,187,p_8_16,0.1519809787257946,0.22566773188135947
src_gkf,M3_u_What_What_over_h,target_models,1,196,p_8_16,0.0937627138652451,0.20654550411215158
src_gkf,M3_u_What_What_over_h,target_models,1,197,p_8_16,0.1036259524185608,0.28002089733201474
src_gkf,M3_u_What_What_over_h,target_models,2,3,p_8_16,0.6397237770389178,0.4733810556262771
src_gkf,M3_u_What_What_over_h,target_models,2,11,p_8_16,0.1400912351783912,0.41321013835975606
src_gkf,M3_u_What_What_over_h,target_models,2,26,p_8_16,0.1868192616154143,0.13301842130261307
src_gkf,M3_u_What_What_over_h,target_models,2,48,p_8_16,0.2767720104089806,0.34180016228592297
src_gkf,M3_u_What_What_over_h,target_models,2,53,p_8_16,0.2736571121857817,0.15930862755873654
src_gkf,M3_u_What_What_over_h,target_models,2,76,p_8_16,0.2692309609802786,0.16230232374664444
src_gkf,M3_u_What_What_over_h,target_models,2,124,p_8_16,0.0216273774759846,0.06390054948302548
src_gkf,M3_u_What_What_over_h,target_models,2,134,p_8_16,0.1717238418083919,0.0004879915096187015
src_gkf,M3_u_What_What_over_h,target_models,2,144,p_8_16,0.0980992963841571,0.02479263366092843
src_gkf,M3_u_What_What_over_h,target_models,2,145,p_8_16,0.1444384491418675,0.07340191796354814
src_gkf,M3_u_What_What_over_h,target_models,2,154,p_8_16,0.0328626821146418,0.11266225852725104
src_gkf,M3_u_What_What_over_h,target_models,2,155,p_8_16,0.0416435958762092,0.08673811184027164
src_gkf,M3_u_What_What_over_h,target_models,2,164,p_8_16,0.6764301662347564,0.47299159908754573
src_gkf,M3_u_What_What_over_h,target_models,2,165,p_8_16,0.7778128600771657,0.499887448495927
src_gkf,M3_u_What_What_over_h,target_models,2,174,p_8_16,0.5141086157929576,0.5916089431755902
src_gkf,M3_u_What_What_over_h,target_models,2,175,p_8_16,0.2465341404848374,0.5109213949504464
src_gkf,M3_u_What_What_over_h,target_models,2,184,p_8_16,0.0631820767179308,0.193146661040123
src_gkf,M3_u_What_What_over_h,target_models,2,185,p_8_16,0.1389519509063684,0.1672225143531434
src_gkf,M3_u_What_What_over_h,target_models,2,194,p_8_16,0.3517594854261314,0.45362492387792824
src_gkf,M3_u_What_What_over_h,target_models,2,195,p_8_16,0.2138727626229319,0.42689102492311404
src_gkf,M3_u_What_What_over_h,target_models,3,2,p_8_16,0.2105184725521856,0.3291690255356891
src_gkf,M3_u_What_What_over_h,target_models,3,7,p_8_16,0.8153931899623513,0.5082706852440813
src_gkf,M3_u_What_What_over_h,target_models,3,25,p_8_16,0.4732961296022142,0.6357472547227582
src_gkf,M3_u_What_What_over_h,target_models,3,30,p_8_16,0.4418353332682509,0.4660873664528314
src_gkf,M3_u_What_What_over_h,target_models,3,52,p_8_16,0.1684546978474572,0.188935693788918
src_gkf,M3_u_What_What_over_h,target_models,3,74,p_8_16,0.377942131592927,0.42265937807591636
src_gkf,M3_u_What_What_over_h,target_models,3,122,p_8_16,0.4406507189391591,0.41879671865799895
src_gkf,M3_u_What_What_over_h,target_models,3,132,p_8_16,0.3514324181582739,0.3993296592162687
src_gkf,M3_u_What_What_over_h,target_models,3,142,p_8_16,0.1697483102128793,0.08591918009964156
src_gkf,M3_u_What_What_over_h,target_models,3,143,p_8_16,0.0670632467328167,0.05222355654925748
src_gkf,M3_u_What_What_over_h,target_models,3,152,p_8_16,0.0364217616612413,0.01078394546536282
src_gkf,M3_u_What_What_over_h,target_models,3,153,p_8_16,0.0287520199617658,0.11187081611651531
src_gkf,M3_u_What_What_over_h,target_models,3,162,p_8_16,0.0687775708107536,0.45110642126772815
src_gkf,M3_u_What_What_over_h,target_models,3,163,p_8_16,0.4710725716838595,0.48621067974319343
src_gkf,M3_u_What_What_over_h,target_models,3,172,p_8_16,0.7385844374380425,0.5451178679847929
src_gkf,M3_u_What_What_over_h,target_models,3,173,p_8_16,0.7192385949231982,0.5097318825243111
src_gkf,M3_u_What_What_over_h,target_models,3,182,p_8_16,0.2227624333178619,0.5795025282664032
src_gkf,M3_u_What_What_over_h,target_models,3,183,p_8_16,0.7202682584473413,0.5441165428059216
src_gkf,M3_u_What_What_over_h,target_models,3,192,p_8_16,0.2693234213407359,0.4069251761980278
src_gkf,M3_u_What_What_over_h,target_models,3,193,p_8_16,0.5261741447507422,0.512237951624424
src_gkf,M3_u_What_What_over_h,target_models,4,1,p_8_16,0.2730637583192485,0.09105204368359052
src_gkf,M3_u_What_What_over_h,target_models,4,6,p_8_16,0.8934367400816127,0.5566019114410679
src_gkf,M3_u_What_What_over_h,target_models,4,24,p_8_16,0.2569624712389576,0.19446865573056704
src_gkf,M3_u_What_What_over_h,target_models,4,29,p_8_16,0.4925534341695751,0.30229082380241
src_gkf,M3_u_What_What_over_h,target_models,4,51,p_8_16,0.034702128595685,0.22425610140841462
src_gkf,M3_u_What_What_over_h,target_models,4,73,p_8_16,0.0992533930074463,0.12020029450852326
src_gkf,M3_u_What_What_over_h,target_models,4,120,p_8_16,0.6385208994142718,0.45876046153979655
src_gkf,M3_u_What_What_over_h,target_models,4,130,p_8_16,0.2186092713118247,0.36352496724946604
src_gkf,M3_u_What_What_over_h,target_models,4,140,p_8_16,0.3013360338424688,0.1108108671407437
src_gkf,M3_u_What_What_over_h,target_models,4,141,p_8_16,0.2359916126573756,0.07922511414180797
src_gkf,M3_u_What_What_over_h,target_models,4,150,p_8_16,0.1886239553165941,0.10627569936843698
src_gkf,M3_u_What_What_over_h,target_models,4,151,p_8_16,0.1255392642729608,0.07333337252398434
src_gkf,M3_u_What_What_over_h,target_models,4,160,p_8_16,0.5088771820307446,0.514821108770384
src_gkf,M3_u_What_What_over_h,target_models,4,161,p_8_16,0.3550479848987524,0.4812004950031733
src_gkf,M3_u_What_What_over_h,target_models,4,170,p_8_16,0.3336929555162605,0.2625078359944675
src_gkf,M3_u_What_What_over_h,target_models,4,171,p_8_16,0.2025555550279888,0.1799597416073102
src_gkf,M3_u_What_What_over_h,target_models,4,180,p_8_16,0.4111016568530389,0.5103840341440017
src_gkf,M3_u_What_What_over_h,target_models,4,181,p_8_16,0.2658185167522623,0.4763564482231357
src_gkf,M3_u_What_What_over_h,target_models,4,190,p_8_16,0.2090658333441498,0.1976119055279263
src_gkf,M3_u_What_What_over_h,target_models,4,191,p_8_16,0.0024359757659457,0.1700958740655406
src_gkf,M3_u_What_What_over_h,target_models,0,0,ilr_z2,-0.1063306799927708,-0.19907748679953385
src_gkf,M3_u_What_What_over_h,target_models,0,5,ilr_z2,-1.940805301438366,-0.9339702687155917
src_gkf,M3_u_What_What_over_h,target_models,0,13,ilr_z2,-1.614473056844414,-1.0210500297511675
src_gkf,M3_u_What_What_over_h,target_models,0,28,ilr_z2,-0.6824863239163869,-0.034728316800458736
src_gkf,M3_u_What_What_over_h,target_models,0,50,ilr_z2,-1.7718920514165597,-0.9237814359948602
src_gkf,M3_u_What_What_over_h,target_models,0,72,ilr_z2,-0.5082702825940048,-0.2598155142025733
src_gkf,M3_u_What_What_over_h,target_models,0,78,ilr_z2,-1.3796513513227322,-1.0488332837697838
src_gkf,M3_u_What_What_over_h,target_models,0,128,ilr_z2,0.1414158584405125,-0.4377847524659525
src_gkf,M3_u_What_What_over_h,target_models,0,138,ilr_z2,0.1680977377995088,-0.22070391269431777
src_gkf,M3_u_What_What_over_h,target_models,0,148,ilr_z2,-1.0846568296883292,-0.4804160430574567
src_gkf,M3_u_What_What_over_h,target_models,0,149,ilr_z2,-0.5480851664681791,-0.4433897767414062
src_gkf,M3_u_What_What_over_h,target_models,0,158,ilr_z2,-0.5748897410971575,-0.6186012578521697
src_gkf,M3_u_What_What_over_h,target_models,0,159,ilr_z2,-0.2812695282973182,-0.5487317534954002
src_gkf,M3_u_What_What_over_h,target_models,0,168,ilr_z2,0.1405350564302773,-0.05942877444219552
src_gkf,M3_u_What_What_over_h,target_models,0,169,ilr_z2,-0.1987183265929584,-0.11318715385956968
src_gkf,M3_u_What_What_over_h,target_models,0,178,ilr_z2,-0.3004689083387473,-0.36373221983385207
src_gkf,M3_u_What_What_over_h,target_models,0,179,ilr_z2,-0.2103805063433689,-0.40075848614990195
src_gkf,M3_u_What_What_over_h,target_models,0,188,ilr_z2,0.4089178641829663,-0.15556874451390768
src_gkf,M3_u_What_What_over_h,target_models,0,189,ilr_z2,0.3408069820378084,0.005706393738213578
src_gkf,M3_u_What_What_over_h,target_models,0,198,ilr_z2,0.2395243924105265,-0.14647010750290335
src_gkf,M3_u_What_What_over_h,target_models,0,199,ilr_z2,0.2216781958750436,-0.1094438411868528
src_gkf,M3_u_What_What_over_h,target_models,1,4,ilr_z2,-0.7349798880860732,-0.6419613962805188
src_gkf,M3_u_What_What_over_h,target_models,1,12,ilr_z2,-0.4873426315596991,-0.7297081858575118
src_gkf,M3_u_What_What_over_h,target_models,1,27,ilr_z2,-0.8482571589845281,0.15247118908338675
src_gkf,M3_u_What_What_over_h,target_models,1,49,ilr_z2,0.4084297996084903,-0.030690064337641987
src_gkf,M3_u_What_What_over_h,target_models,1,54,ilr_z2,-1.861872604120544,-1.0780182565580003
src_gkf,M3_u_What_What_over_h,target_models,1,77,ilr_z2,-1.1400707101175642,-0.5544094726215848
src_gkf,M3_u_What_What_over_h,target_models,1,126,ilr_z2,0.1514234499286074,-0.23231792339084478
src_gkf,M3_u_What_What_over_h,target_models,1,136,ilr_z2,0.4252380211941015,-0.2545818180620688
src_gkf,M3_u_What_What_over_h,target_models,1,146,ilr_z2,-0.0911109063822424,-0.2535612426395081
src_gkf,M3_u_What_What_over_h,target_models,1,147,ilr_z2,-0.2928733932939545,-0.15694920426140596
src_gkf,M3_u_What_What_over_h,target_models,1,156,ilr_z2,-0.9637846254921072,-0.5978191757615519
src_gkf,M3_u_What_What_over_h,target_models,1,157,ilr_z2,-0.5841810634522199,-0.5499260126606462
src_gkf,M3_u_What_What_over_h,target_models,1,166,ilr_z2,-1.1747991448331432,-1.0226222381769179
src_gkf,M3_u_What_What_over_h,target_models,1,167,ilr_z2,-1.8398507875353969,-1.0895900953005553
src_gkf,M3_u_What_What_over_h,target_models,1,176,ilr_z2,-0.5854125650361839,-0.30202368540960983
src_gkf,M3_u_What_What_over_h,target_models,1,177,ilr_z2,-0.0236528747301991,-0.3286768711421292
src_gkf,M3_u_What_What_over_h,target_models,1,186,ilr_z2,0.7221347853067828,0.2831637835440013
src_gkf,M3_u_What_What_over_h,target_models,1,187,ilr_z2,0.7842535575418991,0.25109738944734883
src_gkf,M3_u_What_What_over_h,target_models,1,196,ilr_z2,0.3618674458676895,-0.20083743400004156
src_gkf,M3_u_What_What_over_h,target_models,1,197,ilr_z2,0.5899138604097636,-0.12087787680248463
src_gkf,M3_u_What_What_over_h,target_models,2,3,ilr_z2,-0.8615461618228943,-0.5753351916102274
src_gkf,M3_u_What_What_over_h,target_models,2,11,ilr_z2,-1.0402091290257125,-0.6883653106124354
src_gkf,M3_u_What_What_over_h,target_models,2,26,ilr_z2,-0.6587406275693465,-0.20405937616757408
src_gkf,M3_u_What_What_over_h,target_models,2,48,ilr_z2,0.3640795136307608,-0.07162010461372714
src_gkf,M3_u_What_What_over_h,target_models,2,53,ilr_z2,-0.7207427361215213,-0.18532319224742877
src_gkf,M3_u_What_What_over_h,target_models,2,76,ilr_z2,-0.3573739449687065,-0.2377690362845999
src_gkf,M3_u_What_What_over_h,target_models,2,124,ilr_z2,-0.3102629865565866,-0.48021690112400583
src_gkf,M3_u_What_What_over_h,target_models,2,134,ilr_z2,0.2143441042381721,-0.37294903425922654
src_gkf,M3_u_What_What_over_h,target_models,2,144,ilr_z2,-0.3027621608401571,-0.3316263538546653
src_gkf,M3_u_What_What_over_h,target_models,2,145,ilr_z2,-0.3019965021691972,-0.24898099304554405
src_gkf,M3_u_What_What_over_h,target_models,2,154,ilr_z2,-0.4000705590825106,0.0257610522587135
src_gkf,M3_u_What_What_over_h,target_models,2,155,ilr_z2,-0.3930149251358204,-0.0009913009439682097
src_gkf,M3_u_What_What_over_h,target_models,2,164,ilr_z2,-1.5662458140815316,-1.1484552076493222
src_gkf,M3_u_What_What_over_h,target_models,2,165,ilr_z2,-1.8451569596223183,-1.1304450507677684
src_gkf,M3_u_What_What_over_h,target_models,2,174,ilr_z2,-0.3646944726413303,-1.0392874897994862
src_gkf,M3_u_What_What_over_h,target_models,2,175,ilr_z2,-1.467424952332843,-1.0933179604441468
src_gkf,M3_u_What_What_over_h,target_models,2,184,ilr_z2,0.3488021013448888,0.22390964472026653
src_gkf,M3_u_What_What_over_h,target_models,2,185,ilr_z2,0.7956564068517197,0.1971572915175862
src_gkf,M3_u_What_What_over_h,target_models,2,194,ilr_z2,0.0179663222611397,-0.6858204610884343
src_gkf,M3_u_What_What_over_h,target_models,2,195,ilr_z2,0.0779337797703519,-0.7052876506901762
src_gkf,M3_u_What_What_over_h,target_models,3,2,ilr_z2,0.5182216181845284,-0.17387554407765604
src_gkf,M3_u_What_What_over_h,target_models,3,7,ilr_z2,-1.6695954016433885,-1.1373897051012112
src_gkf,M3_u_What_What_over_h,target_models,3,25,ilr_z2,-0.5036461443379504,-1.058361521821943
src_gkf,M3_u_What_What_over_h,target_models,3,30,ilr_z2,-0.2541646557020384,-0.695823031691901
src_gkf,M3_u_What_What_over_h,target_models,3,52,ilr_z2,-0.4788069946524049,-0.11116323646034687
src_gkf,M3_u_What_What_over_h,target_models,3,74,ilr_z2,-0.1906594115687575,-0.2144150237791831
src_gkf,M3_u_What_What_over_h,target_models,3,122,ilr_z2,-1.311453182628654,-1.1593155491559592
src_gkf,M3_u_What_What_over_h,target_models,3,132,ilr_z2,-0.2458171955326751,-0.7890783296945197
src_gkf,M3_u_What_What_over_h,target_models,3,142,ilr_z2,-0.480606705362266,-0.3470858770952157
src_gkf,M3_u_What_What_over_h,target_models,3,143,ilr_z2,-0.3130092631134917,-0.36424832530414036
src_gkf,M3_u_What_What_over_h,target_models,3,152,ilr_z2,-0.4809182251615883,0.06640019132085861
src_gkf,M3_u_What_What_over_h,target_models,3,153,ilr_z2,-0.5677240117208077,0.11788753594763135
src_gkf,M3_u_What_What_over_h,target_models,3,162,ilr_z2,-0.3653410610632664,-0.8359523323711482
src_gkf,M3_u_What_What_over_h,target_models,3,163,ilr_z2,-1.0196527553436392,-0.8270753485828564
src_gkf,M3_u_What_What_over_h,target_models,3,172,ilr_z2,-1.1143412015365697,-1.098211696913949
src_gkf,M3_u_What_What_over_h,target_models,3,173,ilr_z2,-1.210042262040108,-1.1054315878181136
src_gkf,M3_u_What_What_over_h,target_models,3,182,ilr_z2,-0.3812710159046805,-1.6559778948482413
src_gkf,M3_u_What_What_over_h,target_models,3,183,ilr_z2,-2.0975168160602387,-1.6631977857524065
src_gkf,M3_u_What_What_over_h,target_models,3,192,ilr_z2,-0.1113100533321576,-0.694901593627523
src_gkf,M3_u_What_What_over_h,target_models,3,193,ilr_z2,-0.474274868869831,-0.6682706422626482
src_gkf,M3_u_What_What_over_h,target_models,4,1,ilr_z2,-0.0692891450335584,0.21678282609192212
src_gkf,M3_u_What_What_over_h,target_models,4,6,ilr_z2,-1.94356293461084,-1.1748437667806106
src_gkf,M3_u_What_What_over_h,target_models,4,24,ilr_z2,-0.5464013923450972,-0.017723637223826305
src_gkf,M3_u_What_What_over_h,target_models,4,29,ilr_z2,-0.5972960389338273,-0.16272548749662413
src_gkf,M3_u_What_What_over_h,target_models,4,51,ilr_z2,-0.7375842381192994,-0.11786523189848586
src_gkf,M3_u_What_What_over_h,target_models,4,73,ilr_z2,-0.5316165113290052,-0.07897015004351071
src_gkf,M3_u_What_What_over_h,target_models,4,120,ilr_z2,-1.0981870534730027,-1.1838896671544559
src_gkf,M3_u_What_What_over_h,target_models,4,130,ilr_z2,-0.1934901388372158,-0.6479316361476883
src_gkf,M3_u_What_What_over_h,target_models,4,140,ilr_z2,-0.3867737094612926,-0.42188750459605134
src_gkf,M3_u_What_What_over_h,target_models,4,141,ilr_z2,-0.4725933192029717,-0.44319049803760835
src_gkf,M3_u_What_What_over_h,target_models,4,150,ilr_z2,-0.2525456694938448,-0.5722293741838312
src_gkf,M3_u_What_What_over_h,target_models,4,151,ilr_z2,-0.5620448925305433,-0.5876864382389921
src_gkf,M3_u_What_What_over_h,target_models,4,160,ilr_z2,-0.3107548375241632,-0.7331592638877851
src_gkf,M3_u_What_What_over_h,target_models,4,161,ilr_z2,-0.1572727872297372,-0.7456933632497499
src_gkf,M3_u_What_What_over_h,target_models,4,170,ilr_z2,-0.0247410900691029,0.06599011344091599
src_gkf,M3_u_What_What_over_h,target_models,4,171,ilr_z2,-0.0737937005648459,-0.05053223136130747
src_gkf,M3_u_What_What_over_h,target_models,4,180,ilr_z2,-1.4995081502942065,-1.7493385872838607
src_gkf,M3_u_What_What_over_h,target_models,4,181,ilr_z2,-0.6007342862334806,-1.7601189078299055
src_gkf,M3_u_What_What_over_h,target_models,4,190,ilr_z2,0.4656972323647224,0.06289953816488869
src_gkf,M3_u_What_What_over_h,target_models,4,191,ilr_z2,-0.2083022863756323,0.024058756564147243
src_gkf,M3_u_What_What_over_h,target_models,0,0,A2_8_16,0.036720770646403,0.17238750032616484
src_gkf,M3_u_What_What_over_h,target_models,0,5,A2_8_16,0.9554864475023206,0.8730192728036636
src_gkf,M3_u_What_What_over_h,target_models,0,13,A2_8_16,0.9553992553647612,0.8726156309458148
src_gkf,M3_u_What_What_over_h,target_models,0,28,A2_8_16,0.3652046962555679,0.23612691064046892
src_gkf,M3_u_What_What_over_h,target_models,0,50,A2_8_16,0.968531796740373,0.7966442300588925
src_gkf,M3_u_What_What_over_h,target_models,0,72,A2_8_16,0.2830216597611039,0.18027356006615064
src_gkf,M3_u_What_What_over_h,target_models,0,78,A2_8_16,0.9225443341069854,0.881703938188642
src_gkf,M3_u_What_What_over_h,target_models,0,128,A2_8_16,0.2058224448213799,0.4294222590744112
src_gkf,M3_u_What_What_over_h,target_models,0,138,A2_8_16,0.1424116865615261,0.12173079295418349
src_gkf,M3_u_What_What_over_h,target_models,0,148,A2_8_16,0.8280700095585045,0.3950252779785917
src_gkf,M3_u_What_What_over_h,target_models,0,149,A2_8_16,0.1094047470852526,0.4057212568213431
src_gkf,M3_u_What_What_over_h,target_models,0,158,A2_8_16,0.8997282243113676,0.61223584075637
src_gkf,M3_u_What_What_over_h,target_models,0,159,A2_8_16,0.906662852903617,0.6343324197574395
src_gkf,M3_u_What_What_over_h,target_models,0,168,A2_8_16,0.0994156775443189,0.14536327369564578
src_gkf,M3_u_What_What_over_h,target_models,0,169,A2_8_16,0.097587665196269,0.13748578011515827
src_gkf,M3_u_What_What_over_h,target_models,0,178,A2_8_16,0.172460089101729,0.4508142167599146
src_gkf,M3_u_What_What_over_h,target_models,0,179,A2_8_16,0.2284488983539017,0.4401182379171625
src_gkf,M3_u_What_What_over_h,target_models,0,188,A2_8_16,0.1067703608298211,0.12563093870472464
src_gkf,M3_u_What_What_over_h,target_models,0,189,A2_8_16,0.2393366975971487,0.14926341944618782
src_gkf,M3_u_What_What_over_h,target_models,0,198,A2_8_16,0.2957720351316506,0.40748471318552754
src_gkf,M3_u_What_What_over_h,target_models,0,199,A2_8_16,0.3726363977494947,0.41818069202827884
src_gkf,M3_u_What_What_over_h,target_models,1,4,A2_8_16,0.7663973995223651,0.6309599087221318
src_gkf,M3_u_What_What_over_h,target_models,1,12,A2_8_16,0.5767620748559564,0.6311622018473817
src_gkf,M3_u_What_What_over_h,target_models,1,27,A2_8_16,0.4289387730949569,0.2789477572189326
src_gkf,M3_u_What_What_over_h,target_models,1,49,A2_8_16,0.1529213376419045,0.4373968979717668
src_gkf,M3_u_What_What_over_h,target_models,1,54,A2_8_16,0.9009628591577852,0.8182497365780834
src_gkf,M3_u_What_What_over_h,target_models,1,77,A2_8_16,0.8985651245461259,0.7123882263882868
src_gkf,M3_u_What_What_over_h,target_models,1,126,A2_8_16,0.2904552971923126,0.2613282403236358
src_gkf,M3_u_What_What_over_h,target_models,1,136,A2_8_16,0.0137397427233426,0.11622081505017057
src_gkf,M3_u_What_What_over_h,target_models,1,146,A2_8_16,0.1449642119347632,0.16761909871715824
src_gkf,M3_u_What_What_over_h,target_models,1,147,A2_8_16,0.2034555409043313,0.19417610212711106
src_gkf,M3_u_What_What_over_h,target_models,1,156,A2_8_16,0.5005700460312731,0.6143139553185442
src_gkf,M3_u_What_What_over_h,target_models,1,157,A2_8_16,0.8479548796209171,0.6469403594808492
src_gkf,M3_u_What_What_over_h,target_models,1,166,A2_8_16,0.839874019631054,0.8775413161205594
src_gkf,M3_u_What_What_over_h,target_models,1,167,A2_8_16,0.9097755639079348,0.8279947698018659
src_gkf,M3_u_What_What_over_h,target_models,1,176,A2_8_16,0.614173452796375,0.4745957110763165
src_gkf,M3_u_What_What_over_h,target_models,1,177,A2_8_16,0.5292008183387338,0.4586196979258503
src_gkf,M3_u_What_What_over_h,target_models,1,186,A2_8_16,0.1398920757864579,0.2706124676922909
src_gkf,M3_u_What_What_over_h,target_models,1,187,A2_8_16,0.0839330958615748,0.2553108324031972
src_gkf,M3_u_What_What_over_h,target_models,1,196,A2_8_16,0.3743380418133872,0.3955335980657961
src_gkf,M3_u_What_What_over_h,target_models,1,197,A2_8_16,0.2879994399522551,0.4434616375171955
src_gkf,M3_u_What_What_over_h,target_models,2,3,A2_8_16,0.6848565322463434,0.6699950705303283
src_gkf,M3_u_What_What_over_h,target_models,2,11,A2_8_16,0.814635835404978,0.6394065700532542
src_gkf,M3_u_What_What_over_h,target_models,2,26,A2_8_16,0.3277592868738584,0.13049935108556204
src_gkf,M3_u_What_What_over_h,target_models,2,48,A2_8_16,0.1439422060414616,0.40879211736959054
src_gkf,M3_u_What_What_over_h,target_models,2,53,A2_8_16,0.1494548018772401,0.14901112337712064
src_gkf,M3_u_What_What_over_h,target_models,2,76,A2_8_16,0.083768854819673,0.22690266985799495
src_gkf,M3_u_What_What_over_h,target_models,2,124,A2_8_16,0.3621450261390208,0.2699625069887991
src_gkf,M3_u_What_What_over_h,target_models,2,134,A2_8_16,0.1202840571694714,0.1151391884279217
src_gkf,M3_u_What_What_over_h,target_models,2,144,A2_8_16,0.2757511201425458,0.1340259189095106
src_gkf,M3_u_What_What_over_h,target_models,2,145,A2_8_16,0.1384471986498286,0.1717993798726894
src_gkf,M3_u_What_What_over_h,target_models,2,154,A2_8_16,0.7523513143574082,0.28237136527896556
src_gkf,M3_u_What_What_over_h,target_models,2,155,A2_8_16,0.3496725676947528,0.2605695793885495
src_gkf,M3_u_What_What_over_h,target_models,2,164,A2_8_16,0.9582380550196586,0.8360953751420677
src_gkf,M3_u_What_What_over_h,target_models,2,165,A2_8_16,0.9755310556113246,0.8596461942777801
src_gkf,M3_u_What_What_over_h,target_models,2,174,A2_8_16,0.7674693265969352,0.9616310688754397
src_gkf,M3_u_What_What_over_h,target_models,2,175,A2_8_16,0.6893771332113418,0.8909786114683016
src_gkf,M3_u_What_What_over_h,target_models,2,184,A2_8_16,0.0813683298711656,0.1898220612302451
src_gkf,M3_u_What_What_over_h,target_models,2,185,A2_8_16,0.1527146446101141,0.16802027533982805
src_gkf,M3_u_What_What_over_h,target_models,2,194,A2_8_16,0.678886742368729,0.6982205113397482
src_gkf,M3_u_What_What_over_h,target_models,2,195,A2_8_16,0.8367731569721454,0.6749611977449186
src_gkf,M3_u_What_What_over_h,target_models,3,2,A2_8_16,0.2995539380411224,0.48666401007457183
src_gkf,M3_u_What_What_over_h,target_models,3,7,A2_8_16,0.9327131526105767,0.8286843823070816
src_gkf,M3_u_What_What_over_h,target_models,3,25,A2_8_16,0.6984861392748491,0.878317031697351
src_gkf,M3_u_What_What_over_h,target_models,3,30,A2_8_16,0.8450779829639314,0.6578770916134618
src_gkf,M3_u_What_What_over_h,target_models,3,52,A2_8_16,0.0120799449422375,0.15071456299704744
src_gkf,M3_u_What_What_over_h,target_models,3,74,A2_8_16,0.1678917533058013,0.5860062200360536
src_gkf,M3_u_What_What_over_h,target_models,3,122,A2_8_16,0.909510154376974,0.8000610426134582
src_gkf,M3_u_What_What_over_h,target_models,3,132,A2_8_16,0.4032794241209796,0.6114991905146145
src_gkf,M3_u_What_What_over_h,target_models,3,142,A2_8_16,0.5504001774406915,0.3075806897858866
src_gkf,M3_u_What_What_over_h,target_models,3,143,A2_8_16,0.4887500345928944,0.28400555327849597
src_gkf,M3_u_What_What_over_h,target_models,3,152,A2_8_16,0.1916593851968016,0.23243139178015448
src_gkf,M3_u_What_What_over_h,target_models,3,153,A2_8_16,0.4093289965880195,0.30315680130232736
src_gkf,M3_u_What_What_over_h,target_models,3,162,A2_8_16,0.4118082086874167,0.6902284115375662
src_gkf,M3_u_What_What_over_h,target_models,3,163,A2_8_16,0.7829337262209217,0.7149511679569687
src_gkf,M3_u_What_What_over_h,target_models,3,172,A2_8_16,0.8921688865244534,0.9221154579788033
src_gkf,M3_u_What_What_over_h,target_models,3,173,A2_8_16,0.9661076702374072,0.8971631775769976
src_gkf,M3_u_What_What_over_h,target_models,3,182,A2_8_16,0.7136233011207184,0.8727956387298814
src_gkf,M3_u_What_What_over_h,target_models,3,183,A2_8_16,0.9408544635622768,0.8478433583280767
src_gkf,M3_u_What_What_over_h,target_models,3,192,A2_8_16,0.753824022764901,0.6834593441369607
src_gkf,M3_u_What_What_over_h,target_models,3,193,A2_8_16,0.683685936277253,0.7576276133951689
src_gkf,M3_u_What_What_over_h,target_models,4,1,A2_8_16,0.1961232572137329,0.2083068456697606
src_gkf,M3_u_What_What_over_h,target_models,4,6,A2_8_16,0.9570384606388984,0.8619377871324061
src_gkf,M3_u_What_What_over_h,target_models,4,24,A2_8_16,0.1397929970599265,0.11165145495536877
src_gkf,M3_u_What_What_over_h,target_models,4,29,A2_8_16,0.6757951785952275,0.42774722369316565
src_gkf,M3_u_What_What_over_h,target_models,4,51,A2_8_16,0.12792012603282,0.1534886123685376
src_gkf,M3_u_What_What_over_h,target_models,4,73,A2_8_16,0.295870409956582,0.14123316823725324
src_gkf,M3_u_What_What_over_h,target_models,4,120,A2_8_16,0.8944943574816656,0.8789802992545455
src_gkf,M3_u_What_What_over_h,target_models,4,130,A2_8_16,0.4419164485789251,0.6488542006522918
src_gkf,M3_u_What_What_over_h,target_models,4,140,A2_8_16,0.2161409599196409,0.43194043689216877
src_gkf,M3_u_What_What_over_h,target_models,4,141,A2_8_16,0.3554970461969606,0.4213950338682827
src_gkf,M3_u_What_What_over_h,target_models,4,150,A2_8_16,0.2602332049451156,0.45018944442769115
src_gkf,M3_u_What_What_over_h,target_models,4,151,A2_8_16,0.092540025386341,0.43865746938382844
src_gkf,M3_u_What_What_over_h,target_models,4,160,A2_8_16,0.7199290861368496,0.7157428045658263
src_gkf,M3_u_What_What_over_h,target_models,4,161,A2_8_16,0.8205349159920327,0.7037175435119766
src_gkf,M3_u_What_What_over_h,target_models,4,170,A2_8_16,0.1742853627065956,0.129584855513944
src_gkf,M3_u_What_What_over_h,target_models,4,171,A2_8_16,0.1599474558842803,0.10682779462206737
src_gkf,M3_u_What_What_over_h,target_models,4,180,A2_8_16,0.876658817811322,0.9519965802819472
src_gkf,M3_u_What_What_over_h,target_models,4,181,A2_8_16,0.4323368626607115,0.9396753476221039
src_gkf,M3_u_What_What_over_h,target_models,4,190,A2_8_16,0.1571360648425355,0.10237955885626626
src_gkf,M3_u_What_What_over_h,target_models,4,191,A2_8_16,0.1248771653523978,0.09479387189230765
src_gkf,M3_u_What_What_over_h,target_models,0,0,angular_entropy_8_16,0.9336741740150308,0.920603860046136
src_gkf,M3_u_What_What_over_h,target_models,0,5,angular_entropy_8_16,0.2977525663111084,0.40953706047079796
src_gkf,M3_u_What_What_over_h,target_models,0,13,angular_entropy_8_16,0.3072768389189138,0.42022928743295207
src_gkf,M3_u_What_What_over_h,target_models,0,28,angular_entropy_8_16,0.8950148339178446,0.8947404647860139
src_gkf,M3_u_What_What_over_h,target_models,0,50,angular_entropy_8_16,0.2884001251722402,0.455548203052662
src_gkf,M3_u_What_What_over_h,target_models,0,72,angular_entropy_8_16,0.9313320998754409,0.8989926016239358
src_gkf,M3_u_What_What_over_h,target_models,0,78,angular_entropy_8_16,0.3692855088966826,0.3969750122504453
src_gkf,M3_u_What_What_over_h,target_models,0,128,angular_entropy_8_16,0.9260806406075238,0.7825507962842196
src_gkf,M3_u_What_What_over_h,target_models,0,138,angular_entropy_8_16,0.9291252861861126,0.9415214120196254
src_gkf,M3_u_What_What_over_h,target_models,0,148,angular_entropy_8_16,0.4855636245332228,0.820707529425734
src_gkf,M3_u_What_What_over_h,target_models,0,149,angular_entropy_8_16,0.8920301113985419,0.8099347009958303
src_gkf,M3_u_What_What_over_h,target_models,0,158,angular_entropy_8_16,0.443095790045536,0.6039242575406599
src_gkf,M3_u_What_What_over_h,target_models,0,159,angular_entropy_8_16,0.3175805320209709,0.5816631869109892
src_gkf,M3_u_What_What_over_h,target_models,0,168,angular_entropy_8_16,0.9489140989270426,0.9177878919682705
src_gkf,M3_u_What_What_over_h,target_models,0,169,angular_entropy_8_16,0.9460381156279748,0.9256990653187221
src_gkf,M3_u_What_What_over_h,target_models,0,178,angular_entropy_8_16,0.9018638342756242,0.761005139424412
src_gkf,M3_u_What_What_over_h,target_models,0,179,angular_entropy_8_16,0.9261454327046916,0.7717779678543161
src_gkf,M3_u_What_What_over_h,target_models,0,188,angular_entropy_8_16,0.920884974370498,0.946106541135191
src_gkf,M3_u_What_What_over_h,target_models,0,189,angular_entropy_8_16,0.9420986012995588,0.9223730210838355
src_gkf,M3_u_What_What_over_h,target_models,0,198,angular_entropy_8_16,0.9172874280680208,0.7839679729426748
src_gkf,M3_u_What_What_over_h,target_models,0,199,angular_entropy_8_16,0.8870591115502044,0.7731951445127713
src_gkf,M3_u_What_What_over_h,target_models,1,4,angular_entropy_8_16,0.4797589507759083,0.5997528982561156
src_gkf,M3_u_What_What_over_h,target_models,1,12,angular_entropy_8_16,0.8460415028747486,0.6085569184435131
src_gkf,M3_u_What_What_over_h,target_models,1,27,angular_entropy_8_16,0.7550180697432503,0.8232883312820117
src_gkf,M3_u_What_What_over_h,target_models,1,49,angular_entropy_8_16,0.8931434690263835,0.696130666529492
src_gkf,M3_u_What_What_over_h,target_models,1,54,angular_entropy_8_16,0.3680154583415413,0.44539257020252754
src_gkf,M3_u_What_What_over_h,target_models,1,77,angular_entropy_8_16,0.3569701574235101,0.5168419363821823
src_gkf,M3_u_What_What_over_h,target_models,1,126,angular_entropy_8_16,0.89885340511558,0.9221532895134751
src_gkf,M3_u_What_What_over_h,target_models,1,136,angular_entropy_8_16,0.934421785090228,0.9752063916281906
src_gkf,M3_u_What_What_over_h,target_models,1,146,angular_entropy_8_16,0.9231359438631118,0.952346341562111
src_gkf,M3_u_What_What_over_h,target_models,1,147,angular_entropy_8_16,0.9269865002523372,0.9209946402784022
src_gkf,M3_u_What_What_over_h,target_models,1,156,angular_entropy_8_16,0.6888607676843875,0.5887847264938109
src_gkf,M3_u_What_What_over_h,target_models,1,157,angular_entropy_8_16,0.4699264956424556,0.5544484134910779
src_gkf,M3_u_What_What_over_h,target_models,1,166,angular_entropy_8_16,0.5735781124762749,0.40693817027216833
src_gkf,M3_u_What_What_over_h,target_models,1,167,angular_entropy_8_16,0.3864674284362529,0.45874110094817044
src_gkf,M3_u_What_What_over_h,target_models,1,176,angular_entropy_8_16,0.6525457217288756,0.7120720571138136
src_gkf,M3_u_What_What_over_h,target_models,1,177,angular_entropy_8_16,0.7347081037517762,0.7290744018530121
src_gkf,M3_u_What_What_over_h,target_models,1,186,angular_entropy_8_16,0.9236751177150362,0.813216569916845
src_gkf,M3_u_What_What_over_h,target_models,1,187,angular_entropy_8_16,0.9195262355547972,0.8298872911317074
src_gkf,M3_u_What_What_over_h,target_models,1,196,angular_entropy_8_16,0.8308767765595593,0.772785212372141
src_gkf,M3_u_What_What_over_h,target_models,1,197,angular_entropy_8_16,0.9135802614189036,0.7217781781545455
src_gkf,M3_u_What_What_over_h,target_models,2,3,angular_entropy_8_16,0.4779772055305059,0.5718833527716219
src_gkf,M3_u_What_What_over_h,target_models,2,11,angular_entropy_8_16,0.4137629142447426,0.6017089883771065
src_gkf,M3_u_What_What_over_h,target_models,2,26,angular_entropy_8_16,0.9225450729133732,0.9406275096293446
src_gkf,M3_u_What_What_over_h,target_models,2,48,angular_entropy_8_16,0.920817709025902,0.7455871900385782
src_gkf,M3_u_What_What_over_h,target_models,2,53,angular_entropy_8_16,0.9549473698303074,0.9248720760043027
src_gkf,M3_u_What_What_over_h,target_models,2,76,angular_entropy_8_16,0.9276734581533804,0.8970308190394585
src_gkf,M3_u_What_What_over_h,target_models,2,124,angular_entropy_8_16,0.9147947212843128,0.8794078813861264
src_gkf,M3_u_What_What_over_h,target_models,2,134,angular_entropy_8_16,0.9256549829438804,0.9895024806636735
src_gkf,M3_u_What_What_over_h,target_models,2,144,angular_entropy_8_16,0.9229279357306308,0.9743918985024285
src_gkf,M3_u_What_What_over_h,target_models,2,145,angular_entropy_8_16,0.922783471297476,0.9441707341799377
src_gkf,M3_u_What_What_over_h,target_models,2,154,angular_entropy_8_16,0.670712883086662,0.8974767178451526
src_gkf,M3_u_What_What_over_h,target_models,2,155,angular_entropy_8_16,0.9125242508369932,0.9152258643318733
src_gkf,M3_u_What_What_over_h,target_models,2,164,angular_entropy_8_16,0.2978953473076548,0.45818915833102397
src_gkf,M3_u_What_What_over_h,target_models,2,165,angular_entropy_8_16,0.2891071456764625,0.43885687324901795
src_gkf,M3_u_What_What_over_h,target_models,2,174,angular_entropy_8_16,0.5122610972711229,0.37859552918135764
src_gkf,M3_u_What_What_over_h,target_models,2,175,angular_entropy_8_16,0.6689971221992281,0.43659238442737625
src_gkf,M3_u_What_What_over_h,target_models,2,184,angular_entropy_8_16,0.9037991223507064,0.9070672832921537
src_gkf,M3_u_What_What_over_h,target_models,2,185,angular_entropy_8_16,0.9311772202530342,0.9248164297788748
src_gkf,M3_u_What_What_over_h,target_models,2,194,angular_entropy_8_16,0.5879662490128611,0.5616467254722173
src_gkf,M3_u_What_What_over_h,target_models,2,195,angular_entropy_8_16,0.4632606662863817,0.5807151541216757
src_gkf,M3_u_What_What_over_h,target_models,3,2,angular_entropy_8_16,0.9205390814978176,0.7141880642462397
src_gkf,M3_u_What_What_over_h,target_models,3,7,angular_entropy_8_16,0.3347323640142271,0.45732843891471725
src_gkf,M3_u_What_What_over_h,target_models,3,25,angular_entropy_8_16,0.5816707058259681,0.382134398877453
src_gkf,M3_u_What_What_over_h,target_models,3,30,angular_entropy_8_16,0.4270172017517478,0.5625024806746821
src_gkf,M3_u_What_What_over_h,target_models,3,52,angular_entropy_8_16,0.9454630740160777,0.9216649657022642
src_gkf,M3_u_What_What_over_h,target_models,3,74,angular_entropy_8_16,0.8628655108189245,0.6245149725446166
src_gkf,M3_u_What_What_over_h,target_models,3,122,angular_entropy_8_16,0.3799420973435737,0.48940207489241677
src_gkf,M3_u_What_What_over_h,target_models,3,132,angular_entropy_8_16,0.7889791128491267,0.604894900769571
src_gkf,M3_u_What_What_over_h,target_models,3,142,angular_entropy_8_16,0.7039581650501197,0.8993671064497348
src_gkf,M3_u_What_What_over_h,target_models,3,143,angular_entropy_8_16,0.8428423390558621,0.9222845963835397
src_gkf,M3_u_What_What_over_h,target_models,3,152,angular_entropy_8_16,0.8968868497699488,0.9617874561782904
src_gkf,M3_u_What_What_over_h,target_models,3,153,angular_entropy_8_16,0.8461600288419651,0.8930349863768752
src_gkf,M3_u_What_What_over_h,target_models,3,162,angular_entropy_8_16,0.7431830317351423,0.5597781659145697
src_gkf,M3_u_What_What_over_h,target_models,3,163,angular_entropy_8_16,0.5337060876810991,0.535635650598706
src_gkf,M3_u_What_What_over_h,target_models,3,172,angular_entropy_8_16,0.3591420375657302,0.4063113666991653
src_gkf,M3_u_What_What_over_h,target_models,3,173,angular_entropy_8_16,0.2972264256107618,0.4306988870914413
src_gkf,M3_u_What_What_over_h,target_models,3,182,angular_entropy_8_16,0.6347594924442568,0.4003611801095296
src_gkf,M3_u_What_What_over_h,target_models,3,183,angular_entropy_8_16,0.3362955887065682,0.4247487005018052
src_gkf,M3_u_What_What_over_h,target_models,3,192,angular_entropy_8_16,0.5403562611206696,0.5676594482673012
src_gkf,M3_u_What_What_over_h,target_models,3,193,angular_entropy_8_16,0.555296814064717,0.49523190231970937
src_gkf,M3_u_What_What_over_h,target_models,4,1,angular_entropy_8_16,0.9344989266450388,0.922265385088596
src_gkf,M3_u_What_What_over_h,target_models,4,6,angular_entropy_8_16,0.3059312830097316,0.43751726152645254
src_gkf,M3_u_What_What_over_h,target_models,4,24,angular_entropy_8_16,0.9474204100320134,0.9490112929845882
src_gkf,M3_u_What_What_over_h,target_models,4,29,angular_entropy_8_16,0.6262326218701938,0.7379146463257016
src_gkf,M3_u_What_What_over_h,target_models,4,51,angular_entropy_8_16,0.9174741956782942,0.9160371773765628
src_gkf,M3_u_What_What_over_h,target_models,4,73,angular_entropy_8_16,0.9116719197777746,0.9422911362803355
src_gkf,M3_u_What_What_over_h,target_models,4,120,angular_entropy_8_16,0.3697450945985387,0.4658742596979984
src_gkf,M3_u_What_What_over_h,target_models,4,130,angular_entropy_8_16,0.7711020866117768,0.5853063376056863
src_gkf,M3_u_What_What_over_h,target_models,4,140,angular_entropy_8_16,0.9186711438978736,0.8313158311898678
src_gkf,M3_u_What_What_over_h,target_models,4,141,angular_entropy_8_16,0.8244759686032876,0.843087311829983
src_gkf,M3_u_What_What_over_h,target_models,4,150,angular_entropy_8_16,0.8955164962962591,0.7701586939042541
src_gkf,M3_u_What_What_over_h,target_models,4,151,angular_entropy_8_16,0.9379010426946844,0.7827641354502587
src_gkf,M3_u_What_What_over_h,target_models,4,160,angular_entropy_8_16,0.529106012565758,0.5425089934903209
src_gkf,M3_u_What_What_over_h,target_models,4,161,angular_entropy_8_16,0.4332499422431948,0.5555314154892699
src_gkf,M3_u_What_What_over_h,target_models,4,170,angular_entropy_8_16,0.9237814123548176,0.9185054556191927
src_gkf,M3_u_What_What_over_h,target_models,4,171,angular_entropy_8_16,0.9189652508805556,0.9463142493865342
src_gkf,M3_u_What_What_over_h,target_models,4,180,angular_entropy_8_16,0.4177840495857789,0.39419072258521065
src_gkf,M3_u_What_What_over_h,target_models,4,181,angular_entropy_8_16,0.7990186769658371,0.40746333285592673
src_gkf,M3_u_What_What_over_h,target_models,4,190,angular_entropy_8_16,0.9351595528240708,0.9527508481112917
src_gkf,M3_u_What_What_over_h,target_models,4,191,angular_entropy_8_16,0.8997282864766862,0.9620204460337388
src_gkf,M3_u_What_What_over_h,target_models,0,0,lambda_star_4_32,15.036163152530207,13.536042928704898
src_gkf,M3_u_What_What_over_h,target_models,0,5,lambda_star_4_32,9.476722768932733,9.89408055793162
src_gkf,M3_u_What_What_over_h,target_models,0,13,lambda_star_4_32,9.57889903024946,10.778321730014204
src_gkf,M3_u_What_What_over_h,target_models,0,28,lambda_star_4_32,16.448715843082976,12.008378931251029
src_gkf,M3_u_What_What_over_h,target_models,0,50,lambda_star_4_32,9.324161269491098,9.118689054083854
src_gkf,M3_u_What_What_over_h,target_models,0,72,lambda_star_4_32,14.56665793369415,13.269005434371602
src_gkf,M3_u_What_What_over_h,target_models,0,78,lambda_star_4_32,10.267739738899023,10.31490587775151
src_gkf,M3_u_What_What_over_h,target_models,0,128,lambda_star_4_32,10.626113959029189,13.344149504123562
src_gkf,M3_u_What_What_over_h,target_models,0,138,lambda_star_4_32,15.304477293099653,12.773911071703274
src_gkf,M3_u_What_What_over_h,target_models,0,148,lambda_star_4_32,13.505688064382563,14.124157462293235
src_gkf,M3_u_What_What_over_h,target_models,0,149,lambda_star_4_32,15.949985575742025,13.892645825777642
src_gkf,M3_u_What_What_over_h,target_models,0,158,lambda_star_4_32,11.444534053265324,10.35386223301526
src_gkf,M3_u_What_What_over_h,target_models,0,159,lambda_star_4_32,9.024660111865645,9.89958289950641
src_gkf,M3_u_What_What_over_h,target_models,0,168,lambda_star_4_32,9.864797093561378,11.974448887888657
src_gkf,M3_u_What_What_over_h,target_models,0,169,lambda_star_4_32,11.80156011694523,12.24093628249353
src_gkf,M3_u_What_What_over_h,target_models,0,178,lambda_star_4_32,12.712627116310939,12.881126231092392
src_gkf,M3_u_What_What_over_h,target_models,0,179,lambda_star_4_32,12.903457466297608,13.11263786760797
src_gkf,M3_u_What_What_over_h,target_models,0,188,lambda_star_4_32,11.805113379327635,12.802860436408192
src_gkf,M3_u_What_What_over_h,target_models,0,189,lambda_star_4_32,10.922526745032467,12.00339825259359
src_gkf,M3_u_What_What_over_h,target_models,0,198,lambda_star_4_32,10.775048279182267,11.201836622825603
src_gkf,M3_u_What_What_over_h,target_models,0,199,lambda_star_4_32,10.366167238577734,10.970324986310011
src_gkf,M3_u_What_What_over_h,target_models,1,4,lambda_star_4_32,8.748435560785481,11.030329671472465
src_gkf,M3_u_What_What_over_h,target_models,1,12,lambda_star_4_32,16.49892017171428,11.644840457518162
src_gkf,M3_u_What_What_over_h,target_models,1,27,lambda_star_4_32,10.15857296040633,11.592428901490482
src_gkf,M3_u_What_What_over_h,target_models,1,49,lambda_star_4_32,9.89823266090284,10.43129155381206
src_gkf,M3_u_What_What_over_h,target_models,1,54,lambda_star_4_32,11.975549042291357,10.3055749246647
src_gkf,M3_u_What_What_over_h,target_models,1,77,lambda_star_4_32,9.144133649393266,9.68420118642203
src_gkf,M3_u_What_What_over_h,target_models,1,126,lambda_star_4_32,12.950437243891914,15.250261042530685
src_gkf,M3_u_What_What_over_h,target_models,1,136,lambda_star_4_32,11.169791350259981,13.841758111542951
src_gkf,M3_u_What_What_over_h,target_models,1,146,lambda_star_4_32,13.238470411514887,14.34175038062175
src_gkf,M3_u_What_What_over_h,target_models,1,147,lambda_star_4_32,16.39308904929755,13.59255087538044
src_gkf,M3_u_What_What_over_h,target_models,1,156,lambda_star_4_32,10.716409207930754,10.848101425197125
src_gkf,M3_u_What_What_over_h,target_models,1,157,lambda_star_4_32,13.43765651228388,10.14533113873863
src_gkf,M3_u_What_What_over_h,target_models,1,166,lambda_star_4_32,9.909591159098213,10.142704741644769
src_gkf,M3_u_What_What_over_h,target_models,1,176,lambda_star_4_32,16.934453385495903,12.209815400611372
src_gkf,M3_u_What_What_over_h,target_models,1,177,lambda_star_4_32,10.025623028224507,12.563779944884109
src_gkf,M3_u_What_What_over_h,target_models,1,186,lambda_star_4_32,9.56283765931253,10.881662524146929
src_gkf,M3_u_What_What_over_h,target_models,1,187,lambda_star_4_32,9.390936745447487,11.240785870506647
src_gkf,M3_u_What_What_over_h,target_models,1,196,lambda_star_4_32,10.255244325789706,12.88247188967975
src_gkf,M3_u_What_What_over_h,target_models,1,197,lambda_star_4_32,10.02800697834505,11.820578256861538
src_gkf,M3_u_What_What_over_h,target_models,2,3,lambda_star_4_32,8.585566378279855,10.206435591049527
src_gkf,M3_u_What_What_over_h,target_models,2,11,lambda_star_4_32,10.595772488586423,11.41701456310078
src_gkf,M3_u_What_What_over_h,target_models,2,26,lambda_star_4_32,16.85114805181296,13.620770358102524
src_gkf,M3_u_What_What_over_h,target_models,2,48,lambda_star_4_32,9.708231566821965,10.28499434769752
src_gkf,M3_u_What_What_over_h,target_models,2,53,lambda_star_4_32,13.839279657921876,13.230783551607836
src_gkf,M3_u_What_What_over_h,target_models,2,76,lambda_star_4_32,12.662404172006315,12.849212770616326
src_gkf,M3_u_What_What_over_h,target_models,2,134,lambda_star_4_32,10.280225900836875,14.915136746116824
src_gkf,M3_u_What_What_over_h,target_models,2,144,lambda_star_4_32,19.21712122703679,14.552724477997131
src_gkf,M3_u_What_What_over_h,target_models,2,145,lambda_star_4_32,15.917534514704242,13.827899941757751
src_gkf,M3_u_What_What_over_h,target_models,2,154,lambda_star_4_32,18.23764737785915,12.95179274912729
src_gkf,M3_u_What_What_over_h,target_models,2,155,lambda_star_4_32,18.025408887417036,13.304298467738278
src_gkf,M3_u_What_What_over_h,target_models,2,164,lambda_star_4_32,10.149086117041653,10.328083482992913
src_gkf,M3_u_What_What_over_h,target_models,2,165,lambda_star_4_32,10.06947567876668,9.981521694087142
src_gkf,M3_u_What_What_over_h,target_models,2,174,lambda_star_4_32,10.192698599791559,9.293146073229906
src_gkf,M3_u_What_What_over_h,target_models,2,175,lambda_star_4_32,17.38592853614663,10.332831439947212
src_gkf,M3_u_What_What_over_h,target_models,2,184,lambda_star_4_32,10.889582183271099,11.265243007566836
src_gkf,M3_u_What_What_over_h,target_models,2,185,lambda_star_4_32,9.844185813333066,11.617748726177824
src_gkf,M3_u_What_What_over_h,target_models,2,194,lambda_star_4_32,9.64445815674146,10.076442437003026
src_gkf,M3_u_What_What_over_h,target_models,2,195,lambda_star_4_32,10.912131490668889,10.423994880859665
src_gkf,M3_u_What_What_over_h,target_models,3,2,lambda_star_4_32,8.978347929581629,10.820416632972826
src_gkf,M3_u_What_What_over_h,target_models,3,7,lambda_star_4_32,10.131741650392286,10.641865689042064
src_gkf,M3_u_What_What_over_h,target_models,3,25,lambda_star_4_32,9.448952183282888,8.788991720957748
src_gkf,M3_u_What_What_over_h,target_models,3,30,lambda_star_4_32,9.442777413200083,10.328602216362775
src_gkf,M3_u_What_What_over_h,target_models,3,52,lambda_star_4_32,13.657657525470372,12.7622798387585
src_gkf,M3_u_What_What_over_h,target_models,3,74,lambda_star_4_32,10.395135974354487,9.869084607099845
src_gkf,M3_u_What_What_over_h,target_models,3,122,lambda_star_4_32,11.266255756141158,11.273700972641157
src_gkf,M3_u_What_What_over_h,target_models,3,132,lambda_star_4_32,9.773721145239106,11.075693583912145
src_gkf,M3_u_What_What_over_h,target_models,3,142,lambda_star_4_32,13.686953355865574,16.47374596575293
src_gkf,M3_u_What_What_over_h,target_models,3,143,lambda_star_4_32,20.33910218473801,16.810831639446477
src_gkf,M3_u_What_What_over_h,target_models,3,153,lambda_star_4_32,17.17652433675191,13.693050294442918
src_gkf,M3_u_What_What_over_h,target_models,3,162,lambda_star_4_32,17.094888583756347,11.524879925305795
src_gkf,M3_u_What_What_over_h,target_models,3,163,lambda_star_4_32,11.185404169702867,11.19984204302433
src_gkf,M3_u_What_What_over_h,target_models,3,172,lambda_star_4_32,9.407459257280316,10.910623821837675
src_gkf,M3_u_What_What_over_h,target_models,3,173,lambda_star_4_32,10.56715703018984,11.233252145836715
src_gkf,M3_u_What_What_over_h,target_models,3,182,lambda_star_4_32,15.652923642651267,12.879584825133444
src_gkf,M3_u_What_What_over_h,target_models,3,183,lambda_star_4_32,11.121279222471847,13.202213149132493
src_gkf,M3_u_What_What_over_h,target_models,3,192,lambda_star_4_32,10.99798231417217,10.7378789671376
src_gkf,M3_u_What_What_over_h,target_models,3,193,lambda_star_4_32,9.511936587414986,9.76276532029321
src_gkf,M3_u_What_What_over_h,target_models,4,1,lambda_star_4_32,11.668512421861447,12.435557869972268
src_gkf,M3_u_What_What_over_h,target_models,4,6,lambda_star_4_32,10.03098145708803,10.937509130519217
src_gkf,M3_u_What_What_over_h,target_models,4,24,lambda_star_4_32,12.772355638285045,12.766603441184358
src_gkf,M3_u_What_What_over_h,target_models,4,29,lambda_star_4_32,11.469957883713992,11.125408415020358
src_gkf,M3_u_What_What_over_h,target_models,4,73,lambda_star_4_32,12.40952841173918,13.36487144171101
src_gkf,M3_u_What_What_over_h,target_models,4,120,lambda_star_4_32,10.003348406161974,12.206172269113345
src_gkf,M3_u_What_What_over_h,target_models,4,130,lambda_star_4_32,10.525656126642762,10.801982918288939
src_gkf,M3_u_What_What_over_h,target_models,4,140,lambda_star_4_32,14.266299800171103,17.874826725173968
src_gkf,M3_u_What_What_over_h,target_models,4,141,lambda_star_4_32,12.406930408458866,18.110158261962354
src_gkf,M3_u_What_What_over_h,target_models,4,150,lambda_star_4_32,13.19434205978971,14.606952007232296
src_gkf,M3_u_What_What_over_h,target_models,4,151,lambda_star_4_32,15.981702306235912,14.833153062258393
src_gkf,M3_u_What_What_over_h,target_models,4,160,lambda_star_4_32,8.957803609676962,11.591875700750847
src_gkf,M3_u_What_What_over_h,target_models,4,161,lambda_star_4_32,10.187201719133206,11.813511514895827
src_gkf,M3_u_What_What_over_h,target_models,4,170,lambda_star_4_32,10.992604555676673,11.87771222974879
src_gkf,M3_u_What_What_over_h,target_models,4,171,lambda_star_4_32,13.021054880614983,12.66588117597437
src_gkf,M3_u_What_What_over_h,target_models,4,180,lambda_star_4_32,11.81471575262988,14.266283720989193
src_gkf,M3_u_What_What_over_h,target_models,4,181,lambda_star_4_32,13.459631624030925,14.485180390605477
src_gkf,M3_u_What_What_over_h,target_models,4,190,lambda_star_4_32,9.720938860159308,12.328752910878716
src_gkf,M_GEO_What_h_eta,target_models,0,0,p_8_16,0.0342382099309782,0.18544468965848493
src_gkf,M_GEO_What_h_eta,target_models,0,5,p_8_16,0.9126072594872168,0.5352097500319105
src_gkf,M_GEO_What_h_eta,target_models,0,13,p_8_16,0.8570775630331313,0.5344099951798646
src_gkf,M_GEO_What_h_eta,target_models,0,28,p_8_16,0.2504962607918012,0.13814772734509662
src_gkf,M_GEO_What_h_eta,target_models,0,50,p_8_16,0.8998240927744701,0.5342965721431435
src_gkf,M_GEO_What_h_eta,target_models,0,72,p_8_16,0.2776858930884566,0.1796580097179258
src_gkf,M_GEO_What_h_eta,target_models,0,78,p_8_16,0.7115431096112693,0.5321576683935264
src_gkf,M_GEO_What_h_eta,target_models,0,128,p_8_16,0.0803054078882494,0.24216296754136585
src_gkf,M_GEO_What_h_eta,target_models,0,138,p_8_16,0.1847908933976274,0.185675939224908
src_gkf,M_GEO_What_h_eta,target_models,0,148,p_8_16,0.401710597995235,0.22916078326626133
src_gkf,M_GEO_What_h_eta,target_models,0,149,p_8_16,0.1328859474968257,0.2271548118664636
src_gkf,M_GEO_What_h_eta,target_models,0,158,p_8_16,0.4961240478265122,0.3793998820576942
src_gkf,M_GEO_What_h_eta,target_models,0,159,p_8_16,0.4015733472101155,0.3766677212304834
src_gkf,M_GEO_What_h_eta,target_models,0,168,p_8_16,0.1913327549278874,0.16430064135689956
src_gkf,M_GEO_What_h_eta,target_models,0,169,p_8_16,0.1842514902661812,0.1714257406462357
src_gkf,M_GEO_What_h_eta,target_models,0,178,p_8_16,0.1096771945811592,0.23815102474177044
src_gkf,M_GEO_What_h_eta,target_models,0,179,p_8_16,0.08059610386861,0.24015699614156813
src_gkf,M_GEO_What_h_eta,target_models,0,188,p_8_16,0.0702510568476217,0.1802837617000113
src_gkf,M_GEO_What_h_eta,target_models,0,189,p_8_16,0.1838437744363198,0.15890846383200297
src_gkf,M_GEO_What_h_eta,target_models,0,198,p_8_16,0.1707622685467746,0.23789618717426927
src_gkf,M_GEO_What_h_eta,target_models,0,199,p_8_16,0.1371810986872629,0.23589021577447156
src_gkf,M_GEO_What_h_eta,target_models,1,4,p_8_16,0.5602002984476983,0.4225504012606469
src_gkf,M_GEO_What_h_eta,target_models,1,12,p_8_16,0.1921998610687837,0.42028317461027254
src_gkf,M_GEO_What_h_eta,target_models,1,27,p_8_16,0.4235140119089293,0.11005658370623309
src_gkf,M_GEO_What_h_eta,target_models,1,49,p_8_16,0.2454664380648269,0.23843767155903461
src_gkf,M_GEO_What_h_eta,target_models,1,54,p_8_16,0.591649700692359,0.5906872649792092
src_gkf,M_GEO_What_h_eta,target_models,1,77,p_8_16,0.6823572333973394,0.39446345754260953
src_gkf,M_GEO_What_h_eta,target_models,1,126,p_8_16,0.0358979214122202,0.12988936582051896
src_gkf,M_GEO_What_h_eta,target_models,1,136,p_8_16,0.0563523977609129,0.19400190329351674
src_gkf,M_GEO_What_h_eta,target_models,1,146,p_8_16,0.1241892480864522,0.1339080135773072
src_gkf,M_GEO_What_h_eta,target_models,1,147,p_8_16,0.1558258281900654,0.112374849058541
src_gkf,M_GEO_What_h_eta,target_models,1,156,p_8_16,0.4358789631566422,0.41060680629762714
src_gkf,M_GEO_What_h_eta,target_models,1,157,p_8_16,0.2648002595102144,0.402703411788658
src_gkf,M_GEO_What_h_eta,target_models,1,166,p_8_16,0.6945002041668196,0.5709313173933979
src_gkf,M_GEO_What_h_eta,target_models,1,167,p_8_16,0.0301198360435335,0.5814234321558717
src_gkf,M_GEO_What_h_eta,target_models,1,176,p_8_16,0.1664049856670875,0.23220609672439407
src_gkf,M_GEO_What_h_eta,target_models,1,177,p_8_16,0.1705521628824458,0.23691500342386734
src_gkf,M_GEO_What_h_eta,target_models,1,186,p_8_16,0.1825270019056839,0.10762230343511045
src_gkf,M_GEO_What_h_eta,target_models,1,187,p_8_16,0.1519809787257946,0.11384562902456122
src_gkf,M_GEO_What_h_eta,target_models,1,196,p_8_16,0.0937627138652451,0.24573459975501083
src_gkf,M_GEO_What_h_eta,target_models,1,197,p_8_16,0.1036259524185608,0.23160787965659102
src_gkf,M_GEO_What_h_eta,target_models,2,3,p_8_16,0.6397237770389178,0.4162687522724483
src_gkf,M_GEO_What_h_eta,target_models,2,11,p_8_16,0.1400912351783912,0.41698272685922433
src_gkf,M_GEO_What_h_eta,target_models,2,26,p_8_16,0.1868192616154143,0.1707612916210154
src_gkf,M_GEO_What_h_eta,target_models,2,48,p_8_16,0.2767720104089806,0.2446054011412866
src_gkf,M_GEO_What_h_eta,target_models,2,53,p_8_16,0.2736571121857817,0.1546103616078062
src_gkf,M_GEO_What_h_eta,target_models,2,76,p_8_16,0.2692309609802786,0.13361514393776913
src_gkf,M_GEO_What_h_eta,target_models,2,124,p_8_16,0.0216273774759846,0.2409532999854051
src_gkf,M_GEO_What_h_eta,target_models,2,134,p_8_16,0.1717238418083919,0.14691202219904087
src_gkf,M_GEO_What_h_eta,target_models,2,144,p_8_16,0.0980992963841571,0.13684318667561812
src_gkf,M_GEO_What_h_eta,target_models,2,145,p_8_16,0.1444384491418675,0.1167055156287728
src_gkf,M_GEO_What_h_eta,target_models,2,154,p_8_16,0.0328626821146418,0.11732404891459353
src_gkf,M_GEO_What_h_eta,target_models,2,155,p_8_16,0.0416435958762092,0.12324341907084232
src_gkf,M_GEO_What_h_eta,target_models,2,164,p_8_16,0.6764301662347564,0.5761825811280354
src_gkf,M_GEO_What_h_eta,target_models,2,165,p_8_16,0.7778128600771657,0.5727528901920911
src_gkf,M_GEO_What_h_eta,target_models,2,174,p_8_16,0.5141086157929576,0.5826176655186868
src_gkf,M_GEO_What_h_eta,target_models,2,175,p_8_16,0.2465341404848374,0.5929067383265201
src_gkf,M_GEO_What_h_eta,target_models,2,184,p_8_16,0.0631820767179308,0.12574139001777324
src_gkf,M_GEO_What_h_eta,target_models,2,185,p_8_16,0.1389519509063684,0.131660760174022
src_gkf,M_GEO_What_h_eta,target_models,2,194,p_8_16,0.3517594854261314,0.4013928519064503
src_gkf,M_GEO_What_h_eta,target_models,2,195,p_8_16,0.2138727626229319,0.4052374893791122
src_gkf,M_GEO_What_h_eta,target_models,3,2,p_8_16,0.2105184725521856,0.23208442203324534
src_gkf,M_GEO_What_h_eta,target_models,3,7,p_8_16,0.8153931899623513,0.5685137980331832
src_gkf,M_GEO_What_h_eta,target_models,3,25,p_8_16,0.4732961296022142,0.5812020782597367
src_gkf,M_GEO_What_h_eta,target_models,3,30,p_8_16,0.4418353332682509,0.39912464548670934
src_gkf,M_GEO_What_h_eta,target_models,3,52,p_8_16,0.1684546978474572,0.15872357099276038
src_gkf,M_GEO_What_h_eta,target_models,3,74,p_8_16,0.377942131592927,0.2379586812644238
src_gkf,M_GEO_What_h_eta,target_models,3,122,p_8_16,0.4406507189391591,0.5794878253968935
src_gkf,M_GEO_What_h_eta,target_models,3,132,p_8_16,0.3514324181582739,0.3934561558527312
src_gkf,M_GEO_What_h_eta,target_models,3,142,p_8_16,0.1697483102128793,0.11451613012776432
src_gkf,M_GEO_What_h_eta,target_models,3,143,p_8_16,0.0670632467328167,0.11471138612771914
src_gkf,M_GEO_What_h_eta,target_models,3,152,p_8_16,0.0364217616612413,0.11487402286507833
src_gkf,M_GEO_What_h_eta,target_models,3,153,p_8_16,0.0287520199617658,0.11428825486521385
src_gkf,M_GEO_What_h_eta,target_models,3,162,p_8_16,0.0687775708107536,0.39197433335766085
src_gkf,M_GEO_What_h_eta,target_models,3,163,p_8_16,0.4710725716838595,0.39412433315374085
src_gkf,M_GEO_What_h_eta,target_models,3,172,p_8_16,0.7385844374380425,0.5771927851890224
src_gkf,M_GEO_What_h_eta,target_models,3,173,p_8_16,0.7192385949231982,0.5745737342337355
src_gkf,M_GEO_What_h_eta,target_models,3,182,p_8_16,0.2227624333178619,0.5895996926464231
src_gkf,M_GEO_What_h_eta,target_models,3,183,p_8_16,0.7202682584473413,0.5869806416911362
src_gkf,M_GEO_What_h_eta,target_models,3,192,p_8_16,0.2693234213407359,0.39794411232755217
src_gkf,M_GEO_What_h_eta,target_models,3,193,p_8_16,0.5261741447507422,0.4043941117157922
src_gkf,M_GEO_What_h_eta,target_models,4,1,p_8_16,0.2730637583192485,0.07140776170878466
src_gkf,M_GEO_What_h_eta,target_models,4,6,p_8_16,0.8934367400816127,0.5576313967829121
src_gkf,M_GEO_What_h_eta,target_models,4,24,p_8_16,0.2569624712389576,0.16717942512391643
src_gkf,M_GEO_What_h_eta,target_models,4,29,p_8_16,0.4925534341695751,0.2143797959398575
src_gkf,M_GEO_What_h_eta,target_models,4,51,p_8_16,0.034702128595685,0.16318792475288954
src_gkf,M_GEO_What_h_eta,target_models,4,73,p_8_16,0.0992533930074463,0.16686722764204523
src_gkf,M_GEO_What_h_eta,target_models,4,120,p_8_16,0.6385208994142718,0.565062281748048
src_gkf,M_GEO_What_h_eta,target_models,4,130,p_8_16,0.2186092713118247,0.3838626482145162
src_gkf,M_GEO_What_h_eta,target_models,4,140,p_8_16,0.3013360338424688,0.09823793291028998
src_gkf,M_GEO_What_h_eta,target_models,4,141,p_8_16,0.2359916126573756,0.09444001363733145
src_gkf,M_GEO_What_h_eta,target_models,4,150,p_8_16,0.1886239553165941,0.23320056567943626
src_gkf,M_GEO_What_h_eta,target_models,4,151,p_8_16,0.1255392642729608,0.22752573178166802
src_gkf,M_GEO_What_h_eta,target_models,4,160,p_8_16,0.5088771820307446,0.3919530732725164
src_gkf,M_GEO_What_h_eta,target_models,4,161,p_8_16,0.3550479848987524,0.3853397820623432
src_gkf,M_GEO_What_h_eta,target_models,4,170,p_8_16,0.3336929555162605,0.1624066556007136
src_gkf,M_GEO_What_h_eta,target_models,4,171,p_8_16,0.2025555550279888,0.1679051294051258
src_gkf,M_GEO_What_h_eta,target_models,4,180,p_8_16,0.4111016568530389,0.6062343600561639
src_gkf,M_GEO_What_h_eta,target_models,4,181,p_8_16,0.2658185167522623,0.5990579944585479
src_gkf,M_GEO_What_h_eta,target_models,4,190,p_8_16,0.2090658333441498,0.1646852482558369
src_gkf,M_GEO_What_h_eta,target_models,4,191,p_8_16,0.0024359757659457,0.16651807285730766
src_gkf,M_GEO_What_h_eta,target_models,0,0,ilr_z2,-0.1063306799927708,-0.2203264772332329
src_gkf,M_GEO_What_h_eta,target_models,0,5,ilr_z2,-1.940805301438366,-1.0463824625651008
src_gkf,M_GEO_What_h_eta,target_models,0,13,ilr_z2,-1.614473056844414,-1.0552934188008953
src_gkf,M_GEO_What_h_eta,target_models,0,28,ilr_z2,-0.6824863239163869,-0.03263306924621934
src_gkf,M_GEO_What_h_eta,target_models,0,50,ilr_z2,-1.7718920514165597,-1.0565571907102083
src_gkf,M_GEO_What_h_eta,target_models,0,72,ilr_z2,-0.5082702825940048,-0.21433110889069518
src_gkf,M_GEO_What_h_eta,target_models,0,78,ilr_z2,-1.3796513513227322,-1.0803890907689044
src_gkf,M_GEO_What_h_eta,target_models,0,128,ilr_z2,0.1414158584405125,-0.28102958507740683
src_gkf,M_GEO_What_h_eta,target_models,0,138,ilr_z2,0.1680977377995088,-0.22056606648717497
src_gkf,M_GEO_What_h_eta,target_models,0,148,ilr_z2,-1.0846568296883292,-0.33216384108953045
src_gkf,M_GEO_What_h_eta,target_models,0,149,ilr_z2,-0.5480851664681791,-0.3400528121223939
src_gkf,M_GEO_What_h_eta,target_models,0,158,ilr_z2,-0.5748897410971575,-0.6553676299219651
src_gkf,M_GEO_What_h_eta,target_models,0,159,ilr_z2,-0.2812695282973182,-0.6749633287174566
src_gkf,M_GEO_What_h_eta,target_models,0,168,ilr_z2,0.1405350564302773,-0.19841989882859273
src_gkf,M_GEO_What_h_eta,target_models,0,169,ilr_z2,-0.1987183265929584,-0.2058019547147868
src_gkf,M_GEO_What_h_eta,target_models,0,178,ilr_z2,-0.3004689083387473,-0.29680752714313385
src_gkf,M_GEO_What_h_eta,target_models,0,179,ilr_z2,-0.2103805063433689,-0.2889185561102704
src_gkf,M_GEO_What_h_eta,target_models,0,188,ilr_z2,0.4089178641829663,-0.21497942773020456
src_gkf,M_GEO_What_h_eta,target_models,0,189,ilr_z2,0.3408069820378084,-0.19283326007162255
src_gkf,M_GEO_What_h_eta,target_models,0,198,ilr_z2,0.2395243924105265,-0.29780973793652055
src_gkf,M_GEO_What_h_eta,target_models,0,199,ilr_z2,0.2216781958750436,-0.30569870896938406
src_gkf,M_GEO_What_h_eta,target_models,1,4,ilr_z2,-0.7349798880860732,-0.6271285783187385
src_gkf,M_GEO_What_h_eta,target_models,1,12,ilr_z2,-0.4873426315596991,-0.636170603815038
src_gkf,M_GEO_What_h_eta,target_models,1,27,ilr_z2,-0.8482571589845281,-0.048419223255325716
src_gkf,M_GEO_What_h_eta,target_models,1,49,ilr_z2,0.4084297996084903,-0.31894677930355997
src_gkf,M_GEO_What_h_eta,target_models,1,54,ilr_z2,-1.861872604120544,-1.10163709428916
src_gkf,M_GEO_What_h_eta,target_models,1,77,ilr_z2,-1.1400707101175642,-0.7391433436575667
src_gkf,M_GEO_What_h_eta,target_models,1,126,ilr_z2,0.1514234499286074,-0.017407934799065772
src_gkf,M_GEO_What_h_eta,target_models,1,136,ilr_z2,0.4252380211941015,-0.20537553115693008
src_gkf,M_GEO_What_h_eta,target_models,1,146,ilr_z2,-0.0911109063822424,-0.19238850526978768
src_gkf,M_GEO_What_h_eta,target_models,1,147,ilr_z2,-0.2928733932939545,-0.18773492457534519
src_gkf,M_GEO_What_h_eta,target_models,1,156,ilr_z2,-0.9637846254921072,-0.6747613503467432
src_gkf,M_GEO_What_h_eta,target_models,1,157,ilr_z2,-0.5841810634522199,-0.7062812227183969
src_gkf,M_GEO_What_h_eta,target_models,1,166,ilr_z2,-1.1747991448331432,-1.1974730174342532
src_gkf,M_GEO_What_h_eta,target_models,1,167,ilr_z2,-1.8398507875353969,-1.1465758635701628
src_gkf,M_GEO_What_h_eta,target_models,1,176,ilr_z2,-0.5854125650361839,-0.3371433646940627
src_gkf,M_GEO_What_h_eta,target_models,1,177,ilr_z2,-0.0236528747301991,-0.32339306478968566
src_gkf,M_GEO_What_h_eta,target_models,1,186,ilr_z2,0.7221347853067828,-0.052225555984448446
src_gkf,M_GEO_What_h_eta,target_models,1,187,ilr_z2,0.7842535575418991,-0.04249452864297093
src_gkf,M_GEO_What_h_eta,target_models,1,196,ilr_z2,0.3618674458676895,-0.297639295957882
src_gkf,M_GEO_What_h_eta,target_models,1,197,ilr_z2,0.5899138604097636,-0.3388901956710131
src_gkf,M_GEO_What_h_eta,target_models,2,3,ilr_z2,-0.8615461618228943,-0.6642314595283894
src_gkf,M_GEO_What_h_eta,target_models,2,11,ilr_z2,-1.0402091290257125,-0.6601952188990401
src_gkf,M_GEO_What_h_eta,target_models,2,26,ilr_z2,-0.6587406275693465,-0.13035724450706898
src_gkf,M_GEO_What_h_eta,target_models,2,48,ilr_z2,0.3640795136307608,-0.26501414567284026
src_gkf,M_GEO_What_h_eta,target_models,2,53,ilr_z2,-0.7207427361215213,-0.1303502498659047
src_gkf,M_GEO_What_h_eta,target_models,2,76,ilr_z2,-0.3573739449687065,-0.13034115726172363
src_gkf,M_GEO_What_h_eta,target_models,2,124,ilr_z2,-0.3102629865565866,-0.2805679073762138
src_gkf,M_GEO_What_h_eta,target_models,2,134,ilr_z2,0.2143441042381721,-0.1303469158707924
src_gkf,M_GEO_What_h_eta,target_models,2,144,ilr_z2,-0.3027621608401571,-0.1303425552617518
src_gkf,M_GEO_What_h_eta,target_models,2,145,ilr_z2,-0.3019965021691972,-0.13033383404367094
src_gkf,M_GEO_What_h_eta,target_models,2,154,ilr_z2,-0.4000705590825106,0.05468462462614315
src_gkf,M_GEO_What_h_eta,target_models,2,155,ilr_z2,-0.3930149251358204,0.06917283898525756
src_gkf,M_GEO_What_h_eta,target_models,2,164,ilr_z2,-1.5662458140815316,-1.2727633597910384
src_gkf,M_GEO_What_h_eta,target_models,2,165,ilr_z2,-1.8451569596223183,-1.2959471191310459
src_gkf,M_GEO_What_h_eta,target_models,2,174,ilr_z2,-0.3646944726413303,-1.2292639743852174
src_gkf,M_GEO_What_h_eta,target_models,2,175,ilr_z2,-1.467424952332843,-1.1597126963651951
src_gkf,M_GEO_What_h_eta,target_models,2,184,ilr_z2,0.3488021013448888,0.07528685746808045
src_gkf,M_GEO_What_h_eta,target_models,2,185,ilr_z2,0.7956564068517197,0.08977507182719485
src_gkf,M_GEO_What_h_eta,target_models,2,194,ilr_z2,0.0179663222611397,-0.7483278889636653
src_gkf,M_GEO_What_h_eta,target_models,2,195,ilr_z2,0.0779337797703519,-0.7265933871204733
src_gkf,M_GEO_What_h_eta,target_models,3,2,ilr_z2,0.5182216181845284,-0.15164541812261562
src_gkf,M_GEO_What_h_eta,target_models,3,7,ilr_z2,-1.6695954016433885,-1.192464618503845
src_gkf,M_GEO_What_h_eta,target_models,3,25,ilr_z2,-0.5036461443379504,-1.325689349356406
src_gkf,M_GEO_What_h_eta,target_models,3,30,ilr_z2,-0.2541646557020384,-0.7270250852841016
src_gkf,M_GEO_What_h_eta,target_models,3,52,ilr_z2,-0.4788069946524049,-0.1592980008076415
src_gkf,M_GEO_What_h_eta,target_models,3,74,ilr_z2,-0.1906594115687575,-0.24901116101752882
src_gkf,M_GEO_What_h_eta,target_models,3,122,ilr_z2,-1.311453182628654,-1.3076899930852885
src_gkf,M_GEO_What_h_eta,target_models,3,132,ilr_z2,-0.2458171955326751,-0.659288623187702
src_gkf,M_GEO_What_h_eta,target_models,3,142,ilr_z2,-0.480606705362266,0.12925511242917892
src_gkf,M_GEO_What_h_eta,target_models,3,143,ilr_z2,-0.3130092631134917,0.14590767860528447
src_gkf,M_GEO_What_h_eta,target_models,3,152,ilr_z2,-0.4809182251615883,0.15977828453885995
src_gkf,M_GEO_What_h_eta,target_models,3,153,ilr_z2,-0.5677240117208077,0.10982058601054318
src_gkf,M_GEO_What_h_eta,target_models,3,162,ilr_z2,-0.3653410610632664,-0.6415813643317858
src_gkf,M_GEO_What_h_eta,target_models,3,163,ilr_z2,-1.0196527553436392,-0.6672731074764648
src_gkf,M_GEO_What_h_eta,target_models,3,172,ilr_z2,-1.1143412015365697,-1.283592470920736
src_gkf,M_GEO_What_h_eta,target_models,3,173,ilr_z2,-1.210042262040108,-1.2560928923823427
src_gkf,M_GEO_What_h_eta,target_models,3,182,ilr_z2,-0.3812710159046805,-1.4138628367395591
src_gkf,M_GEO_What_h_eta,target_models,3,183,ilr_z2,-2.0975168160602387,-1.3863632582011651
src_gkf,M_GEO_What_h_eta,target_models,3,192,ilr_z2,-0.1113100533321576,-0.7129181282722262
src_gkf,M_GEO_What_h_eta,target_models,3,193,ilr_z2,-0.474274868869831,-0.7899933577062631
src_gkf,M_GEO_What_h_eta,target_models,4,1,ilr_z2,-0.0692891450335584,0.17469526509138228
src_gkf,M_GEO_What_h_eta,target_models,4,6,ilr_z2,-1.94356293461084,-1.0835958398920906
src_gkf,M_GEO_What_h_eta,target_models,4,24,ilr_z2,-0.5464013923450972,-0.13426487536985338
src_gkf,M_GEO_What_h_eta,target_models,4,29,ilr_z2,-0.5972960389338273,-0.2227596642443188
src_gkf,M_GEO_What_h_eta,target_models,4,51,ilr_z2,-0.7375842381192994,-0.13867159911011723
src_gkf,M_GEO_What_h_eta,target_models,4,73,ilr_z2,-0.5316165113290052,-0.1346095497847672
src_gkf,M_GEO_What_h_eta,target_models,4,120,ilr_z2,-1.0981870534730027,-1.1114180227445807
src_gkf,M_GEO_What_h_eta,target_models,4,130,ilr_z2,-0.1934901388372158,-0.6544940825366155
src_gkf,M_GEO_What_h_eta,target_models,4,140,ilr_z2,-0.3867737094612926,0.05069968128501884
src_gkf,M_GEO_What_h_eta,target_models,4,141,ilr_z2,-0.4725933192029717,0.06825175778736742
src_gkf,M_GEO_What_h_eta,target_models,4,150,ilr_z2,-0.2525456694938448,-0.2981387143511941
src_gkf,M_GEO_What_h_eta,target_models,4,151,ilr_z2,-0.5620448925305433,-0.2754104415628337
src_gkf,M_GEO_What_h_eta,target_models,4,160,ilr_z2,-0.3107548375241632,-0.6854650764413879
src_gkf,M_GEO_What_h_eta,target_models,4,161,ilr_z2,-0.1572727872297372,-0.6601487055100212
src_gkf,M_GEO_What_h_eta,target_models,4,170,ilr_z2,-0.0247410900691029,-0.1395341412622913
src_gkf,M_GEO_What_h_eta,target_models,4,171,ilr_z2,-0.0737937005648459,-0.13346367832935446
src_gkf,M_GEO_What_h_eta,target_models,4,180,ilr_z2,-1.4995081502942065,-1.265571545034302
src_gkf,M_GEO_What_h_eta,target_models,4,181,ilr_z2,-0.6007342862334806,-1.2387023152171317
src_gkf,M_GEO_What_h_eta,target_models,4,190,ilr_z2,0.4656972323647224,-0.13701851370013252
src_gkf,M_GEO_What_h_eta,target_models,4,191,ilr_z2,-0.2083022863756323,-0.1349950260558202
src_gkf,M_GEO_What_h_eta,target_models,0,0,A2_8_16,0.036720770646403,0.1594279374720426
src_gkf,M_GEO_What_h_eta,target_models,0,5,A2_8_16,0.9554864475023206,0.8413982469630188
src_gkf,M_GEO_What_h_eta,target_models,0,13,A2_8_16,0.9553992553647612,0.8421865955247436
src_gkf,M_GEO_What_h_eta,target_models,0,28,A2_8_16,0.3652046962555679,0.27662830473619104
src_gkf,M_GEO_What_h_eta,target_models,0,50,A2_8_16,0.968531796740373,0.842298400895648
src_gkf,M_GEO_What_h_eta,target_models,0,72,A2_8_16,0.2830216597611039,0.15821281655362635
src_gkf,M_GEO_What_h_eta,target_models,0,78,A2_8_16,0.9225443341069854,0.8444067991008792
src_gkf,M_GEO_What_h_eta,target_models,0,128,A2_8_16,0.2058224448213799,0.45302743463892137
src_gkf,M_GEO_What_h_eta,target_models,0,138,A2_8_16,0.1424116865615261,0.1594764966093064
src_gkf,M_GEO_What_h_eta,target_models,0,148,A2_8_16,0.8280700095585045,0.4566404871186869
src_gkf,M_GEO_What_h_eta,target_models,0,149,A2_8_16,0.1094047470852526,0.4571979073018676
src_gkf,M_GEO_What_h_eta,target_models,0,158,A2_8_16,0.8997282243113676,0.6453887831150094
src_gkf,M_GEO_What_h_eta,target_models,0,159,A2_8_16,0.906662852903617,0.6470170210386404
src_gkf,M_GEO_What_h_eta,target_models,0,168,A2_8_16,0.0994156775443189,0.15498798647161155
src_gkf,M_GEO_What_h_eta,target_models,0,169,A2_8_16,0.097587665196269,0.15648415651750985
src_gkf,M_GEO_What_h_eta,target_models,0,178,A2_8_16,0.172460089101729,0.45414227500528276
src_gkf,M_GEO_What_h_eta,target_models,0,179,A2_8_16,0.2284488983539017,0.4535848548221021
src_gkf,M_GEO_What_h_eta,target_models,0,188,A2_8_16,0.1067703608298211,0.15834421561681683
src_gkf,M_GEO_What_h_eta,target_models,0,189,A2_8_16,0.2393366975971487,0.15385570547912192
src_gkf,M_GEO_What_h_eta,target_models,0,198,A2_8_16,0.2957720351316506,0.4542130893766004
src_gkf,M_GEO_What_h_eta,target_models,0,199,A2_8_16,0.3726363977494947,0.45477050955978104
src_gkf,M_GEO_What_h_eta,target_models,1,4,A2_8_16,0.7663973995223651,0.6443500740284921
src_gkf,M_GEO_What_h_eta,target_models,1,12,A2_8_16,0.5767620748559564,0.644701012866495
src_gkf,M_GEO_What_h_eta,target_models,1,27,A2_8_16,0.4289387730949569,0.26582116636789443
src_gkf,M_GEO_What_h_eta,target_models,1,49,A2_8_16,0.1529213376419045,0.4478024886105782
src_gkf,M_GEO_What_h_eta,target_models,1,54,A2_8_16,0.9009628591577852,0.852526723673628
src_gkf,M_GEO_What_h_eta,target_models,1,77,A2_8_16,0.8985651245461259,0.6486975879348909
src_gkf,M_GEO_What_h_eta,target_models,1,126,A2_8_16,0.2904552971923126,0.26704192446532615
src_gkf,M_GEO_What_h_eta,target_models,1,136,A2_8_16,0.0137397427233426,0.16467846479805054
src_gkf,M_GEO_What_h_eta,target_models,1,146,A2_8_16,0.1449642119347632,0.1514361261159829
src_gkf,M_GEO_What_h_eta,target_models,1,147,A2_8_16,0.2034555409043313,0.14669106037301327
src_gkf,M_GEO_What_h_eta,target_models,1,156,A2_8_16,0.5005700460312731,0.646198795830173
src_gkf,M_GEO_What_h_eta,target_models,1,157,A2_8_16,0.8479548796209171,0.647422144225799
src_gkf,M_GEO_What_h_eta,target_models,1,166,A2_8_16,0.839874019631054,0.8571057603074862
src_gkf,M_GEO_What_h_eta,target_models,1,167,A2_8_16,0.9097755639079348,0.8546738963001876
src_gkf,M_GEO_What_h_eta,target_models,1,176,A2_8_16,0.614173452796375,0.448173155735454
src_gkf,M_GEO_What_h_eta,target_models,1,177,A2_8_16,0.5292008183387338,0.44789306010089636
src_gkf,M_GEO_What_h_eta,target_models,1,186,A2_8_16,0.1398920757864579,0.2656713302362177
src_gkf,M_GEO_What_h_eta,target_models,1,187,A2_8_16,0.0839330958615748,0.2660543917281707
src_gkf,M_GEO_What_h_eta,target_models,1,196,A2_8_16,0.3743380418133872,0.44736845203610065
src_gkf,M_GEO_What_h_eta,target_models,1,197,A2_8_16,0.2879994399522551,0.4482087389397737
src_gkf,M_GEO_What_h_eta,target_models,2,3,A2_8_16,0.6848565322463434,0.6419740609900049
src_gkf,M_GEO_What_h_eta,target_models,2,11,A2_8_16,0.814635835404978,0.6415768299715373
src_gkf,M_GEO_What_h_eta,target_models,2,26,A2_8_16,0.3277592868738584,0.14858470549013575
src_gkf,M_GEO_What_h_eta,target_models,2,48,A2_8_16,0.1439422060414616,0.43162136502201176
src_gkf,M_GEO_What_h_eta,target_models,2,53,A2_8_16,0.1494548018772401,0.14556388611644594
src_gkf,M_GEO_What_h_eta,target_models,2,76,A2_8_16,0.083768854819673,0.14163700634911297
src_gkf,M_GEO_What_h_eta,target_models,2,124,A2_8_16,0.3621450261390208,0.4329836774802241
src_gkf,M_GEO_What_h_eta,target_models,2,134,A2_8_16,0.1202840571694714,0.14412401282046738
src_gkf,M_GEO_What_h_eta,target_models,2,144,A2_8_16,0.2757511201425458,0.14224076935431557
src_gkf,M_GEO_What_h_eta,target_models,2,145,A2_8_16,0.1384471986498286,0.13847428242201199
src_gkf,M_GEO_What_h_eta,target_models,2,154,A2_8_16,0.7523513143574082,0.24002319668524866
src_gkf,M_GEO_What_h_eta,target_models,2,155,A2_8_16,0.3496725676947528,0.2392249280568631
src_gkf,M_GEO_What_h_eta,target_models,2,164,A2_8_16,0.9582380550196586,0.877652848353319
src_gkf,M_GEO_What_h_eta,target_models,2,165,A2_8_16,0.9755310556113246,0.880060024238427
src_gkf,M_GEO_What_h_eta,target_models,2,174,A2_8_16,0.7674693265969352,0.8731362956221485
src_gkf,M_GEO_What_h_eta,target_models,2,175,A2_8_16,0.6893771332113418,0.8659147679668244
src_gkf,M_GEO_What_h_eta,target_models,2,184,A2_8_16,0.0813683298711656,0.23888805913518427
src_gkf,M_GEO_What_h_eta,target_models,2,185,A2_8_16,0.1527146446101141,0.23808979050679868
src_gkf,M_GEO_What_h_eta,target_models,2,194,A2_8_16,0.678886742368729,0.6502505027043946
src_gkf,M_GEO_What_h_eta,target_models,2,195,A2_8_16,0.8367731569721454,0.6481114780287403
src_gkf,M_GEO_What_h_eta,target_models,3,2,A2_8_16,0.2995539380411224,0.4136450439607871
src_gkf,M_GEO_What_h_eta,target_models,3,7,A2_8_16,0.9327131526105767,0.8720699064167667
src_gkf,M_GEO_What_h_eta,target_models,3,25,A2_8_16,0.6984861392748491,0.8960362530594579
src_gkf,M_GEO_What_h_eta,target_models,3,30,A2_8_16,0.8450779829639314,0.652107132258331
src_gkf,M_GEO_What_h_eta,target_models,3,52,A2_8_16,0.0120799449422375,0.16010837337858108
src_gkf,M_GEO_What_h_eta,target_models,3,74,A2_8_16,0.1678917533058013,0.43082166504410224
src_gkf,M_GEO_What_h_eta,target_models,3,122,A2_8_16,0.909510154376974,0.8927982745776976
src_gkf,M_GEO_What_h_eta,target_models,3,132,A2_8_16,0.4032794241209796,0.6399997862269571
src_gkf,M_GEO_What_h_eta,target_models,3,142,A2_8_16,0.5504001774406915,0.2302944408262501
src_gkf,M_GEO_What_h_eta,target_models,3,143,A2_8_16,0.4887500345928944,0.22747635351114626
src_gkf,M_GEO_What_h_eta,target_models,3,152,A2_8_16,0.1916593851968016,0.22512905290769328
src_gkf,M_GEO_What_h_eta,target_models,3,153,A2_8_16,0.4093289965880195,0.23358331485300485
src_gkf,M_GEO_What_h_eta,target_models,3,162,A2_8_16,0.4118082086874167,0.6368347565870774
src_gkf,M_GEO_What_h_eta,target_models,3,163,A2_8_16,0.7829337262209217,0.6414269483664343
src_gkf,M_GEO_What_h_eta,target_models,3,172,A2_8_16,0.8921688865244534,0.8884632718666412
src_gkf,M_GEO_What_h_eta,target_models,3,173,A2_8_16,0.9661076702374072,0.8835162591944339
src_gkf,M_GEO_What_h_eta,target_models,3,182,A2_8_16,0.7136233011207184,0.911898145590945
src_gkf,M_GEO_What_h_eta,target_models,3,183,A2_8_16,0.9408544635622768,0.9069511329187374
src_gkf,M_GEO_What_h_eta,target_models,3,192,A2_8_16,0.753824022764901,0.6495856275220868
src_gkf,M_GEO_What_h_eta,target_models,3,193,A2_8_16,0.683685936277253,0.6633622028601576
src_gkf,M_GEO_What_h_eta,target_models,4,1,A2_8_16,0.1961232572137329,0.223021397625408
src_gkf,M_GEO_What_h_eta,target_models,4,6,A2_8_16,0.9570384606388984,0.8288149643298061
src_gkf,M_GEO_What_h_eta,target_models,4,24,A2_8_16,0.1397929970599265,0.1374689450041484
src_gkf,M_GEO_What_h_eta,target_models,4,29,A2_8_16,0.6757951785952275,0.44898543737857055
src_gkf,M_GEO_What_h_eta,target_models,4,51,A2_8_16,0.12792012603282,0.15167694140446059
src_gkf,M_GEO_What_h_eta,target_models,4,73,A2_8_16,0.295870409956582,0.13858023155965266
src_gkf,M_GEO_What_h_eta,target_models,4,120,A2_8_16,0.8944943574816656,0.8391420749605382
src_gkf,M_GEO_What_h_eta,target_models,4,130,A2_8_16,0.4419164485789251,0.6454567174248549
src_gkf,M_GEO_What_h_eta,target_models,4,140,A2_8_16,0.2161409599196409,0.2843399544146289
src_gkf,M_GEO_What_h_eta,target_models,4,141,A2_8_16,0.3554970461969606,0.27566006464162895
src_gkf,M_GEO_What_h_eta,target_models,4,150,A2_8_16,0.2602332049451156,0.48015587115029235
src_gkf,M_GEO_What_h_eta,target_models,4,151,A2_8_16,0.092540025386341,0.4707573695680789
src_gkf,M_GEO_What_h_eta,target_models,4,160,A2_8_16,0.7199290861368496,0.6573940127432696
src_gkf,M_GEO_What_h_eta,target_models,4,161,A2_8_16,0.8205349159920327,0.6476362052564493
src_gkf,M_GEO_What_h_eta,target_models,4,170,A2_8_16,0.1742853627065956,0.15445791804732034
src_gkf,M_GEO_What_h_eta,target_models,4,171,A2_8_16,0.1599474558842803,0.1348857550112431
src_gkf,M_GEO_What_h_eta,target_models,4,180,A2_8_16,0.876658817811322,0.8963611827222604
src_gkf,M_GEO_What_h_eta,target_models,4,181,A2_8_16,0.4323368626607115,0.8863877916926761
src_gkf,M_GEO_What_h_eta,target_models,4,190,A2_8_16,0.1571360648425355,0.14634712430250058
src_gkf,M_GEO_What_h_eta,target_models,4,191,A2_8_16,0.1248771653523978,0.1398230699571415
src_gkf,M_GEO_What_h_eta,target_models,0,0,angular_entropy_8_16,0.9336741740150308,0.9193290739874472
src_gkf,M_GEO_What_h_eta,target_models,0,5,angular_entropy_8_16,0.2977525663111084,0.4424371416439585
src_gkf,M_GEO_What_h_eta,target_models,0,13,angular_entropy_8_16,0.3072768389189138,0.4425618946589015
src_gkf,M_GEO_What_h_eta,target_models,0,28,angular_entropy_8_16,0.8950148339178446,0.8758335386206563
src_gkf,M_GEO_What_h_eta,target_models,0,50,angular_entropy_8_16,0.2884001251722402,0.44257958741282316
src_gkf,M_GEO_What_h_eta,target_models,0,72,angular_entropy_8_16,0.9313320998754409,0.9222657668544688
src_gkf,M_GEO_What_h_eta,target_models,0,78,angular_entropy_8_16,0.3692855088966826,0.44291323301779206
src_gkf,M_GEO_What_h_eta,target_models,0,128,angular_entropy_8_16,0.9260806406075238,0.7474861613105102
src_gkf,M_GEO_What_h_eta,target_models,0,138,angular_entropy_8_16,0.9291252861861126,0.9192117167188247
src_gkf,M_GEO_What_h_eta,target_models,0,148,angular_entropy_8_16,0.4855636245332228,0.752219937608012
src_gkf,M_GEO_What_h_eta,target_models,0,149,angular_entropy_8_16,0.8920301113985419,0.7529502625799485
src_gkf,M_GEO_What_h_eta,target_models,0,158,angular_entropy_8_16,0.443095790045536,0.5996374313901545
src_gkf,M_GEO_What_h_eta,target_models,0,159,angular_entropy_8_16,0.3175805320209709,0.6003766801348016
src_gkf,M_GEO_What_h_eta,target_models,0,168,angular_entropy_8_16,0.9489140989270426,0.9300595060253434
src_gkf,M_GEO_What_h_eta,target_models,0,169,angular_entropy_8_16,0.9460381156279748,0.9264435762565038
src_gkf,M_GEO_What_h_eta,target_models,0,178,angular_entropy_8_16,0.9018638342756242,0.7489468112543831
src_gkf,M_GEO_What_h_eta,target_models,0,179,angular_entropy_8_16,0.9261454327046916,0.7482164862824466
src_gkf,M_GEO_What_h_eta,target_models,0,188,angular_entropy_8_16,0.920884974370498,0.9219482028279128
src_gkf,M_GEO_What_h_eta,target_models,0,189,angular_entropy_8_16,0.9420986012995588,0.9327959921344313
src_gkf,M_GEO_What_h_eta,target_models,0,198,angular_entropy_8_16,0.9172874280680208,0.7490395913604966
src_gkf,M_GEO_What_h_eta,target_models,0,199,angular_entropy_8_16,0.8870591115502044,0.7497699163324331
src_gkf,M_GEO_What_h_eta,target_models,1,4,angular_entropy_8_16,0.4797589507759083,0.5961143345498489
src_gkf,M_GEO_What_h_eta,target_models,1,12,angular_entropy_8_16,0.8460415028747486,0.5954749359109555
src_gkf,M_GEO_What_h_eta,target_models,1,27,angular_entropy_8_16,0.7550180697432503,0.8945545867407425
src_gkf,M_GEO_What_h_eta,target_models,1,49,angular_entropy_8_16,0.8931434690263835,0.7547460960367068
src_gkf,M_GEO_What_h_eta,target_models,1,54,angular_entropy_8_16,0.3680154583415413,0.41934096482260774
src_gkf,M_GEO_What_h_eta,target_models,1,77,angular_entropy_8_16,0.3569701574235101,0.5881933119290963
src_gkf,M_GEO_What_h_eta,target_models,1,126,angular_entropy_8_16,0.89885340511558,0.8937578454550528
src_gkf,M_GEO_What_h_eta,target_models,1,136,angular_entropy_8_16,0.934421785090228,0.9249057981773035
src_gkf,M_GEO_What_h_eta,target_models,1,146,angular_entropy_8_16,0.9231359438631118,0.9415327385672814
src_gkf,M_GEO_What_h_eta,target_models,1,147,angular_entropy_8_16,0.9269865002523372,0.9474905929273819
src_gkf,M_GEO_What_h_eta,target_models,1,156,angular_entropy_8_16,0.6888607676843875,0.5927460262417281
src_gkf,M_GEO_What_h_eta,target_models,1,157,angular_entropy_8_16,0.4699264956424556,0.5905171270309509
src_gkf,M_GEO_What_h_eta,target_models,1,166,angular_entropy_8_16,0.5735781124762749,0.4115041527709744
src_gkf,M_GEO_What_h_eta,target_models,1,167,angular_entropy_8_16,0.3864674284362529,0.41566617694422786
src_gkf,M_GEO_What_h_eta,target_models,1,176,angular_entropy_8_16,0.6525457217288756,0.7538731686806952
src_gkf,M_GEO_What_h_eta,target_models,1,177,angular_entropy_8_16,0.7347081037517762,0.7545327986432573
src_gkf,M_GEO_What_h_eta,target_models,1,186,angular_entropy_8_16,0.9236751177150362,0.8946523789507193
src_gkf,M_GEO_What_h_eta,target_models,1,187,angular_entropy_8_16,0.9195262355547972,0.8944023696276282
src_gkf,M_GEO_What_h_eta,target_models,1,196,angular_entropy_8_16,0.8308767765595593,0.7557682595196376
src_gkf,M_GEO_What_h_eta,target_models,1,197,angular_entropy_8_16,0.9135802614189036,0.7537893696319515
src_gkf,M_GEO_What_h_eta,target_models,2,3,angular_entropy_8_16,0.4779772055305059,0.599770879277935
src_gkf,M_GEO_What_h_eta,target_models,2,11,angular_entropy_8_16,0.4137629142447426,0.6000950529603377
src_gkf,M_GEO_What_h_eta,target_models,2,26,angular_entropy_8_16,0.9225450729133732,0.9235280769716073
src_gkf,M_GEO_What_h_eta,target_models,2,48,angular_entropy_8_16,0.920817709025902,0.7675247554675625
src_gkf,M_GEO_What_h_eta,target_models,2,53,angular_entropy_8_16,0.9549473698303074,0.9287968999791794
src_gkf,M_GEO_What_h_eta,target_models,2,76,angular_entropy_8_16,0.9276734581533804,0.9356460464876717
src_gkf,M_GEO_What_h_eta,target_models,2,124,angular_entropy_8_16,0.9147947212843128,0.766569346095557
src_gkf,M_GEO_What_h_eta,target_models,2,134,angular_entropy_8_16,0.9256549829438804,0.9313082840148869
src_gkf,M_GEO_What_h_eta,target_models,2,144,angular_entropy_8_16,0.9229279357306308,0.9345929810708384
src_gkf,M_GEO_What_h_eta,target_models,2,145,angular_entropy_8_16,0.922783471297476,0.9411623751827416
src_gkf,M_GEO_What_h_eta,target_models,2,154,angular_entropy_8_16,0.670712883086662,0.9098283494943787
src_gkf,M_GEO_What_h_eta,target_models,2,155,angular_entropy_8_16,0.9125242508369932,0.9098971989807872
src_gkf,M_GEO_What_h_eta,target_models,2,164,angular_entropy_8_16,0.2978953473076548,0.4069615040729885
src_gkf,M_GEO_What_h_eta,target_models,2,165,angular_entropy_8_16,0.2891071456764625,0.40488052666116386
src_gkf,M_GEO_What_h_eta,target_models,2,174,angular_entropy_8_16,0.5122610972711229,0.41086601486134694
src_gkf,M_GEO_What_h_eta,target_models,2,175,angular_entropy_8_16,0.6689971221992281,0.4171089470968207
src_gkf,M_GEO_What_h_eta,target_models,2,184,angular_entropy_8_16,0.9037991223507064,0.9099262534261454
src_gkf,M_GEO_What_h_eta,target_models,2,185,angular_entropy_8_16,0.9311772202530342,0.9099951029125539
src_gkf,M_GEO_What_h_eta,target_models,2,194,angular_entropy_8_16,0.5879662490128611,0.5930166117031233
src_gkf,M_GEO_What_h_eta,target_models,2,195,angular_entropy_8_16,0.4632606662863817,0.5947622344607119
src_gkf,M_GEO_What_h_eta,target_models,3,2,angular_entropy_8_16,0.9205390814978176,0.7814747232566045
src_gkf,M_GEO_What_h_eta,target_models,3,7,angular_entropy_8_16,0.3347323640142271,0.4159514040937969
src_gkf,M_GEO_What_h_eta,target_models,3,25,angular_entropy_8_16,0.5816707058259681,0.391997432976402
src_gkf,M_GEO_What_h_eta,target_models,3,30,angular_entropy_8_16,0.4270172017517478,0.5900225946473564
src_gkf,M_GEO_What_h_eta,target_models,3,52,angular_entropy_8_16,0.9454630740160777,0.9280986806959938
src_gkf,M_GEO_What_h_eta,target_models,3,74,angular_entropy_8_16,0.8628655108189245,0.7646009509800201
src_gkf,M_GEO_What_h_eta,target_models,3,122,angular_entropy_8_16,0.3799420973435737,0.39523373946012247
src_gkf,M_GEO_What_h_eta,target_models,3,132,angular_entropy_8_16,0.7889791128491267,0.6020559888035798
src_gkf,M_GEO_What_h_eta,target_models,3,142,angular_entropy_8_16,0.7039581650501197,0.9159906089033006
src_gkf,M_GEO_What_h_eta,target_models,3,143,angular_entropy_8_16,0.8428423390558621,0.9186531735744855
src_gkf,M_GEO_What_h_eta,target_models,3,152,angular_entropy_8_16,0.8968868497699488,0.9208709329838226
src_gkf,M_GEO_What_h_eta,target_models,3,153,angular_entropy_8_16,0.8461600288419651,0.9128832389702679
src_gkf,M_GEO_What_h_eta,target_models,3,162,angular_entropy_8_16,0.7431830317351423,0.6052016863886747
src_gkf,M_GEO_What_h_eta,target_models,3,163,angular_entropy_8_16,0.5337060876810991,0.6006375437946846
src_gkf,M_GEO_What_h_eta,target_models,3,172,angular_entropy_8_16,0.3591420375657302,0.3995665037016903
src_gkf,M_GEO_What_h_eta,target_models,3,173,angular_entropy_8_16,0.2972264256107618,0.4045109618802413
src_gkf,M_GEO_What_h_eta,target_models,3,182,angular_entropy_8_16,0.6347594924442568,0.3761437310655047
src_gkf,M_GEO_What_h_eta,target_models,3,183,angular_entropy_8_16,0.3362955887065682,0.38108818924405585
src_gkf,M_GEO_What_h_eta,target_models,3,192,angular_entropy_8_16,0.5403562611206696,0.5925286979898547
src_gkf,M_GEO_What_h_eta,target_models,3,193,angular_entropy_8_16,0.555296814064717,0.5788362702078846
src_gkf,M_GEO_What_h_eta,target_models,4,1,angular_entropy_8_16,0.9344989266450388,0.9247180356549517
src_gkf,M_GEO_What_h_eta,target_models,4,6,angular_entropy_8_16,0.3059312830097316,0.4490638842303535
src_gkf,M_GEO_What_h_eta,target_models,4,24,angular_entropy_8_16,0.9474204100320134,0.9402077718944527
src_gkf,M_GEO_What_h_eta,target_models,4,29,angular_entropy_8_16,0.6262326218701938,0.7557227045422056
src_gkf,M_GEO_What_h_eta,target_models,4,51,angular_entropy_8_16,0.9174741956782942,0.9321058646489043
src_gkf,M_GEO_What_h_eta,target_models,4,73,angular_entropy_8_16,0.9116719197777746,0.939574076590608
src_gkf,M_GEO_What_h_eta,target_models,4,120,angular_entropy_8_16,0.3697450945985387,0.4404474769236941
src_gkf,M_GEO_What_h_eta,target_models,4,130,angular_entropy_8_16,0.7711020866117768,0.5987339947419842
src_gkf,M_GEO_What_h_eta,target_models,4,140,angular_entropy_8_16,0.9186711438978736,0.8781217370838114
src_gkf,M_GEO_What_h_eta,target_models,4,141,angular_entropy_8_16,0.8244759686032876,0.8847176316482834
src_gkf,M_GEO_What_h_eta,target_models,4,150,angular_entropy_8_16,0.8955164962962591,0.7306681501824117
src_gkf,M_GEO_What_h_eta,target_models,4,151,angular_entropy_8_16,0.9379010426946844,0.7382225932972137
src_gkf,M_GEO_What_h_eta,target_models,4,160,angular_entropy_8_16,0.529106012565758,0.5889058794488455
src_gkf,M_GEO_What_h_eta,target_models,4,161,angular_entropy_8_16,0.4332499422431948,0.5969395968388127
src_gkf,M_GEO_What_h_eta,target_models,4,170,angular_entropy_8_16,0.9237814123548176,0.9305200523937723
src_gkf,M_GEO_What_h_eta,target_models,4,171,angular_entropy_8_16,0.9189652508805556,0.941680799134218
src_gkf,M_GEO_What_h_eta,target_models,4,180,angular_entropy_8_16,0.4177840495857789,0.39270681103681343
src_gkf,M_GEO_What_h_eta,target_models,4,181,angular_entropy_8_16,0.7990186769658371,0.40102809299187947
src_gkf,M_GEO_What_h_eta,target_models,4,190,angular_entropy_8_16,0.9351595528240708,0.935145116812205
src_gkf,M_GEO_What_h_eta,target_models,4,191,angular_entropy_8_16,0.8997282864766862,0.9388653657256869
src_gkf,M_GEO_What_h_eta,target_models,0,0,lambda_star_4_32,15.036163152530207,13.10903279246292
src_gkf,M_GEO_What_h_eta,target_models,0,5,lambda_star_4_32,9.476722768932733,11.032529268369242
src_gkf,M_GEO_What_h_eta,target_models,0,13,lambda_star_4_32,9.57889903024946,11.119855997218774
src_gkf,M_GEO_What_h_eta,target_models,0,28,lambda_star_4_32,16.448715843082976,12.289645703902957
src_gkf,M_GEO_What_h_eta,target_models,0,50,lambda_star_4_32,9.324161269491098,11.1322408708431
src_gkf,M_GEO_What_h_eta,target_models,0,72,lambda_star_4_32,14.56665793369415,13.182743967482908
src_gkf,M_GEO_What_h_eta,target_models,0,78,lambda_star_4_32,10.267739738899023,11.365791773723204
src_gkf,M_GEO_What_h_eta,target_models,0,128,lambda_star_4_32,10.626113959029189,11.755114406864438
src_gkf,M_GEO_What_h_eta,target_models,0,138,lambda_star_4_32,15.304477293099653,13.106087117665107
src_gkf,M_GEO_What_h_eta,target_models,0,148,lambda_star_4_32,13.505688064382563,12.432425693478578
src_gkf,M_GEO_What_h_eta,target_models,0,149,lambda_star_4_32,15.949985575742025,12.536920987573863
src_gkf,M_GEO_What_h_eta,target_models,0,158,lambda_star_4_32,11.444534053265324,11.522275226901964
src_gkf,M_GEO_What_h_eta,target_models,0,159,lambda_star_4_32,9.024660111865645,11.734699622659628
src_gkf,M_GEO_What_h_eta,target_models,0,168,lambda_star_4_32,9.864797093561378,13.378367309145844
src_gkf,M_GEO_What_h_eta,target_models,0,169,lambda_star_4_32,11.80156011694523,13.287607245318933
src_gkf,M_GEO_What_h_eta,target_models,0,178,lambda_star_4_32,12.712627116310939,11.964104995055008
src_gkf,M_GEO_What_h_eta,target_models,0,179,lambda_star_4_32,12.903457466297608,11.859609700959723
src_gkf,M_GEO_What_h_eta,target_models,0,188,lambda_star_4_32,11.805113379327635,13.17477309051297
src_gkf,M_GEO_What_h_eta,target_models,0,189,lambda_star_4_32,10.922526745032467,13.447053281993707
src_gkf,M_GEO_What_h_eta,target_models,0,198,lambda_star_4_32,10.775048279182267,11.97738002308644
src_gkf,M_GEO_What_h_eta,target_models,0,199,lambda_star_4_32,10.366167238577734,12.081875317181725
src_gkf,M_GEO_What_h_eta,target_models,1,4,lambda_star_4_32,8.748435560785481,11.392257059742736
src_gkf,M_GEO_What_h_eta,target_models,1,12,lambda_star_4_32,16.49892017171428,11.43897729130811
src_gkf,M_GEO_What_h_eta,target_models,1,27,lambda_star_4_32,10.15857296040633,12.581660429975274
src_gkf,M_GEO_What_h_eta,target_models,1,49,lambda_star_4_32,9.89823266090284,12.1280558154045
src_gkf,M_GEO_What_h_eta,target_models,1,54,lambda_star_4_32,11.975549042291357,11.3276544592687
src_gkf,M_GEO_What_h_eta,target_models,1,77,lambda_star_4_32,9.144133649393266,11.971038415481312
src_gkf,M_GEO_What_h_eta,target_models,1,126,lambda_star_4_32,12.950437243891914,12.333226261506898
src_gkf,M_GEO_What_h_eta,target_models,1,136,lambda_star_4_32,11.169791350259981,12.906766016371272
src_gkf,M_GEO_What_h_eta,target_models,1,146,lambda_star_4_32,13.238470411514887,13.303081125361112
src_gkf,M_GEO_What_h_eta,target_models,1,147,lambda_star_4_32,16.39308904929755,13.445090878489957
src_gkf,M_GEO_What_h_eta,target_models,1,156,lambda_star_4_32,10.716409207930754,11.638376044936901
src_gkf,M_GEO_What_h_eta,target_models,1,157,lambda_star_4_32,13.43765651228388,11.801239524664684
src_gkf,M_GEO_What_h_eta,target_models,1,166,lambda_star_4_32,9.909591159098213,11.791572570810159
src_gkf,M_GEO_What_h_eta,target_models,1,176,lambda_star_4_32,16.934453385495903,12.234286089607915
src_gkf,M_GEO_What_h_eta,target_models,1,177,lambda_star_4_32,10.025623028224507,12.154012890110632
src_gkf,M_GEO_What_h_eta,target_models,1,186,lambda_star_4_32,9.56283765931253,12.612153297364753
src_gkf,M_GEO_What_h_eta,target_models,1,187,lambda_star_4_32,9.390936745447487,12.534197178600683
src_gkf,M_GEO_What_h_eta,target_models,1,196,lambda_star_4_32,10.255244325789706,12.003664356797245
src_gkf,M_GEO_What_h_eta,target_models,1,197,lambda_star_4_32,10.02800697834505,12.244483955289095
src_gkf,M_GEO_What_h_eta,target_models,2,3,lambda_star_4_32,8.585566378279855,11.233762982458543
src_gkf,M_GEO_What_h_eta,target_models,2,11,lambda_star_4_32,10.595772488586423,11.213658556228523
src_gkf,M_GEO_What_h_eta,target_models,2,26,lambda_star_4_32,16.85114805181296,12.687656542396482
src_gkf,M_GEO_What_h_eta,target_models,2,48,lambda_star_4_32,9.708231566821965,11.917333750623696
src_gkf,M_GEO_What_h_eta,target_models,2,53,lambda_star_4_32,13.839279657921876,12.850566647694896
src_gkf,M_GEO_What_h_eta,target_models,2,76,lambda_star_4_32,12.662404172006315,13.062339785129797
src_gkf,M_GEO_What_h_eta,target_models,2,134,lambda_star_4_32,10.280225900836875,12.928217735445209
src_gkf,M_GEO_What_h_eta,target_models,2,144,lambda_star_4_32,19.21712122703679,13.029779382608043
src_gkf,M_GEO_What_h_eta,target_models,2,145,lambda_star_4_32,15.917534514704242,13.232902676933712
src_gkf,M_GEO_What_h_eta,target_models,2,154,lambda_star_4_32,18.23764737785915,12.407353275501274
src_gkf,M_GEO_What_h_eta,target_models,2,155,lambda_star_4_32,18.025408887417036,12.301326674474545
src_gkf,M_GEO_What_h_eta,target_models,2,164,lambda_star_4_32,10.149086117041653,11.337792910946165
src_gkf,M_GEO_What_h_eta,target_models,2,165,lambda_star_4_32,10.06947567876668,11.446498484291231
src_gkf,M_GEO_What_h_eta,target_models,2,174,lambda_star_4_32,10.192698599791559,11.133830060860085
src_gkf,M_GEO_What_h_eta,target_models,2,175,lambda_star_4_32,17.38592853614663,10.80771334082489
src_gkf,M_GEO_What_h_eta,target_models,2,184,lambda_star_4_32,10.889582183271099,12.256583507215945
src_gkf,M_GEO_What_h_eta,target_models,2,185,lambda_star_4_32,9.844185813333066,12.150556906189218
src_gkf,M_GEO_What_h_eta,target_models,2,194,lambda_star_4_32,9.64445815674146,11.652645456782729
src_gkf,M_GEO_What_h_eta,target_models,2,195,lambda_star_4_32,10.912131490668889,11.544386378824052
src_gkf,M_GEO_What_h_eta,target_models,3,2,lambda_star_4_32,8.978347929581629,11.770210763814442
src_gkf,M_GEO_What_h_eta,target_models,3,7,lambda_star_4_32,10.131741650392286,11.143595461317112
src_gkf,M_GEO_What_h_eta,target_models,3,25,lambda_star_4_32,9.448952183282888,11.38347863051887
src_gkf,M_GEO_What_h_eta,target_models,3,30,lambda_star_4_32,9.442777413200083,11.610666655666689
src_gkf,M_GEO_What_h_eta,target_models,3,52,lambda_star_4_32,13.657657525470372,12.889706502564763
src_gkf,M_GEO_What_h_eta,target_models,3,74,lambda_star_4_32,10.395135974354487,11.974576555950616
src_gkf,M_GEO_What_h_eta,target_models,3,122,lambda_star_4_32,11.266255756141158,11.351069162710031
src_gkf,M_GEO_What_h_eta,target_models,3,132,lambda_star_4_32,9.773721145239106,11.482011164745826
src_gkf,M_GEO_What_h_eta,target_models,3,142,lambda_star_4_32,13.686953355865574,12.276863088780553
src_gkf,M_GEO_What_h_eta,target_models,3,143,lambda_star_4_32,20.33910218473801,12.231654248140913
src_gkf,M_GEO_What_h_eta,target_models,3,153,lambda_star_4_32,17.17652433675191,12.329624470928831
src_gkf,M_GEO_What_h_eta,target_models,3,162,lambda_star_4_32,17.094888583756347,11.448378819470271
src_gkf,M_GEO_What_h_eta,target_models,3,163,lambda_star_4_32,11.185404169702867,11.497176523462949
src_gkf,M_GEO_What_h_eta,target_models,3,172,lambda_star_4_32,9.407459257280316,11.307679396037207
src_gkf,M_GEO_What_h_eta,target_models,3,173,lambda_star_4_32,10.56715703018984,11.25816391937392
src_gkf,M_GEO_What_h_eta,target_models,3,182,lambda_star_4_32,15.652923642651267,11.542242963970216
src_gkf,M_GEO_What_h_eta,target_models,3,183,lambda_star_4_32,11.121279222471847,11.49272748730693
src_gkf,M_GEO_What_h_eta,target_models,3,192,lambda_star_4_32,10.99798231417217,11.583872556542063
src_gkf,M_GEO_What_h_eta,target_models,3,193,lambda_star_4_32,9.511936587414986,11.730265668520097
src_gkf,M_GEO_What_h_eta,target_models,4,1,lambda_star_4_32,11.668512421861447,12.351657424624738
src_gkf,M_GEO_What_h_eta,target_models,4,6,lambda_star_4_32,10.03098145708803,11.194379994931756
src_gkf,M_GEO_What_h_eta,target_models,4,24,lambda_star_4_32,12.772355638285045,13.208685004312295
src_gkf,M_GEO_What_h_eta,target_models,4,29,lambda_star_4_32,11.469957883713992,12.003218114286828
src_gkf,M_GEO_What_h_eta,target_models,4,73,lambda_star_4_32,12.40952841173918,13.210884309611265
src_gkf,M_GEO_What_h_eta,target_models,4,120,lambda_star_4_32,10.003348406161974,11.223386488299846
src_gkf,M_GEO_What_h_eta,target_models,4,130,lambda_star_4_32,10.525656126642762,11.611525184546135
src_gkf,M_GEO_What_h_eta,target_models,4,140,lambda_star_4_32,14.266299800171103,12.509547126976095
src_gkf,M_GEO_What_h_eta,target_models,4,141,lambda_star_4_32,12.406930408458866,12.487197200877665
src_gkf,M_GEO_What_h_eta,target_models,4,150,lambda_star_4_32,13.19434205978971,12.087776636086307
src_gkf,M_GEO_What_h_eta,target_models,4,151,lambda_star_4_32,15.981702306235912,12.062280571233881
src_gkf,M_GEO_What_h_eta,target_models,4,160,lambda_star_4_32,8.957803609676962,11.644640436076447
src_gkf,M_GEO_What_h_eta,target_models,4,161,lambda_star_4_32,10.187201719133206,11.617571301847025
src_gkf,M_GEO_What_h_eta,target_models,4,170,lambda_star_4_32,10.992604555676673,13.242307239956935
src_gkf,M_GEO_What_h_eta,target_models,4,171,lambda_star_4_32,13.021054880614983,13.203572710447585
src_gkf,M_GEO_What_h_eta,target_models,4,180,lambda_star_4_32,11.81471575262988,11.384101883841302
src_gkf,M_GEO_What_h_eta,target_models,4,181,lambda_star_4_32,13.459631624030925,11.356088907985683
src_gkf,M_GEO_What_h_eta,target_models,4,190,lambda_star_4_32,9.720938860159308,13.226255474034392
proc_gkf,M0_u,target_models,0,4,p_8_16,0.5602002984476983,0.39180265406518006
proc_gkf,M0_u,target_models,0,24,p_8_16,0.2569624712389576,0.15453882398653027
proc_gkf,M0_u,target_models,0,26,p_8_16,0.1868192616154143,0.11292447483313081
proc_gkf,M0_u,target_models,0,28,p_8_16,0.2504962607918012,0.21377701428143725
proc_gkf,M0_u,target_models,0,48,p_8_16,0.2767720104089806,0.37977101210568154
proc_gkf,M0_u,target_models,0,49,p_8_16,0.2454664380648269,0.37977101210568154
proc_gkf,M0_u,target_models,0,50,p_8_16,0.8998240927744701,0.5503493652193976
proc_gkf,M0_u,target_models,0,126,p_8_16,0.0358979214122202,0.04169346640108129
proc_gkf,M0_u,target_models,0,132,p_8_16,0.3514324181582739,0.40411633075741515
proc_gkf,M0_u,target_models,0,152,p_8_16,0.0364217616612413,0.07282019218397814
proc_gkf,M0_u,target_models,0,153,p_8_16,0.0287520199617658,0.1662003695326687
proc_gkf,M0_u,target_models,0,154,p_8_16,0.0328626821146418,0.13507364374977185
proc_gkf,M0_u,target_models,0,155,p_8_16,0.0416435958762092,0.103946917966875
proc_gkf,M0_u,target_models,0,156,p_8_16,0.4358789631566422,0.435243056540312
proc_gkf,M0_u,target_models,0,157,p_8_16,0.2648002595102144,0.4974965081061057
proc_gkf,M0_u,target_models,0,158,p_8_16,0.4961240478265122,0.4663697823232088
proc_gkf,M0_u,target_models,0,159,p_8_16,0.4015733472101155,0.5286232338890026
proc_gkf,M0_u,target_models,0,180,p_8_16,0.4111016568530389,0.453411610924628
proc_gkf,M0_u,target_models,0,181,p_8_16,0.2658185167522623,0.4222848851417312
proc_gkf,M0_u,target_models,0,182,p_8_16,0.2227624333178619,0.5156650624904218
proc_gkf,M0_u,target_models,0,183,p_8_16,0.7202682584473413,0.4845383367075249
proc_gkf,M0_u,target_models,1,3,p_8_16,0.6397237770389178,0.42840318135445143
proc_gkf,M0_u,target_models,1,11,p_8_16,0.1400912351783912,0.377537133319655
proc_gkf,M0_u,target_models,1,27,p_8_16,0.4235140119089293,0.2664227464546662
proc_gkf,M0_u,target_models,1,54,p_8_16,0.591649700692359,0.5188911225859888
proc_gkf,M0_u,target_models,1,72,p_8_16,0.2776858930884566,0.12252906916880382
proc_gkf,M0_u,target_models,1,78,p_8_16,0.7115431096112693,0.5662319827470439
proc_gkf,M0_u,target_models,1,120,p_8_16,0.6385208994142718,0.4083327694274628
proc_gkf,M0_u,target_models,1,138,p_8_16,0.1847908933976274,0.11249979242326594
proc_gkf,M0_u,target_models,1,168,p_8_16,0.1913327549278874,0.18577451735354972
proc_gkf,M0_u,target_models,1,169,p_8_16,0.1842514902661812,0.16134960904345513
proc_gkf,M0_u,target_models,1,170,p_8_16,0.3336929555162605,0.21019942566364436
proc_gkf,M0_u,target_models,1,171,p_8_16,0.2025555550279888,0.13692470073336055
proc_gkf,M0_u,target_models,1,172,p_8_16,0.7385844374380425,0.48160749435774663
proc_gkf,M0_u,target_models,1,173,p_8_16,0.7192385949231982,0.45718258604765205
proc_gkf,M0_u,target_models,1,174,p_8_16,0.5141086157929576,0.5060324026678412
proc_gkf,M0_u,target_models,1,175,p_8_16,0.2465341404848374,0.43275767773755747
proc_gkf,M0_u,target_models,1,196,p_8_16,0.0937627138652451,0.20686648536880553
proc_gkf,M0_u,target_models,1,197,p_8_16,0.1036259524185608,0.28014121029908934
proc_gkf,M0_u,target_models,1,198,p_8_16,0.1707622685467746,0.23129139367890014
proc_gkf,M0_u,target_models,1,199,p_8_16,0.1371810986872629,0.25571630198899475
proc_gkf,M0_u,target_models,2,0,p_8_16,0.0342382099309782,0.10860011484878399
proc_gkf,M0_u,target_models,2,7,p_8_16,0.8153931899623513,0.534482476256475
proc_gkf,M0_u,target_models,2,12,p_8_16,0.1921998610687837,0.4511692271344799
proc_gkf,M0_u,target_models,2,29,p_8_16,0.4925534341695751,0.4009020300090243
proc_gkf,M0_u,target_models,2,51,p_8_16,0.034702128595685,0.204008947095614
proc_gkf,M0_u,target_models,2,77,p_8_16,0.6823572333973394,0.5506112238118552
proc_gkf,M0_u,target_models,2,128,p_8_16,0.0803054078882494,0.24935943745154435
proc_gkf,M0_u,target_models,2,130,p_8_16,0.2186092713118247,0.4511892425052322
proc_gkf,M0_u,target_models,2,160,p_8_16,0.5088771820307446,0.5475854603787972
proc_gkf,M0_u,target_models,2,161,p_8_16,0.3550479848987524,0.5283079681881155
proc_gkf,M0_u,target_models,2,162,p_8_16,0.0687775708107536,0.48975298380675225
proc_gkf,M0_u,target_models,2,163,p_8_16,0.4710725716838595,0.5090304759974339
proc_gkf,M0_u,target_models,2,176,p_8_16,0.1664049856670875,0.32646940621427095
proc_gkf,M0_u,target_models,2,177,p_8_16,0.1705521628824458,0.3071919140235893
proc_gkf,M0_u,target_models,2,178,p_8_16,0.1096771945811592,0.28791442183290766
proc_gkf,M0_u,target_models,2,179,p_8_16,0.08059610386861,0.268636929642226
proc_gkf,M0_u,target_models,2,192,p_8_16,0.2693234213407359,0.4704667346959138
proc_gkf,M0_u,target_models,2,193,p_8_16,0.5261741447507422,0.5282992112679588
proc_gkf,M0_u,target_models,2,194,p_8_16,0.3517594854261314,0.5090217190772771
proc_gkf,M0_u,target_models,2,195,p_8_16,0.2138727626229319,0.48974422688659547
proc_gkf,M0_u,target_models,3,1,p_8_16,0.2730637583192485,0.17034058235756466
proc_gkf,M0_u,target_models,3,6,p_8_16,0.8934367400816127,0.5815093873204511
proc_gkf,M0_u,target_models,3,30,p_8_16,0.4418353332682509,0.46969071284103947
proc_gkf,M0_u,target_models,3,53,p_8_16,0.2736571121857817,0.09083653852271131
proc_gkf,M0_u,target_models,3,74,p_8_16,0.377942131592927,0.4509676982386325
proc_gkf,M0_u,target_models,3,76,p_8_16,0.2692309609802786,0.10434116182972944
proc_gkf,M0_u,target_models,3,124,p_8_16,0.0216273774759846,-0.05401806053987401
proc_gkf,M0_u,target_models,3,134,p_8_16,0.1717238418083919,-0.11207713484782772
proc_gkf,M0_u,target_models,3,140,p_8_16,0.3013360338424688,-0.014472114400518599
proc_gkf,M0_u,target_models,3,141,p_8_16,0.2359916126573756,-0.04571975882460716
proc_gkf,M0_u,target_models,3,142,p_8_16,0.1697483102128793,-0.07696740324869572
proc_gkf,M0_u,target_models,3,143,p_8_16,0.0670632467328167,-0.10821504767278428
proc_gkf,M0_u,target_models,3,144,p_8_16,0.0980992963841571,-0.08082949042373916
proc_gkf,M0_u,target_models,3,145,p_8_16,0.1444384491418675,-0.018334201575562037
proc_gkf,M0_u,target_models,3,146,p_8_16,0.1241892480864522,-0.0495818459996506
proc_gkf,M0_u,target_models,3,147,p_8_16,0.1558258281900654,0.012913442848526469
proc_gkf,M0_u,target_models,3,148,p_8_16,0.401710597995235,0.03972487273239167
proc_gkf,M0_u,target_models,3,149,p_8_16,0.1328859474968257,0.07097251715648023
proc_gkf,M0_u,target_models,3,150,p_8_16,0.1886239553165941,0.008477228308303164
proc_gkf,M0_u,target_models,3,151,p_8_16,0.1255392642729608,-0.022770416115785397
proc_gkf,M0_u,target_models,4,2,p_8_16,0.2105184725521856,0.3642696604006061
proc_gkf,M0_u,target_models,4,5,p_8_16,0.9126072594872168,0.5587539610147487
proc_gkf,M0_u,target_models,4,13,p_8_16,0.8570775630331313,0.5263623471185326
proc_gkf,M0_u,target_models,4,25,p_8_16,0.4732961296022142,0.5486690457398427
proc_gkf,M0_u,target_models,4,52,p_8_16,0.1684546978474572,0.17627425629065857
proc_gkf,M0_u,target_models,4,73,p_8_16,0.0992533930074463,0.13726467978250817
proc_gkf,M0_u,target_models,4,122,p_8_16,0.4406507189391591,0.4103724849912238
proc_gkf,M0_u,target_models,4,136,p_8_16,0.0563523977609129,0.13345440937494266
proc_gkf,M0_u,target_models,4,164,p_8_16,0.6764301662347564,0.443771413501181
proc_gkf,M0_u,target_models,4,165,p_8_16,0.7778128600771657,0.4604708777561596
proc_gkf,M0_u,target_models,4,166,p_8_16,0.6945002041668196,0.4771703420111381
proc_gkf,M0_u,target_models,4,167,p_8_16,0.0301198360435335,0.4270719492462024
proc_gkf,M0_u,target_models,4,184,p_8_16,0.0631820767179308,0.25940014399145106
proc_gkf,M0_u,target_models,4,185,p_8_16,0.1389519509063684,0.24270067973647247
proc_gkf,M0_u,target_models,4,186,p_8_16,0.1825270019056839,0.29279907250140824
proc_gkf,M0_u,target_models,4,187,p_8_16,0.1519809787257946,0.27609960824642965
proc_gkf,M0_u,target_models,4,188,p_8_16,0.0702510568476217,0.15015387362992122
proc_gkf,M0_u,target_models,4,189,p_8_16,0.1838437744363198,0.20025226639485694
proc_gkf,M0_u,target_models,4,190,p_8_16,0.2090658333441498,0.1835528021398784
proc_gkf,M0_u,target_models,4,191,p_8_16,0.0024359757659457,0.1668533378848998
proc_gkf,M0_u,target_models,0,4,ilr_z2,-0.7349798880860732,-0.7212650056322829
proc_gkf,M0_u,target_models,0,24,ilr_z2,-0.5464013923450972,0.15060104658558432
proc_gkf,M0_u,target_models,0,26,ilr_z2,-0.6587406275693465,0.020214608056161487
proc_gkf,M0_u,target_models,0,28,ilr_z2,-0.6824863239163869,-0.25790039646815577
proc_gkf,M0_u,target_models,0,48,ilr_z2,0.3640795136307608,-0.3970164691321374
proc_gkf,M0_u,target_models,0,49,ilr_z2,0.4084297996084903,-0.3970164691321374
proc_gkf,M0_u,target_models,0,50,ilr_z2,-1.7718920514165597,-0.9856145875979347
proc_gkf,M0_u,target_models,0,126,ilr_z2,0.1514234499286074,-0.09442632862817057
proc_gkf,M0_u,target_models,0,132,ilr_z2,-0.2458171955326751,-0.931603619605343
proc_gkf,M0_u,target_models,0,152,ilr_z2,-0.4809182251615883,-0.06205821921100779
proc_gkf,M0_u,target_models,0,153,ilr_z2,-0.5677240117208077,0.035046109040480666
proc_gkf,M0_u,target_models,0,154,ilr_z2,-0.4000705590825106,0.0026779996233178283
proc_gkf,M0_u,target_models,0,155,ilr_z2,-0.3930149251358204,-0.029690109793844954
proc_gkf,M0_u,target_models,0,156,ilr_z2,-0.9637846254921072,-0.8992355101881803
proc_gkf,M0_u,target_models,0,157,ilr_z2,-0.5841810634522199,-0.8344992913538547
proc_gkf,M0_u,target_models,0,158,ilr_z2,-0.5748897410971575,-0.8668674007710175
proc_gkf,M0_u,target_models,0,159,ilr_z2,-0.2812695282973182,-0.8021311819366919
proc_gkf,M0_u,target_models,0,180,ilr_z2,-1.4995081502942065,-1.3047470576246398
proc_gkf,M0_u,target_models,0,181,ilr_z2,-0.6007342862334806,-1.3371151670418027
proc_gkf,M0_u,target_models,0,182,ilr_z2,-0.3812710159046805,-1.2400108387903144
proc_gkf,M0_u,target_models,0,183,ilr_z2,-2.0975168160602387,-1.272378948207477
proc_gkf,M0_u,target_models,1,3,ilr_z2,-0.8615461618228943,-0.5703093567432601
proc_gkf,M0_u,target_models,1,11,ilr_z2,-1.0402091290257125,-0.628648625700293
proc_gkf,M0_u,target_models,1,27,ilr_z2,-0.8482571589845281,-0.2101098603603206
proc_gkf,M0_u,target_models,1,54,ilr_z2,-1.861872604120544,-0.8232158073069096
proc_gkf,M0_u,target_models,1,72,ilr_z2,-0.5082702825940048,-0.0602601744985366
proc_gkf,M0_u,target_models,1,78,ilr_z2,-1.3796513513227322,-0.8480857701003524
proc_gkf,M0_u,target_models,1,120,ilr_z2,-1.0981870534730027,-0.8437185496614186
proc_gkf,M0_u,target_models,1,138,ilr_z2,0.1680977377995088,-0.0226468437784898
proc_gkf,M0_u,target_models,1,168,ilr_z2,0.1405350564302773,0.009899857346165886
proc_gkf,M0_u,target_models,1,169,ilr_z2,-0.1987183265929584,-0.000949043028719343
proc_gkf,M0_u,target_models,1,170,ilr_z2,-0.0247410900691029,0.02074875772105117
proc_gkf,M0_u,target_models,1,171,ilr_z2,-0.0737937005648459,-0.011797943403604572
proc_gkf,M0_u,target_models,1,172,ilr_z2,-1.1143412015365697,-0.8111718485367629
proc_gkf,M0_u,target_models,1,173,ilr_z2,-1.210042262040108,-0.8220207489116481
proc_gkf,M0_u,target_models,1,174,ilr_z2,-0.3646944726413303,-0.8003229481618777
proc_gkf,M0_u,target_models,1,175,ilr_z2,-1.467424952332843,-0.8328696492865333
proc_gkf,M0_u,target_models,1,196,ilr_z2,0.3618674458676895,-0.47402421357701424
proc_gkf,M0_u,target_models,1,197,ilr_z2,0.5899138604097636,-0.44147751245235844
proc_gkf,M0_u,target_models,1,198,ilr_z2,0.2395243924105265,-0.46317531320212896
proc_gkf,M0_u,target_models,1,199,ilr_z2,0.2216781958750436,-0.45232641282724373
proc_gkf,M0_u,target_models,2,0,ilr_z2,-0.1063306799927708,0.13464604934449265
proc_gkf,M0_u,target_models,2,7,ilr_z2,-1.6695954016433885,-1.0213669664721454
proc_gkf,M0_u,target_models,2,12,ilr_z2,-0.4873426315596991,-0.8689896560342483
proc_gkf,M0_u,target_models,2,29,ilr_z2,-0.5972960389338273,-0.4710470914482528
proc_gkf,M0_u,target_models,2,51,ilr_z2,-0.7375842381192994,-0.009843209545934317
proc_gkf,M0_u,target_models,2,77,ilr_z2,-1.1400707101175642,-0.9057152209349602
proc_gkf,M0_u,target_models,2,128,ilr_z2,0.1414158584405125,-0.6161782676593486
proc_gkf,M0_u,target_models,2,130,ilr_z2,-0.1934901388372158,-1.0331156489640685
proc_gkf,M0_u,target_models,2,160,ilr_z2,-0.3107548375241632,-0.6795392709606005
proc_gkf,M0_u,target_models,2,161,ilr_z2,-0.1572727872297372,-0.7319524341949325
proc_gkf,M0_u,target_models,2,162,ilr_z2,-0.3653410610632664,-0.8367787606635966
proc_gkf,M0_u,target_models,2,163,ilr_z2,-1.0196527553436392,-0.7843655974292645
proc_gkf,M0_u,target_models,2,176,ilr_z2,-0.5854125650361839,-0.40652561472202053
proc_gkf,M0_u,target_models,2,177,ilr_z2,-0.0236528747301991,-0.4589387779563525
proc_gkf,M0_u,target_models,2,178,ilr_z2,-0.3004689083387473,-0.5113519411906846
proc_gkf,M0_u,target_models,2,179,ilr_z2,-0.2103805063433689,-0.5637651044250166
proc_gkf,M0_u,target_models,2,192,ilr_z2,-0.1113100533321576,-0.9807024857297366
proc_gkf,M0_u,target_models,2,193,ilr_z2,-0.474274868869831,-0.8234629960267406
proc_gkf,M0_u,target_models,2,194,ilr_z2,0.0179663222611397,-0.8758761592610724
proc_gkf,M0_u,target_models,2,195,ilr_z2,0.0779337797703519,-0.9282893224954045
proc_gkf,M0_u,target_models,3,1,ilr_z2,-0.0692891450335584,-0.20016234960835655
proc_gkf,M0_u,target_models,3,6,ilr_z2,-1.94356293461084,-0.8240913692351015
proc_gkf,M0_u,target_models,3,30,ilr_z2,-0.2541646557020384,-0.6186239143705894
proc_gkf,M0_u,target_models,3,53,ilr_z2,-0.7207427361215213,-0.09348382524525811
proc_gkf,M0_u,target_models,3,74,ilr_z2,-0.1906594115687575,-0.4343898711462786
proc_gkf,M0_u,target_models,3,76,ilr_z2,-0.3573739449687065,-0.1354107731383743
proc_gkf,M0_u,target_models,3,124,ilr_z2,-0.3102629865565866,-0.7655475761971151
proc_gkf,M0_u,target_models,3,134,ilr_z2,0.2143441042381721,-0.30398686128901314
proc_gkf,M0_u,target_models,3,140,ilr_z2,-0.3867737094612926,-0.42646790556785885
proc_gkf,M0_u,target_models,3,141,ilr_z2,-0.4725933192029717,-0.4571123951648236
proc_gkf,M0_u,target_models,3,142,ilr_z2,-0.480606705362266,-0.48775688476178836
proc_gkf,M0_u,target_models,3,143,ilr_z2,-0.3130092631134917,-0.5184013743587531
proc_gkf,M0_u,target_models,3,144,ilr_z2,-0.3027621608401571,-0.2733423716920484
proc_gkf,M0_u,target_models,3,145,ilr_z2,-0.3019965021691972,-0.21205339249811894
proc_gkf,M0_u,target_models,3,146,ilr_z2,-0.0911109063822424,-0.24269788209508367
proc_gkf,M0_u,target_models,3,147,ilr_z2,-0.2928733932939545,-0.1814089029011542
proc_gkf,M0_u,target_models,3,148,ilr_z2,-1.0846568296883292,-0.6736141074062209
proc_gkf,M0_u,target_models,3,149,ilr_z2,-0.5480851664681791,-0.6429696178092561
proc_gkf,M0_u,target_models,3,150,ilr_z2,-0.2525456694938448,-0.7042585970031856
proc_gkf,M0_u,target_models,3,151,ilr_z2,-0.5620448925305433,-0.7349030866001504
proc_gkf,M0_u,target_models,4,2,ilr_z2,0.5182216181845284,-0.5228678175692458
proc_gkf,M0_u,target_models,4,5,ilr_z2,-1.940805301438366,-0.7894721792706219
proc_gkf,M0_u,target_models,4,13,ilr_z2,-1.614473056844414,-0.8113151188677145
proc_gkf,M0_u,target_models,4,25,ilr_z2,-0.5036461443379504,-0.7036398708855698
proc_gkf,M0_u,target_models,4,52,ilr_z2,-0.4788069946524049,-0.19244526429517705
proc_gkf,M0_u,target_models,4,73,ilr_z2,-0.5316165113290052,-0.12087541522166906
proc_gkf,M0_u,target_models,4,122,ilr_z2,-1.311453182628654,-0.6281167877360345
proc_gkf,M0_u,target_models,4,136,ilr_z2,0.4252380211941015,-0.22364843853442778
proc_gkf,M0_u,target_models,4,164,ilr_z2,-1.5662458140815316,-0.5875279443765605
proc_gkf,M0_u,target_models,4,165,ilr_z2,-1.8451569596223183,-0.5672335226968236
proc_gkf,M0_u,target_models,4,166,ilr_z2,-1.1747991448331432,-0.5469391010170866
proc_gkf,M0_u,target_models,4,167,ilr_z2,-1.8398507875353969,-0.6078223660562976
proc_gkf,M0_u,target_models,4,184,ilr_z2,0.3488021013448888,-0.2964607949919696
proc_gkf,M0_u,target_models,4,185,ilr_z2,0.7956564068517197,-0.31675521667170653
proc_gkf,M0_u,target_models,4,186,ilr_z2,0.7221347853067828,-0.25587195163249565
proc_gkf,M0_u,target_models,4,187,ilr_z2,0.7842535575418991,-0.2761663733122326
proc_gkf,M0_u,target_models,4,188,ilr_z2,0.4089178641829663,-0.20335401685469084
proc_gkf,M0_u,target_models,4,189,ilr_z2,0.3408069820378084,-0.1424707518154799
proc_gkf,M0_u,target_models,4,190,ilr_z2,0.4656972323647224,-0.1627651734952169
proc_gkf,M0_u,target_models,4,191,ilr_z2,-0.2083022863756323,-0.18305959517495385
proc_gkf,M0_u,target_models,0,4,A2_8_16,0.7663973995223651,0.6466130389198251
proc_gkf,M0_u,target_models,0,24,A2_8_16,0.1397929970599265,0.10242519699138547
proc_gkf,M0_u,target_models,0,26,A2_8_16,0.3277592868738584,0.10813230381523603
proc_gkf,M0_u,target_models,0,28,A2_8_16,0.3652046962555679,0.29656241134006933
proc_gkf,M0_u,target_models,0,48,A2_8_16,0.1439422060414616,0.49111528231529755
proc_gkf,M0_u,target_models,0,49,A2_8_16,0.1529213376419045,0.49111528231529755
proc_gkf,M0_u,target_models,0,50,A2_8_16,0.968531796740373,0.8613955980379427
proc_gkf,M0_u,target_models,0,126,A2_8_16,0.2904552971923126,0.19727980455474403
proc_gkf,M0_u,target_models,0,132,A2_8_16,0.4032794241209796,0.6933634840835603
proc_gkf,M0_u,target_models,0,152,A2_8_16,0.1916593851968016,0.20385970388176555
proc_gkf,M0_u,target_models,0,153,A2_8_16,0.4093289965880195,0.22359940186283017
proc_gkf,M0_u,target_models,0,154,A2_8_16,0.7523513143574082,0.21701950253580865
proc_gkf,M0_u,target_models,0,155,A2_8_16,0.3496725676947528,0.2104396032087871
proc_gkf,M0_u,target_models,0,156,A2_8_16,0.5005700460312731,0.6999433834105819
proc_gkf,M0_u,target_models,0,157,A2_8_16,0.8479548796209171,0.713103182064625
proc_gkf,M0_u,target_models,0,158,A2_8_16,0.8997282243113676,0.7065232827376033
proc_gkf,M0_u,target_models,0,159,A2_8_16,0.906662852903617,0.7196830813916465
proc_gkf,M0_u,target_models,0,180,A2_8_16,0.876658817811322,0.8719673341601174
proc_gkf,M0_u,target_models,0,181,A2_8_16,0.4323368626607115,0.8653874348330959
proc_gkf,M0_u,target_models,0,182,A2_8_16,0.7136233011207184,0.8851271328141604
proc_gkf,M0_u,target_models,0,183,A2_8_16,0.9408544635622768,0.8785472334871389
proc_gkf,M0_u,target_models,1,3,A2_8_16,0.6848565322463434,0.6353712257087785
proc_gkf,M0_u,target_models,1,11,A2_8_16,0.814635835404978,0.6123403818246147
proc_gkf,M0_u,target_models,1,27,A2_8_16,0.4289387730949569,0.3456078725052543
proc_gkf,M0_u,target_models,1,54,A2_8_16,0.9009628591577852,0.7800076537574823
proc_gkf,M0_u,target_models,1,72,A2_8_16,0.2830216597611039,0.12636518259450963
proc_gkf,M0_u,target_models,1,78,A2_8_16,0.9225443341069854,0.8286594954876789
proc_gkf,M0_u,target_models,1,120,A2_8_16,0.8944943574816656,0.7613711897396656
proc_gkf,M0_u,target_models,1,138,A2_8_16,0.1424116865615261,0.11620863251919183
proc_gkf,M0_u,target_models,1,168,A2_8_16,0.0994156775443189,0.1727312996072014
proc_gkf,M0_u,target_models,1,169,A2_8_16,0.097587665196269,0.1538904105778649
proc_gkf,M0_u,target_models,1,170,A2_8_16,0.1742853627065956,0.19157218863653797
proc_gkf,M0_u,target_models,1,171,A2_8_16,0.1599474558842803,0.13504952154852834
proc_gkf,M0_u,target_models,1,172,A2_8_16,0.8921688865244534,0.817893856827675
proc_gkf,M0_u,target_models,1,173,A2_8_16,0.9661076702374072,0.7990529677983386
proc_gkf,M0_u,target_models,1,174,A2_8_16,0.7674693265969352,0.8367347458570116
proc_gkf,M0_u,target_models,1,175,A2_8_16,0.6893771332113418,0.780212078769002
proc_gkf,M0_u,target_models,1,196,A2_8_16,0.3743380418133872,0.45867174461495475
proc_gkf,M0_u,target_models,1,197,A2_8_16,0.2879994399522551,0.5151944117029643
proc_gkf,M0_u,target_models,1,198,A2_8_16,0.2957720351316506,0.47751263364429125
proc_gkf,M0_u,target_models,1,199,A2_8_16,0.3726363977494947,0.4963535226736278
proc_gkf,M0_u,target_models,2,0,A2_8_16,0.036720770646403,0.12867097492265211
proc_gkf,M0_u,target_models,2,7,A2_8_16,0.9327131526105767,0.8231080404002371
proc_gkf,M0_u,target_models,2,12,A2_8_16,0.5767620748559564,0.6608438056964374
proc_gkf,M0_u,target_models,2,29,A2_8_16,0.6757951785952275,0.48369303879507347
proc_gkf,M0_u,target_models,2,51,A2_8_16,0.12792012603282,0.143730681773047
proc_gkf,M0_u,target_models,2,77,A2_8_16,0.8985651245461259,0.6637307631654661
proc_gkf,M0_u,target_models,2,128,A2_8_16,0.2058224448213799,0.478879451650527
proc_gkf,M0_u,target_models,2,130,A2_8_16,0.4419164485789251,0.6633209399085904
proc_gkf,M0_u,target_models,2,160,A2_8_16,0.7199290861368496,0.6570338275966126
proc_gkf,M0_u,target_models,2,161,A2_8_16,0.8205349159920327,0.6588487430846652
proc_gkf,M0_u,target_models,2,162,A2_8_16,0.4118082086874167,0.6624785740607704
proc_gkf,M0_u,target_models,2,163,A2_8_16,0.7829337262209217,0.6606636585727178
proc_gkf,M0_u,target_models,2,176,A2_8_16,0.614173452796375,0.4716197896983166
proc_gkf,M0_u,target_models,2,177,A2_8_16,0.5292008183387338,0.47343470518636915
proc_gkf,M0_u,target_models,2,178,A2_8_16,0.172460089101729,0.4752496206744218
proc_gkf,M0_u,target_models,2,179,A2_8_16,0.2284488983539017,0.4770645361624744
proc_gkf,M0_u,target_models,2,192,A2_8_16,0.753824022764901,0.6615060244205379
proc_gkf,M0_u,target_models,2,193,A2_8_16,0.683685936277253,0.65606127795638
proc_gkf,M0_u,target_models,2,194,A2_8_16,0.678886742368729,0.6578761934444326
proc_gkf,M0_u,target_models,2,195,A2_8_16,0.8367731569721454,0.6596911089324853
proc_gkf,M0_u,target_models,3,1,A2_8_16,0.1961232572137329,0.24724845135699514
proc_gkf,M0_u,target_models,3,6,A2_8_16,0.9570384606388984,0.7815182822056762
proc_gkf,M0_u,target_models,3,30,A2_8_16,0.8450779829639314,0.6686481827517703
proc_gkf,M0_u,target_models,3,53,A2_8_16,0.1494548018772401,0.14305959672634921
proc_gkf,M0_u,target_models,3,74,A2_8_16,0.1678917533058013,0.5687639493508272
proc_gkf,M0_u,target_models,3,76,A2_8_16,0.083768854819673,0.19502063676978526
proc_gkf,M0_u,target_models,3,124,A2_8_16,0.3621450261390208,0.41624836698013756
proc_gkf,M0_u,target_models,3,134,A2_8_16,0.1202840571694714,0.12678895807749102
proc_gkf,M0_u,target_models,3,140,A2_8_16,0.2161409599196409,0.3116229757517517
proc_gkf,M0_u,target_models,3,141,A2_8_16,0.3554970461969606,0.29199170549961095
proc_gkf,M0_u,target_models,3,142,A2_8_16,0.5504001774406915,0.2723604352474702
proc_gkf,M0_u,target_models,3,143,A2_8_16,0.4887500345928944,0.25272916499532955
proc_gkf,M0_u,target_models,3,144,A2_8_16,0.2757511201425458,0.14642022832963175
proc_gkf,M0_u,target_models,3,145,A2_8_16,0.1384471986498286,0.18568276883391321
proc_gkf,M0_u,target_models,3,146,A2_8_16,0.1449642119347632,0.16605149858177248
proc_gkf,M0_u,target_models,3,147,A2_8_16,0.2034555409043313,0.2053140390860539
proc_gkf,M0_u,target_models,3,148,A2_8_16,0.8280700095585045,0.47514217773655976
proc_gkf,M0_u,target_models,3,149,A2_8_16,0.1094047470852526,0.4947734479887005
proc_gkf,M0_u,target_models,3,150,A2_8_16,0.2602332049451156,0.455510907484419
proc_gkf,M0_u,target_models,3,151,A2_8_16,0.092540025386341,0.4358796372322783
proc_gkf,M0_u,target_models,4,2,A2_8_16,0.2995539380411224,0.5160790267394226
proc_gkf,M0_u,target_models,4,5,A2_8_16,0.9554864475023206,0.8400177867038705
proc_gkf,M0_u,target_models,4,13,A2_8_16,0.9553992553647612,0.8294353666548622
proc_gkf,M0_u,target_models,4,25,A2_8_16,0.6984861392748491,0.8387934614900394
proc_gkf,M0_u,target_models,4,52,A2_8_16,0.0120799449422375,0.2069914034790662
proc_gkf,M0_u,target_models,4,73,A2_8_16,0.295870409956582,0.12962642245151546
proc_gkf,M0_u,target_models,4,122,A2_8_16,0.909510154376974,0.7016530505027418
proc_gkf,M0_u,target_models,4,136,A2_8_16,0.0137397427233426,0.15751367273063666
proc_gkf,M0_u,target_models,4,164,A2_8_16,0.9582380550196586,0.7390385947080178
proc_gkf,M0_u,target_models,4,165,A2_8_16,0.9755310556113246,0.7577313668106558
proc_gkf,M0_u,target_models,4,166,A2_8_16,0.839874019631054,0.7764241389132939
proc_gkf,M0_u,target_models,4,167,A2_8_16,0.9097755639079348,0.7203458226053798
proc_gkf,M0_u,target_models,4,184,A2_8_16,0.0813683298711656,0.33955421923203366
proc_gkf,M0_u,target_models,4,185,A2_8_16,0.1527146446101141,0.3208614471293957
proc_gkf,M0_u,target_models,4,186,A2_8_16,0.1398920757864579,0.37693976343730967
proc_gkf,M0_u,target_models,4,187,A2_8_16,0.0839330958615748,0.3582469913346717
proc_gkf,M0_u,target_models,4,188,A2_8_16,0.1067703608298211,0.17620644483327463
proc_gkf,M0_u,target_models,4,189,A2_8_16,0.2393366975971487,0.23228476114118868
proc_gkf,M0_u,target_models,4,190,A2_8_16,0.1571360648425355,0.21359198903855064
proc_gkf,M0_u,target_models,4,191,A2_8_16,0.1248771653523978,0.19489921693591267
proc_gkf,M0_u,target_models,0,4,angular_entropy_8_16,0.4797589507759083,0.5832634029405204
proc_gkf,M0_u,target_models,0,24,angular_entropy_8_16,0.9474204100320134,0.9650624271015923
proc_gkf,M0_u,target_models,0,26,angular_entropy_8_16,0.9225450729133732,0.9700497972535569
proc_gkf,M0_u,target_models,0,28,angular_entropy_8_16,0.8950148339178446,0.834619378695628
proc_gkf,M0_u,target_models,0,48,angular_entropy_8_16,0.920817709025902,0.6827315365157723
proc_gkf,M0_u,target_models,0,49,angular_entropy_8_16,0.8931434690263835,0.6827315365157723
proc_gkf,M0_u,target_models,0,50,angular_entropy_8_16,0.2884001251722402,0.4207069907684365
proc_gkf,M0_u,target_models,0,126,angular_entropy_8_16,0.89885340511558,0.948292071789961
proc_gkf,M0_u,target_models,0,132,angular_entropy_8_16,0.7889791128491267,0.5479499999470487
proc_gkf,M0_u,target_models,0,152,angular_entropy_8_16,0.8968868497699488,0.939455780421439
proc_gkf,M0_u,target_models,0,153,angular_entropy_8_16,0.8461600288419651,0.912946906315873
proc_gkf,M0_u,target_models,0,154,angular_entropy_8_16,0.670712883086662,0.921783197684395
proc_gkf,M0_u,target_models,0,155,angular_entropy_8_16,0.9125242508369932,0.930619489052917
proc_gkf,M0_u,target_models,0,156,angular_entropy_8_16,0.6888607676843875,0.5391137085785267
proc_gkf,M0_u,target_models,0,157,angular_entropy_8_16,0.4699264956424556,0.5214411258414827
proc_gkf,M0_u,target_models,0,158,angular_entropy_8_16,0.443095790045536,0.5302774172100047
proc_gkf,M0_u,target_models,0,159,angular_entropy_8_16,0.3175805320209709,0.5126048344729608
proc_gkf,M0_u,target_models,0,180,angular_entropy_8_16,0.4177840495857789,0.44908051889083594
proc_gkf,M0_u,target_models,0,181,angular_entropy_8_16,0.7990186769658371,0.45791681025935793
proc_gkf,M0_u,target_models,0,182,angular_entropy_8_16,0.6347594924442568,0.43140793615379197
proc_gkf,M0_u,target_models,0,183,angular_entropy_8_16,0.3362955887065682,0.44024422752231396
proc_gkf,M0_u,target_models,1,3,angular_entropy_8_16,0.4779772055305059,0.5819931355276323
proc_gkf,M0_u,target_models,1,11,angular_entropy_8_16,0.4137629142447426,0.6156610834857426
proc_gkf,M0_u,target_models,1,27,angular_entropy_8_16,0.7550180697432503,0.8040954195783766
proc_gkf,M0_u,target_models,1,54,angular_entropy_8_16,0.3680154583415413,0.47303801894588476
proc_gkf,M0_u,target_models,1,72,angular_entropy_8_16,0.9313320998754409,0.9681917133912079
proc_gkf,M0_u,target_models,1,78,angular_entropy_8_16,0.3692855088966826,0.4153982553284064
proc_gkf,M0_u,target_models,1,120,angular_entropy_8_16,0.3697450945985387,0.5062529053648298
proc_gkf,M0_u,target_models,1,138,angular_entropy_8_16,0.9291252861861126,0.9867071321178555
proc_gkf,M0_u,target_models,1,168,angular_entropy_8_16,0.9489140989270426,0.9270106219205739
proc_gkf,M0_u,target_models,1,169,angular_entropy_8_16,0.9460381156279748,0.9469094586530011
proc_gkf,M0_u,target_models,1,170,angular_entropy_8_16,0.9237814123548176,0.9071117851881467
proc_gkf,M0_u,target_models,1,171,angular_entropy_8_16,0.9189652508805556,0.9668082953854283
proc_gkf,M0_u,target_models,1,172,angular_entropy_8_16,0.3591420375657302,0.44655639516754814
proc_gkf,M0_u,target_models,1,173,angular_entropy_8_16,0.2972264256107618,0.46645523189997534
proc_gkf,M0_u,target_models,1,174,angular_entropy_8_16,0.5122610972711229,0.42665755843512093
proc_gkf,M0_u,target_models,1,175,angular_entropy_8_16,0.6689971221992281,0.4863540686324026
proc_gkf,M0_u,target_models,1,196,angular_entropy_8_16,0.8308767765595593,0.7389060341194227
proc_gkf,M0_u,target_models,1,197,angular_entropy_8_16,0.9135802614189036,0.6792095239221411
proc_gkf,M0_u,target_models,1,198,angular_entropy_8_16,0.9172874280680208,0.7190071973869955
proc_gkf,M0_u,target_models,1,199,angular_entropy_8_16,0.8870591115502044,0.6991083606545683
proc_gkf,M0_u,target_models,2,0,angular_entropy_8_16,0.9336741740150308,0.9728079595462134
proc_gkf,M0_u,target_models,2,7,angular_entropy_8_16,0.3347323640142271,0.4510775431586163
proc_gkf,M0_u,target_models,2,12,angular_entropy_8_16,0.8460415028747486,0.5685952053689414
proc_gkf,M0_u,target_models,2,29,angular_entropy_8_16,0.6262326218701938,0.6900911649380024
proc_gkf,M0_u,target_models,2,51,angular_entropy_8_16,0.9174741956782942,0.9363812035688575
proc_gkf,M0_u,target_models,2,77,angular_entropy_8_16,0.3569701574235101,0.5334306178351691
proc_gkf,M0_u,target_models,2,128,angular_entropy_8_16,0.9260806406075238,0.7313855716030645
proc_gkf,M0_u,target_models,2,130,angular_entropy_8_16,0.7711020866117768,0.5508376362172388
proc_gkf,M0_u,target_models,2,160,angular_entropy_8_16,0.529106012565758,0.5539314073789889
proc_gkf,M0_u,target_models,2,161,angular_entropy_8_16,0.4332499422431948,0.5557275991272574
proc_gkf,M0_u,target_models,2,162,angular_entropy_8_16,0.7431830317351423,0.5593199826237946
proc_gkf,M0_u,target_models,2,163,angular_entropy_8_16,0.5337060876810991,0.5575237908755261
proc_gkf,M0_u,target_models,2,176,angular_entropy_8_16,0.6525457217288756,0.7242008046099903
proc_gkf,M0_u,target_models,2,177,angular_entropy_8_16,0.7347081037517762,0.7259969963582589
proc_gkf,M0_u,target_models,2,178,angular_entropy_8_16,0.9018638342756242,0.7277931881065274
proc_gkf,M0_u,target_models,2,179,angular_entropy_8_16,0.9261454327046916,0.729589379854796
proc_gkf,M0_u,target_models,2,192,angular_entropy_8_16,0.5403562611206696,0.5490414444689702
proc_gkf,M0_u,target_models,2,193,angular_entropy_8_16,0.555296814064717,0.5436528692241644
proc_gkf,M0_u,target_models,2,194,angular_entropy_8_16,0.5879662490128611,0.5454490609724331
proc_gkf,M0_u,target_models,2,195,angular_entropy_8_16,0.4632606662863817,0.5472452527207017
proc_gkf,M0_u,target_models,3,1,angular_entropy_8_16,0.9344989266450388,0.8763596673922845
proc_gkf,M0_u,target_models,3,6,angular_entropy_8_16,0.3059312830097316,0.45493060846365774
proc_gkf,M0_u,target_models,3,30,angular_entropy_8_16,0.4270172017517478,0.5618535767007073
proc_gkf,M0_u,target_models,3,53,angular_entropy_8_16,0.9549473698303074,0.9595645506625858
proc_gkf,M0_u,target_models,3,74,angular_entropy_8_16,0.8628655108189245,0.6158077825309715
proc_gkf,M0_u,target_models,3,76,angular_entropy_8_16,0.9276734581533804,0.9240333699125604
proc_gkf,M0_u,target_models,3,124,angular_entropy_8_16,0.9147947212843128,0.8506191244251613
proc_gkf,M0_u,target_models,3,134,angular_entropy_8_16,0.9256549829438804,1.0168719799751536
proc_gkf,M0_u,target_models,3,140,angular_entropy_8_16,0.9186711438978736,0.9139654550306978
proc_gkf,M0_u,target_models,3,141,angular_entropy_8_16,0.8244759686032876,0.9303843241890254
proc_gkf,M0_u,target_models,3,142,angular_entropy_8_16,0.7039581650501197,0.9468031933473531
proc_gkf,M0_u,target_models,3,143,angular_entropy_8_16,0.8428423390558621,0.9632220625056808
proc_gkf,M0_u,target_models,3,144,angular_entropy_8_16,0.9229279357306308,1.000453110816826
proc_gkf,M0_u,target_models,3,145,angular_entropy_8_16,0.922783471297476,0.9676153725001706
proc_gkf,M0_u,target_models,3,146,angular_entropy_8_16,0.9231359438631118,0.9840342416584982
proc_gkf,M0_u,target_models,3,147,angular_entropy_8_16,0.9269865002523372,0.9511965033418429
proc_gkf,M0_u,target_models,3,148,angular_entropy_8_16,0.4855636245332228,0.8013625169501783
proc_gkf,M0_u,target_models,3,149,angular_entropy_8_16,0.8920301113985419,0.7849436477918507
proc_gkf,M0_u,target_models,3,150,angular_entropy_8_16,0.8955164962962591,0.8177813861085059
proc_gkf,M0_u,target_models,3,151,angular_entropy_8_16,0.9379010426946844,0.8342002552668336
proc_gkf,M0_u,target_models,4,2,angular_entropy_8_16,0.9205390814978176,0.6829955203572118
proc_gkf,M0_u,target_models,4,5,angular_entropy_8_16,0.2977525663111084,0.43380497218399255
proc_gkf,M0_u,target_models,4,13,angular_entropy_8_16,0.3072768389189138,0.44888958567899306
proc_gkf,M0_u,target_models,4,25,angular_entropy_8_16,0.5816707058259681,0.4326284303925326
proc_gkf,M0_u,target_models,4,52,angular_entropy_8_16,0.9454630740160777,0.9087364229422208
proc_gkf,M0_u,target_models,4,73,angular_entropy_8_16,0.9116719197777746,0.9711909197932653
proc_gkf,M0_u,target_models,4,122,angular_entropy_8_16,0.3799420973435737,0.558796407269787
proc_gkf,M0_u,target_models,4,136,angular_entropy_8_16,0.934421785090228,0.9655473066809639
proc_gkf,M0_u,target_models,4,164,angular_entropy_8_16,0.2978953473076548,0.5197131035295484
proc_gkf,M0_u,target_models,4,165,angular_entropy_8_16,0.2891071456764625,0.5001714516594291
proc_gkf,M0_u,target_models,4,166,angular_entropy_8_16,0.5735781124762749,0.48062979978930975
proc_gkf,M0_u,target_models,4,167,angular_entropy_8_16,0.3864674284362529,0.5392547553996676
proc_gkf,M0_u,target_models,4,184,angular_entropy_8_16,0.9037991223507064,0.8120055845605272
proc_gkf,M0_u,target_models,4,185,angular_entropy_8_16,0.9311772202530342,0.8315472364306464
proc_gkf,M0_u,target_models,4,186,angular_entropy_8_16,0.9236751177150362,0.7729222808202886
proc_gkf,M0_u,target_models,4,187,angular_entropy_8_16,0.9195262355547972,0.7924639326904078
proc_gkf,M0_u,target_models,4,188,angular_entropy_8_16,0.920884974370498,0.9460056548108445
proc_gkf,M0_u,target_models,4,189,angular_entropy_8_16,0.9420986012995588,0.8873806992004867
proc_gkf,M0_u,target_models,4,190,angular_entropy_8_16,0.9351595528240708,0.9069223510706059
proc_gkf,M0_u,target_models,4,191,angular_entropy_8_16,0.8997282864766862,0.9264640029407253
proc_gkf,M0_u,target_models,0,4,lambda_star_4_32,8.748435560785481,11.37838563892916
proc_gkf,M0_u,target_models,0,24,lambda_star_4_32,12.772355638285045,11.8790121783952
proc_gkf,M0_u,target_models,0,26,lambda_star_4_32,16.85114805181296,13.290127741571682
proc_gkf,M0_u,target_models,0,28,lambda_star_4_32,16.448715843082976,12.803355201427
proc_gkf,M0_u,target_models,0,48,lambda_star_4_32,9.708231566821965,10.424303188500334
proc_gkf,M0_u,target_models,0,49,lambda_star_4_32,9.89823266090284,10.424303188500334
proc_gkf,M0_u,target_models,0,50,lambda_star_4_32,9.324161269491098,9.937628249964357
proc_gkf,M0_u,target_models,0,126,lambda_star_4_32,12.950437243891914,14.222170102847198
proc_gkf,M0_u,target_models,0,132,lambda_star_4_32,9.773721145239106,12.3671708408982
proc_gkf,M0_u,target_models,0,153,lambda_star_4_32,17.17652433675191,12.274689535833645
proc_gkf,M0_u,target_models,0,154,lambda_star_4_32,18.23764737785915,12.761559677587032
proc_gkf,M0_u,target_models,0,155,lambda_star_4_32,18.025408887417036,13.248429819340421
proc_gkf,M0_u,target_models,0,156,lambda_star_4_32,10.716409207930754,11.880300699144811
proc_gkf,M0_u,target_models,0,157,lambda_star_4_32,13.43765651228388,10.906560415638035
proc_gkf,M0_u,target_models,0,158,lambda_star_4_32,11.444534053265324,11.393430557391424
proc_gkf,M0_u,target_models,0,159,lambda_star_4_32,9.024660111865645,10.419690273884648
proc_gkf,M0_u,target_models,0,180,lambda_star_4_32,11.81471575262988,14.232519077857575
proc_gkf,M0_u,target_models,0,181,lambda_star_4_32,13.459631624030925,14.719389219610964
proc_gkf,M0_u,target_models,0,182,lambda_star_4_32,15.652923642651267,13.2587787943508
proc_gkf,M0_u,target_models,0,183,lambda_star_4_32,11.121279222471847,13.745648936104187
proc_gkf,M0_u,target_models,1,3,lambda_star_4_32,8.585566378279855,10.622216920659575
proc_gkf,M0_u,target_models,1,11,lambda_star_4_32,10.595772488586423,11.565319416754757
proc_gkf,M0_u,target_models,1,27,lambda_star_4_32,10.15857296040633,12.220750577953638
proc_gkf,M0_u,target_models,1,54,lambda_star_4_32,11.975549042291357,10.204019110125468
proc_gkf,M0_u,target_models,1,72,lambda_star_4_32,14.56665793369415,12.245803396179365
proc_gkf,M0_u,target_models,1,78,lambda_star_4_32,10.267739738899023,9.633050552617267
proc_gkf,M0_u,target_models,1,120,lambda_star_4_32,10.003348406161974,11.287715503099763
proc_gkf,M0_u,target_models,1,138,lambda_star_4_32,15.304477293099653,12.587271880128727
proc_gkf,M0_u,target_models,1,168,lambda_star_4_32,9.864797093561378,12.044430682471042
proc_gkf,M0_u,target_models,1,169,lambda_star_4_32,11.80156011694523,12.225377748356937
proc_gkf,M0_u,target_models,1,170,lambda_star_4_32,10.992604555676673,11.863483616585148
proc_gkf,M0_u,target_models,1,171,lambda_star_4_32,13.021054880614983,12.406324814242831
proc_gkf,M0_u,target_models,1,172,lambda_star_4_32,9.407459257280316,10.74487430544208
proc_gkf,M0_u,target_models,1,173,lambda_star_4_32,10.56715703018984,10.925821371327974
proc_gkf,M0_u,target_models,1,174,lambda_star_4_32,10.192698599791559,10.563927239556184
proc_gkf,M0_u,target_models,1,175,lambda_star_4_32,17.38592853614663,11.10676843721387
proc_gkf,M0_u,target_models,1,196,lambda_star_4_32,10.255244325789706,12.806493735776103
proc_gkf,M0_u,target_models,1,197,lambda_star_4_32,10.02800697834505,12.263652538118418
proc_gkf,M0_u,target_models,1,198,lambda_star_4_32,10.775048279182267,12.625546669890207
proc_gkf,M0_u,target_models,1,199,lambda_star_4_32,10.366167238577734,12.444599604004313
proc_gkf,M0_u,target_models,2,0,lambda_star_4_32,15.036163152530207,12.616921335735068
proc_gkf,M0_u,target_models,2,7,lambda_star_4_32,10.131741650392286,10.054684241704042
proc_gkf,M0_u,target_models,2,12,lambda_star_4_32,16.49892017171428,11.349384758791844
proc_gkf,M0_u,target_models,2,29,lambda_star_4_32,11.469957883713992,11.180388458944625
proc_gkf,M0_u,target_models,2,77,lambda_star_4_32,9.144133649393266,10.281613905931971
proc_gkf,M0_u,target_models,2,128,lambda_star_4_32,10.626113959029189,13.503917996853401
proc_gkf,M0_u,target_models,2,130,lambda_star_4_32,10.525656126642762,11.15372944110623
proc_gkf,M0_u,target_models,2,160,lambda_star_4_32,8.957803609676962,10.033036183104695
proc_gkf,M0_u,target_models,2,161,lambda_star_4_32,10.187201719133206,10.3346177018342
proc_gkf,M0_u,target_models,2,162,lambda_star_4_32,17.094888583756347,10.93778073929321
proc_gkf,M0_u,target_models,2,163,lambda_star_4_32,11.185404169702867,10.636199220563704
proc_gkf,M0_u,target_models,2,176,lambda_star_4_32,16.934453385495903,12.29759192193538
proc_gkf,M0_u,target_models,2,177,lambda_star_4_32,10.025623028224507,12.599173440664886
proc_gkf,M0_u,target_models,2,178,lambda_star_4_32,12.712627116310939,12.90075495939439
proc_gkf,M0_u,target_models,2,179,lambda_star_4_32,12.903457466297608,13.202336478123897
proc_gkf,M0_u,target_models,2,192,lambda_star_4_32,10.99798231417217,10.852147922376727
proc_gkf,M0_u,target_models,2,193,lambda_star_4_32,9.511936587414986,9.947403366188212
proc_gkf,M0_u,target_models,2,194,lambda_star_4_32,9.64445815674146,10.248984884917716
proc_gkf,M0_u,target_models,2,195,lambda_star_4_32,10.912131490668889,10.55056640364722
proc_gkf,M0_u,target_models,3,1,lambda_star_4_32,11.668512421861447,12.383071522978014
proc_gkf,M0_u,target_models,3,6,lambda_star_4_32,10.03098145708803,10.897854852227326
proc_gkf,M0_u,target_models,3,30,lambda_star_4_32,9.442777413200083,11.110365609729548
proc_gkf,M0_u,target_models,3,53,lambda_star_4_32,13.839279657921876,12.457528173729584
proc_gkf,M0_u,target_models,3,74,lambda_star_4_32,10.395135974354487,9.92664848448295
proc_gkf,M0_u,target_models,3,76,lambda_star_4_32,12.662404172006315,11.819964982854273
proc_gkf,M0_u,target_models,3,134,lambda_star_4_32,10.280225900836875,13.724565086631427
proc_gkf,M0_u,target_models,3,140,lambda_star_4_32,14.266299800171103,14.554491452720663
proc_gkf,M0_u,target_models,3,141,lambda_star_4_32,12.406930408458866,14.850254952997066
proc_gkf,M0_u,target_models,3,142,lambda_star_4_32,13.686953355865574,15.14601845327347
proc_gkf,M0_u,target_models,3,143,lambda_star_4_32,20.33910218473801,15.44178195354987
proc_gkf,M0_u,target_models,3,144,lambda_star_4_32,19.21712122703679,13.428801586355025
proc_gkf,M0_u,target_models,3,145,lambda_star_4_32,15.917534514704242,12.83727458580222
proc_gkf,M0_u,target_models,3,146,lambda_star_4_32,13.238470411514887,13.133038086078622
proc_gkf,M0_u,target_models,3,147,lambda_star_4_32,16.39308904929755,12.541511085525817
proc_gkf,M0_u,target_models,3,148,lambda_star_4_32,13.505688064382563,14.384711185550547
proc_gkf,M0_u,target_models,3,149,lambda_star_4_32,15.949985575742025,14.088947685274144
proc_gkf,M0_u,target_models,3,150,lambda_star_4_32,13.19434205978971,14.68047468582695
proc_gkf,M0_u,target_models,3,151,lambda_star_4_32,15.981702306235912,14.976238186103352
proc_gkf,M0_u,target_models,4,2,lambda_star_4_32,8.978347929581629,11.498621232723863
proc_gkf,M0_u,target_models,4,5,lambda_star_4_32,9.476722768932733,9.636614104181168
proc_gkf,M0_u,target_models,4,13,lambda_star_4_32,9.57889903024946,10.33626507690906
proc_gkf,M0_u,target_models,4,25,lambda_star_4_32,9.448952183282888,9.411068919686373
proc_gkf,M0_u,target_models,4,52,lambda_star_4_32,13.657657525470372,13.253971707403716
proc_gkf,M0_u,target_models,4,73,lambda_star_4_32,12.40952841173918,13.37813561338448
proc_gkf,M0_u,target_models,4,122,lambda_star_4_32,11.266255756141158,11.22838240477818
proc_gkf,M0_u,target_models,4,136,lambda_star_4_32,11.169791350259981,13.717059904919376
proc_gkf,M0_u,target_models,4,164,lambda_star_4_32,10.149086117041653,10.60982650818012
proc_gkf,M0_u,target_models,4,165,lambda_star_4_32,10.06947567876668,10.30054855988109
proc_gkf,M0_u,target_models,4,166,lambda_star_4_32,9.909591159098213,9.991270611582058
proc_gkf,M0_u,target_models,4,184,lambda_star_4_32,10.889582183271099,12.196971598204367
proc_gkf,M0_u,target_models,4,185,lambda_star_4_32,9.844185813333066,12.506249546503398
proc_gkf,M0_u,target_models,4,186,lambda_star_4_32,9.56283765931253,11.578415701606307
proc_gkf,M0_u,target_models,4,187,lambda_star_4_32,9.390936745447487,11.887693649905337
proc_gkf,M0_u,target_models,4,188,lambda_star_4_32,11.805113379327635,13.407781956620344
proc_gkf,M0_u,target_models,4,189,lambda_star_4_32,10.922526745032467,12.479948111723251
proc_gkf,M0_u,target_models,4,190,lambda_star_4_32,9.720938860159308,12.789226060022283
proc_gkf,M0b_u_plus_logtau,target_models,0,4,p_8_16,0.5602002984476983,0.39545089772159253
proc_gkf,M0b_u_plus_logtau,target_models,0,24,p_8_16,0.2569624712389576,0.1535798264944338
proc_gkf,M0b_u_plus_logtau,target_models,0,26,p_8_16,0.1868192616154143,0.11095020628443139
proc_gkf,M0b_u_plus_logtau,target_models,0,28,p_8_16,0.2504962607918012,0.20988541164349858
proc_gkf,M0b_u_plus_logtau,target_models,0,48,p_8_16,0.2767720104089806,0.3706732316343314
proc_gkf,M0b_u_plus_logtau,target_models,0,49,p_8_16,0.2454664380648269,0.3706732316343314
proc_gkf,M0b_u_plus_logtau,target_models,0,50,p_8_16,0.8998240927744701,0.5370346259813147
proc_gkf,M0b_u_plus_logtau,target_models,0,126,p_8_16,0.0358979214122202,0.05867807500667227
proc_gkf,M0b_u_plus_logtau,target_models,0,132,p_8_16,0.3514324181582739,0.39274334594258503
proc_gkf,M0b_u_plus_logtau,target_models,0,152,p_8_16,0.0364217616612413,0.09018709137782333
proc_gkf,M0b_u_plus_logtau,target_models,0,153,p_8_16,0.0287520199617658,0.1847141404912765
proc_gkf,M0b_u_plus_logtau,target_models,0,154,p_8_16,0.0328626821146418,0.15320512412012544
proc_gkf,M0b_u_plus_logtau,target_models,0,155,p_8_16,0.0416435958762092,0.12169610774897438
proc_gkf,M0b_u_plus_logtau,target_models,0,156,p_8_16,0.4358789631566422,0.4242523623137361
proc_gkf,M0b_u_plus_logtau,target_models,0,157,p_8_16,0.2648002595102144,0.4872703950560382
proc_gkf,M0b_u_plus_logtau,target_models,0,158,p_8_16,0.4961240478265122,0.45576137868488714
proc_gkf,M0b_u_plus_logtau,target_models,0,159,p_8_16,0.4015733472101155,0.5187794114271893
proc_gkf,M0b_u_plus_logtau,target_models,0,180,p_8_16,0.4111016568530389,0.4389326558931766
proc_gkf,M0b_u_plus_logtau,target_models,0,181,p_8_16,0.2658185167522623,0.40742363952202554
proc_gkf,M0b_u_plus_logtau,target_models,0,182,p_8_16,0.2227624333178619,0.5019506886354788
proc_gkf,M0b_u_plus_logtau,target_models,0,183,p_8_16,0.7202682584473413,0.47044167226432765
proc_gkf,M0b_u_plus_logtau,target_models,1,3,p_8_16,0.6397237770389178,0.43062255963680773
proc_gkf,M0b_u_plus_logtau,target_models,1,11,p_8_16,0.1400912351783912,0.37923105237741056
proc_gkf,M0b_u_plus_logtau,target_models,1,27,p_8_16,0.4235140119089293,0.2652564460289381
proc_gkf,M0b_u_plus_logtau,target_models,1,54,p_8_16,0.591649700692359,0.5171873366840471
proc_gkf,M0b_u_plus_logtau,target_models,1,72,p_8_16,0.2776858930884566,0.12360194770834668
proc_gkf,M0b_u_plus_logtau,target_models,1,78,p_8_16,0.7115431096112693,0.5676710857632568
proc_gkf,M0b_u_plus_logtau,target_models,1,120,p_8_16,0.6385208994142718,0.4136885619007665
proc_gkf,M0b_u_plus_logtau,target_models,1,138,p_8_16,0.1847908933976274,0.11031209907042386
proc_gkf,M0b_u_plus_logtau,target_models,1,168,p_8_16,0.1913327549278874,0.18396501799272422
proc_gkf,M0b_u_plus_logtau,target_models,1,169,p_8_16,0.1842514902661812,0.15941404501862408
proc_gkf,M0b_u_plus_logtau,target_models,1,170,p_8_16,0.3336929555162605,0.20851599096682433
proc_gkf,M0b_u_plus_logtau,target_models,1,171,p_8_16,0.2025555550279888,0.13486307204452397
proc_gkf,M0b_u_plus_logtau,target_models,1,172,p_8_16,0.7385844374380425,0.4873414808230669
proc_gkf,M0b_u_plus_logtau,target_models,1,173,p_8_16,0.7192385949231982,0.4627905078489668
proc_gkf,M0b_u_plus_logtau,target_models,1,174,p_8_16,0.5141086157929576,0.511892453797167
proc_gkf,M0b_u_plus_logtau,target_models,1,175,p_8_16,0.2465341404848374,0.43823953487486667
proc_gkf,M0b_u_plus_logtau,target_models,1,196,p_8_16,0.0937627138652451,0.20589335096102993
proc_gkf,M0b_u_plus_logtau,target_models,1,197,p_8_16,0.1036259524185608,0.2795462698833303
proc_gkf,M0b_u_plus_logtau,target_models,1,198,p_8_16,0.1707622685467746,0.23044432393513004
proc_gkf,M0b_u_plus_logtau,target_models,1,199,p_8_16,0.1371810986872629,0.2549952969092302
proc_gkf,M0b_u_plus_logtau,target_models,2,0,p_8_16,0.0342382099309782,0.118345619784917
proc_gkf,M0b_u_plus_logtau,target_models,2,7,p_8_16,0.8153931899623513,0.5401547188694413
proc_gkf,M0b_u_plus_logtau,target_models,2,12,p_8_16,0.1921998610687837,0.47077400242504386
proc_gkf,M0b_u_plus_logtau,target_models,2,29,p_8_16,0.4925534341695751,0.3960213790049441
proc_gkf,M0b_u_plus_logtau,target_models,2,51,p_8_16,0.034702128595685,0.1993162220452817
proc_gkf,M0b_u_plus_logtau,target_models,2,77,p_8_16,0.6823572333973394,0.5801677125169049
proc_gkf,M0b_u_plus_logtau,target_models,2,128,p_8_16,0.0803054078882494,0.25196857174443665
proc_gkf,M0b_u_plus_logtau,target_models,2,130,p_8_16,0.2186092713118247,0.4652205013603352
proc_gkf,M0b_u_plus_logtau,target_models,2,160,p_8_16,0.5088771820307446,0.5783651900694097
proc_gkf,M0b_u_plus_logtau,target_models,2,161,p_8_16,0.3550479848987524,0.5576112287890074
proc_gkf,M0b_u_plus_logtau,target_models,2,162,p_8_16,0.0687775708107536,0.5161033062282028
proc_gkf,M0b_u_plus_logtau,target_models,2,163,p_8_16,0.4710725716838595,0.5368572675086051
proc_gkf,M0b_u_plus_logtau,target_models,2,176,p_8_16,0.1664049856670875,0.3349844168660458
proc_gkf,M0b_u_plus_logtau,target_models,2,177,p_8_16,0.1705521628824458,0.3142304555856435
proc_gkf,M0b_u_plus_logtau,target_models,2,178,p_8_16,0.1096771945811592,0.2934764943052412
proc_gkf,M0b_u_plus_logtau,target_models,2,179,p_8_16,0.08059610386861,0.2727225330248389
proc_gkf,M0b_u_plus_logtau,target_models,2,192,p_8_16,0.2693234213407359,0.4859744626407375
proc_gkf,M0b_u_plus_logtau,target_models,2,193,p_8_16,0.5261741447507422,0.5482363464819444
proc_gkf,M0b_u_plus_logtau,target_models,2,194,p_8_16,0.3517594854261314,0.5274823852015421
proc_gkf,M0b_u_plus_logtau,target_models,2,195,p_8_16,0.2138727626229319,0.5067284239211398
proc_gkf,M0b_u_plus_logtau,target_models,3,1,p_8_16,0.2730637583192485,0.17708778160853236
proc_gkf,M0b_u_plus_logtau,target_models,3,6,p_8_16,0.8934367400816127,0.5687073423312563
proc_gkf,M0b_u_plus_logtau,target_models,3,30,p_8_16,0.4418353332682509,0.45743997609413134
proc_gkf,M0b_u_plus_logtau,target_models,3,53,p_8_16,0.2736571121857817,0.10183658182906524
proc_gkf,M0b_u_plus_logtau,target_models,3,74,p_8_16,0.377942131592927,0.45910461969310096
proc_gkf,M0b_u_plus_logtau,target_models,3,76,p_8_16,0.2692309609802786,0.13083193537298277
proc_gkf,M0b_u_plus_logtau,target_models,3,124,p_8_16,0.0216273774759846,-0.04760496097276151
proc_gkf,M0b_u_plus_logtau,target_models,3,134,p_8_16,0.1717238418083919,-0.08227900289541584
proc_gkf,M0b_u_plus_logtau,target_models,3,140,p_8_16,0.3013360338424688,0.02365284192122047
proc_gkf,M0b_u_plus_logtau,target_models,3,141,p_8_16,0.2359916126573756,-0.00727972907218416
proc_gkf,M0b_u_plus_logtau,target_models,3,142,p_8_16,0.1697483102128793,-0.03821230006558879
proc_gkf,M0b_u_plus_logtau,target_models,3,143,p_8_16,0.0670632467328167,-0.06914487105899336
proc_gkf,M0b_u_plus_logtau,target_models,3,144,p_8_16,0.0980992963841571,-0.051346431902011214
proc_gkf,M0b_u_plus_logtau,target_models,3,145,p_8_16,0.1444384491418675,0.010518710084797989
proc_gkf,M0b_u_plus_logtau,target_models,3,146,p_8_16,0.1241892480864522,-0.02041386090860664
proc_gkf,M0b_u_plus_logtau,target_models,3,147,p_8_16,0.1558258281900654,0.04145128107820262
proc_gkf,M0b_u_plus_logtau,target_models,3,148,p_8_16,0.401710597995235,0.04519275200745232
proc_gkf,M0b_u_plus_logtau,target_models,3,149,p_8_16,0.1328859474968257,0.07612532300085689
proc_gkf,M0b_u_plus_logtau,target_models,3,150,p_8_16,0.1886239553165941,0.01426018101404769
proc_gkf,M0b_u_plus_logtau,target_models,3,151,p_8_16,0.1255392642729608,-0.016672389979356883
proc_gkf,M0b_u_plus_logtau,target_models,4,2,p_8_16,0.2105184725521856,0.3669275633638166
proc_gkf,M0b_u_plus_logtau,target_models,4,5,p_8_16,0.9126072594872168,0.5611141092472518
proc_gkf,M0b_u_plus_logtau,target_models,4,13,p_8_16,0.8570775630331313,0.5284595465127734
proc_gkf,M0b_u_plus_logtau,target_models,4,25,p_8_16,0.4732961296022142,0.5451191632038075
proc_gkf,M0b_u_plus_logtau,target_models,4,52,p_8_16,0.1684546978474572,0.17305073338157836
proc_gkf,M0b_u_plus_logtau,target_models,4,73,p_8_16,0.0992533930074463,0.13670216796077456
proc_gkf,M0b_u_plus_logtau,target_models,4,122,p_8_16,0.4406507189391591,0.4060794263264341
proc_gkf,M0b_u_plus_logtau,target_models,4,136,p_8_16,0.0563523977609129,0.13055532312705723
proc_gkf,M0b_u_plus_logtau,target_models,4,164,p_8_16,0.6764301662347564,0.4397889899309204
proc_gkf,M0b_u_plus_logtau,target_models,4,165,p_8_16,0.7778128600771657,0.45664377173316356
proc_gkf,M0b_u_plus_logtau,target_models,4,166,p_8_16,0.6945002041668196,0.4734985535354067
proc_gkf,M0b_u_plus_logtau,target_models,4,167,p_8_16,0.0301198360435335,0.4229342081286772
proc_gkf,M0b_u_plus_logtau,target_models,4,184,p_8_16,0.0631820767179308,0.25495995047059
proc_gkf,M0b_u_plus_logtau,target_models,4,185,p_8_16,0.1389519509063684,0.23810516866834683
proc_gkf,M0b_u_plus_logtau,target_models,4,186,p_8_16,0.1825270019056839,0.2886695140750763
proc_gkf,M0b_u_plus_logtau,target_models,4,187,p_8_16,0.1519809787257946,0.27181473227283315
proc_gkf,M0b_u_plus_logtau,target_models,4,188,p_8_16,0.0702510568476217,0.14741010492930037
proc_gkf,M0b_u_plus_logtau,target_models,4,189,p_8_16,0.1838437744363198,0.19797445033602984
proc_gkf,M0b_u_plus_logtau,target_models,4,190,p_8_16,0.2090658333441498,0.1811196685337867
proc_gkf,M0b_u_plus_logtau,target_models,4,191,p_8_16,0.0024359757659457,0.16426488673154355
proc_gkf,M0b_u_plus_logtau,target_models,0,4,ilr_z2,-0.7349798880860732,-0.7258940583934902
proc_gkf,M0b_u_plus_logtau,target_models,0,24,ilr_z2,-0.5464013923450972,0.1518178649800952
proc_gkf,M0b_u_plus_logtau,target_models,0,26,ilr_z2,-0.6587406275693465,0.0227196472304661
proc_gkf,M0b_u_plus_logtau,target_models,0,28,ilr_z2,-0.6824863239163869,-0.25296255907755066
proc_gkf,M0b_u_plus_logtau,target_models,0,48,ilr_z2,0.3640795136307608,-0.3854728032539724
proc_gkf,M0b_u_plus_logtau,target_models,0,49,ilr_z2,0.4084297996084903,-0.3854728032539724
proc_gkf,M0b_u_plus_logtau,target_models,0,50,ilr_z2,-1.7718920514165597,-0.9687202580959928
proc_gkf,M0b_u_plus_logtau,target_models,0,126,ilr_z2,0.1514234499286074,-0.11597715054916263
proc_gkf,M0b_u_plus_logtau,target_models,0,132,ilr_z2,-0.2458171955326751,-0.9171730739185929
proc_gkf,M0b_u_plus_logtau,target_models,0,152,ilr_z2,-0.4809182251615883,-0.08409410832317582
proc_gkf,M0b_u_plus_logtau,target_models,0,153,ilr_z2,-0.5677240117208077,0.011555018354784619
proc_gkf,M0b_u_plus_logtau,target_models,0,154,ilr_z2,-0.4000705590825106,-0.020328023871202194
proc_gkf,M0b_u_plus_logtau,target_models,0,155,ilr_z2,-0.3930149251358204,-0.05221106609718901
proc_gkf,M0b_u_plus_logtau,target_models,0,156,ilr_z2,-0.9637846254921072,-0.8852900316926061
proc_gkf,M0b_u_plus_logtau,target_models,0,157,ilr_z2,-0.5841810634522199,-0.8215239472406325
proc_gkf,M0b_u_plus_logtau,target_models,0,158,ilr_z2,-0.5748897410971575,-0.8534069894666193
proc_gkf,M0b_u_plus_logtau,target_models,0,159,ilr_z2,-0.2812695282973182,-0.7896409050146457
proc_gkf,M0b_u_plus_logtau,target_models,0,180,ilr_z2,-1.4995081502942065,-1.2863755196792708
proc_gkf,M0b_u_plus_logtau,target_models,0,181,ilr_z2,-0.6007342862334806,-1.3182585619052576
proc_gkf,M0b_u_plus_logtau,target_models,0,182,ilr_z2,-0.3812710159046805,-1.2226094352272971
proc_gkf,M0b_u_plus_logtau,target_models,0,183,ilr_z2,-2.0975168160602387,-1.254492477453284
proc_gkf,M0b_u_plus_logtau,target_models,1,3,ilr_z2,-0.8615461618228943,-0.5759539403003001
proc_gkf,M0b_u_plus_logtau,target_models,1,11,ilr_z2,-1.0402091290257125,-0.6331449091341916
proc_gkf,M0b_u_plus_logtau,target_models,1,27,ilr_z2,-0.8482571589845281,-0.2092151944110227
proc_gkf,M0b_u_plus_logtau,target_models,1,54,ilr_z2,-1.861872604120544,-0.8195739805623073
proc_gkf,M0b_u_plus_logtau,target_models,1,72,ilr_z2,-0.5082702825940048,-0.05840923546623489
proc_gkf,M0b_u_plus_logtau,target_models,1,78,ilr_z2,-1.3796513513227322,-0.8469367210154559
proc_gkf,M0b_u_plus_logtau,target_models,1,120,ilr_z2,-1.0981870534730027,-0.8555180794060956
proc_gkf,M0b_u_plus_logtau,target_models,1,138,ilr_z2,0.1680977377995088,-0.018414345196592574
proc_gkf,M0b_u_plus_logtau,target_models,1,168,ilr_z2,0.1405350564302773,0.013320947659370419
proc_gkf,M0b_u_plus_logtau,target_models,1,169,ilr_z2,-0.1987183265929584,0.002742516707382736
proc_gkf,M0b_u_plus_logtau,target_models,1,170,ilr_z2,-0.0247410900691029,0.023899378611358046
proc_gkf,M0b_u_plus_logtau,target_models,1,171,ilr_z2,-0.0737937005648459,-0.007835914244604947
proc_gkf,M0b_u_plus_logtau,target_models,1,172,ilr_z2,-1.1143412015365697,-0.8237827865501326
proc_gkf,M0b_u_plus_logtau,target_models,1,173,ilr_z2,-1.210042262040108,-0.8343612175021202
proc_gkf,M0b_u_plus_logtau,target_models,1,174,ilr_z2,-0.3646944726413303,-0.813204355598145
proc_gkf,M0b_u_plus_logtau,target_models,1,175,ilr_z2,-1.467424952332843,-0.8449396484541079
proc_gkf,M0b_u_plus_logtau,target_models,1,196,ilr_z2,0.3618674458676895,-0.47560044249422817
proc_gkf,M0b_u_plus_logtau,target_models,1,197,ilr_z2,0.5899138604097636,-0.4438651496382652
proc_gkf,M0b_u_plus_logtau,target_models,1,198,ilr_z2,0.2395243924105265,-0.4650220115422405
proc_gkf,M0b_u_plus_logtau,target_models,1,199,ilr_z2,0.2216781958750436,-0.4544435805902528
proc_gkf,M0b_u_plus_logtau,target_models,2,0,ilr_z2,-0.1063306799927708,0.15733259982799475
proc_gkf,M0b_u_plus_logtau,target_models,2,7,ilr_z2,-1.6695954016433885,-1.087583696077731
proc_gkf,M0b_u_plus_logtau,target_models,2,12,ilr_z2,-0.4873426315596991,-0.9844944353074652
proc_gkf,M0b_u_plus_logtau,target_models,2,29,ilr_z2,-0.5972960389338273,-0.45911221342055425
proc_gkf,M0b_u_plus_logtau,target_models,2,51,ilr_z2,-0.7375842381192994,0.03709542751563899
proc_gkf,M0b_u_plus_logtau,target_models,2,77,ilr_z2,-1.1400707101175642,-1.0606634794383611
proc_gkf,M0b_u_plus_logtau,target_models,2,128,ilr_z2,0.1414158584405125,-0.6400728424934004
proc_gkf,M0b_u_plus_logtau,target_models,2,130,ilr_z2,-0.1934901388372158,-1.1400550687392104
proc_gkf,M0b_u_plus_logtau,target_models,2,160,ilr_z2,-0.3107548375241632,-0.8167772476881094
proc_gkf,M0b_u_plus_logtau,target_models,2,161,ilr_z2,-0.1572727872297372,-0.8698622934385614
proc_gkf,M0b_u_plus_logtau,target_models,2,162,ilr_z2,-0.3653410610632664,-0.9760323849394652
proc_gkf,M0b_u_plus_logtau,target_models,2,163,ilr_z2,-1.0196527553436392,-0.9229473391890133
proc_gkf,M0b_u_plus_logtau,target_models,2,176,ilr_z2,-0.5854125650361839,-0.4277326594915927
proc_gkf,M0b_u_plus_logtau,target_models,2,177,ilr_z2,-0.0236528747301991,-0.4808177052420446
proc_gkf,M0b_u_plus_logtau,target_models,2,178,ilr_z2,-0.3004689083387473,-0.5339027509924965
proc_gkf,M0b_u_plus_logtau,target_models,2,179,ilr_z2,-0.2103805063433689,-0.5869877967429484
proc_gkf,M0b_u_plus_logtau,target_models,2,192,ilr_z2,-0.1113100533321576,-1.0869700229887584
proc_gkf,M0b_u_plus_logtau,target_models,2,193,ilr_z2,-0.474274868869831,-0.9277148857374028
proc_gkf,M0b_u_plus_logtau,target_models,2,194,ilr_z2,0.0179663222611397,-0.9807999314878547
proc_gkf,M0b_u_plus_logtau,target_models,2,195,ilr_z2,0.0779337797703519,-1.0338849772383065
proc_gkf,M0b_u_plus_logtau,target_models,3,1,ilr_z2,-0.0692891450335584,-0.2071405136301308
proc_gkf,M0b_u_plus_logtau,target_models,3,6,ilr_z2,-1.94356293461084,-0.8321670045465142
proc_gkf,M0b_u_plus_logtau,target_models,3,30,ilr_z2,-0.2541646557020384,-0.6162649247468868
proc_gkf,M0b_u_plus_logtau,target_models,3,53,ilr_z2,-0.7207427361215213,-0.0897027669812322
proc_gkf,M0b_u_plus_logtau,target_models,3,74,ilr_z2,-0.1906594115687575,-0.4351863585692036
proc_gkf,M0b_u_plus_logtau,target_models,3,76,ilr_z2,-0.3573739449687065,-0.1353461472542053
proc_gkf,M0b_u_plus_logtau,target_models,3,124,ilr_z2,-0.3102629865565866,-0.7519052721330035
proc_gkf,M0b_u_plus_logtau,target_models,3,134,ilr_z2,0.2143441042381721,-0.29745051894707697
proc_gkf,M0b_u_plus_logtau,target_models,3,140,ilr_z2,-0.3867737094612926,-0.44188659743629854
proc_gkf,M0b_u_plus_logtau,target_models,3,141,ilr_z2,-0.4725933192029717,-0.47209007615187504
proc_gkf,M0b_u_plus_logtau,target_models,3,142,ilr_z2,-0.480606705362266,-0.5022935548674514
proc_gkf,M0b_u_plus_logtau,target_models,3,143,ilr_z2,-0.3130092631134917,-0.5324970335830279
proc_gkf,M0b_u_plus_logtau,target_models,3,144,ilr_z2,-0.3027621608401571,-0.2672470402315005
proc_gkf,M0b_u_plus_logtau,target_models,3,145,ilr_z2,-0.3019965021691972,-0.20684008280034755
proc_gkf,M0b_u_plus_logtau,target_models,3,146,ilr_z2,-0.0911109063822424,-0.237043561515924
proc_gkf,M0b_u_plus_logtau,target_models,3,147,ilr_z2,-0.2928733932939545,-0.17663660408477105
proc_gkf,M0b_u_plus_logtau,target_models,3,148,ilr_z2,-1.0846568296883292,-0.661294835986274
proc_gkf,M0b_u_plus_logtau,target_models,3,149,ilr_z2,-0.5480851664681791,-0.6310913572706975
proc_gkf,M0b_u_plus_logtau,target_models,3,150,ilr_z2,-0.2525456694938448,-0.6914983147018505
proc_gkf,M0b_u_plus_logtau,target_models,3,151,ilr_z2,-0.5620448925305433,-0.721701793417427
proc_gkf,M0b_u_plus_logtau,target_models,4,2,ilr_z2,0.5182216181845284,-0.5348404683870598
proc_gkf,M0b_u_plus_logtau,target_models,4,5,ilr_z2,-1.940805301438366,-0.8000777419165591
proc_gkf,M0b_u_plus_logtau,target_models,4,13,ilr_z2,-1.614473056844414,-0.8204344431690153
proc_gkf,M0b_u_plus_logtau,target_models,4,25,ilr_z2,-0.5036461443379504,-0.6958231775714776
proc_gkf,M0b_u_plus_logtau,target_models,4,52,ilr_z2,-0.4788069946524049,-0.18224737682451092
proc_gkf,M0b_u_plus_logtau,target_models,4,73,ilr_z2,-0.5316165113290052,-0.11209954283254048
proc_gkf,M0b_u_plus_logtau,target_models,4,122,ilr_z2,-1.311453182628654,-0.6069799246044258
proc_gkf,M0b_u_plus_logtau,target_models,4,136,ilr_z2,0.4252380211941015,-0.21821749479632213
proc_gkf,M0b_u_plus_logtau,target_models,4,164,ilr_z2,-1.5662458140815316,-0.5677135266735094
proc_gkf,M0b_u_plus_logtau,target_models,4,165,ilr_z2,-1.8451569596223183,-0.548080327708051
proc_gkf,M0b_u_plus_logtau,target_models,4,166,ilr_z2,-1.1747991448331432,-0.5284471287425928
proc_gkf,M0b_u_plus_logtau,target_models,4,167,ilr_z2,-1.8398507875353969,-0.5873467256389676
proc_gkf,M0b_u_plus_logtau,target_models,4,184,ilr_z2,0.3488021013448888,-0.2831517117262121
proc_gkf,M0b_u_plus_logtau,target_models,4,185,ilr_z2,0.7956564068517197,-0.30278491069167035
proc_gkf,M0b_u_plus_logtau,target_models,4,186,ilr_z2,0.7221347853067828,-0.24388531379529554
proc_gkf,M0b_u_plus_logtau,target_models,4,187,ilr_z2,0.7842535575418991,-0.26351851276075383
proc_gkf,M0b_u_plus_logtau,target_models,4,188,ilr_z2,0.4089178641829663,-0.1985842958308639
proc_gkf,M0b_u_plus_logtau,target_models,4,189,ilr_z2,0.3408069820378084,-0.1396846989344891
proc_gkf,M0b_u_plus_logtau,target_models,4,190,ilr_z2,0.4656972323647224,-0.15931789789994732
proc_gkf,M0b_u_plus_logtau,target_models,4,191,ilr_z2,-0.2083022863756323,-0.1789510968654056
proc_gkf,M0b_u_plus_logtau,target_models,0,4,A2_8_16,0.7663973995223651,0.6611578470307313
proc_gkf,M0b_u_plus_logtau,target_models,0,24,A2_8_16,0.1397929970599265,0.07646371253134937
proc_gkf,M0b_u_plus_logtau,target_models,0,26,A2_8_16,0.3277592868738584,0.08190628131695937
proc_gkf,M0b_u_plus_logtau,target_models,0,28,A2_8_16,0.3652046962555679,0.2689022798828356
proc_gkf,M0b_u_plus_logtau,target_models,0,48,A2_8_16,0.1439422060414616,0.4493421220923517
proc_gkf,M0b_u_plus_logtau,target_models,0,49,A2_8_16,0.1529213376419045,0.4493421220923517
proc_gkf,M0b_u_plus_logtau,target_models,0,50,A2_8_16,0.968531796740373,0.8150194853825491
proc_gkf,M0b_u_plus_logtau,target_models,0,126,A2_8_16,0.2904552971923126,0.2505229956037321
proc_gkf,M0b_u_plus_logtau,target_models,0,132,A2_8_16,0.4032794241209796,0.6569696415185301
proc_gkf,M0b_u_plus_logtau,target_models,0,152,A2_8_16,0.1916593851968016,0.2588376294452871
proc_gkf,M0b_u_plus_logtau,target_models,0,153,A2_8_16,0.4093289965880195,0.283781530969952
proc_gkf,M0b_u_plus_logtau,target_models,0,154,A2_8_16,0.7523513143574082,0.27546689712839706
proc_gkf,M0b_u_plus_logtau,target_models,0,155,A2_8_16,0.3496725676947528,0.26715226328684205
proc_gkf,M0b_u_plus_logtau,target_models,0,156,A2_8_16,0.5005700460312731,0.665284275360085
proc_gkf,M0b_u_plus_logtau,target_models,0,157,A2_8_16,0.8479548796209171,0.6819135430431951
proc_gkf,M0b_u_plus_logtau,target_models,0,158,A2_8_16,0.8997282243113676,0.67359890920164
proc_gkf,M0b_u_plus_logtau,target_models,0,159,A2_8_16,0.906662852903617,0.69022817688475
proc_gkf,M0b_u_plus_logtau,target_models,0,180,A2_8_16,0.876658817811322,0.8261579797582838
proc_gkf,M0b_u_plus_logtau,target_models,0,181,A2_8_16,0.4323368626607115,0.8178433459167288
proc_gkf,M0b_u_plus_logtau,target_models,0,182,A2_8_16,0.7136233011207184,0.8427872474413938
proc_gkf,M0b_u_plus_logtau,target_models,0,183,A2_8_16,0.9408544635622768,0.8344726135998388
proc_gkf,M0b_u_plus_logtau,target_models,1,3,A2_8_16,0.6848565322463434,0.6870118872405533
proc_gkf,M0b_u_plus_logtau,target_models,1,11,A2_8_16,0.814635835404978,0.6535986749111169
proc_gkf,M0b_u_plus_logtau,target_models,1,27,A2_8_16,0.4289387730949569,0.2942048490660184
proc_gkf,M0b_u_plus_logtau,target_models,1,54,A2_8_16,0.9009628591577852,0.7851133235112919
proc_gkf,M0b_u_plus_logtau,target_models,1,72,A2_8_16,0.2830216597611039,0.13851535470953713
proc_gkf,M0b_u_plus_logtau,target_models,1,78,A2_8_16,0.9225443341069854,0.928456604726585
proc_gkf,M0b_u_plus_logtau,target_models,1,120,A2_8_16,0.8944943574816656,0.8940720779615111
proc_gkf,M0b_u_plus_logtau,target_models,1,138,A2_8_16,0.1424116865615261,0.03162526228977591
proc_gkf,M0b_u_plus_logtau,target_models,1,168,A2_8_16,0.0994156775443189,0.09844520201542939
proc_gkf,M0b_u_plus_logtau,target_models,1,169,A2_8_16,0.097587665196269,0.07617188877354492
proc_gkf,M0b_u_plus_logtau,target_models,1,170,A2_8_16,0.1742853627065956,0.12071851525731386
proc_gkf,M0b_u_plus_logtau,target_models,1,171,A2_8_16,0.1599474558842803,0.053898575531660387
proc_gkf,M0b_u_plus_logtau,target_models,1,172,A2_8_16,0.8921688865244534,0.9608920176871646
proc_gkf,M0b_u_plus_logtau,target_models,1,173,A2_8_16,0.9661076702374072,0.9386187044452801
proc_gkf,M0b_u_plus_logtau,target_models,1,174,A2_8_16,0.7674693265969352,0.9831653309290491
proc_gkf,M0b_u_plus_logtau,target_models,1,175,A2_8_16,0.6893771332113418,0.9163453912033956
proc_gkf,M0b_u_plus_logtau,target_models,1,196,A2_8_16,0.3743380418133872,0.41528334712329296
proc_gkf,M0b_u_plus_logtau,target_models,1,197,A2_8_16,0.2879994399522551,0.4821032868489464
proc_gkf,M0b_u_plus_logtau,target_models,1,198,A2_8_16,0.2957720351316506,0.43755666036517743
proc_gkf,M0b_u_plus_logtau,target_models,1,199,A2_8_16,0.3726363977494947,0.4598299736070619
proc_gkf,M0b_u_plus_logtau,target_models,2,0,A2_8_16,0.036720770646403,0.13621825417372146
proc_gkf,M0b_u_plus_logtau,target_models,2,7,A2_8_16,0.9327131526105767,0.8423023399177492
proc_gkf,M0b_u_plus_logtau,target_models,2,12,A2_8_16,0.5767620748559564,0.7073457995487623
proc_gkf,M0b_u_plus_logtau,target_models,2,29,A2_8_16,0.6757951785952275,0.47353390293748887
proc_gkf,M0b_u_plus_logtau,target_models,2,51,A2_8_16,0.12792012603282,0.1277687208376288
proc_gkf,M0b_u_plus_logtau,target_models,2,77,A2_8_16,0.8985651245461259,0.7414805074968484
proc_gkf,M0b_u_plus_logtau,target_models,2,128,A2_8_16,0.2058224448213799,0.4827064531618098
proc_gkf,M0b_u_plus_logtau,target_models,2,130,A2_8_16,0.4419164485789251,0.7072044282978203
proc_gkf,M0b_u_plus_logtau,target_models,2,160,A2_8_16,0.7199290861368496,0.7270316155609726
proc_gkf,M0b_u_plus_logtau,target_models,2,161,A2_8_16,0.8205349159920327,0.7259617305616577
proc_gkf,M0b_u_plus_logtau,target_models,2,162,A2_8_16,0.4118082086874167,0.7238219605630277
proc_gkf,M0b_u_plus_logtau,target_models,2,163,A2_8_16,0.7829337262209217,0.7248918455623428
proc_gkf,M0b_u_plus_logtau,target_models,2,176,A2_8_16,0.614173452796375,0.4869859931590697
proc_gkf,M0b_u_plus_logtau,target_models,2,177,A2_8_16,0.5292008183387338,0.4859161081597547
proc_gkf,M0b_u_plus_logtau,target_models,2,178,A2_8_16,0.172460089101729,0.4848462231604398
proc_gkf,M0b_u_plus_logtau,target_models,2,179,A2_8_16,0.2284488983539017,0.4837763381611248
proc_gkf,M0b_u_plus_logtau,target_models,2,192,A2_8_16,0.753824022764901,0.7082743132971353
proc_gkf,M0b_u_plus_logtau,target_models,2,193,A2_8_16,0.683685936277253,0.7114839682950802
proc_gkf,M0b_u_plus_logtau,target_models,2,194,A2_8_16,0.678886742368729,0.7104140832957652
proc_gkf,M0b_u_plus_logtau,target_models,2,195,A2_8_16,0.8367731569721454,0.7093441982964502
proc_gkf,M0b_u_plus_logtau,target_models,3,1,A2_8_16,0.1961232572137329,0.2683483765995031
proc_gkf,M0b_u_plus_logtau,target_models,3,6,A2_8_16,0.9570384606388984,0.815126925246106
proc_gkf,M0b_u_plus_logtau,target_models,3,30,A2_8_16,0.8450779829639314,0.635987151500899
proc_gkf,M0b_u_plus_logtau,target_models,3,53,A2_8_16,0.1494548018772401,0.13495781624752567
proc_gkf,M0b_u_plus_logtau,target_models,3,74,A2_8_16,0.1678917533058013,0.6588827738607385
proc_gkf,M0b_u_plus_logtau,target_models,3,76,A2_8_16,0.083768854819673,0.2840425665424464
proc_gkf,M0b_u_plus_logtau,target_models,3,124,A2_8_16,0.3621450261390208,0.29454291565895047
proc_gkf,M0b_u_plus_logtau,target_models,3,134,A2_8_16,0.1202840571694714,0.15500850374405623
proc_gkf,M0b_u_plus_logtau,target_models,3,140,A2_8_16,0.2161409599196409,0.4377825832625222
proc_gkf,M0b_u_plus_logtau,target_models,3,141,A2_8_16,0.3554970461969606,0.41243621703461364
proc_gkf,M0b_u_plus_logtau,target_models,3,142,A2_8_16,0.5504001774406915,0.3870898508067051
proc_gkf,M0b_u_plus_logtau,target_models,3,143,A2_8_16,0.4887500345928944,0.36174348457879657
proc_gkf,M0b_u_plus_logtau,target_models,3,144,A2_8_16,0.2757511201425458,0.18035486997196476
proc_gkf,M0b_u_plus_logtau,target_models,3,145,A2_8_16,0.1384471986498286,0.23104760242778177
proc_gkf,M0b_u_plus_logtau,target_models,3,146,A2_8_16,0.1449642119347632,0.2057012361998733
proc_gkf,M0b_u_plus_logtau,target_models,3,147,A2_8_16,0.2034555409043313,0.2563939686556903
proc_gkf,M0b_u_plus_logtau,target_models,3,148,A2_8_16,0.8280700095585045,0.370582014342676
proc_gkf,M0b_u_plus_logtau,target_models,3,149,A2_8_16,0.1094047470852526,0.39592838057058455
proc_gkf,M0b_u_plus_logtau,target_models,3,150,A2_8_16,0.2602332049451156,0.3452356481147675
proc_gkf,M0b_u_plus_logtau,target_models,3,151,A2_8_16,0.092540025386341,0.319889281886859
proc_gkf,M0b_u_plus_logtau,target_models,4,2,A2_8_16,0.2995539380411224,0.5387745864108272
proc_gkf,M0b_u_plus_logtau,target_models,4,5,A2_8_16,0.9554864475023206,0.9014878269178113
proc_gkf,M0b_u_plus_logtau,target_models,4,13,A2_8_16,0.9553992553647612,0.8908547170107515
proc_gkf,M0b_u_plus_logtau,target_models,4,25,A2_8_16,0.6984861392748491,0.8127524063366647
proc_gkf,M0b_u_plus_logtau,target_models,4,52,A2_8_16,0.0120799449422375,0.12164939806777558
proc_gkf,M0b_u_plus_logtau,target_models,4,73,A2_8_16,0.295870409956582,0.10549338209175713
proc_gkf,M0b_u_plus_logtau,target_models,4,122,A2_8_16,0.909510154376974,0.7030126446917389
proc_gkf,M0b_u_plus_logtau,target_models,4,136,A2_8_16,0.0137397427233426,0.05371701520611771
proc_gkf,M0b_u_plus_logtau,target_models,4,164,A2_8_16,0.9582380550196586,0.7470797046071112
proc_gkf,M0b_u_plus_logtau,target_models,4,165,A2_8_16,0.9755310556113246,0.7691132345647971
proc_gkf,M0b_u_plus_logtau,target_models,4,166,A2_8_16,0.839874019631054,0.7911467645224832
proc_gkf,M0b_u_plus_logtau,target_models,4,167,A2_8_16,0.9097755639079348,0.725046174649425
proc_gkf,M0b_u_plus_logtau,target_models,4,184,A2_8_16,0.0813683298711656,0.24921438389541786
proc_gkf,M0b_u_plus_logtau,target_models,4,185,A2_8_16,0.1527146446101141,0.22718085393773174
proc_gkf,M0b_u_plus_logtau,target_models,4,186,A2_8_16,0.1398920757864579,0.2932814438107901
proc_gkf,M0b_u_plus_logtau,target_models,4,187,A2_8_16,0.0839330958615748,0.271247913853104
proc_gkf,M0b_u_plus_logtau,target_models,4,188,A2_8_16,0.1067703608298211,0.0757505451638038
proc_gkf,M0b_u_plus_logtau,target_models,4,189,A2_8_16,0.2393366975971487,0.14185113503686214
proc_gkf,M0b_u_plus_logtau,target_models,4,190,A2_8_16,0.1571360648425355,0.11981760507917605
proc_gkf,M0b_u_plus_logtau,target_models,4,191,A2_8_16,0.1248771653523978,0.09778407512148996
proc_gkf,M0b_u_plus_logtau,target_models,0,4,angular_entropy_8_16,0.4797589507759083,0.5805626248462512
proc_gkf,M0b_u_plus_logtau,target_models,0,24,angular_entropy_8_16,0.9474204100320134,0.9675847607024695
proc_gkf,M0b_u_plus_logtau,target_models,0,26,angular_entropy_8_16,0.9225450729133732,0.9737882884944971
proc_gkf,M0b_u_plus_logtau,target_models,0,28,angular_entropy_8_16,0.8950148339178446,0.8409687587665335
proc_gkf,M0b_u_plus_logtau,target_models,0,48,angular_entropy_8_16,0.920817709025902,0.694635003261847
proc_gkf,M0b_u_plus_logtau,target_models,0,49,angular_entropy_8_16,0.8931434690263835,0.694635003261847
proc_gkf,M0b_u_plus_logtau,target_models,0,50,angular_entropy_8_16,0.2884001251722402,0.4383487871325837
proc_gkf,M0b_u_plus_logtau,target_models,0,126,angular_entropy_8_16,0.89885340511558,0.9277268001215233
proc_gkf,M0b_u_plus_logtau,target_models,0,132,angular_entropy_8_16,0.7889791128491267,0.5628194175817475
proc_gkf,M0b_u_plus_logtau,target_models,0,152,angular_entropy_8_16,0.8968868497699488,0.9183739567948594
proc_gkf,M0b_u_plus_logtau,target_models,0,153,angular_entropy_8_16,0.8461600288419651,0.890315426814868
proc_gkf,M0b_u_plus_logtau,target_models,0,154,angular_entropy_8_16,0.670712883086662,0.8996682701415318
proc_gkf,M0b_u_plus_logtau,target_models,0,155,angular_entropy_8_16,0.9125242508369932,0.9090211134681957
proc_gkf,M0b_u_plus_logtau,target_models,0,156,angular_entropy_8_16,0.6888607676843875,0.5534665742550837
proc_gkf,M0b_u_plus_logtau,target_models,0,157,angular_entropy_8_16,0.4699264956424556,0.534760887601756
proc_gkf,M0b_u_plus_logtau,target_models,0,158,angular_entropy_8_16,0.443095790045536,0.5441137309284199
proc_gkf,M0b_u_plus_logtau,target_models,0,159,angular_entropy_8_16,0.3175805320209709,0.5254080442750921
proc_gkf,M0b_u_plus_logtau,target_models,0,180,angular_entropy_8_16,0.4177840495857789,0.46915793379607545
proc_gkf,M0b_u_plus_logtau,target_models,0,181,angular_entropy_8_16,0.7990186769658371,0.4785107771227393
proc_gkf,M0b_u_plus_logtau,target_models,0,182,angular_entropy_8_16,0.6347594924442568,0.45045224714274784
proc_gkf,M0b_u_plus_logtau,target_models,0,183,angular_entropy_8_16,0.3362955887065682,0.45980509046941165
proc_gkf,M0b_u_plus_logtau,target_models,1,3,angular_entropy_8_16,0.4779772055305059,0.5728795852426758
proc_gkf,M0b_u_plus_logtau,target_models,1,11,angular_entropy_8_16,0.4137629142447426,0.6087269880587087
proc_gkf,M0b_u_plus_logtau,target_models,1,27,angular_entropy_8_16,0.7550180697432503,0.8125314324389278
proc_gkf,M0b_u_plus_logtau,target_models,1,54,angular_entropy_8_16,0.3680154583415413,0.48111779501914864
proc_gkf,M0b_u_plus_logtau,target_models,1,72,angular_entropy_8_16,0.9313320998754409,0.9558244854473938
proc_gkf,M0b_u_plus_logtau,target_models,1,78,angular_entropy_8_16,0.3692855088966826,0.40138528433414267
proc_gkf,M0b_u_plus_logtau,target_models,1,120,angular_entropy_8_16,0.3697450945985387,0.4813072742237822
proc_gkf,M0b_u_plus_logtau,target_models,1,138,angular_entropy_8_16,0.9291252861861126,0.9979806002988627
proc_gkf,M0b_u_plus_logtau,target_models,1,168,angular_entropy_8_16,0.9489140989270426,0.936715771308705
proc_gkf,M0b_u_plus_logtau,target_models,1,169,angular_entropy_8_16,0.9460381156279748,0.9571373809720909
proc_gkf,M0b_u_plus_logtau,target_models,1,170,angular_entropy_8_16,0.9237814123548176,0.9162941616453191
proc_gkf,M0b_u_plus_logtau,target_models,1,171,angular_entropy_8_16,0.9189652508805556,0.9775589906354767
proc_gkf,M0b_u_plus_logtau,target_models,1,172,angular_entropy_8_16,0.3591420375657302,0.42004244523362455
proc_gkf,M0b_u_plus_logtau,target_models,1,173,angular_entropy_8_16,0.2972264256107618,0.44046405489701046
proc_gkf,M0b_u_plus_logtau,target_models,1,174,angular_entropy_8_16,0.5122610972711229,0.3996208355702387
proc_gkf,M0b_u_plus_logtau,target_models,1,175,angular_entropy_8_16,0.6689971221992281,0.46088566456039637
proc_gkf,M0b_u_plus_logtau,target_models,1,196,angular_entropy_8_16,0.8308767765595593,0.7511454377931528
proc_gkf,M0b_u_plus_logtau,target_models,1,197,angular_entropy_8_16,0.9135802614189036,0.6898806088029952
proc_gkf,M0b_u_plus_logtau,target_models,1,198,angular_entropy_8_16,0.9172874280680208,0.7307238281297669
proc_gkf,M0b_u_plus_logtau,target_models,1,199,angular_entropy_8_16,0.8870591115502044,0.710302218466381
proc_gkf,M0b_u_plus_logtau,target_models,2,0,angular_entropy_8_16,0.9336741740150308,0.9699514654854853
proc_gkf,M0b_u_plus_logtau,target_models,2,7,angular_entropy_8_16,0.3347323640142271,0.43808013785006644
proc_gkf,M0b_u_plus_logtau,target_models,2,12,angular_entropy_8_16,0.8460415028747486,0.5396765770723638
proc_gkf,M0b_u_plus_logtau,target_models,2,29,angular_entropy_8_16,0.6262326218701938,0.6954413283716177
proc_gkf,M0b_u_plus_logtau,target_models,2,51,angular_entropy_8_16,0.9174741956782942,0.946452122504318
proc_gkf,M0b_u_plus_logtau,target_models,2,77,angular_entropy_8_16,0.3569701574235101,0.4852353491556747
proc_gkf,M0b_u_plus_logtau,target_models,2,128,angular_entropy_8_16,0.9260806406075238,0.7293364477646632
proc_gkf,M0b_u_plus_logtau,target_models,2,130,angular_entropy_8_16,0.7711020866117768,0.5233125899541868
proc_gkf,M0b_u_plus_logtau,target_models,2,160,angular_entropy_8_16,0.529106012565758,0.5106700861684367
proc_gkf,M0b_u_plus_logtau,target_models,2,161,angular_entropy_8_16,0.4332499422431948,0.5142244616594251
proc_gkf,M0b_u_plus_logtau,target_models,2,162,angular_entropy_8_16,0.7431830317351423,0.5213332126414019
proc_gkf,M0b_u_plus_logtau,target_models,2,163,angular_entropy_8_16,0.5337060876810991,0.5177788371504135
proc_gkf,M0b_u_plus_logtau,target_models,2,176,angular_entropy_8_16,0.6525457217288756,0.7151189458007097
proc_gkf,M0b_u_plus_logtau,target_models,2,177,angular_entropy_8_16,0.7347081037517762,0.718673321291698
proc_gkf,M0b_u_plus_logtau,target_models,2,178,angular_entropy_8_16,0.9018638342756242,0.7222276967826864
proc_gkf,M0b_u_plus_logtau,target_models,2,179,angular_entropy_8_16,0.9261454327046916,0.7257820722736747
proc_gkf,M0b_u_plus_logtau,target_models,2,192,angular_entropy_8_16,0.5403562611206696,0.5197582144631985
proc_gkf,M0b_u_plus_logtau,target_models,2,193,angular_entropy_8_16,0.555296814064717,0.5090950879902334
proc_gkf,M0b_u_plus_logtau,target_models,2,194,angular_entropy_8_16,0.5879662490128611,0.5126494634812218
proc_gkf,M0b_u_plus_logtau,target_models,2,195,angular_entropy_8_16,0.4632606662863817,0.5162038389722101
proc_gkf,M0b_u_plus_logtau,target_models,3,1,angular_entropy_8_16,0.9344989266450388,0.8636237782584608
proc_gkf,M0b_u_plus_logtau,target_models,3,6,angular_entropy_8_16,0.3059312830097316,0.45550796246662417
proc_gkf,M0b_u_plus_logtau,target_models,3,30,angular_entropy_8_16,0.4270172017517478,0.578358026027362
proc_gkf,M0b_u_plus_logtau,target_models,3,53,angular_entropy_8_16,0.9549473698303074,0.9521318959164058
proc_gkf,M0b_u_plus_logtau,target_models,3,74,angular_entropy_8_16,0.8628655108189245,0.5887268119311374
proc_gkf,M0b_u_plus_logtau,target_models,3,76,angular_entropy_8_16,0.9276734581533804,0.8836970420389997
proc_gkf,M0b_u_plus_logtau,target_models,3,124,angular_entropy_8_16,0.9147947212843128,0.880446756052641
proc_gkf,M0b_u_plus_logtau,target_models,3,134,angular_entropy_8_16,0.9256549829438804,0.9920038073589234
proc_gkf,M0b_u_plus_logtau,target_models,3,140,angular_entropy_8_16,0.9186711438978736,0.8555966498012172
proc_gkf,M0b_u_plus_logtau,target_models,3,141,angular_entropy_8_16,0.8244759686032876,0.8735850661021238
proc_gkf,M0b_u_plus_logtau,target_models,3,142,angular_entropy_8_16,0.7039581650501197,0.8915734824030304
proc_gkf,M0b_u_plus_logtau,target_models,3,143,angular_entropy_8_16,0.8428423390558621,0.909561898703937
proc_gkf,M0b_u_plus_logtau,target_models,3,144,angular_entropy_8_16,0.9229279357306308,0.9740153910580168
proc_gkf,M0b_u_plus_logtau,target_models,3,145,angular_entropy_8_16,0.922783471297476,0.9380385584562037
proc_gkf,M0b_u_plus_logtau,target_models,3,146,angular_entropy_8_16,0.9231359438631118,0.9560269747571102
proc_gkf,M0b_u_plus_logtau,target_models,3,147,angular_entropy_8_16,0.9269865002523372,0.9200501421552971
proc_gkf,M0b_u_plus_logtau,target_models,3,148,angular_entropy_8_16,0.4855636245332228,0.8264815071499212
proc_gkf,M0b_u_plus_logtau,target_models,3,149,angular_entropy_8_16,0.8920301113985419,0.8084930908490147
proc_gkf,M0b_u_plus_logtau,target_models,3,150,angular_entropy_8_16,0.8955164962962591,0.8444699234508278
proc_gkf,M0b_u_plus_logtau,target_models,3,151,angular_entropy_8_16,0.9379010426946844,0.8624583397517344
proc_gkf,M0b_u_plus_logtau,target_models,4,2,angular_entropy_8_16,0.9205390814978176,0.6682399960311236
proc_gkf,M0b_u_plus_logtau,target_models,4,5,angular_entropy_8_16,0.2977525663111084,0.3888462929696912
proc_gkf,M0b_u_plus_logtau,target_models,4,13,angular_entropy_8_16,0.3072768389189138,0.40431992776492376
proc_gkf,M0b_u_plus_logtau,target_models,4,25,angular_entropy_8_16,0.5816707058259681,0.44178429273333963
proc_gkf,M0b_u_plus_logtau,target_models,4,52,angular_entropy_8_16,0.9454630740160777,0.9648743792434205
proc_gkf,M0b_u_plus_logtau,target_models,4,73,angular_entropy_8_16,0.9116719197777746,0.9919096067946249
proc_gkf,M0b_u_plus_logtau,target_models,4,122,angular_entropy_8_16,0.3799420973435737,0.5555021686468716
proc_gkf,M0b_u_plus_logtau,target_models,4,136,angular_entropy_8_16,0.934421785090228,1.037009985045663
proc_gkf,M0b_u_plus_logtau,target_models,4,164,angular_entropy_8_16,0.2978953473076548,0.5102553765836105
proc_gkf,M0b_u_plus_logtau,target_models,4,165,angular_entropy_8_16,0.2891071456764625,0.48763198055197987
proc_gkf,M0b_u_plus_logtau,target_models,4,166,angular_entropy_8_16,0.5735781124762749,0.4650085845203493
proc_gkf,M0b_u_plus_logtau,target_models,4,167,angular_entropy_8_16,0.3864674284362529,0.5328787726152411
proc_gkf,M0b_u_plus_logtau,target_models,4,184,angular_entropy_8_16,0.9037991223507064,0.8700645045863252
proc_gkf,M0b_u_plus_logtau,target_models,4,185,angular_entropy_8_16,0.9311772202530342,0.8926879006179558
proc_gkf,M0b_u_plus_logtau,target_models,4,186,angular_entropy_8_16,0.9236751177150362,0.824817712523064
proc_gkf,M0b_u_plus_logtau,target_models,4,187,angular_entropy_8_16,0.9195262355547972,0.8474411085546947
proc_gkf,M0b_u_plus_logtau,target_models,4,188,angular_entropy_8_16,0.920884974370498,1.0143865890140324
proc_gkf,M0b_u_plus_logtau,target_models,4,189,angular_entropy_8_16,0.9420986012995588,0.9465164009191407
proc_gkf,M0b_u_plus_logtau,target_models,4,190,angular_entropy_8_16,0.9351595528240708,0.9691397969507713
proc_gkf,M0b_u_plus_logtau,target_models,4,191,angular_entropy_8_16,0.8997282864766862,0.9917631929824019
proc_gkf,M0b_u_plus_logtau,target_models,0,4,lambda_star_4_32,8.748435560785481,11.414858978707239
proc_gkf,M0b_u_plus_logtau,target_models,0,24,lambda_star_4_32,12.772355638285045,11.84098135582508
proc_gkf,M0b_u_plus_logtau,target_models,0,26,lambda_star_4_32,16.85114805181296,13.219288644640354
proc_gkf,M0b_u_plus_logtau,target_models,0,28,lambda_star_4_32,16.448715843082976,12.68860909530647
proc_gkf,M0b_u_plus_logtau,target_models,0,48,lambda_star_4_32,9.708231566821965,10.232124897967125
proc_gkf,M0b_u_plus_logtau,target_models,0,49,lambda_star_4_32,9.89823266090284,10.232124897967125
proc_gkf,M0b_u_plus_logtau,target_models,0,50,lambda_star_4_32,9.324161269491098,9.642853864524314
proc_gkf,M0b_u_plus_logtau,target_models,0,126,lambda_star_4_32,12.950437243891914,14.531300968231086
proc_gkf,M0b_u_plus_logtau,target_models,0,132,lambda_star_4_32,9.773721145239106,12.102984352206901
proc_gkf,M0b_u_plus_logtau,target_models,0,153,lambda_star_4_32,17.17652433675191,12.642948707331255
proc_gkf,M0b_u_plus_logtau,target_models,0,154,lambda_star_4_32,18.23764737785915,13.115036772556213
proc_gkf,M0b_u_plus_logtau,target_models,0,155,lambda_star_4_32,18.025408887417036,13.587124837781172
proc_gkf,M0b_u_plus_logtau,target_models,0,156,lambda_star_4_32,10.716409207930754,11.630896286981944
proc_gkf,M0b_u_plus_logtau,target_models,0,157,lambda_star_4_32,13.43765651228388,10.68672015653203
proc_gkf,M0b_u_plus_logtau,target_models,0,158,lambda_star_4_32,11.444534053265324,11.158808221756987
proc_gkf,M0b_u_plus_logtau,target_models,0,159,lambda_star_4_32,9.024660111865645,10.214632091307072
proc_gkf,M0b_u_plus_logtau,target_models,0,180,lambda_star_4_32,11.81471575262988,13.8646933019266
proc_gkf,M0b_u_plus_logtau,target_models,0,181,lambda_star_4_32,13.459631624030925,14.33678136715156
proc_gkf,M0b_u_plus_logtau,target_models,0,182,lambda_star_4_32,15.652923642651267,12.920517171476686
proc_gkf,M0b_u_plus_logtau,target_models,0,183,lambda_star_4_32,11.121279222471847,13.392605236701643
proc_gkf,M0b_u_plus_logtau,target_models,1,3,lambda_star_4_32,8.585566378279855,10.7664742200672
proc_gkf,M0b_u_plus_logtau,target_models,1,11,lambda_star_4_32,10.595772488586423,11.670503142528075
proc_gkf,M0b_u_plus_logtau,target_models,1,27,lambda_star_4_32,10.15857296040633,12.150229667419497
proc_gkf,M0b_u_plus_logtau,target_models,1,54,lambda_star_4_32,11.975549042291357,10.087151143375785
proc_gkf,M0b_u_plus_logtau,target_models,1,72,lambda_star_4_32,14.56665793369415,12.297829564410252
proc_gkf,M0b_u_plus_logtau,target_models,1,78,lambda_star_4_32,10.267739738899023,9.713804581319403
proc_gkf,M0b_u_plus_logtau,target_models,1,120,lambda_star_4_32,10.003348406161974,11.629951327324472
proc_gkf,M0b_u_plus_logtau,target_models,1,138,lambda_star_4_32,15.304477293099653,12.440592401690935
proc_gkf,M0b_u_plus_logtau,target_models,1,168,lambda_star_4_32,9.864797093561378,11.929405225294884
proc_gkf,M0b_u_plus_logtau,target_models,1,169,lambda_star_4_32,11.80156011694523,12.099800950760233
proc_gkf,M0b_u_plus_logtau,target_models,1,170,lambda_star_4_32,10.992604555676673,11.759009499829533
proc_gkf,M0b_u_plus_logtau,target_models,1,171,lambda_star_4_32,13.021054880614983,12.270196676225584
proc_gkf,M0b_u_plus_logtau,target_models,1,172,lambda_star_4_32,9.407459257280316,11.11876415092842
proc_gkf,M0b_u_plus_logtau,target_models,1,173,lambda_star_4_32,10.56715703018984,11.289159876393771
proc_gkf,M0b_u_plus_logtau,target_models,1,174,lambda_star_4_32,10.192698599791559,10.948368425463071
proc_gkf,M0b_u_plus_logtau,target_models,1,175,lambda_star_4_32,17.38592853614663,11.459555601859122
proc_gkf,M0b_u_plus_logtau,target_models,1,196,lambda_star_4_32,10.255244325789706,12.753934057260343
proc_gkf,M0b_u_plus_logtau,target_models,1,197,lambda_star_4_32,10.02800697834505,12.242746880864292
proc_gkf,M0b_u_plus_logtau,target_models,1,198,lambda_star_4_32,10.775048279182267,12.583538331794994
proc_gkf,M0b_u_plus_logtau,target_models,1,199,lambda_star_4_32,10.366167238577734,12.413142606329643
proc_gkf,M0b_u_plus_logtau,target_models,2,0,lambda_star_4_32,15.036163152530207,12.763065758131273
proc_gkf,M0b_u_plus_logtau,target_models,2,7,lambda_star_4_32,10.131741650392286,10.051588965957324
proc_gkf,M0b_u_plus_logtau,target_models,2,12,lambda_star_4_32,16.49892017171428,11.630109784324734
proc_gkf,M0b_u_plus_logtau,target_models,2,29,lambda_star_4_32,11.469957883713992,11.0831450007872
proc_gkf,M0b_u_plus_logtau,target_models,2,77,lambda_star_4_32,9.144133649393266,10.797731004561127
proc_gkf,M0b_u_plus_logtau,target_models,2,128,lambda_star_4_32,10.626113959029189,13.53022197142776
proc_gkf,M0b_u_plus_logtau,target_models,2,130,lambda_star_4_32,10.525656126642762,11.381279980887092
proc_gkf,M0b_u_plus_logtau,target_models,2,160,lambda_star_4_32,8.957803609676962,10.513481139031304
proc_gkf,M0b_u_plus_logtau,target_models,2,161,lambda_star_4_32,10.187201719133206,10.788268965630927
proc_gkf,M0b_u_plus_logtau,target_models,2,162,lambda_star_4_32,17.094888583756347,11.337844618830172
proc_gkf,M0b_u_plus_logtau,target_models,2,163,lambda_star_4_32,11.185404169702867,11.06305679223055
proc_gkf,M0b_u_plus_logtau,target_models,2,176,lambda_star_4_32,16.934453385495903,12.43107066502927
proc_gkf,M0b_u_plus_logtau,target_models,2,177,lambda_star_4_32,10.025623028224507,12.705858491628893
proc_gkf,M0b_u_plus_logtau,target_models,2,178,lambda_star_4_32,12.712627116310939,12.980646318228516
proc_gkf,M0b_u_plus_logtau,target_models,2,179,lambda_star_4_32,12.903457466297608,13.255434144828138
proc_gkf,M0b_u_plus_logtau,target_models,2,192,lambda_star_4_32,10.99798231417217,11.10649215428747
proc_gkf,M0b_u_plus_logtau,target_models,2,193,lambda_star_4_32,9.511936587414986,10.282128674488602
proc_gkf,M0b_u_plus_logtau,target_models,2,194,lambda_star_4_32,9.64445815674146,10.556916501088224
proc_gkf,M0b_u_plus_logtau,target_models,2,195,lambda_star_4_32,10.912131490668889,10.831704327687847
proc_gkf,M0b_u_plus_logtau,target_models,3,1,lambda_star_4_32,11.668512421861447,13.012534281828692
proc_gkf,M0b_u_plus_logtau,target_models,3,6,lambda_star_4_32,10.03098145708803,10.592092592479677
proc_gkf,M0b_u_plus_logtau,target_models,3,30,lambda_star_4_32,9.442777413200083,10.206582367932226
proc_gkf,M0b_u_plus_logtau,target_models,3,53,lambda_star_4_32,13.839279657921876,13.158260779860424
proc_gkf,M0b_u_plus_logtau,target_models,3,74,lambda_star_4_32,10.395135974354487,10.818067644095327
proc_gkf,M0b_u_plus_logtau,target_models,3,76,lambda_star_4_32,12.662404172006315,13.990091730347284
proc_gkf,M0b_u_plus_logtau,target_models,3,134,lambda_star_4_32,10.280225900836875,15.931822553401062
proc_gkf,M0b_u_plus_logtau,target_models,3,140,lambda_star_4_32,14.266299800171103,18.37311170818616
proc_gkf,M0b_u_plus_logtau,target_models,3,141,lambda_star_4_32,12.406930408458866,18.710934090088617
proc_gkf,M0b_u_plus_logtau,target_models,3,142,lambda_star_4_32,13.686953355865574,19.048756471991076
proc_gkf,M0b_u_plus_logtau,target_models,3,143,lambda_star_4_32,20.33910218473801,19.38657885389354
proc_gkf,M0b_u_plus_logtau,target_models,3,144,lambda_star_4_32,19.21712122703679,15.594000171498603
proc_gkf,M0b_u_plus_logtau,target_models,3,145,lambda_star_4_32,15.917534514704242,14.918355407693682
proc_gkf,M0b_u_plus_logtau,target_models,3,146,lambda_star_4_32,13.238470411514887,15.256177789596144
proc_gkf,M0b_u_plus_logtau,target_models,3,147,lambda_star_4_32,16.39308904929755,14.580533025791222
proc_gkf,M0b_u_plus_logtau,target_models,3,148,lambda_star_4_32,13.505688064382563,14.429459143026987
proc_gkf,M0b_u_plus_logtau,target_models,3,149,lambda_star_4_32,15.949985575742025,14.091636761124526
proc_gkf,M0b_u_plus_logtau,target_models,3,150,lambda_star_4_32,13.19434205978971,14.767281524929448
proc_gkf,M0b_u_plus_logtau,target_models,3,151,lambda_star_4_32,15.981702306235912,15.105103906831907
proc_gkf,M0b_u_plus_logtau,target_models,4,2,lambda_star_4_32,8.978347929581629,11.619479192585072
proc_gkf,M0b_u_plus_logtau,target_models,4,5,lambda_star_4_32,9.476722768932733,9.745984372198464
proc_gkf,M0b_u_plus_logtau,target_models,4,13,lambda_star_4_32,9.57889903024946,10.430189149081276
proc_gkf,M0b_u_plus_logtau,target_models,4,25,lambda_star_4_32,9.448952183282888,9.267784622361965
proc_gkf,M0b_u_plus_logtau,target_models,4,52,lambda_star_4_32,13.657657525470372,13.118139218061188
proc_gkf,M0b_u_plus_logtau,target_models,4,73,lambda_star_4_32,12.40952841173918,13.346537705636965
proc_gkf,M0b_u_plus_logtau,target_models,4,122,lambda_star_4_32,11.266255756141158,11.029035219338466
proc_gkf,M0b_u_plus_logtau,target_models,4,136,lambda_star_4_32,11.169791350259981,13.593529860349323
proc_gkf,M0b_u_plus_logtau,target_models,4,164,lambda_star_4_32,10.149086117041653,10.429463774577101
proc_gkf,M0b_u_plus_logtau,target_models,4,165,lambda_star_4_32,10.06947567876668,10.129678052196418
proc_gkf,M0b_u_plus_logtau,target_models,4,166,lambda_star_4_32,9.909591159098213,9.829892329815737
proc_gkf,M0b_u_plus_logtau,target_models,4,184,lambda_star_4_32,10.889582183271099,12.009313157197756
proc_gkf,M0b_u_plus_logtau,target_models,4,185,lambda_star_4_32,9.844185813333066,12.309098879578437
proc_gkf,M0b_u_plus_logtau,target_models,4,186,lambda_star_4_32,9.56283765931253,11.409741712436391
proc_gkf,M0b_u_plus_logtau,target_models,4,187,lambda_star_4_32,9.390936745447487,11.709527434817073
proc_gkf,M0b_u_plus_logtau,target_models,4,188,lambda_star_4_32,11.805113379327635,13.293744137968641
proc_gkf,M0b_u_plus_logtau,target_models,4,189,lambda_star_4_32,10.922526745032467,12.394386970826595
proc_gkf,M0b_u_plus_logtau,target_models,4,190,lambda_star_4_32,9.720938860159308,12.694172693207276
proc_gkf,M1_u_plus_What,target_models,0,4,p_8_16,0.5602002984476983,0.3952166869088246
proc_gkf,M1_u_plus_What,target_models,0,24,p_8_16,0.2569624712389576,0.1549623939609388
proc_gkf,M1_u_plus_What,target_models,0,26,p_8_16,0.1868192616154143,0.11350560809269561
proc_gkf,M1_u_plus_What,target_models,0,28,p_8_16,0.2504962607918012,0.2138059564911135
proc_gkf,M1_u_plus_What,target_models,0,48,p_8_16,0.2767720104089806,0.3768634392307303
proc_gkf,M1_u_plus_What,target_models,0,49,p_8_16,0.2454664380648269,0.3768634392307303
proc_gkf,M1_u_plus_What,target_models,0,50,p_8_16,0.8998240927744701,0.5469414937676995
proc_gkf,M1_u_plus_What,target_models,0,126,p_8_16,0.0358979214122202,0.047437582605923845
proc_gkf,M1_u_plus_What,target_models,0,132,p_8_16,0.3514324181582739,0.4027100922260645
proc_gkf,M1_u_plus_What,target_models,0,152,p_8_16,0.0364217616612413,0.0779602248657904
proc_gkf,M1_u_plus_What,target_models,0,153,p_8_16,0.0287520199617658,0.16952815164539006
proc_gkf,M1_u_plus_What,target_models,0,154,p_8_16,0.0328626821146418,0.13900550938552347
proc_gkf,M1_u_plus_What,target_models,0,155,p_8_16,0.0416435958762092,0.10848286712565697
proc_gkf,M1_u_plus_What,target_models,0,156,p_8_16,0.4358789631566422,0.433232734485931
proc_gkf,M1_u_plus_What,target_models,0,157,p_8_16,0.2648002595102144,0.49427801900566415
proc_gkf,M1_u_plus_What,target_models,0,158,p_8_16,0.4961240478265122,0.4637553767457976
proc_gkf,M1_u_plus_What,target_models,0,159,p_8_16,0.4015733472101155,0.5248006612655307
proc_gkf,M1_u_plus_What,target_models,0,180,p_8_16,0.4111016568530389,0.4481298554450363
proc_gkf,M1_u_plus_What,target_models,0,181,p_8_16,0.2658185167522623,0.41760721318516975
proc_gkf,M1_u_plus_What,target_models,0,182,p_8_16,0.2227624333178619,0.5091751399647694
proc_gkf,M1_u_plus_What,target_models,0,183,p_8_16,0.7202682584473413,0.4786524977049028
proc_gkf,M1_u_plus_What,target_models,1,3,p_8_16,0.6397237770389178,0.42967442386945065
proc_gkf,M1_u_plus_What,target_models,1,11,p_8_16,0.1400912351783912,0.3787296456217932
proc_gkf,M1_u_plus_What,target_models,1,27,p_8_16,0.4235140119089293,0.2654822578820455
proc_gkf,M1_u_plus_What,target_models,1,54,p_8_16,0.591649700692359,0.5187275221904986
proc_gkf,M1_u_plus_What,target_models,1,72,p_8_16,0.2776858930884566,0.12390408446249945
proc_gkf,M1_u_plus_What,target_models,1,78,p_8_16,0.7115431096112693,0.5667206983365554
proc_gkf,M1_u_plus_What,target_models,1,120,p_8_16,0.6385208994142718,0.41130188782990557
proc_gkf,M1_u_plus_What,target_models,1,138,p_8_16,0.1847908933976274,0.11251715134664153
proc_gkf,M1_u_plus_What,target_models,1,168,p_8_16,0.1913327549278874,0.18503553889450797
proc_gkf,M1_u_plus_What,target_models,1,169,p_8_16,0.1842514902661812,0.16086274304521916
proc_gkf,M1_u_plus_What,target_models,1,170,p_8_16,0.3336929555162605,0.20920833474379683
proc_gkf,M1_u_plus_What,target_models,1,171,p_8_16,0.2025555550279888,0.13668994719593033
proc_gkf,M1_u_plus_What,target_models,1,172,p_8_16,0.7385844374380425,0.48382027537777206
proc_gkf,M1_u_plus_What,target_models,1,173,p_8_16,0.7192385949231982,0.4596474795284832
proc_gkf,M1_u_plus_What,target_models,1,174,p_8_16,0.5141086157929576,0.5079930712270608
proc_gkf,M1_u_plus_What,target_models,1,175,p_8_16,0.2465341404848374,0.4354746836791944
proc_gkf,M1_u_plus_What,target_models,1,196,p_8_16,0.0937627138652451,0.2066820488432453
proc_gkf,M1_u_plus_What,target_models,1,197,p_8_16,0.1036259524185608,0.27920043639111175
proc_gkf,M1_u_plus_What,target_models,1,198,p_8_16,0.1707622685467746,0.2308548446925341
proc_gkf,M1_u_plus_What,target_models,1,199,p_8_16,0.1371810986872629,0.2550276405418229
proc_gkf,M1_u_plus_What,target_models,2,0,p_8_16,0.0342382099309782,0.11183116196921875
proc_gkf,M1_u_plus_What,target_models,2,7,p_8_16,0.8153931899623513,0.5474455387857542
proc_gkf,M1_u_plus_What,target_models,2,12,p_8_16,0.1921998610687837,0.47767511176178246
proc_gkf,M1_u_plus_What,target_models,2,29,p_8_16,0.4925534341695751,0.3985546150201845
proc_gkf,M1_u_plus_What,target_models,2,51,p_8_16,0.034702128595685,0.19737466995607766
proc_gkf,M1_u_plus_What,target_models,2,77,p_8_16,0.6823572333973394,0.5902839567048684
proc_gkf,M1_u_plus_What,target_models,2,128,p_8_16,0.0803054078882494,0.25150291969803606
proc_gkf,M1_u_plus_What,target_models,2,130,p_8_16,0.2186092713118247,0.4743896497202337
proc_gkf,M1_u_plus_What,target_models,2,160,p_8_16,0.5088771820307446,0.5852385561234497
proc_gkf,M1_u_plus_What,target_models,2,161,p_8_16,0.3550479848987524,0.5647885865688783
proc_gkf,M1_u_plus_What,target_models,2,162,p_8_16,0.0687775708107536,0.523888647459735
proc_gkf,M1_u_plus_What,target_models,2,163,p_8_16,0.4710725716838595,0.5443386170143063
proc_gkf,M1_u_plus_What,target_models,2,176,p_8_16,0.1664049856670875,0.3333027979163222
proc_gkf,M1_u_plus_What,target_models,2,177,p_8_16,0.1705521628824458,0.31285282836175077
proc_gkf,M1_u_plus_What,target_models,2,178,p_8_16,0.1096771945811592,0.29240285880717937
proc_gkf,M1_u_plus_What,target_models,2,179,p_8_16,0.08059610386861,0.2719528892526074
proc_gkf,M1_u_plus_What,target_models,2,192,p_8_16,0.2693234213407359,0.4948396192748051
proc_gkf,M1_u_plus_What,target_models,2,193,p_8_16,0.5261741447507422,0.5561895279385198
proc_gkf,M1_u_plus_What,target_models,2,194,p_8_16,0.3517594854261314,0.5357395583839484
proc_gkf,M1_u_plus_What,target_models,2,195,p_8_16,0.2138727626229319,0.515289588829377
proc_gkf,M1_u_plus_What,target_models,3,1,p_8_16,0.2730637583192485,0.17654979660506076
proc_gkf,M1_u_plus_What,target_models,3,6,p_8_16,0.8934367400816127,0.5687780446234203
proc_gkf,M1_u_plus_What,target_models,3,30,p_8_16,0.4418353332682509,0.45941379561377715
proc_gkf,M1_u_plus_What,target_models,3,53,p_8_16,0.2736571121857817,0.10198666797543116
proc_gkf,M1_u_plus_What,target_models,3,74,p_8_16,0.377942131592927,0.45378978596449715
proc_gkf,M1_u_plus_What,target_models,3,76,p_8_16,0.2692309609802786,0.124919974347482
proc_gkf,M1_u_plus_What,target_models,3,124,p_8_16,0.0216273774759846,-0.041384009469926264
proc_gkf,M1_u_plus_What,target_models,3,134,p_8_16,0.1717238418083919,-0.08422452746658254
proc_gkf,M1_u_plus_What,target_models,3,140,p_8_16,0.3013360338424688,0.013770360660169456
proc_gkf,M1_u_plus_What,target_models,3,141,p_8_16,0.2359916126573756,-0.016438128603789626
proc_gkf,M1_u_plus_What,target_models,3,142,p_8_16,0.1697483102128793,-0.0466466178677486
proc_gkf,M1_u_plus_What,target_models,3,143,p_8_16,0.0670632467328167,-0.07685510713170773
proc_gkf,M1_u_plus_What,target_models,3,144,p_8_16,0.0980992963841571,-0.05401603820262346
proc_gkf,M1_u_plus_What,target_models,3,145,p_8_16,0.1444384491418675,0.006400940325294702
proc_gkf,M1_u_plus_What,target_models,3,146,p_8_16,0.1241892480864522,-0.023807548938664436
proc_gkf,M1_u_plus_What,target_models,3,147,p_8_16,0.1558258281900654,0.036609429589253784
proc_gkf,M1_u_plus_What,target_models,3,148,p_8_16,0.401710597995235,0.04924145832195098
proc_gkf,M1_u_plus_What,target_models,3,149,p_8_16,0.1328859474968257,0.07944994758591004
proc_gkf,M1_u_plus_What,target_models,3,150,p_8_16,0.1886239553165941,0.019032969057991955
proc_gkf,M1_u_plus_What,target_models,3,151,p_8_16,0.1255392642729608,-0.011175520205967182
proc_gkf,M1_u_plus_What,target_models,4,2,p_8_16,0.2105184725521856,0.3674627146408868
proc_gkf,M1_u_plus_What,target_models,4,5,p_8_16,0.9126072594872168,0.5608714729287507
proc_gkf,M1_u_plus_What,target_models,4,13,p_8_16,0.8570775630331313,0.5278521646720968
proc_gkf,M1_u_plus_What,target_models,4,25,p_8_16,0.4732961296022142,0.544832271995719
proc_gkf,M1_u_plus_What,target_models,4,52,p_8_16,0.1684546978474572,0.17334689855864094
proc_gkf,M1_u_plus_What,target_models,4,73,p_8_16,0.0992533930074463,0.1386070413101849
proc_gkf,M1_u_plus_What,target_models,4,122,p_8_16,0.4406507189391591,0.4075801855504736
proc_gkf,M1_u_plus_What,target_models,4,136,p_8_16,0.0563523977609129,0.13338312606081706
proc_gkf,M1_u_plus_What,target_models,4,164,p_8_16,0.6764301662347564,0.4397359942495991
proc_gkf,M1_u_plus_What,target_models,4,165,p_8_16,0.7778128600771657,0.45581389859916177
proc_gkf,M1_u_plus_What,target_models,4,166,p_8_16,0.6945002041668196,0.47189180294872457
proc_gkf,M1_u_plus_What,target_models,4,167,p_8_16,0.0301198360435335,0.42365808990003634
proc_gkf,M1_u_plus_What,target_models,4,184,p_8_16,0.0631820767179308,0.2563811914150285
proc_gkf,M1_u_plus_What,target_models,4,185,p_8_16,0.1389519509063684,0.24030328706546572
proc_gkf,M1_u_plus_What,target_models,4,186,p_8_16,0.1825270019056839,0.28853700011415395
proc_gkf,M1_u_plus_What,target_models,4,187,p_8_16,0.1519809787257946,0.27245909576459126
proc_gkf,M1_u_plus_What,target_models,4,188,p_8_16,0.0702510568476217,0.14946103041037978
proc_gkf,M1_u_plus_What,target_models,4,189,p_8_16,0.1838437744363198,0.197694743459068
proc_gkf,M1_u_plus_What,target_models,4,190,p_8_16,0.2090658333441498,0.1816168391095053
proc_gkf,M1_u_plus_What,target_models,4,191,p_8_16,0.0024359757659457,0.16553893475994255
proc_gkf,M1_u_plus_What,target_models,0,4,ilr_z2,-0.7349798880860732,-0.7275819699116342
proc_gkf,M1_u_plus_What,target_models,0,24,ilr_z2,-0.5464013923450972,0.14981731762904393
proc_gkf,M1_u_plus_What,target_models,0,26,ilr_z2,-0.6587406275693465,0.01913934070803175
proc_gkf,M1_u_plus_What,target_models,0,28,ilr_z2,-0.6824863239163869,-0.2579539480633112
proc_gkf,M1_u_plus_What,target_models,0,48,ilr_z2,0.3640795136307608,-0.39163660466338474
proc_gkf,M1_u_plus_What,target_models,0,49,ilr_z2,0.4084297996084903,-0.39163660466338474
proc_gkf,M1_u_plus_What,target_models,0,50,ilr_z2,-1.7718920514165597,-0.9793090237047598
proc_gkf,M1_u_plus_What,target_models,0,126,ilr_z2,0.1514234499286074,-0.10505463202893617
proc_gkf,M1_u_plus_What,target_models,0,132,ilr_z2,-0.2458171955326751,-0.9290016649734988
proc_gkf,M1_u_plus_What,target_models,0,152,ilr_z2,-0.4809182251615883,-0.07156879053024667
proc_gkf,M1_u_plus_What,target_models,0,153,ilr_z2,-0.5677240117208077,0.028888733965821478
proc_gkf,M1_u_plus_What,target_models,0,154,ilr_z2,-0.4000705590825106,-0.004597107532867906
proc_gkf,M1_u_plus_What,target_models,0,155,ilr_z2,-0.3930149251358204,-0.03808294903155729
proc_gkf,M1_u_plus_What,target_models,0,156,ilr_z2,-0.9637846254921072,-0.8955158234748093
proc_gkf,M1_u_plus_What,target_models,0,157,ilr_z2,-0.5841810634522199,-0.8285441404774305
proc_gkf,M1_u_plus_What,target_models,0,158,ilr_z2,-0.5748897410971575,-0.8620299819761199
proc_gkf,M1_u_plus_What,target_models,0,159,ilr_z2,-0.2812695282973182,-0.7950582989787411
proc_gkf,M1_u_plus_What,target_models,0,180,ilr_z2,-1.4995081502942065,-1.2949742574716012
proc_gkf,M1_u_plus_What,target_models,0,181,ilr_z2,-0.6007342862334806,-1.3284600989702904
proc_gkf,M1_u_plus_What,target_models,0,182,ilr_z2,-0.3812710159046805,-1.2280025744742225
proc_gkf,M1_u_plus_What,target_models,0,183,ilr_z2,-2.0975168160602387,-1.2614884159729118
proc_gkf,M1_u_plus_What,target_models,1,3,ilr_z2,-0.8615461618228943,-0.5670572897431333
proc_gkf,M1_u_plus_What,target_models,1,11,ilr_z2,-1.0402091290257125,-0.6253359083895864
proc_gkf,M1_u_plus_What,target_models,1,27,ilr_z2,-0.8482571589845281,-0.21195712967082686
proc_gkf,M1_u_plus_What,target_models,1,54,ilr_z2,-1.861872604120544,-0.822475871811475
proc_gkf,M1_u_plus_What,target_models,1,72,ilr_z2,-0.5082702825940048,-0.057566680599172027
proc_gkf,M1_u_plus_What,target_models,1,78,ilr_z2,-1.3796513513227322,-0.8489101722742238
proc_gkf,M1_u_plus_What,target_models,1,120,ilr_z2,-1.0981870534730027,-0.8370638704805676
proc_gkf,M1_u_plus_What,target_models,1,138,ilr_z2,0.1680977377995088,-0.020689940154037356
proc_gkf,M1_u_plus_What,target_models,1,168,ilr_z2,0.1405350564302773,0.00889102676723863
proc_gkf,M1_u_plus_What,target_models,1,169,ilr_z2,-0.1987183265929584,-0.0009692955398533654
proc_gkf,M1_u_plus_What,target_models,1,170,ilr_z2,-0.0247410900691029,0.018751349074330625
proc_gkf,M1_u_plus_What,target_models,1,171,ilr_z2,-0.0737937005648459,-0.01082961784694536
proc_gkf,M1_u_plus_What,target_models,1,172,ilr_z2,-1.1143412015365697,-0.8074829035592916
proc_gkf,M1_u_plus_What,target_models,1,173,ilr_z2,-1.210042262040108,-0.8173432258663836
proc_gkf,M1_u_plus_What,target_models,1,174,ilr_z2,-0.3646944726413303,-0.7976225812521996
proc_gkf,M1_u_plus_What,target_models,1,175,ilr_z2,-1.467424952332843,-0.8272035481734756
proc_gkf,M1_u_plus_What,target_models,1,196,ilr_z2,0.3618674458676895,-0.47269424293070494
proc_gkf,M1_u_plus_What,target_models,1,197,ilr_z2,0.5899138604097636,-0.44311327600942896
proc_gkf,M1_u_plus_What,target_models,1,198,ilr_z2,0.2395243924105265,-0.46283392062361295
proc_gkf,M1_u_plus_What,target_models,1,199,ilr_z2,0.2216781958750436,-0.45297359831652095
proc_gkf,M1_u_plus_What,target_models,2,0,ilr_z2,-0.1063306799927708,0.17988853671992894
proc_gkf,M1_u_plus_What,target_models,2,7,ilr_z2,-1.6695954016433885,-1.107394585866121
proc_gkf,M1_u_plus_What,target_models,2,12,ilr_z2,-0.4873426315596991,-1.0067466493278618
proc_gkf,M1_u_plus_What,target_models,2,29,ilr_z2,-0.5972960389338273,-0.459576706231249
proc_gkf,M1_u_plus_What,target_models,2,51,ilr_z2,-0.7375842381192994,0.0457764013547009
proc_gkf,M1_u_plus_What,target_models,2,77,ilr_z2,-1.1400707101175642,-1.088090828533731
proc_gkf,M1_u_plus_What,target_models,2,128,ilr_z2,0.1414158584405125,-0.6464623664979199
proc_gkf,M1_u_plus_What,target_models,2,130,ilr_z2,-0.1934901388372158,-1.1780337208484435
proc_gkf,M1_u_plus_What,target_models,2,160,ilr_z2,-0.3107548375241632,-0.823520254076181
proc_gkf,M1_u_plus_What,target_models,2,161,ilr_z2,-0.1572727872297372,-0.8813006330288791
proc_gkf,M1_u_plus_What,target_models,2,162,ilr_z2,-0.3653410610632664,-0.996861390934273
proc_gkf,M1_u_plus_What,target_models,2,163,ilr_z2,-1.0196527553436392,-0.9390810119815749
proc_gkf,M1_u_plus_What,target_models,2,176,ilr_z2,-0.5854125650361839,-0.41534085068713006
proc_gkf,M1_u_plus_What,target_models,2,177,ilr_z2,-0.0236528747301991,-0.47312122963982806
proc_gkf,M1_u_plus_What,target_models,2,178,ilr_z2,-0.3004689083387473,-0.5309016085925259
proc_gkf,M1_u_plus_What,target_models,2,179,ilr_z2,-0.2103805063433689,-0.5886819875452218
proc_gkf,M1_u_plus_What,target_models,2,192,ilr_z2,-0.1113100533321576,-1.1202533418957454
proc_gkf,M1_u_plus_What,target_models,2,193,ilr_z2,-0.474274868869831,-0.9469122050376535
proc_gkf,M1_u_plus_What,target_models,2,194,ilr_z2,0.0179663222611397,-1.0046925839903516
proc_gkf,M1_u_plus_What,target_models,2,195,ilr_z2,0.0779337797703519,-1.0624729629430494
proc_gkf,M1_u_plus_What,target_models,3,1,ilr_z2,-0.0692891450335584,-0.20954252720440325
proc_gkf,M1_u_plus_What,target_models,3,6,ilr_z2,-1.94356293461084,-0.8361846222568503
proc_gkf,M1_u_plus_What,target_models,3,30,ilr_z2,-0.2541646557020384,-0.6166744485440641
proc_gkf,M1_u_plus_What,target_models,3,53,ilr_z2,-0.7207427361215213,-0.09244895108969114
proc_gkf,M1_u_plus_What,target_models,3,74,ilr_z2,-0.1906594115687575,-0.432178689184884
proc_gkf,M1_u_plus_What,target_models,3,76,ilr_z2,-0.3573739449687065,-0.13269292665880705
proc_gkf,M1_u_plus_What,target_models,3,124,ilr_z2,-0.3102629865565866,-0.7568289803528232
proc_gkf,M1_u_plus_What,target_models,3,134,ilr_z2,0.2143441042381721,-0.30160780578344215
proc_gkf,M1_u_plus_What,target_models,3,140,ilr_z2,-0.3867737094612926,-0.42372977863471917
proc_gkf,M1_u_plus_What,target_models,3,141,ilr_z2,-0.4725933192029717,-0.4563600501968499
proc_gkf,M1_u_plus_What,target_models,3,142,ilr_z2,-0.480606705362266,-0.4889903217589806
proc_gkf,M1_u_plus_What,target_models,3,143,ilr_z2,-0.3130092631134917,-0.5216205933211113
proc_gkf,M1_u_plus_What,target_models,3,144,ilr_z2,-0.3027621608401571,-0.26897753422131143
proc_gkf,M1_u_plus_What,target_models,3,145,ilr_z2,-0.3019965021691972,-0.20371699109705
proc_gkf,M1_u_plus_What,target_models,3,146,ilr_z2,-0.0911109063822424,-0.23634726265918068
proc_gkf,M1_u_plus_What,target_models,3,147,ilr_z2,-0.2928733932939545,-0.17108671953491933
proc_gkf,M1_u_plus_What,target_models,3,148,ilr_z2,-1.0846568296883292,-0.658938165666431
proc_gkf,M1_u_plus_What,target_models,3,149,ilr_z2,-0.5480851664681791,-0.6263078941043003
proc_gkf,M1_u_plus_What,target_models,3,150,ilr_z2,-0.2525456694938448,-0.6915684372285619
proc_gkf,M1_u_plus_What,target_models,3,151,ilr_z2,-0.5620448925305433,-0.7241987087906925
proc_gkf,M1_u_plus_What,target_models,4,2,ilr_z2,0.5182216181845284,-0.5343263849992622
proc_gkf,M1_u_plus_What,target_models,4,5,ilr_z2,-1.940805301438366,-0.7962109029486475
proc_gkf,M1_u_plus_What,target_models,4,13,ilr_z2,-1.614473056844414,-0.8150953541782824
proc_gkf,M1_u_plus_What,target_models,4,25,ilr_z2,-0.5036461443379504,-0.6951731195347494
proc_gkf,M1_u_plus_What,target_models,4,52,ilr_z2,-0.4788069946524049,-0.18564441418859923
proc_gkf,M1_u_plus_What,target_models,4,73,ilr_z2,-0.5316165113290052,-0.1254815130430289
proc_gkf,M1_u_plus_What,target_models,4,122,ilr_z2,-1.311453182628654,-0.6209128476657444
proc_gkf,M1_u_plus_What,target_models,4,136,ilr_z2,0.4252380211941015,-0.23216381089133514
proc_gkf,M1_u_plus_What,target_models,4,164,ilr_z2,-1.5662458140815316,-0.5736508553805187
proc_gkf,M1_u_plus_What,target_models,4,165,ilr_z2,-1.8451569596223183,-0.5500198592379059
proc_gkf,M1_u_plus_What,target_models,4,166,ilr_z2,-1.1747991448331432,-0.5263888630952931
proc_gkf,M1_u_plus_What,target_models,4,167,ilr_z2,-1.8398507875353969,-0.5972818515231315
proc_gkf,M1_u_plus_What,target_models,4,184,ilr_z2,0.3488021013448888,-0.2926555112371837
proc_gkf,M1_u_plus_What,target_models,4,185,ilr_z2,0.7956564068517197,-0.31628650737979647
proc_gkf,M1_u_plus_What,target_models,4,186,ilr_z2,0.7221347853067828,-0.24539351895195802
proc_gkf,M1_u_plus_What,target_models,4,187,ilr_z2,0.7842535575418991,-0.2690245150945708
proc_gkf,M1_u_plus_What,target_models,4,188,ilr_z2,0.4089178641829663,-0.20853281474872232
proc_gkf,M1_u_plus_What,target_models,4,189,ilr_z2,0.3408069820378084,-0.1376398263208839
proc_gkf,M1_u_plus_What,target_models,4,190,ilr_z2,0.4656972323647224,-0.16127082246349672
proc_gkf,M1_u_plus_What,target_models,4,191,ilr_z2,-0.2083022863756323,-0.1849018186061096
proc_gkf,M1_u_plus_What,target_models,0,4,A2_8_16,0.7663973995223651,0.6619102117673801
proc_gkf,M1_u_plus_What,target_models,0,24,A2_8_16,0.1397929970599265,0.07531959363220808
proc_gkf,M1_u_plus_What,target_models,0,26,A2_8_16,0.3277592868738584,0.08123195509277692
proc_gkf,M1_u_plus_What,target_models,0,28,A2_8_16,0.3652046962555679,0.2689481126437986
proc_gkf,M1_u_plus_What,target_models,0,48,A2_8_16,0.1439422060414616,0.44972009271104835
proc_gkf,M1_u_plus_What,target_models,0,49,A2_8_16,0.1529213376419045,0.44972009271104835
proc_gkf,M1_u_plus_What,target_models,0,50,A2_8_16,0.968531796740373,0.8169896715268938
proc_gkf,M1_u_plus_What,target_models,0,126,A2_8_16,0.2904552971923126,0.24839147622776037
proc_gkf,M1_u_plus_What,target_models,0,132,A2_8_16,0.4032794241209796,0.6591496903376278
proc_gkf,M1_u_plus_What,target_models,0,152,A2_8_16,0.1916593851968016,0.2565542125139582
proc_gkf,M1_u_plus_What,target_models,0,153,A2_8_16,0.4093289965880195,0.2810424213725526
proc_gkf,M1_u_plus_What,target_models,0,154,A2_8_16,0.7523513143574082,0.2728796850863539
proc_gkf,M1_u_plus_What,target_models,0,155,A2_8_16,0.3496725676947528,0.26471694880015606
proc_gkf,M1_u_plus_What,target_models,0,156,A2_8_16,0.5005700460312731,0.6673124266238256
proc_gkf,M1_u_plus_What,target_models,0,157,A2_8_16,0.8479548796209171,0.6836378991962213
proc_gkf,M1_u_plus_What,target_models,0,158,A2_8_16,0.8997282243113676,0.6754751629100235
proc_gkf,M1_u_plus_What,target_models,0,159,A2_8_16,0.906662852903617,0.69180063548242
proc_gkf,M1_u_plus_What,target_models,0,180,A2_8_16,0.876658817811322,0.8287878357586729
proc_gkf,M1_u_plus_What,target_models,0,181,A2_8_16,0.4323368626607115,0.8206250994724742
proc_gkf,M1_u_plus_What,target_models,0,182,A2_8_16,0.7136233011207184,0.8451133083310686
proc_gkf,M1_u_plus_What,target_models,0,183,A2_8_16,0.9408544635622768,0.8369505720448709
proc_gkf,M1_u_plus_What,target_models,1,3,A2_8_16,0.6848565322463434,0.6868822264296771
proc_gkf,M1_u_plus_What,target_models,1,11,A2_8_16,0.814635835404978,0.6536863531041879
proc_gkf,M1_u_plus_What,target_models,1,27,A2_8_16,0.4289387730949569,0.29375283713845013
proc_gkf,M1_u_plus_What,target_models,1,54,A2_8_16,0.9009628591577852,0.7868635962263599
proc_gkf,M1_u_plus_What,target_models,1,72,A2_8_16,0.2830216597611039,0.13798971699189289
proc_gkf,M1_u_plus_What,target_models,1,78,A2_8_16,0.9225443341069854,0.9292493226527387
proc_gkf,M1_u_plus_What,target_models,1,120,A2_8_16,0.8944943574816656,0.8937256400095138
proc_gkf,M1_u_plus_What,target_models,1,138,A2_8_16,0.1424116865615261,0.031783369602210176
proc_gkf,M1_u_plus_What,target_models,1,168,A2_8_16,0.0994156775443189,0.09804884391520247
proc_gkf,M1_u_plus_What,target_models,1,169,A2_8_16,0.097587665196269,0.07596035247753835
proc_gkf,M1_u_plus_What,target_models,1,170,A2_8_16,0.1742853627065956,0.12013733535286786
proc_gkf,M1_u_plus_What,target_models,1,171,A2_8_16,0.1599474558842803,0.05387186103987418
proc_gkf,M1_u_plus_What,target_models,1,172,A2_8_16,0.8921688865244534,0.9599911143225075
proc_gkf,M1_u_plus_What,target_models,1,173,A2_8_16,0.9661076702374072,0.9379026228848422
proc_gkf,M1_u_plus_What,target_models,1,174,A2_8_16,0.7674693265969352,0.9820796057601717
proc_gkf,M1_u_plus_What,target_models,1,175,A2_8_16,0.6893771332113418,0.915814131447178
proc_gkf,M1_u_plus_What,target_models,1,196,A2_8_16,0.3743380418133872,0.41562135920557186
proc_gkf,M1_u_plus_What,target_models,1,197,A2_8_16,0.2879994399522551,0.4818868335185655
proc_gkf,M1_u_plus_What,target_models,1,198,A2_8_16,0.2957720351316506,0.437709850643236
proc_gkf,M1_u_plus_What,target_models,1,199,A2_8_16,0.3726363977494947,0.4597983420809001
proc_gkf,M1_u_plus_What,target_models,2,0,A2_8_16,0.036720770646403,0.13294388853578232
proc_gkf,M1_u_plus_What,target_models,2,7,A2_8_16,0.9327131526105767,0.84731269884853
proc_gkf,M1_u_plus_What,target_models,2,12,A2_8_16,0.5767620748559564,0.7179143415188909
proc_gkf,M1_u_plus_What,target_models,2,29,A2_8_16,0.6757951785952275,0.4711545052708024
proc_gkf,M1_u_plus_What,target_models,2,51,A2_8_16,0.12792012603282,0.12323665156065056
proc_gkf,M1_u_plus_What,target_models,2,77,A2_8_16,0.8985651245461259,0.7643780256370385
proc_gkf,M1_u_plus_What,target_models,2,128,A2_8_16,0.2058224448213799,0.4823188649633075
proc_gkf,M1_u_plus_What,target_models,2,130,A2_8_16,0.4419164485789251,0.7223194247199806
proc_gkf,M1_u_plus_What,target_models,2,160,A2_8_16,0.7199290861368496,0.7426572721123786
proc_gkf,M1_u_plus_What,target_models,2,161,A2_8_16,0.8205349159920327,0.741032966373498
proc_gkf,M1_u_plus_What,target_models,2,162,A2_8_16,0.4118082086874167,0.7377843548957354
proc_gkf,M1_u_plus_What,target_models,2,163,A2_8_16,0.7829337262209217,0.739408660634616
proc_gkf,M1_u_plus_What,target_models,2,176,A2_8_16,0.614173452796375,0.48881608791883135
proc_gkf,M1_u_plus_What,target_models,2,177,A2_8_16,0.5292008183387338,0.48719178217995074
proc_gkf,M1_u_plus_What,target_models,2,178,A2_8_16,0.172460089101729,0.48556747644107007
proc_gkf,M1_u_plus_What,target_models,2,179,A2_8_16,0.2284488983539017,0.48394317070218806
proc_gkf,M1_u_plus_What,target_models,2,192,A2_8_16,0.753824022764901,0.7239437304588612
proc_gkf,M1_u_plus_What,target_models,2,193,A2_8_16,0.683685936277253,0.7288166476755045
proc_gkf,M1_u_plus_What,target_models,2,194,A2_8_16,0.678886742368729,0.7271923419366237
proc_gkf,M1_u_plus_What,target_models,2,195,A2_8_16,0.8367731569721454,0.7255680361977431
proc_gkf,M1_u_plus_What,target_models,3,1,A2_8_16,0.1961232572137329,0.2705613562349818
proc_gkf,M1_u_plus_What,target_models,3,6,A2_8_16,0.9570384606388984,0.8228416346099865
proc_gkf,M1_u_plus_What,target_models,3,30,A2_8_16,0.8450779829639314,0.6292258252423907
proc_gkf,M1_u_plus_What,target_models,3,53,A2_8_16,0.1494548018772401,0.13291890069158907
proc_gkf,M1_u_plus_What,target_models,3,74,A2_8_16,0.1678917533058013,0.6817089286854154
proc_gkf,M1_u_plus_What,target_models,3,76,A2_8_16,0.083768854819673,0.3051282084502064
proc_gkf,M1_u_plus_What,target_models,3,124,A2_8_16,0.3621450261390208,0.26773275979144107
proc_gkf,M1_u_plus_What,target_models,3,134,A2_8_16,0.1202840571694714,0.16304235048514681
proc_gkf,M1_u_plus_What,target_models,3,140,A2_8_16,0.2161409599196409,0.46130835275226717
proc_gkf,M1_u_plus_What,target_models,3,141,A2_8_16,0.3554970461969606,0.4348527470927666
proc_gkf,M1_u_plus_What,target_models,3,142,A2_8_16,0.5504001774406915,0.408397141433266
proc_gkf,M1_u_plus_What,target_models,3,143,A2_8_16,0.4887500345928944,0.3819415357737654
proc_gkf,M1_u_plus_What,target_models,3,144,A2_8_16,0.2757511201425458,0.18949795614464737
proc_gkf,M1_u_plus_What,target_models,3,145,A2_8_16,0.1384471986498286,0.2424091674636502
proc_gkf,M1_u_plus_What,target_models,3,146,A2_8_16,0.1449642119347632,0.21595356180414804
proc_gkf,M1_u_plus_What,target_models,3,147,A2_8_16,0.2034555409043313,0.2688647731231508
proc_gkf,M1_u_plus_What,target_models,3,148,A2_8_16,0.8280700095585045,0.3470995767699444
proc_gkf,M1_u_plus_What,target_models,3,149,A2_8_16,0.1094047470852526,0.37355518242944497
proc_gkf,M1_u_plus_What,target_models,3,150,A2_8_16,0.2602332049451156,0.32064397111044374
proc_gkf,M1_u_plus_What,target_models,3,151,A2_8_16,0.092540025386341,0.29418836545094174
proc_gkf,M1_u_plus_What,target_models,4,2,A2_8_16,0.2995539380411224,0.5387620153833338
proc_gkf,M1_u_plus_What,target_models,4,5,A2_8_16,0.9554864475023206,0.9014745992264546
proc_gkf,M1_u_plus_What,target_models,4,13,A2_8_16,0.9553992553647612,0.8908410227711496
proc_gkf,M1_u_plus_What,target_models,4,25,A2_8_16,0.6984861392748491,0.8127898677794521
proc_gkf,M1_u_plus_What,target_models,4,52,A2_8_16,0.0120799449422375,0.12167914857562401
proc_gkf,M1_u_plus_What,target_models,4,73,A2_8_16,0.295870409956582,0.10548759686244685
proc_gkf,M1_u_plus_What,target_models,4,122,A2_8_16,0.909510154376974,0.703033527674205
proc_gkf,M1_u_plus_What,target_models,4,136,A2_8_16,0.0137397427233426,0.053756915703859376
proc_gkf,M1_u_plus_What,target_models,4,164,A2_8_16,0.9582380550196586,0.7470960465672831
proc_gkf,M1_u_plus_What,target_models,4,165,A2_8_16,0.9755310556113246,0.7691273060138223
proc_gkf,M1_u_plus_What,target_models,4,166,A2_8_16,0.839874019631054,0.7911585654603626
proc_gkf,M1_u_plus_What,target_models,4,167,A2_8_16,0.9097755639079348,0.7250647871207441
proc_gkf,M1_u_plus_What,target_models,4,184,A2_8_16,0.0813683298711656,0.24925792427149485
proc_gkf,M1_u_plus_What,target_models,4,185,A2_8_16,0.1527146446101141,0.22722666482495468
proc_gkf,M1_u_plus_What,target_models,4,186,A2_8_16,0.1398920757864579,0.29332044316457295
proc_gkf,M1_u_plus_What,target_models,4,187,A2_8_16,0.0839330958615748,0.27128918371803395
proc_gkf,M1_u_plus_What,target_models,4,188,A2_8_16,0.1067703608298211,0.07578817515039848
proc_gkf,M1_u_plus_What,target_models,4,189,A2_8_16,0.2393366975971487,0.1418819534900168
proc_gkf,M1_u_plus_What,target_models,4,190,A2_8_16,0.1571360648425355,0.11985069404347781
proc_gkf,M1_u_plus_What,target_models,4,191,A2_8_16,0.1248771653523978,0.0978194345969387
proc_gkf,M1_u_plus_What,target_models,0,4,angular_entropy_8_16,0.4797589507759083,0.5802757950850159
proc_gkf,M1_u_plus_What,target_models,0,24,angular_entropy_8_16,0.9474204100320134,0.9657866725397168
proc_gkf,M1_u_plus_What,target_models,0,26,angular_entropy_8_16,0.9225450729133732,0.9710167910397014
proc_gkf,M1_u_plus_What,target_models,0,28,angular_entropy_8_16,0.8950148339178446,0.836833625093131
proc_gkf,M1_u_plus_What,target_models,0,48,angular_entropy_8_16,0.920817709025902,0.6886462000293546
proc_gkf,M1_u_plus_What,target_models,0,49,angular_entropy_8_16,0.8931434690263835,0.6886462000293546
proc_gkf,M1_u_plus_What,target_models,0,50,angular_entropy_8_16,0.2884001251722402,0.42884234518137615
proc_gkf,M1_u_plus_What,target_models,0,126,angular_entropy_8_16,0.89885340511558,0.9378384357812457
proc_gkf,M1_u_plus_What,target_models,0,132,angular_entropy_8_16,0.7889791128491267,0.5536984524339751
proc_gkf,M1_u_plus_What,target_models,0,152,angular_entropy_8_16,0.8968868497699488,0.9292759587360833
proc_gkf,M1_u_plus_What,target_models,0,153,angular_entropy_8_16,0.8461600288419651,0.9035885276005956
proc_gkf,M1_u_plus_What,target_models,0,154,angular_entropy_8_16,0.670712883086662,0.9121510046457582
proc_gkf,M1_u_plus_What,target_models,0,155,angular_entropy_8_16,0.9125242508369932,0.9207134816909207
proc_gkf,M1_u_plus_What,target_models,0,156,angular_entropy_8_16,0.6888607676843875,0.5451359753888125
proc_gkf,M1_u_plus_What,target_models,0,157,angular_entropy_8_16,0.4699264956424556,0.5280110212984875
proc_gkf,M1_u_plus_What,target_models,0,158,angular_entropy_8_16,0.443095790045536,0.5365734983436501
proc_gkf,M1_u_plus_What,target_models,0,159,angular_entropy_8_16,0.3175805320209709,0.519448544253325
proc_gkf,M1_u_plus_What,target_models,0,180,angular_entropy_8_16,0.4177840495857789,0.45946461414207657
proc_gkf,M1_u_plus_What,target_models,0,181,angular_entropy_8_16,0.7990186769658371,0.4680270911872392
proc_gkf,M1_u_plus_What,target_models,0,182,angular_entropy_8_16,0.6347594924442568,0.44233966005175157
proc_gkf,M1_u_plus_What,target_models,0,183,angular_entropy_8_16,0.3362955887065682,0.45090213709691407
proc_gkf,M1_u_plus_What,target_models,1,3,angular_entropy_8_16,0.4779772055305059,0.5654697281111061
proc_gkf,M1_u_plus_What,target_models,1,11,angular_entropy_8_16,0.4137629142447426,0.602930055379391
proc_gkf,M1_u_plus_What,target_models,1,27,angular_entropy_8_16,0.7550180697432503,0.8209629062216489
proc_gkf,M1_u_plus_What,target_models,1,54,angular_entropy_8_16,0.3680154583415413,0.47585648669501635
proc_gkf,M1_u_plus_What,target_models,1,72,angular_entropy_8_16,0.9313320998754409,0.9562733473201712
proc_gkf,M1_u_plus_What,target_models,1,78,angular_entropy_8_16,0.3692855088966826,0.3829682379807054
proc_gkf,M1_u_plus_What,target_models,1,120,angular_entropy_8_16,0.3697450945985387,0.4627346622071319
proc_gkf,M1_u_plus_What,target_models,1,138,angular_entropy_8_16,0.9291252861861126,1.0115425043748352
proc_gkf,M1_u_plus_What,target_models,1,168,angular_entropy_8_16,0.9489140989270426,0.9487831795058074
proc_gkf,M1_u_plus_What,target_models,1,169,angular_entropy_8_16,0.9460381156279748,0.9697029544621499
proc_gkf,M1_u_plus_What,target_models,1,170,angular_entropy_8_16,0.9237814123548176,0.9278634045494643
proc_gkf,M1_u_plus_What,target_models,1,171,angular_entropy_8_16,0.9189652508805556,0.9906227294184926
proc_gkf,M1_u_plus_What,target_models,1,172,angular_entropy_8_16,0.3591420375657302,0.3999753373381035
proc_gkf,M1_u_plus_What,target_models,1,173,angular_entropy_8_16,0.2972264256107618,0.4208951122944466
proc_gkf,M1_u_plus_What,target_models,1,174,angular_entropy_8_16,0.5122610972711229,0.37905556238176086
proc_gkf,M1_u_plus_What,target_models,1,175,angular_entropy_8_16,0.6689971221992281,0.4418148872507892
proc_gkf,M1_u_plus_What,target_models,1,196,angular_entropy_8_16,0.8308767765595593,0.756544788559445
proc_gkf,M1_u_plus_What,target_models,1,197,angular_entropy_8_16,0.9135802614189036,0.6937854636904166
proc_gkf,M1_u_plus_What,target_models,1,198,angular_entropy_8_16,0.9172874280680208,0.7356250136031024
proc_gkf,M1_u_plus_What,target_models,1,199,angular_entropy_8_16,0.8870591115502044,0.7147052386467597
proc_gkf,M1_u_plus_What,target_models,2,0,angular_entropy_8_16,0.9336741740150308,0.9726199106510813
proc_gkf,M1_u_plus_What,target_models,2,7,angular_entropy_8_16,0.3347323640142271,0.43525289147689616
proc_gkf,M1_u_plus_What,target_models,2,12,angular_entropy_8_16,0.8460415028747486,0.537583791059618
proc_gkf,M1_u_plus_What,target_models,2,29,angular_entropy_8_16,0.6262326218701938,0.6951363329831349
proc_gkf,M1_u_plus_What,target_models,2,51,angular_entropy_8_16,0.9174741956782942,0.9478619112124274
proc_gkf,M1_u_plus_What,target_models,2,77,angular_entropy_8_16,0.3569701574235101,0.48247577868298713
proc_gkf,M1_u_plus_What,target_models,2,128,angular_entropy_8_16,0.9260806406075238,0.7292030824494958
proc_gkf,M1_u_plus_What,target_models,2,130,angular_entropy_8_16,0.7711020866117768,0.519560876058135
proc_gkf,M1_u_plus_What,target_models,2,160,angular_entropy_8_16,0.529106012565758,0.5097575314077948
proc_gkf,M1_u_plus_What,target_models,2,161,angular_entropy_8_16,0.4332499422431948,0.5129644218491178
proc_gkf,M1_u_plus_What,target_models,2,162,angular_entropy_8_16,0.7431830317351423,0.5193782027317647
proc_gkf,M1_u_plus_What,target_models,2,163,angular_entropy_8_16,0.5337060876810991,0.5161713122904417
proc_gkf,M1_u_plus_What,target_models,2,176,angular_entropy_8_16,0.6525457217288756,0.7163755206842028
proc_gkf,M1_u_plus_What,target_models,2,177,angular_entropy_8_16,0.7347081037517762,0.7195824111255259
proc_gkf,M1_u_plus_What,target_models,2,178,angular_entropy_8_16,0.9018638342756242,0.722789301566849
proc_gkf,M1_u_plus_What,target_models,2,179,angular_entropy_8_16,0.9261454327046916,0.7259961920081728
proc_gkf,M1_u_plus_What,target_models,2,192,angular_entropy_8_16,0.5403562611206696,0.5163539856168119
proc_gkf,M1_u_plus_What,target_models,2,193,angular_entropy_8_16,0.555296814064717,0.506733314292842
proc_gkf,M1_u_plus_What,target_models,2,194,angular_entropy_8_16,0.5879662490128611,0.509940204734165
proc_gkf,M1_u_plus_What,target_models,2,195,angular_entropy_8_16,0.4632606662863817,0.5131470951754882
proc_gkf,M1_u_plus_What,target_models,3,1,angular_entropy_8_16,0.9344989266450388,0.8658282343553594
proc_gkf,M1_u_plus_What,target_models,3,6,angular_entropy_8_16,0.3059312830097316,0.44492107072795223
proc_gkf,M1_u_plus_What,target_models,3,30,angular_entropy_8_16,0.4270172017517478,0.5751933406378126
proc_gkf,M1_u_plus_What,target_models,3,53,angular_entropy_8_16,0.9549473698303074,0.9586019684898835
proc_gkf,M1_u_plus_What,target_models,3,74,angular_entropy_8_16,0.8628655108189245,0.5855179431932085
proc_gkf,M1_u_plus_What,target_models,3,76,angular_entropy_8_16,0.9276734581533804,0.8898324955014696
proc_gkf,M1_u_plus_What,target_models,3,124,angular_entropy_8_16,0.9147947212843128,0.8901955619516766
proc_gkf,M1_u_plus_What,target_models,3,134,angular_entropy_8_16,0.9256549829438804,1.0013911338170427
proc_gkf,M1_u_plus_What,target_models,3,140,angular_entropy_8_16,0.9186711438978736,0.8683556919431841
proc_gkf,M1_u_plus_What,target_models,3,141,angular_entropy_8_16,0.8244759686032876,0.8860426598216052
proc_gkf,M1_u_plus_What,target_models,3,142,angular_entropy_8_16,0.7039581650501197,0.9037296277000264
proc_gkf,M1_u_plus_What,target_models,3,143,angular_entropy_8_16,0.8428423390558621,0.9214165955784476
proc_gkf,M1_u_plus_What,target_models,3,144,angular_entropy_8_16,0.9229279357306308,0.9837041659386215
proc_gkf,M1_u_plus_What,target_models,3,145,angular_entropy_8_16,0.922783471297476,0.9483302301817788
proc_gkf,M1_u_plus_What,target_models,3,146,angular_entropy_8_16,0.9231359438631118,0.9660171980602004
proc_gkf,M1_u_plus_What,target_models,3,147,angular_entropy_8_16,0.9269865002523372,0.9306432623033576
proc_gkf,M1_u_plus_What,target_models,3,148,angular_entropy_8_16,0.4855636245332228,0.8371346583164125
proc_gkf,M1_u_plus_What,target_models,3,149,angular_entropy_8_16,0.8920301113985419,0.8194476904379915
proc_gkf,M1_u_plus_What,target_models,3,150,angular_entropy_8_16,0.8955164962962591,0.8548216261948338
proc_gkf,M1_u_plus_What,target_models,3,151,angular_entropy_8_16,0.9379010426946844,0.8725085940732554
proc_gkf,M1_u_plus_What,target_models,4,2,angular_entropy_8_16,0.9205390814978176,0.6682477471633826
proc_gkf,M1_u_plus_What,target_models,4,5,angular_entropy_8_16,0.2977525663111084,0.388854457485282
proc_gkf,M1_u_plus_What,target_models,4,13,angular_entropy_8_16,0.3072768389189138,0.4043283840275497
proc_gkf,M1_u_plus_What,target_models,4,25,angular_entropy_8_16,0.5816707058259681,0.4417611752123492
proc_gkf,M1_u_plus_What,target_models,4,52,angular_entropy_8_16,0.9454630740160777,0.9648560156135948
proc_gkf,M1_u_plus_What,target_models,4,73,angular_entropy_8_16,0.9116719197777746,0.991913161750175
proc_gkf,M1_u_plus_What,target_models,4,122,angular_entropy_8_16,0.3799420973435737,0.5554892705122052
proc_gkf,M1_u_plus_What,target_models,4,136,angular_entropy_8_16,0.934421785090228,1.0369853309663355
proc_gkf,M1_u_plus_What,target_models,4,164,angular_entropy_8_16,0.2978953473076548,0.5102452959671486
proc_gkf,M1_u_plus_What,target_models,4,165,angular_entropy_8_16,0.2891071456764625,0.4876233086946203
proc_gkf,M1_u_plus_What,target_models,4,166,angular_entropy_8_16,0.5735781124762749,0.46500132142209133
proc_gkf,M1_u_plus_What,target_models,4,167,angular_entropy_8_16,0.3864674284362529,0.5328672832396769
proc_gkf,M1_u_plus_What,target_models,4,184,angular_entropy_8_16,0.9037991223507064,0.8700376195828867
proc_gkf,M1_u_plus_What,target_models,4,185,angular_entropy_8_16,0.9311772202530342,0.8926596068554158
proc_gkf,M1_u_plus_What,target_models,4,186,angular_entropy_8_16,0.9236751177150362,0.8247936450378301
proc_gkf,M1_u_plus_What,target_models,4,187,angular_entropy_8_16,0.9195262355547972,0.8474156323103583
proc_gkf,M1_u_plus_What,target_models,4,188,angular_entropy_8_16,0.920884974370498,1.014363343693807
proc_gkf,M1_u_plus_What,target_models,4,189,angular_entropy_8_16,0.9420986012995588,0.9464973818762215
proc_gkf,M1_u_plus_What,target_models,4,190,angular_entropy_8_16,0.9351595528240708,0.9691193691487499
proc_gkf,M1_u_plus_What,target_models,4,191,angular_entropy_8_16,0.8997282864766862,0.991741356421278
proc_gkf,M1_u_plus_What,target_models,0,4,lambda_star_4_32,8.748435560785481,11.419420906473807
proc_gkf,M1_u_plus_What,target_models,0,24,lambda_star_4_32,12.772355638285045,11.869711184908137
proc_gkf,M1_u_plus_What,target_models,0,26,lambda_star_4_32,16.85114805181296,13.27186814555017
proc_gkf,M1_u_plus_What,target_models,0,28,lambda_star_4_32,16.448715843082976,12.766231742607978
proc_gkf,M1_u_plus_What,target_models,0,48,lambda_star_4_32,9.708231566821965,10.338186168329699
proc_gkf,M1_u_plus_What,target_models,0,49,lambda_star_4_32,9.89823266090284,10.338186168329699
proc_gkf,M1_u_plus_What,target_models,0,50,lambda_star_4_32,9.324161269491098,9.815294584779032
proc_gkf,M1_u_plus_What,target_models,0,126,lambda_star_4_32,12.950437243891914,14.364790578349654
proc_gkf,M1_u_plus_What,target_models,0,132,lambda_star_4_32,9.773721145239106,12.273929484557904
proc_gkf,M1_u_plus_What,target_models,0,153,lambda_star_4_32,17.17652433675191,12.411265689014781
proc_gkf,M1_u_plus_What,target_models,0,154,lambda_star_4_32,18.23764737785915,12.899646911348498
proc_gkf,M1_u_plus_What,target_models,0,155,lambda_star_4_32,18.025408887417036,13.388028133682218
proc_gkf,M1_u_plus_What,target_models,0,156,lambda_star_4_32,10.716409207930754,11.785548262224186
proc_gkf,M1_u_plus_What,target_models,0,157,lambda_star_4_32,13.43765651228388,10.80878581755675
proc_gkf,M1_u_plus_What,target_models,0,158,lambda_star_4_32,11.444534053265324,11.297167039890468
proc_gkf,M1_u_plus_What,target_models,0,159,lambda_star_4_32,9.024660111865645,10.320404595223033
proc_gkf,M1_u_plus_What,target_models,0,180,lambda_star_4_32,11.81471575262988,14.062679702382026
proc_gkf,M1_u_plus_What,target_models,0,181,lambda_star_4_32,13.459631624030925,14.551060924715744
proc_gkf,M1_u_plus_What,target_models,0,182,lambda_star_4_32,15.652923642651267,13.08591725771459
proc_gkf,M1_u_plus_What,target_models,0,183,lambda_star_4_32,11.121279222471847,13.574298480048308
proc_gkf,M1_u_plus_What,target_models,1,3,lambda_star_4_32,8.585566378279855,10.644107868676018
proc_gkf,M1_u_plus_What,target_models,1,11,lambda_star_4_32,10.595772488586423,11.585272034967458
proc_gkf,M1_u_plus_What,target_models,1,27,lambda_star_4_32,10.15857296040633,12.20504945141247
proc_gkf,M1_u_plus_What,target_models,1,54,lambda_star_4_32,11.975549042291357,10.199916136593849
proc_gkf,M1_u_plus_What,target_models,1,72,lambda_star_4_32,14.56665793369415,12.266810884642704
proc_gkf,M1_u_plus_What,target_models,1,78,lambda_star_4_32,10.267739738899023,9.639803013239893
proc_gkf,M1_u_plus_What,target_models,1,120,lambda_star_4_32,10.003348406161974,11.33919554912888
proc_gkf,M1_u_plus_What,target_models,1,138,lambda_star_4_32,15.304477293099653,12.586382502269387
proc_gkf,M1_u_plus_What,target_models,1,168,lambda_star_4_32,9.864797093561378,12.031531011287685
proc_gkf,M1_u_plus_What,target_models,1,169,lambda_star_4_32,11.80156011694523,12.216481508281586
proc_gkf,M1_u_plus_What,target_models,1,170,lambda_star_4_32,10.992604555676673,11.846580514293784
proc_gkf,M1_u_plus_What,target_models,1,171,lambda_star_4_32,13.021054880614983,12.401432005275487
proc_gkf,M1_u_plus_What,target_models,1,172,lambda_star_4_32,9.407459257280316,10.784344058147177
proc_gkf,M1_u_plus_What,target_models,1,173,lambda_star_4_32,10.56715703018984,10.969294555141078
proc_gkf,M1_u_plus_What,target_models,1,174,lambda_star_4_32,10.192698599791559,10.599393561153276
proc_gkf,M1_u_plus_What,target_models,1,175,lambda_star_4_32,17.38592853614663,11.154245052134979
proc_gkf,M1_u_plus_What,target_models,1,196,lambda_star_4_32,10.255244325789706,12.80609710207269
proc_gkf,M1_u_plus_What,target_models,1,197,lambda_star_4_32,10.02800697834505,12.251245611090987
proc_gkf,M1_u_plus_What,target_models,1,198,lambda_star_4_32,10.775048279182267,12.621146605078788
proc_gkf,M1_u_plus_What,target_models,1,199,lambda_star_4_32,10.366167238577734,12.436196108084888
proc_gkf,M1_u_plus_What,target_models,2,0,lambda_star_4_32,15.036163152530207,12.771497780539084
proc_gkf,M1_u_plus_What,target_models,2,7,lambda_star_4_32,10.131741650392286,10.027191346618274
proc_gkf,M1_u_plus_What,target_models,2,12,lambda_star_4_32,16.49892017171428,11.65894959852929
proc_gkf,M1_u_plus_What,target_models,2,29,lambda_star_4_32,11.469957883713992,11.062554280740635
proc_gkf,M1_u_plus_What,target_models,2,77,lambda_star_4_32,9.144133649393266,10.875952820441192
proc_gkf,M1_u_plus_What,target_models,2,128,lambda_star_4_32,10.626113959029189,13.538780866395612
proc_gkf,M1_u_plus_What,target_models,2,130,lambda_star_4_32,10.525656126642762,11.43164469572118
proc_gkf,M1_u_plus_What,target_models,2,160,lambda_star_4_32,8.957803609676962,10.55194324738862
proc_gkf,M1_u_plus_What,target_models,2,161,lambda_star_4_32,10.187201719133206,10.827584059947538
proc_gkf,M1_u_plus_What,target_models,2,162,lambda_star_4_32,17.094888583756347,11.378865685065367
proc_gkf,M1_u_plus_What,target_models,2,163,lambda_star_4_32,11.185404169702867,11.103224872506448
proc_gkf,M1_u_plus_What,target_models,2,176,lambda_star_4_32,16.934453385495903,12.436217616159944
proc_gkf,M1_u_plus_What,target_models,2,177,lambda_star_4_32,10.025623028224507,12.711858428718864
proc_gkf,M1_u_plus_What,target_models,2,178,lambda_star_4_32,12.712627116310939,12.987499241277783
proc_gkf,M1_u_plus_What,target_models,2,179,lambda_star_4_32,12.903457466297608,13.263140053836693
proc_gkf,M1_u_plus_What,target_models,2,192,lambda_star_4_32,10.99798231417217,11.156003883162262
proc_gkf,M1_u_plus_What,target_models,2,193,lambda_star_4_32,9.511936587414986,10.329081445485512
proc_gkf,M1_u_plus_What,target_models,2,194,lambda_star_4_32,9.64445815674146,10.604722258044433
proc_gkf,M1_u_plus_What,target_models,2,195,lambda_star_4_32,10.912131490668889,10.880363070603352
proc_gkf,M1_u_plus_What,target_models,3,1,lambda_star_4_32,11.668512421861447,13.012309862686363
proc_gkf,M1_u_plus_What,target_models,3,6,lambda_star_4_32,10.03098145708803,10.592001348137979
proc_gkf,M1_u_plus_What,target_models,3,30,lambda_star_4_32,9.442777413200083,10.207062121313218
proc_gkf,M1_u_plus_What,target_models,3,53,lambda_star_4_32,13.839279657921876,13.15819591755113
proc_gkf,M1_u_plus_What,target_models,3,74,lambda_star_4_32,10.395135974354487,10.816910523766515
proc_gkf,M1_u_plus_What,target_models,3,76,lambda_star_4_32,12.662404172006315,13.988727524038636
proc_gkf,M1_u_plus_What,target_models,3,134,lambda_star_4_32,10.280225900836875,15.931168397400738
proc_gkf,M1_u_plus_What,target_models,3,140,lambda_star_4_32,14.266299800171103,18.371144512058624
proc_gkf,M1_u_plus_What,target_models,3,141,lambda_star_4_32,12.406930408458866,18.70906273544123
proc_gkf,M1_u_plus_What,target_models,3,142,lambda_star_4_32,13.686953355865574,19.04698095882383
proc_gkf,M1_u_plus_What,target_models,3,143,lambda_star_4_32,20.33910218473801,19.384899182206432
proc_gkf,M1_u_plus_What,target_models,3,144,lambda_star_4_32,19.21712122703679,15.593250174018138
proc_gkf,M1_u_plus_What,target_models,3,145,lambda_star_4_32,15.917534514704242,14.917413727252955
proc_gkf,M1_u_plus_What,target_models,3,146,lambda_star_4_32,13.238470411514887,15.255331950635535
proc_gkf,M1_u_plus_What,target_models,3,147,lambda_star_4_32,16.39308904929755,14.579495503870351
proc_gkf,M1_u_plus_What,target_models,3,148,lambda_star_4_32,13.505688064382563,14.430432807944145
proc_gkf,M1_u_plus_What,target_models,3,149,lambda_star_4_32,15.949985575742025,14.092514584561544
proc_gkf,M1_u_plus_What,target_models,3,150,lambda_star_4_32,13.19434205978971,14.768351031326745
proc_gkf,M1_u_plus_What,target_models,3,151,lambda_star_4_32,15.981702306235912,15.106269254709328
proc_gkf,M1_u_plus_What,target_models,4,2,lambda_star_4_32,8.978347929581629,11.534413048588178
proc_gkf,M1_u_plus_What,target_models,4,5,lambda_star_4_32,9.476722768932733,9.66102503737738
proc_gkf,M1_u_plus_What,target_models,4,13,lambda_star_4_32,9.57889903024946,10.353048573175396
proc_gkf,M1_u_plus_What,target_models,4,25,lambda_star_4_32,9.448952183282888,9.371114096390905
proc_gkf,M1_u_plus_What,target_models,4,52,lambda_star_4_32,13.657657525470372,13.222405166192134
proc_gkf,M1_u_plus_What,target_models,4,73,lambda_star_4_32,12.40952841173918,13.391327789613742
proc_gkf,M1_u_plus_What,target_models,4,122,lambda_star_4_32,11.266255756141158,11.1955113775817
proc_gkf,M1_u_plus_What,target_models,4,136,lambda_star_4_32,11.169791350259981,13.716204118749044
proc_gkf,M1_u_plus_What,target_models,4,164,lambda_star_4_32,10.149086117041653,10.564619618313282
proc_gkf,M1_u_plus_What,target_models,4,165,lambda_star_4_32,10.06947567876668,10.249173738679074
proc_gkf,M1_u_plus_What,target_models,4,166,lambda_star_4_32,9.909591159098213,9.933727859044865
proc_gkf,M1_u_plus_What,target_models,4,184,lambda_star_4_32,10.889582183271099,12.164589722235656
proc_gkf,M1_u_plus_What,target_models,4,185,lambda_star_4_32,9.844185813333066,12.480035601869863
proc_gkf,M1_u_plus_What,target_models,4,186,lambda_star_4_32,9.56283765931253,11.533697962967237
proc_gkf,M1_u_plus_What,target_models,4,187,lambda_star_4_32,9.390936745447487,11.849143842601446
proc_gkf,M1_u_plus_What,target_models,4,188,lambda_star_4_32,11.805113379327635,13.400758239114834
proc_gkf,M1_u_plus_What,target_models,4,189,lambda_star_4_32,10.922526745032467,12.454420600212208
proc_gkf,M1_u_plus_What,target_models,4,190,lambda_star_4_32,9.720938860159308,12.769866479846417
proc_gkf,M2_h,target_models,0,4,p_8_16,0.5602002984476983,0.41925739436830217
proc_gkf,M2_h,target_models,0,24,p_8_16,0.2569624712389576,0.09875742631344092
proc_gkf,M2_h,target_models,0,26,p_8_16,0.1868192616154143,0.09875742631344092
proc_gkf,M2_h,target_models,0,28,p_8_16,0.2504962607918012,0.20559074899839463
proc_gkf,M2_h,target_models,0,48,p_8_16,0.2767720104089806,0.3124240716833484
proc_gkf,M2_h,target_models,0,49,p_8_16,0.2454664380648269,0.3124240716833484
proc_gkf,M2_h,target_models,0,50,p_8_16,0.8998240927744701,0.5260907170532559
proc_gkf,M2_h,target_models,0,126,p_8_16,0.0358979214122202,0.20559074899839463
proc_gkf,M2_h,target_models,0,132,p_8_16,0.3514324181582739,0.41925739436830217
proc_gkf,M2_h,target_models,0,152,p_8_16,0.0364217616612413,0.20559074899839463
proc_gkf,M2_h,target_models,0,153,p_8_16,0.0287520199617658,0.20559074899839463
proc_gkf,M2_h,target_models,0,154,p_8_16,0.0328626821146418,0.20559074899839463
proc_gkf,M2_h,target_models,0,155,p_8_16,0.0416435958762092,0.20559074899839463
proc_gkf,M2_h,target_models,0,156,p_8_16,0.4358789631566422,0.41925739436830217
proc_gkf,M2_h,target_models,0,157,p_8_16,0.2648002595102144,0.41925739436830217
proc_gkf,M2_h,target_models,0,158,p_8_16,0.4961240478265122,0.41925739436830217
proc_gkf,M2_h,target_models,0,159,p_8_16,0.4015733472101155,0.41925739436830217
proc_gkf,M2_h,target_models,0,180,p_8_16,0.4111016568530389,0.5260907170532559
proc_gkf,M2_h,target_models,0,181,p_8_16,0.2658185167522623,0.5260907170532559
proc_gkf,M2_h,target_models,0,182,p_8_16,0.2227624333178619,0.5260907170532559
proc_gkf,M2_h,target_models,0,183,p_8_16,0.7202682584473413,0.5260907170532559
proc_gkf,M2_h,target_models,1,3,p_8_16,0.6397237770389178,0.40415714711889905
proc_gkf,M2_h,target_models,1,11,p_8_16,0.1400912351783912,0.40415714711889905
proc_gkf,M2_h,target_models,1,27,p_8_16,0.4235140119089293,0.18498870662609895
proc_gkf,M2_h,target_models,1,54,p_8_16,0.591649700692359,0.5137413673652991
proc_gkf,M2_h,target_models,1,72,p_8_16,0.2776858930884566,0.07540448637969888
proc_gkf,M2_h,target_models,1,78,p_8_16,0.7115431096112693,0.5137413673652991
proc_gkf,M2_h,target_models,1,120,p_8_16,0.6385208994142718,0.5137413673652991
proc_gkf,M2_h,target_models,1,138,p_8_16,0.1847908933976274,0.07540448637969888
proc_gkf,M2_h,target_models,1,168,p_8_16,0.1913327549278874,0.07540448637969888
proc_gkf,M2_h,target_models,1,169,p_8_16,0.1842514902661812,0.07540448637969888
proc_gkf,M2_h,target_models,1,170,p_8_16,0.3336929555162605,0.07540448637969888
proc_gkf,M2_h,target_models,1,171,p_8_16,0.2025555550279888,0.07540448637969888
proc_gkf,M2_h,target_models,1,172,p_8_16,0.7385844374380425,0.5137413673652991
proc_gkf,M2_h,target_models,1,173,p_8_16,0.7192385949231982,0.5137413673652991
proc_gkf,M2_h,target_models,1,174,p_8_16,0.5141086157929576,0.5137413673652991
proc_gkf,M2_h,target_models,1,175,p_8_16,0.2465341404848374,0.5137413673652991
proc_gkf,M2_h,target_models,1,196,p_8_16,0.0937627138652451,0.29457292687249903
proc_gkf,M2_h,target_models,1,197,p_8_16,0.1036259524185608,0.29457292687249903
proc_gkf,M2_h,target_models,1,198,p_8_16,0.1707622685467746,0.29457292687249903
proc_gkf,M2_h,target_models,1,199,p_8_16,0.1371810986872629,0.29457292687249903
proc_gkf,M2_h,target_models,2,0,p_8_16,0.0342382099309782,0.10301444594222814
proc_gkf,M2_h,target_models,2,7,p_8_16,0.8153931899623513,0.53669131093437
proc_gkf,M2_h,target_models,2,12,p_8_16,0.1921998610687837,0.4282720946863345
proc_gkf,M2_h,target_models,2,29,p_8_16,0.4925534341695751,0.319852878438299
proc_gkf,M2_h,target_models,2,51,p_8_16,0.034702128595685,0.10301444594222814
proc_gkf,M2_h,target_models,2,77,p_8_16,0.6823572333973394,0.4282720946863345
proc_gkf,M2_h,target_models,2,128,p_8_16,0.0803054078882494,0.319852878438299
proc_gkf,M2_h,target_models,2,130,p_8_16,0.2186092713118247,0.4282720946863345
proc_gkf,M2_h,target_models,2,160,p_8_16,0.5088771820307446,0.4282720946863345
proc_gkf,M2_h,target_models,2,161,p_8_16,0.3550479848987524,0.4282720946863345
proc_gkf,M2_h,target_models,2,162,p_8_16,0.0687775708107536,0.4282720946863345
proc_gkf,M2_h,target_models,2,163,p_8_16,0.4710725716838595,0.4282720946863345
proc_gkf,M2_h,target_models,2,176,p_8_16,0.1664049856670875,0.319852878438299
proc_gkf,M2_h,target_models,2,177,p_8_16,0.1705521628824458,0.319852878438299
proc_gkf,M2_h,target_models,2,178,p_8_16,0.1096771945811592,0.319852878438299
proc_gkf,M2_h,target_models,2,179,p_8_16,0.08059610386861,0.319852878438299
proc_gkf,M2_h,target_models,2,192,p_8_16,0.2693234213407359,0.4282720946863345
proc_gkf,M2_h,target_models,2,193,p_8_16,0.5261741447507422,0.4282720946863345
proc_gkf,M2_h,target_models,2,194,p_8_16,0.3517594854261314,0.4282720946863345
proc_gkf,M2_h,target_models,2,195,p_8_16,0.2138727626229319,0.4282720946863345
proc_gkf,M2_h,target_models,3,1,p_8_16,0.2730637583192485,0.18587270563131505
proc_gkf,M2_h,target_models,3,6,p_8_16,0.8934367400816127,0.5214751688884267
proc_gkf,M2_h,target_models,3,30,p_8_16,0.4418353332682509,0.40960768113605617
proc_gkf,M2_h,target_models,3,53,p_8_16,0.2736571121857817,0.07400521787894448
proc_gkf,M2_h,target_models,3,74,p_8_16,0.377942131592927,0.2977401933836856
proc_gkf,M2_h,target_models,3,76,p_8_16,0.2692309609802786,0.07400521787894448
proc_gkf,M2_h,target_models,3,124,p_8_16,0.0216273774759846,0.2977401933836856
proc_gkf,M2_h,target_models,3,134,p_8_16,0.1717238418083919,0.07400521787894448
proc_gkf,M2_h,target_models,3,140,p_8_16,0.3013360338424688,0.18587270563131505
proc_gkf,M2_h,target_models,3,141,p_8_16,0.2359916126573756,0.18587270563131505
proc_gkf,M2_h,target_models,3,142,p_8_16,0.1697483102128793,0.18587270563131505
proc_gkf,M2_h,target_models,3,143,p_8_16,0.0670632467328167,0.18587270563131505
proc_gkf,M2_h,target_models,3,144,p_8_16,0.0980992963841571,0.07400521787894448
proc_gkf,M2_h,target_models,3,145,p_8_16,0.1444384491418675,0.07400521787894448
proc_gkf,M2_h,target_models,3,146,p_8_16,0.1241892480864522,0.07400521787894448
proc_gkf,M2_h,target_models,3,147,p_8_16,0.1558258281900654,0.07400521787894448
proc_gkf,M2_h,target_models,3,148,p_8_16,0.401710597995235,0.2977401933836856
proc_gkf,M2_h,target_models,3,149,p_8_16,0.1328859474968257,0.2977401933836856
proc_gkf,M2_h,target_models,3,150,p_8_16,0.1886239553165941,0.2977401933836856
proc_gkf,M2_h,target_models,3,151,p_8_16,0.1255392642729608,0.2977401933836856
proc_gkf,M2_h,target_models,4,2,p_8_16,0.2105184725521856,0.2985518020413977
proc_gkf,M2_h,target_models,4,5,p_8_16,0.9126072594872168,0.4913480034450054
proc_gkf,M2_h,target_models,4,13,p_8_16,0.8570775630331313,0.4913480034450054
proc_gkf,M2_h,target_models,4,25,p_8_16,0.4732961296022142,0.4913480034450054
proc_gkf,M2_h,target_models,4,52,p_8_16,0.1684546978474572,0.10575560063779002
proc_gkf,M2_h,target_models,4,73,p_8_16,0.0992533930074463,0.10575560063779002
proc_gkf,M2_h,target_models,4,122,p_8_16,0.4406507189391591,0.4913480034450054
proc_gkf,M2_h,target_models,4,136,p_8_16,0.0563523977609129,0.10575560063779002
proc_gkf,M2_h,target_models,4,164,p_8_16,0.6764301662347564,0.4913480034450054
proc_gkf,M2_h,target_models,4,165,p_8_16,0.7778128600771657,0.4913480034450054
proc_gkf,M2_h,target_models,4,166,p_8_16,0.6945002041668196,0.4913480034450054
proc_gkf,M2_h,target_models,4,167,p_8_16,0.0301198360435335,0.4913480034450054
proc_gkf,M2_h,target_models,4,184,p_8_16,0.0631820767179308,0.20215370133959387
proc_gkf,M2_h,target_models,4,185,p_8_16,0.1389519509063684,0.20215370133959387
proc_gkf,M2_h,target_models,4,186,p_8_16,0.1825270019056839,0.20215370133959387
proc_gkf,M2_h,target_models,4,187,p_8_16,0.1519809787257946,0.20215370133959387
proc_gkf,M2_h,target_models,4,188,p_8_16,0.0702510568476217,0.10575560063779002
proc_gkf,M2_h,target_models,4,189,p_8_16,0.1838437744363198,0.10575560063779002
proc_gkf,M2_h,target_models,4,190,p_8_16,0.2090658333441498,0.10575560063779002
proc_gkf,M2_h,target_models,4,191,p_8_16,0.0024359757659457,0.10575560063779002
proc_gkf,M2_h,target_models,0,4,ilr_z2,-0.7349798880860732,-0.7395127766324827
proc_gkf,M2_h,target_models,0,24,ilr_z2,-0.5464013923450972,0.085549181485918
proc_gkf,M2_h,target_models,0,26,ilr_z2,-0.6587406275693465,0.085549181485918
proc_gkf,M2_h,target_models,0,28,ilr_z2,-0.6824863239163869,-0.18947147122021551
proc_gkf,M2_h,target_models,0,48,ilr_z2,0.3640795136307608,-0.4644921239263491
proc_gkf,M2_h,target_models,0,49,ilr_z2,0.4084297996084903,-0.4644921239263491
proc_gkf,M2_h,target_models,0,50,ilr_z2,-1.7718920514165597,-1.0145334293386161
proc_gkf,M2_h,target_models,0,126,ilr_z2,0.1514234499286074,-0.18947147122021551
proc_gkf,M2_h,target_models,0,132,ilr_z2,-0.2458171955326751,-0.7395127766324827
proc_gkf,M2_h,target_models,0,152,ilr_z2,-0.4809182251615883,-0.18947147122021551
proc_gkf,M2_h,target_models,0,153,ilr_z2,-0.5677240117208077,-0.18947147122021551
proc_gkf,M2_h,target_models,0,154,ilr_z2,-0.4000705590825106,-0.18947147122021551
proc_gkf,M2_h,target_models,0,155,ilr_z2,-0.3930149251358204,-0.18947147122021551
proc_gkf,M2_h,target_models,0,156,ilr_z2,-0.9637846254921072,-0.7395127766324827
proc_gkf,M2_h,target_models,0,157,ilr_z2,-0.5841810634522199,-0.7395127766324827
proc_gkf,M2_h,target_models,0,158,ilr_z2,-0.5748897410971575,-0.7395127766324827
proc_gkf,M2_h,target_models,0,159,ilr_z2,-0.2812695282973182,-0.7395127766324827
proc_gkf,M2_h,target_models,0,180,ilr_z2,-1.4995081502942065,-1.0145334293386161
proc_gkf,M2_h,target_models,0,181,ilr_z2,-0.6007342862334806,-1.0145334293386161
proc_gkf,M2_h,target_models,0,182,ilr_z2,-0.3812710159046805,-1.0145334293386161
proc_gkf,M2_h,target_models,0,183,ilr_z2,-2.0975168160602387,-1.0145334293386161
proc_gkf,M2_h,target_models,1,3,ilr_z2,-0.8615461618228943,-0.7433248027748139
proc_gkf,M2_h,target_models,1,11,ilr_z2,-1.0402091290257125,-0.7433248027748139
proc_gkf,M2_h,target_models,1,27,ilr_z2,-0.8482571589845281,-0.20787412607036748
proc_gkf,M2_h,target_models,1,54,ilr_z2,-1.861872604120544,-1.0110501411270372
proc_gkf,M2_h,target_models,1,72,ilr_z2,-0.5082702825940048,0.0598512122818558
proc_gkf,M2_h,target_models,1,78,ilr_z2,-1.3796513513227322,-1.0110501411270372
proc_gkf,M2_h,target_models,1,120,ilr_z2,-1.0981870534730027,-1.0110501411270372
proc_gkf,M2_h,target_models,1,138,ilr_z2,0.1680977377995088,0.0598512122818558
proc_gkf,M2_h,target_models,1,168,ilr_z2,0.1405350564302773,0.0598512122818558
proc_gkf,M2_h,target_models,1,169,ilr_z2,-0.1987183265929584,0.0598512122818558
proc_gkf,M2_h,target_models,1,170,ilr_z2,-0.0247410900691029,0.0598512122818558
proc_gkf,M2_h,target_models,1,171,ilr_z2,-0.0737937005648459,0.0598512122818558
proc_gkf,M2_h,target_models,1,172,ilr_z2,-1.1143412015365697,-1.0110501411270372
proc_gkf,M2_h,target_models,1,173,ilr_z2,-1.210042262040108,-1.0110501411270372
proc_gkf,M2_h,target_models,1,174,ilr_z2,-0.3646944726413303,-1.0110501411270372
proc_gkf,M2_h,target_models,1,175,ilr_z2,-1.467424952332843,-1.0110501411270372
proc_gkf,M2_h,target_models,1,196,ilr_z2,0.3618674458676895,-0.4755994644225907
proc_gkf,M2_h,target_models,1,197,ilr_z2,0.5899138604097636,-0.4755994644225907
proc_gkf,M2_h,target_models,1,198,ilr_z2,0.2395243924105265,-0.4755994644225907
proc_gkf,M2_h,target_models,1,199,ilr_z2,0.2216781958750436,-0.4755994644225907
proc_gkf,M2_h,target_models,2,0,ilr_z2,-0.1063306799927708,0.07320492923223149
proc_gkf,M2_h,target_models,2,7,ilr_z2,-1.6695954016433885,-1.1222773670493171
proc_gkf,M2_h,target_models,2,12,ilr_z2,-0.4873426315596991,-0.8234067929789299
proc_gkf,M2_h,target_models,2,29,ilr_z2,-0.5972960389338273,-0.5245362189085429
proc_gkf,M2_h,target_models,2,51,ilr_z2,-0.7375842381192994,0.07320492923223149
proc_gkf,M2_h,target_models,2,77,ilr_z2,-1.1400707101175642,-0.8234067929789299
proc_gkf,M2_h,target_models,2,128,ilr_z2,0.1414158584405125,-0.5245362189085429
proc_gkf,M2_h,target_models,2,130,ilr_z2,-0.1934901388372158,-0.8234067929789299
proc_gkf,M2_h,target_models,2,160,ilr_z2,-0.3107548375241632,-0.8234067929789299
proc_gkf,M2_h,target_models,2,161,ilr_z2,-0.1572727872297372,-0.8234067929789299
proc_gkf,M2_h,target_models,2,162,ilr_z2,-0.3653410610632664,-0.8234067929789299
proc_gkf,M2_h,target_models,2,163,ilr_z2,-1.0196527553436392,-0.8234067929789299
proc_gkf,M2_h,target_models,2,176,ilr_z2,-0.5854125650361839,-0.5245362189085429
proc_gkf,M2_h,target_models,2,177,ilr_z2,-0.0236528747301991,-0.5245362189085429
proc_gkf,M2_h,target_models,2,178,ilr_z2,-0.3004689083387473,-0.5245362189085429
proc_gkf,M2_h,target_models,2,179,ilr_z2,-0.2103805063433689,-0.5245362189085429
proc_gkf,M2_h,target_models,2,192,ilr_z2,-0.1113100533321576,-0.8234067929789299
proc_gkf,M2_h,target_models,2,193,ilr_z2,-0.474274868869831,-0.8234067929789299
proc_gkf,M2_h,target_models,2,194,ilr_z2,0.0179663222611397,-0.8234067929789299
proc_gkf,M2_h,target_models,2,195,ilr_z2,0.0779337797703519,-0.8234067929789299
proc_gkf,M2_h,target_models,3,1,ilr_z2,-0.0692891450335584,-0.12738437343136988
proc_gkf,M2_h,target_models,3,6,ilr_z2,-1.94356293461084,-1.0246506368921
proc_gkf,M2_h,target_models,3,30,ilr_z2,-0.2541646557020384,-0.7255618824051899
proc_gkf,M2_h,target_models,3,53,ilr_z2,-0.7207427361215213,0.1717043810555402
proc_gkf,M2_h,target_models,3,74,ilr_z2,-0.1906594115687575,-0.4264731279182799
proc_gkf,M2_h,target_models,3,76,ilr_z2,-0.3573739449687065,0.1717043810555402
proc_gkf,M2_h,target_models,3,124,ilr_z2,-0.3102629865565866,-0.4264731279182799
proc_gkf,M2_h,target_models,3,134,ilr_z2,0.2143441042381721,0.1717043810555402
proc_gkf,M2_h,target_models,3,140,ilr_z2,-0.3867737094612926,-0.12738437343136988
proc_gkf,M2_h,target_models,3,141,ilr_z2,-0.4725933192029717,-0.12738437343136988
proc_gkf,M2_h,target_models,3,142,ilr_z2,-0.480606705362266,-0.12738437343136988
proc_gkf,M2_h,target_models,3,143,ilr_z2,-0.3130092631134917,-0.12738437343136988
proc_gkf,M2_h,target_models,3,144,ilr_z2,-0.3027621608401571,0.1717043810555402
proc_gkf,M2_h,target_models,3,145,ilr_z2,-0.3019965021691972,0.1717043810555402
proc_gkf,M2_h,target_models,3,146,ilr_z2,-0.0911109063822424,0.1717043810555402
proc_gkf,M2_h,target_models,3,147,ilr_z2,-0.2928733932939545,0.1717043810555402
proc_gkf,M2_h,target_models,3,148,ilr_z2,-1.0846568296883292,-0.4264731279182799
proc_gkf,M2_h,target_models,3,149,ilr_z2,-0.5480851664681791,-0.4264731279182799
proc_gkf,M2_h,target_models,3,150,ilr_z2,-0.2525456694938448,-0.4264731279182799
proc_gkf,M2_h,target_models,3,151,ilr_z2,-0.5620448925305433,-0.4264731279182799
proc_gkf,M2_h,target_models,4,2,ilr_z2,0.5182216181845284,-0.4874188596391926
proc_gkf,M2_h,target_models,4,5,ilr_z2,-1.940805301438366,-0.8515772756967339
proc_gkf,M2_h,target_models,4,13,ilr_z2,-1.614473056844414,-0.8515772756967339
proc_gkf,M2_h,target_models,4,25,ilr_z2,-0.5036461443379504,-0.8515772756967339
proc_gkf,M2_h,target_models,4,52,ilr_z2,-0.4788069946524049,-0.12326044358165139
proc_gkf,M2_h,target_models,4,73,ilr_z2,-0.5316165113290052,-0.12326044358165139
proc_gkf,M2_h,target_models,4,122,ilr_z2,-1.311453182628654,-0.8515772756967339
proc_gkf,M2_h,target_models,4,136,ilr_z2,0.4252380211941015,-0.12326044358165139
proc_gkf,M2_h,target_models,4,164,ilr_z2,-1.5662458140815316,-0.8515772756967339
proc_gkf,M2_h,target_models,4,165,ilr_z2,-1.8451569596223183,-0.8515772756967339
proc_gkf,M2_h,target_models,4,166,ilr_z2,-1.1747991448331432,-0.8515772756967339
proc_gkf,M2_h,target_models,4,167,ilr_z2,-1.8398507875353969,-0.8515772756967339
proc_gkf,M2_h,target_models,4,184,ilr_z2,0.3488021013448888,-0.305339651610422
proc_gkf,M2_h,target_models,4,185,ilr_z2,0.7956564068517197,-0.305339651610422
proc_gkf,M2_h,target_models,4,186,ilr_z2,0.7221347853067828,-0.305339651610422
proc_gkf,M2_h,target_models,4,187,ilr_z2,0.7842535575418991,-0.305339651610422
proc_gkf,M2_h,target_models,4,188,ilr_z2,0.4089178641829663,-0.12326044358165139
proc_gkf,M2_h,target_models,4,189,ilr_z2,0.3408069820378084,-0.12326044358165139
proc_gkf,M2_h,target_models,4,190,ilr_z2,0.4656972323647224,-0.12326044358165139
proc_gkf,M2_h,target_models,4,191,ilr_z2,-0.2083022863756323,-0.12326044358165139
proc_gkf,M2_h,target_models,0,4,A2_8_16,0.7663973995223651,0.6608397043603548
proc_gkf,M2_h,target_models,0,24,A2_8_16,0.1397929970599265,0.10150298767041666
proc_gkf,M2_h,target_models,0,26,A2_8_16,0.3277592868738584,0.10150298767041666
proc_gkf,M2_h,target_models,0,28,A2_8_16,0.3652046962555679,0.28794855990039603
proc_gkf,M2_h,target_models,0,48,A2_8_16,0.1439422060414616,0.4743941321303754
proc_gkf,M2_h,target_models,0,49,A2_8_16,0.1529213376419045,0.4743941321303754
proc_gkf,M2_h,target_models,0,50,A2_8_16,0.968531796740373,0.8472852765903341
proc_gkf,M2_h,target_models,0,126,A2_8_16,0.2904552971923126,0.28794855990039603
proc_gkf,M2_h,target_models,0,132,A2_8_16,0.4032794241209796,0.6608397043603548
proc_gkf,M2_h,target_models,0,152,A2_8_16,0.1916593851968016,0.28794855990039603
proc_gkf,M2_h,target_models,0,153,A2_8_16,0.4093289965880195,0.28794855990039603
proc_gkf,M2_h,target_models,0,154,A2_8_16,0.7523513143574082,0.28794855990039603
proc_gkf,M2_h,target_models,0,155,A2_8_16,0.3496725676947528,0.28794855990039603
proc_gkf,M2_h,target_models,0,156,A2_8_16,0.5005700460312731,0.6608397043603548
proc_gkf,M2_h,target_models,0,157,A2_8_16,0.8479548796209171,0.6608397043603548
proc_gkf,M2_h,target_models,0,158,A2_8_16,0.8997282243113676,0.6608397043603548
proc_gkf,M2_h,target_models,0,159,A2_8_16,0.906662852903617,0.6608397043603548
proc_gkf,M2_h,target_models,0,180,A2_8_16,0.876658817811322,0.8472852765903341
proc_gkf,M2_h,target_models,0,181,A2_8_16,0.4323368626607115,0.8472852765903341
proc_gkf,M2_h,target_models,0,182,A2_8_16,0.7136233011207184,0.8472852765903341
proc_gkf,M2_h,target_models,0,183,A2_8_16,0.9408544635622768,0.8472852765903341
proc_gkf,M2_h,target_models,1,3,A2_8_16,0.6848565322463434,0.6515453595051854
proc_gkf,M2_h,target_models,1,11,A2_8_16,0.814635835404978,0.6515453595051854
proc_gkf,M2_h,target_models,1,27,A2_8_16,0.4289387730949569,0.2988881699831456
proc_gkf,M2_h,target_models,1,54,A2_8_16,0.9009628591577852,0.8278739542662055
proc_gkf,M2_h,target_models,1,72,A2_8_16,0.2830216597611039,0.12255957522212568
proc_gkf,M2_h,target_models,1,78,A2_8_16,0.9225443341069854,0.8278739542662055
proc_gkf,M2_h,target_models,1,120,A2_8_16,0.8944943574816656,0.8278739542662055
proc_gkf,M2_h,target_models,1,138,A2_8_16,0.1424116865615261,0.12255957522212568
proc_gkf,M2_h,target_models,1,168,A2_8_16,0.0994156775443189,0.12255957522212568
proc_gkf,M2_h,target_models,1,169,A2_8_16,0.097587665196269,0.12255957522212568
proc_gkf,M2_h,target_models,1,170,A2_8_16,0.1742853627065956,0.12255957522212568
proc_gkf,M2_h,target_models,1,171,A2_8_16,0.1599474558842803,0.12255957522212568
proc_gkf,M2_h,target_models,1,172,A2_8_16,0.8921688865244534,0.8278739542662055
proc_gkf,M2_h,target_models,1,173,A2_8_16,0.9661076702374072,0.8278739542662055
proc_gkf,M2_h,target_models,1,174,A2_8_16,0.7674693265969352,0.8278739542662055
proc_gkf,M2_h,target_models,1,175,A2_8_16,0.6893771332113418,0.8278739542662055
proc_gkf,M2_h,target_models,1,196,A2_8_16,0.3743380418133872,0.4752167647441656
proc_gkf,M2_h,target_models,1,197,A2_8_16,0.2879994399522551,0.4752167647441656
proc_gkf,M2_h,target_models,1,198,A2_8_16,0.2957720351316506,0.4752167647441656
proc_gkf,M2_h,target_models,1,199,A2_8_16,0.3726363977494947,0.4752167647441656
proc_gkf,M2_h,target_models,2,0,A2_8_16,0.036720770646403,0.1245800657483579
proc_gkf,M2_h,target_models,2,7,A2_8_16,0.9327131526105767,0.8302711399978402
proc_gkf,M2_h,target_models,2,12,A2_8_16,0.5767620748559564,0.6538483714354697
proc_gkf,M2_h,target_models,2,29,A2_8_16,0.6757951785952275,0.47742560287309904
proc_gkf,M2_h,target_models,2,51,A2_8_16,0.12792012603282,0.1245800657483579
proc_gkf,M2_h,target_models,2,77,A2_8_16,0.8985651245461259,0.6538483714354697
proc_gkf,M2_h,target_models,2,128,A2_8_16,0.2058224448213799,0.47742560287309904
proc_gkf,M2_h,target_models,2,130,A2_8_16,0.4419164485789251,0.6538483714354697
proc_gkf,M2_h,target_models,2,160,A2_8_16,0.7199290861368496,0.6538483714354697
proc_gkf,M2_h,target_models,2,161,A2_8_16,0.8205349159920327,0.6538483714354697
proc_gkf,M2_h,target_models,2,162,A2_8_16,0.4118082086874167,0.6538483714354697
proc_gkf,M2_h,target_models,2,163,A2_8_16,0.7829337262209217,0.6538483714354697
proc_gkf,M2_h,target_models,2,176,A2_8_16,0.614173452796375,0.47742560287309904
proc_gkf,M2_h,target_models,2,177,A2_8_16,0.5292008183387338,0.47742560287309904
proc_gkf,M2_h,target_models,2,178,A2_8_16,0.172460089101729,0.47742560287309904
proc_gkf,M2_h,target_models,2,179,A2_8_16,0.2284488983539017,0.47742560287309904
proc_gkf,M2_h,target_models,2,192,A2_8_16,0.753824022764901,0.6538483714354697
proc_gkf,M2_h,target_models,2,193,A2_8_16,0.683685936277253,0.6538483714354697
proc_gkf,M2_h,target_models,2,194,A2_8_16,0.678886742368729,0.6538483714354697
proc_gkf,M2_h,target_models,2,195,A2_8_16,0.8367731569721454,0.6538483714354697
proc_gkf,M2_h,target_models,3,1,A2_8_16,0.1961232572137329,0.29292662447513007
proc_gkf,M2_h,target_models,3,6,A2_8_16,0.9570384606388984,0.8477734771654779
proc_gkf,M2_h,target_models,3,30,A2_8_16,0.8450779829639314,0.6628245262686954
proc_gkf,M2_h,target_models,3,53,A2_8_16,0.1494548018772401,0.10797767357834737
proc_gkf,M2_h,target_models,3,74,A2_8_16,0.1678917533058013,0.47787557537191266
proc_gkf,M2_h,target_models,3,76,A2_8_16,0.083768854819673,0.10797767357834737
proc_gkf,M2_h,target_models,3,124,A2_8_16,0.3621450261390208,0.47787557537191266
proc_gkf,M2_h,target_models,3,134,A2_8_16,0.1202840571694714,0.10797767357834737
proc_gkf,M2_h,target_models,3,140,A2_8_16,0.2161409599196409,0.29292662447513007
proc_gkf,M2_h,target_models,3,141,A2_8_16,0.3554970461969606,0.29292662447513007
proc_gkf,M2_h,target_models,3,142,A2_8_16,0.5504001774406915,0.29292662447513007
proc_gkf,M2_h,target_models,3,143,A2_8_16,0.4887500345928944,0.29292662447513007
proc_gkf,M2_h,target_models,3,144,A2_8_16,0.2757511201425458,0.10797767357834737
proc_gkf,M2_h,target_models,3,145,A2_8_16,0.1384471986498286,0.10797767357834737
proc_gkf,M2_h,target_models,3,146,A2_8_16,0.1449642119347632,0.10797767357834737
proc_gkf,M2_h,target_models,3,147,A2_8_16,0.2034555409043313,0.10797767357834737
proc_gkf,M2_h,target_models,3,148,A2_8_16,0.8280700095585045,0.47787557537191266
proc_gkf,M2_h,target_models,3,149,A2_8_16,0.1094047470852526,0.47787557537191266
proc_gkf,M2_h,target_models,3,150,A2_8_16,0.2602332049451156,0.47787557537191266
proc_gkf,M2_h,target_models,3,151,A2_8_16,0.092540025386341,0.47787557537191266
proc_gkf,M2_h,target_models,4,2,A2_8_16,0.2995539380411224,0.48099762657752654
proc_gkf,M2_h,target_models,4,5,A2_8_16,0.9554864475023206,0.8231600030525827
proc_gkf,M2_h,target_models,4,13,A2_8_16,0.9553992553647612,0.8231600030525827
proc_gkf,M2_h,target_models,4,25,A2_8_16,0.6984861392748491,0.8231600030525827
proc_gkf,M2_h,target_models,4,52,A2_8_16,0.0120799449422375,0.1388352501024704
proc_gkf,M2_h,target_models,4,73,A2_8_16,0.295870409956582,0.1388352501024704
proc_gkf,M2_h,target_models,4,122,A2_8_16,0.909510154376974,0.8231600030525827
proc_gkf,M2_h,target_models,4,136,A2_8_16,0.0137397427233426,0.1388352501024704
proc_gkf,M2_h,target_models,4,164,A2_8_16,0.9582380550196586,0.8231600030525827
proc_gkf,M2_h,target_models,4,165,A2_8_16,0.9755310556113246,0.8231600030525827
proc_gkf,M2_h,target_models,4,166,A2_8_16,0.839874019631054,0.8231600030525827
proc_gkf,M2_h,target_models,4,167,A2_8_16,0.9097755639079348,0.8231600030525827
proc_gkf,M2_h,target_models,4,184,A2_8_16,0.0813683298711656,0.3099164383399985
proc_gkf,M2_h,target_models,4,185,A2_8_16,0.1527146446101141,0.3099164383399985
proc_gkf,M2_h,target_models,4,186,A2_8_16,0.1398920757864579,0.3099164383399985
proc_gkf,M2_h,target_models,4,187,A2_8_16,0.0839330958615748,0.3099164383399985
proc_gkf,M2_h,target_models,4,188,A2_8_16,0.1067703608298211,0.1388352501024704
proc_gkf,M2_h,target_models,4,189,A2_8_16,0.2393366975971487,0.1388352501024704
proc_gkf,M2_h,target_models,4,190,A2_8_16,0.1571360648425355,0.1388352501024704
proc_gkf,M2_h,target_models,4,191,A2_8_16,0.1248771653523978,0.1388352501024704
proc_gkf,M2_h,target_models,0,4,angular_entropy_8_16,0.4797589507759083,0.578563829389437
proc_gkf,M2_h,target_models,0,24,angular_entropy_8_16,0.9474204100320134,0.976900750384615
proc_gkf,M2_h,target_models,0,26,angular_entropy_8_16,0.9225450729133732,0.976900750384615
proc_gkf,M2_h,target_models,0,28,angular_entropy_8_16,0.8950148339178446,0.8441217767195556
proc_gkf,M2_h,target_models,0,48,angular_entropy_8_16,0.920817709025902,0.7113428030544963
proc_gkf,M2_h,target_models,0,49,angular_entropy_8_16,0.8931434690263835,0.7113428030544963
proc_gkf,M2_h,target_models,0,50,angular_entropy_8_16,0.2884001251722402,0.4457848557243776
proc_gkf,M2_h,target_models,0,126,angular_entropy_8_16,0.89885340511558,0.8441217767195556
proc_gkf,M2_h,target_models,0,132,angular_entropy_8_16,0.7889791128491267,0.578563829389437
proc_gkf,M2_h,target_models,0,152,angular_entropy_8_16,0.8968868497699488,0.8441217767195556
proc_gkf,M2_h,target_models,0,153,angular_entropy_8_16,0.8461600288419651,0.8441217767195556
proc_gkf,M2_h,target_models,0,154,angular_entropy_8_16,0.670712883086662,0.8441217767195556
proc_gkf,M2_h,target_models,0,155,angular_entropy_8_16,0.9125242508369932,0.8441217767195556
proc_gkf,M2_h,target_models,0,156,angular_entropy_8_16,0.6888607676843875,0.578563829389437
proc_gkf,M2_h,target_models,0,157,angular_entropy_8_16,0.4699264956424556,0.578563829389437
proc_gkf,M2_h,target_models,0,158,angular_entropy_8_16,0.443095790045536,0.578563829389437
proc_gkf,M2_h,target_models,0,159,angular_entropy_8_16,0.3175805320209709,0.578563829389437
proc_gkf,M2_h,target_models,0,180,angular_entropy_8_16,0.4177840495857789,0.4457848557243776
proc_gkf,M2_h,target_models,0,181,angular_entropy_8_16,0.7990186769658371,0.4457848557243776
proc_gkf,M2_h,target_models,0,182,angular_entropy_8_16,0.6347594924442568,0.4457848557243776
proc_gkf,M2_h,target_models,0,183,angular_entropy_8_16,0.3362955887065682,0.4457848557243776
proc_gkf,M2_h,target_models,1,3,angular_entropy_8_16,0.4779772055305059,0.5891454055615025
proc_gkf,M2_h,target_models,1,11,angular_entropy_8_16,0.4137629142447426,0.5891454055615025
proc_gkf,M2_h,target_models,1,27,angular_entropy_8_16,0.7550180697432503,0.844227975915725
proc_gkf,M2_h,target_models,1,54,angular_entropy_8_16,0.3680154583415413,0.4616041203843913
proc_gkf,M2_h,target_models,1,72,angular_entropy_8_16,0.9313320998754409,0.9717692610928363
proc_gkf,M2_h,target_models,1,78,angular_entropy_8_16,0.3692855088966826,0.4616041203843913
proc_gkf,M2_h,target_models,1,120,angular_entropy_8_16,0.3697450945985387,0.4616041203843913
proc_gkf,M2_h,target_models,1,138,angular_entropy_8_16,0.9291252861861126,0.9717692610928363
proc_gkf,M2_h,target_models,1,168,angular_entropy_8_16,0.9489140989270426,0.9717692610928363
proc_gkf,M2_h,target_models,1,169,angular_entropy_8_16,0.9460381156279748,0.9717692610928363
proc_gkf,M2_h,target_models,1,170,angular_entropy_8_16,0.9237814123548176,0.9717692610928363
proc_gkf,M2_h,target_models,1,171,angular_entropy_8_16,0.9189652508805556,0.9717692610928363
proc_gkf,M2_h,target_models,1,172,angular_entropy_8_16,0.3591420375657302,0.4616041203843913
proc_gkf,M2_h,target_models,1,173,angular_entropy_8_16,0.2972264256107618,0.4616041203843913
proc_gkf,M2_h,target_models,1,174,angular_entropy_8_16,0.5122610972711229,0.4616041203843913
proc_gkf,M2_h,target_models,1,175,angular_entropy_8_16,0.6689971221992281,0.4616041203843913
proc_gkf,M2_h,target_models,1,196,angular_entropy_8_16,0.8308767765595593,0.7166866907386138
proc_gkf,M2_h,target_models,1,197,angular_entropy_8_16,0.9135802614189036,0.7166866907386138
proc_gkf,M2_h,target_models,1,198,angular_entropy_8_16,0.9172874280680208,0.7166866907386138
proc_gkf,M2_h,target_models,1,199,angular_entropy_8_16,0.8870591115502044,0.7166866907386138
proc_gkf,M2_h,target_models,2,0,angular_entropy_8_16,0.9336741740150308,0.9768642145353192
proc_gkf,M2_h,target_models,2,7,angular_entropy_8_16,0.3347323640142271,0.4470064185400991
proc_gkf,M2_h,target_models,2,12,angular_entropy_8_16,0.8460415028747486,0.5794708675389042
proc_gkf,M2_h,target_models,2,29,angular_entropy_8_16,0.6262326218701938,0.7119353165377093
proc_gkf,M2_h,target_models,2,51,angular_entropy_8_16,0.9174741956782942,0.9768642145353192
proc_gkf,M2_h,target_models,2,77,angular_entropy_8_16,0.3569701574235101,0.5794708675389042
proc_gkf,M2_h,target_models,2,128,angular_entropy_8_16,0.9260806406075238,0.7119353165377093
proc_gkf,M2_h,target_models,2,130,angular_entropy_8_16,0.7711020866117768,0.5794708675389042
proc_gkf,M2_h,target_models,2,160,angular_entropy_8_16,0.529106012565758,0.5794708675389042
proc_gkf,M2_h,target_models,2,161,angular_entropy_8_16,0.4332499422431948,0.5794708675389042
proc_gkf,M2_h,target_models,2,162,angular_entropy_8_16,0.7431830317351423,0.5794708675389042
proc_gkf,M2_h,target_models,2,163,angular_entropy_8_16,0.5337060876810991,0.5794708675389042
proc_gkf,M2_h,target_models,2,176,angular_entropy_8_16,0.6525457217288756,0.7119353165377093
proc_gkf,M2_h,target_models,2,177,angular_entropy_8_16,0.7347081037517762,0.7119353165377093
proc_gkf,M2_h,target_models,2,178,angular_entropy_8_16,0.9018638342756242,0.7119353165377093
proc_gkf,M2_h,target_models,2,179,angular_entropy_8_16,0.9261454327046916,0.7119353165377093
proc_gkf,M2_h,target_models,2,192,angular_entropy_8_16,0.5403562611206696,0.5794708675389042
proc_gkf,M2_h,target_models,2,193,angular_entropy_8_16,0.555296814064717,0.5794708675389042
proc_gkf,M2_h,target_models,2,194,angular_entropy_8_16,0.5879662490128611,0.5794708675389042
proc_gkf,M2_h,target_models,2,195,angular_entropy_8_16,0.4632606662863817,0.5794708675389042
proc_gkf,M2_h,target_models,3,1,angular_entropy_8_16,0.9344989266450388,0.8486282337159842
proc_gkf,M2_h,target_models,3,6,angular_entropy_8_16,0.3059312830097316,0.4460583405006544
proc_gkf,M2_h,target_models,3,30,angular_entropy_8_16,0.4270172017517478,0.5802483049057643
proc_gkf,M2_h,target_models,3,53,angular_entropy_8_16,0.9549473698303074,0.982818198121094
proc_gkf,M2_h,target_models,3,74,angular_entropy_8_16,0.8628655108189245,0.7144382693108743
proc_gkf,M2_h,target_models,3,76,angular_entropy_8_16,0.9276734581533804,0.982818198121094
proc_gkf,M2_h,target_models,3,124,angular_entropy_8_16,0.9147947212843128,0.7144382693108743
proc_gkf,M2_h,target_models,3,134,angular_entropy_8_16,0.9256549829438804,0.982818198121094
proc_gkf,M2_h,target_models,3,140,angular_entropy_8_16,0.9186711438978736,0.8486282337159842
proc_gkf,M2_h,target_models,3,141,angular_entropy_8_16,0.8244759686032876,0.8486282337159842
proc_gkf,M2_h,target_models,3,142,angular_entropy_8_16,0.7039581650501197,0.8486282337159842
proc_gkf,M2_h,target_models,3,143,angular_entropy_8_16,0.8428423390558621,0.8486282337159842
proc_gkf,M2_h,target_models,3,144,angular_entropy_8_16,0.9229279357306308,0.982818198121094
proc_gkf,M2_h,target_models,3,145,angular_entropy_8_16,0.922783471297476,0.982818198121094
proc_gkf,M2_h,target_models,3,146,angular_entropy_8_16,0.9231359438631118,0.982818198121094
proc_gkf,M2_h,target_models,3,147,angular_entropy_8_16,0.9269865002523372,0.982818198121094
proc_gkf,M2_h,target_models,3,148,angular_entropy_8_16,0.4855636245332228,0.7144382693108743
proc_gkf,M2_h,target_models,3,149,angular_entropy_8_16,0.8920301113985419,0.7144382693108743
proc_gkf,M2_h,target_models,3,150,angular_entropy_8_16,0.8955164962962591,0.7144382693108743
proc_gkf,M2_h,target_models,3,151,angular_entropy_8_16,0.9379010426946844,0.7144382693108743
proc_gkf,M2_h,target_models,4,2,angular_entropy_8_16,0.9205390814978176,0.7188461540891299
proc_gkf,M2_h,target_models,4,5,angular_entropy_8_16,0.2977525663111084,0.46310904015690696
proc_gkf,M2_h,target_models,4,13,angular_entropy_8_16,0.3072768389189138,0.46310904015690696
proc_gkf,M2_h,target_models,4,25,angular_entropy_8_16,0.5816707058259681,0.46310904015690696
proc_gkf,M2_h,target_models,4,52,angular_entropy_8_16,0.9454630740160777,0.9745832680213526
proc_gkf,M2_h,target_models,4,73,angular_entropy_8_16,0.9116719197777746,0.9745832680213526
proc_gkf,M2_h,target_models,4,122,angular_entropy_8_16,0.3799420973435737,0.46310904015690696
proc_gkf,M2_h,target_models,4,136,angular_entropy_8_16,0.934421785090228,0.9745832680213526
proc_gkf,M2_h,target_models,4,164,angular_entropy_8_16,0.2978953473076548,0.46310904015690696
proc_gkf,M2_h,target_models,4,165,angular_entropy_8_16,0.2891071456764625,0.46310904015690696
proc_gkf,M2_h,target_models,4,166,angular_entropy_8_16,0.5735781124762749,0.46310904015690696
proc_gkf,M2_h,target_models,4,167,angular_entropy_8_16,0.3864674284362529,0.46310904015690696
proc_gkf,M2_h,target_models,4,184,angular_entropy_8_16,0.9037991223507064,0.8467147110552413
proc_gkf,M2_h,target_models,4,185,angular_entropy_8_16,0.9311772202530342,0.8467147110552413
proc_gkf,M2_h,target_models,4,186,angular_entropy_8_16,0.9236751177150362,0.8467147110552413
proc_gkf,M2_h,target_models,4,187,angular_entropy_8_16,0.9195262355547972,0.8467147110552413
proc_gkf,M2_h,target_models,4,188,angular_entropy_8_16,0.920884974370498,0.9745832680213526
proc_gkf,M2_h,target_models,4,189,angular_entropy_8_16,0.9420986012995588,0.9745832680213526
proc_gkf,M2_h,target_models,4,190,angular_entropy_8_16,0.9351595528240708,0.9745832680213526
proc_gkf,M2_h,target_models,4,191,angular_entropy_8_16,0.8997282864766862,0.9745832680213526
proc_gkf,M2_h,target_models,0,4,lambda_star_4_32,8.748435560785481,11.22409843749359
proc_gkf,M2_h,target_models,0,24,lambda_star_4_32,12.772355638285045,13.033531538368832
proc_gkf,M2_h,target_models,0,26,lambda_star_4_32,16.85114805181296,13.033531538368832
proc_gkf,M2_h,target_models,0,28,lambda_star_4_32,16.448715843082976,12.430387171410418
proc_gkf,M2_h,target_models,0,48,lambda_star_4_32,9.708231566821965,11.827242804452004
proc_gkf,M2_h,target_models,0,49,lambda_star_4_32,9.89823266090284,11.827242804452004
proc_gkf,M2_h,target_models,0,50,lambda_star_4_32,9.324161269491098,10.620954070535175
proc_gkf,M2_h,target_models,0,126,lambda_star_4_32,12.950437243891914,12.430387171410418
proc_gkf,M2_h,target_models,0,132,lambda_star_4_32,9.773721145239106,11.22409843749359
proc_gkf,M2_h,target_models,0,153,lambda_star_4_32,17.17652433675191,12.430387171410418
proc_gkf,M2_h,target_models,0,154,lambda_star_4_32,18.23764737785915,12.430387171410418
proc_gkf,M2_h,target_models,0,155,lambda_star_4_32,18.025408887417036,12.430387171410418
proc_gkf,M2_h,target_models,0,156,lambda_star_4_32,10.716409207930754,11.22409843749359
proc_gkf,M2_h,target_models,0,157,lambda_star_4_32,13.43765651228388,11.22409843749359
proc_gkf,M2_h,target_models,0,158,lambda_star_4_32,11.444534053265324,11.22409843749359
proc_gkf,M2_h,target_models,0,159,lambda_star_4_32,9.024660111865645,11.22409843749359
proc_gkf,M2_h,target_models,0,180,lambda_star_4_32,11.81471575262988,10.620954070535175
proc_gkf,M2_h,target_models,0,181,lambda_star_4_32,13.459631624030925,10.620954070535175
proc_gkf,M2_h,target_models,0,182,lambda_star_4_32,15.652923642651267,10.620954070535175
proc_gkf,M2_h,target_models,0,183,lambda_star_4_32,11.121279222471847,10.620954070535175
proc_gkf,M2_h,target_models,1,3,lambda_star_4_32,8.585566378279855,11.524094258566981
proc_gkf,M2_h,target_models,1,11,lambda_star_4_32,10.595772488586423,11.524094258566981
proc_gkf,M2_h,target_models,1,27,lambda_star_4_32,10.15857296040633,12.995759667278724
proc_gkf,M2_h,target_models,1,54,lambda_star_4_32,11.975549042291357,10.788261554211111
proc_gkf,M2_h,target_models,1,72,lambda_star_4_32,14.56665793369415,13.731592371634594
proc_gkf,M2_h,target_models,1,78,lambda_star_4_32,10.267739738899023,10.788261554211111
proc_gkf,M2_h,target_models,1,120,lambda_star_4_32,10.003348406161974,10.788261554211111
proc_gkf,M2_h,target_models,1,138,lambda_star_4_32,15.304477293099653,13.731592371634594
proc_gkf,M2_h,target_models,1,168,lambda_star_4_32,9.864797093561378,13.731592371634594
proc_gkf,M2_h,target_models,1,169,lambda_star_4_32,11.80156011694523,13.731592371634594
proc_gkf,M2_h,target_models,1,170,lambda_star_4_32,10.992604555676673,13.731592371634594
proc_gkf,M2_h,target_models,1,171,lambda_star_4_32,13.021054880614983,13.731592371634594
proc_gkf,M2_h,target_models,1,172,lambda_star_4_32,9.407459257280316,10.788261554211111
proc_gkf,M2_h,target_models,1,173,lambda_star_4_32,10.56715703018984,10.788261554211111
proc_gkf,M2_h,target_models,1,174,lambda_star_4_32,10.192698599791559,10.788261554211111
proc_gkf,M2_h,target_models,1,175,lambda_star_4_32,17.38592853614663,10.788261554211111
proc_gkf,M2_h,target_models,1,196,lambda_star_4_32,10.255244325789706,12.259926962922853
proc_gkf,M2_h,target_models,1,197,lambda_star_4_32,10.02800697834505,12.259926962922853
proc_gkf,M2_h,target_models,1,198,lambda_star_4_32,10.775048279182267,12.259926962922853
proc_gkf,M2_h,target_models,1,199,lambda_star_4_32,10.366167238577734,12.259926962922853
proc_gkf,M2_h,target_models,2,0,lambda_star_4_32,15.036163152530207,13.259657452811004
proc_gkf,M2_h,target_models,2,7,lambda_star_4_32,10.131741650392286,10.858988472761624
proc_gkf,M2_h,target_models,2,12,lambda_star_4_32,16.49892017171428,11.45915571777397
proc_gkf,M2_h,target_models,2,29,lambda_star_4_32,11.469957883713992,12.059322962786315
proc_gkf,M2_h,target_models,2,77,lambda_star_4_32,9.144133649393266,11.45915571777397
proc_gkf,M2_h,target_models,2,128,lambda_star_4_32,10.626113959029189,12.059322962786315
proc_gkf,M2_h,target_models,2,130,lambda_star_4_32,10.525656126642762,11.45915571777397
proc_gkf,M2_h,target_models,2,160,lambda_star_4_32,8.957803609676962,11.45915571777397
proc_gkf,M2_h,target_models,2,161,lambda_star_4_32,10.187201719133206,11.45915571777397
proc_gkf,M2_h,target_models,2,162,lambda_star_4_32,17.094888583756347,11.45915571777397
proc_gkf,M2_h,target_models,2,163,lambda_star_4_32,11.185404169702867,11.45915571777397
proc_gkf,M2_h,target_models,2,176,lambda_star_4_32,16.934453385495903,12.059322962786315
proc_gkf,M2_h,target_models,2,177,lambda_star_4_32,10.025623028224507,12.059322962786315
proc_gkf,M2_h,target_models,2,178,lambda_star_4_32,12.712627116310939,12.059322962786315
proc_gkf,M2_h,target_models,2,179,lambda_star_4_32,12.903457466297608,12.059322962786315
proc_gkf,M2_h,target_models,2,192,lambda_star_4_32,10.99798231417217,11.45915571777397
proc_gkf,M2_h,target_models,2,193,lambda_star_4_32,9.511936587414986,11.45915571777397
proc_gkf,M2_h,target_models,2,194,lambda_star_4_32,9.64445815674146,11.45915571777397
proc_gkf,M2_h,target_models,2,195,lambda_star_4_32,10.912131490668889,11.45915571777397
proc_gkf,M2_h,target_models,3,1,lambda_star_4_32,11.668512421861447,12.08129307534268
proc_gkf,M2_h,target_models,3,6,lambda_star_4_32,10.03098145708803,10.993597999063438
proc_gkf,M2_h,target_models,3,30,lambda_star_4_32,9.442777413200083,11.35616302448985
proc_gkf,M2_h,target_models,3,53,lambda_star_4_32,13.839279657921876,12.443858100769093
proc_gkf,M2_h,target_models,3,74,lambda_star_4_32,10.395135974354487,11.718728049916265
proc_gkf,M2_h,target_models,3,76,lambda_star_4_32,12.662404172006315,12.443858100769093
proc_gkf,M2_h,target_models,3,134,lambda_star_4_32,10.280225900836875,12.443858100769093
proc_gkf,M2_h,target_models,3,140,lambda_star_4_32,14.266299800171103,12.08129307534268
proc_gkf,M2_h,target_models,3,141,lambda_star_4_32,12.406930408458866,12.08129307534268
proc_gkf,M2_h,target_models,3,142,lambda_star_4_32,13.686953355865574,12.08129307534268
proc_gkf,M2_h,target_models,3,143,lambda_star_4_32,20.33910218473801,12.08129307534268
proc_gkf,M2_h,target_models,3,144,lambda_star_4_32,19.21712122703679,12.443858100769093
proc_gkf,M2_h,target_models,3,145,lambda_star_4_32,15.917534514704242,12.443858100769093
proc_gkf,M2_h,target_models,3,146,lambda_star_4_32,13.238470411514887,12.443858100769093
proc_gkf,M2_h,target_models,3,147,lambda_star_4_32,16.39308904929755,12.443858100769093
proc_gkf,M2_h,target_models,3,148,lambda_star_4_32,13.505688064382563,11.718728049916265
proc_gkf,M2_h,target_models,3,149,lambda_star_4_32,15.949985575742025,11.718728049916265
proc_gkf,M2_h,target_models,3,150,lambda_star_4_32,13.19434205978971,11.718728049916265
proc_gkf,M2_h,target_models,3,151,lambda_star_4_32,15.981702306235912,11.718728049916265
proc_gkf,M2_h,target_models,4,2,lambda_star_4_32,8.978347929581629,12.48496066119983
proc_gkf,M2_h,target_models,4,5,lambda_star_4_32,9.476722768932733,10.801960439448884
proc_gkf,M2_h,target_models,4,13,lambda_star_4_32,9.57889903024946,10.801960439448884
proc_gkf,M2_h,target_models,4,25,lambda_star_4_32,9.448952183282888,10.801960439448884
proc_gkf,M2_h,target_models,4,52,lambda_star_4_32,13.657657525470372,14.167960882950778
proc_gkf,M2_h,target_models,4,73,lambda_star_4_32,12.40952841173918,14.167960882950778
proc_gkf,M2_h,target_models,4,122,lambda_star_4_32,11.266255756141158,10.801960439448884
proc_gkf,M2_h,target_models,4,136,lambda_star_4_32,11.169791350259981,14.167960882950778
proc_gkf,M2_h,target_models,4,164,lambda_star_4_32,10.149086117041653,10.801960439448884
proc_gkf,M2_h,target_models,4,165,lambda_star_4_32,10.06947567876668,10.801960439448884
proc_gkf,M2_h,target_models,4,166,lambda_star_4_32,9.909591159098213,10.801960439448884
proc_gkf,M2_h,target_models,4,184,lambda_star_4_32,10.889582183271099,13.326460772075304
proc_gkf,M2_h,target_models,4,185,lambda_star_4_32,9.844185813333066,13.326460772075304
proc_gkf,M2_h,target_models,4,186,lambda_star_4_32,9.56283765931253,13.326460772075304
proc_gkf,M2_h,target_models,4,187,lambda_star_4_32,9.390936745447487,13.326460772075304
proc_gkf,M2_h,target_models,4,188,lambda_star_4_32,11.805113379327635,14.167960882950778
proc_gkf,M2_h,target_models,4,189,lambda_star_4_32,10.922526745032467,14.167960882950778
proc_gkf,M2_h,target_models,4,190,lambda_star_4_32,9.720938860159308,14.167960882950778
proc_gkf,M3_u_What_What_over_h,target_models,0,4,p_8_16,0.5602002984476983,0.36483907173833185
proc_gkf,M3_u_What_What_over_h,target_models,0,24,p_8_16,0.2569624712389576,0.1887709474966499
proc_gkf,M3_u_What_What_over_h,target_models,0,26,p_8_16,0.1868192616154143,0.16069439830403148
proc_gkf,M3_u_What_What_over_h,target_models,0,28,p_8_16,0.2504962607918012,0.1007921962357099
proc_gkf,M3_u_What_What_over_h,target_models,0,48,p_8_16,0.2767720104089806,0.2702071608964945
proc_gkf,M3_u_What_What_over_h,target_models,0,49,p_8_16,0.2454664380648269,0.2702071608964945
proc_gkf,M3_u_What_What_over_h,target_models,0,50,p_8_16,0.8998240927744701,0.5902220922816195
proc_gkf,M3_u_What_What_over_h,target_models,0,126,p_8_16,0.0358979214122202,-0.03121281131034631
proc_gkf,M3_u_What_What_over_h,target_models,0,132,p_8_16,0.3514324181582739,0.36225871313605523
proc_gkf,M3_u_What_What_over_h,target_models,0,152,p_8_16,0.0364217616612413,0.009045539275259307
proc_gkf,M3_u_What_What_over_h,target_models,0,153,p_8_16,0.0287520199617658,0.12982059103207635
proc_gkf,M3_u_What_What_over_h,target_models,0,154,p_8_16,0.0328626821146418,0.08956224044647043
proc_gkf,M3_u_What_What_over_h,target_models,0,155,p_8_16,0.0416435958762092,0.049303889860864814
proc_gkf,M3_u_What_What_over_h,target_models,0,156,p_8_16,0.4358789631566422,0.40497166220518277
proc_gkf,M3_u_What_What_over_h,target_models,0,157,p_8_16,0.2648002595102144,0.4903975603434379
proc_gkf,M3_u_What_What_over_h,target_models,0,158,p_8_16,0.4961240478265122,0.44768461127431036
proc_gkf,M3_u_What_What_over_h,target_models,0,159,p_8_16,0.4015733472101155,0.5331105094125658
proc_gkf,M3_u_What_What_over_h,target_models,0,180,p_8_16,0.4111016568530389,0.6013861611356641
proc_gkf,M3_u_What_What_over_h,target_models,0,181,p_8_16,0.2658185167522623,0.5581822923698319
proc_gkf,M3_u_What_What_over_h,target_models,0,182,p_8_16,0.2227624333178619,0.687793898667328
proc_gkf,M3_u_What_What_over_h,target_models,0,183,p_8_16,0.7202682584473413,0.6445900299014962
proc_gkf,M3_u_What_What_over_h,target_models,1,3,p_8_16,0.6397237770389178,0.4463019424211889
proc_gkf,M3_u_What_What_over_h,target_models,1,11,p_8_16,0.1400912351783912,0.39011780929007966
proc_gkf,M3_u_What_What_over_h,target_models,1,27,p_8_16,0.4235140119089293,0.2055454592659361
proc_gkf,M3_u_What_What_over_h,target_models,1,54,p_8_16,0.591649700692359,0.5571189901292113
proc_gkf,M3_u_What_What_over_h,target_models,1,72,p_8_16,0.2776858930884566,0.13280118581001765
proc_gkf,M3_u_What_What_over_h,target_models,1,78,p_8_16,0.7115431096112693,0.6177813111691168
proc_gkf,M3_u_What_What_over_h,target_models,1,120,p_8_16,0.6385208994142718,0.5055360908449006
proc_gkf,M3_u_What_What_over_h,target_models,1,138,p_8_16,0.1847908933976274,0.12795193708635905
proc_gkf,M3_u_What_What_over_h,target_models,1,168,p_8_16,0.1913327549278874,0.20512111675072034
proc_gkf,M3_u_What_What_over_h,target_models,1,169,p_8_16,0.1842514902661812,0.17939805686259988
proc_gkf,M3_u_What_What_over_h,target_models,1,170,p_8_16,0.3336929555162605,0.23084417663884105
proc_gkf,M3_u_What_What_over_h,target_models,1,171,p_8_16,0.2025555550279888,0.15367499697447945
proc_gkf,M3_u_What_What_over_h,target_models,1,172,p_8_16,0.7385844374380425,0.598547969059332
proc_gkf,M3_u_What_What_over_h,target_models,1,173,p_8_16,0.7192385949231982,0.5675440096545215
proc_gkf,M3_u_What_What_over_h,target_models,1,174,p_8_16,0.5141086157929576,0.6295519284641424
proc_gkf,M3_u_What_What_over_h,target_models,1,175,p_8_16,0.2465341404848374,0.536540050249711
proc_gkf,M3_u_What_What_over_h,target_models,1,196,p_8_16,0.0937627138652451,0.175795735575748
proc_gkf,M3_u_What_What_over_h,target_models,1,197,p_8_16,0.1036259524185608,0.2661671640318345
proc_gkf,M3_u_What_What_over_h,target_models,1,198,p_8_16,0.1707622685467746,0.2059195450611101
proc_gkf,M3_u_What_What_over_h,target_models,1,199,p_8_16,0.1371810986872629,0.23604335454647218
proc_gkf,M3_u_What_What_over_h,target_models,2,0,p_8_16,0.0342382099309782,0.16310450637914847
proc_gkf,M3_u_What_What_over_h,target_models,2,7,p_8_16,0.8153931899623513,0.561030625796912
proc_gkf,M3_u_What_What_over_h,target_models,2,12,p_8_16,0.1921998610687837,0.45499894720191997
proc_gkf,M3_u_What_What_over_h,target_models,2,29,p_8_16,0.4925534341695751,0.3578231205269074
proc_gkf,M3_u_What_What_over_h,target_models,2,51,p_8_16,0.034702128595685,0.22475768121151912
proc_gkf,M3_u_What_What_over_h,target_models,2,77,p_8_16,0.6823572333973394,0.5513453720193295
proc_gkf,M3_u_What_What_over_h,target_models,2,128,p_8_16,0.0803054078882494,0.21881550879974732
proc_gkf,M3_u_What_What_over_h,target_models,2,130,p_8_16,0.2186092713118247,0.42551960337552786
proc_gkf,M3_u_What_What_over_h,target_models,2,160,p_8_16,0.5088771820307446,0.5726695979885401
proc_gkf,M3_u_What_What_over_h,target_models,2,161,p_8_16,0.3550479848987524,0.548979873218591
proc_gkf,M3_u_What_What_over_h,target_models,2,162,p_8_16,0.0687775708107536,0.5016004236786921
proc_gkf,M3_u_What_What_over_h,target_models,2,163,p_8_16,0.4710725716838595,0.5252901484486412
proc_gkf,M3_u_What_What_over_h,target_models,2,176,p_8_16,0.1664049856670875,0.3119711724973455
proc_gkf,M3_u_What_What_over_h,target_models,2,177,p_8_16,0.1705521628824458,0.2886822565729461
proc_gkf,M3_u_What_What_over_h,target_models,2,178,p_8_16,0.1096771945811592,0.26539334064854664
proc_gkf,M3_u_What_What_over_h,target_models,2,179,p_8_16,0.08059610386861,0.24210442472414673
proc_gkf,M3_u_What_What_over_h,target_models,2,192,p_8_16,0.2693234213407359,0.4492093281454771
proc_gkf,M3_u_What_What_over_h,target_models,2,193,p_8_16,0.5261741447507422,0.5202785024553251
proc_gkf,M3_u_What_What_over_h,target_models,2,194,p_8_16,0.3517594854261314,0.496588777685376
proc_gkf,M3_u_What_What_over_h,target_models,2,195,p_8_16,0.2138727626229319,0.4728990529154268
proc_gkf,M3_u_What_What_over_h,target_models,3,1,p_8_16,0.2730637583192485,0.10659310276131748
proc_gkf,M3_u_What_What_over_h,target_models,3,6,p_8_16,0.8934367400816127,0.5962094077574498
proc_gkf,M3_u_What_What_over_h,target_models,3,30,p_8_16,0.4418353332682509,0.4452621527883041
proc_gkf,M3_u_What_What_over_h,target_models,3,53,p_8_16,0.2736571121857817,0.1433072541287993
proc_gkf,M3_u_What_What_over_h,target_models,3,74,p_8_16,0.377942131592927,0.38430312289227364
proc_gkf,M3_u_What_What_over_h,target_models,3,76,p_8_16,0.2692309609802786,0.15745331040068516
proc_gkf,M3_u_What_What_over_h,target_models,3,124,p_8_16,0.0216273774759846,-0.10202587647312644
proc_gkf,M3_u_What_What_over_h,target_models,3,134,p_8_16,0.1717238418083919,-0.055619630626307814
proc_gkf,M3_u_What_What_over_h,target_models,3,140,p_8_16,0.3013360338424688,-0.018757567345957016
proc_gkf,M3_u_What_What_over_h,target_models,3,141,p_8_16,0.2359916126573756,-0.05334851024371179
proc_gkf,M3_u_What_What_over_h,target_models,3,142,p_8_16,0.1697483102128793,-0.08793945314146656
proc_gkf,M3_u_What_What_over_h,target_models,3,143,p_8_16,0.0670632467328167,-0.12253039603922133
proc_gkf,M3_u_What_What_over_h,target_models,3,144,p_8_16,0.0980992963841571,-0.024713719913072252
proc_gkf,M3_u_What_What_over_h,target_models,3,145,p_8_16,0.1444384491418675,0.03709810151339915
proc_gkf,M3_u_What_What_over_h,target_models,3,146,p_8_16,0.1241892480864522,0.006192190800163311
proc_gkf,M3_u_What_What_over_h,target_models,3,147,p_8_16,0.1558258281900654,0.06800401222663471
proc_gkf,M3_u_What_What_over_h,target_models,3,148,p_8_16,0.401710597995235,0.0054319844046573085
proc_gkf,M3_u_What_What_over_h,target_models,3,149,p_8_16,0.1328859474968257,0.041251271363918485
proc_gkf,M3_u_What_What_over_h,target_models,3,150,p_8_16,0.1886239553165941,-0.030387302554603868
proc_gkf,M3_u_What_What_over_h,target_models,3,151,p_8_16,0.1255392642729608,-0.06620658951386527
proc_gkf,M3_u_What_What_over_h,target_models,4,2,p_8_16,0.2105184725521856,0.3234048229801364
proc_gkf,M3_u_What_What_over_h,target_models,4,5,p_8_16,0.9126072594872168,0.6274146761205932
proc_gkf,M3_u_What_What_over_h,target_models,4,13,p_8_16,0.8570775630331313,0.5993082774588185
proc_gkf,M3_u_What_What_over_h,target_models,4,25,p_8_16,0.4732961296022142,0.6094954591940094
proc_gkf,M3_u_What_What_over_h,target_models,4,52,p_8_16,0.1684546978474572,0.19728115843888186
proc_gkf,M3_u_What_What_over_h,target_models,4,73,p_8_16,0.0992533930074463,0.14779100110965437
proc_gkf,M3_u_What_What_over_h,target_models,4,122,p_8_16,0.4406507189391591,0.44012465807551665
proc_gkf,M3_u_What_What_over_h,target_models,4,136,p_8_16,0.0563523977609129,0.15987962697818836
proc_gkf,M3_u_What_What_over_h,target_models,4,164,p_8_16,0.6764301662347564,0.48790742863098335
proc_gkf,M3_u_What_What_over_h,target_models,4,165,p_8_16,0.7778128600771657,0.5117988139087166
proc_gkf,M3_u_What_What_over_h,target_models,4,166,p_8_16,0.6945002041668196,0.5356901991864502
proc_gkf,M3_u_What_What_over_h,target_models,4,167,p_8_16,0.0301198360435335,0.46401604335325
proc_gkf,M3_u_What_What_over_h,target_models,4,184,p_8_16,0.0631820767179308,0.17578188385654725
proc_gkf,M3_u_What_What_over_h,target_models,4,185,p_8_16,0.1389519509063684,0.15382116374910376
proc_gkf,M3_u_What_What_over_h,target_models,4,186,p_8_16,0.1825270019056839,0.21970332407143378
proc_gkf,M3_u_What_What_over_h,target_models,4,187,p_8_16,0.1519809787257946,0.19774260396399052
proc_gkf,M3_u_What_What_over_h,target_models,4,188,p_8_16,0.0702510568476217,0.17862257180181484
proc_gkf,M3_u_What_What_over_h,target_models,4,189,p_8_16,0.1838437744363198,0.23485140627269457
proc_gkf,M3_u_What_What_over_h,target_models,4,190,p_8_16,0.2090658333441498,0.21610846144906815
proc_gkf,M3_u_What_What_over_h,target_models,4,191,p_8_16,0.0024359757659457,0.1973655166254416
proc_gkf,M3_u_What_What_over_h,target_models,0,4,ilr_z2,-0.7349798880860732,-0.565897835152914
proc_gkf,M3_u_What_What_over_h,target_models,0,24,ilr_z2,-0.5464013923450972,-0.05922677369840329
proc_gkf,M3_u_What_What_over_h,target_models,0,26,ilr_z2,-0.6587406275693465,-0.297755069901016
proc_gkf,M3_u_What_What_over_h,target_models,0,28,ilr_z2,-0.6824863239163869,0.22244867409612606
proc_gkf,M3_u_What_What_over_h,target_models,0,48,ilr_z2,0.3640795136307608,0.11211040818348422
proc_gkf,M3_u_What_What_over_h,target_models,0,49,ilr_z2,0.4084297996084903,0.11211040818348422
proc_gkf,M3_u_What_What_over_h,target_models,0,50,ilr_z2,-1.7718920514165597,-1.213587475022944
proc_gkf,M3_u_What_What_over_h,target_models,0,126,ilr_z2,0.1514234499286074,0.27740210700948104
proc_gkf,M3_u_What_What_over_h,target_models,0,132,ilr_z2,-0.2458171955326751,-0.8166925182919602
proc_gkf,M3_u_What_What_over_h,target_models,0,152,ilr_z2,-0.4809182251615883,0.2901618069653705
proc_gkf,M3_u_What_What_over_h,target_models,0,153,ilr_z2,-0.5677240117208077,0.3284409068330388
proc_gkf,M3_u_What_What_over_h,target_models,0,154,ilr_z2,-0.4000705590825106,0.31568120687714957
proc_gkf,M3_u_What_What_over_h,target_models,0,155,ilr_z2,-0.3930149251358204,0.30292150692126013
proc_gkf,M3_u_What_What_over_h,target_models,0,156,ilr_z2,-0.9637846254921072,-0.8159652849201323
proc_gkf,M3_u_What_What_over_h,target_models,0,157,ilr_z2,-0.5841810634522199,-0.8145108181764766
proc_gkf,M3_u_What_What_over_h,target_models,0,158,ilr_z2,-0.5748897410971575,-0.8152380515483044
proc_gkf,M3_u_What_What_over_h,target_models,0,159,ilr_z2,-0.2812695282973182,-0.8137835848046489
proc_gkf,M3_u_What_What_over_h,target_models,0,180,ilr_z2,-1.4995081502942065,-2.1488637939296034
proc_gkf,M3_u_What_What_over_h,target_models,0,181,ilr_z2,-0.6007342862334806,-2.1471845339846185
proc_gkf,M3_u_What_What_over_h,target_models,0,182,ilr_z2,-0.3812710159046805,-2.152222313819572
proc_gkf,M3_u_What_What_over_h,target_models,0,183,ilr_z2,-2.0975168160602387,-2.1505430538745873
proc_gkf,M3_u_What_What_over_h,target_models,1,3,ilr_z2,-0.8615461618228943,-0.6400299002237211
proc_gkf,M3_u_What_What_over_h,target_models,1,11,ilr_z2,-1.0402091290257125,-0.7149994794460864
proc_gkf,M3_u_What_What_over_h,target_models,1,27,ilr_z2,-0.8482571589845281,0.2877356584272445
proc_gkf,M3_u_What_What_over_h,target_models,1,54,ilr_z2,-1.861872604120544,-1.086410673578817
proc_gkf,M3_u_What_What_over_h,target_models,1,72,ilr_z2,-0.5082702825940048,-0.15851265901234762
proc_gkf,M3_u_What_What_over_h,target_models,1,78,ilr_z2,-1.3796513513227322,-1.204865442537973
proc_gkf,M3_u_What_What_over_h,target_models,1,120,ilr_z2,-1.0981870534730027,-1.5406575339513986
proc_gkf,M3_u_What_What_over_h,target_models,1,138,ilr_z2,0.1680977377995088,-0.10725203673456912
proc_gkf,M3_u_What_What_over_h,target_models,1,168,ilr_z2,0.1405350564302773,-0.030599379131265814
proc_gkf,M3_u_What_What_over_h,target_models,1,169,ilr_z2,-0.1987183265929584,-0.05615026499903358
proc_gkf,M3_u_What_What_over_h,target_models,1,170,ilr_z2,-0.0247410900691029,-0.005048493263500153
proc_gkf,M3_u_What_What_over_h,target_models,1,171,ilr_z2,-0.0737937005648459,-0.08170115086680135
proc_gkf,M3_u_What_What_over_h,target_models,1,172,ilr_z2,-1.1143412015365697,-1.570595885742692
proc_gkf,M3_u_What_What_over_h,target_models,1,173,ilr_z2,-1.210042262040108,-1.560616435145593
proc_gkf,M3_u_What_What_over_h,target_models,1,174,ilr_z2,-0.3646944726413303,-1.5805753363397892
proc_gkf,M3_u_What_What_over_h,target_models,1,175,ilr_z2,-1.467424952332843,-1.5506369845484955
proc_gkf,M3_u_What_What_over_h,target_models,1,196,ilr_z2,0.3618674458676895,-0.260806042767891
proc_gkf,M3_u_What_What_over_h,target_models,1,197,ilr_z2,0.5899138604097636,-0.272979226326752
proc_gkf,M3_u_What_What_over_h,target_models,1,198,ilr_z2,0.2395243924105265,-0.264863770620844
proc_gkf,M3_u_What_What_over_h,target_models,1,199,ilr_z2,0.2216781958750436,-0.268921498473797
proc_gkf,M3_u_What_What_over_h,target_models,2,0,ilr_z2,-0.1063306799927708,-0.0986890573225862
proc_gkf,M3_u_What_What_over_h,target_models,2,7,ilr_z2,-1.6695954016433885,-1.1812048843356244
proc_gkf,M3_u_What_What_over_h,target_models,2,12,ilr_z2,-0.4873426315596991,-0.8835428396700848
proc_gkf,M3_u_What_What_over_h,target_models,2,29,ilr_z2,-0.5972960389338273,-0.2382749388455505
proc_gkf,M3_u_What_What_over_h,target_models,2,51,ilr_z2,-0.7375842381192994,-0.10300057976421878
proc_gkf,M3_u_What_What_over_h,target_models,2,77,ilr_z2,-1.1400707101175642,-0.876530272811187
proc_gkf,M3_u_What_What_over_h,target_models,2,128,ilr_z2,0.1414158584405125,-0.4688655978783006
proc_gkf,M3_u_What_What_over_h,target_models,2,130,ilr_z2,-0.1934901388372158,-0.9125136911306667
proc_gkf,M3_u_What_What_over_h,target_models,2,160,ilr_z2,-0.3107548375241632,-0.7552307723359164
proc_gkf,M3_u_What_What_over_h,target_models,2,161,ilr_z2,-0.1572727872297372,-0.7954089600609273
proc_gkf,M3_u_What_What_over_h,target_models,2,162,ilr_z2,-0.3653410610632664,-0.8757653355109474
proc_gkf,M3_u_What_What_over_h,target_models,2,163,ilr_z2,-1.0196527553436392,-0.8355871477859362
proc_gkf,M3_u_What_What_over_h,target_models,2,176,ilr_z2,-0.5854125650361839,-0.2994421716634964
proc_gkf,M3_u_What_What_over_h,target_models,2,177,ilr_z2,-0.0236528747301991,-0.34179802821719785
proc_gkf,M3_u_What_What_over_h,target_models,2,178,ilr_z2,-0.3004689083387473,-0.3841538847708993
proc_gkf,M3_u_What_What_over_h,target_models,2,179,ilr_z2,-0.2103805063433689,-0.42650974132459896
proc_gkf,M3_u_What_What_over_h,target_models,2,192,ilr_z2,-0.1113100533321576,-0.8723355034056557
proc_gkf,M3_u_What_What_over_h,target_models,2,193,ilr_z2,-0.474274868869831,-0.7518009402306247
proc_gkf,M3_u_What_What_over_h,target_models,2,194,ilr_z2,0.0179663222611397,-0.7919791279556356
proc_gkf,M3_u_What_What_over_h,target_models,2,195,ilr_z2,0.0779337797703519,-0.8321573156806465
proc_gkf,M3_u_What_What_over_h,target_models,3,1,ilr_z2,-0.0692891450335584,0.05525888154776032
proc_gkf,M3_u_What_What_over_h,target_models,3,6,ilr_z2,-1.94356293461084,-1.0596138198514957
proc_gkf,M3_u_What_What_over_h,target_models,3,30,ilr_z2,-0.2541646557020384,-0.5931432263360843
proc_gkf,M3_u_What_What_over_h,target_models,3,53,ilr_z2,-0.7207427361215213,-0.1514002021707586
proc_gkf,M3_u_What_What_over_h,target_models,3,74,ilr_z2,-0.1906594115687575,-0.1987666063694803
proc_gkf,M3_u_What_What_over_h,target_models,3,76,ilr_z2,-0.3573739449687065,-0.17406855477283317
proc_gkf,M3_u_What_What_over_h,target_models,3,124,ilr_z2,-0.3102629865565866,-0.5981906901041174
proc_gkf,M3_u_What_What_over_h,target_models,3,134,ilr_z2,0.2143441042381721,-0.37484540928240334
proc_gkf,M3_u_What_What_over_h,target_models,3,140,ilr_z2,-0.3867737094612926,-0.2996470095073859
proc_gkf,M3_u_What_What_over_h,target_models,3,141,ilr_z2,-0.4725933192029717,-0.335680705520499
proc_gkf,M3_u_What_What_over_h,target_models,3,142,ilr_z2,-0.480606705362266,-0.3717144015336123
proc_gkf,M3_u_What_What_over_h,target_models,3,143,ilr_z2,-0.3130092631134917,-0.40774809754672553
proc_gkf,M3_u_What_What_over_h,target_models,3,144,ilr_z2,-0.3027621608401571,-0.326587742431068
proc_gkf,M3_u_What_What_over_h,target_models,3,145,ilr_z2,-0.3019965021691972,-0.2300724087283983
proc_gkf,M3_u_What_What_over_h,target_models,3,146,ilr_z2,-0.0911109063822424,-0.27833007557973266
proc_gkf,M3_u_What_What_over_h,target_models,3,147,ilr_z2,-0.2928733932939545,-0.18181474187706292
proc_gkf,M3_u_What_What_over_h,target_models,3,148,ilr_z2,-1.0846568296883292,-0.5023135729030004
proc_gkf,M3_u_What_What_over_h,target_models,3,149,ilr_z2,-0.5480851664681791,-0.4703545338359613
proc_gkf,M3_u_What_What_over_h,target_models,3,150,ilr_z2,-0.2525456694938448,-0.5342726119700397
proc_gkf,M3_u_What_What_over_h,target_models,3,151,ilr_z2,-0.5620448925305433,-0.5662316510370782
proc_gkf,M3_u_What_What_over_h,target_models,4,2,ilr_z2,0.5182216181845284,-0.30990835299578906
proc_gkf,M3_u_What_What_over_h,target_models,4,5,ilr_z2,-1.940805301438366,-1.1194595964850644
proc_gkf,M3_u_What_What_over_h,target_models,4,13,ilr_z2,-1.614473056844414,-1.1942783661055874
proc_gkf,M3_u_What_What_over_h,target_models,4,25,ilr_z2,-0.5036461443379504,-0.9284106643958381
proc_gkf,M3_u_What_What_over_h,target_models,4,52,ilr_z2,-0.4788069946524049,-0.2548996429341741
proc_gkf,M3_u_What_What_over_h,target_models,4,73,ilr_z2,-0.5316165113290052,-0.10659942919239207
proc_gkf,M3_u_What_What_over_h,target_models,4,122,ilr_z2,-1.311453182628654,-0.714939505903922
proc_gkf,M3_u_What_What_over_h,target_models,4,136,ilr_z2,0.4252380211941015,-0.32635979892705513
proc_gkf,M3_u_What_What_over_h,target_models,4,164,ilr_z2,-1.5662458140815316,-0.7104056088685203
proc_gkf,M3_u_What_What_over_h,target_models,4,165,ilr_z2,-1.8451569596223183,-0.7081386603508197
proc_gkf,M3_u_What_What_over_h,target_models,4,166,ilr_z2,-1.1747991448331432,-0.7058717118331203
proc_gkf,M3_u_What_What_over_h,target_models,4,167,ilr_z2,-1.8398507875353969,-0.7126725573862212
proc_gkf,M3_u_What_What_over_h,target_models,4,184,ilr_z2,0.3488021013448888,0.19290336471736336
proc_gkf,M3_u_What_What_over_h,target_models,4,185,ilr_z2,0.7956564068517197,0.18101523709669765
proc_gkf,M3_u_What_What_over_h,target_models,4,186,ilr_z2,0.7221347853067828,0.21667961995869744
proc_gkf,M3_u_What_What_over_h,target_models,4,187,ilr_z2,0.7842535575418991,0.2047914923380304
proc_gkf,M3_u_What_What_over_h,target_models,4,188,ilr_z2,0.4089178641829663,-0.2984363728014444
proc_gkf,M3_u_What_What_over_h,target_models,4,189,ilr_z2,0.3408069820378084,-0.21466609442461326
proc_gkf,M3_u_What_What_over_h,target_models,4,190,ilr_z2,0.4656972323647224,-0.2425895205502241
proc_gkf,M3_u_What_What_over_h,target_models,4,191,ilr_z2,-0.2083022863756323,-0.2705129466758348
proc_gkf,M3_u_What_What_over_h,target_models,0,4,A2_8_16,0.7663973995223651,0.6281599432817067
proc_gkf,M3_u_What_What_over_h,target_models,0,24,A2_8_16,0.1397929970599265,0.1261835778417829
proc_gkf,M3_u_What_What_over_h,target_models,0,26,A2_8_16,0.3277592868738584,0.14281486291760787
proc_gkf,M3_u_What_What_over_h,target_models,0,28,A2_8_16,0.3652046962555679,0.2037246882401585
proc_gkf,M3_u_What_What_over_h,target_models,0,48,A2_8_16,0.1439422060414616,0.3867994743674179
proc_gkf,M3_u_What_What_over_h,target_models,0,49,A2_8_16,0.1529213376419045,0.3867994743674179
proc_gkf,M3_u_What_What_over_h,target_models,0,50,A2_8_16,0.968531796740373,0.8575838126644506
proc_gkf,M3_u_What_What_over_h,target_models,0,126,A2_8_16,0.2904552971923126,0.18663260870093612
proc_gkf,M3_u_What_What_over_h,target_models,0,132,A2_8_16,0.4032794241209796,0.6381827290798181
proc_gkf,M3_u_What_What_over_h,target_models,0,152,A2_8_16,0.1916593851968016,0.19812434690162317
proc_gkf,M3_u_What_What_over_h,target_models,0,153,A2_8_16,0.4093289965880195,0.23259956150368477
proc_gkf,M3_u_What_What_over_h,target_models,0,154,A2_8_16,0.7523513143574082,0.22110782330299714
proc_gkf,M3_u_What_What_over_h,target_models,0,155,A2_8_16,0.3496725676947528,0.20961608510231017
proc_gkf,M3_u_What_What_over_h,target_models,0,156,A2_8_16,0.5005700460312731,0.6515174519096131
proc_gkf,M3_u_What_What_over_h,target_models,0,157,A2_8_16,0.8479548796209171,0.6781868975692029
proc_gkf,M3_u_What_What_over_h,target_models,0,158,A2_8_16,0.8997282243113676,0.664852174739408
proc_gkf,M3_u_What_What_over_h,target_models,0,159,A2_8_16,0.906662852903617,0.6915216203989984
proc_gkf,M3_u_What_What_over_h,target_models,0,180,A2_8_16,0.876658817811322,0.9472719769593065
proc_gkf,M3_u_What_What_over_h,target_models,0,181,A2_8_16,0.4323368626607115,0.9335686572036892
proc_gkf,M3_u_What_What_over_h,target_models,0,182,A2_8_16,0.7136233011207184,0.9746786164705397
proc_gkf,M3_u_What_What_over_h,target_models,0,183,A2_8_16,0.9408544635622768,0.960975296714923
proc_gkf,M3_u_What_What_over_h,target_models,1,3,A2_8_16,0.6848565322463434,0.6883233156942425
proc_gkf,M3_u_What_What_over_h,target_models,1,11,A2_8_16,0.814635835404978,0.6543716035237543
proc_gkf,M3_u_What_What_over_h,target_models,1,27,A2_8_16,0.4289387730949569,0.22439760001973053
proc_gkf,M3_u_What_What_over_h,target_models,1,54,A2_8_16,0.9009628591577852,0.8115893247354633
proc_gkf,M3_u_What_What_over_h,target_models,1,72,A2_8_16,0.2830216597611039,0.17183355932823924
proc_gkf,M3_u_What_What_over_h,target_models,1,78,A2_8_16,0.9225443341069854,0.9589496390336685
proc_gkf,M3_u_What_What_over_h,target_models,1,120,A2_8_16,0.8944943574816656,0.987125341318031
proc_gkf,M3_u_What_What_over_h,target_models,1,138,A2_8_16,0.1424116865615261,0.08049963946267719
proc_gkf,M3_u_What_What_over_h,target_models,1,168,A2_8_16,0.0994156775443189,0.1434571464847974
proc_gkf,M3_u_What_What_over_h,target_models,1,169,A2_8_16,0.097587665196269,0.1224713108107573
proc_gkf,M3_u_What_What_over_h,target_models,1,170,A2_8_16,0.1742853627065956,0.16444298215883885
proc_gkf,M3_u_What_What_over_h,target_models,1,171,A2_8_16,0.1599474558842803,0.10148547513671746
proc_gkf,M3_u_What_What_over_h,target_models,1,172,A2_8_16,0.8921688865244534,1.0702090552029093
proc_gkf,M3_u_What_What_over_h,target_models,1,173,A2_8_16,0.9661076702374072,1.042514483907949
proc_gkf,M3_u_What_What_over_h,target_models,1,174,A2_8_16,0.7674693265969352,1.0979036264978683
proc_gkf,M3_u_What_What_over_h,target_models,1,175,A2_8_16,0.6893771332113418,1.0148199126129898
proc_gkf,M3_u_What_What_over_h,target_models,1,196,A2_8_16,0.3743380418133872,0.3857975139062191
proc_gkf,M3_u_What_What_over_h,target_models,1,197,A2_8_16,0.2879994399522551,0.465526859980638
proc_gkf,M3_u_What_What_over_h,target_models,1,198,A2_8_16,0.2957720351316506,0.41237396259769155
proc_gkf,M3_u_What_What_over_h,target_models,1,199,A2_8_16,0.3726363977494947,0.43895041128916407
proc_gkf,M3_u_What_What_over_h,target_models,2,0,A2_8_16,0.036720770646403,0.18146703391391117
proc_gkf,M3_u_What_What_over_h,target_models,2,7,A2_8_16,0.9327131526105767,0.8559007013517645
proc_gkf,M3_u_What_What_over_h,target_models,2,12,A2_8_16,0.5767620748559564,0.6770380466195409
proc_gkf,M3_u_What_What_over_h,target_models,2,29,A2_8_16,0.6757951785952275,0.4384430603380913
proc_gkf,M3_u_What_What_over_h,target_models,2,51,A2_8_16,0.12792012603282,0.15588867111269666
proc_gkf,M3_u_What_What_over_h,target_models,2,77,A2_8_16,0.8985651245461259,0.6813470556863188
proc_gkf,M3_u_What_What_over_h,target_models,2,128,A2_8_16,0.2058224448213799,0.452865524304632
proc_gkf,M3_u_What_What_over_h,target_models,2,130,A2_8_16,0.4419164485789251,0.6525429330211849
proc_gkf,M3_u_What_What_over_h,target_models,2,160,A2_8_16,0.7199290861368496,0.6946370155341495
proc_gkf,M3_u_What_What_over_h,target_models,2,161,A2_8_16,0.8205349159920327,0.6925740110395587
proc_gkf,M3_u_What_What_over_h,target_models,2,162,A2_8_16,0.4118082086874167,0.6884480020503765
proc_gkf,M3_u_What_What_over_h,target_models,2,163,A2_8_16,0.7829337262209217,0.6905110065449672
proc_gkf,M3_u_What_What_over_h,target_models,2,176,A2_8_16,0.614173452796375,0.4596033643030306
proc_gkf,M3_u_What_What_over_h,target_models,2,177,A2_8_16,0.5292008183387338,0.4579189043034312
proc_gkf,M3_u_What_What_over_h,target_models,2,178,A2_8_16,0.172460089101729,0.4562344443038317
proc_gkf,M3_u_What_What_over_h,target_models,2,179,A2_8_16,0.2284488983539017,0.45454998430423144
proc_gkf,M3_u_What_What_over_h,target_models,2,192,A2_8_16,0.753824022764901,0.6546059375157757
proc_gkf,M3_u_What_What_over_h,target_models,2,193,A2_8_16,0.683685936277253,0.6607949509995485
proc_gkf,M3_u_What_What_over_h,target_models,2,194,A2_8_16,0.678886742368729,0.6587319465049578
proc_gkf,M3_u_What_What_over_h,target_models,2,195,A2_8_16,0.8367731569721454,0.6566689420103671
proc_gkf,M3_u_What_What_over_h,target_models,3,1,A2_8_16,0.1961232572137329,0.24925088141371637
proc_gkf,M3_u_What_What_over_h,target_models,3,6,A2_8_16,0.9570384606388984,0.7976231536938712
proc_gkf,M3_u_What_What_over_h,target_models,3,30,A2_8_16,0.8450779829639314,0.6548001189240839
proc_gkf,M3_u_What_What_over_h,target_models,3,53,A2_8_16,0.1494548018772401,0.15151564673465873
proc_gkf,M3_u_What_What_over_h,target_models,3,74,A2_8_16,0.1678917533058013,0.5777647705977291
proc_gkf,M3_u_What_What_over_h,target_models,3,76,A2_8_16,0.083768854819673,0.2252566954889207
proc_gkf,M3_u_What_What_over_h,target_models,3,124,A2_8_16,0.3621450261390208,0.37579501986887653
proc_gkf,M3_u_What_What_over_h,target_models,3,134,A2_8_16,0.1202840571694714,0.1443378403144403
proc_gkf,M3_u_What_What_over_h,target_models,3,140,A2_8_16,0.2161409599196409,0.3401173106443461
proc_gkf,M3_u_What_What_over_h,target_models,3,141,A2_8_16,0.3554970461969606,0.32006903867146974
proc_gkf,M3_u_What_What_over_h,target_models,3,142,A2_8_16,0.5504001774406915,0.3000207666985934
proc_gkf,M3_u_What_What_over_h,target_models,3,143,A2_8_16,0.4887500345928944,0.27997249472571706
proc_gkf,M3_u_What_What_over_h,target_models,3,144,A2_8_16,0.2757511201425458,0.16379304165372888
proc_gkf,M3_u_What_What_over_h,target_models,3,145,A2_8_16,0.1384471986498286,0.20270344433230642
proc_gkf,M3_u_What_What_over_h,target_models,3,146,A2_8_16,0.1449642119347632,0.1832482429930174
proc_gkf,M3_u_What_What_over_h,target_models,3,147,A2_8_16,0.2034555409043313,0.22215864567159493
proc_gkf,M3_u_What_What_over_h,target_models,3,148,A2_8_16,0.8280700095585045,0.4365329064210937
proc_gkf,M3_u_What_What_over_h,target_models,3,149,A2_8_16,0.1094047470852526,0.4567788686051659
proc_gkf,M3_u_What_What_over_h,target_models,3,150,A2_8_16,0.2602332049451156,0.4162869442370214
proc_gkf,M3_u_What_What_over_h,target_models,3,151,A2_8_16,0.092540025386341,0.3960409820529488
proc_gkf,M3_u_What_What_over_h,target_models,4,2,A2_8_16,0.2995539380411224,0.5047905626049322
proc_gkf,M3_u_What_What_over_h,target_models,4,5,A2_8_16,0.9554864475023206,0.9292027078953511
proc_gkf,M3_u_What_What_over_h,target_models,4,13,A2_8_16,0.9553992553647612,0.9227722913280172
proc_gkf,M3_u_What_What_over_h,target_models,4,25,A2_8_16,0.6984861392748491,0.8464325529852619
proc_gkf,M3_u_What_What_over_h,target_models,4,52,A2_8_16,0.0120799449422375,0.15085493452575838
proc_gkf,M3_u_What_What_over_h,target_models,4,73,A2_8_16,0.295870409956582,0.12433428855796103
proc_gkf,M3_u_What_What_over_h,target_models,4,122,A2_8_16,0.909510154376974,0.7213538588307791
proc_gkf,M3_u_What_What_over_h,target_models,4,136,A2_8_16,0.0137397427233426,0.09165920761519264
proc_gkf,M3_u_What_What_over_h,target_models,4,164,A2_8_16,0.9582380550196586,0.7725615280999417
proc_gkf,M3_u_What_What_over_h,target_models,4,165,A2_8_16,0.9755310556113246,0.798165362734523
proc_gkf,M3_u_What_What_over_h,target_models,4,166,A2_8_16,0.839874019631054,0.8237691973691055
proc_gkf,M3_u_What_What_over_h,target_models,4,167,A2_8_16,0.9097755639079348,0.7469576934653603
proc_gkf,M3_u_What_What_over_h,target_models,4,184,A2_8_16,0.0813683298711656,0.20480620816364847
proc_gkf,M3_u_What_What_over_h,target_models,4,185,A2_8_16,0.1527146446101141,0.18052205509426977
proc_gkf,M3_u_What_What_over_h,target_models,4,186,A2_8_16,0.1398920757864579,0.2533745143024036
proc_gkf,M3_u_What_What_over_h,target_models,4,187,A2_8_16,0.0839330958615748,0.22909036123302606
proc_gkf,M3_u_What_What_over_h,target_models,4,188,A2_8_16,0.1067703608298211,0.11374389140923058
proc_gkf,M3_u_What_What_over_h,target_models,4,189,A2_8_16,0.2393366975971487,0.17999794279134546
proc_gkf,M3_u_What_What_over_h,target_models,4,190,A2_8_16,0.1571360648425355,0.15791325899730757
proc_gkf,M3_u_What_What_over_h,target_models,4,191,A2_8_16,0.1248771653523978,0.13582857520326963
proc_gkf,M3_u_What_What_over_h,target_models,0,4,angular_entropy_8_16,0.4797589507759083,0.6087909402711011
proc_gkf,M3_u_What_What_over_h,target_models,0,24,angular_entropy_8_16,0.9474204100320134,0.929936968885134
proc_gkf,M3_u_What_What_over_h,target_models,0,26,angular_entropy_8_16,0.9225450729133732,0.9231121036931836
proc_gkf,M3_u_What_What_over_h,target_models,0,28,angular_entropy_8_16,0.8950148339178446,0.9195430647957228
proc_gkf,M3_u_What_What_over_h,target_models,0,48,angular_entropy_8_16,0.920817709025902,0.7718930570115358
proc_gkf,M3_u_What_What_over_h,target_models,0,49,angular_entropy_8_16,0.8931434690263835,0.7718930570115358
proc_gkf,M3_u_What_What_over_h,target_models,0,50,angular_entropy_8_16,0.2884001251722402,0.4003002477265388
proc_gkf,M3_u_What_What_over_h,target_models,0,126,angular_entropy_8_16,0.89885340511558,0.9882500235560004
proc_gkf,M3_u_What_What_over_h,target_models,0,132,angular_entropy_8_16,0.7889791128491267,0.5866698592812964
proc_gkf,M3_u_What_What_over_h,target_models,0,152,angular_entropy_8_16,0.8968868497699488,0.974762676885551
proc_gkf,M3_u_What_What_over_h,target_models,0,153,angular_entropy_8_16,0.8461600288419651,0.9343006368742023
proc_gkf,M3_u_What_What_over_h,target_models,0,154,angular_entropy_8_16,0.670712883086662,0.9477879835446521
proc_gkf,M3_u_What_What_over_h,target_models,0,155,angular_entropy_8_16,0.9125242508369932,0.9612753302151015
proc_gkf,M3_u_What_What_over_h,target_models,0,156,angular_entropy_8_16,0.6888607676843875,0.5712501252519717
proc_gkf,M3_u_What_What_over_h,target_models,0,157,angular_entropy_8_16,0.4699264956424556,0.5404106571933223
proc_gkf,M3_u_What_What_over_h,target_models,0,158,angular_entropy_8_16,0.443095790045536,0.555830391222647
proc_gkf,M3_u_What_What_over_h,target_models,0,159,angular_entropy_8_16,0.3175805320209709,0.5249909231639973
proc_gkf,M3_u_What_What_over_h,target_models,0,180,angular_entropy_8_16,0.4177840495857789,0.34464210867292466
proc_gkf,M3_u_What_What_over_h,target_models,0,181,angular_entropy_8_16,0.7990186769658371,0.36044832017402473
proc_gkf,M3_u_What_What_over_h,target_models,0,182,angular_entropy_8_16,0.6347594924442568,0.31302968567072503
proc_gkf,M3_u_What_What_over_h,target_models,0,183,angular_entropy_8_16,0.3362955887065682,0.3288358971718248
proc_gkf,M3_u_What_What_over_h,target_models,1,3,angular_entropy_8_16,0.4779772055305059,0.5649720380337527
proc_gkf,M3_u_What_What_over_h,target_models,1,11,angular_entropy_8_16,0.4137629142447426,0.6029002223261953
proc_gkf,M3_u_What_What_over_h,target_models,1,27,angular_entropy_8_16,0.7550180697432503,0.8774036448945902
proc_gkf,M3_u_What_What_over_h,target_models,1,54,angular_entropy_8_16,0.3680154583415413,0.45518589925142966
proc_gkf,M3_u_What_What_over_h,target_models,1,72,angular_entropy_8_16,0.9313320998754409,0.9288916891282726
proc_gkf,M3_u_What_What_over_h,target_models,1,78,angular_entropy_8_16,0.3692855088966826,0.360040194755829
proc_gkf,M3_u_What_What_over_h,target_models,1,120,angular_entropy_8_16,0.3697450945985387,0.3876221056634792
proc_gkf,M3_u_What_What_over_h,target_models,1,138,angular_entropy_8_16,0.9291252861861126,0.9700063661915879
proc_gkf,M3_u_What_What_over_h,target_models,1,168,angular_entropy_8_16,0.9489140989270426,0.9102037034129349
proc_gkf,M3_u_What_What_over_h,target_models,1,169,angular_entropy_8_16,0.9460381156279748,0.9301379243391525
proc_gkf,M3_u_What_What_over_h,target_models,1,170,angular_entropy_8_16,0.9237814123548176,0.8902694824867167
proc_gkf,M3_u_What_What_over_h,target_models,1,171,angular_entropy_8_16,0.9189652508805556,0.9500721452653702
proc_gkf,M3_u_What_What_over_h,target_models,1,172,angular_entropy_8_16,0.3591420375657302,0.31120543058111483
proc_gkf,M3_u_What_What_over_h,target_models,1,173,angular_entropy_8_16,0.2972264256107618,0.33667765560857005
proc_gkf,M3_u_What_What_over_h,target_models,1,174,angular_entropy_8_16,0.5122610972711229,0.2857332055536602
proc_gkf,M3_u_What_What_over_h,target_models,1,175,angular_entropy_8_16,0.6689971221992281,0.3621498806360247
proc_gkf,M3_u_What_What_over_h,target_models,1,196,angular_entropy_8_16,0.8308767765595593,0.7801632894883909
proc_gkf,M3_u_What_What_over_h,target_models,1,197,angular_entropy_8_16,0.9135802614189036,0.706515616456645
proc_gkf,M3_u_What_What_over_h,target_models,1,198,angular_entropy_8_16,0.9172874280680208,0.7556140651444758
proc_gkf,M3_u_What_What_over_h,target_models,1,199,angular_entropy_8_16,0.8870591115502044,0.7310648408005607
proc_gkf,M3_u_What_What_over_h,target_models,2,0,angular_entropy_8_16,0.9336741740150308,0.929172190995764
proc_gkf,M3_u_What_What_over_h,target_models,2,7,angular_entropy_8_16,0.3347323640142271,0.42626019661704184
proc_gkf,M3_u_What_What_over_h,target_models,2,12,angular_entropy_8_16,0.8460415028747486,0.5634755676339198
proc_gkf,M3_u_What_What_over_h,target_models,2,29,angular_entropy_8_16,0.6262326218701938,0.7273021560732131
proc_gkf,M3_u_What_What_over_h,target_models,2,51,angular_entropy_8_16,0.9174741956782942,0.9224544221954827
proc_gkf,M3_u_What_What_over_h,target_models,2,77,angular_entropy_8_16,0.3569701574235101,0.5309649012936539
proc_gkf,M3_u_What_What_over_h,target_models,2,128,angular_entropy_8_16,0.9260806406075238,0.7558020135479551
proc_gkf,M3_u_What_What_over_h,target_models,2,130,angular_entropy_8_16,0.7711020866117768,0.568643844290914
proc_gkf,M3_u_What_What_over_h,target_models,2,160,angular_entropy_8_16,0.529106012565758,0.5328730286541022
proc_gkf,M3_u_What_What_over_h,target_models,2,161,angular_entropy_8_16,0.4332499422431948,0.5378983139673226
proc_gkf,M3_u_What_What_over_h,target_models,2,162,angular_entropy_8_16,0.7431830317351423,0.5479488845937637
proc_gkf,M3_u_What_What_over_h,target_models,2,163,angular_entropy_8_16,0.5337060876810991,0.5429235992805433
proc_gkf,M3_u_What_What_over_h,target_models,2,176,angular_entropy_8_16,0.6525457217288756,0.7370309294533075
proc_gkf,M3_u_What_What_over_h,target_models,2,177,angular_entropy_8_16,0.7347081037517762,0.7417237004769692
proc_gkf,M3_u_What_What_over_h,target_models,2,178,angular_entropy_8_16,0.9018638342756242,0.7464164715006311
proc_gkf,M3_u_What_What_over_h,target_models,2,179,angular_entropy_8_16,0.9261454327046916,0.7511092425242933
proc_gkf,M3_u_What_What_over_h,target_models,2,192,angular_entropy_8_16,0.5403562611206696,0.5636185589776936
proc_gkf,M3_u_What_What_over_h,target_models,2,193,angular_entropy_8_16,0.555296814064717,0.5485427030380323
proc_gkf,M3_u_What_What_over_h,target_models,2,194,angular_entropy_8_16,0.5879662490128611,0.5535679883512526
proc_gkf,M3_u_What_What_over_h,target_models,2,195,angular_entropy_8_16,0.4632606662863817,0.558593273664473
proc_gkf,M3_u_What_What_over_h,target_models,3,1,angular_entropy_8_16,0.9344989266450388,0.9089149344752909
proc_gkf,M3_u_What_What_over_h,target_models,3,6,angular_entropy_8_16,0.3059312830097316,0.4347959979370857
proc_gkf,M3_u_What_What_over_h,target_models,3,30,angular_entropy_8_16,0.4270172017517478,0.5856643555459204
proc_gkf,M3_u_What_What_over_h,target_models,3,53,angular_entropy_8_16,0.9549473698303074,0.9282778564008523
proc_gkf,M3_u_What_What_over_h,target_models,3,74,angular_entropy_8_16,0.8628655108189245,0.6342021405197167
proc_gkf,M3_u_What_What_over_h,target_models,3,76,angular_entropy_8_16,0.9276734581533804,0.8680006151065278
proc_gkf,M3_u_What_What_over_h,target_models,3,124,angular_entropy_8_16,0.9147947212843128,0.9149415727296986
proc_gkf,M3_u_What_What_over_h,target_models,3,134,angular_entropy_8_16,0.9256549829438804,0.9750855807598316
proc_gkf,M3_u_What_What_over_h,target_models,3,140,angular_entropy_8_16,0.9186711438978736,0.8863875253107911
proc_gkf,M3_u_What_What_over_h,target_models,3,141,angular_entropy_8_16,0.8244759686032876,0.9060618311546729
proc_gkf,M3_u_What_What_over_h,target_models,3,142,angular_entropy_8_16,0.7039581650501197,0.9257361369985545
proc_gkf,M3_u_What_What_over_h,target_models,3,143,angular_entropy_8_16,0.8428423390558621,0.9454104428424362
proc_gkf,M3_u_What_What_over_h,target_models,3,144,angular_entropy_8_16,0.9229279357306308,0.9577188537092165
proc_gkf,M3_u_What_What_over_h,target_models,3,145,angular_entropy_8_16,0.922783471297476,0.9229853996079856
proc_gkf,M3_u_What_What_over_h,target_models,3,146,angular_entropy_8_16,0.9231359438631118,0.9403521266586012
proc_gkf,M3_u_What_What_over_h,target_models,3,147,angular_entropy_8_16,0.9269865002523372,0.9056186725573705
proc_gkf,M3_u_What_What_over_h,target_models,3,148,angular_entropy_8_16,0.4855636245332228,0.8536110764047862
proc_gkf,M3_u_What_What_over_h,target_models,3,149,angular_entropy_8_16,0.8920301113985419,0.8331675776298157
proc_gkf,M3_u_What_What_over_h,target_models,3,150,angular_entropy_8_16,0.8955164962962591,0.8740545751797568
proc_gkf,M3_u_What_What_over_h,target_models,3,151,angular_entropy_8_16,0.9379010426946844,0.8944980739547279
proc_gkf,M3_u_What_What_over_h,target_models,4,2,angular_entropy_8_16,0.9205390814978176,0.7028258840293324
proc_gkf,M3_u_What_What_over_h,target_models,4,5,angular_entropy_8_16,0.2977525663111084,0.3748867347836262
proc_gkf,M3_u_What_What_over_h,target_models,4,13,angular_entropy_8_16,0.3072768389189138,0.38704418260111684
proc_gkf,M3_u_What_What_over_h,target_models,4,25,angular_entropy_8_16,0.5816707058259681,0.3986431832433261
proc_gkf,M3_u_What_What_over_h,target_models,4,52,angular_entropy_8_16,0.9454630740160777,0.9216120544867823
proc_gkf,M3_u_What_What_over_h,target_models,4,73,angular_entropy_8_16,0.9116719197777746,0.9756314855370483
proc_gkf,M3_u_What_What_over_h,target_models,4,122,angular_entropy_8_16,0.3799420973435737,0.5353254864466013
proc_gkf,M3_u_What_What_over_h,target_models,4,136,angular_entropy_8_16,0.934421785090228,0.9803294132860609
proc_gkf,M3_u_What_What_over_h,target_models,4,164,angular_entropy_8_16,0.2978953473076548,0.4860831164960181
proc_gkf,M3_u_What_What_over_h,target_models,4,165,angular_entropy_8_16,0.2891071456764625,0.46146193152072645
proc_gkf,M3_u_What_What_over_h,target_models,4,166,angular_entropy_8_16,0.5735781124762749,0.43684074654543453
proc_gkf,M3_u_What_What_over_h,target_models,4,167,angular_entropy_8_16,0.3864674284362529,0.5107043014713097
proc_gkf,M3_u_What_What_over_h,target_models,4,184,angular_entropy_8_16,0.9037991223507064,0.8856521744929995
proc_gkf,M3_u_What_What_over_h,target_models,4,185,angular_entropy_8_16,0.9311772202530342,0.9091345912191677
proc_gkf,M3_u_What_What_over_h,target_models,4,186,angular_entropy_8_16,0.9236751177150362,0.838687341040664
proc_gkf,M3_u_What_What_over_h,target_models,4,187,angular_entropy_8_16,0.9195262355547972,0.8621697577668317
proc_gkf,M3_u_What_What_over_h,target_models,4,188,angular_entropy_8_16,0.920884974370498,0.9587449436417662
proc_gkf,M3_u_What_What_over_h,target_models,4,189,angular_entropy_8_16,0.9420986012995588,0.8939915347088816
proc_gkf,M3_u_What_What_over_h,target_models,4,190,angular_entropy_8_16,0.9351595528240708,0.9155760043531762
proc_gkf,M3_u_What_What_over_h,target_models,4,191,angular_entropy_8_16,0.8997282864766862,0.937160473997471
proc_gkf,M3_u_What_What_over_h,target_models,0,4,lambda_star_4_32,8.748435560785481,11.135619270938495
proc_gkf,M3_u_What_What_over_h,target_models,0,24,lambda_star_4_32,12.772355638285045,12.29681102974518
proc_gkf,M3_u_What_What_over_h,target_models,0,26,lambda_star_4_32,16.85114805181296,13.813872951371406
proc_gkf,M3_u_What_What_over_h,target_models,0,28,lambda_star_4_32,16.448715843082976,12.138183264207075
proc_gkf,M3_u_What_What_over_h,target_models,0,48,lambda_star_4_32,9.708231566821965,9.598984311285143
proc_gkf,M3_u_What_What_over_h,target_models,0,49,lambda_star_4_32,9.89823266090284,9.598984311285143
proc_gkf,M3_u_What_What_over_h,target_models,0,50,lambda_star_4_32,9.324161269491098,9.880482983649518
proc_gkf,M3_u_What_What_over_h,target_models,0,126,lambda_star_4_32,12.950437243891914,14.110859929546189
proc_gkf,M3_u_What_What_over_h,target_models,0,132,lambda_star_4_32,9.773721145239106,11.914828651677215
proc_gkf,M3_u_What_What_over_h,target_models,0,153,lambda_star_4_32,17.17652433675191,12.278858956682702
proc_gkf,M3_u_What_What_over_h,target_models,0,154,lambda_star_4_32,18.23764737785915,12.736859199898571
proc_gkf,M3_u_What_What_over_h,target_models,0,155,lambda_star_4_32,18.025408887417036,13.194859443114444
proc_gkf,M3_u_What_What_over_h,target_models,0,156,lambda_star_4_32,10.716409207930754,11.473061302568485
proc_gkf,M3_u_What_What_over_h,target_models,0,157,lambda_star_4_32,13.43765651228388,10.589526604351024
proc_gkf,M3_u_What_What_over_h,target_models,0,158,lambda_star_4_32,11.444534053265324,11.031293953459754
proc_gkf,M3_u_What_What_over_h,target_models,0,159,lambda_star_4_32,9.024660111865645,10.147759255242297
proc_gkf,M3_u_What_What_over_h,target_models,0,180,lambda_star_4_32,11.81471575262988,14.88444071937634
proc_gkf,M3_u_What_What_over_h,target_models,0,181,lambda_star_4_32,13.459631624030925,15.322961489663639
proc_gkf,M3_u_What_What_over_h,target_models,0,182,lambda_star_4_32,15.652923642651267,14.007399178801736
proc_gkf,M3_u_What_What_over_h,target_models,0,183,lambda_star_4_32,11.121279222471847,14.445919949089038
proc_gkf,M3_u_What_What_over_h,target_models,1,3,lambda_star_4_32,8.585566378279855,10.839902092494599
proc_gkf,M3_u_What_What_over_h,target_models,1,11,lambda_star_4_32,10.595772488586423,11.610283095674715
proc_gkf,M3_u_What_What_over_h,target_models,1,27,lambda_star_4_32,10.15857296040633,12.105349741301527
proc_gkf,M3_u_What_What_over_h,target_models,1,54,lambda_star_4_32,11.975549042291357,10.43006322717199
proc_gkf,M3_u_What_What_over_h,target_models,1,72,lambda_star_4_32,14.56665793369415,12.321360702112097
proc_gkf,M3_u_What_What_over_h,target_models,1,78,lambda_star_4_32,10.267739738899023,9.957633958895197
proc_gkf,M3_u_What_What_over_h,target_models,1,120,lambda_star_4_32,10.003348406161974,11.684117333208896
proc_gkf,M3_u_What_What_over_h,target_models,1,138,lambda_star_4_32,15.304477293099653,12.722567470157076
proc_gkf,M3_u_What_What_over_h,target_models,1,168,lambda_star_4_32,9.864797093561378,12.304609526069916
proc_gkf,M3_u_What_What_over_h,target_models,1,169,lambda_star_4_32,11.80156011694523,12.443928840765636
proc_gkf,M3_u_What_What_over_h,target_models,1,170,lambda_star_4_32,10.992604555676673,12.165290211374197
proc_gkf,M3_u_What_What_over_h,target_models,1,171,lambda_star_4_32,13.021054880614983,12.583248155461355
proc_gkf,M3_u_What_What_over_h,target_models,1,172,lambda_star_4_32,9.407459257280316,11.325867753338489
proc_gkf,M3_u_What_What_over_h,target_models,1,173,lambda_star_4_32,10.56715703018984,11.445284279961957
proc_gkf,M3_u_What_What_over_h,target_models,1,174,lambda_star_4_32,10.192698599791559,11.20645122671502
proc_gkf,M3_u_What_What_over_h,target_models,1,175,lambda_star_4_32,17.38592853614663,11.564700806585426
proc_gkf,M3_u_What_What_over_h,target_models,1,196,lambda_star_4_32,10.255244325789706,12.849579416784682
proc_gkf,M3_u_What_What_over_h,target_models,1,197,lambda_star_4_32,10.02800697834505,12.48137844287815
proc_gkf,M3_u_What_What_over_h,target_models,1,198,lambda_star_4_32,10.775048279182267,12.726845758815838
proc_gkf,M3_u_What_What_over_h,target_models,1,199,lambda_star_4_32,10.366167238577734,12.604112100846994
proc_gkf,M3_u_What_What_over_h,target_models,2,0,lambda_star_4_32,15.036163152530207,13.237131604680284
proc_gkf,M3_u_What_What_over_h,target_models,2,7,lambda_star_4_32,10.131741650392286,10.151942110432802
proc_gkf,M3_u_What_What_over_h,target_models,2,12,lambda_star_4_32,16.49892017171428,11.476199563763863
proc_gkf,M3_u_What_What_over_h,target_models,2,29,lambda_star_4_32,11.469957883713992,10.702269272897158
proc_gkf,M3_u_What_What_over_h,target_models,2,77,lambda_star_4_32,9.144133649393266,10.592066260750775
proc_gkf,M3_u_What_What_over_h,target_models,2,128,lambda_star_4_32,10.626113959029189,13.230866610073075
proc_gkf,M3_u_What_What_over_h,target_models,2,130,lambda_star_4_32,10.525656126642762,11.013195658205408
proc_gkf,M3_u_What_What_over_h,target_models,2,160,lambda_star_4_32,8.957803609676962,10.50038463462889
proc_gkf,M3_u_What_What_over_h,target_models,2,161,lambda_star_4_32,10.187201719133206,10.73905035982747
proc_gkf,M3_u_What_What_over_h,target_models,2,162,lambda_star_4_32,17.094888583756347,11.21638181022462
proc_gkf,M3_u_What_What_over_h,target_models,2,163,lambda_star_4_32,11.185404169702867,10.97771608502604
proc_gkf,M3_u_What_What_over_h,target_models,2,176,lambda_star_4_32,16.934453385495903,12.261841154312167
proc_gkf,M3_u_What_What_over_h,target_models,2,177,lambda_star_4_32,10.025623028224507,12.504097518252397
proc_gkf,M3_u_What_What_over_h,target_models,2,178,lambda_star_4_32,12.712627116310939,12.746353882192626
proc_gkf,M3_u_What_What_over_h,target_models,2,179,lambda_star_4_32,12.903457466297608,12.988610246132847
proc_gkf,M3_u_What_What_over_h,target_models,2,192,lambda_star_4_32,10.99798231417217,10.774529933006828
proc_gkf,M3_u_What_What_over_h,target_models,2,193,lambda_star_4_32,9.511936587414986,10.058532757411097
proc_gkf,M3_u_What_What_over_h,target_models,2,194,lambda_star_4_32,9.64445815674146,10.297198482609677
proc_gkf,M3_u_What_What_over_h,target_models,2,195,lambda_star_4_32,10.912131490668889,10.535864207808258
proc_gkf,M3_u_What_What_over_h,target_models,3,1,lambda_star_4_32,11.668512421861447,12.70575528190454
proc_gkf,M3_u_What_What_over_h,target_models,3,6,lambda_star_4_32,10.03098145708803,10.671517350393502
proc_gkf,M3_u_What_What_over_h,target_models,3,30,lambda_star_4_32,9.442777413200083,10.144554370596335
proc_gkf,M3_u_What_What_over_h,target_models,3,53,lambda_star_4_32,13.839279657921876,13.382982330001543
proc_gkf,M3_u_What_What_over_h,target_models,3,74,lambda_star_4_32,10.395135974354487,10.485492381966964
proc_gkf,M3_u_What_What_over_h,target_models,3,76,lambda_star_4_32,12.662404172006315,14.15051234480164
proc_gkf,M3_u_What_What_over_h,target_models,3,134,lambda_star_4_32,10.280225900836875,16.112411337535516
proc_gkf,M3_u_What_What_over_h,target_models,3,140,lambda_star_4_32,14.266299800171103,18.220942084167724
proc_gkf,M3_u_What_What_over_h,target_models,3,141,lambda_star_4_32,12.406930408458866,18.542781596524375
proc_gkf,M3_u_What_What_over_h,target_models,3,142,lambda_star_4_32,13.686953355865574,18.864621108881025
proc_gkf,M3_u_What_What_over_h,target_models,3,143,lambda_star_4_32,20.33910218473801,19.18646062123768
proc_gkf,M3_u_What_What_over_h,target_models,3,144,lambda_star_4_32,19.21712122703679,15.774107405667701
proc_gkf,M3_u_What_What_over_h,target_models,3,145,lambda_star_4_32,15.917534514704242,15.097499541932088
proc_gkf,M3_u_What_What_over_h,target_models,3,146,lambda_star_4_32,13.238470411514887,15.435803473799886
proc_gkf,M3_u_What_What_over_h,target_models,3,147,lambda_star_4_32,16.39308904929755,14.759195610064273
proc_gkf,M3_u_What_What_over_h,target_models,3,148,lambda_star_4_32,13.505688064382563,14.30483929101457
proc_gkf,M3_u_What_What_over_h,target_models,3,149,lambda_star_4_32,15.949985575742025,13.988487918494975
proc_gkf,M3_u_What_What_over_h,target_models,3,150,lambda_star_4_32,13.19434205978971,14.621190663534167
proc_gkf,M3_u_What_What_over_h,target_models,3,151,lambda_star_4_32,15.981702306235912,14.937542036053745
proc_gkf,M3_u_What_What_over_h,target_models,4,2,lambda_star_4_32,8.978347929581629,11.257676358320612
proc_gkf,M3_u_What_What_over_h,target_models,4,5,lambda_star_4_32,9.476722768932733,9.842182914276119
proc_gkf,M3_u_What_What_over_h,target_models,4,13,lambda_star_4_32,9.57889903024946,10.564880854174373
proc_gkf,M3_u_What_What_over_h,target_models,4,25,lambda_star_4_32,9.448952183282888,9.594356322829547
proc_gkf,M3_u_What_What_over_h,target_models,4,52,lambda_star_4_32,13.657657525470372,13.601123022495047
proc_gkf,M3_u_What_What_over_h,target_models,4,73,lambda_star_4_32,12.40952841173918,13.644979488621436
proc_gkf,M3_u_What_What_over_h,target_models,4,122,lambda_star_4_32,11.266255756141158,11.214946195173816
proc_gkf,M3_u_What_What_over_h,target_models,4,136,lambda_star_4_32,11.169791350259981,14.172086090835485
proc_gkf,M3_u_What_What_over_h,target_models,4,164,lambda_star_4_32,10.149086117041653,10.653617552016236
proc_gkf,M3_u_What_What_over_h,target_models,4,165,lambda_star_4_32,10.06947567876668,10.372953230437446
proc_gkf,M3_u_What_What_over_h,target_models,4,166,lambda_star_4_32,9.909591159098213,10.092288908858656
proc_gkf,M3_u_What_What_over_h,target_models,4,184,lambda_star_4_32,10.889582183271099,11.825050655684247
proc_gkf,M3_u_What_What_over_h,target_models,4,185,lambda_star_4_32,9.844185813333066,12.117609811512652
proc_gkf,M3_u_What_What_over_h,target_models,4,186,lambda_star_4_32,9.56283765931253,11.239932344027432
proc_gkf,M3_u_What_What_over_h,target_models,4,187,lambda_star_4_32,9.390936745447487,11.532491499855839
proc_gkf,M3_u_What_What_over_h,target_models,4,188,lambda_star_4_32,11.805113379327635,13.859702211257716
proc_gkf,M3_u_What_What_over_h,target_models,4,189,lambda_star_4_32,10.922526745032467,12.922550572524408
proc_gkf,M3_u_What_What_over_h,target_models,4,190,lambda_star_4_32,9.720938860159308,13.234934452102177
proc_gkf,M_GEO_What_h_eta,target_models,0,4,p_8_16,0.5602002984476983,0.3699354507773961
proc_gkf,M_GEO_What_h_eta,target_models,0,24,p_8_16,0.2569624712389576,0.15551954158249906
proc_gkf,M_GEO_What_h_eta,target_models,0,26,p_8_16,0.1868192616154143,0.1550247365607672
proc_gkf,M_GEO_What_h_eta,target_models,0,28,p_8_16,0.2504962607918012,0.10908328871820858
proc_gkf,M_GEO_What_h_eta,target_models,0,48,p_8_16,0.2767720104089806,0.24586719582196695
proc_gkf,M_GEO_What_h_eta,target_models,0,49,p_8_16,0.2454664380648269,0.24586719582196695
proc_gkf,M_GEO_What_h_eta,target_models,0,50,p_8_16,0.8998240927744701,0.577999172358181
proc_gkf,M_GEO_What_h_eta,target_models,0,126,p_8_16,0.0358979214122202,0.10938157873995522
proc_gkf,M_GEO_What_h_eta,target_models,0,132,p_8_16,0.3514324181582739,0.3856086919045259
proc_gkf,M_GEO_What_h_eta,target_models,0,152,p_8_16,0.0364217616612413,0.11493506728362729
proc_gkf,M_GEO_What_h_eta,target_models,0,153,p_8_16,0.0287520199617658,0.13159553291464346
proc_gkf,M_GEO_What_h_eta,target_models,0,154,p_8_16,0.0328626821146418,0.12604204437097144
proc_gkf,M_GEO_What_h_eta,target_models,0,155,p_8_16,0.0416435958762092,0.12048855582729937
proc_gkf,M_GEO_What_h_eta,target_models,0,156,p_8_16,0.4358789631566422,0.3933585288255874
proc_gkf,M_GEO_What_h_eta,target_models,0,157,p_8_16,0.2648002595102144,0.40885820266771045
proc_gkf,M_GEO_What_h_eta,target_models,0,158,p_8_16,0.4961240478265122,0.4011083657466489
proc_gkf,M_GEO_What_h_eta,target_models,0,159,p_8_16,0.4015733472101155,0.41660803958877185
proc_gkf,M_GEO_What_h_eta,target_models,0,180,p_8_16,0.4111016568530389,0.5993097363979474
proc_gkf,M_GEO_What_h_eta,target_models,0,181,p_8_16,0.2658185167522623,0.5911206298014081
proc_gkf,M_GEO_What_h_eta,target_models,0,182,p_8_16,0.2227624333178619,0.6156879495910261
proc_gkf,M_GEO_What_h_eta,target_models,0,183,p_8_16,0.7202682584473413,0.6074988429944868
proc_gkf,M_GEO_What_h_eta,target_models,1,3,p_8_16,0.6397237770389178,0.40238231619193354
proc_gkf,M_GEO_What_h_eta,target_models,1,11,p_8_16,0.1400912351783912,0.40271958424964294
proc_gkf,M_GEO_What_h_eta,target_models,1,27,p_8_16,0.4235140119089293,0.11660663090802065
proc_gkf,M_GEO_What_h_eta,target_models,1,54,p_8_16,0.591649700692359,0.5695619675595845
proc_gkf,M_GEO_What_h_eta,target_models,1,72,p_8_16,0.2776858930884566,0.15081908169042263
proc_gkf,M_GEO_What_h_eta,target_models,1,78,p_8_16,0.7115431096112693,0.565112413347518
proc_gkf,M_GEO_What_h_eta,target_models,1,120,p_8_16,0.6385208994142718,0.5727745411113075
proc_gkf,M_GEO_What_h_eta,target_models,1,138,p_8_16,0.1847908933976274,0.15708991925420562
proc_gkf,M_GEO_What_h_eta,target_models,1,168,p_8_16,0.1913327549278874,0.134816308263542
proc_gkf,M_GEO_What_h_eta,target_models,1,169,p_8_16,0.1842514902661812,0.14224084526042985
proc_gkf,M_GEO_What_h_eta,target_models,1,170,p_8_16,0.3336929555162605,0.12739177126665413
proc_gkf,M_GEO_What_h_eta,target_models,1,171,p_8_16,0.2025555550279888,0.1496653822573177
proc_gkf,M_GEO_What_h_eta,target_models,1,172,p_8_16,0.7385844374380425,0.568447820200018
proc_gkf,M_GEO_What_h_eta,target_models,1,173,p_8_16,0.7192385949231982,0.5698900605037812
proc_gkf,M_GEO_What_h_eta,target_models,1,174,p_8_16,0.5141086157929576,0.567005579896255
proc_gkf,M_GEO_What_h_eta,target_models,1,175,p_8_16,0.2465341404848374,0.5713323008075444
proc_gkf,M_GEO_What_h_eta,target_models,1,196,p_8_16,0.0937627138652451,0.24539242284782448
proc_gkf,M_GEO_What_h_eta,target_models,1,197,p_8_16,0.1036259524185608,0.2380745535899727
proc_gkf,M_GEO_What_h_eta,target_models,1,198,p_8_16,0.1707622685467746,0.24295313309520722
proc_gkf,M_GEO_What_h_eta,target_models,1,199,p_8_16,0.1371810986872629,0.24051384334258996
proc_gkf,M_GEO_What_h_eta,target_models,2,0,p_8_16,0.0342382099309782,0.2140441674496557
proc_gkf,M_GEO_What_h_eta,target_models,2,7,p_8_16,0.8153931899623513,0.6113499828346372
proc_gkf,M_GEO_What_h_eta,target_models,2,12,p_8_16,0.1921998610687837,0.4361448126202424
proc_gkf,M_GEO_What_h_eta,target_models,2,29,p_8_16,0.4925534341695751,0.24791395333072336
proc_gkf,M_GEO_What_h_eta,target_models,2,51,p_8_16,0.034702128595685,0.16412283776405714
proc_gkf,M_GEO_What_h_eta,target_models,2,77,p_8_16,0.6823572333973394,0.38813923421014523
proc_gkf,M_GEO_What_h_eta,target_models,2,128,p_8_16,0.0803054078882494,0.2654460824908073
proc_gkf,M_GEO_What_h_eta,target_models,2,130,p_8_16,0.2186092713118247,0.4175116152963683
proc_gkf,M_GEO_What_h_eta,target_models,2,160,p_8_16,0.5088771820307446,0.4085233147538014
proc_gkf,M_GEO_What_h_eta,target_models,2,161,p_8_16,0.3550479848987524,0.4158705491137282
proc_gkf,M_GEO_What_h_eta,target_models,2,162,p_8_16,0.0687775708107536,0.4305650178335819
proc_gkf,M_GEO_What_h_eta,target_models,2,163,p_8_16,0.4710725716838595,0.423217783473655
proc_gkf,M_GEO_What_h_eta,target_models,2,176,p_8_16,0.1664049856670875,0.23305725979087166
proc_gkf,M_GEO_What_h_eta,target_models,2,177,p_8_16,0.1705521628824458,0.24115446546585556
proc_gkf,M_GEO_What_h_eta,target_models,2,178,p_8_16,0.1096771945811592,0.24925167114083951
proc_gkf,M_GEO_What_h_eta,target_models,2,179,p_8_16,0.08059610386861,0.25734887681582336
proc_gkf,M_GEO_What_h_eta,target_models,2,192,p_8_16,0.2693234213407359,0.4101643809364415
proc_gkf,M_GEO_What_h_eta,target_models,2,193,p_8_16,0.5261741447507422,0.38812267785666094
proc_gkf,M_GEO_What_h_eta,target_models,2,194,p_8_16,0.3517594854261314,0.3954699122165878
proc_gkf,M_GEO_What_h_eta,target_models,2,195,p_8_16,0.2138727626229319,0.4028171465765147
proc_gkf,M_GEO_What_h_eta,target_models,3,1,p_8_16,0.2730637583192485,0.08575316820597997
proc_gkf,M_GEO_What_h_eta,target_models,3,6,p_8_16,0.8934367400816127,0.5579729016809785
proc_gkf,M_GEO_What_h_eta,target_models,3,30,p_8_16,0.4418353332682509,0.38649628899936217
proc_gkf,M_GEO_What_h_eta,target_models,3,53,p_8_16,0.2736571121857817,0.15723578262987867
proc_gkf,M_GEO_What_h_eta,target_models,3,74,p_8_16,0.377942131592927,0.2185897941483717
proc_gkf,M_GEO_What_h_eta,target_models,3,76,p_8_16,0.2692309609802786,0.14807383761493478
proc_gkf,M_GEO_What_h_eta,target_models,3,124,p_8_16,0.0216273774759846,0.2171311152556945
proc_gkf,M_GEO_What_h_eta,target_models,3,134,p_8_16,0.1717238418083919,0.15387636223815104
proc_gkf,M_GEO_What_h_eta,target_models,3,140,p_8_16,0.3013360338424688,0.0918338145608226
proc_gkf,M_GEO_What_h_eta,target_models,3,141,p_8_16,0.2359916126573756,0.09097307447050942
proc_gkf,M_GEO_What_h_eta,target_models,3,142,p_8_16,0.1697483102128793,0.09011233438019625
proc_gkf,M_GEO_What_h_eta,target_models,3,143,p_8_16,0.0670632467328167,0.08925159428988305
proc_gkf,M_GEO_What_h_eta,target_models,3,144,p_8_16,0.0980992963841571,0.14948249888889098
proc_gkf,M_GEO_What_h_eta,target_models,3,145,p_8_16,0.1444384491418675,0.14069477219037088
proc_gkf,M_GEO_What_h_eta,target_models,3,146,p_8_16,0.1241892480864522,0.14508863553963086
proc_gkf,M_GEO_What_h_eta,target_models,3,147,p_8_16,0.1558258281900654,0.13630090884111076
proc_gkf,M_GEO_What_h_eta,target_models,3,148,p_8_16,0.401710597995235,0.22496793896620731
proc_gkf,M_GEO_What_h_eta,target_models,3,149,p_8_16,0.1328859474968257,0.22758021353637825
proc_gkf,M_GEO_What_h_eta,target_models,3,150,p_8_16,0.1886239553165941,0.22235566439603638
proc_gkf,M_GEO_What_h_eta,target_models,3,151,p_8_16,0.1255392642729608,0.21974338982586544
proc_gkf,M_GEO_What_h_eta,target_models,4,2,p_8_16,0.2105184725521856,0.23675547001173844
proc_gkf,M_GEO_What_h_eta,target_models,4,5,p_8_16,0.9126072594872168,0.5718981625301885
proc_gkf,M_GEO_What_h_eta,target_models,4,13,p_8_16,0.8570775630331313,0.5702334376594866
proc_gkf,M_GEO_What_h_eta,target_models,4,25,p_8_16,0.4732961296022142,0.5671434937181699
proc_gkf,M_GEO_What_h_eta,target_models,4,52,p_8_16,0.1684546978474572,0.1749998575275246
proc_gkf,M_GEO_What_h_eta,target_models,4,73,p_8_16,0.0992533930074463,0.20055425274996025
proc_gkf,M_GEO_What_h_eta,target_models,4,122,p_8_16,0.4406507189391591,0.5684816058037458
proc_gkf,M_GEO_What_h_eta,target_models,4,136,p_8_16,0.0563523977609129,0.21913549395854628
proc_gkf,M_GEO_What_h_eta,target_models,4,164,p_8_16,0.6764301662347564,0.5643928464241095
proc_gkf,M_GEO_What_h_eta,target_models,4,165,p_8_16,0.7778128600771657,0.5623484667342913
proc_gkf,M_GEO_What_h_eta,target_models,4,166,p_8_16,0.6945002041668196,0.5603040870444731
proc_gkf,M_GEO_What_h_eta,target_models,4,167,p_8_16,0.0301198360435335,0.5664372261139277
proc_gkf,M_GEO_What_h_eta,target_models,4,184,p_8_16,0.0631820767179308,0.11603720912271948
proc_gkf,M_GEO_What_h_eta,target_models,4,185,p_8_16,0.1389519509063684,0.12116571681904867
proc_gkf,M_GEO_What_h_eta,target_models,4,186,p_8_16,0.1825270019056839,0.10578019373006106
proc_gkf,M_GEO_What_h_eta,target_models,4,187,p_8_16,0.1519809787257946,0.11090870142639025
proc_gkf,M_GEO_What_h_eta,target_models,4,188,p_8_16,0.0702510568476217,0.20886677291803207
proc_gkf,M_GEO_What_h_eta,target_models,4,189,p_8_16,0.1838437744363198,0.17806060979648952
proc_gkf,M_GEO_What_h_eta,target_models,4,190,p_8_16,0.2090658333441498,0.18832933083700376
proc_gkf,M_GEO_What_h_eta,target_models,4,191,p_8_16,0.0024359757659457,0.19859805187751794
proc_gkf,M_GEO_What_h_eta,target_models,0,4,ilr_z2,-0.7349798880860732,-0.5051443927807122
proc_gkf,M_GEO_What_h_eta,target_models,0,24,ilr_z2,-0.5464013923450972,-0.12151398284166831
proc_gkf,M_GEO_What_h_eta,target_models,0,26,ilr_z2,-0.6587406275693465,-0.11609173464166989
proc_gkf,M_GEO_What_h_eta,target_models,0,28,ilr_z2,-0.6824863239163869,0.2697445902026098
proc_gkf,M_GEO_What_h_eta,target_models,0,48,ilr_z2,0.3640795136307608,-0.17407306889796775
proc_gkf,M_GEO_What_h_eta,target_models,0,49,ilr_z2,0.4084297996084903,-0.17407306889796775
proc_gkf,M_GEO_What_h_eta,target_models,0,50,ilr_z2,-1.7718920514165597,-1.2759248431468604
proc_gkf,M_GEO_What_h_eta,target_models,0,126,ilr_z2,0.1514234499286074,0.268014623772257
proc_gkf,M_GEO_What_h_eta,target_models,0,132,ilr_z2,-0.2458171955326751,-0.5899878310745263
proc_gkf,M_GEO_What_h_eta,target_models,0,152,ilr_z2,-0.4809182251615883,0.2358065442138237
proc_gkf,M_GEO_What_h_eta,target_models,0,153,ilr_z2,-0.5677240117208077,0.13918230553852456
proc_gkf,M_GEO_What_h_eta,target_models,0,154,ilr_z2,-0.4000705590825106,0.17139038509695742
proc_gkf,M_GEO_What_h_eta,target_models,0,155,ilr_z2,-0.3930149251358204,0.2035984646553905
proc_gkf,M_GEO_What_h_eta,target_models,0,156,ilr_z2,-0.9637846254921072,-0.63193976719711
proc_gkf,M_GEO_What_h_eta,target_models,0,157,ilr_z2,-0.5841810634522199,-0.7158436394422776
proc_gkf,M_GEO_What_h_eta,target_models,0,158,ilr_z2,-0.5748897410971575,-0.6738917033196938
proc_gkf,M_GEO_What_h_eta,target_models,0,159,ilr_z2,-0.2812695282973182,-0.7577955755648609
proc_gkf,M_GEO_What_h_eta,target_models,0,180,ilr_z2,-1.4995081502942065,-1.3901679325687015
proc_gkf,M_GEO_What_h_eta,target_models,0,181,ilr_z2,-0.6007342862334806,-1.346267225133288
proc_gkf,M_GEO_What_h_eta,target_models,0,182,ilr_z2,-0.3812710159046805,-1.4779693474395292
proc_gkf,M_GEO_What_h_eta,target_models,0,183,ilr_z2,-2.0975168160602387,-1.4340686400041154
proc_gkf,M_GEO_What_h_eta,target_models,1,3,ilr_z2,-0.8615461618228943,-0.6351146088437951
proc_gkf,M_GEO_What_h_eta,target_models,1,11,ilr_z2,-1.0402091290257125,-0.6298581705675514
proc_gkf,M_GEO_What_h_eta,target_models,1,27,ilr_z2,-0.8482571589845281,0.0044814419635133
proc_gkf,M_GEO_What_h_eta,target_models,1,54,ilr_z2,-1.861872604120544,-1.1363708981891179
proc_gkf,M_GEO_What_h_eta,target_models,1,72,ilr_z2,-0.5082702825940048,-0.17848370281302423
proc_gkf,M_GEO_What_h_eta,target_models,1,78,ilr_z2,-1.3796513513227322,-1.228138237086341
proc_gkf,M_GEO_What_h_eta,target_models,1,120,ilr_z2,-1.0981870534730027,-1.0701149741566063
proc_gkf,M_GEO_What_h_eta,target_models,1,138,ilr_z2,0.1680977377995088,-0.17281558120856444
proc_gkf,M_GEO_What_h_eta,target_models,1,168,ilr_z2,0.1405350564302773,-0.19294838394526165
proc_gkf,M_GEO_What_h_eta,target_models,1,169,ilr_z2,-0.1987183265929584,-0.1862374496996958
proc_gkf,M_GEO_What_h_eta,target_models,1,170,ilr_z2,-0.0247410900691029,-0.19965931819082716
proc_gkf,M_GEO_What_h_eta,target_models,1,171,ilr_z2,-0.0737937005648459,-0.17952651545413006
proc_gkf,M_GEO_What_h_eta,target_models,1,172,ilr_z2,-1.1143412015365697,-1.1593490064341003
proc_gkf,M_GEO_What_h_eta,target_models,1,173,ilr_z2,-1.210042262040108,-1.1296043290082691
proc_gkf,M_GEO_What_h_eta,target_models,1,174,ilr_z2,-0.3646944726413303,-1.189093683859932
proc_gkf,M_GEO_What_h_eta,target_models,1,175,ilr_z2,-1.467424952332843,-1.0998596515824375
proc_gkf,M_GEO_What_h_eta,target_models,1,196,ilr_z2,0.3618674458676895,-0.24091522867226098
proc_gkf,M_GEO_What_h_eta,target_models,1,197,ilr_z2,0.5899138604097636,-0.31863238935962235
proc_gkf,M_GEO_What_h_eta,target_models,1,198,ilr_z2,0.2395243924105265,-0.2668209489013815
proc_gkf,M_GEO_What_h_eta,target_models,1,199,ilr_z2,0.2216781958750436,-0.29272666913050205
proc_gkf,M_GEO_What_h_eta,target_models,2,0,ilr_z2,-0.1063306799927708,-0.14683506785382594
proc_gkf,M_GEO_What_h_eta,target_models,2,7,ilr_z2,-1.6695954016433885,-1.1632316108849274
proc_gkf,M_GEO_What_h_eta,target_models,2,12,ilr_z2,-0.4873426315596991,-0.6818160150927685
proc_gkf,M_GEO_What_h_eta,target_models,2,29,ilr_z2,-0.5972960389338273,-0.30741410193432817
proc_gkf,M_GEO_What_h_eta,target_models,2,51,ilr_z2,-0.7375842381192994,-0.13813177910873364
proc_gkf,M_GEO_What_h_eta,target_models,2,77,ilr_z2,-1.1400707101175642,-0.7943423582913595
proc_gkf,M_GEO_What_h_eta,target_models,2,128,ilr_z2,0.1414158584405125,-0.2748591937290212
proc_gkf,M_GEO_What_h_eta,target_models,2,130,ilr_z2,-0.1934901388372158,-0.7254927215588718
proc_gkf,M_GEO_What_h_eta,target_models,2,160,ilr_z2,-0.3107548375241632,-0.7465615353326527
proc_gkf,M_GEO_What_h_eta,target_models,2,161,ilr_z2,-0.1572727872297372,-0.7293394240171119
proc_gkf,M_GEO_What_h_eta,target_models,2,162,ilr_z2,-0.3653410610632664,-0.6948952013860307
proc_gkf,M_GEO_What_h_eta,target_models,2,163,ilr_z2,-1.0196527553436392,-0.7121173127015714
proc_gkf,M_GEO_What_h_eta,target_models,2,176,ilr_z2,-0.5854125650361839,-0.3350010704084946
proc_gkf,M_GEO_What_h_eta,target_models,2,177,ilr_z2,-0.0236528747301991,-0.31996560123862616
proc_gkf,M_GEO_What_h_eta,target_models,2,178,ilr_z2,-0.3004689083387473,-0.30493013206875785
proc_gkf,M_GEO_What_h_eta,target_models,2,179,ilr_z2,-0.2103805063433689,-0.28989466289888954
proc_gkf,M_GEO_What_h_eta,target_models,2,192,ilr_z2,-0.1113100533321576,-0.7427148328744125
proc_gkf,M_GEO_What_h_eta,target_models,2,193,ilr_z2,-0.474274868869831,-0.7943811668210345
proc_gkf,M_GEO_What_h_eta,target_models,2,194,ilr_z2,0.0179663222611397,-0.7771590555054937
proc_gkf,M_GEO_What_h_eta,target_models,2,195,ilr_z2,0.0779337797703519,-0.7599369441899531
proc_gkf,M_GEO_What_h_eta,target_models,3,1,ilr_z2,-0.0692891450335584,0.1987507147134429
proc_gkf,M_GEO_What_h_eta,target_models,3,6,ilr_z2,-1.94356293461084,-1.1939462405915227
proc_gkf,M_GEO_What_h_eta,target_models,3,30,ilr_z2,-0.2541646557020384,-0.6369129717850506
proc_gkf,M_GEO_What_h_eta,target_models,3,53,ilr_z2,-0.7207427361215213,-0.12984748567915372
proc_gkf,M_GEO_What_h_eta,target_models,3,74,ilr_z2,-0.1906594115687575,-0.12174490174864944
proc_gkf,M_GEO_What_h_eta,target_models,3,76,ilr_z2,-0.3573739449687065,-0.07830640314723408
proc_gkf,M_GEO_What_h_eta,target_models,3,124,ilr_z2,-0.3102629865565866,-0.12144643804559152
proc_gkf,M_GEO_What_h_eta,target_models,3,134,ilr_z2,0.2143441042381721,-0.11094886061787812
proc_gkf,M_GEO_What_h_eta,target_models,3,140,ilr_z2,-0.3867737094612926,0.23957334950241133
proc_gkf,M_GEO_What_h_eta,target_models,3,141,ilr_z2,-0.4725933192029717,0.23379474040321663
proc_gkf,M_GEO_What_h_eta,target_models,3,142,ilr_z2,-0.480606705362266,0.22801613130402193
proc_gkf,M_GEO_What_h_eta,target_models,3,143,ilr_z2,-0.3130092631134917,0.22223752220482723
proc_gkf,M_GEO_What_h_eta,target_models,3,144,ilr_z2,-0.3027621608401571,-0.08623091337536493
proc_gkf,M_GEO_What_h_eta,target_models,3,145,ilr_z2,-0.3019965021691972,-0.03679501889033898
proc_gkf,M_GEO_What_h_eta,target_models,3,146,ilr_z2,-0.0911109063822424,-0.06151296613285173
proc_gkf,M_GEO_What_h_eta,target_models,3,147,ilr_z2,-0.2928733932939545,-0.012077071647825788
proc_gkf,M_GEO_What_h_eta,target_models,3,148,ilr_z2,-1.0846568296883292,-0.12304994889132598
proc_gkf,M_GEO_What_h_eta,target_models,3,149,ilr_z2,-0.5480851664681791,-0.12358445250657074
proc_gkf,M_GEO_What_h_eta,target_models,3,150,ilr_z2,-0.2525456694938448,-0.12251544527608116
proc_gkf,M_GEO_What_h_eta,target_models,3,151,ilr_z2,-0.5620448925305433,-0.12198094166083634
proc_gkf,M_GEO_What_h_eta,target_models,4,2,ilr_z2,0.5182216181845284,-0.3343482096055674
proc_gkf,M_GEO_What_h_eta,target_models,4,5,ilr_z2,-1.940805301438366,-1.0500152608598836
proc_gkf,M_GEO_What_h_eta,target_models,4,13,ilr_z2,-1.614473056844414,-1.05027248613171
proc_gkf,M_GEO_What_h_eta,target_models,4,25,ilr_z2,-0.5036461443379504,-1.0507499293922888
proc_gkf,M_GEO_What_h_eta,target_models,4,52,ilr_z2,-0.4788069946524049,-0.26372225369054914
proc_gkf,M_GEO_What_h_eta,target_models,4,73,ilr_z2,-0.5316165113290052,-0.30955010613004574
proc_gkf,M_GEO_What_h_eta,target_models,4,122,ilr_z2,-1.311453182628654,-1.0505431707554687
proc_gkf,M_GEO_What_h_eta,target_models,4,136,ilr_z2,0.4252380211941015,-0.342872686173034
proc_gkf,M_GEO_What_h_eta,target_models,4,164,ilr_z2,-1.5662458140815316,-1.0511749461685538
proc_gkf,M_GEO_What_h_eta,target_models,4,165,ilr_z2,-1.8451569596223183,-1.0514908338750963
proc_gkf,M_GEO_What_h_eta,target_models,4,166,ilr_z2,-1.1747991448331432,-1.051806721581639
proc_gkf,M_GEO_What_h_eta,target_models,4,167,ilr_z2,-1.8398507875353969,-1.0508590584620112
proc_gkf,M_GEO_What_h_eta,target_models,4,184,ilr_z2,0.3488021013448888,-0.09590335179585291
proc_gkf,M_GEO_What_h_eta,target_models,4,185,ilr_z2,0.7956564068517197,-0.10261168263937931
proc_gkf,M_GEO_What_h_eta,target_models,4,186,ilr_z2,0.7221347853067828,-0.08248669010880011
proc_gkf,M_GEO_What_h_eta,target_models,4,187,ilr_z2,0.7842535575418991,-0.08919502095232651
proc_gkf,M_GEO_What_h_eta,target_models,4,188,ilr_z2,0.4089178641829663,-0.32445732441272607
proc_gkf,M_GEO_What_h_eta,target_models,4,189,ilr_z2,0.3408069820378084,-0.2692112391318023
proc_gkf,M_GEO_What_h_eta,target_models,4,190,ilr_z2,0.4656972323647224,-0.28762660089211023
proc_gkf,M_GEO_What_h_eta,target_models,4,191,ilr_z2,-0.2083022863756323,-0.30604196265241823
proc_gkf,M_GEO_What_h_eta,target_models,0,4,A2_8_16,0.7663973995223651,0.6191646156958803
proc_gkf,M_GEO_What_h_eta,target_models,0,24,A2_8_16,0.1397929970599265,0.1426243711337138
proc_gkf,M_GEO_What_h_eta,target_models,0,26,A2_8_16,0.3277592868738584,0.14188477980765962
proc_gkf,M_GEO_What_h_eta,target_models,0,28,A2_8_16,0.3652046962555679,0.20452197649511045
proc_gkf,M_GEO_What_h_eta,target_models,0,48,A2_8_16,0.1439422060414616,0.41998227717510944
proc_gkf,M_GEO_What_h_eta,target_models,0,49,A2_8_16,0.1529213376419045,0.41998227717510944
proc_gkf,M_GEO_What_h_eta,target_models,0,50,A2_8_16,0.968531796740373,0.8945807443559395
proc_gkf,M_GEO_What_h_eta,target_models,0,126,A2_8_16,0.2904552971923126,0.20480998193962696
proc_gkf,M_GEO_What_h_eta,target_models,0,132,A2_8_16,0.4032794241209796,0.6336763083059962
proc_gkf,M_GEO_What_h_eta,target_models,0,152,A2_8_16,0.1916593851968016,0.21017199481311172
proc_gkf,M_GEO_What_h_eta,target_models,0,153,A2_8_16,0.4093289965880195,0.22625803343356618
proc_gkf,M_GEO_What_h_eta,target_models,0,154,A2_8_16,0.7523513143574082,0.2208960205600814
proc_gkf,M_GEO_What_h_eta,target_models,0,155,A2_8_16,0.3496725676947528,0.21553400768659658
proc_gkf,M_GEO_What_h_eta,target_models,0,156,A2_8_16,0.5005700460312731,0.6408518025298616
proc_gkf,M_GEO_What_h_eta,target_models,0,157,A2_8_16,0.8479548796209171,0.6552027909775926
proc_gkf,M_GEO_What_h_eta,target_models,0,158,A2_8_16,0.8997282243113676,0.6480272967537272
proc_gkf,M_GEO_What_h_eta,target_models,0,159,A2_8_16,0.906662852903617,0.6623782852014581
proc_gkf,M_GEO_What_h_eta,target_models,0,180,A2_8_16,0.876658817811322,0.914197425293148
proc_gkf,M_GEO_What_h_eta,target_models,0,181,A2_8_16,0.4323368626607115,0.9066592347992064
proc_gkf,M_GEO_What_h_eta,target_models,0,182,A2_8_16,0.7136233011207184,0.9292738062810313
proc_gkf,M_GEO_What_h_eta,target_models,0,183,A2_8_16,0.9408544635622768,0.9217356157870896
proc_gkf,M_GEO_What_h_eta,target_models,1,3,A2_8_16,0.6848565322463434,0.6374658145986306
proc_gkf,M_GEO_What_h_eta,target_models,1,11,A2_8_16,0.814635835404978,0.6366199594204167
proc_gkf,M_GEO_What_h_eta,target_models,1,27,A2_8_16,0.4289387730949569,0.288557335199531
proc_gkf,M_GEO_What_h_eta,target_models,1,54,A2_8_16,0.9009628591577852,0.8303772189124148
proc_gkf,M_GEO_What_h_eta,target_models,1,72,A2_8_16,0.2830216597611039,0.13241854326370212
proc_gkf,M_GEO_What_h_eta,target_models,1,78,A2_8_16,0.9225443341069854,0.8447141878733986
proc_gkf,M_GEO_What_h_eta,target_models,1,120,A2_8_16,0.8944943574816656,0.8200259421101171
proc_gkf,M_GEO_What_h_eta,target_models,1,138,A2_8_16,0.1424116865615261,0.12974048888965944
proc_gkf,M_GEO_What_h_eta,target_models,1,168,A2_8_16,0.0994156775443189,0.13925276547672616
proc_gkf,M_GEO_What_h_eta,target_models,1,169,A2_8_16,0.097587665196269,0.1360820066143706
proc_gkf,M_GEO_What_h_eta,target_models,1,170,A2_8_16,0.1742853627065956,0.14242352433908173
proc_gkf,M_GEO_What_h_eta,target_models,1,171,A2_8_16,0.1599474558842803,0.13291124775201502
proc_gkf,M_GEO_What_h_eta,target_models,1,172,A2_8_16,0.8921688865244534,0.8339671282270937
proc_gkf,M_GEO_What_h_eta,target_models,1,173,A2_8_16,0.9661076702374072,0.8293200661881015
proc_gkf,M_GEO_What_h_eta,target_models,1,174,A2_8_16,0.7674693265969352,0.838614190266086
proc_gkf,M_GEO_What_h_eta,target_models,1,175,A2_8_16,0.6893771332113418,0.8246730041491094
proc_gkf,M_GEO_What_h_eta,target_models,1,196,A2_8_16,0.3743380418133872,0.4566820249301449
proc_gkf,M_GEO_What_h_eta,target_models,1,197,A2_8_16,0.2879994399522551,0.4698850594588032
proc_gkf,M_GEO_What_h_eta,target_models,1,198,A2_8_16,0.2957720351316506,0.46108303643969767
proc_gkf,M_GEO_What_h_eta,target_models,1,199,A2_8_16,0.3726363977494947,0.46548404794925047
proc_gkf,M_GEO_What_h_eta,target_models,2,0,A2_8_16,0.036720770646403,0.166081421808218
proc_gkf,M_GEO_What_h_eta,target_models,2,7,A2_8_16,0.9327131526105767,0.8479831099506374
proc_gkf,M_GEO_What_h_eta,target_models,2,12,A2_8_16,0.5767620748559564,0.6630458769738851
proc_gkf,M_GEO_What_h_eta,target_models,2,29,A2_8_16,0.6757951785952275,0.4632175728960606
proc_gkf,M_GEO_What_h_eta,target_models,2,51,A2_8_16,0.12792012603282,0.14459897390379683
proc_gkf,M_GEO_What_h_eta,target_models,2,77,A2_8_16,0.8985651245461259,0.6321154713502215
proc_gkf,M_GEO_What_h_eta,target_models,2,128,A2_8_16,0.2058224448213799,0.4737879670413658
proc_gkf,M_GEO_What_h_eta,target_models,2,130,A2_8_16,0.4419164485789251,0.6510403482336675
proc_gkf,M_GEO_What_h_eta,target_models,2,160,A2_8_16,0.7199290861368496,0.6452491091557
proc_gkf,M_GEO_What_h_eta,target_models,2,161,A2_8_16,0.8205349159920327,0.649982995226675
proc_gkf,M_GEO_What_h_eta,target_models,2,162,A2_8_16,0.4118082086874167,0.659450767368625
proc_gkf,M_GEO_What_h_eta,target_models,2,163,A2_8_16,0.7829337262209217,0.6547168812976499
proc_gkf,M_GEO_What_h_eta,target_models,2,176,A2_8_16,0.614173452796375,0.45426024061894144
proc_gkf,M_GEO_What_h_eta,target_models,2,177,A2_8_16,0.5292008183387338,0.45914217222454756
proc_gkf,M_GEO_What_h_eta,target_models,2,178,A2_8_16,0.172460089101729,0.46402410383015363
proc_gkf,M_GEO_What_h_eta,target_models,2,179,A2_8_16,0.2284488983539017,0.4689060354357597
proc_gkf,M_GEO_What_h_eta,target_models,2,192,A2_8_16,0.753824022764901,0.6463064621626926
proc_gkf,M_GEO_What_h_eta,target_models,2,193,A2_8_16,0.683685936277253,0.6321048039497676
proc_gkf,M_GEO_What_h_eta,target_models,2,194,A2_8_16,0.678886742368729,0.6368386900207427
proc_gkf,M_GEO_What_h_eta,target_models,2,195,A2_8_16,0.8367731569721454,0.6415725760917177
proc_gkf,M_GEO_What_h_eta,target_models,3,1,A2_8_16,0.1961232572137329,0.21325240315658273
proc_gkf,M_GEO_What_h_eta,target_models,3,6,A2_8_16,0.9570384606388984,0.8205721942536599
proc_gkf,M_GEO_What_h_eta,target_models,3,30,A2_8_16,0.8450779829639314,0.6541129898136261
proc_gkf,M_GEO_What_h_eta,target_models,3,53,A2_8_16,0.1494548018772401,0.1548428366904348
proc_gkf,M_GEO_What_h_eta,target_models,3,74,A2_8_16,0.1678917533058013,0.45988621461250345
proc_gkf,M_GEO_What_h_eta,target_models,3,76,A2_8_16,0.083768854819673,0.16922924629237185
proc_gkf,M_GEO_What_h_eta,target_models,3,124,A2_8_16,0.3621450261390208,0.4541311738529087
proc_gkf,M_GEO_What_h_eta,target_models,3,134,A2_8_16,0.1202840571694714,0.1601179172220975
proc_gkf,M_GEO_What_h_eta,target_models,3,140,A2_8_16,0.2161409599196409,0.2800442728306813
proc_gkf,M_GEO_What_h_eta,target_models,3,141,A2_8_16,0.3554970461969606,0.27058961347696237
proc_gkf,M_GEO_What_h_eta,target_models,3,142,A2_8_16,0.5504001774406915,0.26113495412324345
proc_gkf,M_GEO_What_h_eta,target_models,3,143,A2_8_16,0.4887500345928944,0.2516802947695245
proc_gkf,M_GEO_What_h_eta,target_models,3,144,A2_8_16,0.2757511201425458,0.16701731661538022
proc_gkf,M_GEO_What_h_eta,target_models,3,145,A2_8_16,0.1384471986498286,0.1808161154019457
proc_gkf,M_GEO_What_h_eta,target_models,3,146,A2_8_16,0.1449642119347632,0.17391671600866299
proc_gkf,M_GEO_What_h_eta,target_models,3,147,A2_8_16,0.2034555409043313,0.18771551479522852
proc_gkf,M_GEO_What_h_eta,target_models,3,148,A2_8_16,0.8280700095585045,0.4850504118745015
proc_gkf,M_GEO_What_h_eta,target_models,3,149,A2_8_16,0.1094047470852526,0.49535682454836577
proc_gkf,M_GEO_What_h_eta,target_models,3,150,A2_8_16,0.2602332049451156,0.4747439992006372
proc_gkf,M_GEO_What_h_eta,target_models,3,151,A2_8_16,0.092540025386341,0.46443758652677297
proc_gkf,M_GEO_What_h_eta,target_models,4,2,A2_8_16,0.2995539380411224,0.46029122599457034
proc_gkf,M_GEO_What_h_eta,target_models,4,5,A2_8_16,0.9554864475023206,0.8431080270130746
proc_gkf,M_GEO_What_h_eta,target_models,4,13,A2_8_16,0.9553992553647612,0.8435096195517062
proc_gkf,M_GEO_What_h_eta,target_models,4,25,A2_8_16,0.6984861392748491,0.8442550270682647
proc_gkf,M_GEO_What_h_eta,target_models,4,52,A2_8_16,0.0120799449422375,0.16240542778898392
proc_gkf,M_GEO_What_h_eta,target_models,4,73,A2_8_16,0.295870409956582,0.167168373729564
proc_gkf,M_GEO_What_h_eta,target_models,4,122,A2_8_16,0.909510154376974,0.8439322254817216
proc_gkf,M_GEO_What_h_eta,target_models,4,136,A2_8_16,0.0137397427233426,0.17063163109155682
proc_gkf,M_GEO_What_h_eta,target_models,4,164,A2_8_16,0.9582380550196586,0.844918583821181
proc_gkf,M_GEO_What_h_eta,target_models,4,165,A2_8_16,0.9755310556113246,0.8454117629909107
proc_gkf,M_GEO_What_h_eta,target_models,4,166,A2_8_16,0.839874019631054,0.8459049421606404
proc_gkf,M_GEO_What_h_eta,target_models,4,167,A2_8_16,0.9097755639079348,0.8444254046514512
proc_gkf,M_GEO_What_h_eta,target_models,4,184,A2_8_16,0.0813683298711656,0.2853793127079406
proc_gkf,M_GEO_What_h_eta,target_models,4,185,A2_8_16,0.1527146446101141,0.2857888000571921
proc_gkf,M_GEO_What_h_eta,target_models,4,186,A2_8_16,0.1398920757864579,0.2845603380094377
proc_gkf,M_GEO_What_h_eta,target_models,4,187,A2_8_16,0.0839330958615748,0.28496982535868914
proc_gkf,M_GEO_What_h_eta,target_models,4,188,A2_8_16,0.1067703608298211,0.16871769954400345
proc_gkf,M_GEO_What_h_eta,target_models,4,189,A2_8_16,0.2393366975971487,0.1629759049013434
proc_gkf,M_GEO_What_h_eta,target_models,4,190,A2_8_16,0.1571360648425355,0.16488983644889676
proc_gkf,M_GEO_What_h_eta,target_models,4,191,A2_8_16,0.1248771653523978,0.16680376799645008
proc_gkf,M_GEO_What_h_eta,target_models,0,4,angular_entropy_8_16,0.4797589507759083,0.6177115068750781
proc_gkf,M_GEO_What_h_eta,target_models,0,24,angular_entropy_8_16,0.9474204100320134,0.9282572779173922
proc_gkf,M_GEO_What_h_eta,target_models,0,26,angular_entropy_8_16,0.9225450729133732,0.9283966195548201
proc_gkf,M_GEO_What_h_eta,target_models,0,28,angular_entropy_8_16,0.8950148339178446,0.930888530707418
proc_gkf,M_GEO_What_h_eta,target_models,0,48,angular_entropy_8_16,0.920817709025902,0.7712546567738786
proc_gkf,M_GEO_What_h_eta,target_models,0,49,angular_entropy_8_16,0.8931434690263835,0.7712546567738786
proc_gkf,M_GEO_What_h_eta,target_models,0,50,angular_entropy_8_16,0.2884001251722402,0.3951469495392431
proc_gkf,M_GEO_What_h_eta,target_models,0,126,angular_entropy_8_16,0.89885340511558,0.9306593134617834
proc_gkf,M_GEO_What_h_eta,target_models,0,132,angular_entropy_8_16,0.7889791128491267,0.605096165803098
proc_gkf,M_GEO_What_h_eta,target_models,0,152,angular_entropy_8_16,0.8968868497699488,0.9263918044777758
proc_gkf,M_GEO_What_h_eta,target_models,0,153,angular_entropy_8_16,0.8461600288419651,0.913589277525753
proc_gkf,M_GEO_What_h_eta,target_models,0,154,angular_entropy_8_16,0.670712883086662,0.9178567865097605
proc_gkf,M_GEO_What_h_eta,target_models,0,155,angular_entropy_8_16,0.9125242508369932,0.9221242954937682
proc_gkf,M_GEO_What_h_eta,target_models,0,156,angular_entropy_8_16,0.6888607676843875,0.5988583471401678
proc_gkf,M_GEO_What_h_eta,target_models,0,157,angular_entropy_8_16,0.4699264956424556,0.5863827098143074
proc_gkf,M_GEO_What_h_eta,target_models,0,158,angular_entropy_8_16,0.443095790045536,0.5926205284772377
proc_gkf,M_GEO_What_h_eta,target_models,0,159,angular_entropy_8_16,0.3175805320209709,0.5801448911513774
proc_gkf,M_GEO_What_h_eta,target_models,0,180,angular_entropy_8_16,0.4177840495857789,0.37788876459111725
proc_gkf,M_GEO_What_h_eta,target_models,0,181,angular_entropy_8_16,0.7990186769658371,0.3845206451898319
proc_gkf,M_GEO_What_h_eta,target_models,0,182,angular_entropy_8_16,0.6347594924442568,0.36462500339368786
proc_gkf,M_GEO_What_h_eta,target_models,0,183,angular_entropy_8_16,0.3362955887065682,0.37125688399240253
proc_gkf,M_GEO_What_h_eta,target_models,1,3,angular_entropy_8_16,0.4779772055305059,0.603651307604699
proc_gkf,M_GEO_What_h_eta,target_models,1,11,angular_entropy_8_16,0.4137629142447426,0.6045006395175693
proc_gkf,M_GEO_What_h_eta,target_models,1,27,angular_entropy_8_16,0.7550180697432503,0.8881863358170887
proc_gkf,M_GEO_What_h_eta,target_models,1,54,angular_entropy_8_16,0.3680154583415413,0.42931992064595653
proc_gkf,M_GEO_What_h_eta,target_models,1,72,angular_entropy_8_16,0.9313320998754409,0.9332311012068348
proc_gkf,M_GEO_What_h_eta,target_models,1,78,angular_entropy_8_16,0.3692855088966826,0.4143823696379657
proc_gkf,M_GEO_What_h_eta,target_models,1,120,angular_entropy_8_16,0.3697450945985387,0.44010481706673693
proc_gkf,M_GEO_What_h_eta,target_models,1,138,angular_entropy_8_16,0.9291252861861126,0.9336958838564564
proc_gkf,M_GEO_What_h_eta,target_models,1,168,angular_entropy_8_16,0.9489140989270426,0.9320450058313785
proc_gkf,M_GEO_What_h_eta,target_models,1,169,angular_entropy_8_16,0.9460381156279748,0.9325952985064044
proc_gkf,M_GEO_What_h_eta,target_models,1,170,angular_entropy_8_16,0.9237814123548176,0.9314947131563525
proc_gkf,M_GEO_What_h_eta,target_models,1,171,angular_entropy_8_16,0.9189652508805556,0.9331455911814304
proc_gkf,M_GEO_What_h_eta,target_models,1,172,angular_entropy_8_16,0.3591420375657302,0.4255796284232412
proc_gkf,M_GEO_What_h_eta,target_models,1,173,angular_entropy_8_16,0.2972264256107618,0.4304213579710731
proc_gkf,M_GEO_What_h_eta,target_models,1,174,angular_entropy_8_16,0.5122610972711229,0.4207378988754093
proc_gkf,M_GEO_What_h_eta,target_models,1,175,angular_entropy_8_16,0.6689971221992281,0.435263087518905
proc_gkf,M_GEO_What_h_eta,target_models,1,196,angular_entropy_8_16,0.8308767765595593,0.759381899965311
proc_gkf,M_GEO_What_h_eta,target_models,1,197,angular_entropy_8_16,0.9135802614189036,0.7470024297582183
proc_gkf,M_GEO_What_h_eta,target_models,1,198,angular_entropy_8_16,0.9172874280680208,0.75525540989628
proc_gkf,M_GEO_What_h_eta,target_models,1,199,angular_entropy_8_16,0.8870591115502044,0.7511289198272492
proc_gkf,M_GEO_What_h_eta,target_models,2,0,angular_entropy_8_16,0.9336741740150308,0.912350764279329
proc_gkf,M_GEO_What_h_eta,target_models,2,7,angular_entropy_8_16,0.3347323640142271,0.4106393092204942
proc_gkf,M_GEO_What_h_eta,target_models,2,12,angular_entropy_8_16,0.8460415028747486,0.5776024269849642
proc_gkf,M_GEO_What_h_eta,target_models,2,29,angular_entropy_8_16,0.6262326218701938,0.7515424225750741
proc_gkf,M_GEO_What_h_eta,target_models,2,51,angular_entropy_8_16,0.9174741956782942,0.9395293903207904
proc_gkf,M_GEO_What_h_eta,target_models,2,77,angular_entropy_8_16,0.3569701574235101,0.6036111904806966
proc_gkf,M_GEO_What_h_eta,target_models,2,128,angular_entropy_8_16,0.9260806406075238,0.742034792571296
proc_gkf,M_GEO_What_h_eta,target_models,2,130,angular_entropy_8_16,0.7711020866117768,0.5876976375504102
proc_gkf,M_GEO_What_h_eta,target_models,2,160,angular_entropy_8_16,0.529106012565758,0.5925673754180205
proc_gkf,M_GEO_What_h_eta,target_models,2,161,angular_entropy_8_16,0.4332499422431948,0.5885867446841793
proc_gkf,M_GEO_What_h_eta,target_models,2,162,angular_entropy_8_16,0.7431830317351423,0.5806254832164969
proc_gkf,M_GEO_What_h_eta,target_models,2,163,angular_entropy_8_16,0.5337060876810991,0.5846061139503381
proc_gkf,M_GEO_What_h_eta,target_models,2,176,angular_entropy_8_16,0.6525457217288756,0.7595991705015053
proc_gkf,M_GEO_What_h_eta,target_models,2,177,angular_entropy_8_16,0.7347081037517762,0.7552080760189529
proc_gkf,M_GEO_What_h_eta,target_models,2,178,angular_entropy_8_16,0.9018638342756242,0.7508169815364006
proc_gkf,M_GEO_What_h_eta,target_models,2,179,angular_entropy_8_16,0.9261454327046916,0.7464258870538484
proc_gkf,M_GEO_What_h_eta,target_models,2,192,angular_entropy_8_16,0.5403562611206696,0.5916782682842513
proc_gkf,M_GEO_What_h_eta,target_models,2,193,angular_entropy_8_16,0.555296814064717,0.6036201604857749
proc_gkf,M_GEO_What_h_eta,target_models,2,194,angular_entropy_8_16,0.5879662490128611,0.5996395297519337
proc_gkf,M_GEO_What_h_eta,target_models,2,195,angular_entropy_8_16,0.4632606662863817,0.5956588990180924
proc_gkf,M_GEO_What_h_eta,target_models,3,1,angular_entropy_8_16,0.9344989266450388,0.92888272764867
proc_gkf,M_GEO_What_h_eta,target_models,3,6,angular_entropy_8_16,0.3059312830097316,0.4419935115977459
proc_gkf,M_GEO_What_h_eta,target_models,3,30,angular_entropy_8_16,0.4270172017517478,0.5938901525524946
proc_gkf,M_GEO_What_h_eta,target_models,3,53,angular_entropy_8_16,0.9549473698303074,0.9263054098304848
proc_gkf,M_GEO_What_h_eta,target_models,3,74,angular_entropy_8_16,0.8628655108189245,0.7569619855978291
proc_gkf,M_GEO_What_h_eta,target_models,3,76,angular_entropy_8_16,0.9276734581533804,0.9236752559868595
proc_gkf,M_GEO_What_h_eta,target_models,3,124,angular_entropy_8_16,0.9147947212843128,0.7602281791958438
proc_gkf,M_GEO_What_h_eta,target_models,3,134,angular_entropy_8_16,0.9256549829438804,0.9253410084461452
proc_gkf,M_GEO_What_h_eta,target_models,3,140,angular_entropy_8_16,0.9186711438978736,0.8956637058447028
proc_gkf,M_GEO_What_h_eta,target_models,3,141,angular_entropy_8_16,0.8244759686032876,0.9003659927660415
proc_gkf,M_GEO_What_h_eta,target_models,3,142,angular_entropy_8_16,0.7039581650501197,0.9050682796873801
proc_gkf,M_GEO_What_h_eta,target_models,3,143,angular_entropy_8_16,0.8428423390558621,0.9097705666087188
proc_gkf,M_GEO_What_h_eta,target_models,3,144,angular_entropy_8_16,0.9229279357306308,0.9240796456506284
proc_gkf,M_GEO_What_h_eta,target_models,3,145,angular_entropy_8_16,0.922783471297476,0.9215569200595949
proc_gkf,M_GEO_What_h_eta,target_models,3,146,angular_entropy_8_16,0.9231359438631118,0.9228182828551117
proc_gkf,M_GEO_What_h_eta,target_models,3,147,angular_entropy_8_16,0.9269865002523372,0.9202955572640782
proc_gkf,M_GEO_What_h_eta,target_models,3,148,angular_entropy_8_16,0.4855636245332228,0.7426803943060059
proc_gkf,M_GEO_What_h_eta,target_models,3,149,angular_entropy_8_16,0.8920301113985419,0.7368311326760598
proc_gkf,M_GEO_What_h_eta,target_models,3,150,angular_entropy_8_16,0.8955164962962591,0.7485296559359518
proc_gkf,M_GEO_What_h_eta,target_models,3,151,angular_entropy_8_16,0.9379010426946844,0.7543789175658978
proc_gkf,M_GEO_What_h_eta,target_models,4,2,angular_entropy_8_16,0.9205390814978176,0.7581186844450555
proc_gkf,M_GEO_What_h_eta,target_models,4,5,angular_entropy_8_16,0.2977525663111084,0.43196693441758094
proc_gkf,M_GEO_What_h_eta,target_models,4,13,angular_entropy_8_16,0.3072768389189138,0.4296951590030348
proc_gkf,M_GEO_What_h_eta,target_models,4,25,angular_entropy_8_16,0.5816707058259681,0.42547845100416304
proc_gkf,M_GEO_What_h_eta,target_models,4,52,angular_entropy_8_16,0.9454630740160777,0.9339281530936687
proc_gkf,M_GEO_What_h_eta,target_models,4,73,angular_entropy_8_16,0.9116719197777746,0.9308923865194537
proc_gkf,M_GEO_What_h_eta,target_models,4,122,angular_entropy_8_16,0.3799420973435737,0.42730451259032604
proc_gkf,M_GEO_What_h_eta,target_models,4,136,angular_entropy_8_16,0.934421785090228,0.9286850045611857
proc_gkf,M_GEO_What_h_eta,target_models,4,164,angular_entropy_8_16,0.2978953473076548,0.42172476593180663
proc_gkf,M_GEO_What_h_eta,target_models,4,165,angular_entropy_8_16,0.2891071456764625,0.4189348926025469
proc_gkf,M_GEO_What_h_eta,target_models,4,166,angular_entropy_8_16,0.5735781124762749,0.41614501927328723
proc_gkf,M_GEO_What_h_eta,target_models,4,167,angular_entropy_8_16,0.3864674284362529,0.42451463926106636
proc_gkf,M_GEO_What_h_eta,target_models,4,184,angular_entropy_8_16,0.9037991223507064,0.8886953806098372
proc_gkf,M_GEO_What_h_eta,target_models,4,185,angular_entropy_8_16,0.9311772202530342,0.88998159432087
proc_gkf,M_GEO_What_h_eta,target_models,4,186,angular_entropy_8_16,0.9236751177150362,0.8861229531877717
proc_gkf,M_GEO_What_h_eta,target_models,4,187,angular_entropy_8_16,0.9195262355547972,0.8874091668988044
proc_gkf,M_GEO_What_h_eta,target_models,4,188,angular_entropy_8_16,0.920884974370498,0.9299048902138645
proc_gkf,M_GEO_What_h_eta,target_models,4,189,angular_entropy_8_16,0.9420986012995588,0.9335645471719007
proc_gkf,M_GEO_What_h_eta,target_models,4,190,angular_entropy_8_16,0.9351595528240708,0.932344661519222
proc_gkf,M_GEO_What_h_eta,target_models,4,191,angular_entropy_8_16,0.8997282864766862,0.9311247758665433
proc_gkf,M_GEO_What_h_eta,target_models,0,4,lambda_star_4_32,8.748435560785481,11.086863635700677
proc_gkf,M_GEO_What_h_eta,target_models,0,24,lambda_star_4_32,12.772355638285045,12.866878953476089
proc_gkf,M_GEO_What_h_eta,target_models,0,26,lambda_star_4_32,16.85114805181296,12.850083689472642
proc_gkf,M_GEO_What_h_eta,target_models,0,28,lambda_star_4_32,16.448715843082976,12.07131834367984
proc_gkf,M_GEO_What_h_eta,target_models,0,48,lambda_star_4_32,9.708231566821965,11.729519465025492
proc_gkf,M_GEO_What_h_eta,target_models,0,49,lambda_star_4_32,9.89823266090284,11.729519465025492
proc_gkf,M_GEO_What_h_eta,target_models,0,50,lambda_star_4_32,9.324161269491098,10.931848336101226
proc_gkf,M_GEO_What_h_eta,target_models,0,126,lambda_star_4_32,12.950437243891914,12.073878187793149
proc_gkf,M_GEO_What_h_eta,target_models,0,132,lambda_star_4_32,9.773721145239106,11.191598093725341
proc_gkf,M_GEO_What_h_eta,target_models,0,153,lambda_star_4_32,17.17652433675191,12.264512321293182
proc_gkf,M_GEO_What_h_eta,target_models,0,154,lambda_star_4_32,18.23764737785915,12.216853787918176
proc_gkf,M_GEO_What_h_eta,target_models,0,155,lambda_star_4_32,18.025408887417036,12.169195254543165
proc_gkf,M_GEO_What_h_eta,target_models,0,156,lambda_star_4_32,10.716409207930754,11.243385401986805
proc_gkf,M_GEO_What_h_eta,target_models,0,157,lambda_star_4_32,13.43765651228388,11.346960018509732
proc_gkf,M_GEO_What_h_eta,target_models,0,158,lambda_star_4_32,11.444534053265324,11.295172710248268
proc_gkf,M_GEO_What_h_eta,target_models,0,159,lambda_star_4_32,9.024660111865645,11.398747326771195
proc_gkf,M_GEO_What_h_eta,target_models,0,180,lambda_star_4_32,11.81471575262988,11.068763644292666
proc_gkf,M_GEO_What_h_eta,target_models,0,181,lambda_star_4_32,13.459631624030925,11.016150581053914
proc_gkf,M_GEO_What_h_eta,target_models,0,182,lambda_star_4_32,15.652923642651267,11.173989770770175
proc_gkf,M_GEO_What_h_eta,target_models,0,183,lambda_star_4_32,11.121279222471847,11.121376707531422
proc_gkf,M_GEO_What_h_eta,target_models,1,3,lambda_star_4_32,8.585566378279855,11.255194584603807
proc_gkf,M_GEO_What_h_eta,target_models,1,11,lambda_star_4_32,10.595772488586423,11.227993524684866
proc_gkf,M_GEO_What_h_eta,target_models,1,27,lambda_star_4_32,10.15857296040633,12.921837632146657
proc_gkf,M_GEO_What_h_eta,target_models,1,54,lambda_star_4_32,11.975549042291357,10.842613320989278
proc_gkf,M_GEO_What_h_eta,target_models,1,72,lambda_star_4_32,14.56665793369415,13.337361899797324
proc_gkf,M_GEO_What_h_eta,target_models,1,78,lambda_star_4_32,10.267739738899023,11.296744800054675
proc_gkf,M_GEO_What_h_eta,target_models,1,120,lambda_star_4_32,10.003348406161974,10.514730861507392
proc_gkf,M_GEO_What_h_eta,target_models,1,138,lambda_star_4_32,15.304477293099653,13.222833957086925
proc_gkf,M_GEO_What_h_eta,target_models,1,168,lambda_star_4_32,9.864797093561378,13.629629830452453
proc_gkf,M_GEO_What_h_eta,target_models,1,169,lambda_star_4_32,11.80156011694523,13.494031205997278
proc_gkf,M_GEO_What_h_eta,target_models,1,170,lambda_star_4_32,10.992604555676673,13.765228454907628
proc_gkf,M_GEO_What_h_eta,target_models,1,171,lambda_star_4_32,13.021054880614983,13.358432581542102
proc_gkf,M_GEO_What_h_eta,target_models,1,172,lambda_star_4_32,9.407459257280316,10.956325698495458
proc_gkf,M_GEO_What_h_eta,target_models,1,173,lambda_star_4_32,10.56715703018984,10.809127419499438
proc_gkf,M_GEO_What_h_eta,target_models,1,174,lambda_star_4_32,10.192698599791559,11.103523977491482
proc_gkf,M_GEO_What_h_eta,target_models,1,175,lambda_star_4_32,17.38592853614663,10.661929140503416
proc_gkf,M_GEO_What_h_eta,target_models,1,196,lambda_star_4_32,10.255244325789706,11.975742160199088
proc_gkf,M_GEO_What_h_eta,target_models,1,197,lambda_star_4_32,10.02800697834505,12.41153716991673
proc_gkf,M_GEO_What_h_eta,target_models,1,198,lambda_star_4_32,10.775048279182267,12.121007163438302
proc_gkf,M_GEO_What_h_eta,target_models,1,199,lambda_star_4_32,10.366167238577734,12.266272166677517
proc_gkf,M_GEO_What_h_eta,target_models,2,0,lambda_star_4_32,15.036163152530207,12.689594054864406
proc_gkf,M_GEO_What_h_eta,target_models,2,7,lambda_star_4_32,10.131741650392286,10.266883994731725
proc_gkf,M_GEO_What_h_eta,target_models,2,12,lambda_star_4_32,16.49892017171428,10.697161320781158
proc_gkf,M_GEO_What_h_eta,target_models,2,29,lambda_star_4_32,11.469957883713992,11.894700352245122
proc_gkf,M_GEO_What_h_eta,target_models,2,77,lambda_star_4_32,9.144133649393266,11.985841016173499
proc_gkf,M_GEO_What_h_eta,target_models,2,128,lambda_star_4_32,10.626113959029189,11.470695374487264
proc_gkf,M_GEO_What_h_eta,target_models,2,130,lambda_star_4_32,10.525656126642762,11.197357836410784
proc_gkf,M_GEO_What_h_eta,target_models,2,160,lambda_star_4_32,8.957803609676962,11.43864313676358
proc_gkf,M_GEO_What_h_eta,target_models,2,161,lambda_star_4_32,10.187201719133206,11.241411230587126
proc_gkf,M_GEO_What_h_eta,target_models,2,162,lambda_star_4_32,17.094888583756347,10.846947418234219
proc_gkf,M_GEO_What_h_eta,target_models,2,163,lambda_star_4_32,11.185404169702867,11.044179324410674
proc_gkf,M_GEO_What_h_eta,target_models,2,176,lambda_star_4_32,16.934453385495903,12.254001379313873
proc_gkf,M_GEO_What_h_eta,target_models,2,177,lambda_star_4_32,10.025623028224507,12.05817487810722
proc_gkf,M_GEO_What_h_eta,target_models,2,178,lambda_star_4_32,12.712627116310939,11.862348376900567
proc_gkf,M_GEO_What_h_eta,target_models,2,179,lambda_star_4_32,12.903457466297608,11.666521875693915
proc_gkf,M_GEO_What_h_eta,target_models,2,192,lambda_star_4_32,10.99798231417217,11.394589742587238
proc_gkf,M_GEO_What_h_eta,target_models,2,193,lambda_star_4_32,9.511936587414986,11.9862854611166
proc_gkf,M_GEO_What_h_eta,target_models,2,194,lambda_star_4_32,9.64445815674146,11.789053554940145
proc_gkf,M_GEO_What_h_eta,target_models,2,195,lambda_star_4_32,10.912131490668889,11.591821648763691
proc_gkf,M_GEO_What_h_eta,target_models,3,1,lambda_star_4_32,11.668512421861447,12.10123886662311
proc_gkf,M_GEO_What_h_eta,target_models,3,6,lambda_star_4_32,10.03098145708803,11.427566632724892
proc_gkf,M_GEO_What_h_eta,target_models,3,30,lambda_star_4_32,9.442777413200083,11.354019751390627
proc_gkf,M_GEO_What_h_eta,target_models,3,53,lambda_star_4_32,13.839279657921876,12.375666515019889
proc_gkf,M_GEO_What_h_eta,target_models,3,74,lambda_star_4_32,10.395135974354487,11.478762432424062
proc_gkf,M_GEO_What_h_eta,target_models,3,76,lambda_star_4_32,12.662404172006315,12.241059817205928
proc_gkf,M_GEO_What_h_eta,target_models,3,134,lambda_star_4_32,10.280225900836875,12.326310130020659
proc_gkf,M_GEO_What_h_eta,target_models,3,140,lambda_star_4_32,14.266299800171103,11.688210471729365
proc_gkf,M_GEO_What_h_eta,target_models,3,141,lambda_star_4_32,12.406930408458866,11.746676311901046
proc_gkf,M_GEO_What_h_eta,target_models,3,142,lambda_star_4_32,13.686953355865574,11.805142152072728
proc_gkf,M_GEO_What_h_eta,target_models,3,143,lambda_star_4_32,20.33910218473801,11.86360799224441
proc_gkf,M_GEO_What_h_eta,target_models,3,144,lambda_star_4_32,19.21712122703679,12.261755776646458
proc_gkf,M_GEO_What_h_eta,target_models,3,145,lambda_star_4_32,15.917534514704242,12.132647069898056
proc_gkf,M_GEO_What_h_eta,target_models,3,146,lambda_star_4_32,13.238470411514887,12.197201423272256
proc_gkf,M_GEO_What_h_eta,target_models,3,147,lambda_star_4_32,16.39308904929755,12.068092716523855
proc_gkf,M_GEO_What_h_eta,target_models,3,148,lambda_star_4_32,13.505688064382563,11.340967146030843
proc_gkf,M_GEO_What_h_eta,target_models,3,149,lambda_star_4_32,15.949985575742025,11.284530810260001
proc_gkf,M_GEO_What_h_eta,target_models,3,150,lambda_star_4_32,13.19434205978971,11.397403481801687
proc_gkf,M_GEO_What_h_eta,target_models,3,151,lambda_star_4_32,15.981702306235912,11.45383981757253
proc_gkf,M_GEO_What_h_eta,target_models,4,2,lambda_star_4_32,8.978347929581629,12.099073669242683
proc_gkf,M_GEO_What_h_eta,target_models,4,5,lambda_star_4_32,9.476722768932733,11.132099704714157
proc_gkf,M_GEO_What_h_eta,target_models,4,13,lambda_star_4_32,9.57889903024946,11.212645579933003
proc_gkf,M_GEO_What_h_eta,target_models,4,25,lambda_star_4_32,9.448952183282888,11.362149106618226
proc_gkf,M_GEO_What_h_eta,target_models,4,52,lambda_star_4_32,13.657657525470372,14.08220472786743
proc_gkf,M_GEO_What_h_eta,target_models,4,73,lambda_star_4_32,12.40952841173918,13.877380295903261
proc_gkf,M_GEO_What_h_eta,target_models,4,122,lambda_star_4_32,11.266255756141158,11.297406030467627
proc_gkf,M_GEO_What_h_eta,target_models,4,136,lambda_star_4_32,11.169791350259981,13.72844731812743
proc_gkf,M_GEO_What_h_eta,target_models,4,164,lambda_star_4_32,10.149086117041653,11.495236139567412
proc_gkf,M_GEO_What_h_eta,target_models,4,165,lambda_star_4_32,10.06947567876668,11.594151194117305
proc_gkf,M_GEO_What_h_eta,target_models,4,166,lambda_star_4_32,9.909591159098213,11.693066248667197
proc_gkf,M_GEO_What_h_eta,target_models,4,184,lambda_star_4_32,10.889582183271099,12.939946538923413
proc_gkf,M_GEO_What_h_eta,target_models,4,185,lambda_star_4_32,9.844185813333066,12.847259807910438
proc_gkf,M_GEO_What_h_eta,target_models,4,186,lambda_star_4_32,9.56283765931253,13.125320000949362
proc_gkf,M_GEO_What_h_eta,target_models,4,187,lambda_star_4_32,9.390936745447487,13.032633269936388
proc_gkf,M_GEO_What_h_eta,target_models,4,188,lambda_star_4_32,11.805113379327635,13.810753509912209
proc_gkf,M_GEO_What_h_eta,target_models,4,189,lambda_star_4_32,10.922526745032467,14.057672085266544
proc_gkf,M_GEO_What_h_eta,target_models,4,190,lambda_star_4_32,9.720938860159308,13.975365893481765
