statistic,permutation,A_null
lambda_peak_4_32,0,0.49038461538461536
lambda_peak_4_32,1,0.4807692307692308
lambda_peak_4_32,2,0.47115384615384615
lambda_peak_4_32,3,0.4326923076923077
lambda_peak_4_32,4,0.5384615384615384
lambda_peak_4_32,5,0.36538461538461536
lambda_peak_4_32,6,0.5384615384615384
lambda_peak_4_32,7,0.4326923076923077
lambda_peak_4_32,8,0.4423076923076923
lambda_peak_4_32,9,0.46153846153846156
lambda_peak_4_32,10,0.3557692307692308
lambda_peak_4_32,11,0.4519230769230769
lambda_peak_4_32,12,0.4423076923076923
lambda_peak_4_32,13,0.5288461538461539
lambda_peak_4_32,14,0.5384615384615384
lambda_peak_4_32,15,0.5384615384615384
lambda_peak_4_32,16,0.4519230769230769
lambda_peak_4_32,17,0.5
lambda_peak_4_32,18,0.5288461538461539
lambda_peak_4_32,19,0.5769230769230769
lambda_peak_4_32,20,0.46153846153846156
lambda_peak_4_32,21,0.4807692307692308
lambda_peak_4_32,22,0.46153846153846156
lambda_peak_4_32,23,0.5096153846153846
lambda_peak_4_32,24,0.4519230769230769
lambda_peak_4_32,25,0.4326923076923077
lambda_peak_4_32,26,0.5769230769230769
lambda_peak_4_32,27,0.4326923076923077
lambda_peak_4_32,28,0.49038461538461536
lambda_peak_4_32,29,0.5
lambda_peak_4_32,30,0.4326923076923077
lambda_peak_4_32,31,0.5096153846153846
lambda_peak_4_32,32,0.4807692307692308
lambda_peak_4_32,33,0.49038461538461536
lambda_peak_4_32,34,0.5192307692307693
lambda_peak_4_32,35,0.4519230769230769
lambda_peak_4_32,36,0.4230769230769231
lambda_peak_4_32,37,0.46153846153846156
lambda_peak_4_32,38,0.5
lambda_peak_4_32,39,0.5096153846153846
lambda_peak_4_32,40,0.40384615384615385
lambda_peak_4_32,41,0.46153846153846156
lambda_peak_4_32,42,0.4519230769230769
lambda_peak_4_32,43,0.47115384615384615
lambda_peak_4_32,44,0.5096153846153846
lambda_peak_4_32,45,0.34615384615384615
lambda_peak_4_32,46,0.5192307692307693
lambda_peak_4_32,47,0.46153846153846156
lambda_peak_4_32,48,0.5192307692307693
lambda_peak_4_32,49,0.49038461538461536
lambda_peak_4_32,50,0.41346153846153844
lambda_peak_4_32,51,0.5
lambda_peak_4_32,52,0.4519230769230769
lambda_peak_4_32,53,0.5096153846153846
lambda_peak_4_32,54,0.47115384615384615
lambda_peak_4_32,55,0.5384615384615384
lambda_peak_4_32,56,0.47115384615384615
lambda_peak_4_32,57,0.4807692307692308
lambda_peak_4_32,58,0.46153846153846156
lambda_peak_4_32,59,0.46153846153846156
lambda_peak_4_32,60,0.4807692307692308
lambda_peak_4_32,61,0.5096153846153846
lambda_peak_4_32,62,0.5480769230769231
lambda_peak_4_32,63,0.4230769230769231
lambda_peak_4_32,64,0.5288461538461539
lambda_peak_4_32,65,0.5288461538461539
lambda_peak_4_32,66,0.5096153846153846
lambda_peak_4_32,67,0.4326923076923077
lambda_peak_4_32,68,0.40384615384615385
lambda_peak_4_32,69,0.38461538461538464
lambda_peak_4_32,70,0.4423076923076923
lambda_peak_4_32,71,0.38461538461538464
lambda_peak_4_32,72,0.49038461538461536
lambda_peak_4_32,73,0.34615384615384615
lambda_peak_4_32,74,0.47115384615384615
lambda_peak_4_32,75,0.4230769230769231
lambda_peak_4_32,76,0.5769230769230769
lambda_peak_4_32,77,0.46153846153846156
lambda_peak_4_32,78,0.5
lambda_peak_4_32,79,0.5192307692307693
lambda_peak_4_32,80,0.4519230769230769
lambda_peak_4_32,81,0.3942307692307692
lambda_peak_4_32,82,0.46153846153846156
lambda_peak_4_32,83,0.4519230769230769
lambda_peak_4_32,84,0.40384615384615385
lambda_peak_4_32,85,0.5384615384615384
lambda_peak_4_32,86,0.5288461538461539
lambda_peak_4_32,87,0.47115384615384615
lambda_peak_4_32,88,0.5384615384615384
lambda_peak_4_32,89,0.5192307692307693
lambda_peak_4_32,90,0.4519230769230769
lambda_peak_4_32,91,0.4519230769230769
lambda_peak_4_32,92,0.4519230769230769
lambda_peak_4_32,93,0.46153846153846156
lambda_peak_4_32,94,0.49038461538461536
lambda_peak_4_32,95,0.40384615384615385
lambda_peak_4_32,96,0.5288461538461539
lambda_peak_4_32,97,0.4423076923076923
lambda_peak_4_32,98,0.4519230769230769
lambda_peak_4_32,99,0.46153846153846156
lambda_peak_4_32,100,0.47115384615384615
lambda_peak_4_32,101,0.5192307692307693
lambda_peak_4_32,102,0.4423076923076923
lambda_peak_4_32,103,0.5576923076923077
lambda_peak_4_32,104,0.5288461538461539
lambda_peak_4_32,105,0.3557692307692308
lambda_peak_4_32,106,0.49038461538461536
lambda_peak_4_32,107,0.3557692307692308
lambda_peak_4_32,108,0.5
lambda_peak_4_32,109,0.5
lambda_peak_4_32,110,0.5288461538461539
lambda_peak_4_32,111,0.5961538461538461
lambda_peak_4_32,112,0.5
lambda_peak_4_32,113,0.4423076923076923
lambda_peak_4_32,114,0.4326923076923077
lambda_peak_4_32,115,0.5
lambda_peak_4_32,116,0.4230769230769231
lambda_peak_4_32,117,0.47115384615384615
lambda_peak_4_32,118,0.46153846153846156
lambda_peak_4_32,119,0.5288461538461539
lambda_peak_4_32,120,0.5865384615384616
lambda_peak_4_32,121,0.49038461538461536
lambda_peak_4_32,122,0.49038461538461536
lambda_peak_4_32,123,0.5
lambda_peak_4_32,124,0.5
lambda_peak_4_32,125,0.375
lambda_peak_4_32,126,0.4326923076923077
lambda_peak_4_32,127,0.4326923076923077
lambda_peak_4_32,128,0.38461538461538464
lambda_peak_4_32,129,0.4807692307692308
lambda_peak_4_32,130,0.5769230769230769
lambda_peak_4_32,131,0.4807692307692308
lambda_peak_4_32,132,0.5
lambda_peak_4_32,133,0.47115384615384615
lambda_peak_4_32,134,0.5192307692307693
lambda_peak_4_32,135,0.46153846153846156
lambda_peak_4_32,136,0.5096153846153846
lambda_peak_4_32,137,0.4230769230769231
lambda_peak_4_32,138,0.49038461538461536
lambda_peak_4_32,139,0.5288461538461539
lambda_peak_4_32,140,0.5096153846153846
lambda_peak_4_32,141,0.5192307692307693
lambda_peak_4_32,142,0.47115384615384615
lambda_peak_4_32,143,0.5288461538461539
lambda_peak_4_32,144,0.5096153846153846
lambda_peak_4_32,145,0.5384615384615384
lambda_peak_4_32,146,0.46153846153846156
lambda_peak_4_32,147,0.5
lambda_peak_4_32,148,0.36538461538461536
lambda_peak_4_32,149,0.4326923076923077
lambda_peak_4_32,150,0.47115384615384615
lambda_peak_4_32,151,0.4807692307692308
lambda_peak_4_32,152,0.5
lambda_peak_4_32,153,0.4519230769230769
lambda_peak_4_32,154,0.4519230769230769
lambda_peak_4_32,155,0.47115384615384615
lambda_peak_4_32,156,0.5
lambda_peak_4_32,157,0.41346153846153844
lambda_peak_4_32,158,0.41346153846153844
lambda_peak_4_32,159,0.5384615384615384
lambda_peak_4_32,160,0.5192307692307693
lambda_peak_4_32,161,0.46153846153846156
lambda_peak_4_32,162,0.40384615384615385
lambda_peak_4_32,163,0.4423076923076923
lambda_peak_4_32,164,0.49038461538461536
lambda_peak_4_32,165,0.4326923076923077
lambda_peak_4_32,166,0.5384615384615384
lambda_peak_4_32,167,0.4519230769230769
lambda_peak_4_32,168,0.38461538461538464
lambda_peak_4_32,169,0.46153846153846156
lambda_peak_4_32,170,0.4807692307692308
lambda_peak_4_32,171,0.33653846153846156
lambda_peak_4_32,172,0.47115384615384615
lambda_peak_4_32,173,0.5384615384615384
lambda_peak_4_32,174,0.5865384615384616
lambda_peak_4_32,175,0.49038461538461536
lambda_peak_4_32,176,0.4423076923076923
lambda_peak_4_32,177,0.40384615384615385
lambda_peak_4_32,178,0.4230769230769231
lambda_peak_4_32,179,0.47115384615384615
lambda_peak_4_32,180,0.5096153846153846
lambda_peak_4_32,181,0.4423076923076923
lambda_peak_4_32,182,0.41346153846153844
lambda_peak_4_32,183,0.40384615384615385
lambda_peak_4_32,184,0.41346153846153844
lambda_peak_4_32,185,0.41346153846153844
lambda_peak_4_32,186,0.46153846153846156
lambda_peak_4_32,187,0.4326923076923077
lambda_peak_4_32,188,0.4519230769230769
lambda_peak_4_32,189,0.4519230769230769
lambda_peak_4_32,190,0.5
lambda_peak_4_32,191,0.4423076923076923
lambda_peak_4_32,192,0.5096153846153846
lambda_peak_4_32,193,0.4519230769230769
lambda_peak_4_32,194,0.5384615384615384
lambda_peak_4_32,195,0.4807692307692308
lambda_peak_4_32,196,0.38461538461538464
lambda_peak_4_32,197,0.3269230769230769
lambda_peak_4_32,198,0.47115384615384615
lambda_peak_4_32,199,0.4326923076923077
lambda_peak_4_32,200,0.46153846153846156
lambda_peak_4_32,201,0.4519230769230769
lambda_peak_4_32,202,0.3557692307692308
lambda_peak_4_32,203,0.46153846153846156
lambda_peak_4_32,204,0.47115384615384615
lambda_peak_4_32,205,0.5576923076923077
lambda_peak_4_32,206,0.5288461538461539
lambda_peak_4_32,207,0.4326923076923077
lambda_peak_4_32,208,0.4519230769230769
lambda_peak_4_32,209,0.4519230769230769
lambda_peak_4_32,210,0.34615384615384615
lambda_peak_4_32,211,0.49038461538461536
lambda_peak_4_32,212,0.4519230769230769
lambda_peak_4_32,213,0.4423076923076923
lambda_peak_4_32,214,0.5576923076923077
lambda_peak_4_32,215,0.375
lambda_peak_4_32,216,0.46153846153846156
lambda_peak_4_32,217,0.41346153846153844
lambda_peak_4_32,218,0.4519230769230769
lambda_peak_4_32,219,0.4423076923076923
lambda_peak_4_32,220,0.5769230769230769
lambda_peak_4_32,221,0.5
lambda_peak_4_32,222,0.47115384615384615
lambda_peak_4_32,223,0.375
lambda_peak_4_32,224,0.40384615384615385
lambda_peak_4_32,225,0.5
lambda_peak_4_32,226,0.6442307692307693
lambda_peak_4_32,227,0.4519230769230769
lambda_peak_4_32,228,0.40384615384615385
lambda_peak_4_32,229,0.4423076923076923
lambda_peak_4_32,230,0.40384615384615385
lambda_peak_4_32,231,0.5096153846153846
lambda_peak_4_32,232,0.4807692307692308
lambda_peak_4_32,233,0.4423076923076923
lambda_peak_4_32,234,0.5384615384615384
lambda_peak_4_32,235,0.5096153846153846
lambda_peak_4_32,236,0.5
lambda_peak_4_32,237,0.47115384615384615
lambda_peak_4_32,238,0.47115384615384615
lambda_peak_4_32,239,0.5480769230769231
lambda_peak_4_32,240,0.375
lambda_peak_4_32,241,0.3557692307692308
lambda_peak_4_32,242,0.47115384615384615
lambda_peak_4_32,243,0.5576923076923077
lambda_peak_4_32,244,0.40384615384615385
lambda_peak_4_32,245,0.5865384615384616
lambda_peak_4_32,246,0.5384615384615384
lambda_peak_4_32,247,0.4807692307692308
lambda_peak_4_32,248,0.47115384615384615
lambda_peak_4_32,249,0.47115384615384615
lambda_peak_4_32,250,0.5192307692307693
lambda_peak_4_32,251,0.4519230769230769
lambda_peak_4_32,252,0.4423076923076923
lambda_peak_4_32,253,0.5384615384615384
lambda_peak_4_32,254,0.3942307692307692
lambda_peak_4_32,255,0.5769230769230769
lambda_peak_4_32,256,0.5096153846153846
lambda_peak_4_32,257,0.4807692307692308
lambda_peak_4_32,258,0.4326923076923077
lambda_peak_4_32,259,0.46153846153846156
lambda_peak_4_32,260,0.47115384615384615
lambda_peak_4_32,261,0.5096153846153846
lambda_peak_4_32,262,0.4230769230769231
lambda_peak_4_32,263,0.49038461538461536
lambda_peak_4_32,264,0.5384615384615384
lambda_peak_4_32,265,0.4230769230769231
lambda_peak_4_32,266,0.4423076923076923
lambda_peak_4_32,267,0.4423076923076923
lambda_peak_4_32,268,0.38461538461538464
lambda_peak_4_32,269,0.28846153846153844
lambda_peak_4_32,270,0.4230769230769231
lambda_peak_4_32,271,0.41346153846153844
lambda_peak_4_32,272,0.4519230769230769
lambda_peak_4_32,273,0.4230769230769231
lambda_peak_4_32,274,0.49038461538461536
lambda_peak_4_32,275,0.46153846153846156
lambda_peak_4_32,276,0.41346153846153844
lambda_peak_4_32,277,0.5
lambda_peak_4_32,278,0.4326923076923077
lambda_peak_4_32,279,0.47115384615384615
lambda_peak_4_32,280,0.47115384615384615
lambda_peak_4_32,281,0.4326923076923077
lambda_peak_4_32,282,0.40384615384615385
lambda_peak_4_32,283,0.5288461538461539
lambda_peak_4_32,284,0.4807692307692308
lambda_peak_4_32,285,0.5865384615384616
lambda_peak_4_32,286,0.5096153846153846
lambda_peak_4_32,287,0.3942307692307692
lambda_peak_4_32,288,0.4519230769230769
lambda_peak_4_32,289,0.375
lambda_peak_4_32,290,0.5384615384615384
lambda_peak_4_32,291,0.4807692307692308
lambda_peak_4_32,292,0.4230769230769231
lambda_peak_4_32,293,0.4230769230769231
lambda_peak_4_32,294,0.3942307692307692
lambda_peak_4_32,295,0.49038461538461536
lambda_peak_4_32,296,0.4423076923076923
lambda_peak_4_32,297,0.49038461538461536
lambda_peak_4_32,298,0.5288461538461539
lambda_peak_4_32,299,0.4326923076923077
lambda_peak_4_32,300,0.46153846153846156
lambda_peak_4_32,301,0.5
lambda_peak_4_32,302,0.5096153846153846
lambda_peak_4_32,303,0.5192307692307693
lambda_peak_4_32,304,0.38461538461538464
lambda_peak_4_32,305,0.41346153846153844
lambda_peak_4_32,306,0.49038461538461536
lambda_peak_4_32,307,0.4423076923076923
lambda_peak_4_32,308,0.5
lambda_peak_4_32,309,0.4423076923076923
lambda_peak_4_32,310,0.5
lambda_peak_4_32,311,0.5673076923076923
lambda_peak_4_32,312,0.38461538461538464
lambda_peak_4_32,313,0.47115384615384615
lambda_peak_4_32,314,0.4807692307692308
lambda_peak_4_32,315,0.5384615384615384
lambda_peak_4_32,316,0.36538461538461536
lambda_peak_4_32,317,0.5480769230769231
lambda_peak_4_32,318,0.47115384615384615
lambda_peak_4_32,319,0.375
lambda_peak_4_32,320,0.4807692307692308
lambda_peak_4_32,321,0.47115384615384615
lambda_peak_4_32,322,0.5192307692307693
lambda_peak_4_32,323,0.5673076923076923
lambda_peak_4_32,324,0.5192307692307693
lambda_peak_4_32,325,0.4519230769230769
lambda_peak_4_32,326,0.4807692307692308
lambda_peak_4_32,327,0.4519230769230769
lambda_peak_4_32,328,0.5
lambda_peak_4_32,329,0.40384615384615385
lambda_peak_4_32,330,0.5
lambda_peak_4_32,331,0.33653846153846156
lambda_peak_4_32,332,0.4326923076923077
lambda_peak_4_32,333,0.41346153846153844
lambda_peak_4_32,334,0.4807692307692308
lambda_peak_4_32,335,0.4519230769230769
lambda_peak_4_32,336,0.5192307692307693
lambda_peak_4_32,337,0.41346153846153844
lambda_peak_4_32,338,0.5
lambda_peak_4_32,339,0.4326923076923077
lambda_peak_4_32,340,0.41346153846153844
lambda_peak_4_32,341,0.5576923076923077
lambda_peak_4_32,342,0.4519230769230769
lambda_peak_4_32,343,0.46153846153846156
lambda_peak_4_32,344,0.49038461538461536
lambda_peak_4_32,345,0.5096153846153846
lambda_peak_4_32,346,0.4423076923076923
lambda_peak_4_32,347,0.4230769230769231
lambda_peak_4_32,348,0.49038461538461536
lambda_peak_4_32,349,0.4326923076923077
lambda_peak_4_32,350,0.49038461538461536
lambda_peak_4_32,351,0.46153846153846156
lambda_peak_4_32,352,0.3942307692307692
lambda_peak_4_32,353,0.4519230769230769
lambda_peak_4_32,354,0.4807692307692308
lambda_peak_4_32,355,0.5
lambda_peak_4_32,356,0.38461538461538464
lambda_peak_4_32,357,0.5480769230769231
lambda_peak_4_32,358,0.4519230769230769
lambda_peak_4_32,359,0.4519230769230769
lambda_peak_4_32,360,0.38461538461538464
lambda_peak_4_32,361,0.3557692307692308
lambda_peak_4_32,362,0.5480769230769231
lambda_peak_4_32,363,0.41346153846153844
lambda_peak_4_32,364,0.3269230769230769
lambda_peak_4_32,365,0.34615384615384615
lambda_peak_4_32,366,0.5192307692307693
lambda_peak_4_32,367,0.4423076923076923
lambda_peak_4_32,368,0.4326923076923077
lambda_peak_4_32,369,0.34615384615384615
lambda_peak_4_32,370,0.4519230769230769
lambda_peak_4_32,371,0.5480769230769231
lambda_peak_4_32,372,0.38461538461538464
lambda_peak_4_32,373,0.4519230769230769
lambda_peak_4_32,374,0.4807692307692308
lambda_peak_4_32,375,0.5288461538461539
lambda_peak_4_32,376,0.4519230769230769
lambda_peak_4_32,377,0.38461538461538464
lambda_peak_4_32,378,0.40384615384615385
lambda_peak_4_32,379,0.5576923076923077
lambda_peak_4_32,380,0.5192307692307693
lambda_peak_4_32,381,0.5288461538461539
lambda_peak_4_32,382,0.5480769230769231
lambda_peak_4_32,383,0.4326923076923077
lambda_peak_4_32,384,0.47115384615384615
lambda_peak_4_32,385,0.38461538461538464
lambda_peak_4_32,386,0.47115384615384615
lambda_peak_4_32,387,0.49038461538461536
lambda_peak_4_32,388,0.40384615384615385
lambda_peak_4_32,389,0.5576923076923077
lambda_peak_4_32,390,0.4807692307692308
lambda_peak_4_32,391,0.5
lambda_peak_4_32,392,0.46153846153846156
lambda_peak_4_32,393,0.4807692307692308
lambda_peak_4_32,394,0.3942307692307692
lambda_peak_4_32,395,0.4519230769230769
lambda_peak_4_32,396,0.36538461538461536
lambda_peak_4_32,397,0.4423076923076923
lambda_peak_4_32,398,0.4423076923076923
lambda_peak_4_32,399,0.5192307692307693
lambda_peak_4_32,400,0.38461538461538464
lambda_peak_4_32,401,0.4423076923076923
lambda_peak_4_32,402,0.4230769230769231
lambda_peak_4_32,403,0.4326923076923077
lambda_peak_4_32,404,0.49038461538461536
lambda_peak_4_32,405,0.41346153846153844
lambda_peak_4_32,406,0.33653846153846156
lambda_peak_4_32,407,0.5288461538461539
lambda_peak_4_32,408,0.4519230769230769
lambda_peak_4_32,409,0.4519230769230769
lambda_peak_4_32,410,0.375
lambda_peak_4_32,411,0.4807692307692308
lambda_peak_4_32,412,0.4807692307692308
lambda_peak_4_32,413,0.4807692307692308
lambda_peak_4_32,414,0.49038461538461536
lambda_peak_4_32,415,0.4326923076923077
lambda_peak_4_32,416,0.5
lambda_peak_4_32,417,0.47115384615384615
lambda_peak_4_32,418,0.4807692307692308
lambda_peak_4_32,419,0.4807692307692308
lambda_peak_4_32,420,0.4519230769230769
lambda_peak_4_32,421,0.5576923076923077
lambda_peak_4_32,422,0.46153846153846156
lambda_peak_4_32,423,0.38461538461538464
lambda_peak_4_32,424,0.375
lambda_peak_4_32,425,0.49038461538461536
lambda_peak_4_32,426,0.5288461538461539
lambda_peak_4_32,427,0.49038461538461536
lambda_peak_4_32,428,0.4326923076923077
lambda_peak_4_32,429,0.4519230769230769
lambda_peak_4_32,430,0.40384615384615385
lambda_peak_4_32,431,0.625
lambda_peak_4_32,432,0.47115384615384615
lambda_peak_4_32,433,0.4807692307692308
lambda_peak_4_32,434,0.5576923076923077
lambda_peak_4_32,435,0.5288461538461539
lambda_peak_4_32,436,0.5288461538461539
lambda_peak_4_32,437,0.5288461538461539
lambda_peak_4_32,438,0.4519230769230769
lambda_peak_4_32,439,0.5192307692307693
lambda_peak_4_32,440,0.4807692307692308
lambda_peak_4_32,441,0.5288461538461539
lambda_peak_4_32,442,0.4807692307692308
lambda_peak_4_32,443,0.49038461538461536
lambda_peak_4_32,444,0.46153846153846156
lambda_peak_4_32,445,0.5865384615384616
lambda_peak_4_32,446,0.6057692307692307
lambda_peak_4_32,447,0.47115384615384615
lambda_peak_4_32,448,0.5
lambda_peak_4_32,449,0.3557692307692308
lambda_peak_4_32,450,0.5
lambda_peak_4_32,451,0.4519230769230769
lambda_peak_4_32,452,0.4326923076923077
lambda_peak_4_32,453,0.4326923076923077
lambda_peak_4_32,454,0.3557692307692308
lambda_peak_4_32,455,0.5288461538461539
lambda_peak_4_32,456,0.46153846153846156
lambda_peak_4_32,457,0.5576923076923077
lambda_peak_4_32,458,0.4423076923076923
lambda_peak_4_32,459,0.5192307692307693
lambda_peak_4_32,460,0.4423076923076923
lambda_peak_4_32,461,0.4423076923076923
lambda_peak_4_32,462,0.4519230769230769
lambda_peak_4_32,463,0.49038461538461536
lambda_peak_4_32,464,0.5384615384615384
lambda_peak_4_32,465,0.4807692307692308
lambda_peak_4_32,466,0.375
lambda_peak_4_32,467,0.3942307692307692
lambda_peak_4_32,468,0.5
lambda_peak_4_32,469,0.47115384615384615
lambda_peak_4_32,470,0.4519230769230769
lambda_peak_4_32,471,0.4519230769230769
lambda_peak_4_32,472,0.5961538461538461
lambda_peak_4_32,473,0.4519230769230769
lambda_peak_4_32,474,0.3557692307692308
lambda_peak_4_32,475,0.5673076923076923
lambda_peak_4_32,476,0.5192307692307693
lambda_peak_4_32,477,0.5288461538461539
lambda_peak_4_32,478,0.38461538461538464
lambda_peak_4_32,479,0.4519230769230769
lambda_peak_4_32,480,0.47115384615384615
lambda_peak_4_32,481,0.5673076923076923
lambda_peak_4_32,482,0.4423076923076923
lambda_peak_4_32,483,0.5192307692307693
lambda_peak_4_32,484,0.4326923076923077
lambda_peak_4_32,485,0.38461538461538464
lambda_peak_4_32,486,0.3942307692307692
lambda_peak_4_32,487,0.49038461538461536
lambda_peak_4_32,488,0.5480769230769231
lambda_peak_4_32,489,0.38461538461538464
lambda_peak_4_32,490,0.40384615384615385
lambda_peak_4_32,491,0.5
lambda_peak_4_32,492,0.4519230769230769
lambda_peak_4_32,493,0.5192307692307693
lambda_peak_4_32,494,0.5096153846153846
lambda_peak_4_32,495,0.5
lambda_peak_4_32,496,0.5096153846153846
lambda_peak_4_32,497,0.4807692307692308
lambda_peak_4_32,498,0.40384615384615385
lambda_peak_4_32,499,0.5096153846153846
lambda_peak_4_32,500,0.4807692307692308
lambda_peak_4_32,501,0.5096153846153846
lambda_peak_4_32,502,0.40384615384615385
lambda_peak_4_32,503,0.40384615384615385
lambda_peak_4_32,504,0.375
lambda_peak_4_32,505,0.36538461538461536
lambda_peak_4_32,506,0.3942307692307692
lambda_peak_4_32,507,0.4519230769230769
lambda_peak_4_32,508,0.5384615384615384
lambda_peak_4_32,509,0.3942307692307692
lambda_peak_4_32,510,0.5288461538461539
lambda_peak_4_32,511,0.5673076923076923
lambda_peak_4_32,512,0.4807692307692308
lambda_peak_4_32,513,0.5480769230769231
lambda_peak_4_32,514,0.5288461538461539
lambda_peak_4_32,515,0.49038461538461536
lambda_peak_4_32,516,0.38461538461538464
lambda_peak_4_32,517,0.47115384615384615
lambda_peak_4_32,518,0.47115384615384615
lambda_peak_4_32,519,0.5096153846153846
lambda_peak_4_32,520,0.5
lambda_peak_4_32,521,0.5
lambda_peak_4_32,522,0.4519230769230769
lambda_peak_4_32,523,0.4230769230769231
lambda_peak_4_32,524,0.4423076923076923
lambda_peak_4_32,525,0.40384615384615385
lambda_peak_4_32,526,0.47115384615384615
lambda_peak_4_32,527,0.5480769230769231
lambda_peak_4_32,528,0.5
lambda_peak_4_32,529,0.4326923076923077
lambda_peak_4_32,530,0.47115384615384615
lambda_peak_4_32,531,0.40384615384615385
lambda_peak_4_32,532,0.36538461538461536
lambda_peak_4_32,533,0.4230769230769231
lambda_peak_4_32,534,0.4230769230769231
lambda_peak_4_32,535,0.4423076923076923
lambda_peak_4_32,536,0.5192307692307693
lambda_peak_4_32,537,0.40384615384615385
lambda_peak_4_32,538,0.5288461538461539
lambda_peak_4_32,539,0.5769230769230769
lambda_peak_4_32,540,0.5
lambda_peak_4_32,541,0.5288461538461539
lambda_peak_4_32,542,0.4230769230769231
lambda_peak_4_32,543,0.4230769230769231
lambda_peak_4_32,544,0.4807692307692308
lambda_peak_4_32,545,0.38461538461538464
lambda_peak_4_32,546,0.4423076923076923
lambda_peak_4_32,547,0.5769230769230769
lambda_peak_4_32,548,0.5096153846153846
lambda_peak_4_32,549,0.46153846153846156
lambda_peak_4_32,550,0.47115384615384615
lambda_peak_4_32,551,0.5288461538461539
lambda_peak_4_32,552,0.4230769230769231
lambda_peak_4_32,553,0.47115384615384615
lambda_peak_4_32,554,0.3557692307692308
lambda_peak_4_32,555,0.5480769230769231
lambda_peak_4_32,556,0.49038461538461536
lambda_peak_4_32,557,0.3942307692307692
lambda_peak_4_32,558,0.4230769230769231
lambda_peak_4_32,559,0.47115384615384615
lambda_peak_4_32,560,0.47115384615384615
lambda_peak_4_32,561,0.5480769230769231
lambda_peak_4_32,562,0.5288461538461539
lambda_peak_4_32,563,0.38461538461538464
lambda_peak_4_32,564,0.4807692307692308
lambda_peak_4_32,565,0.4519230769230769
lambda_peak_4_32,566,0.3942307692307692
lambda_peak_4_32,567,0.46153846153846156
lambda_peak_4_32,568,0.4326923076923077
lambda_peak_4_32,569,0.4326923076923077
lambda_peak_4_32,570,0.41346153846153844
lambda_peak_4_32,571,0.5192307692307693
lambda_peak_4_32,572,0.4807692307692308
lambda_peak_4_32,573,0.36538461538461536
lambda_peak_4_32,574,0.5384615384615384
lambda_peak_4_32,575,0.46153846153846156
lambda_peak_4_32,576,0.33653846153846156
lambda_peak_4_32,577,0.625
lambda_peak_4_32,578,0.5961538461538461
lambda_peak_4_32,579,0.46153846153846156
lambda_peak_4_32,580,0.4807692307692308
lambda_peak_4_32,581,0.5288461538461539
lambda_peak_4_32,582,0.41346153846153844
lambda_peak_4_32,583,0.4807692307692308
lambda_peak_4_32,584,0.40384615384615385
lambda_peak_4_32,585,0.49038461538461536
lambda_peak_4_32,586,0.3942307692307692
lambda_peak_4_32,587,0.4519230769230769
lambda_peak_4_32,588,0.47115384615384615
lambda_peak_4_32,589,0.4230769230769231
lambda_peak_4_32,590,0.40384615384615385
lambda_peak_4_32,591,0.46153846153846156
lambda_peak_4_32,592,0.38461538461538464
lambda_peak_4_32,593,0.4326923076923077
lambda_peak_4_32,594,0.4423076923076923
lambda_peak_4_32,595,0.375
lambda_peak_4_32,596,0.49038461538461536
lambda_peak_4_32,597,0.4326923076923077
lambda_peak_4_32,598,0.5288461538461539
lambda_peak_4_32,599,0.4807692307692308
lambda_peak_4_32,600,0.4423076923076923
lambda_peak_4_32,601,0.4519230769230769
lambda_peak_4_32,602,0.5
lambda_peak_4_32,603,0.4230769230769231
lambda_peak_4_32,604,0.34615384615384615
lambda_peak_4_32,605,0.4807692307692308
lambda_peak_4_32,606,0.4519230769230769
lambda_peak_4_32,607,0.40384615384615385
lambda_peak_4_32,608,0.33653846153846156
lambda_peak_4_32,609,0.49038461538461536
lambda_peak_4_32,610,0.47115384615384615
lambda_peak_4_32,611,0.47115384615384615
lambda_peak_4_32,612,0.4519230769230769
lambda_peak_4_32,613,0.4519230769230769
lambda_peak_4_32,614,0.4423076923076923
lambda_peak_4_32,615,0.33653846153846156
lambda_peak_4_32,616,0.5192307692307693
lambda_peak_4_32,617,0.4807692307692308
lambda_peak_4_32,618,0.4423076923076923
lambda_peak_4_32,619,0.5576923076923077
lambda_peak_4_32,620,0.4519230769230769
lambda_peak_4_32,621,0.3942307692307692
lambda_peak_4_32,622,0.4423076923076923
lambda_peak_4_32,623,0.49038461538461536
lambda_peak_4_32,624,0.4230769230769231
lambda_peak_4_32,625,0.4519230769230769
lambda_peak_4_32,626,0.4807692307692308
lambda_peak_4_32,627,0.4807692307692308
lambda_peak_4_32,628,0.5576923076923077
lambda_peak_4_32,629,0.5480769230769231
lambda_peak_4_32,630,0.46153846153846156
lambda_peak_4_32,631,0.38461538461538464
lambda_peak_4_32,632,0.33653846153846156
lambda_peak_4_32,633,0.47115384615384615
lambda_peak_4_32,634,0.4230769230769231
lambda_peak_4_32,635,0.5192307692307693
lambda_peak_4_32,636,0.3942307692307692
lambda_peak_4_32,637,0.5192307692307693
lambda_peak_4_32,638,0.5096153846153846
lambda_peak_4_32,639,0.5480769230769231
lambda_peak_4_32,640,0.6057692307692307
lambda_peak_4_32,641,0.5192307692307693
lambda_peak_4_32,642,0.4519230769230769
lambda_peak_4_32,643,0.47115384615384615
lambda_peak_4_32,644,0.4326923076923077
lambda_peak_4_32,645,0.5576923076923077
lambda_peak_4_32,646,0.49038461538461536
lambda_peak_4_32,647,0.47115384615384615
lambda_peak_4_32,648,0.4807692307692308
lambda_peak_4_32,649,0.5673076923076923
lambda_peak_4_32,650,0.5096153846153846
lambda_peak_4_32,651,0.5769230769230769
lambda_peak_4_32,652,0.47115384615384615
lambda_peak_4_32,653,0.4326923076923077
lambda_peak_4_32,654,0.5
lambda_peak_4_32,655,0.4326923076923077
lambda_peak_4_32,656,0.46153846153846156
lambda_peak_4_32,657,0.41346153846153844
lambda_peak_4_32,658,0.4423076923076923
lambda_peak_4_32,659,0.46153846153846156
lambda_peak_4_32,660,0.4519230769230769
lambda_peak_4_32,661,0.46153846153846156
lambda_peak_4_32,662,0.4807692307692308
lambda_peak_4_32,663,0.5288461538461539
lambda_peak_4_32,664,0.46153846153846156
lambda_peak_4_32,665,0.4326923076923077
lambda_peak_4_32,666,0.4519230769230769
lambda_peak_4_32,667,0.4807692307692308
lambda_peak_4_32,668,0.4326923076923077
lambda_peak_4_32,669,0.5769230769230769
lambda_peak_4_32,670,0.5288461538461539
lambda_peak_4_32,671,0.5096153846153846
lambda_peak_4_32,672,0.5480769230769231
lambda_peak_4_32,673,0.5096153846153846
lambda_peak_4_32,674,0.4423076923076923
lambda_peak_4_32,675,0.41346153846153844
lambda_peak_4_32,676,0.3942307692307692
lambda_peak_4_32,677,0.3942307692307692
lambda_peak_4_32,678,0.5
lambda_peak_4_32,679,0.40384615384615385
lambda_peak_4_32,680,0.46153846153846156
lambda_peak_4_32,681,0.41346153846153844
lambda_peak_4_32,682,0.46153846153846156
lambda_peak_4_32,683,0.5384615384615384
lambda_peak_4_32,684,0.46153846153846156
lambda_peak_4_32,685,0.5480769230769231
lambda_peak_4_32,686,0.3942307692307692
lambda_peak_4_32,687,0.46153846153846156
lambda_peak_4_32,688,0.5673076923076923
lambda_peak_4_32,689,0.47115384615384615
lambda_peak_4_32,690,0.4326923076923077
lambda_peak_4_32,691,0.4519230769230769
lambda_peak_4_32,692,0.4807692307692308
lambda_peak_4_32,693,0.5288461538461539
lambda_peak_4_32,694,0.4326923076923077
lambda_peak_4_32,695,0.47115384615384615
lambda_peak_4_32,696,0.5192307692307693
lambda_peak_4_32,697,0.5096153846153846
lambda_peak_4_32,698,0.4326923076923077
lambda_peak_4_32,699,0.4326923076923077
lambda_peak_4_32,700,0.5384615384615384
lambda_peak_4_32,701,0.4519230769230769
lambda_peak_4_32,702,0.40384615384615385
lambda_peak_4_32,703,0.5288461538461539
lambda_peak_4_32,704,0.4519230769230769
lambda_peak_4_32,705,0.4326923076923077
lambda_peak_4_32,706,0.4423076923076923
lambda_peak_4_32,707,0.4326923076923077
lambda_peak_4_32,708,0.375
lambda_peak_4_32,709,0.49038461538461536
lambda_peak_4_32,710,0.3942307692307692
lambda_peak_4_32,711,0.47115384615384615
lambda_peak_4_32,712,0.47115384615384615
lambda_peak_4_32,713,0.40384615384615385
lambda_peak_4_32,714,0.4519230769230769
lambda_peak_4_32,715,0.5096153846153846
lambda_peak_4_32,716,0.49038461538461536
lambda_peak_4_32,717,0.5288461538461539
lambda_peak_4_32,718,0.4326923076923077
lambda_peak_4_32,719,0.4519230769230769
lambda_peak_4_32,720,0.5192307692307693
lambda_peak_4_32,721,0.49038461538461536
lambda_peak_4_32,722,0.5288461538461539
lambda_peak_4_32,723,0.4519230769230769
lambda_peak_4_32,724,0.6057692307692307
lambda_peak_4_32,725,0.41346153846153844
lambda_peak_4_32,726,0.5576923076923077
lambda_peak_4_32,727,0.46153846153846156
lambda_peak_4_32,728,0.4423076923076923
lambda_peak_4_32,729,0.41346153846153844
lambda_peak_4_32,730,0.46153846153846156
lambda_peak_4_32,731,0.4423076923076923
lambda_peak_4_32,732,0.49038461538461536
lambda_peak_4_32,733,0.4807692307692308
lambda_peak_4_32,734,0.3173076923076923
lambda_peak_4_32,735,0.5096153846153846
lambda_peak_4_32,736,0.4519230769230769
lambda_peak_4_32,737,0.3942307692307692
lambda_peak_4_32,738,0.4807692307692308
lambda_peak_4_32,739,0.4423076923076923
lambda_peak_4_32,740,0.5
lambda_peak_4_32,741,0.4423076923076923
lambda_peak_4_32,742,0.4423076923076923
lambda_peak_4_32,743,0.40384615384615385
lambda_peak_4_32,744,0.5288461538461539
lambda_peak_4_32,745,0.49038461538461536
lambda_peak_4_32,746,0.4807692307692308
lambda_peak_4_32,747,0.4423076923076923
lambda_peak_4_32,748,0.5769230769230769
lambda_peak_4_32,749,0.4423076923076923
lambda_peak_4_32,750,0.4326923076923077
lambda_peak_4_32,751,0.5480769230769231
lambda_peak_4_32,752,0.49038461538461536
lambda_peak_4_32,753,0.5192307692307693
lambda_peak_4_32,754,0.5192307692307693
lambda_peak_4_32,755,0.5096153846153846
lambda_peak_4_32,756,0.49038461538461536
lambda_peak_4_32,757,0.4326923076923077
lambda_peak_4_32,758,0.3942307692307692
lambda_peak_4_32,759,0.4230769230769231
lambda_peak_4_32,760,0.4326923076923077
lambda_peak_4_32,761,0.4326923076923077
lambda_peak_4_32,762,0.4807692307692308
lambda_peak_4_32,763,0.5
lambda_peak_4_32,764,0.4230769230769231
lambda_peak_4_32,765,0.4326923076923077
lambda_peak_4_32,766,0.4807692307692308
lambda_peak_4_32,767,0.49038461538461536
lambda_peak_4_32,768,0.5865384615384616
lambda_peak_4_32,769,0.5384615384615384
lambda_peak_4_32,770,0.4807692307692308
lambda_peak_4_32,771,0.4519230769230769
lambda_peak_4_32,772,0.5384615384615384
lambda_peak_4_32,773,0.5096153846153846
lambda_peak_4_32,774,0.4807692307692308
lambda_peak_4_32,775,0.4807692307692308
lambda_peak_4_32,776,0.41346153846153844
lambda_peak_4_32,777,0.47115384615384615
lambda_peak_4_32,778,0.4423076923076923
lambda_peak_4_32,779,0.46153846153846156
lambda_peak_4_32,780,0.4230769230769231
lambda_peak_4_32,781,0.4423076923076923
lambda_peak_4_32,782,0.5480769230769231
lambda_peak_4_32,783,0.5
lambda_peak_4_32,784,0.38461538461538464
lambda_peak_4_32,785,0.5288461538461539
lambda_peak_4_32,786,0.3557692307692308
lambda_peak_4_32,787,0.41346153846153844
lambda_peak_4_32,788,0.41346153846153844
lambda_peak_4_32,789,0.41346153846153844
lambda_peak_4_32,790,0.5288461538461539
lambda_peak_4_32,791,0.33653846153846156
lambda_peak_4_32,792,0.4519230769230769
lambda_peak_4_32,793,0.4326923076923077
lambda_peak_4_32,794,0.5576923076923077
lambda_peak_4_32,795,0.5384615384615384
lambda_peak_4_32,796,0.4326923076923077
lambda_peak_4_32,797,0.49038461538461536
lambda_peak_4_32,798,0.4807692307692308
lambda_peak_4_32,799,0.5096153846153846
lambda_peak_4_32,800,0.49038461538461536
lambda_peak_4_32,801,0.5
lambda_peak_4_32,802,0.4519230769230769
lambda_peak_4_32,803,0.5192307692307693
lambda_peak_4_32,804,0.38461538461538464
lambda_peak_4_32,805,0.5961538461538461
lambda_peak_4_32,806,0.4807692307692308
lambda_peak_4_32,807,0.4326923076923077
lambda_peak_4_32,808,0.5096153846153846
lambda_peak_4_32,809,0.5192307692307693
lambda_peak_4_32,810,0.36538461538461536
lambda_peak_4_32,811,0.49038461538461536
lambda_peak_4_32,812,0.5769230769230769
lambda_peak_4_32,813,0.5384615384615384
lambda_peak_4_32,814,0.49038461538461536
lambda_peak_4_32,815,0.5
lambda_peak_4_32,816,0.4326923076923077
lambda_peak_4_32,817,0.49038461538461536
lambda_peak_4_32,818,0.4807692307692308
lambda_peak_4_32,819,0.49038461538461536
lambda_peak_4_32,820,0.46153846153846156
lambda_peak_4_32,821,0.4423076923076923
lambda_peak_4_32,822,0.4326923076923077
lambda_peak_4_32,823,0.41346153846153844
lambda_peak_4_32,824,0.49038461538461536
lambda_peak_4_32,825,0.4519230769230769
lambda_peak_4_32,826,0.5576923076923077
lambda_peak_4_32,827,0.5288461538461539
lambda_peak_4_32,828,0.40384615384615385
lambda_peak_4_32,829,0.47115384615384615
lambda_peak_4_32,830,0.47115384615384615
lambda_peak_4_32,831,0.46153846153846156
lambda_peak_4_32,832,0.4423076923076923
lambda_peak_4_32,833,0.40384615384615385
lambda_peak_4_32,834,0.5288461538461539
lambda_peak_4_32,835,0.46153846153846156
lambda_peak_4_32,836,0.46153846153846156
lambda_peak_4_32,837,0.5288461538461539
lambda_peak_4_32,838,0.5288461538461539
lambda_peak_4_32,839,0.5384615384615384
lambda_peak_4_32,840,0.5192307692307693
lambda_peak_4_32,841,0.4326923076923077
lambda_peak_4_32,842,0.4230769230769231
lambda_peak_4_32,843,0.3942307692307692
lambda_peak_4_32,844,0.5673076923076923
lambda_peak_4_32,845,0.3942307692307692
lambda_peak_4_32,846,0.4326923076923077
lambda_peak_4_32,847,0.4519230769230769
lambda_peak_4_32,848,0.49038461538461536
lambda_peak_4_32,849,0.40384615384615385
lambda_peak_4_32,850,0.4519230769230769
lambda_peak_4_32,851,0.47115384615384615
lambda_peak_4_32,852,0.5769230769230769
lambda_peak_4_32,853,0.4230769230769231
lambda_peak_4_32,854,0.4326923076923077
lambda_peak_4_32,855,0.47115384615384615
lambda_peak_4_32,856,0.5576923076923077
lambda_peak_4_32,857,0.4807692307692308
lambda_peak_4_32,858,0.41346153846153844
lambda_peak_4_32,859,0.47115384615384615
lambda_peak_4_32,860,0.47115384615384615
lambda_peak_4_32,861,0.5
lambda_peak_4_32,862,0.375
lambda_peak_4_32,863,0.5
lambda_peak_4_32,864,0.49038461538461536
lambda_peak_4_32,865,0.49038461538461536
lambda_peak_4_32,866,0.46153846153846156
lambda_peak_4_32,867,0.5961538461538461
lambda_peak_4_32,868,0.5192307692307693
lambda_peak_4_32,869,0.46153846153846156
lambda_peak_4_32,870,0.4807692307692308
lambda_peak_4_32,871,0.46153846153846156
lambda_peak_4_32,872,0.5384615384615384
lambda_peak_4_32,873,0.6346153846153846
lambda_peak_4_32,874,0.4423076923076923
lambda_peak_4_32,875,0.3942307692307692
lambda_peak_4_32,876,0.5288461538461539
lambda_peak_4_32,877,0.5288461538461539
lambda_peak_4_32,878,0.49038461538461536
lambda_peak_4_32,879,0.3942307692307692
lambda_peak_4_32,880,0.49038461538461536
lambda_peak_4_32,881,0.41346153846153844
lambda_peak_4_32,882,0.41346153846153844
lambda_peak_4_32,883,0.4807692307692308
lambda_peak_4_32,884,0.47115384615384615
lambda_peak_4_32,885,0.5384615384615384
lambda_peak_4_32,886,0.5192307692307693
lambda_peak_4_32,887,0.5
lambda_peak_4_32,888,0.49038461538461536
lambda_peak_4_32,889,0.5
lambda_peak_4_32,890,0.4326923076923077
lambda_peak_4_32,891,0.49038461538461536
lambda_peak_4_32,892,0.5096153846153846
lambda_peak_4_32,893,0.38461538461538464
lambda_peak_4_32,894,0.5480769230769231
lambda_peak_4_32,895,0.38461538461538464
lambda_peak_4_32,896,0.46153846153846156
lambda_peak_4_32,897,0.5288461538461539
lambda_peak_4_32,898,0.4519230769230769
lambda_peak_4_32,899,0.5096153846153846
lambda_peak_4_32,900,0.47115384615384615
lambda_peak_4_32,901,0.5
lambda_peak_4_32,902,0.4519230769230769
lambda_peak_4_32,903,0.375
lambda_peak_4_32,904,0.49038461538461536
lambda_peak_4_32,905,0.4423076923076923
lambda_peak_4_32,906,0.4326923076923077
lambda_peak_4_32,907,0.46153846153846156
lambda_peak_4_32,908,0.375
lambda_peak_4_32,909,0.5096153846153846
lambda_peak_4_32,910,0.41346153846153844
lambda_peak_4_32,911,0.41346153846153844
lambda_peak_4_32,912,0.3557692307692308
lambda_peak_4_32,913,0.49038461538461536
lambda_peak_4_32,914,0.6442307692307693
lambda_peak_4_32,915,0.46153846153846156
lambda_peak_4_32,916,0.49038461538461536
lambda_peak_4_32,917,0.5096153846153846
lambda_peak_4_32,918,0.4423076923076923
lambda_peak_4_32,919,0.5096153846153846
lambda_peak_4_32,920,0.49038461538461536
lambda_peak_4_32,921,0.46153846153846156
lambda_peak_4_32,922,0.33653846153846156
lambda_peak_4_32,923,0.5
lambda_peak_4_32,924,0.49038461538461536
lambda_peak_4_32,925,0.5192307692307693
lambda_peak_4_32,926,0.5288461538461539
lambda_peak_4_32,927,0.5288461538461539
lambda_peak_4_32,928,0.4423076923076923
lambda_peak_4_32,929,0.41346153846153844
lambda_peak_4_32,930,0.4326923076923077
lambda_peak_4_32,931,0.5480769230769231
lambda_peak_4_32,932,0.5288461538461539
lambda_peak_4_32,933,0.5288461538461539
lambda_peak_4_32,934,0.5288461538461539
lambda_peak_4_32,935,0.4807692307692308
lambda_peak_4_32,936,0.5096153846153846
lambda_peak_4_32,937,0.5673076923076923
lambda_peak_4_32,938,0.38461538461538464
lambda_peak_4_32,939,0.4807692307692308
lambda_peak_4_32,940,0.5096153846153846
lambda_peak_4_32,941,0.5288461538461539
lambda_peak_4_32,942,0.47115384615384615
lambda_peak_4_32,943,0.3557692307692308
lambda_peak_4_32,944,0.4230769230769231
lambda_peak_4_32,945,0.4326923076923077
lambda_peak_4_32,946,0.5865384615384616
lambda_peak_4_32,947,0.46153846153846156
lambda_peak_4_32,948,0.4807692307692308
lambda_peak_4_32,949,0.4326923076923077
lambda_peak_4_32,950,0.36538461538461536
lambda_peak_4_32,951,0.5096153846153846
lambda_peak_4_32,952,0.41346153846153844
lambda_peak_4_32,953,0.5096153846153846
lambda_peak_4_32,954,0.38461538461538464
lambda_peak_4_32,955,0.49038461538461536
lambda_peak_4_32,956,0.4326923076923077
lambda_peak_4_32,957,0.49038461538461536
lambda_peak_4_32,958,0.4326923076923077
lambda_peak_4_32,959,0.4423076923076923
lambda_peak_4_32,960,0.5480769230769231
lambda_peak_4_32,961,0.41346153846153844
lambda_peak_4_32,962,0.46153846153846156
lambda_peak_4_32,963,0.5480769230769231
lambda_peak_4_32,964,0.4230769230769231
lambda_peak_4_32,965,0.5
lambda_peak_4_32,966,0.4423076923076923
lambda_peak_4_32,967,0.5576923076923077
lambda_peak_4_32,968,0.4423076923076923
lambda_peak_4_32,969,0.5384615384615384
lambda_peak_4_32,970,0.4423076923076923
lambda_peak_4_32,971,0.5192307692307693
lambda_peak_4_32,972,0.3269230769230769
lambda_peak_4_32,973,0.46153846153846156
lambda_peak_4_32,974,0.4423076923076923
lambda_peak_4_32,975,0.4326923076923077
lambda_peak_4_32,976,0.5
lambda_peak_4_32,977,0.4519230769230769
lambda_peak_4_32,978,0.49038461538461536
lambda_peak_4_32,979,0.41346153846153844
lambda_peak_4_32,980,0.49038461538461536
lambda_peak_4_32,981,0.38461538461538464
lambda_peak_4_32,982,0.5480769230769231
lambda_peak_4_32,983,0.4423076923076923
lambda_peak_4_32,984,0.4519230769230769
lambda_peak_4_32,985,0.4423076923076923
lambda_peak_4_32,986,0.5
lambda_peak_4_32,987,0.46153846153846156
lambda_peak_4_32,988,0.4519230769230769
lambda_peak_4_32,989,0.4807692307692308
lambda_peak_4_32,990,0.4807692307692308
lambda_peak_4_32,991,0.5
lambda_peak_4_32,992,0.4230769230769231
lambda_peak_4_32,993,0.38461538461538464
lambda_peak_4_32,994,0.4423076923076923
lambda_peak_4_32,995,0.5288461538461539
lambda_peak_4_32,996,0.38461538461538464
lambda_peak_4_32,997,0.4326923076923077
lambda_peak_4_32,998,0.46153846153846156
lambda_peak_4_32,999,0.49038461538461536
lambda_peak_4_32,1000,0.5096153846153846
lambda_peak_4_32,1001,0.38461538461538464
lambda_peak_4_32,1002,0.4230769230769231
lambda_peak_4_32,1003,0.46153846153846156
lambda_peak_4_32,1004,0.33653846153846156
lambda_peak_4_32,1005,0.41346153846153844
lambda_peak_4_32,1006,0.5096153846153846
lambda_peak_4_32,1007,0.4326923076923077
lambda_peak_4_32,1008,0.5384615384615384
lambda_peak_4_32,1009,0.5480769230769231
lambda_peak_4_32,1010,0.49038461538461536
lambda_peak_4_32,1011,0.47115384615384615
lambda_peak_4_32,1012,0.4326923076923077
lambda_peak_4_32,1013,0.4807692307692308
lambda_peak_4_32,1014,0.4230769230769231
lambda_peak_4_32,1015,0.4807692307692308
lambda_peak_4_32,1016,0.38461538461538464
lambda_peak_4_32,1017,0.5
lambda_peak_4_32,1018,0.41346153846153844
lambda_peak_4_32,1019,0.4807692307692308
lambda_peak_4_32,1020,0.5
lambda_peak_4_32,1021,0.49038461538461536
lambda_peak_4_32,1022,0.5096153846153846
lambda_peak_4_32,1023,0.4230769230769231
lambda_peak_4_32,1024,0.38461538461538464
lambda_peak_4_32,1025,0.5
lambda_peak_4_32,1026,0.5288461538461539
lambda_peak_4_32,1027,0.4807692307692308
lambda_peak_4_32,1028,0.4230769230769231
lambda_peak_4_32,1029,0.4519230769230769
lambda_peak_4_32,1030,0.4423076923076923
lambda_peak_4_32,1031,0.4519230769230769
lambda_peak_4_32,1032,0.4519230769230769
lambda_peak_4_32,1033,0.49038461538461536
lambda_peak_4_32,1034,0.5096153846153846
lambda_peak_4_32,1035,0.4326923076923077
lambda_peak_4_32,1036,0.5288461538461539
lambda_peak_4_32,1037,0.4423076923076923
lambda_peak_4_32,1038,0.4423076923076923
lambda_peak_4_32,1039,0.49038461538461536
lambda_peak_4_32,1040,0.47115384615384615
lambda_peak_4_32,1041,0.4326923076923077
lambda_peak_4_32,1042,0.4423076923076923
lambda_peak_4_32,1043,0.46153846153846156
lambda_peak_4_32,1044,0.47115384615384615
lambda_peak_4_32,1045,0.4423076923076923
lambda_peak_4_32,1046,0.4326923076923077
lambda_peak_4_32,1047,0.4807692307692308
lambda_peak_4_32,1048,0.47115384615384615
lambda_peak_4_32,1049,0.5192307692307693
lambda_peak_4_32,1050,0.46153846153846156
lambda_peak_4_32,1051,0.5865384615384616
lambda_peak_4_32,1052,0.4807692307692308
lambda_peak_4_32,1053,0.38461538461538464
lambda_peak_4_32,1054,0.47115384615384615
lambda_peak_4_32,1055,0.46153846153846156
lambda_peak_4_32,1056,0.375
lambda_peak_4_32,1057,0.47115384615384615
lambda_peak_4_32,1058,0.4423076923076923
lambda_peak_4_32,1059,0.36538461538461536
lambda_peak_4_32,1060,0.5
lambda_peak_4_32,1061,0.5480769230769231
lambda_peak_4_32,1062,0.5673076923076923
lambda_peak_4_32,1063,0.4423076923076923
lambda_peak_4_32,1064,0.4423076923076923
lambda_peak_4_32,1065,0.4807692307692308
lambda_peak_4_32,1066,0.47115384615384615
lambda_peak_4_32,1067,0.5096153846153846
lambda_peak_4_32,1068,0.46153846153846156
lambda_peak_4_32,1069,0.5
lambda_peak_4_32,1070,0.3942307692307692
lambda_peak_4_32,1071,0.4519230769230769
lambda_peak_4_32,1072,0.5
lambda_peak_4_32,1073,0.6057692307692307
lambda_peak_4_32,1074,0.4807692307692308
lambda_peak_4_32,1075,0.5288461538461539
lambda_peak_4_32,1076,0.38461538461538464
lambda_peak_4_32,1077,0.4807692307692308
lambda_peak_4_32,1078,0.5192307692307693
lambda_peak_4_32,1079,0.4326923076923077
lambda_peak_4_32,1080,0.5096153846153846
lambda_peak_4_32,1081,0.4423076923076923
lambda_peak_4_32,1082,0.5192307692307693
lambda_peak_4_32,1083,0.47115384615384615
lambda_peak_4_32,1084,0.47115384615384615
lambda_peak_4_32,1085,0.5096153846153846
lambda_peak_4_32,1086,0.40384615384615385
lambda_peak_4_32,1087,0.46153846153846156
lambda_peak_4_32,1088,0.4423076923076923
lambda_peak_4_32,1089,0.5096153846153846
lambda_peak_4_32,1090,0.5192307692307693
lambda_peak_4_32,1091,0.4519230769230769
lambda_peak_4_32,1092,0.5288461538461539
lambda_peak_4_32,1093,0.46153846153846156
lambda_peak_4_32,1094,0.5096153846153846
lambda_peak_4_32,1095,0.4423076923076923
lambda_peak_4_32,1096,0.4230769230769231
lambda_peak_4_32,1097,0.4423076923076923
lambda_peak_4_32,1098,0.47115384615384615
lambda_peak_4_32,1099,0.5096153846153846
lambda_peak_4_32,1100,0.5480769230769231
lambda_peak_4_32,1101,0.4326923076923077
lambda_peak_4_32,1102,0.46153846153846156
lambda_peak_4_32,1103,0.5
lambda_peak_4_32,1104,0.41346153846153844
lambda_peak_4_32,1105,0.4326923076923077
lambda_peak_4_32,1106,0.5
lambda_peak_4_32,1107,0.3942307692307692
lambda_peak_4_32,1108,0.4807692307692308
lambda_peak_4_32,1109,0.5192307692307693
lambda_peak_4_32,1110,0.47115384615384615
lambda_peak_4_32,1111,0.4326923076923077
lambda_peak_4_32,1112,0.5
lambda_peak_4_32,1113,0.4807692307692308
lambda_peak_4_32,1114,0.49038461538461536
lambda_peak_4_32,1115,0.4807692307692308
lambda_peak_4_32,1116,0.4423076923076923
lambda_peak_4_32,1117,0.4519230769230769
lambda_peak_4_32,1118,0.46153846153846156
lambda_peak_4_32,1119,0.4807692307692308
lambda_peak_4_32,1120,0.5384615384615384
lambda_peak_4_32,1121,0.4807692307692308
lambda_peak_4_32,1122,0.5288461538461539
lambda_peak_4_32,1123,0.5673076923076923
lambda_peak_4_32,1124,0.5096153846153846
lambda_peak_4_32,1125,0.4423076923076923
lambda_peak_4_32,1126,0.4230769230769231
lambda_peak_4_32,1127,0.4326923076923077
lambda_peak_4_32,1128,0.47115384615384615
lambda_peak_4_32,1129,0.47115384615384615
lambda_peak_4_32,1130,0.4423076923076923
lambda_peak_4_32,1131,0.4230769230769231
lambda_peak_4_32,1132,0.6057692307692307
lambda_peak_4_32,1133,0.4807692307692308
lambda_peak_4_32,1134,0.4807692307692308
lambda_peak_4_32,1135,0.5
lambda_peak_4_32,1136,0.5288461538461539
lambda_peak_4_32,1137,0.4423076923076923
lambda_peak_4_32,1138,0.47115384615384615
lambda_peak_4_32,1139,0.5192307692307693
lambda_peak_4_32,1140,0.4326923076923077
lambda_peak_4_32,1141,0.4423076923076923
lambda_peak_4_32,1142,0.41346153846153844
lambda_peak_4_32,1143,0.46153846153846156
lambda_peak_4_32,1144,0.41346153846153844
lambda_peak_4_32,1145,0.5384615384615384
lambda_peak_4_32,1146,0.5288461538461539
lambda_peak_4_32,1147,0.47115384615384615
lambda_peak_4_32,1148,0.5673076923076923
lambda_peak_4_32,1149,0.40384615384615385
lambda_peak_4_32,1150,0.5865384615384616
lambda_peak_4_32,1151,0.4230769230769231
lambda_peak_4_32,1152,0.46153846153846156
lambda_peak_4_32,1153,0.4230769230769231
lambda_peak_4_32,1154,0.4230769230769231
lambda_peak_4_32,1155,0.4423076923076923
lambda_peak_4_32,1156,0.5
lambda_peak_4_32,1157,0.4326923076923077
lambda_peak_4_32,1158,0.4807692307692308
lambda_peak_4_32,1159,0.46153846153846156
lambda_peak_4_32,1160,0.4326923076923077
lambda_peak_4_32,1161,0.4807692307692308
lambda_peak_4_32,1162,0.41346153846153844
lambda_peak_4_32,1163,0.41346153846153844
lambda_peak_4_32,1164,0.49038461538461536
lambda_peak_4_32,1165,0.5096153846153846
lambda_peak_4_32,1166,0.40384615384615385
lambda_peak_4_32,1167,0.3942307692307692
lambda_peak_4_32,1168,0.4230769230769231
lambda_peak_4_32,1169,0.47115384615384615
lambda_peak_4_32,1170,0.5
lambda_peak_4_32,1171,0.3942307692307692
lambda_peak_4_32,1172,0.46153846153846156
lambda_peak_4_32,1173,0.5096153846153846
lambda_peak_4_32,1174,0.5096153846153846
lambda_peak_4_32,1175,0.49038461538461536
lambda_peak_4_32,1176,0.5480769230769231
lambda_peak_4_32,1177,0.5865384615384616
lambda_peak_4_32,1178,0.38461538461538464
lambda_peak_4_32,1179,0.3942307692307692
lambda_peak_4_32,1180,0.41346153846153844
lambda_peak_4_32,1181,0.4519230769230769
lambda_peak_4_32,1182,0.5384615384615384
lambda_peak_4_32,1183,0.5
lambda_peak_4_32,1184,0.5192307692307693
lambda_peak_4_32,1185,0.5096153846153846
lambda_peak_4_32,1186,0.5288461538461539
lambda_peak_4_32,1187,0.5288461538461539
lambda_peak_4_32,1188,0.49038461538461536
lambda_peak_4_32,1189,0.5865384615384616
lambda_peak_4_32,1190,0.5
lambda_peak_4_32,1191,0.4326923076923077
lambda_peak_4_32,1192,0.4326923076923077
lambda_peak_4_32,1193,0.4326923076923077
lambda_peak_4_32,1194,0.4519230769230769
lambda_peak_4_32,1195,0.46153846153846156
lambda_peak_4_32,1196,0.5288461538461539
lambda_peak_4_32,1197,0.4423076923076923
lambda_peak_4_32,1198,0.4519230769230769
lambda_peak_4_32,1199,0.4519230769230769
lambda_peak_4_32,1200,0.3557692307692308
lambda_peak_4_32,1201,0.5288461538461539
lambda_peak_4_32,1202,0.47115384615384615
lambda_peak_4_32,1203,0.38461538461538464
lambda_peak_4_32,1204,0.3942307692307692
lambda_peak_4_32,1205,0.4807692307692308
lambda_peak_4_32,1206,0.5288461538461539
lambda_peak_4_32,1207,0.4423076923076923
lambda_peak_4_32,1208,0.5192307692307693
lambda_peak_4_32,1209,0.5769230769230769
lambda_peak_4_32,1210,0.4326923076923077
lambda_peak_4_32,1211,0.4230769230769231
lambda_peak_4_32,1212,0.5480769230769231
lambda_peak_4_32,1213,0.49038461538461536
lambda_peak_4_32,1214,0.5192307692307693
lambda_peak_4_32,1215,0.5384615384615384
lambda_peak_4_32,1216,0.4423076923076923
lambda_peak_4_32,1217,0.5096153846153846
lambda_peak_4_32,1218,0.5192307692307693
lambda_peak_4_32,1219,0.3557692307692308
lambda_peak_4_32,1220,0.46153846153846156
lambda_peak_4_32,1221,0.34615384615384615
lambda_peak_4_32,1222,0.5384615384615384
lambda_peak_4_32,1223,0.40384615384615385
lambda_peak_4_32,1224,0.4230769230769231
lambda_peak_4_32,1225,0.5
lambda_peak_4_32,1226,0.4519230769230769
lambda_peak_4_32,1227,0.4807692307692308
lambda_peak_4_32,1228,0.4807692307692308
lambda_peak_4_32,1229,0.5384615384615384
lambda_peak_4_32,1230,0.4519230769230769
lambda_peak_4_32,1231,0.5769230769230769
lambda_peak_4_32,1232,0.3942307692307692
lambda_peak_4_32,1233,0.4326923076923077
lambda_peak_4_32,1234,0.40384615384615385
lambda_peak_4_32,1235,0.4807692307692308
lambda_peak_4_32,1236,0.4326923076923077
lambda_peak_4_32,1237,0.5192307692307693
lambda_peak_4_32,1238,0.5
lambda_peak_4_32,1239,0.34615384615384615
lambda_peak_4_32,1240,0.4326923076923077
lambda_peak_4_32,1241,0.4326923076923077
lambda_peak_4_32,1242,0.5288461538461539
lambda_peak_4_32,1243,0.40384615384615385
lambda_peak_4_32,1244,0.6057692307692307
lambda_peak_4_32,1245,0.41346153846153844
lambda_peak_4_32,1246,0.46153846153846156
lambda_peak_4_32,1247,0.3942307692307692
lambda_peak_4_32,1248,0.5288461538461539
lambda_peak_4_32,1249,0.47115384615384615
lambda_peak_4_32,1250,0.4423076923076923
lambda_peak_4_32,1251,0.5288461538461539
lambda_peak_4_32,1252,0.46153846153846156
lambda_peak_4_32,1253,0.4423076923076923
lambda_peak_4_32,1254,0.41346153846153844
lambda_peak_4_32,1255,0.49038461538461536
lambda_peak_4_32,1256,0.5096153846153846
lambda_peak_4_32,1257,0.5
lambda_peak_4_32,1258,0.5384615384615384
lambda_peak_4_32,1259,0.4519230769230769
lambda_peak_4_32,1260,0.49038461538461536
lambda_peak_4_32,1261,0.5
lambda_peak_4_32,1262,0.4519230769230769
lambda_peak_4_32,1263,0.46153846153846156
lambda_peak_4_32,1264,0.4326923076923077
lambda_peak_4_32,1265,0.47115384615384615
lambda_peak_4_32,1266,0.4423076923076923
lambda_peak_4_32,1267,0.5961538461538461
lambda_peak_4_32,1268,0.4519230769230769
lambda_peak_4_32,1269,0.4326923076923077
lambda_peak_4_32,1270,0.5
lambda_peak_4_32,1271,0.5
lambda_peak_4_32,1272,0.5096153846153846
lambda_peak_4_32,1273,0.3942307692307692
lambda_peak_4_32,1274,0.5
lambda_peak_4_32,1275,0.49038461538461536
lambda_peak_4_32,1276,0.4326923076923077
lambda_peak_4_32,1277,0.40384615384615385
lambda_peak_4_32,1278,0.4230769230769231
lambda_peak_4_32,1279,0.5288461538461539
lambda_peak_4_32,1280,0.46153846153846156
lambda_peak_4_32,1281,0.4423076923076923
lambda_peak_4_32,1282,0.41346153846153844
lambda_peak_4_32,1283,0.4519230769230769
lambda_peak_4_32,1284,0.4326923076923077
lambda_peak_4_32,1285,0.46153846153846156
lambda_peak_4_32,1286,0.40384615384615385
lambda_peak_4_32,1287,0.5288461538461539
lambda_peak_4_32,1288,0.5096153846153846
lambda_peak_4_32,1289,0.41346153846153844
lambda_peak_4_32,1290,0.46153846153846156
lambda_peak_4_32,1291,0.41346153846153844
lambda_peak_4_32,1292,0.41346153846153844
lambda_peak_4_32,1293,0.47115384615384615
lambda_peak_4_32,1294,0.4519230769230769
lambda_peak_4_32,1295,0.4807692307692308
lambda_peak_4_32,1296,0.41346153846153844
lambda_peak_4_32,1297,0.4326923076923077
lambda_peak_4_32,1298,0.5
lambda_peak_4_32,1299,0.5480769230769231
lambda_peak_4_32,1300,0.41346153846153844
lambda_peak_4_32,1301,0.4519230769230769
lambda_peak_4_32,1302,0.4807692307692308
lambda_peak_4_32,1303,0.4519230769230769
lambda_peak_4_32,1304,0.4423076923076923
lambda_peak_4_32,1305,0.5
lambda_peak_4_32,1306,0.4519230769230769
lambda_peak_4_32,1307,0.5576923076923077
lambda_peak_4_32,1308,0.6442307692307693
lambda_peak_4_32,1309,0.4519230769230769
lambda_peak_4_32,1310,0.46153846153846156
lambda_peak_4_32,1311,0.5769230769230769
lambda_peak_4_32,1312,0.47115384615384615
lambda_peak_4_32,1313,0.5384615384615384
lambda_peak_4_32,1314,0.5576923076923077
lambda_peak_4_32,1315,0.3173076923076923
lambda_peak_4_32,1316,0.5288461538461539
lambda_peak_4_32,1317,0.49038461538461536
lambda_peak_4_32,1318,0.5576923076923077
lambda_peak_4_32,1319,0.49038461538461536
lambda_peak_4_32,1320,0.4423076923076923
lambda_peak_4_32,1321,0.375
lambda_peak_4_32,1322,0.41346153846153844
lambda_peak_4_32,1323,0.5
lambda_peak_4_32,1324,0.375
lambda_peak_4_32,1325,0.5288461538461539
lambda_peak_4_32,1326,0.4326923076923077
lambda_peak_4_32,1327,0.4807692307692308
lambda_peak_4_32,1328,0.49038461538461536
lambda_peak_4_32,1329,0.49038461538461536
lambda_peak_4_32,1330,0.4519230769230769
lambda_peak_4_32,1331,0.4519230769230769
lambda_peak_4_32,1332,0.5
lambda_peak_4_32,1333,0.4519230769230769
lambda_peak_4_32,1334,0.5192307692307693
lambda_peak_4_32,1335,0.46153846153846156
lambda_peak_4_32,1336,0.5
lambda_peak_4_32,1337,0.5576923076923077
lambda_peak_4_32,1338,0.5576923076923077
lambda_peak_4_32,1339,0.49038461538461536
lambda_peak_4_32,1340,0.5673076923076923
lambda_peak_4_32,1341,0.4519230769230769
lambda_peak_4_32,1342,0.4423076923076923
lambda_peak_4_32,1343,0.5673076923076923
lambda_peak_4_32,1344,0.5384615384615384
lambda_peak_4_32,1345,0.5
lambda_peak_4_32,1346,0.5
lambda_peak_4_32,1347,0.46153846153846156
lambda_peak_4_32,1348,0.46153846153846156
lambda_peak_4_32,1349,0.5384615384615384
lambda_peak_4_32,1350,0.5096153846153846
lambda_peak_4_32,1351,0.4230769230769231
lambda_peak_4_32,1352,0.4519230769230769
lambda_peak_4_32,1353,0.49038461538461536
lambda_peak_4_32,1354,0.4423076923076923
lambda_peak_4_32,1355,0.33653846153846156
lambda_peak_4_32,1356,0.4423076923076923
lambda_peak_4_32,1357,0.5192307692307693
lambda_peak_4_32,1358,0.4807692307692308
lambda_peak_4_32,1359,0.5384615384615384
lambda_peak_4_32,1360,0.46153846153846156
lambda_peak_4_32,1361,0.34615384615384615
lambda_peak_4_32,1362,0.3269230769230769
lambda_peak_4_32,1363,0.41346153846153844
lambda_peak_4_32,1364,0.4807692307692308
lambda_peak_4_32,1365,0.46153846153846156
lambda_peak_4_32,1366,0.46153846153846156
lambda_peak_4_32,1367,0.40384615384615385
lambda_peak_4_32,1368,0.41346153846153844
lambda_peak_4_32,1369,0.4519230769230769
lambda_peak_4_32,1370,0.4519230769230769
lambda_peak_4_32,1371,0.46153846153846156
lambda_peak_4_32,1372,0.46153846153846156
lambda_peak_4_32,1373,0.4519230769230769
lambda_peak_4_32,1374,0.375
lambda_peak_4_32,1375,0.4519230769230769
lambda_peak_4_32,1376,0.40384615384615385
lambda_peak_4_32,1377,0.4519230769230769
lambda_peak_4_32,1378,0.625
lambda_peak_4_32,1379,0.33653846153846156
lambda_peak_4_32,1380,0.36538461538461536
lambda_peak_4_32,1381,0.5192307692307693
lambda_peak_4_32,1382,0.4807692307692308
lambda_peak_4_32,1383,0.4519230769230769
lambda_peak_4_32,1384,0.47115384615384615
lambda_peak_4_32,1385,0.4423076923076923
lambda_peak_4_32,1386,0.49038461538461536
lambda_peak_4_32,1387,0.4807692307692308
lambda_peak_4_32,1388,0.4519230769230769
lambda_peak_4_32,1389,0.4807692307692308
lambda_peak_4_32,1390,0.4519230769230769
lambda_peak_4_32,1391,0.5673076923076923
lambda_peak_4_32,1392,0.5480769230769231
lambda_peak_4_32,1393,0.5288461538461539
lambda_peak_4_32,1394,0.4326923076923077
lambda_peak_4_32,1395,0.49038461538461536
lambda_peak_4_32,1396,0.5096153846153846
lambda_peak_4_32,1397,0.38461538461538464
lambda_peak_4_32,1398,0.40384615384615385
lambda_peak_4_32,1399,0.5096153846153846
lambda_peak_4_32,1400,0.5288461538461539
lambda_peak_4_32,1401,0.5192307692307693
lambda_peak_4_32,1402,0.47115384615384615
lambda_peak_4_32,1403,0.46153846153846156
lambda_peak_4_32,1404,0.6057692307692307
lambda_peak_4_32,1405,0.49038461538461536
lambda_peak_4_32,1406,0.41346153846153844
lambda_peak_4_32,1407,0.4807692307692308
lambda_peak_4_32,1408,0.5096153846153846
lambda_peak_4_32,1409,0.46153846153846156
lambda_peak_4_32,1410,0.36538461538461536
lambda_peak_4_32,1411,0.5384615384615384
lambda_peak_4_32,1412,0.47115384615384615
lambda_peak_4_32,1413,0.4807692307692308
lambda_peak_4_32,1414,0.5096153846153846
lambda_peak_4_32,1415,0.5
lambda_peak_4_32,1416,0.4519230769230769
lambda_peak_4_32,1417,0.4519230769230769
lambda_peak_4_32,1418,0.4230769230769231
lambda_peak_4_32,1419,0.5096153846153846
lambda_peak_4_32,1420,0.46153846153846156
lambda_peak_4_32,1421,0.4519230769230769
lambda_peak_4_32,1422,0.5384615384615384
lambda_peak_4_32,1423,0.4519230769230769
lambda_peak_4_32,1424,0.4423076923076923
lambda_peak_4_32,1425,0.49038461538461536
lambda_peak_4_32,1426,0.4423076923076923
lambda_peak_4_32,1427,0.375
lambda_peak_4_32,1428,0.4519230769230769
lambda_peak_4_32,1429,0.46153846153846156
lambda_peak_4_32,1430,0.5
lambda_peak_4_32,1431,0.49038461538461536
lambda_peak_4_32,1432,0.5288461538461539
lambda_peak_4_32,1433,0.5288461538461539
lambda_peak_4_32,1434,0.34615384615384615
lambda_peak_4_32,1435,0.4326923076923077
lambda_peak_4_32,1436,0.5480769230769231
lambda_peak_4_32,1437,0.5
lambda_peak_4_32,1438,0.49038461538461536
lambda_peak_4_32,1439,0.38461538461538464
lambda_peak_4_32,1440,0.5480769230769231
lambda_peak_4_32,1441,0.4807692307692308
lambda_peak_4_32,1442,0.49038461538461536
lambda_peak_4_32,1443,0.3942307692307692
lambda_peak_4_32,1444,0.5
lambda_peak_4_32,1445,0.5096153846153846
lambda_peak_4_32,1446,0.3942307692307692
lambda_peak_4_32,1447,0.46153846153846156
lambda_peak_4_32,1448,0.41346153846153844
lambda_peak_4_32,1449,0.5192307692307693
lambda_peak_4_32,1450,0.5096153846153846
lambda_peak_4_32,1451,0.4326923076923077
lambda_peak_4_32,1452,0.5576923076923077
lambda_peak_4_32,1453,0.4519230769230769
lambda_peak_4_32,1454,0.41346153846153844
lambda_peak_4_32,1455,0.46153846153846156
lambda_peak_4_32,1456,0.5192307692307693
lambda_peak_4_32,1457,0.4519230769230769
lambda_peak_4_32,1458,0.5192307692307693
lambda_peak_4_32,1459,0.46153846153846156
lambda_peak_4_32,1460,0.4807692307692308
lambda_peak_4_32,1461,0.4230769230769231
lambda_peak_4_32,1462,0.4326923076923077
lambda_peak_4_32,1463,0.49038461538461536
lambda_peak_4_32,1464,0.4519230769230769
lambda_peak_4_32,1465,0.4519230769230769
lambda_peak_4_32,1466,0.4519230769230769
lambda_peak_4_32,1467,0.5192307692307693
lambda_peak_4_32,1468,0.5384615384615384
lambda_peak_4_32,1469,0.4230769230769231
lambda_peak_4_32,1470,0.40384615384615385
lambda_peak_4_32,1471,0.38461538461538464
lambda_peak_4_32,1472,0.5
lambda_peak_4_32,1473,0.4519230769230769
lambda_peak_4_32,1474,0.5576923076923077
lambda_peak_4_32,1475,0.49038461538461536
lambda_peak_4_32,1476,0.38461538461538464
lambda_peak_4_32,1477,0.375
lambda_peak_4_32,1478,0.49038461538461536
lambda_peak_4_32,1479,0.46153846153846156
lambda_peak_4_32,1480,0.5
lambda_peak_4_32,1481,0.49038461538461536
lambda_peak_4_32,1482,0.5384615384615384
lambda_peak_4_32,1483,0.5096153846153846
lambda_peak_4_32,1484,0.4807692307692308
lambda_peak_4_32,1485,0.6057692307692307
lambda_peak_4_32,1486,0.5769230769230769
lambda_peak_4_32,1487,0.375
lambda_peak_4_32,1488,0.36538461538461536
lambda_peak_4_32,1489,0.5
lambda_peak_4_32,1490,0.41346153846153844
lambda_peak_4_32,1491,0.36538461538461536
lambda_peak_4_32,1492,0.4230769230769231
lambda_peak_4_32,1493,0.46153846153846156
lambda_peak_4_32,1494,0.5865384615384616
lambda_peak_4_32,1495,0.3942307692307692
lambda_peak_4_32,1496,0.49038461538461536
lambda_peak_4_32,1497,0.5192307692307693
lambda_peak_4_32,1498,0.5096153846153846
lambda_peak_4_32,1499,0.4807692307692308
lambda_peak_4_32,1500,0.5769230769230769
lambda_peak_4_32,1501,0.4326923076923077
lambda_peak_4_32,1502,0.4519230769230769
lambda_peak_4_32,1503,0.5096153846153846
lambda_peak_4_32,1504,0.41346153846153844
lambda_peak_4_32,1505,0.3942307692307692
lambda_peak_4_32,1506,0.46153846153846156
lambda_peak_4_32,1507,0.36538461538461536
lambda_peak_4_32,1508,0.47115384615384615
lambda_peak_4_32,1509,0.4807692307692308
lambda_peak_4_32,1510,0.36538461538461536
lambda_peak_4_32,1511,0.5
lambda_peak_4_32,1512,0.4807692307692308
lambda_peak_4_32,1513,0.4326923076923077
lambda_peak_4_32,1514,0.5384615384615384
lambda_peak_4_32,1515,0.4519230769230769
lambda_peak_4_32,1516,0.40384615384615385
lambda_peak_4_32,1517,0.4423076923076923
lambda_peak_4_32,1518,0.46153846153846156
lambda_peak_4_32,1519,0.4326923076923077
lambda_peak_4_32,1520,0.5192307692307693
lambda_peak_4_32,1521,0.5288461538461539
lambda_peak_4_32,1522,0.5096153846153846
lambda_peak_4_32,1523,0.47115384615384615
lambda_peak_4_32,1524,0.41346153846153844
lambda_peak_4_32,1525,0.5192307692307693
lambda_peak_4_32,1526,0.49038461538461536
lambda_peak_4_32,1527,0.49038461538461536
lambda_peak_4_32,1528,0.46153846153846156
lambda_peak_4_32,1529,0.4519230769230769
lambda_peak_4_32,1530,0.5
lambda_peak_4_32,1531,0.5192307692307693
lambda_peak_4_32,1532,0.47115384615384615
lambda_peak_4_32,1533,0.46153846153846156
lambda_peak_4_32,1534,0.4423076923076923
lambda_peak_4_32,1535,0.4326923076923077
lambda_peak_4_32,1536,0.5096153846153846
lambda_peak_4_32,1537,0.5096153846153846
lambda_peak_4_32,1538,0.4230769230769231
lambda_peak_4_32,1539,0.46153846153846156
lambda_peak_4_32,1540,0.46153846153846156
lambda_peak_4_32,1541,0.4230769230769231
lambda_peak_4_32,1542,0.47115384615384615
lambda_peak_4_32,1543,0.4230769230769231
lambda_peak_4_32,1544,0.4519230769230769
lambda_peak_4_32,1545,0.375
lambda_peak_4_32,1546,0.5
lambda_peak_4_32,1547,0.4807692307692308
lambda_peak_4_32,1548,0.5769230769230769
lambda_peak_4_32,1549,0.47115384615384615
lambda_peak_4_32,1550,0.4326923076923077
lambda_peak_4_32,1551,0.4807692307692308
lambda_peak_4_32,1552,0.4230769230769231
lambda_peak_4_32,1553,0.47115384615384615
lambda_peak_4_32,1554,0.46153846153846156
lambda_peak_4_32,1555,0.4519230769230769
lambda_peak_4_32,1556,0.5673076923076923
lambda_peak_4_32,1557,0.46153846153846156
lambda_peak_4_32,1558,0.49038461538461536
lambda_peak_4_32,1559,0.5096153846153846
lambda_peak_4_32,1560,0.47115384615384615
lambda_peak_4_32,1561,0.49038461538461536
lambda_peak_4_32,1562,0.41346153846153844
lambda_peak_4_32,1563,0.38461538461538464
lambda_peak_4_32,1564,0.41346153846153844
lambda_peak_4_32,1565,0.4519230769230769
lambda_peak_4_32,1566,0.46153846153846156
lambda_peak_4_32,1567,0.49038461538461536
lambda_peak_4_32,1568,0.4519230769230769
lambda_peak_4_32,1569,0.5865384615384616
lambda_peak_4_32,1570,0.4423076923076923
lambda_peak_4_32,1571,0.4807692307692308
lambda_peak_4_32,1572,0.40384615384615385
lambda_peak_4_32,1573,0.46153846153846156
lambda_peak_4_32,1574,0.49038461538461536
lambda_peak_4_32,1575,0.5865384615384616
lambda_peak_4_32,1576,0.4326923076923077
lambda_peak_4_32,1577,0.46153846153846156
lambda_peak_4_32,1578,0.47115384615384615
lambda_peak_4_32,1579,0.5192307692307693
lambda_peak_4_32,1580,0.47115384615384615
lambda_peak_4_32,1581,0.3942307692307692
lambda_peak_4_32,1582,0.33653846153846156
lambda_peak_4_32,1583,0.4423076923076923
lambda_peak_4_32,1584,0.36538461538461536
lambda_peak_4_32,1585,0.4423076923076923
lambda_peak_4_32,1586,0.3942307692307692
lambda_peak_4_32,1587,0.5384615384615384
lambda_peak_4_32,1588,0.5096153846153846
lambda_peak_4_32,1589,0.5576923076923077
lambda_peak_4_32,1590,0.5
lambda_peak_4_32,1591,0.49038461538461536
lambda_peak_4_32,1592,0.5384615384615384
lambda_peak_4_32,1593,0.375
lambda_peak_4_32,1594,0.4807692307692308
lambda_peak_4_32,1595,0.4326923076923077
lambda_peak_4_32,1596,0.4807692307692308
lambda_peak_4_32,1597,0.38461538461538464
lambda_peak_4_32,1598,0.4326923076923077
lambda_peak_4_32,1599,0.5192307692307693
lambda_peak_4_32,1600,0.4519230769230769
lambda_peak_4_32,1601,0.46153846153846156
lambda_peak_4_32,1602,0.5
lambda_peak_4_32,1603,0.5192307692307693
lambda_peak_4_32,1604,0.5096153846153846
lambda_peak_4_32,1605,0.47115384615384615
lambda_peak_4_32,1606,0.5096153846153846
lambda_peak_4_32,1607,0.47115384615384615
lambda_peak_4_32,1608,0.4519230769230769
lambda_peak_4_32,1609,0.5096153846153846
lambda_peak_4_32,1610,0.46153846153846156
lambda_peak_4_32,1611,0.5
lambda_peak_4_32,1612,0.4519230769230769
lambda_peak_4_32,1613,0.5480769230769231
lambda_peak_4_32,1614,0.5865384615384616
lambda_peak_4_32,1615,0.3942307692307692
lambda_peak_4_32,1616,0.47115384615384615
lambda_peak_4_32,1617,0.47115384615384615
lambda_peak_4_32,1618,0.49038461538461536
lambda_peak_4_32,1619,0.4230769230769231
lambda_peak_4_32,1620,0.5576923076923077
lambda_peak_4_32,1621,0.3942307692307692
lambda_peak_4_32,1622,0.5096153846153846
lambda_peak_4_32,1623,0.47115384615384615
lambda_peak_4_32,1624,0.47115384615384615
lambda_peak_4_32,1625,0.49038461538461536
lambda_peak_4_32,1626,0.4519230769230769
lambda_peak_4_32,1627,0.5
lambda_peak_4_32,1628,0.4423076923076923
lambda_peak_4_32,1629,0.40384615384615385
lambda_peak_4_32,1630,0.5865384615384616
lambda_peak_4_32,1631,0.5096153846153846
lambda_peak_4_32,1632,0.4519230769230769
lambda_peak_4_32,1633,0.46153846153846156
lambda_peak_4_32,1634,0.5288461538461539
lambda_peak_4_32,1635,0.5288461538461539
lambda_peak_4_32,1636,0.49038461538461536
lambda_peak_4_32,1637,0.5769230769230769
lambda_peak_4_32,1638,0.4230769230769231
lambda_peak_4_32,1639,0.41346153846153844
lambda_peak_4_32,1640,0.5576923076923077
lambda_peak_4_32,1641,0.34615384615384615
lambda_peak_4_32,1642,0.40384615384615385
lambda_peak_4_32,1643,0.46153846153846156
lambda_peak_4_32,1644,0.5288461538461539
lambda_peak_4_32,1645,0.5192307692307693
lambda_peak_4_32,1646,0.5288461538461539
lambda_peak_4_32,1647,0.4423076923076923
lambda_peak_4_32,1648,0.47115384615384615
lambda_peak_4_32,1649,0.3942307692307692
lambda_peak_4_32,1650,0.47115384615384615
lambda_peak_4_32,1651,0.4326923076923077
lambda_peak_4_32,1652,0.49038461538461536
lambda_peak_4_32,1653,0.4326923076923077
lambda_peak_4_32,1654,0.46153846153846156
lambda_peak_4_32,1655,0.5096153846153846
lambda_peak_4_32,1656,0.5288461538461539
lambda_peak_4_32,1657,0.3942307692307692
lambda_peak_4_32,1658,0.49038461538461536
lambda_peak_4_32,1659,0.4519230769230769
lambda_peak_4_32,1660,0.4423076923076923
lambda_peak_4_32,1661,0.47115384615384615
lambda_peak_4_32,1662,0.4519230769230769
lambda_peak_4_32,1663,0.5769230769230769
lambda_peak_4_32,1664,0.4423076923076923
lambda_peak_4_32,1665,0.40384615384615385
lambda_peak_4_32,1666,0.4326923076923077
lambda_peak_4_32,1667,0.5673076923076923
lambda_peak_4_32,1668,0.41346153846153844
lambda_peak_4_32,1669,0.47115384615384615
lambda_peak_4_32,1670,0.375
lambda_peak_4_32,1671,0.46153846153846156
lambda_peak_4_32,1672,0.38461538461538464
lambda_peak_4_32,1673,0.4423076923076923
lambda_peak_4_32,1674,0.5576923076923077
lambda_peak_4_32,1675,0.5384615384615384
lambda_peak_4_32,1676,0.5096153846153846
lambda_peak_4_32,1677,0.5096153846153846
lambda_peak_4_32,1678,0.49038461538461536
lambda_peak_4_32,1679,0.4230769230769231
lambda_peak_4_32,1680,0.5
lambda_peak_4_32,1681,0.4423076923076923
lambda_peak_4_32,1682,0.4519230769230769
lambda_peak_4_32,1683,0.3557692307692308
lambda_peak_4_32,1684,0.4519230769230769
lambda_peak_4_32,1685,0.5096153846153846
lambda_peak_4_32,1686,0.4519230769230769
lambda_peak_4_32,1687,0.4519230769230769
lambda_peak_4_32,1688,0.47115384615384615
lambda_peak_4_32,1689,0.5288461538461539
lambda_peak_4_32,1690,0.3942307692307692
lambda_peak_4_32,1691,0.40384615384615385
lambda_peak_4_32,1692,0.41346153846153844
lambda_peak_4_32,1693,0.4519230769230769
lambda_peak_4_32,1694,0.4423076923076923
lambda_peak_4_32,1695,0.4807692307692308
lambda_peak_4_32,1696,0.4519230769230769
lambda_peak_4_32,1697,0.4326923076923077
lambda_peak_4_32,1698,0.5288461538461539
lambda_peak_4_32,1699,0.5
lambda_peak_4_32,1700,0.5384615384615384
lambda_peak_4_32,1701,0.5288461538461539
lambda_peak_4_32,1702,0.47115384615384615
lambda_peak_4_32,1703,0.4423076923076923
lambda_peak_4_32,1704,0.5288461538461539
lambda_peak_4_32,1705,0.4519230769230769
lambda_peak_4_32,1706,0.4423076923076923
lambda_peak_4_32,1707,0.47115384615384615
lambda_peak_4_32,1708,0.47115384615384615
lambda_peak_4_32,1709,0.38461538461538464
lambda_peak_4_32,1710,0.5096153846153846
lambda_peak_4_32,1711,0.6057692307692307
lambda_peak_4_32,1712,0.49038461538461536
lambda_peak_4_32,1713,0.3942307692307692
lambda_peak_4_32,1714,0.4230769230769231
lambda_peak_4_32,1715,0.5961538461538461
lambda_peak_4_32,1716,0.5288461538461539
lambda_peak_4_32,1717,0.5096153846153846
lambda_peak_4_32,1718,0.40384615384615385
lambda_peak_4_32,1719,0.4326923076923077
lambda_peak_4_32,1720,0.4326923076923077
lambda_peak_4_32,1721,0.49038461538461536
lambda_peak_4_32,1722,0.5096153846153846
lambda_peak_4_32,1723,0.4423076923076923
lambda_peak_4_32,1724,0.3557692307692308
lambda_peak_4_32,1725,0.5
lambda_peak_4_32,1726,0.38461538461538464
lambda_peak_4_32,1727,0.5288461538461539
lambda_peak_4_32,1728,0.5576923076923077
lambda_peak_4_32,1729,0.3942307692307692
lambda_peak_4_32,1730,0.41346153846153844
lambda_peak_4_32,1731,0.49038461538461536
lambda_peak_4_32,1732,0.5
lambda_peak_4_32,1733,0.40384615384615385
lambda_peak_4_32,1734,0.46153846153846156
lambda_peak_4_32,1735,0.4519230769230769
lambda_peak_4_32,1736,0.5288461538461539
lambda_peak_4_32,1737,0.46153846153846156
lambda_peak_4_32,1738,0.40384615384615385
lambda_peak_4_32,1739,0.5
lambda_peak_4_32,1740,0.4326923076923077
lambda_peak_4_32,1741,0.4230769230769231
lambda_peak_4_32,1742,0.46153846153846156
lambda_peak_4_32,1743,0.46153846153846156
lambda_peak_4_32,1744,0.4423076923076923
lambda_peak_4_32,1745,0.49038461538461536
lambda_peak_4_32,1746,0.33653846153846156
lambda_peak_4_32,1747,0.5865384615384616
lambda_peak_4_32,1748,0.46153846153846156
lambda_peak_4_32,1749,0.49038461538461536
lambda_peak_4_32,1750,0.3076923076923077
lambda_peak_4_32,1751,0.4519230769230769
lambda_peak_4_32,1752,0.5192307692307693
lambda_peak_4_32,1753,0.4423076923076923
lambda_peak_4_32,1754,0.5384615384615384
lambda_peak_4_32,1755,0.41346153846153844
lambda_peak_4_32,1756,0.49038461538461536
lambda_peak_4_32,1757,0.4423076923076923
lambda_peak_4_32,1758,0.46153846153846156
lambda_peak_4_32,1759,0.4807692307692308
lambda_peak_4_32,1760,0.47115384615384615
lambda_peak_4_32,1761,0.41346153846153844
lambda_peak_4_32,1762,0.47115384615384615
lambda_peak_4_32,1763,0.4230769230769231
lambda_peak_4_32,1764,0.47115384615384615
lambda_peak_4_32,1765,0.4423076923076923
lambda_peak_4_32,1766,0.5096153846153846
lambda_peak_4_32,1767,0.4807692307692308
lambda_peak_4_32,1768,0.41346153846153844
lambda_peak_4_32,1769,0.4807692307692308
lambda_peak_4_32,1770,0.38461538461538464
lambda_peak_4_32,1771,0.49038461538461536
lambda_peak_4_32,1772,0.47115384615384615
lambda_peak_4_32,1773,0.5288461538461539
lambda_peak_4_32,1774,0.5
lambda_peak_4_32,1775,0.5
lambda_peak_4_32,1776,0.4423076923076923
lambda_peak_4_32,1777,0.4423076923076923
lambda_peak_4_32,1778,0.5288461538461539
lambda_peak_4_32,1779,0.4230769230769231
lambda_peak_4_32,1780,0.4807692307692308
lambda_peak_4_32,1781,0.4423076923076923
lambda_peak_4_32,1782,0.4519230769230769
lambda_peak_4_32,1783,0.5384615384615384
lambda_peak_4_32,1784,0.5288461538461539
lambda_peak_4_32,1785,0.5096153846153846
lambda_peak_4_32,1786,0.4519230769230769
lambda_peak_4_32,1787,0.38461538461538464
lambda_peak_4_32,1788,0.5673076923076923
lambda_peak_4_32,1789,0.5673076923076923
lambda_peak_4_32,1790,0.4807692307692308
lambda_peak_4_32,1791,0.47115384615384615
lambda_peak_4_32,1792,0.5480769230769231
lambda_peak_4_32,1793,0.5
lambda_peak_4_32,1794,0.5865384615384616
lambda_peak_4_32,1795,0.5
lambda_peak_4_32,1796,0.3942307692307692
lambda_peak_4_32,1797,0.5096153846153846
lambda_peak_4_32,1798,0.4807692307692308
lambda_peak_4_32,1799,0.47115384615384615
lambda_peak_4_32,1800,0.4519230769230769
lambda_peak_4_32,1801,0.5288461538461539
lambda_peak_4_32,1802,0.46153846153846156
lambda_peak_4_32,1803,0.4519230769230769
lambda_peak_4_32,1804,0.4230769230769231
lambda_peak_4_32,1805,0.4807692307692308
lambda_peak_4_32,1806,0.4519230769230769
lambda_peak_4_32,1807,0.5480769230769231
lambda_peak_4_32,1808,0.5288461538461539
lambda_peak_4_32,1809,0.5192307692307693
lambda_peak_4_32,1810,0.3942307692307692
lambda_peak_4_32,1811,0.4519230769230769
lambda_peak_4_32,1812,0.4423076923076923
lambda_peak_4_32,1813,0.5673076923076923
lambda_peak_4_32,1814,0.5096153846153846
lambda_peak_4_32,1815,0.49038461538461536
lambda_peak_4_32,1816,0.5192307692307693
lambda_peak_4_32,1817,0.4519230769230769
lambda_peak_4_32,1818,0.5480769230769231
lambda_peak_4_32,1819,0.41346153846153844
lambda_peak_4_32,1820,0.40384615384615385
lambda_peak_4_32,1821,0.4807692307692308
lambda_peak_4_32,1822,0.5865384615384616
lambda_peak_4_32,1823,0.49038461538461536
lambda_peak_4_32,1824,0.4230769230769231
lambda_peak_4_32,1825,0.5192307692307693
lambda_peak_4_32,1826,0.4423076923076923
lambda_peak_4_32,1827,0.4807692307692308
lambda_peak_4_32,1828,0.5096153846153846
lambda_peak_4_32,1829,0.34615384615384615
lambda_peak_4_32,1830,0.4519230769230769
lambda_peak_4_32,1831,0.4519230769230769
lambda_peak_4_32,1832,0.5480769230769231
lambda_peak_4_32,1833,0.4230769230769231
lambda_peak_4_32,1834,0.5384615384615384
lambda_peak_4_32,1835,0.40384615384615385
lambda_peak_4_32,1836,0.4519230769230769
lambda_peak_4_32,1837,0.33653846153846156
lambda_peak_4_32,1838,0.5192307692307693
lambda_peak_4_32,1839,0.4230769230769231
lambda_peak_4_32,1840,0.5192307692307693
lambda_peak_4_32,1841,0.4519230769230769
lambda_peak_4_32,1842,0.5288461538461539
lambda_peak_4_32,1843,0.4230769230769231
lambda_peak_4_32,1844,0.5192307692307693
lambda_peak_4_32,1845,0.49038461538461536
lambda_peak_4_32,1846,0.3942307692307692
lambda_peak_4_32,1847,0.46153846153846156
lambda_peak_4_32,1848,0.46153846153846156
lambda_peak_4_32,1849,0.4423076923076923
lambda_peak_4_32,1850,0.4423076923076923
lambda_peak_4_32,1851,0.4326923076923077
lambda_peak_4_32,1852,0.4807692307692308
lambda_peak_4_32,1853,0.4519230769230769
lambda_peak_4_32,1854,0.5480769230769231
lambda_peak_4_32,1855,0.4807692307692308
lambda_peak_4_32,1856,0.4519230769230769
lambda_peak_4_32,1857,0.4807692307692308
lambda_peak_4_32,1858,0.4326923076923077
lambda_peak_4_32,1859,0.5
lambda_peak_4_32,1860,0.49038461538461536
lambda_peak_4_32,1861,0.47115384615384615
lambda_peak_4_32,1862,0.375
lambda_peak_4_32,1863,0.41346153846153844
lambda_peak_4_32,1864,0.4230769230769231
lambda_peak_4_32,1865,0.47115384615384615
lambda_peak_4_32,1866,0.46153846153846156
lambda_peak_4_32,1867,0.5192307692307693
lambda_peak_4_32,1868,0.4423076923076923
lambda_peak_4_32,1869,0.46153846153846156
lambda_peak_4_32,1870,0.40384615384615385
lambda_peak_4_32,1871,0.4230769230769231
lambda_peak_4_32,1872,0.5096153846153846
lambda_peak_4_32,1873,0.4230769230769231
lambda_peak_4_32,1874,0.5192307692307693
lambda_peak_4_32,1875,0.40384615384615385
lambda_peak_4_32,1876,0.38461538461538464
lambda_peak_4_32,1877,0.41346153846153844
lambda_peak_4_32,1878,0.5
lambda_peak_4_32,1879,0.4230769230769231
lambda_peak_4_32,1880,0.47115384615384615
lambda_peak_4_32,1881,0.5
lambda_peak_4_32,1882,0.5384615384615384
lambda_peak_4_32,1883,0.49038461538461536
lambda_peak_4_32,1884,0.4423076923076923
lambda_peak_4_32,1885,0.3942307692307692
lambda_peak_4_32,1886,0.625
lambda_peak_4_32,1887,0.4807692307692308
lambda_peak_4_32,1888,0.46153846153846156
lambda_peak_4_32,1889,0.375
lambda_peak_4_32,1890,0.49038461538461536
lambda_peak_4_32,1891,0.49038461538461536
lambda_peak_4_32,1892,0.5
lambda_peak_4_32,1893,0.4807692307692308
lambda_peak_4_32,1894,0.4519230769230769
lambda_peak_4_32,1895,0.47115384615384615
lambda_peak_4_32,1896,0.5769230769230769
lambda_peak_4_32,1897,0.4807692307692308
lambda_peak_4_32,1898,0.46153846153846156
lambda_peak_4_32,1899,0.5192307692307693
lambda_peak_4_32,1900,0.4326923076923077
lambda_peak_4_32,1901,0.5192307692307693
lambda_peak_4_32,1902,0.4519230769230769
lambda_peak_4_32,1903,0.4326923076923077
lambda_peak_4_32,1904,0.5576923076923077
lambda_peak_4_32,1905,0.5384615384615384
lambda_peak_4_32,1906,0.5673076923076923
lambda_peak_4_32,1907,0.4807692307692308
lambda_peak_4_32,1908,0.5480769230769231
lambda_peak_4_32,1909,0.4423076923076923
lambda_peak_4_32,1910,0.47115384615384615
lambda_peak_4_32,1911,0.4519230769230769
lambda_peak_4_32,1912,0.46153846153846156
lambda_peak_4_32,1913,0.4807692307692308
lambda_peak_4_32,1914,0.4230769230769231
lambda_peak_4_32,1915,0.4807692307692308
lambda_peak_4_32,1916,0.5769230769230769
lambda_peak_4_32,1917,0.5096153846153846
lambda_peak_4_32,1918,0.5096153846153846
lambda_peak_4_32,1919,0.40384615384615385
lambda_peak_4_32,1920,0.4326923076923077
lambda_peak_4_32,1921,0.5480769230769231
lambda_peak_4_32,1922,0.5384615384615384
lambda_peak_4_32,1923,0.47115384615384615
lambda_peak_4_32,1924,0.41346153846153844
lambda_peak_4_32,1925,0.375
lambda_peak_4_32,1926,0.47115384615384615
lambda_peak_4_32,1927,0.4807692307692308
lambda_peak_4_32,1928,0.5480769230769231
lambda_peak_4_32,1929,0.4807692307692308
lambda_peak_4_32,1930,0.4326923076923077
lambda_peak_4_32,1931,0.40384615384615385
lambda_peak_4_32,1932,0.4519230769230769
lambda_peak_4_32,1933,0.5192307692307693
lambda_peak_4_32,1934,0.40384615384615385
lambda_peak_4_32,1935,0.5192307692307693
lambda_peak_4_32,1936,0.4326923076923077
lambda_peak_4_32,1937,0.4807692307692308
lambda_peak_4_32,1938,0.40384615384615385
lambda_peak_4_32,1939,0.41346153846153844
lambda_peak_4_32,1940,0.5096153846153846
lambda_peak_4_32,1941,0.5
lambda_peak_4_32,1942,0.46153846153846156
lambda_peak_4_32,1943,0.5384615384615384
lambda_peak_4_32,1944,0.5096153846153846
lambda_peak_4_32,1945,0.46153846153846156
lambda_peak_4_32,1946,0.47115384615384615
lambda_peak_4_32,1947,0.5288461538461539
lambda_peak_4_32,1948,0.41346153846153844
lambda_peak_4_32,1949,0.47115384615384615
lambda_peak_4_32,1950,0.4519230769230769
lambda_peak_4_32,1951,0.4807692307692308
lambda_peak_4_32,1952,0.5096153846153846
lambda_peak_4_32,1953,0.46153846153846156
lambda_peak_4_32,1954,0.5
lambda_peak_4_32,1955,0.4519230769230769
lambda_peak_4_32,1956,0.46153846153846156
lambda_peak_4_32,1957,0.5192307692307693
lambda_peak_4_32,1958,0.5865384615384616
lambda_peak_4_32,1959,0.4807692307692308
lambda_peak_4_32,1960,0.5096153846153846
lambda_peak_4_32,1961,0.3942307692307692
lambda_peak_4_32,1962,0.3942307692307692
lambda_peak_4_32,1963,0.5
lambda_peak_4_32,1964,0.4230769230769231
lambda_peak_4_32,1965,0.46153846153846156
lambda_peak_4_32,1966,0.5
lambda_peak_4_32,1967,0.5384615384615384
lambda_peak_4_32,1968,0.5096153846153846
lambda_peak_4_32,1969,0.40384615384615385
lambda_peak_4_32,1970,0.5769230769230769
lambda_peak_4_32,1971,0.5192307692307693
lambda_peak_4_32,1972,0.5192307692307693
lambda_peak_4_32,1973,0.5480769230769231
lambda_peak_4_32,1974,0.33653846153846156
lambda_peak_4_32,1975,0.4423076923076923
lambda_peak_4_32,1976,0.5096153846153846
lambda_peak_4_32,1977,0.47115384615384615
lambda_peak_4_32,1978,0.33653846153846156
lambda_peak_4_32,1979,0.4519230769230769
lambda_peak_4_32,1980,0.5480769230769231
lambda_peak_4_32,1981,0.5
lambda_peak_4_32,1982,0.49038461538461536
lambda_peak_4_32,1983,0.47115384615384615
lambda_peak_4_32,1984,0.5769230769230769
lambda_peak_4_32,1985,0.49038461538461536
lambda_peak_4_32,1986,0.3269230769230769
lambda_peak_4_32,1987,0.4807692307692308
lambda_peak_4_32,1988,0.4807692307692308
lambda_peak_4_32,1989,0.40384615384615385
lambda_peak_4_32,1990,0.46153846153846156
lambda_peak_4_32,1991,0.4519230769230769
lambda_peak_4_32,1992,0.4807692307692308
lambda_peak_4_32,1993,0.4519230769230769
lambda_peak_4_32,1994,0.5288461538461539
lambda_peak_4_32,1995,0.41346153846153844
lambda_peak_4_32,1996,0.5576923076923077
lambda_peak_4_32,1997,0.375
lambda_peak_4_32,1998,0.47115384615384615
lambda_peak_4_32,1999,0.4230769230769231
lambda_peak_4_32,2000,0.4519230769230769
lambda_peak_4_32,2001,0.5
lambda_peak_4_32,2002,0.5576923076923077
lambda_peak_4_32,2003,0.4230769230769231
lambda_peak_4_32,2004,0.38461538461538464
lambda_peak_4_32,2005,0.4519230769230769
lambda_peak_4_32,2006,0.46153846153846156
lambda_peak_4_32,2007,0.4230769230769231
lambda_peak_4_32,2008,0.49038461538461536
lambda_peak_4_32,2009,0.49038461538461536
lambda_peak_4_32,2010,0.46153846153846156
lambda_peak_4_32,2011,0.46153846153846156
lambda_peak_4_32,2012,0.46153846153846156
lambda_peak_4_32,2013,0.4807692307692308
lambda_peak_4_32,2014,0.46153846153846156
lambda_peak_4_32,2015,0.4423076923076923
lambda_peak_4_32,2016,0.4423076923076923
lambda_peak_4_32,2017,0.5384615384615384
lambda_peak_4_32,2018,0.4807692307692308
lambda_peak_4_32,2019,0.4326923076923077
lambda_peak_4_32,2020,0.5
lambda_peak_4_32,2021,0.46153846153846156
lambda_peak_4_32,2022,0.5480769230769231
lambda_peak_4_32,2023,0.375
lambda_peak_4_32,2024,0.5769230769230769
lambda_peak_4_32,2025,0.4807692307692308
lambda_peak_4_32,2026,0.4423076923076923
lambda_peak_4_32,2027,0.4807692307692308
lambda_peak_4_32,2028,0.5288461538461539
lambda_peak_4_32,2029,0.49038461538461536
lambda_peak_4_32,2030,0.4423076923076923
lambda_peak_4_32,2031,0.5096153846153846
lambda_peak_4_32,2032,0.41346153846153844
lambda_peak_4_32,2033,0.4423076923076923
lambda_peak_4_32,2034,0.4230769230769231
lambda_peak_4_32,2035,0.4423076923076923
lambda_peak_4_32,2036,0.4230769230769231
lambda_peak_4_32,2037,0.4230769230769231
lambda_peak_4_32,2038,0.4519230769230769
lambda_peak_4_32,2039,0.46153846153846156
lambda_peak_4_32,2040,0.49038461538461536
lambda_peak_4_32,2041,0.5192307692307693
lambda_peak_4_32,2042,0.4423076923076923
lambda_peak_4_32,2043,0.49038461538461536
lambda_peak_4_32,2044,0.5096153846153846
lambda_peak_4_32,2045,0.4519230769230769
lambda_peak_4_32,2046,0.40384615384615385
lambda_peak_4_32,2047,0.47115384615384615
lambda_peak_4_32,2048,0.40384615384615385
lambda_peak_4_32,2049,0.4423076923076923
lambda_peak_4_32,2050,0.4423076923076923
lambda_peak_4_32,2051,0.4519230769230769
lambda_peak_4_32,2052,0.5096153846153846
lambda_peak_4_32,2053,0.41346153846153844
lambda_peak_4_32,2054,0.5673076923076923
lambda_peak_4_32,2055,0.5288461538461539
lambda_peak_4_32,2056,0.5096153846153846
lambda_peak_4_32,2057,0.4519230769230769
lambda_peak_4_32,2058,0.4326923076923077
lambda_peak_4_32,2059,0.46153846153846156
lambda_peak_4_32,2060,0.36538461538461536
lambda_peak_4_32,2061,0.49038461538461536
lambda_peak_4_32,2062,0.5576923076923077
lambda_peak_4_32,2063,0.4807692307692308
lambda_peak_4_32,2064,0.4519230769230769
lambda_peak_4_32,2065,0.5384615384615384
lambda_peak_4_32,2066,0.40384615384615385
lambda_peak_4_32,2067,0.5
lambda_peak_4_32,2068,0.5192307692307693
lambda_peak_4_32,2069,0.5096153846153846
lambda_peak_4_32,2070,0.5288461538461539
lambda_peak_4_32,2071,0.4519230769230769
lambda_peak_4_32,2072,0.5480769230769231
lambda_peak_4_32,2073,0.4807692307692308
lambda_peak_4_32,2074,0.5192307692307693
lambda_peak_4_32,2075,0.47115384615384615
lambda_peak_4_32,2076,0.5192307692307693
lambda_peak_4_32,2077,0.5192307692307693
lambda_peak_4_32,2078,0.38461538461538464
lambda_peak_4_32,2079,0.46153846153846156
lambda_peak_4_32,2080,0.4326923076923077
lambda_peak_4_32,2081,0.5576923076923077
lambda_peak_4_32,2082,0.4519230769230769
lambda_peak_4_32,2083,0.5769230769230769
lambda_peak_4_32,2084,0.5192307692307693
lambda_peak_4_32,2085,0.34615384615384615
lambda_peak_4_32,2086,0.40384615384615385
lambda_peak_4_32,2087,0.46153846153846156
lambda_peak_4_32,2088,0.5096153846153846
lambda_peak_4_32,2089,0.5288461538461539
lambda_peak_4_32,2090,0.5096153846153846
lambda_peak_4_32,2091,0.46153846153846156
lambda_peak_4_32,2092,0.5288461538461539
lambda_peak_4_32,2093,0.47115384615384615
lambda_peak_4_32,2094,0.3942307692307692
lambda_peak_4_32,2095,0.38461538461538464
lambda_peak_4_32,2096,0.5288461538461539
lambda_peak_4_32,2097,0.47115384615384615
lambda_peak_4_32,2098,0.5096153846153846
lambda_peak_4_32,2099,0.41346153846153844
lambda_peak_4_32,2100,0.5480769230769231
lambda_peak_4_32,2101,0.4230769230769231
lambda_peak_4_32,2102,0.5192307692307693
lambda_peak_4_32,2103,0.5673076923076923
lambda_peak_4_32,2104,0.5288461538461539
lambda_peak_4_32,2105,0.4519230769230769
lambda_peak_4_32,2106,0.46153846153846156
lambda_peak_4_32,2107,0.5
lambda_peak_4_32,2108,0.375
lambda_peak_4_32,2109,0.6057692307692307
lambda_peak_4_32,2110,0.40384615384615385
lambda_peak_4_32,2111,0.4519230769230769
lambda_peak_4_32,2112,0.4326923076923077
lambda_peak_4_32,2113,0.4519230769230769
lambda_peak_4_32,2114,0.4807692307692308
lambda_peak_4_32,2115,0.4423076923076923
lambda_peak_4_32,2116,0.5096153846153846
lambda_peak_4_32,2117,0.5480769230769231
lambda_peak_4_32,2118,0.5
lambda_peak_4_32,2119,0.5
lambda_peak_4_32,2120,0.40384615384615385
lambda_peak_4_32,2121,0.4423076923076923
lambda_peak_4_32,2122,0.3942307692307692
lambda_peak_4_32,2123,0.4423076923076923
lambda_peak_4_32,2124,0.4423076923076923
lambda_peak_4_32,2125,0.38461538461538464
lambda_peak_4_32,2126,0.4519230769230769
lambda_peak_4_32,2127,0.4230769230769231
lambda_peak_4_32,2128,0.5
lambda_peak_4_32,2129,0.49038461538461536
lambda_peak_4_32,2130,0.4807692307692308
lambda_peak_4_32,2131,0.4519230769230769
lambda_peak_4_32,2132,0.4326923076923077
lambda_peak_4_32,2133,0.4423076923076923
lambda_peak_4_32,2134,0.47115384615384615
lambda_peak_4_32,2135,0.4807692307692308
lambda_peak_4_32,2136,0.5
lambda_peak_4_32,2137,0.3942307692307692
lambda_peak_4_32,2138,0.4423076923076923
lambda_peak_4_32,2139,0.375
lambda_peak_4_32,2140,0.5288461538461539
lambda_peak_4_32,2141,0.5
lambda_peak_4_32,2142,0.46153846153846156
lambda_peak_4_32,2143,0.5
lambda_peak_4_32,2144,0.38461538461538464
lambda_peak_4_32,2145,0.4326923076923077
lambda_peak_4_32,2146,0.5288461538461539
lambda_peak_4_32,2147,0.5673076923076923
lambda_peak_4_32,2148,0.46153846153846156
lambda_peak_4_32,2149,0.5673076923076923
lambda_peak_4_32,2150,0.49038461538461536
lambda_peak_4_32,2151,0.27884615384615385
lambda_peak_4_32,2152,0.4519230769230769
lambda_peak_4_32,2153,0.5096153846153846
lambda_peak_4_32,2154,0.49038461538461536
lambda_peak_4_32,2155,0.4423076923076923
lambda_peak_4_32,2156,0.5288461538461539
lambda_peak_4_32,2157,0.49038461538461536
lambda_peak_4_32,2158,0.46153846153846156
lambda_peak_4_32,2159,0.40384615384615385
lambda_peak_4_32,2160,0.46153846153846156
lambda_peak_4_32,2161,0.4423076923076923
lambda_peak_4_32,2162,0.49038461538461536
lambda_peak_4_32,2163,0.5288461538461539
lambda_peak_4_32,2164,0.5192307692307693
lambda_peak_4_32,2165,0.5769230769230769
lambda_peak_4_32,2166,0.41346153846153844
lambda_peak_4_32,2167,0.49038461538461536
lambda_peak_4_32,2168,0.4807692307692308
lambda_peak_4_32,2169,0.41346153846153844
lambda_peak_4_32,2170,0.5576923076923077
lambda_peak_4_32,2171,0.5096153846153846
lambda_peak_4_32,2172,0.5096153846153846
lambda_peak_4_32,2173,0.49038461538461536
lambda_peak_4_32,2174,0.5288461538461539
lambda_peak_4_32,2175,0.3557692307692308
lambda_peak_4_32,2176,0.46153846153846156
lambda_peak_4_32,2177,0.41346153846153844
lambda_peak_4_32,2178,0.4230769230769231
lambda_peak_4_32,2179,0.49038461538461536
lambda_peak_4_32,2180,0.46153846153846156
lambda_peak_4_32,2181,0.5576923076923077
lambda_peak_4_32,2182,0.5288461538461539
lambda_peak_4_32,2183,0.5
lambda_peak_4_32,2184,0.49038461538461536
lambda_peak_4_32,2185,0.3942307692307692
lambda_peak_4_32,2186,0.4230769230769231
lambda_peak_4_32,2187,0.4423076923076923
lambda_peak_4_32,2188,0.4519230769230769
lambda_peak_4_32,2189,0.38461538461538464
lambda_peak_4_32,2190,0.4519230769230769
lambda_peak_4_32,2191,0.41346153846153844
lambda_peak_4_32,2192,0.47115384615384615
lambda_peak_4_32,2193,0.4519230769230769
lambda_peak_4_32,2194,0.41346153846153844
lambda_peak_4_32,2195,0.5288461538461539
lambda_peak_4_32,2196,0.3942307692307692
lambda_peak_4_32,2197,0.41346153846153844
lambda_peak_4_32,2198,0.3269230769230769
lambda_peak_4_32,2199,0.5096153846153846
lambda_peak_4_32,2200,0.5096153846153846
lambda_peak_4_32,2201,0.38461538461538464
lambda_peak_4_32,2202,0.47115384615384615
lambda_peak_4_32,2203,0.5
lambda_peak_4_32,2204,0.5576923076923077
lambda_peak_4_32,2205,0.47115384615384615
lambda_peak_4_32,2206,0.40384615384615385
lambda_peak_4_32,2207,0.4519230769230769
lambda_peak_4_32,2208,0.49038461538461536
lambda_peak_4_32,2209,0.4807692307692308
lambda_peak_4_32,2210,0.4326923076923077
lambda_peak_4_32,2211,0.3557692307692308
lambda_peak_4_32,2212,0.47115384615384615
lambda_peak_4_32,2213,0.5
lambda_peak_4_32,2214,0.375
lambda_peak_4_32,2215,0.49038461538461536
lambda_peak_4_32,2216,0.5
lambda_peak_4_32,2217,0.4423076923076923
lambda_peak_4_32,2218,0.5192307692307693
lambda_peak_4_32,2219,0.5384615384615384
lambda_peak_4_32,2220,0.5769230769230769
lambda_peak_4_32,2221,0.5576923076923077
lambda_peak_4_32,2222,0.4326923076923077
lambda_peak_4_32,2223,0.5576923076923077
lambda_peak_4_32,2224,0.4423076923076923
lambda_peak_4_32,2225,0.4423076923076923
lambda_peak_4_32,2226,0.5288461538461539
lambda_peak_4_32,2227,0.5769230769230769
lambda_peak_4_32,2228,0.4807692307692308
lambda_peak_4_32,2229,0.5192307692307693
lambda_peak_4_32,2230,0.46153846153846156
lambda_peak_4_32,2231,0.47115384615384615
lambda_peak_4_32,2232,0.4807692307692308
lambda_peak_4_32,2233,0.5865384615384616
lambda_peak_4_32,2234,0.5192307692307693
lambda_peak_4_32,2235,0.36538461538461536
lambda_peak_4_32,2236,0.5
lambda_peak_4_32,2237,0.47115384615384615
lambda_peak_4_32,2238,0.49038461538461536
lambda_peak_4_32,2239,0.5384615384615384
lambda_peak_4_32,2240,0.5480769230769231
lambda_peak_4_32,2241,0.6153846153846154
lambda_peak_4_32,2242,0.41346153846153844
lambda_peak_4_32,2243,0.5288461538461539
lambda_peak_4_32,2244,0.40384615384615385
lambda_peak_4_32,2245,0.4423076923076923
lambda_peak_4_32,2246,0.49038461538461536
lambda_peak_4_32,2247,0.40384615384615385
lambda_peak_4_32,2248,0.5769230769230769
lambda_peak_4_32,2249,0.49038461538461536
lambda_peak_4_32,2250,0.5865384615384616
lambda_peak_4_32,2251,0.5
lambda_peak_4_32,2252,0.41346153846153844
lambda_peak_4_32,2253,0.5480769230769231
lambda_peak_4_32,2254,0.4423076923076923
lambda_peak_4_32,2255,0.5673076923076923
lambda_peak_4_32,2256,0.36538461538461536
lambda_peak_4_32,2257,0.4326923076923077
lambda_peak_4_32,2258,0.3942307692307692
lambda_peak_4_32,2259,0.4519230769230769
lambda_peak_4_32,2260,0.5769230769230769
lambda_peak_4_32,2261,0.46153846153846156
lambda_peak_4_32,2262,0.4807692307692308
lambda_peak_4_32,2263,0.6057692307692307
lambda_peak_4_32,2264,0.4807692307692308
lambda_peak_4_32,2265,0.4807692307692308
lambda_peak_4_32,2266,0.4807692307692308
lambda_peak_4_32,2267,0.41346153846153844
lambda_peak_4_32,2268,0.3557692307692308
lambda_peak_4_32,2269,0.40384615384615385
lambda_peak_4_32,2270,0.5576923076923077
lambda_peak_4_32,2271,0.4230769230769231
lambda_peak_4_32,2272,0.49038461538461536
lambda_peak_4_32,2273,0.375
lambda_peak_4_32,2274,0.5288461538461539
lambda_peak_4_32,2275,0.4423076923076923
lambda_peak_4_32,2276,0.4423076923076923
lambda_peak_4_32,2277,0.4230769230769231
lambda_peak_4_32,2278,0.46153846153846156
lambda_peak_4_32,2279,0.46153846153846156
lambda_peak_4_32,2280,0.5
lambda_peak_4_32,2281,0.5096153846153846
lambda_peak_4_32,2282,0.4519230769230769
lambda_peak_4_32,2283,0.38461538461538464
lambda_peak_4_32,2284,0.4519230769230769
lambda_peak_4_32,2285,0.4326923076923077
lambda_peak_4_32,2286,0.4807692307692308
lambda_peak_4_32,2287,0.4519230769230769
lambda_peak_4_32,2288,0.3942307692307692
lambda_peak_4_32,2289,0.4807692307692308
lambda_peak_4_32,2290,0.4423076923076923
lambda_peak_4_32,2291,0.47115384615384615
lambda_peak_4_32,2292,0.4230769230769231
lambda_peak_4_32,2293,0.5096153846153846
lambda_peak_4_32,2294,0.46153846153846156
lambda_peak_4_32,2295,0.4326923076923077
lambda_peak_4_32,2296,0.5192307692307693
lambda_peak_4_32,2297,0.5769230769230769
lambda_peak_4_32,2298,0.375
lambda_peak_4_32,2299,0.41346153846153844
lambda_peak_4_32,2300,0.41346153846153844
lambda_peak_4_32,2301,0.5096153846153846
lambda_peak_4_32,2302,0.5
lambda_peak_4_32,2303,0.46153846153846156
lambda_peak_4_32,2304,0.5288461538461539
lambda_peak_4_32,2305,0.46153846153846156
lambda_peak_4_32,2306,0.4423076923076923
lambda_peak_4_32,2307,0.46153846153846156
lambda_peak_4_32,2308,0.5480769230769231
lambda_peak_4_32,2309,0.5673076923076923
lambda_peak_4_32,2310,0.40384615384615385
lambda_peak_4_32,2311,0.375
lambda_peak_4_32,2312,0.49038461538461536
lambda_peak_4_32,2313,0.49038461538461536
lambda_peak_4_32,2314,0.3942307692307692
lambda_peak_4_32,2315,0.4423076923076923
lambda_peak_4_32,2316,0.40384615384615385
lambda_peak_4_32,2317,0.40384615384615385
lambda_peak_4_32,2318,0.5096153846153846
lambda_peak_4_32,2319,0.5288461538461539
lambda_peak_4_32,2320,0.4230769230769231
lambda_peak_4_32,2321,0.5673076923076923
lambda_peak_4_32,2322,0.36538461538461536
lambda_peak_4_32,2323,0.4519230769230769
lambda_peak_4_32,2324,0.49038461538461536
lambda_peak_4_32,2325,0.4423076923076923
lambda_peak_4_32,2326,0.40384615384615385
lambda_peak_4_32,2327,0.46153846153846156
lambda_peak_4_32,2328,0.4423076923076923
lambda_peak_4_32,2329,0.49038461538461536
lambda_peak_4_32,2330,0.3942307692307692
lambda_peak_4_32,2331,0.5096153846153846
lambda_peak_4_32,2332,0.4423076923076923
lambda_peak_4_32,2333,0.49038461538461536
lambda_peak_4_32,2334,0.41346153846153844
lambda_peak_4_32,2335,0.49038461538461536
lambda_peak_4_32,2336,0.4519230769230769
lambda_peak_4_32,2337,0.4807692307692308
lambda_peak_4_32,2338,0.5961538461538461
lambda_peak_4_32,2339,0.40384615384615385
lambda_peak_4_32,2340,0.4230769230769231
lambda_peak_4_32,2341,0.5192307692307693
lambda_peak_4_32,2342,0.4423076923076923
lambda_peak_4_32,2343,0.4519230769230769
lambda_peak_4_32,2344,0.4326923076923077
lambda_peak_4_32,2345,0.41346153846153844
lambda_peak_4_32,2346,0.4807692307692308
lambda_peak_4_32,2347,0.47115384615384615
lambda_peak_4_32,2348,0.47115384615384615
lambda_peak_4_32,2349,0.5
lambda_peak_4_32,2350,0.4423076923076923
lambda_peak_4_32,2351,0.4326923076923077
lambda_peak_4_32,2352,0.3942307692307692
lambda_peak_4_32,2353,0.4230769230769231
lambda_peak_4_32,2354,0.4230769230769231
lambda_peak_4_32,2355,0.41346153846153844
lambda_peak_4_32,2356,0.49038461538461536
lambda_peak_4_32,2357,0.49038461538461536
lambda_peak_4_32,2358,0.3942307692307692
lambda_peak_4_32,2359,0.5288461538461539
lambda_peak_4_32,2360,0.41346153846153844
lambda_peak_4_32,2361,0.5
lambda_peak_4_32,2362,0.46153846153846156
lambda_peak_4_32,2363,0.5673076923076923
lambda_peak_4_32,2364,0.5576923076923077
lambda_peak_4_32,2365,0.46153846153846156
lambda_peak_4_32,2366,0.40384615384615385
lambda_peak_4_32,2367,0.40384615384615385
lambda_peak_4_32,2368,0.5
lambda_peak_4_32,2369,0.47115384615384615
lambda_peak_4_32,2370,0.4423076923076923
lambda_peak_4_32,2371,0.47115384615384615
lambda_peak_4_32,2372,0.46153846153846156
lambda_peak_4_32,2373,0.4807692307692308
lambda_peak_4_32,2374,0.40384615384615385
lambda_peak_4_32,2375,0.47115384615384615
lambda_peak_4_32,2376,0.4807692307692308
lambda_peak_4_32,2377,0.5
lambda_peak_4_32,2378,0.5769230769230769
lambda_peak_4_32,2379,0.5192307692307693
lambda_peak_4_32,2380,0.5
lambda_peak_4_32,2381,0.4519230769230769
lambda_peak_4_32,2382,0.49038461538461536
lambda_peak_4_32,2383,0.4519230769230769
lambda_peak_4_32,2384,0.40384615384615385
lambda_peak_4_32,2385,0.4519230769230769
lambda_peak_4_32,2386,0.4423076923076923
lambda_peak_4_32,2387,0.46153846153846156
lambda_peak_4_32,2388,0.5769230769230769
lambda_peak_4_32,2389,0.4326923076923077
lambda_peak_4_32,2390,0.46153846153846156
lambda_peak_4_32,2391,0.47115384615384615
lambda_peak_4_32,2392,0.46153846153846156
lambda_peak_4_32,2393,0.5288461538461539
lambda_peak_4_32,2394,0.5
lambda_peak_4_32,2395,0.5
lambda_peak_4_32,2396,0.4326923076923077
lambda_peak_4_32,2397,0.5673076923076923
lambda_peak_4_32,2398,0.46153846153846156
lambda_peak_4_32,2399,0.4807692307692308
lambda_peak_4_32,2400,0.4423076923076923
lambda_peak_4_32,2401,0.4230769230769231
lambda_peak_4_32,2402,0.5
lambda_peak_4_32,2403,0.46153846153846156
lambda_peak_4_32,2404,0.5096153846153846
lambda_peak_4_32,2405,0.49038461538461536
lambda_peak_4_32,2406,0.5
lambda_peak_4_32,2407,0.4519230769230769
lambda_peak_4_32,2408,0.47115384615384615
lambda_peak_4_32,2409,0.5096153846153846
lambda_peak_4_32,2410,0.3557692307692308
lambda_peak_4_32,2411,0.47115384615384615
lambda_peak_4_32,2412,0.4326923076923077
lambda_peak_4_32,2413,0.33653846153846156
lambda_peak_4_32,2414,0.4807692307692308
lambda_peak_4_32,2415,0.4230769230769231
lambda_peak_4_32,2416,0.4326923076923077
lambda_peak_4_32,2417,0.5192307692307693
lambda_peak_4_32,2418,0.4230769230769231
lambda_peak_4_32,2419,0.4807692307692308
lambda_peak_4_32,2420,0.375
lambda_peak_4_32,2421,0.3942307692307692
lambda_peak_4_32,2422,0.4423076923076923
lambda_peak_4_32,2423,0.5
lambda_peak_4_32,2424,0.49038461538461536
lambda_peak_4_32,2425,0.3557692307692308
lambda_peak_4_32,2426,0.46153846153846156
lambda_peak_4_32,2427,0.4326923076923077
lambda_peak_4_32,2428,0.5384615384615384
lambda_peak_4_32,2429,0.47115384615384615
lambda_peak_4_32,2430,0.5
lambda_peak_4_32,2431,0.5096153846153846
lambda_peak_4_32,2432,0.5673076923076923
lambda_peak_4_32,2433,0.4423076923076923
lambda_peak_4_32,2434,0.4423076923076923
lambda_peak_4_32,2435,0.47115384615384615
lambda_peak_4_32,2436,0.4807692307692308
lambda_peak_4_32,2437,0.5288461538461539
lambda_peak_4_32,2438,0.5
lambda_peak_4_32,2439,0.4807692307692308
lambda_peak_4_32,2440,0.38461538461538464
lambda_peak_4_32,2441,0.4230769230769231
lambda_peak_4_32,2442,0.47115384615384615
lambda_peak_4_32,2443,0.5384615384615384
lambda_peak_4_32,2444,0.46153846153846156
lambda_peak_4_32,2445,0.4230769230769231
lambda_peak_4_32,2446,0.4230769230769231
lambda_peak_4_32,2447,0.46153846153846156
lambda_peak_4_32,2448,0.4519230769230769
lambda_peak_4_32,2449,0.49038461538461536
lambda_peak_4_32,2450,0.4230769230769231
lambda_peak_4_32,2451,0.46153846153846156
lambda_peak_4_32,2452,0.47115384615384615
lambda_peak_4_32,2453,0.40384615384615385
lambda_peak_4_32,2454,0.47115384615384615
lambda_peak_4_32,2455,0.47115384615384615
lambda_peak_4_32,2456,0.5096153846153846
lambda_peak_4_32,2457,0.3942307692307692
lambda_peak_4_32,2458,0.4326923076923077
lambda_peak_4_32,2459,0.375
lambda_peak_4_32,2460,0.4230769230769231
lambda_peak_4_32,2461,0.34615384615384615
lambda_peak_4_32,2462,0.47115384615384615
lambda_peak_4_32,2463,0.49038461538461536
lambda_peak_4_32,2464,0.5096153846153846
lambda_peak_4_32,2465,0.3942307692307692
lambda_peak_4_32,2466,0.49038461538461536
lambda_peak_4_32,2467,0.4519230769230769
lambda_peak_4_32,2468,0.4519230769230769
lambda_peak_4_32,2469,0.5480769230769231
lambda_peak_4_32,2470,0.5288461538461539
lambda_peak_4_32,2471,0.49038461538461536
lambda_peak_4_32,2472,0.5384615384615384
lambda_peak_4_32,2473,0.4519230769230769
lambda_peak_4_32,2474,0.4807692307692308
lambda_peak_4_32,2475,0.49038461538461536
lambda_peak_4_32,2476,0.4807692307692308
lambda_peak_4_32,2477,0.4326923076923077
lambda_peak_4_32,2478,0.41346153846153844
lambda_peak_4_32,2479,0.38461538461538464
lambda_peak_4_32,2480,0.49038461538461536
lambda_peak_4_32,2481,0.4326923076923077
lambda_peak_4_32,2482,0.6153846153846154
lambda_peak_4_32,2483,0.4423076923076923
lambda_peak_4_32,2484,0.5096153846153846
lambda_peak_4_32,2485,0.3942307692307692
lambda_peak_4_32,2486,0.46153846153846156
lambda_peak_4_32,2487,0.5192307692307693
lambda_peak_4_32,2488,0.625
lambda_peak_4_32,2489,0.5192307692307693
lambda_peak_4_32,2490,0.5
lambda_peak_4_32,2491,0.4519230769230769
lambda_peak_4_32,2492,0.47115384615384615
lambda_peak_4_32,2493,0.4423076923076923
lambda_peak_4_32,2494,0.6153846153846154
lambda_peak_4_32,2495,0.4807692307692308
lambda_peak_4_32,2496,0.41346153846153844
lambda_peak_4_32,2497,0.5
lambda_peak_4_32,2498,0.4423076923076923
lambda_peak_4_32,2499,0.5
lambda_peak_4_32,2500,0.46153846153846156
lambda_peak_4_32,2501,0.5
lambda_peak_4_32,2502,0.5
lambda_peak_4_32,2503,0.47115384615384615
lambda_peak_4_32,2504,0.47115384615384615
lambda_peak_4_32,2505,0.375
lambda_peak_4_32,2506,0.4807692307692308
lambda_peak_4_32,2507,0.4807692307692308
lambda_peak_4_32,2508,0.4326923076923077
lambda_peak_4_32,2509,0.375
lambda_peak_4_32,2510,0.5096153846153846
lambda_peak_4_32,2511,0.47115384615384615
lambda_peak_4_32,2512,0.4230769230769231
lambda_peak_4_32,2513,0.375
lambda_peak_4_32,2514,0.5673076923076923
lambda_peak_4_32,2515,0.41346153846153844
lambda_peak_4_32,2516,0.40384615384615385
lambda_peak_4_32,2517,0.5192307692307693
lambda_peak_4_32,2518,0.46153846153846156
lambda_peak_4_32,2519,0.49038461538461536
lambda_peak_4_32,2520,0.4519230769230769
lambda_peak_4_32,2521,0.47115384615384615
lambda_peak_4_32,2522,0.4230769230769231
lambda_peak_4_32,2523,0.5096153846153846
lambda_peak_4_32,2524,0.4807692307692308
lambda_peak_4_32,2525,0.4423076923076923
lambda_peak_4_32,2526,0.46153846153846156
lambda_peak_4_32,2527,0.5096153846153846
lambda_peak_4_32,2528,0.5384615384615384
lambda_peak_4_32,2529,0.4423076923076923
lambda_peak_4_32,2530,0.4423076923076923
lambda_peak_4_32,2531,0.41346153846153844
lambda_peak_4_32,2532,0.40384615384615385
lambda_peak_4_32,2533,0.4230769230769231
lambda_peak_4_32,2534,0.4230769230769231
lambda_peak_4_32,2535,0.4423076923076923
lambda_peak_4_32,2536,0.5096153846153846
lambda_peak_4_32,2537,0.5480769230769231
lambda_peak_4_32,2538,0.46153846153846156
lambda_peak_4_32,2539,0.5192307692307693
lambda_peak_4_32,2540,0.3942307692307692
lambda_peak_4_32,2541,0.5288461538461539
lambda_peak_4_32,2542,0.41346153846153844
lambda_peak_4_32,2543,0.4807692307692308
lambda_peak_4_32,2544,0.625
lambda_peak_4_32,2545,0.4423076923076923
lambda_peak_4_32,2546,0.4519230769230769
lambda_peak_4_32,2547,0.4230769230769231
lambda_peak_4_32,2548,0.4326923076923077
lambda_peak_4_32,2549,0.5
lambda_peak_4_32,2550,0.46153846153846156
lambda_peak_4_32,2551,0.5
lambda_peak_4_32,2552,0.5192307692307693
lambda_peak_4_32,2553,0.4326923076923077
lambda_peak_4_32,2554,0.5384615384615384
lambda_peak_4_32,2555,0.4423076923076923
lambda_peak_4_32,2556,0.5096153846153846
lambda_peak_4_32,2557,0.40384615384615385
lambda_peak_4_32,2558,0.4807692307692308
lambda_peak_4_32,2559,0.5288461538461539
lambda_peak_4_32,2560,0.38461538461538464
lambda_peak_4_32,2561,0.5096153846153846
lambda_peak_4_32,2562,0.4230769230769231
lambda_peak_4_32,2563,0.47115384615384615
lambda_peak_4_32,2564,0.5288461538461539
lambda_peak_4_32,2565,0.47115384615384615
lambda_peak_4_32,2566,0.5865384615384616
lambda_peak_4_32,2567,0.5192307692307693
lambda_peak_4_32,2568,0.5
lambda_peak_4_32,2569,0.5288461538461539
lambda_peak_4_32,2570,0.5384615384615384
lambda_peak_4_32,2571,0.4230769230769231
lambda_peak_4_32,2572,0.46153846153846156
lambda_peak_4_32,2573,0.5096153846153846
lambda_peak_4_32,2574,0.5384615384615384
lambda_peak_4_32,2575,0.49038461538461536
lambda_peak_4_32,2576,0.5
lambda_peak_4_32,2577,0.5288461538461539
lambda_peak_4_32,2578,0.5288461538461539
lambda_peak_4_32,2579,0.5384615384615384
lambda_peak_4_32,2580,0.4519230769230769
lambda_peak_4_32,2581,0.47115384615384615
lambda_peak_4_32,2582,0.4230769230769231
lambda_peak_4_32,2583,0.5096153846153846
lambda_peak_4_32,2584,0.3173076923076923
lambda_peak_4_32,2585,0.47115384615384615
lambda_peak_4_32,2586,0.3942307692307692
lambda_peak_4_32,2587,0.5384615384615384
lambda_peak_4_32,2588,0.3942307692307692
lambda_peak_4_32,2589,0.5288461538461539
lambda_peak_4_32,2590,0.5096153846153846
lambda_peak_4_32,2591,0.5192307692307693
lambda_peak_4_32,2592,0.40384615384615385
lambda_peak_4_32,2593,0.4519230769230769
lambda_peak_4_32,2594,0.5576923076923077
lambda_peak_4_32,2595,0.46153846153846156
lambda_peak_4_32,2596,0.4230769230769231
lambda_peak_4_32,2597,0.375
lambda_peak_4_32,2598,0.375
lambda_peak_4_32,2599,0.5
lambda_peak_4_32,2600,0.41346153846153844
lambda_peak_4_32,2601,0.5384615384615384
lambda_peak_4_32,2602,0.4423076923076923
lambda_peak_4_32,2603,0.4423076923076923
lambda_peak_4_32,2604,0.4519230769230769
lambda_peak_4_32,2605,0.4807692307692308
lambda_peak_4_32,2606,0.3557692307692308
lambda_peak_4_32,2607,0.5
lambda_peak_4_32,2608,0.38461538461538464
lambda_peak_4_32,2609,0.4230769230769231
lambda_peak_4_32,2610,0.47115384615384615
lambda_peak_4_32,2611,0.47115384615384615
lambda_peak_4_32,2612,0.3942307692307692
lambda_peak_4_32,2613,0.4519230769230769
lambda_peak_4_32,2614,0.46153846153846156
lambda_peak_4_32,2615,0.5
lambda_peak_4_32,2616,0.4326923076923077
lambda_peak_4_32,2617,0.47115384615384615
lambda_peak_4_32,2618,0.47115384615384615
lambda_peak_4_32,2619,0.5480769230769231
lambda_peak_4_32,2620,0.47115384615384615
lambda_peak_4_32,2621,0.49038461538461536
lambda_peak_4_32,2622,0.40384615384615385
lambda_peak_4_32,2623,0.47115384615384615
lambda_peak_4_32,2624,0.49038461538461536
lambda_peak_4_32,2625,0.4519230769230769
lambda_peak_4_32,2626,0.47115384615384615
lambda_peak_4_32,2627,0.4423076923076923
lambda_peak_4_32,2628,0.40384615384615385
lambda_peak_4_32,2629,0.4423076923076923
lambda_peak_4_32,2630,0.46153846153846156
lambda_peak_4_32,2631,0.4519230769230769
lambda_peak_4_32,2632,0.47115384615384615
lambda_peak_4_32,2633,0.47115384615384615
lambda_peak_4_32,2634,0.4423076923076923
lambda_peak_4_32,2635,0.5192307692307693
lambda_peak_4_32,2636,0.5192307692307693
lambda_peak_4_32,2637,0.4519230769230769
lambda_peak_4_32,2638,0.4519230769230769
lambda_peak_4_32,2639,0.5288461538461539
lambda_peak_4_32,2640,0.4230769230769231
lambda_peak_4_32,2641,0.5480769230769231
lambda_peak_4_32,2642,0.5480769230769231
lambda_peak_4_32,2643,0.5384615384615384
lambda_peak_4_32,2644,0.40384615384615385
lambda_peak_4_32,2645,0.5288461538461539
lambda_peak_4_32,2646,0.41346153846153844
lambda_peak_4_32,2647,0.47115384615384615
lambda_peak_4_32,2648,0.49038461538461536
lambda_peak_4_32,2649,0.41346153846153844
lambda_peak_4_32,2650,0.46153846153846156
lambda_peak_4_32,2651,0.5096153846153846
lambda_peak_4_32,2652,0.5
lambda_peak_4_32,2653,0.5384615384615384
lambda_peak_4_32,2654,0.5288461538461539
lambda_peak_4_32,2655,0.38461538461538464
lambda_peak_4_32,2656,0.375
lambda_peak_4_32,2657,0.5288461538461539
lambda_peak_4_32,2658,0.38461538461538464
lambda_peak_4_32,2659,0.49038461538461536
lambda_peak_4_32,2660,0.46153846153846156
lambda_peak_4_32,2661,0.4326923076923077
lambda_peak_4_32,2662,0.4807692307692308
lambda_peak_4_32,2663,0.4519230769230769
lambda_peak_4_32,2664,0.47115384615384615
lambda_peak_4_32,2665,0.47115384615384615
lambda_peak_4_32,2666,0.5192307692307693
lambda_peak_4_32,2667,0.5
lambda_peak_4_32,2668,0.47115384615384615
lambda_peak_4_32,2669,0.4230769230769231
lambda_peak_4_32,2670,0.46153846153846156
lambda_peak_4_32,2671,0.49038461538461536
lambda_peak_4_32,2672,0.4230769230769231
lambda_peak_4_32,2673,0.46153846153846156
lambda_peak_4_32,2674,0.4326923076923077
lambda_peak_4_32,2675,0.4807692307692308
lambda_peak_4_32,2676,0.46153846153846156
lambda_peak_4_32,2677,0.5
lambda_peak_4_32,2678,0.4519230769230769
lambda_peak_4_32,2679,0.46153846153846156
lambda_peak_4_32,2680,0.46153846153846156
lambda_peak_4_32,2681,0.5480769230769231
lambda_peak_4_32,2682,0.49038461538461536
lambda_peak_4_32,2683,0.5192307692307693
lambda_peak_4_32,2684,0.4807692307692308
lambda_peak_4_32,2685,0.40384615384615385
lambda_peak_4_32,2686,0.4519230769230769
lambda_peak_4_32,2687,0.47115384615384615
lambda_peak_4_32,2688,0.41346153846153844
lambda_peak_4_32,2689,0.6057692307692307
lambda_peak_4_32,2690,0.34615384615384615
lambda_peak_4_32,2691,0.5192307692307693
lambda_peak_4_32,2692,0.47115384615384615
lambda_peak_4_32,2693,0.5480769230769231
lambda_peak_4_32,2694,0.5192307692307693
lambda_peak_4_32,2695,0.41346153846153844
lambda_peak_4_32,2696,0.4423076923076923
lambda_peak_4_32,2697,0.4807692307692308
lambda_peak_4_32,2698,0.5865384615384616
lambda_peak_4_32,2699,0.47115384615384615
lambda_peak_4_32,2700,0.49038461538461536
lambda_peak_4_32,2701,0.49038461538461536
lambda_peak_4_32,2702,0.5192307692307693
lambda_peak_4_32,2703,0.5384615384615384
lambda_peak_4_32,2704,0.36538461538461536
lambda_peak_4_32,2705,0.3942307692307692
lambda_peak_4_32,2706,0.4423076923076923
lambda_peak_4_32,2707,0.5288461538461539
lambda_peak_4_32,2708,0.5288461538461539
lambda_peak_4_32,2709,0.49038461538461536
lambda_peak_4_32,2710,0.5576923076923077
lambda_peak_4_32,2711,0.5288461538461539
lambda_peak_4_32,2712,0.4230769230769231
lambda_peak_4_32,2713,0.46153846153846156
lambda_peak_4_32,2714,0.4326923076923077
lambda_peak_4_32,2715,0.41346153846153844
lambda_peak_4_32,2716,0.49038461538461536
lambda_peak_4_32,2717,0.4423076923076923
lambda_peak_4_32,2718,0.41346153846153844
lambda_peak_4_32,2719,0.3173076923076923
lambda_peak_4_32,2720,0.5
lambda_peak_4_32,2721,0.5192307692307693
lambda_peak_4_32,2722,0.5288461538461539
lambda_peak_4_32,2723,0.5288461538461539
lambda_peak_4_32,2724,0.4807692307692308
lambda_peak_4_32,2725,0.5096153846153846
lambda_peak_4_32,2726,0.41346153846153844
lambda_peak_4_32,2727,0.47115384615384615
lambda_peak_4_32,2728,0.4519230769230769
lambda_peak_4_32,2729,0.4807692307692308
lambda_peak_4_32,2730,0.38461538461538464
lambda_peak_4_32,2731,0.6057692307692307
lambda_peak_4_32,2732,0.49038461538461536
lambda_peak_4_32,2733,0.5576923076923077
lambda_peak_4_32,2734,0.4807692307692308
lambda_peak_4_32,2735,0.5288461538461539
lambda_peak_4_32,2736,0.5480769230769231
lambda_peak_4_32,2737,0.6346153846153846
lambda_peak_4_32,2738,0.5192307692307693
lambda_peak_4_32,2739,0.46153846153846156
lambda_peak_4_32,2740,0.5192307692307693
lambda_peak_4_32,2741,0.5480769230769231
lambda_peak_4_32,2742,0.4519230769230769
lambda_peak_4_32,2743,0.46153846153846156
lambda_peak_4_32,2744,0.4423076923076923
lambda_peak_4_32,2745,0.5
lambda_peak_4_32,2746,0.5
lambda_peak_4_32,2747,0.5
lambda_peak_4_32,2748,0.47115384615384615
lambda_peak_4_32,2749,0.5288461538461539
lambda_peak_4_32,2750,0.4326923076923077
lambda_peak_4_32,2751,0.5192307692307693
lambda_peak_4_32,2752,0.5192307692307693
lambda_peak_4_32,2753,0.5
lambda_peak_4_32,2754,0.4519230769230769
lambda_peak_4_32,2755,0.5288461538461539
lambda_peak_4_32,2756,0.5
lambda_peak_4_32,2757,0.4807692307692308
lambda_peak_4_32,2758,0.40384615384615385
lambda_peak_4_32,2759,0.3173076923076923
lambda_peak_4_32,2760,0.46153846153846156
lambda_peak_4_32,2761,0.4230769230769231
lambda_peak_4_32,2762,0.33653846153846156
lambda_peak_4_32,2763,0.4807692307692308
lambda_peak_4_32,2764,0.40384615384615385
lambda_peak_4_32,2765,0.4423076923076923
lambda_peak_4_32,2766,0.4807692307692308
lambda_peak_4_32,2767,0.5
lambda_peak_4_32,2768,0.5288461538461539
lambda_peak_4_32,2769,0.49038461538461536
lambda_peak_4_32,2770,0.5192307692307693
lambda_peak_4_32,2771,0.36538461538461536
lambda_peak_4_32,2772,0.5288461538461539
lambda_peak_4_32,2773,0.5
lambda_peak_4_32,2774,0.5288461538461539
lambda_peak_4_32,2775,0.41346153846153844
lambda_peak_4_32,2776,0.46153846153846156
lambda_peak_4_32,2777,0.4326923076923077
lambda_peak_4_32,2778,0.46153846153846156
lambda_peak_4_32,2779,0.41346153846153844
lambda_peak_4_32,2780,0.5096153846153846
lambda_peak_4_32,2781,0.4423076923076923
lambda_peak_4_32,2782,0.4519230769230769
lambda_peak_4_32,2783,0.5
lambda_peak_4_32,2784,0.4326923076923077
lambda_peak_4_32,2785,0.38461538461538464
lambda_peak_4_32,2786,0.4807692307692308
lambda_peak_4_32,2787,0.49038461538461536
lambda_peak_4_32,2788,0.5
lambda_peak_4_32,2789,0.5480769230769231
lambda_peak_4_32,2790,0.5
lambda_peak_4_32,2791,0.5
lambda_peak_4_32,2792,0.4326923076923077
lambda_peak_4_32,2793,0.49038461538461536
lambda_peak_4_32,2794,0.5192307692307693
lambda_peak_4_32,2795,0.47115384615384615
lambda_peak_4_32,2796,0.4326923076923077
lambda_peak_4_32,2797,0.4423076923076923
lambda_peak_4_32,2798,0.5384615384615384
lambda_peak_4_32,2799,0.4326923076923077
lambda_peak_4_32,2800,0.5961538461538461
lambda_peak_4_32,2801,0.40384615384615385
lambda_peak_4_32,2802,0.5865384615384616
lambda_peak_4_32,2803,0.4326923076923077
lambda_peak_4_32,2804,0.5769230769230769
lambda_peak_4_32,2805,0.47115384615384615
lambda_peak_4_32,2806,0.4423076923076923
lambda_peak_4_32,2807,0.5192307692307693
lambda_peak_4_32,2808,0.5288461538461539
lambda_peak_4_32,2809,0.46153846153846156
lambda_peak_4_32,2810,0.49038461538461536
lambda_peak_4_32,2811,0.5192307692307693
lambda_peak_4_32,2812,0.4230769230769231
lambda_peak_4_32,2813,0.47115384615384615
lambda_peak_4_32,2814,0.5
lambda_peak_4_32,2815,0.46153846153846156
lambda_peak_4_32,2816,0.5384615384615384
lambda_peak_4_32,2817,0.49038461538461536
lambda_peak_4_32,2818,0.47115384615384615
lambda_peak_4_32,2819,0.5192307692307693
lambda_peak_4_32,2820,0.4326923076923077
lambda_peak_4_32,2821,0.4519230769230769
lambda_peak_4_32,2822,0.4326923076923077
lambda_peak_4_32,2823,0.47115384615384615
lambda_peak_4_32,2824,0.5192307692307693
lambda_peak_4_32,2825,0.4423076923076923
lambda_peak_4_32,2826,0.3942307692307692
lambda_peak_4_32,2827,0.4519230769230769
lambda_peak_4_32,2828,0.4326923076923077
lambda_peak_4_32,2829,0.5096153846153846
lambda_peak_4_32,2830,0.46153846153846156
lambda_peak_4_32,2831,0.49038461538461536
lambda_peak_4_32,2832,0.49038461538461536
lambda_peak_4_32,2833,0.5480769230769231
lambda_peak_4_32,2834,0.4326923076923077
lambda_peak_4_32,2835,0.49038461538461536
lambda_peak_4_32,2836,0.41346153846153844
lambda_peak_4_32,2837,0.38461538461538464
lambda_peak_4_32,2838,0.4230769230769231
lambda_peak_4_32,2839,0.47115384615384615
lambda_peak_4_32,2840,0.41346153846153844
lambda_peak_4_32,2841,0.4519230769230769
lambda_peak_4_32,2842,0.41346153846153844
lambda_peak_4_32,2843,0.4326923076923077
lambda_peak_4_32,2844,0.49038461538461536
lambda_peak_4_32,2845,0.4807692307692308
lambda_peak_4_32,2846,0.4423076923076923
lambda_peak_4_32,2847,0.46153846153846156
lambda_peak_4_32,2848,0.4423076923076923
lambda_peak_4_32,2849,0.4423076923076923
lambda_peak_4_32,2850,0.5
lambda_peak_4_32,2851,0.4230769230769231
lambda_peak_4_32,2852,0.47115384615384615
lambda_peak_4_32,2853,0.41346153846153844
lambda_peak_4_32,2854,0.5480769230769231
lambda_peak_4_32,2855,0.5096153846153846
lambda_peak_4_32,2856,0.4230769230769231
lambda_peak_4_32,2857,0.5384615384615384
lambda_peak_4_32,2858,0.5192307692307693
lambda_peak_4_32,2859,0.4519230769230769
lambda_peak_4_32,2860,0.47115384615384615
lambda_peak_4_32,2861,0.5096153846153846
lambda_peak_4_32,2862,0.4519230769230769
lambda_peak_4_32,2863,0.4423076923076923
lambda_peak_4_32,2864,0.4423076923076923
lambda_peak_4_32,2865,0.4807692307692308
lambda_peak_4_32,2866,0.4423076923076923
lambda_peak_4_32,2867,0.4423076923076923
lambda_peak_4_32,2868,0.4519230769230769
lambda_peak_4_32,2869,0.5
lambda_peak_4_32,2870,0.38461538461538464
lambda_peak_4_32,2871,0.5384615384615384
lambda_peak_4_32,2872,0.38461538461538464
lambda_peak_4_32,2873,0.4230769230769231
lambda_peak_4_32,2874,0.5096153846153846
lambda_peak_4_32,2875,0.5769230769230769
lambda_peak_4_32,2876,0.5288461538461539
lambda_peak_4_32,2877,0.5192307692307693
lambda_peak_4_32,2878,0.3942307692307692
lambda_peak_4_32,2879,0.47115384615384615
lambda_peak_4_32,2880,0.4423076923076923
lambda_peak_4_32,2881,0.4423076923076923
lambda_peak_4_32,2882,0.46153846153846156
lambda_peak_4_32,2883,0.4326923076923077
lambda_peak_4_32,2884,0.4807692307692308
lambda_peak_4_32,2885,0.5192307692307693
lambda_peak_4_32,2886,0.3942307692307692
lambda_peak_4_32,2887,0.4807692307692308
lambda_peak_4_32,2888,0.46153846153846156
lambda_peak_4_32,2889,0.4423076923076923
lambda_peak_4_32,2890,0.4519230769230769
lambda_peak_4_32,2891,0.5192307692307693
lambda_peak_4_32,2892,0.46153846153846156
lambda_peak_4_32,2893,0.46153846153846156
lambda_peak_4_32,2894,0.4807692307692308
lambda_peak_4_32,2895,0.5192307692307693
lambda_peak_4_32,2896,0.38461538461538464
lambda_peak_4_32,2897,0.5096153846153846
lambda_peak_4_32,2898,0.5192307692307693
lambda_peak_4_32,2899,0.3942307692307692
lambda_peak_4_32,2900,0.5384615384615384
lambda_peak_4_32,2901,0.5384615384615384
lambda_peak_4_32,2902,0.40384615384615385
lambda_peak_4_32,2903,0.4230769230769231
lambda_peak_4_32,2904,0.46153846153846156
lambda_peak_4_32,2905,0.4807692307692308
lambda_peak_4_32,2906,0.4423076923076923
lambda_peak_4_32,2907,0.5096153846153846
lambda_peak_4_32,2908,0.33653846153846156
lambda_peak_4_32,2909,0.5096153846153846
lambda_peak_4_32,2910,0.5480769230769231
lambda_peak_4_32,2911,0.5288461538461539
lambda_peak_4_32,2912,0.49038461538461536
lambda_peak_4_32,2913,0.5192307692307693
lambda_peak_4_32,2914,0.4423076923076923
lambda_peak_4_32,2915,0.5096153846153846
lambda_peak_4_32,2916,0.5192307692307693
lambda_peak_4_32,2917,0.4519230769230769
lambda_peak_4_32,2918,0.40384615384615385
lambda_peak_4_32,2919,0.47115384615384615
lambda_peak_4_32,2920,0.4519230769230769
lambda_peak_4_32,2921,0.46153846153846156
lambda_peak_4_32,2922,0.4326923076923077
lambda_peak_4_32,2923,0.5480769230769231
lambda_peak_4_32,2924,0.5288461538461539
lambda_peak_4_32,2925,0.4807692307692308
lambda_peak_4_32,2926,0.5096153846153846
lambda_peak_4_32,2927,0.5192307692307693
lambda_peak_4_32,2928,0.40384615384615385
lambda_peak_4_32,2929,0.5576923076923077
lambda_peak_4_32,2930,0.4230769230769231
lambda_peak_4_32,2931,0.3942307692307692
lambda_peak_4_32,2932,0.47115384615384615
lambda_peak_4_32,2933,0.49038461538461536
lambda_peak_4_32,2934,0.5192307692307693
lambda_peak_4_32,2935,0.3942307692307692
lambda_peak_4_32,2936,0.4807692307692308
lambda_peak_4_32,2937,0.4807692307692308
lambda_peak_4_32,2938,0.4326923076923077
lambda_peak_4_32,2939,0.5961538461538461
lambda_peak_4_32,2940,0.5
lambda_peak_4_32,2941,0.5576923076923077
lambda_peak_4_32,2942,0.4423076923076923
lambda_peak_4_32,2943,0.4519230769230769
lambda_peak_4_32,2944,0.4230769230769231
lambda_peak_4_32,2945,0.46153846153846156
lambda_peak_4_32,2946,0.4326923076923077
lambda_peak_4_32,2947,0.47115384615384615
lambda_peak_4_32,2948,0.4423076923076923
lambda_peak_4_32,2949,0.5384615384615384
lambda_peak_4_32,2950,0.41346153846153844
lambda_peak_4_32,2951,0.5288461538461539
lambda_peak_4_32,2952,0.5
lambda_peak_4_32,2953,0.4807692307692308
lambda_peak_4_32,2954,0.5
lambda_peak_4_32,2955,0.46153846153846156
lambda_peak_4_32,2956,0.5096153846153846
lambda_peak_4_32,2957,0.6153846153846154
lambda_peak_4_32,2958,0.4230769230769231
lambda_peak_4_32,2959,0.5961538461538461
lambda_peak_4_32,2960,0.375
lambda_peak_4_32,2961,0.5769230769230769
lambda_peak_4_32,2962,0.40384615384615385
lambda_peak_4_32,2963,0.4326923076923077
lambda_peak_4_32,2964,0.4423076923076923
lambda_peak_4_32,2965,0.5
lambda_peak_4_32,2966,0.3269230769230769
lambda_peak_4_32,2967,0.4807692307692308
lambda_peak_4_32,2968,0.47115384615384615
lambda_peak_4_32,2969,0.4230769230769231
lambda_peak_4_32,2970,0.41346153846153844
lambda_peak_4_32,2971,0.47115384615384615
lambda_peak_4_32,2972,0.5480769230769231
lambda_peak_4_32,2973,0.5384615384615384
lambda_peak_4_32,2974,0.5096153846153846
lambda_peak_4_32,2975,0.5
lambda_peak_4_32,2976,0.4807692307692308
lambda_peak_4_32,2977,0.47115384615384615
lambda_peak_4_32,2978,0.3942307692307692
lambda_peak_4_32,2979,0.375
lambda_peak_4_32,2980,0.5096153846153846
lambda_peak_4_32,2981,0.5480769230769231
lambda_peak_4_32,2982,0.4230769230769231
lambda_peak_4_32,2983,0.47115384615384615
lambda_peak_4_32,2984,0.5192307692307693
lambda_peak_4_32,2985,0.5192307692307693
lambda_peak_4_32,2986,0.5096153846153846
lambda_peak_4_32,2987,0.5096153846153846
lambda_peak_4_32,2988,0.4230769230769231
lambda_peak_4_32,2989,0.47115384615384615
lambda_peak_4_32,2990,0.5
lambda_peak_4_32,2991,0.46153846153846156
lambda_peak_4_32,2992,0.4807692307692308
lambda_peak_4_32,2993,0.4519230769230769
lambda_peak_4_32,2994,0.5384615384615384
lambda_peak_4_32,2995,0.5288461538461539
lambda_peak_4_32,2996,0.5
lambda_peak_4_32,2997,0.4326923076923077
lambda_peak_4_32,2998,0.4807692307692308
lambda_peak_4_32,2999,0.36538461538461536
lambda_peak_4_32,3000,0.4519230769230769
lambda_peak_4_32,3001,0.38461538461538464
lambda_peak_4_32,3002,0.47115384615384615
lambda_peak_4_32,3003,0.47115384615384615
lambda_peak_4_32,3004,0.5288461538461539
lambda_peak_4_32,3005,0.4230769230769231
lambda_peak_4_32,3006,0.4423076923076923
lambda_peak_4_32,3007,0.3942307692307692
lambda_peak_4_32,3008,0.375
lambda_peak_4_32,3009,0.4326923076923077
lambda_peak_4_32,3010,0.46153846153846156
lambda_peak_4_32,3011,0.4423076923076923
lambda_peak_4_32,3012,0.4230769230769231
lambda_peak_4_32,3013,0.36538461538461536
lambda_peak_4_32,3014,0.3942307692307692
lambda_peak_4_32,3015,0.4519230769230769
lambda_peak_4_32,3016,0.47115384615384615
lambda_peak_4_32,3017,0.3557692307692308
lambda_peak_4_32,3018,0.4326923076923077
lambda_peak_4_32,3019,0.5096153846153846
lambda_peak_4_32,3020,0.5096153846153846
lambda_peak_4_32,3021,0.4519230769230769
lambda_peak_4_32,3022,0.4230769230769231
lambda_peak_4_32,3023,0.47115384615384615
lambda_peak_4_32,3024,0.5096153846153846
lambda_peak_4_32,3025,0.38461538461538464
lambda_peak_4_32,3026,0.4519230769230769
lambda_peak_4_32,3027,0.5384615384615384
lambda_peak_4_32,3028,0.36538461538461536
lambda_peak_4_32,3029,0.4230769230769231
lambda_peak_4_32,3030,0.47115384615384615
lambda_peak_4_32,3031,0.47115384615384615
lambda_peak_4_32,3032,0.38461538461538464
lambda_peak_4_32,3033,0.5096153846153846
lambda_peak_4_32,3034,0.4326923076923077
lambda_peak_4_32,3035,0.5096153846153846
lambda_peak_4_32,3036,0.4326923076923077
lambda_peak_4_32,3037,0.46153846153846156
lambda_peak_4_32,3038,0.4807692307692308
lambda_peak_4_32,3039,0.4519230769230769
lambda_peak_4_32,3040,0.4807692307692308
lambda_peak_4_32,3041,0.38461538461538464
lambda_peak_4_32,3042,0.40384615384615385
lambda_peak_4_32,3043,0.4230769230769231
lambda_peak_4_32,3044,0.5288461538461539
lambda_peak_4_32,3045,0.4807692307692308
lambda_peak_4_32,3046,0.5
lambda_peak_4_32,3047,0.4519230769230769
lambda_peak_4_32,3048,0.5096153846153846
lambda_peak_4_32,3049,0.5480769230769231
lambda_peak_4_32,3050,0.38461538461538464
lambda_peak_4_32,3051,0.5192307692307693
lambda_peak_4_32,3052,0.47115384615384615
lambda_peak_4_32,3053,0.4230769230769231
lambda_peak_4_32,3054,0.4230769230769231
lambda_peak_4_32,3055,0.4423076923076923
lambda_peak_4_32,3056,0.4519230769230769
lambda_peak_4_32,3057,0.4519230769230769
lambda_peak_4_32,3058,0.5096153846153846
lambda_peak_4_32,3059,0.4519230769230769
lambda_peak_4_32,3060,0.4326923076923077
lambda_peak_4_32,3061,0.46153846153846156
lambda_peak_4_32,3062,0.5288461538461539
lambda_peak_4_32,3063,0.4230769230769231
lambda_peak_4_32,3064,0.4230769230769231
lambda_peak_4_32,3065,0.40384615384615385
lambda_peak_4_32,3066,0.47115384615384615
lambda_peak_4_32,3067,0.38461538461538464
lambda_peak_4_32,3068,0.41346153846153844
lambda_peak_4_32,3069,0.5
lambda_peak_4_32,3070,0.47115384615384615
lambda_peak_4_32,3071,0.5288461538461539
lambda_peak_4_32,3072,0.4326923076923077
lambda_peak_4_32,3073,0.4423076923076923
lambda_peak_4_32,3074,0.4423076923076923
lambda_peak_4_32,3075,0.4230769230769231
lambda_peak_4_32,3076,0.5
lambda_peak_4_32,3077,0.5096153846153846
lambda_peak_4_32,3078,0.4519230769230769
lambda_peak_4_32,3079,0.4807692307692308
lambda_peak_4_32,3080,0.47115384615384615
lambda_peak_4_32,3081,0.40384615384615385
lambda_peak_4_32,3082,0.33653846153846156
lambda_peak_4_32,3083,0.5384615384615384
lambda_peak_4_32,3084,0.5384615384615384
lambda_peak_4_32,3085,0.4807692307692308
lambda_peak_4_32,3086,0.5192307692307693
lambda_peak_4_32,3087,0.5
lambda_peak_4_32,3088,0.4326923076923077
lambda_peak_4_32,3089,0.46153846153846156
lambda_peak_4_32,3090,0.49038461538461536
lambda_peak_4_32,3091,0.4423076923076923
lambda_peak_4_32,3092,0.5576923076923077
lambda_peak_4_32,3093,0.46153846153846156
lambda_peak_4_32,3094,0.5288461538461539
lambda_peak_4_32,3095,0.4519230769230769
lambda_peak_4_32,3096,0.5384615384615384
lambda_peak_4_32,3097,0.5384615384615384
lambda_peak_4_32,3098,0.4326923076923077
lambda_peak_4_32,3099,0.5192307692307693
lambda_peak_4_32,3100,0.375
lambda_peak_4_32,3101,0.5
lambda_peak_4_32,3102,0.5096153846153846
lambda_peak_4_32,3103,0.5288461538461539
lambda_peak_4_32,3104,0.46153846153846156
lambda_peak_4_32,3105,0.4519230769230769
lambda_peak_4_32,3106,0.5192307692307693
lambda_peak_4_32,3107,0.49038461538461536
lambda_peak_4_32,3108,0.41346153846153844
lambda_peak_4_32,3109,0.40384615384615385
lambda_peak_4_32,3110,0.5192307692307693
lambda_peak_4_32,3111,0.5
lambda_peak_4_32,3112,0.4230769230769231
lambda_peak_4_32,3113,0.5576923076923077
lambda_peak_4_32,3114,0.46153846153846156
lambda_peak_4_32,3115,0.5096153846153846
lambda_peak_4_32,3116,0.4326923076923077
lambda_peak_4_32,3117,0.34615384615384615
lambda_peak_4_32,3118,0.5384615384615384
lambda_peak_4_32,3119,0.4230769230769231
lambda_peak_4_32,3120,0.5
lambda_peak_4_32,3121,0.5384615384615384
lambda_peak_4_32,3122,0.49038461538461536
lambda_peak_4_32,3123,0.4807692307692308
lambda_peak_4_32,3124,0.41346153846153844
lambda_peak_4_32,3125,0.4807692307692308
lambda_peak_4_32,3126,0.5384615384615384
lambda_peak_4_32,3127,0.4423076923076923
lambda_peak_4_32,3128,0.5192307692307693
lambda_peak_4_32,3129,0.5192307692307693
lambda_peak_4_32,3130,0.5192307692307693
lambda_peak_4_32,3131,0.5384615384615384
lambda_peak_4_32,3132,0.5288461538461539
lambda_peak_4_32,3133,0.4326923076923077
lambda_peak_4_32,3134,0.4423076923076923
lambda_peak_4_32,3135,0.34615384615384615
lambda_peak_4_32,3136,0.5
lambda_peak_4_32,3137,0.4519230769230769
lambda_peak_4_32,3138,0.4519230769230769
lambda_peak_4_32,3139,0.3942307692307692
lambda_peak_4_32,3140,0.4423076923076923
lambda_peak_4_32,3141,0.47115384615384615
lambda_peak_4_32,3142,0.6442307692307693
lambda_peak_4_32,3143,0.41346153846153844
lambda_peak_4_32,3144,0.3942307692307692
lambda_peak_4_32,3145,0.4326923076923077
lambda_peak_4_32,3146,0.5
lambda_peak_4_32,3147,0.4230769230769231
lambda_peak_4_32,3148,0.5288461538461539
lambda_peak_4_32,3149,0.41346153846153844
lambda_peak_4_32,3150,0.47115384615384615
lambda_peak_4_32,3151,0.5480769230769231
lambda_peak_4_32,3152,0.5192307692307693
lambda_peak_4_32,3153,0.5
lambda_peak_4_32,3154,0.3942307692307692
lambda_peak_4_32,3155,0.4807692307692308
lambda_peak_4_32,3156,0.5
lambda_peak_4_32,3157,0.38461538461538464
lambda_peak_4_32,3158,0.40384615384615385
lambda_peak_4_32,3159,0.3942307692307692
lambda_peak_4_32,3160,0.5288461538461539
lambda_peak_4_32,3161,0.46153846153846156
lambda_peak_4_32,3162,0.5288461538461539
lambda_peak_4_32,3163,0.3942307692307692
lambda_peak_4_32,3164,0.4519230769230769
lambda_peak_4_32,3165,0.5096153846153846
lambda_peak_4_32,3166,0.4326923076923077
lambda_peak_4_32,3167,0.4423076923076923
lambda_peak_4_32,3168,0.3942307692307692
lambda_peak_4_32,3169,0.6057692307692307
lambda_peak_4_32,3170,0.5480769230769231
lambda_peak_4_32,3171,0.40384615384615385
lambda_peak_4_32,3172,0.5096153846153846
lambda_peak_4_32,3173,0.4326923076923077
lambda_peak_4_32,3174,0.4423076923076923
lambda_peak_4_32,3175,0.41346153846153844
lambda_peak_4_32,3176,0.46153846153846156
lambda_peak_4_32,3177,0.4519230769230769
lambda_peak_4_32,3178,0.5192307692307693
lambda_peak_4_32,3179,0.4326923076923077
lambda_peak_4_32,3180,0.5
lambda_peak_4_32,3181,0.5192307692307693
lambda_peak_4_32,3182,0.47115384615384615
lambda_peak_4_32,3183,0.4326923076923077
lambda_peak_4_32,3184,0.41346153846153844
lambda_peak_4_32,3185,0.4519230769230769
lambda_peak_4_32,3186,0.47115384615384615
lambda_peak_4_32,3187,0.49038461538461536
lambda_peak_4_32,3188,0.40384615384615385
lambda_peak_4_32,3189,0.40384615384615385
lambda_peak_4_32,3190,0.5480769230769231
lambda_peak_4_32,3191,0.4326923076923077
lambda_peak_4_32,3192,0.5
lambda_peak_4_32,3193,0.4326923076923077
lambda_peak_4_32,3194,0.40384615384615385
lambda_peak_4_32,3195,0.41346153846153844
lambda_peak_4_32,3196,0.5096153846153846
lambda_peak_4_32,3197,0.4807692307692308
lambda_peak_4_32,3198,0.5384615384615384
lambda_peak_4_32,3199,0.4807692307692308
lambda_peak_4_32,3200,0.5096153846153846
lambda_peak_4_32,3201,0.5769230769230769
lambda_peak_4_32,3202,0.5192307692307693
lambda_peak_4_32,3203,0.4807692307692308
lambda_peak_4_32,3204,0.5576923076923077
lambda_peak_4_32,3205,0.5
lambda_peak_4_32,3206,0.3557692307692308
lambda_peak_4_32,3207,0.5480769230769231
lambda_peak_4_32,3208,0.4230769230769231
lambda_peak_4_32,3209,0.4326923076923077
lambda_peak_4_32,3210,0.49038461538461536
lambda_peak_4_32,3211,0.47115384615384615
lambda_peak_4_32,3212,0.4807692307692308
lambda_peak_4_32,3213,0.4230769230769231
lambda_peak_4_32,3214,0.5192307692307693
lambda_peak_4_32,3215,0.5
lambda_peak_4_32,3216,0.6057692307692307
lambda_peak_4_32,3217,0.4807692307692308
lambda_peak_4_32,3218,0.5480769230769231
lambda_peak_4_32,3219,0.5192307692307693
lambda_peak_4_32,3220,0.5192307692307693
lambda_peak_4_32,3221,0.46153846153846156
lambda_peak_4_32,3222,0.49038461538461536
lambda_peak_4_32,3223,0.4519230769230769
lambda_peak_4_32,3224,0.47115384615384615
lambda_peak_4_32,3225,0.47115384615384615
lambda_peak_4_32,3226,0.4519230769230769
lambda_peak_4_32,3227,0.4326923076923077
lambda_peak_4_32,3228,0.49038461538461536
lambda_peak_4_32,3229,0.5480769230769231
lambda_peak_4_32,3230,0.4423076923076923
lambda_peak_4_32,3231,0.4519230769230769
lambda_peak_4_32,3232,0.49038461538461536
lambda_peak_4_32,3233,0.5
lambda_peak_4_32,3234,0.5673076923076923
lambda_peak_4_32,3235,0.4230769230769231
lambda_peak_4_32,3236,0.40384615384615385
lambda_peak_4_32,3237,0.5480769230769231
lambda_peak_4_32,3238,0.5769230769230769
lambda_peak_4_32,3239,0.4807692307692308
lambda_peak_4_32,3240,0.3557692307692308
lambda_peak_4_32,3241,0.46153846153846156
lambda_peak_4_32,3242,0.49038461538461536
lambda_peak_4_32,3243,0.4326923076923077
lambda_peak_4_32,3244,0.4326923076923077
lambda_peak_4_32,3245,0.4519230769230769
lambda_peak_4_32,3246,0.5673076923076923
lambda_peak_4_32,3247,0.5192307692307693
lambda_peak_4_32,3248,0.40384615384615385
lambda_peak_4_32,3249,0.4326923076923077
lambda_peak_4_32,3250,0.47115384615384615
lambda_peak_4_32,3251,0.5288461538461539
lambda_peak_4_32,3252,0.4519230769230769
lambda_peak_4_32,3253,0.5576923076923077
lambda_peak_4_32,3254,0.5288461538461539
lambda_peak_4_32,3255,0.5576923076923077
lambda_peak_4_32,3256,0.5
lambda_peak_4_32,3257,0.49038461538461536
lambda_peak_4_32,3258,0.4807692307692308
lambda_peak_4_32,3259,0.4423076923076923
lambda_peak_4_32,3260,0.49038461538461536
lambda_peak_4_32,3261,0.4326923076923077
lambda_peak_4_32,3262,0.49038461538461536
lambda_peak_4_32,3263,0.4519230769230769
lambda_peak_4_32,3264,0.5384615384615384
lambda_peak_4_32,3265,0.49038461538461536
lambda_peak_4_32,3266,0.4519230769230769
lambda_peak_4_32,3267,0.5865384615384616
lambda_peak_4_32,3268,0.49038461538461536
lambda_peak_4_32,3269,0.4807692307692308
lambda_peak_4_32,3270,0.49038461538461536
lambda_peak_4_32,3271,0.41346153846153844
lambda_peak_4_32,3272,0.4423076923076923
lambda_peak_4_32,3273,0.4807692307692308
lambda_peak_4_32,3274,0.49038461538461536
lambda_peak_4_32,3275,0.4326923076923077
lambda_peak_4_32,3276,0.5480769230769231
lambda_peak_4_32,3277,0.4807692307692308
lambda_peak_4_32,3278,0.47115384615384615
lambda_peak_4_32,3279,0.4326923076923077
lambda_peak_4_32,3280,0.5192307692307693
lambda_peak_4_32,3281,0.4519230769230769
lambda_peak_4_32,3282,0.5
lambda_peak_4_32,3283,0.5096153846153846
lambda_peak_4_32,3284,0.4326923076923077
lambda_peak_4_32,3285,0.5384615384615384
lambda_peak_4_32,3286,0.49038461538461536
lambda_peak_4_32,3287,0.49038461538461536
lambda_peak_4_32,3288,0.4230769230769231
lambda_peak_4_32,3289,0.49038461538461536
lambda_peak_4_32,3290,0.36538461538461536
lambda_peak_4_32,3291,0.5384615384615384
lambda_peak_4_32,3292,0.4230769230769231
lambda_peak_4_32,3293,0.47115384615384615
lambda_peak_4_32,3294,0.4519230769230769
lambda_peak_4_32,3295,0.5
lambda_peak_4_32,3296,0.4519230769230769
lambda_peak_4_32,3297,0.4423076923076923
lambda_peak_4_32,3298,0.4423076923076923
lambda_peak_4_32,3299,0.33653846153846156
lambda_peak_4_32,3300,0.5576923076923077
lambda_peak_4_32,3301,0.46153846153846156
lambda_peak_4_32,3302,0.3942307692307692
lambda_peak_4_32,3303,0.49038461538461536
lambda_peak_4_32,3304,0.41346153846153844
lambda_peak_4_32,3305,0.4807692307692308
lambda_peak_4_32,3306,0.5192307692307693
lambda_peak_4_32,3307,0.5384615384615384
lambda_peak_4_32,3308,0.4423076923076923
lambda_peak_4_32,3309,0.4519230769230769
lambda_peak_4_32,3310,0.5288461538461539
lambda_peak_4_32,3311,0.4519230769230769
lambda_peak_4_32,3312,0.36538461538461536
lambda_peak_4_32,3313,0.46153846153846156
lambda_peak_4_32,3314,0.4807692307692308
lambda_peak_4_32,3315,0.41346153846153844
lambda_peak_4_32,3316,0.46153846153846156
lambda_peak_4_32,3317,0.5384615384615384
lambda_peak_4_32,3318,0.46153846153846156
lambda_peak_4_32,3319,0.4807692307692308
lambda_peak_4_32,3320,0.4326923076923077
lambda_peak_4_32,3321,0.5384615384615384
lambda_peak_4_32,3322,0.3557692307692308
lambda_peak_4_32,3323,0.4423076923076923
lambda_peak_4_32,3324,0.5576923076923077
lambda_peak_4_32,3325,0.47115384615384615
lambda_peak_4_32,3326,0.3942307692307692
lambda_peak_4_32,3327,0.5384615384615384
lambda_peak_4_32,3328,0.47115384615384615
lambda_peak_4_32,3329,0.5288461538461539
lambda_peak_4_32,3330,0.4519230769230769
lambda_peak_4_32,3331,0.41346153846153844
lambda_peak_4_32,3332,0.36538461538461536
lambda_peak_4_32,3333,0.4230769230769231
lambda_peak_4_32,3334,0.46153846153846156
lambda_peak_4_32,3335,0.4519230769230769
lambda_peak_4_32,3336,0.5288461538461539
lambda_peak_4_32,3337,0.41346153846153844
lambda_peak_4_32,3338,0.47115384615384615
lambda_peak_4_32,3339,0.4326923076923077
lambda_peak_4_32,3340,0.4423076923076923
lambda_peak_4_32,3341,0.4807692307692308
lambda_peak_4_32,3342,0.5096153846153846
lambda_peak_4_32,3343,0.46153846153846156
lambda_peak_4_32,3344,0.4230769230769231
lambda_peak_4_32,3345,0.5576923076923077
lambda_peak_4_32,3346,0.40384615384615385
lambda_peak_4_32,3347,0.4519230769230769
lambda_peak_4_32,3348,0.41346153846153844
lambda_peak_4_32,3349,0.5
lambda_peak_4_32,3350,0.4807692307692308
lambda_peak_4_32,3351,0.5192307692307693
lambda_peak_4_32,3352,0.49038461538461536
lambda_peak_4_32,3353,0.5865384615384616
lambda_peak_4_32,3354,0.5384615384615384
lambda_peak_4_32,3355,0.40384615384615385
lambda_peak_4_32,3356,0.47115384615384615
lambda_peak_4_32,3357,0.4519230769230769
lambda_peak_4_32,3358,0.49038461538461536
lambda_peak_4_32,3359,0.49038461538461536
lambda_peak_4_32,3360,0.5480769230769231
lambda_peak_4_32,3361,0.46153846153846156
lambda_peak_4_32,3362,0.4326923076923077
lambda_peak_4_32,3363,0.5192307692307693
lambda_peak_4_32,3364,0.4807692307692308
lambda_peak_4_32,3365,0.5192307692307693
lambda_peak_4_32,3366,0.4230769230769231
lambda_peak_4_32,3367,0.4807692307692308
lambda_peak_4_32,3368,0.41346153846153844
lambda_peak_4_32,3369,0.5
lambda_peak_4_32,3370,0.5384615384615384
lambda_peak_4_32,3371,0.5384615384615384
lambda_peak_4_32,3372,0.5288461538461539
lambda_peak_4_32,3373,0.5
lambda_peak_4_32,3374,0.47115384615384615
lambda_peak_4_32,3375,0.4326923076923077
lambda_peak_4_32,3376,0.5
lambda_peak_4_32,3377,0.4326923076923077
lambda_peak_4_32,3378,0.4423076923076923
lambda_peak_4_32,3379,0.47115384615384615
lambda_peak_4_32,3380,0.4807692307692308
lambda_peak_4_32,3381,0.6057692307692307
lambda_peak_4_32,3382,0.36538461538461536
lambda_peak_4_32,3383,0.4423076923076923
lambda_peak_4_32,3384,0.5192307692307693
lambda_peak_4_32,3385,0.4326923076923077
lambda_peak_4_32,3386,0.5576923076923077
lambda_peak_4_32,3387,0.33653846153846156
lambda_peak_4_32,3388,0.4519230769230769
lambda_peak_4_32,3389,0.4807692307692308
lambda_peak_4_32,3390,0.46153846153846156
lambda_peak_4_32,3391,0.4423076923076923
lambda_peak_4_32,3392,0.5480769230769231
lambda_peak_4_32,3393,0.5865384615384616
lambda_peak_4_32,3394,0.46153846153846156
lambda_peak_4_32,3395,0.49038461538461536
lambda_peak_4_32,3396,0.47115384615384615
lambda_peak_4_32,3397,0.4326923076923077
lambda_peak_4_32,3398,0.5192307692307693
lambda_peak_4_32,3399,0.5576923076923077
lambda_peak_4_32,3400,0.46153846153846156
lambda_peak_4_32,3401,0.375
lambda_peak_4_32,3402,0.5384615384615384
lambda_peak_4_32,3403,0.41346153846153844
lambda_peak_4_32,3404,0.4519230769230769
lambda_peak_4_32,3405,0.5
lambda_peak_4_32,3406,0.41346153846153844
lambda_peak_4_32,3407,0.5288461538461539
lambda_peak_4_32,3408,0.5192307692307693
lambda_peak_4_32,3409,0.4807692307692308
lambda_peak_4_32,3410,0.34615384615384615
lambda_peak_4_32,3411,0.4519230769230769
lambda_peak_4_32,3412,0.4230769230769231
lambda_peak_4_32,3413,0.41346153846153844
lambda_peak_4_32,3414,0.49038461538461536
lambda_peak_4_32,3415,0.4230769230769231
lambda_peak_4_32,3416,0.3557692307692308
lambda_peak_4_32,3417,0.4326923076923077
lambda_peak_4_32,3418,0.5096153846153846
lambda_peak_4_32,3419,0.47115384615384615
lambda_peak_4_32,3420,0.41346153846153844
lambda_peak_4_32,3421,0.3942307692307692
lambda_peak_4_32,3422,0.4230769230769231
lambda_peak_4_32,3423,0.6057692307692307
lambda_peak_4_32,3424,0.5096153846153846
lambda_peak_4_32,3425,0.5192307692307693
lambda_peak_4_32,3426,0.5
lambda_peak_4_32,3427,0.4807692307692308
lambda_peak_4_32,3428,0.4807692307692308
lambda_peak_4_32,3429,0.47115384615384615
lambda_peak_4_32,3430,0.4519230769230769
lambda_peak_4_32,3431,0.46153846153846156
lambda_peak_4_32,3432,0.4807692307692308
lambda_peak_4_32,3433,0.4230769230769231
lambda_peak_4_32,3434,0.4326923076923077
lambda_peak_4_32,3435,0.47115384615384615
lambda_peak_4_32,3436,0.47115384615384615
lambda_peak_4_32,3437,0.47115384615384615
lambda_peak_4_32,3438,0.6153846153846154
lambda_peak_4_32,3439,0.4519230769230769
lambda_peak_4_32,3440,0.5192307692307693
lambda_peak_4_32,3441,0.5288461538461539
lambda_peak_4_32,3442,0.41346153846153844
lambda_peak_4_32,3443,0.41346153846153844
lambda_peak_4_32,3444,0.5288461538461539
lambda_peak_4_32,3445,0.46153846153846156
lambda_peak_4_32,3446,0.4230769230769231
lambda_peak_4_32,3447,0.3557692307692308
lambda_peak_4_32,3448,0.49038461538461536
lambda_peak_4_32,3449,0.4519230769230769
lambda_peak_4_32,3450,0.4423076923076923
lambda_peak_4_32,3451,0.3942307692307692
lambda_peak_4_32,3452,0.5096153846153846
lambda_peak_4_32,3453,0.5
lambda_peak_4_32,3454,0.5096153846153846
lambda_peak_4_32,3455,0.47115384615384615
lambda_peak_4_32,3456,0.5
lambda_peak_4_32,3457,0.4519230769230769
lambda_peak_4_32,3458,0.3942307692307692
lambda_peak_4_32,3459,0.5480769230769231
lambda_peak_4_32,3460,0.5384615384615384
lambda_peak_4_32,3461,0.4519230769230769
lambda_peak_4_32,3462,0.5
lambda_peak_4_32,3463,0.47115384615384615
lambda_peak_4_32,3464,0.4326923076923077
lambda_peak_4_32,3465,0.49038461538461536
lambda_peak_4_32,3466,0.33653846153846156
lambda_peak_4_32,3467,0.3942307692307692
lambda_peak_4_32,3468,0.46153846153846156
lambda_peak_4_32,3469,0.5288461538461539
lambda_peak_4_32,3470,0.5769230769230769
lambda_peak_4_32,3471,0.5769230769230769
lambda_peak_4_32,3472,0.46153846153846156
lambda_peak_4_32,3473,0.4230769230769231
lambda_peak_4_32,3474,0.5384615384615384
lambda_peak_4_32,3475,0.3942307692307692
lambda_peak_4_32,3476,0.4807692307692308
lambda_peak_4_32,3477,0.47115384615384615
lambda_peak_4_32,3478,0.5288461538461539
lambda_peak_4_32,3479,0.5
lambda_peak_4_32,3480,0.5288461538461539
lambda_peak_4_32,3481,0.49038461538461536
lambda_peak_4_32,3482,0.5480769230769231
lambda_peak_4_32,3483,0.4230769230769231
lambda_peak_4_32,3484,0.41346153846153844
lambda_peak_4_32,3485,0.38461538461538464
lambda_peak_4_32,3486,0.36538461538461536
lambda_peak_4_32,3487,0.46153846153846156
lambda_peak_4_32,3488,0.4423076923076923
lambda_peak_4_32,3489,0.4807692307692308
lambda_peak_4_32,3490,0.5769230769230769
lambda_peak_4_32,3491,0.41346153846153844
lambda_peak_4_32,3492,0.5096153846153846
lambda_peak_4_32,3493,0.36538461538461536
lambda_peak_4_32,3494,0.5384615384615384
lambda_peak_4_32,3495,0.3076923076923077
lambda_peak_4_32,3496,0.3942307692307692
lambda_peak_4_32,3497,0.5
lambda_peak_4_32,3498,0.5576923076923077
lambda_peak_4_32,3499,0.5192307692307693
lambda_peak_4_32,3500,0.5576923076923077
lambda_peak_4_32,3501,0.5192307692307693
lambda_peak_4_32,3502,0.3942307692307692
lambda_peak_4_32,3503,0.625
lambda_peak_4_32,3504,0.49038461538461536
lambda_peak_4_32,3505,0.4519230769230769
lambda_peak_4_32,3506,0.4519230769230769
lambda_peak_4_32,3507,0.5288461538461539
lambda_peak_4_32,3508,0.4807692307692308
lambda_peak_4_32,3509,0.4807692307692308
lambda_peak_4_32,3510,0.4326923076923077
lambda_peak_4_32,3511,0.47115384615384615
lambda_peak_4_32,3512,0.49038461538461536
lambda_peak_4_32,3513,0.41346153846153844
lambda_peak_4_32,3514,0.41346153846153844
lambda_peak_4_32,3515,0.5192307692307693
lambda_peak_4_32,3516,0.5
lambda_peak_4_32,3517,0.5769230769230769
lambda_peak_4_32,3518,0.3942307692307692
lambda_peak_4_32,3519,0.5480769230769231
lambda_peak_4_32,3520,0.4807692307692308
lambda_peak_4_32,3521,0.46153846153846156
lambda_peak_4_32,3522,0.5
lambda_peak_4_32,3523,0.5096153846153846
lambda_peak_4_32,3524,0.41346153846153844
lambda_peak_4_32,3525,0.47115384615384615
lambda_peak_4_32,3526,0.46153846153846156
lambda_peak_4_32,3527,0.47115384615384615
lambda_peak_4_32,3528,0.3942307692307692
lambda_peak_4_32,3529,0.36538461538461536
lambda_peak_4_32,3530,0.4423076923076923
lambda_peak_4_32,3531,0.47115384615384615
lambda_peak_4_32,3532,0.46153846153846156
lambda_peak_4_32,3533,0.49038461538461536
lambda_peak_4_32,3534,0.49038461538461536
lambda_peak_4_32,3535,0.5096153846153846
lambda_peak_4_32,3536,0.5480769230769231
lambda_peak_4_32,3537,0.49038461538461536
lambda_peak_4_32,3538,0.375
lambda_peak_4_32,3539,0.40384615384615385
lambda_peak_4_32,3540,0.5
lambda_peak_4_32,3541,0.4326923076923077
lambda_peak_4_32,3542,0.36538461538461536
lambda_peak_4_32,3543,0.5384615384615384
lambda_peak_4_32,3544,0.40384615384615385
lambda_peak_4_32,3545,0.38461538461538464
lambda_peak_4_32,3546,0.40384615384615385
lambda_peak_4_32,3547,0.5096153846153846
lambda_peak_4_32,3548,0.6057692307692307
lambda_peak_4_32,3549,0.5769230769230769
lambda_peak_4_32,3550,0.41346153846153844
lambda_peak_4_32,3551,0.5192307692307693
lambda_peak_4_32,3552,0.4423076923076923
lambda_peak_4_32,3553,0.5288461538461539
lambda_peak_4_32,3554,0.5384615384615384
lambda_peak_4_32,3555,0.4519230769230769
lambda_peak_4_32,3556,0.41346153846153844
lambda_peak_4_32,3557,0.5865384615384616
lambda_peak_4_32,3558,0.47115384615384615
lambda_peak_4_32,3559,0.38461538461538464
lambda_peak_4_32,3560,0.5192307692307693
lambda_peak_4_32,3561,0.5
lambda_peak_4_32,3562,0.5576923076923077
lambda_peak_4_32,3563,0.41346153846153844
lambda_peak_4_32,3564,0.46153846153846156
lambda_peak_4_32,3565,0.40384615384615385
lambda_peak_4_32,3566,0.5192307692307693
lambda_peak_4_32,3567,0.5096153846153846
lambda_peak_4_32,3568,0.5673076923076923
lambda_peak_4_32,3569,0.47115384615384615
lambda_peak_4_32,3570,0.4519230769230769
lambda_peak_4_32,3571,0.5
lambda_peak_4_32,3572,0.5673076923076923
lambda_peak_4_32,3573,0.47115384615384615
lambda_peak_4_32,3574,0.4519230769230769
lambda_peak_4_32,3575,0.3942307692307692
lambda_peak_4_32,3576,0.49038461538461536
lambda_peak_4_32,3577,0.46153846153846156
lambda_peak_4_32,3578,0.4423076923076923
lambda_peak_4_32,3579,0.4807692307692308
lambda_peak_4_32,3580,0.4519230769230769
lambda_peak_4_32,3581,0.36538461538461536
lambda_peak_4_32,3582,0.4326923076923077
lambda_peak_4_32,3583,0.5
lambda_peak_4_32,3584,0.41346153846153844
lambda_peak_4_32,3585,0.5480769230769231
lambda_peak_4_32,3586,0.4230769230769231
lambda_peak_4_32,3587,0.5192307692307693
lambda_peak_4_32,3588,0.4423076923076923
lambda_peak_4_32,3589,0.3557692307692308
lambda_peak_4_32,3590,0.5192307692307693
lambda_peak_4_32,3591,0.5288461538461539
lambda_peak_4_32,3592,0.5288461538461539
lambda_peak_4_32,3593,0.4519230769230769
lambda_peak_4_32,3594,0.4230769230769231
lambda_peak_4_32,3595,0.5480769230769231
lambda_peak_4_32,3596,0.47115384615384615
lambda_peak_4_32,3597,0.46153846153846156
lambda_peak_4_32,3598,0.49038461538461536
lambda_peak_4_32,3599,0.4519230769230769
lambda_peak_4_32,3600,0.375
lambda_peak_4_32,3601,0.5480769230769231
lambda_peak_4_32,3602,0.4807692307692308
lambda_peak_4_32,3603,0.47115384615384615
lambda_peak_4_32,3604,0.46153846153846156
lambda_peak_4_32,3605,0.49038461538461536
lambda_peak_4_32,3606,0.3942307692307692
lambda_peak_4_32,3607,0.4423076923076923
lambda_peak_4_32,3608,0.5192307692307693
lambda_peak_4_32,3609,0.4519230769230769
lambda_peak_4_32,3610,0.4807692307692308
lambda_peak_4_32,3611,0.4326923076923077
lambda_peak_4_32,3612,0.5096153846153846
lambda_peak_4_32,3613,0.5480769230769231
lambda_peak_4_32,3614,0.41346153846153844
lambda_peak_4_32,3615,0.4326923076923077
lambda_peak_4_32,3616,0.49038461538461536
lambda_peak_4_32,3617,0.3942307692307692
lambda_peak_4_32,3618,0.5
lambda_peak_4_32,3619,0.5384615384615384
lambda_peak_4_32,3620,0.5192307692307693
lambda_peak_4_32,3621,0.5384615384615384
lambda_peak_4_32,3622,0.46153846153846156
lambda_peak_4_32,3623,0.5192307692307693
lambda_peak_4_32,3624,0.4519230769230769
lambda_peak_4_32,3625,0.4230769230769231
lambda_peak_4_32,3626,0.5096153846153846
lambda_peak_4_32,3627,0.4326923076923077
lambda_peak_4_32,3628,0.5192307692307693
lambda_peak_4_32,3629,0.3942307692307692
lambda_peak_4_32,3630,0.5384615384615384
lambda_peak_4_32,3631,0.49038461538461536
lambda_peak_4_32,3632,0.4807692307692308
lambda_peak_4_32,3633,0.5096153846153846
lambda_peak_4_32,3634,0.4423076923076923
lambda_peak_4_32,3635,0.4423076923076923
lambda_peak_4_32,3636,0.40384615384615385
lambda_peak_4_32,3637,0.33653846153846156
lambda_peak_4_32,3638,0.46153846153846156
lambda_peak_4_32,3639,0.3942307692307692
lambda_peak_4_32,3640,0.47115384615384615
lambda_peak_4_32,3641,0.4519230769230769
lambda_peak_4_32,3642,0.5
lambda_peak_4_32,3643,0.49038461538461536
lambda_peak_4_32,3644,0.46153846153846156
lambda_peak_4_32,3645,0.49038461538461536
lambda_peak_4_32,3646,0.4326923076923077
lambda_peak_4_32,3647,0.46153846153846156
lambda_peak_4_32,3648,0.5096153846153846
lambda_peak_4_32,3649,0.5
lambda_peak_4_32,3650,0.5096153846153846
lambda_peak_4_32,3651,0.5384615384615384
lambda_peak_4_32,3652,0.46153846153846156
lambda_peak_4_32,3653,0.4326923076923077
lambda_peak_4_32,3654,0.40384615384615385
lambda_peak_4_32,3655,0.5192307692307693
lambda_peak_4_32,3656,0.49038461538461536
lambda_peak_4_32,3657,0.4230769230769231
lambda_peak_4_32,3658,0.5096153846153846
lambda_peak_4_32,3659,0.5288461538461539
lambda_peak_4_32,3660,0.4519230769230769
lambda_peak_4_32,3661,0.375
lambda_peak_4_32,3662,0.4807692307692308
lambda_peak_4_32,3663,0.5
lambda_peak_4_32,3664,0.47115384615384615
lambda_peak_4_32,3665,0.41346153846153844
lambda_peak_4_32,3666,0.5096153846153846
lambda_peak_4_32,3667,0.38461538461538464
lambda_peak_4_32,3668,0.5288461538461539
lambda_peak_4_32,3669,0.49038461538461536
lambda_peak_4_32,3670,0.40384615384615385
lambda_peak_4_32,3671,0.4326923076923077
lambda_peak_4_32,3672,0.41346153846153844
lambda_peak_4_32,3673,0.5096153846153846
lambda_peak_4_32,3674,0.5
lambda_peak_4_32,3675,0.3557692307692308
lambda_peak_4_32,3676,0.4807692307692308
lambda_peak_4_32,3677,0.5096153846153846
lambda_peak_4_32,3678,0.4807692307692308
lambda_peak_4_32,3679,0.4326923076923077
lambda_peak_4_32,3680,0.5
lambda_peak_4_32,3681,0.46153846153846156
lambda_peak_4_32,3682,0.41346153846153844
lambda_peak_4_32,3683,0.5
lambda_peak_4_32,3684,0.5
lambda_peak_4_32,3685,0.5576923076923077
lambda_peak_4_32,3686,0.5192307692307693
lambda_peak_4_32,3687,0.4326923076923077
lambda_peak_4_32,3688,0.40384615384615385
lambda_peak_4_32,3689,0.5288461538461539
lambda_peak_4_32,3690,0.4519230769230769
lambda_peak_4_32,3691,0.4326923076923077
lambda_peak_4_32,3692,0.5192307692307693
lambda_peak_4_32,3693,0.49038461538461536
lambda_peak_4_32,3694,0.47115384615384615
lambda_peak_4_32,3695,0.46153846153846156
lambda_peak_4_32,3696,0.47115384615384615
lambda_peak_4_32,3697,0.5288461538461539
lambda_peak_4_32,3698,0.49038461538461536
lambda_peak_4_32,3699,0.3557692307692308
lambda_peak_4_32,3700,0.5192307692307693
lambda_peak_4_32,3701,0.46153846153846156
lambda_peak_4_32,3702,0.47115384615384615
lambda_peak_4_32,3703,0.41346153846153844
lambda_peak_4_32,3704,0.5
lambda_peak_4_32,3705,0.5
lambda_peak_4_32,3706,0.4519230769230769
lambda_peak_4_32,3707,0.41346153846153844
lambda_peak_4_32,3708,0.5288461538461539
lambda_peak_4_32,3709,0.4807692307692308
lambda_peak_4_32,3710,0.41346153846153844
lambda_peak_4_32,3711,0.4423076923076923
lambda_peak_4_32,3712,0.49038461538461536
lambda_peak_4_32,3713,0.5096153846153846
lambda_peak_4_32,3714,0.4519230769230769
lambda_peak_4_32,3715,0.5384615384615384
lambda_peak_4_32,3716,0.5576923076923077
lambda_peak_4_32,3717,0.46153846153846156
lambda_peak_4_32,3718,0.47115384615384615
lambda_peak_4_32,3719,0.47115384615384615
lambda_peak_4_32,3720,0.47115384615384615
lambda_peak_4_32,3721,0.4423076923076923
lambda_peak_4_32,3722,0.47115384615384615
lambda_peak_4_32,3723,0.375
lambda_peak_4_32,3724,0.4326923076923077
lambda_peak_4_32,3725,0.4326923076923077
lambda_peak_4_32,3726,0.4519230769230769
lambda_peak_4_32,3727,0.38461538461538464
lambda_peak_4_32,3728,0.5
lambda_peak_4_32,3729,0.4519230769230769
lambda_peak_4_32,3730,0.4519230769230769
lambda_peak_4_32,3731,0.38461538461538464
lambda_peak_4_32,3732,0.3173076923076923
lambda_peak_4_32,3733,0.5384615384615384
lambda_peak_4_32,3734,0.5096153846153846
lambda_peak_4_32,3735,0.4230769230769231
lambda_peak_4_32,3736,0.46153846153846156
lambda_peak_4_32,3737,0.5096153846153846
lambda_peak_4_32,3738,0.38461538461538464
lambda_peak_4_32,3739,0.6153846153846154
lambda_peak_4_32,3740,0.4423076923076923
lambda_peak_4_32,3741,0.4807692307692308
lambda_peak_4_32,3742,0.5576923076923077
lambda_peak_4_32,3743,0.3557692307692308
lambda_peak_4_32,3744,0.46153846153846156
lambda_peak_4_32,3745,0.5384615384615384
lambda_peak_4_32,3746,0.375
lambda_peak_4_32,3747,0.4230769230769231
lambda_peak_4_32,3748,0.5
lambda_peak_4_32,3749,0.46153846153846156
lambda_peak_4_32,3750,0.46153846153846156
lambda_peak_4_32,3751,0.5288461538461539
lambda_peak_4_32,3752,0.49038461538461536
lambda_peak_4_32,3753,0.4423076923076923
lambda_peak_4_32,3754,0.5
lambda_peak_4_32,3755,0.4423076923076923
lambda_peak_4_32,3756,0.5288461538461539
lambda_peak_4_32,3757,0.3942307692307692
lambda_peak_4_32,3758,0.34615384615384615
lambda_peak_4_32,3759,0.47115384615384615
lambda_peak_4_32,3760,0.4519230769230769
lambda_peak_4_32,3761,0.5
lambda_peak_4_32,3762,0.4519230769230769
lambda_peak_4_32,3763,0.6057692307692307
lambda_peak_4_32,3764,0.5192307692307693
lambda_peak_4_32,3765,0.5
lambda_peak_4_32,3766,0.5
lambda_peak_4_32,3767,0.4230769230769231
lambda_peak_4_32,3768,0.5769230769230769
lambda_peak_4_32,3769,0.5480769230769231
lambda_peak_4_32,3770,0.4423076923076923
lambda_peak_4_32,3771,0.4807692307692308
lambda_peak_4_32,3772,0.4230769230769231
lambda_peak_4_32,3773,0.4326923076923077
lambda_peak_4_32,3774,0.5192307692307693
lambda_peak_4_32,3775,0.33653846153846156
lambda_peak_4_32,3776,0.4807692307692308
lambda_peak_4_32,3777,0.4807692307692308
lambda_peak_4_32,3778,0.5
lambda_peak_4_32,3779,0.5384615384615384
lambda_peak_4_32,3780,0.5
lambda_peak_4_32,3781,0.5480769230769231
lambda_peak_4_32,3782,0.5480769230769231
lambda_peak_4_32,3783,0.5192307692307693
lambda_peak_4_32,3784,0.47115384615384615
lambda_peak_4_32,3785,0.46153846153846156
lambda_peak_4_32,3786,0.5096153846153846
lambda_peak_4_32,3787,0.47115384615384615
lambda_peak_4_32,3788,0.4326923076923077
lambda_peak_4_32,3789,0.4230769230769231
lambda_peak_4_32,3790,0.5192307692307693
lambda_peak_4_32,3791,0.5096153846153846
lambda_peak_4_32,3792,0.38461538461538464
lambda_peak_4_32,3793,0.49038461538461536
lambda_peak_4_32,3794,0.4807692307692308
lambda_peak_4_32,3795,0.5096153846153846
lambda_peak_4_32,3796,0.49038461538461536
lambda_peak_4_32,3797,0.5192307692307693
lambda_peak_4_32,3798,0.3557692307692308
lambda_peak_4_32,3799,0.5288461538461539
lambda_peak_4_32,3800,0.41346153846153844
lambda_peak_4_32,3801,0.4326923076923077
lambda_peak_4_32,3802,0.4326923076923077
lambda_peak_4_32,3803,0.5961538461538461
lambda_peak_4_32,3804,0.46153846153846156
lambda_peak_4_32,3805,0.4326923076923077
lambda_peak_4_32,3806,0.47115384615384615
lambda_peak_4_32,3807,0.46153846153846156
lambda_peak_4_32,3808,0.4326923076923077
lambda_peak_4_32,3809,0.5
lambda_peak_4_32,3810,0.46153846153846156
lambda_peak_4_32,3811,0.4807692307692308
lambda_peak_4_32,3812,0.5192307692307693
lambda_peak_4_32,3813,0.46153846153846156
lambda_peak_4_32,3814,0.4423076923076923
lambda_peak_4_32,3815,0.4807692307692308
lambda_peak_4_32,3816,0.375
lambda_peak_4_32,3817,0.46153846153846156
lambda_peak_4_32,3818,0.5576923076923077
lambda_peak_4_32,3819,0.5192307692307693
lambda_peak_4_32,3820,0.46153846153846156
lambda_peak_4_32,3821,0.46153846153846156
lambda_peak_4_32,3822,0.3942307692307692
lambda_peak_4_32,3823,0.5
lambda_peak_4_32,3824,0.41346153846153844
lambda_peak_4_32,3825,0.4423076923076923
lambda_peak_4_32,3826,0.33653846153846156
lambda_peak_4_32,3827,0.4230769230769231
lambda_peak_4_32,3828,0.47115384615384615
lambda_peak_4_32,3829,0.4230769230769231
lambda_peak_4_32,3830,0.4519230769230769
lambda_peak_4_32,3831,0.4423076923076923
lambda_peak_4_32,3832,0.4807692307692308
lambda_peak_4_32,3833,0.49038461538461536
lambda_peak_4_32,3834,0.4230769230769231
lambda_peak_4_32,3835,0.4230769230769231
lambda_peak_4_32,3836,0.40384615384615385
lambda_peak_4_32,3837,0.4230769230769231
lambda_peak_4_32,3838,0.38461538461538464
lambda_peak_4_32,3839,0.5
lambda_peak_4_32,3840,0.5
lambda_peak_4_32,3841,0.4519230769230769
lambda_peak_4_32,3842,0.5288461538461539
lambda_peak_4_32,3843,0.4326923076923077
lambda_peak_4_32,3844,0.38461538461538464
lambda_peak_4_32,3845,0.5288461538461539
lambda_peak_4_32,3846,0.4423076923076923
lambda_peak_4_32,3847,0.41346153846153844
lambda_peak_4_32,3848,0.41346153846153844
lambda_peak_4_32,3849,0.5096153846153846
lambda_peak_4_32,3850,0.5384615384615384
lambda_peak_4_32,3851,0.5
lambda_peak_4_32,3852,0.5961538461538461
lambda_peak_4_32,3853,0.4807692307692308
lambda_peak_4_32,3854,0.5865384615384616
lambda_peak_4_32,3855,0.4326923076923077
lambda_peak_4_32,3856,0.5192307692307693
lambda_peak_4_32,3857,0.375
lambda_peak_4_32,3858,0.4423076923076923
lambda_peak_4_32,3859,0.5961538461538461
lambda_peak_4_32,3860,0.5096153846153846
lambda_peak_4_32,3861,0.3942307692307692
lambda_peak_4_32,3862,0.46153846153846156
lambda_peak_4_32,3863,0.4326923076923077
lambda_peak_4_32,3864,0.4326923076923077
lambda_peak_4_32,3865,0.47115384615384615
lambda_peak_4_32,3866,0.40384615384615385
lambda_peak_4_32,3867,0.38461538461538464
lambda_peak_4_32,3868,0.5288461538461539
lambda_peak_4_32,3869,0.38461538461538464
lambda_peak_4_32,3870,0.41346153846153844
lambda_peak_4_32,3871,0.4807692307692308
lambda_peak_4_32,3872,0.5384615384615384
lambda_peak_4_32,3873,0.5480769230769231
lambda_peak_4_32,3874,0.5192307692307693
lambda_peak_4_32,3875,0.41346153846153844
lambda_peak_4_32,3876,0.4230769230769231
lambda_peak_4_32,3877,0.47115384615384615
lambda_peak_4_32,3878,0.5576923076923077
lambda_peak_4_32,3879,0.4326923076923077
lambda_peak_4_32,3880,0.4326923076923077
lambda_peak_4_32,3881,0.5288461538461539
lambda_peak_4_32,3882,0.46153846153846156
lambda_peak_4_32,3883,0.4519230769230769
lambda_peak_4_32,3884,0.5096153846153846
lambda_peak_4_32,3885,0.4230769230769231
lambda_peak_4_32,3886,0.4519230769230769
lambda_peak_4_32,3887,0.5865384615384616
lambda_peak_4_32,3888,0.4807692307692308
lambda_peak_4_32,3889,0.5769230769230769
lambda_peak_4_32,3890,0.4519230769230769
lambda_peak_4_32,3891,0.46153846153846156
lambda_peak_4_32,3892,0.5
lambda_peak_4_32,3893,0.47115384615384615
lambda_peak_4_32,3894,0.375
lambda_peak_4_32,3895,0.5576923076923077
lambda_peak_4_32,3896,0.5096153846153846
lambda_peak_4_32,3897,0.40384615384615385
lambda_peak_4_32,3898,0.46153846153846156
lambda_peak_4_32,3899,0.4326923076923077
lambda_peak_4_32,3900,0.5288461538461539
lambda_peak_4_32,3901,0.46153846153846156
lambda_peak_4_32,3902,0.5
lambda_peak_4_32,3903,0.4423076923076923
lambda_peak_4_32,3904,0.3942307692307692
lambda_peak_4_32,3905,0.4519230769230769
lambda_peak_4_32,3906,0.4519230769230769
lambda_peak_4_32,3907,0.5192307692307693
lambda_peak_4_32,3908,0.4326923076923077
lambda_peak_4_32,3909,0.4423076923076923
lambda_peak_4_32,3910,0.49038461538461536
lambda_peak_4_32,3911,0.4807692307692308
lambda_peak_4_32,3912,0.375
lambda_peak_4_32,3913,0.47115384615384615
lambda_peak_4_32,3914,0.4326923076923077
lambda_peak_4_32,3915,0.5480769230769231
lambda_peak_4_32,3916,0.4423076923076923
lambda_peak_4_32,3917,0.5192307692307693
lambda_peak_4_32,3918,0.49038461538461536
lambda_peak_4_32,3919,0.4519230769230769
lambda_peak_4_32,3920,0.46153846153846156
lambda_peak_4_32,3921,0.4519230769230769
lambda_peak_4_32,3922,0.5384615384615384
lambda_peak_4_32,3923,0.3942307692307692
lambda_peak_4_32,3924,0.5576923076923077
lambda_peak_4_32,3925,0.3942307692307692
lambda_peak_4_32,3926,0.47115384615384615
lambda_peak_4_32,3927,0.5192307692307693
lambda_peak_4_32,3928,0.46153846153846156
lambda_peak_4_32,3929,0.4519230769230769
lambda_peak_4_32,3930,0.5
lambda_peak_4_32,3931,0.40384615384615385
lambda_peak_4_32,3932,0.5
lambda_peak_4_32,3933,0.46153846153846156
lambda_peak_4_32,3934,0.47115384615384615
lambda_peak_4_32,3935,0.41346153846153844
lambda_peak_4_32,3936,0.41346153846153844
lambda_peak_4_32,3937,0.38461538461538464
lambda_peak_4_32,3938,0.46153846153846156
lambda_peak_4_32,3939,0.5769230769230769
lambda_peak_4_32,3940,0.5192307692307693
lambda_peak_4_32,3941,0.5096153846153846
lambda_peak_4_32,3942,0.5769230769230769
lambda_peak_4_32,3943,0.3557692307692308
lambda_peak_4_32,3944,0.5384615384615384
lambda_peak_4_32,3945,0.5384615384615384
lambda_peak_4_32,3946,0.47115384615384615
lambda_peak_4_32,3947,0.4423076923076923
lambda_peak_4_32,3948,0.4423076923076923
lambda_peak_4_32,3949,0.5384615384615384
lambda_peak_4_32,3950,0.4423076923076923
lambda_peak_4_32,3951,0.5288461538461539
lambda_peak_4_32,3952,0.40384615384615385
lambda_peak_4_32,3953,0.5
lambda_peak_4_32,3954,0.3942307692307692
lambda_peak_4_32,3955,0.5576923076923077
lambda_peak_4_32,3956,0.375
lambda_peak_4_32,3957,0.4423076923076923
lambda_peak_4_32,3958,0.5673076923076923
lambda_peak_4_32,3959,0.4519230769230769
lambda_peak_4_32,3960,0.5096153846153846
lambda_peak_4_32,3961,0.46153846153846156
lambda_peak_4_32,3962,0.4519230769230769
lambda_peak_4_32,3963,0.4519230769230769
lambda_peak_4_32,3964,0.4423076923076923
lambda_peak_4_32,3965,0.5096153846153846
lambda_peak_4_32,3966,0.49038461538461536
lambda_peak_4_32,3967,0.5192307692307693
lambda_peak_4_32,3968,0.5961538461538461
lambda_peak_4_32,3969,0.49038461538461536
lambda_peak_4_32,3970,0.47115384615384615
lambda_peak_4_32,3971,0.4519230769230769
lambda_peak_4_32,3972,0.3942307692307692
lambda_peak_4_32,3973,0.4807692307692308
lambda_peak_4_32,3974,0.4519230769230769
lambda_peak_4_32,3975,0.5288461538461539
lambda_peak_4_32,3976,0.4423076923076923
lambda_peak_4_32,3977,0.5961538461538461
lambda_peak_4_32,3978,0.3942307692307692
lambda_peak_4_32,3979,0.47115384615384615
lambda_peak_4_32,3980,0.47115384615384615
lambda_peak_4_32,3981,0.4807692307692308
lambda_peak_4_32,3982,0.4230769230769231
lambda_peak_4_32,3983,0.47115384615384615
lambda_peak_4_32,3984,0.4519230769230769
lambda_peak_4_32,3985,0.36538461538461536
lambda_peak_4_32,3986,0.49038461538461536
lambda_peak_4_32,3987,0.3942307692307692
lambda_peak_4_32,3988,0.49038461538461536
lambda_peak_4_32,3989,0.5
lambda_peak_4_32,3990,0.6442307692307693
lambda_peak_4_32,3991,0.4807692307692308
lambda_peak_4_32,3992,0.41346153846153844
lambda_peak_4_32,3993,0.5
lambda_peak_4_32,3994,0.47115384615384615
lambda_peak_4_32,3995,0.5096153846153846
lambda_peak_4_32,3996,0.5
lambda_peak_4_32,3997,0.4519230769230769
lambda_peak_4_32,3998,0.5576923076923077
lambda_peak_4_32,3999,0.3942307692307692
lambda_peak_4_32,4000,0.47115384615384615
lambda_peak_4_32,4001,0.4519230769230769
lambda_peak_4_32,4002,0.4807692307692308
lambda_peak_4_32,4003,0.40384615384615385
lambda_peak_4_32,4004,0.46153846153846156
lambda_peak_4_32,4005,0.5096153846153846
lambda_peak_4_32,4006,0.4423076923076923
lambda_peak_4_32,4007,0.375
lambda_peak_4_32,4008,0.5673076923076923
lambda_peak_4_32,4009,0.5
lambda_peak_4_32,4010,0.3557692307692308
lambda_peak_4_32,4011,0.46153846153846156
lambda_peak_4_32,4012,0.5
lambda_peak_4_32,4013,0.4326923076923077
lambda_peak_4_32,4014,0.4807692307692308
lambda_peak_4_32,4015,0.4423076923076923
lambda_peak_4_32,4016,0.5576923076923077
lambda_peak_4_32,4017,0.5096153846153846
lambda_peak_4_32,4018,0.5096153846153846
lambda_peak_4_32,4019,0.5480769230769231
lambda_peak_4_32,4020,0.47115384615384615
lambda_peak_4_32,4021,0.4423076923076923
lambda_peak_4_32,4022,0.3942307692307692
lambda_peak_4_32,4023,0.4519230769230769
lambda_peak_4_32,4024,0.41346153846153844
lambda_peak_4_32,4025,0.5096153846153846
lambda_peak_4_32,4026,0.4423076923076923
lambda_peak_4_32,4027,0.4519230769230769
lambda_peak_4_32,4028,0.41346153846153844
lambda_peak_4_32,4029,0.49038461538461536
lambda_peak_4_32,4030,0.4230769230769231
lambda_peak_4_32,4031,0.4326923076923077
lambda_peak_4_32,4032,0.5673076923076923
lambda_peak_4_32,4033,0.5
lambda_peak_4_32,4034,0.4807692307692308
lambda_peak_4_32,4035,0.5096153846153846
lambda_peak_4_32,4036,0.47115384615384615
lambda_peak_4_32,4037,0.49038461538461536
lambda_peak_4_32,4038,0.3942307692307692
lambda_peak_4_32,4039,0.4423076923076923
lambda_peak_4_32,4040,0.4326923076923077
lambda_peak_4_32,4041,0.4230769230769231
lambda_peak_4_32,4042,0.46153846153846156
lambda_peak_4_32,4043,0.5
lambda_peak_4_32,4044,0.46153846153846156
lambda_peak_4_32,4045,0.375
lambda_peak_4_32,4046,0.4423076923076923
lambda_peak_4_32,4047,0.46153846153846156
lambda_peak_4_32,4048,0.4326923076923077
lambda_peak_4_32,4049,0.41346153846153844
lambda_peak_4_32,4050,0.47115384615384615
lambda_peak_4_32,4051,0.5
lambda_peak_4_32,4052,0.4326923076923077
lambda_peak_4_32,4053,0.47115384615384615
lambda_peak_4_32,4054,0.4519230769230769
lambda_peak_4_32,4055,0.41346153846153844
lambda_peak_4_32,4056,0.4423076923076923
lambda_peak_4_32,4057,0.41346153846153844
lambda_peak_4_32,4058,0.4807692307692308
lambda_peak_4_32,4059,0.3942307692307692
lambda_peak_4_32,4060,0.46153846153846156
lambda_peak_4_32,4061,0.4326923076923077
lambda_peak_4_32,4062,0.46153846153846156
lambda_peak_4_32,4063,0.4807692307692308
lambda_peak_4_32,4064,0.4519230769230769
lambda_peak_4_32,4065,0.46153846153846156
lambda_peak_4_32,4066,0.5
lambda_peak_4_32,4067,0.46153846153846156
lambda_peak_4_32,4068,0.38461538461538464
lambda_peak_4_32,4069,0.4423076923076923
lambda_peak_4_32,4070,0.4519230769230769
lambda_peak_4_32,4071,0.5
lambda_peak_4_32,4072,0.5480769230769231
lambda_peak_4_32,4073,0.4519230769230769
lambda_peak_4_32,4074,0.4230769230769231
lambda_peak_4_32,4075,0.5
lambda_peak_4_32,4076,0.5480769230769231
lambda_peak_4_32,4077,0.4807692307692308
lambda_peak_4_32,4078,0.5288461538461539
lambda_peak_4_32,4079,0.5
lambda_peak_4_32,4080,0.49038461538461536
lambda_peak_4_32,4081,0.4807692307692308
lambda_peak_4_32,4082,0.5
lambda_peak_4_32,4083,0.41346153846153844
lambda_peak_4_32,4084,0.49038461538461536
lambda_peak_4_32,4085,0.47115384615384615
lambda_peak_4_32,4086,0.4423076923076923
lambda_peak_4_32,4087,0.4326923076923077
lambda_peak_4_32,4088,0.5192307692307693
lambda_peak_4_32,4089,0.5096153846153846
lambda_peak_4_32,4090,0.41346153846153844
lambda_peak_4_32,4091,0.4326923076923077
lambda_peak_4_32,4092,0.4807692307692308
lambda_peak_4_32,4093,0.5192307692307693
lambda_peak_4_32,4094,0.625
lambda_peak_4_32,4095,0.5096153846153846
lambda_peak_4_32,4096,0.40384615384615385
lambda_peak_4_32,4097,0.4230769230769231
lambda_peak_4_32,4098,0.4230769230769231
lambda_peak_4_32,4099,0.4423076923076923
lambda_peak_4_32,4100,0.4326923076923077
lambda_peak_4_32,4101,0.4326923076923077
lambda_peak_4_32,4102,0.3557692307692308
lambda_peak_4_32,4103,0.5576923076923077
lambda_peak_4_32,4104,0.4423076923076923
lambda_peak_4_32,4105,0.36538461538461536
lambda_peak_4_32,4106,0.46153846153846156
lambda_peak_4_32,4107,0.4519230769230769
lambda_peak_4_32,4108,0.3942307692307692
lambda_peak_4_32,4109,0.41346153846153844
lambda_peak_4_32,4110,0.46153846153846156
lambda_peak_4_32,4111,0.5673076923076923
lambda_peak_4_32,4112,0.4807692307692308
lambda_peak_4_32,4113,0.46153846153846156
lambda_peak_4_32,4114,0.38461538461538464
lambda_peak_4_32,4115,0.5384615384615384
lambda_peak_4_32,4116,0.6153846153846154
lambda_peak_4_32,4117,0.5
lambda_peak_4_32,4118,0.5192307692307693
lambda_peak_4_32,4119,0.4326923076923077
lambda_peak_4_32,4120,0.49038461538461536
lambda_peak_4_32,4121,0.5192307692307693
lambda_peak_4_32,4122,0.4230769230769231
lambda_peak_4_32,4123,0.3942307692307692
lambda_peak_4_32,4124,0.46153846153846156
lambda_peak_4_32,4125,0.4326923076923077
lambda_peak_4_32,4126,0.5
lambda_peak_4_32,4127,0.5096153846153846
lambda_peak_4_32,4128,0.4326923076923077
lambda_peak_4_32,4129,0.5288461538461539
lambda_peak_4_32,4130,0.33653846153846156
lambda_peak_4_32,4131,0.375
lambda_peak_4_32,4132,0.49038461538461536
lambda_peak_4_32,4133,0.4326923076923077
lambda_peak_4_32,4134,0.41346153846153844
lambda_peak_4_32,4135,0.5288461538461539
lambda_peak_4_32,4136,0.4519230769230769
lambda_peak_4_32,4137,0.3942307692307692
lambda_peak_4_32,4138,0.36538461538461536
lambda_peak_4_32,4139,0.46153846153846156
lambda_peak_4_32,4140,0.46153846153846156
lambda_peak_4_32,4141,0.49038461538461536
lambda_peak_4_32,4142,0.38461538461538464
lambda_peak_4_32,4143,0.5576923076923077
lambda_peak_4_32,4144,0.4807692307692308
lambda_peak_4_32,4145,0.49038461538461536
lambda_peak_4_32,4146,0.5769230769230769
lambda_peak_4_32,4147,0.4519230769230769
lambda_peak_4_32,4148,0.4519230769230769
lambda_peak_4_32,4149,0.5576923076923077
lambda_peak_4_32,4150,0.5096153846153846
lambda_peak_4_32,4151,0.4423076923076923
lambda_peak_4_32,4152,0.5192307692307693
lambda_peak_4_32,4153,0.49038461538461536
lambda_peak_4_32,4154,0.4519230769230769
lambda_peak_4_32,4155,0.46153846153846156
lambda_peak_4_32,4156,0.4326923076923077
lambda_peak_4_32,4157,0.4230769230769231
lambda_peak_4_32,4158,0.4519230769230769
lambda_peak_4_32,4159,0.41346153846153844
lambda_peak_4_32,4160,0.5096153846153846
lambda_peak_4_32,4161,0.625
lambda_peak_4_32,4162,0.40384615384615385
lambda_peak_4_32,4163,0.5096153846153846
lambda_peak_4_32,4164,0.5
lambda_peak_4_32,4165,0.41346153846153844
lambda_peak_4_32,4166,0.4519230769230769
lambda_peak_4_32,4167,0.40384615384615385
lambda_peak_4_32,4168,0.5192307692307693
lambda_peak_4_32,4169,0.5288461538461539
lambda_peak_4_32,4170,0.5192307692307693
lambda_peak_4_32,4171,0.4423076923076923
lambda_peak_4_32,4172,0.41346153846153844
lambda_peak_4_32,4173,0.5
lambda_peak_4_32,4174,0.47115384615384615
lambda_peak_4_32,4175,0.5
lambda_peak_4_32,4176,0.4519230769230769
lambda_peak_4_32,4177,0.46153846153846156
lambda_peak_4_32,4178,0.46153846153846156
lambda_peak_4_32,4179,0.5192307692307693
lambda_peak_4_32,4180,0.49038461538461536
lambda_peak_4_32,4181,0.4807692307692308
lambda_peak_4_32,4182,0.49038461538461536
lambda_peak_4_32,4183,0.4423076923076923
lambda_peak_4_32,4184,0.5673076923076923
lambda_peak_4_32,4185,0.4519230769230769
lambda_peak_4_32,4186,0.47115384615384615
lambda_peak_4_32,4187,0.5576923076923077
lambda_peak_4_32,4188,0.5480769230769231
lambda_peak_4_32,4189,0.5480769230769231
lambda_peak_4_32,4190,0.3557692307692308
lambda_peak_4_32,4191,0.49038461538461536
lambda_peak_4_32,4192,0.4519230769230769
lambda_peak_4_32,4193,0.4326923076923077
lambda_peak_4_32,4194,0.4230769230769231
lambda_peak_4_32,4195,0.5769230769230769
lambda_peak_4_32,4196,0.4230769230769231
lambda_peak_4_32,4197,0.49038461538461536
lambda_peak_4_32,4198,0.4423076923076923
lambda_peak_4_32,4199,0.5384615384615384
lambda_peak_4_32,4200,0.46153846153846156
lambda_peak_4_32,4201,0.5384615384615384
lambda_peak_4_32,4202,0.4519230769230769
lambda_peak_4_32,4203,0.4423076923076923
lambda_peak_4_32,4204,0.49038461538461536
lambda_peak_4_32,4205,0.46153846153846156
lambda_peak_4_32,4206,0.46153846153846156
lambda_peak_4_32,4207,0.49038461538461536
lambda_peak_4_32,4208,0.4423076923076923
lambda_peak_4_32,4209,0.4807692307692308
lambda_peak_4_32,4210,0.46153846153846156
lambda_peak_4_32,4211,0.46153846153846156
lambda_peak_4_32,4212,0.6057692307692307
lambda_peak_4_32,4213,0.5865384615384616
lambda_peak_4_32,4214,0.4423076923076923
lambda_peak_4_32,4215,0.4519230769230769
lambda_peak_4_32,4216,0.36538461538461536
lambda_peak_4_32,4217,0.4807692307692308
lambda_peak_4_32,4218,0.49038461538461536
lambda_peak_4_32,4219,0.3942307692307692
lambda_peak_4_32,4220,0.47115384615384615
lambda_peak_4_32,4221,0.47115384615384615
lambda_peak_4_32,4222,0.5480769230769231
lambda_peak_4_32,4223,0.5
lambda_peak_4_32,4224,0.5
lambda_peak_4_32,4225,0.40384615384615385
lambda_peak_4_32,4226,0.49038461538461536
lambda_peak_4_32,4227,0.375
lambda_peak_4_32,4228,0.5865384615384616
lambda_peak_4_32,4229,0.5769230769230769
lambda_peak_4_32,4230,0.46153846153846156
lambda_peak_4_32,4231,0.5096153846153846
lambda_peak_4_32,4232,0.4423076923076923
lambda_peak_4_32,4233,0.46153846153846156
lambda_peak_4_32,4234,0.38461538461538464
lambda_peak_4_32,4235,0.38461538461538464
lambda_peak_4_32,4236,0.49038461538461536
lambda_peak_4_32,4237,0.5480769230769231
lambda_peak_4_32,4238,0.49038461538461536
lambda_peak_4_32,4239,0.47115384615384615
lambda_peak_4_32,4240,0.3942307692307692
lambda_peak_4_32,4241,0.4423076923076923
lambda_peak_4_32,4242,0.4326923076923077
lambda_peak_4_32,4243,0.47115384615384615
lambda_peak_4_32,4244,0.49038461538461536
lambda_peak_4_32,4245,0.49038461538461536
lambda_peak_4_32,4246,0.5480769230769231
lambda_peak_4_32,4247,0.47115384615384615
lambda_peak_4_32,4248,0.41346153846153844
lambda_peak_4_32,4249,0.5192307692307693
lambda_peak_4_32,4250,0.4519230769230769
lambda_peak_4_32,4251,0.5096153846153846
lambda_peak_4_32,4252,0.5
lambda_peak_4_32,4253,0.5
lambda_peak_4_32,4254,0.5
lambda_peak_4_32,4255,0.5
lambda_peak_4_32,4256,0.5673076923076923
lambda_peak_4_32,4257,0.5
lambda_peak_4_32,4258,0.5
lambda_peak_4_32,4259,0.4519230769230769
lambda_peak_4_32,4260,0.5
lambda_peak_4_32,4261,0.49038461538461536
lambda_peak_4_32,4262,0.5096153846153846
lambda_peak_4_32,4263,0.4423076923076923
lambda_peak_4_32,4264,0.47115384615384615
lambda_peak_4_32,4265,0.4230769230769231
lambda_peak_4_32,4266,0.49038461538461536
lambda_peak_4_32,4267,0.4423076923076923
lambda_peak_4_32,4268,0.5
lambda_peak_4_32,4269,0.47115384615384615
lambda_peak_4_32,4270,0.47115384615384615
lambda_peak_4_32,4271,0.49038461538461536
lambda_peak_4_32,4272,0.47115384615384615
lambda_peak_4_32,4273,0.5769230769230769
lambda_peak_4_32,4274,0.5961538461538461
lambda_peak_4_32,4275,0.5673076923076923
lambda_peak_4_32,4276,0.41346153846153844
lambda_peak_4_32,4277,0.5096153846153846
lambda_peak_4_32,4278,0.4230769230769231
lambda_peak_4_32,4279,0.5865384615384616
lambda_peak_4_32,4280,0.47115384615384615
lambda_peak_4_32,4281,0.4326923076923077
lambda_peak_4_32,4282,0.4230769230769231
lambda_peak_4_32,4283,0.5096153846153846
lambda_peak_4_32,4284,0.4519230769230769
lambda_peak_4_32,4285,0.4807692307692308
lambda_peak_4_32,4286,0.47115384615384615
lambda_peak_4_32,4287,0.4423076923076923
lambda_peak_4_32,4288,0.4519230769230769
lambda_peak_4_32,4289,0.4423076923076923
lambda_peak_4_32,4290,0.5288461538461539
lambda_peak_4_32,4291,0.36538461538461536
lambda_peak_4_32,4292,0.5
lambda_peak_4_32,4293,0.5096153846153846
lambda_peak_4_32,4294,0.3557692307692308
lambda_peak_4_32,4295,0.5576923076923077
lambda_peak_4_32,4296,0.5
lambda_peak_4_32,4297,0.4807692307692308
lambda_peak_4_32,4298,0.41346153846153844
lambda_peak_4_32,4299,0.5
lambda_peak_4_32,4300,0.5
lambda_peak_4_32,4301,0.4519230769230769
lambda_peak_4_32,4302,0.3942307692307692
lambda_peak_4_32,4303,0.46153846153846156
lambda_peak_4_32,4304,0.5576923076923077
lambda_peak_4_32,4305,0.4807692307692308
lambda_peak_4_32,4306,0.47115384615384615
lambda_peak_4_32,4307,0.4230769230769231
lambda_peak_4_32,4308,0.49038461538461536
lambda_peak_4_32,4309,0.4423076923076923
lambda_peak_4_32,4310,0.40384615384615385
lambda_peak_4_32,4311,0.5
lambda_peak_4_32,4312,0.5
lambda_peak_4_32,4313,0.3557692307692308
lambda_peak_4_32,4314,0.5480769230769231
lambda_peak_4_32,4315,0.5480769230769231
lambda_peak_4_32,4316,0.4519230769230769
lambda_peak_4_32,4317,0.4519230769230769
lambda_peak_4_32,4318,0.5
lambda_peak_4_32,4319,0.4807692307692308
lambda_peak_4_32,4320,0.46153846153846156
lambda_peak_4_32,4321,0.5865384615384616
lambda_peak_4_32,4322,0.3942307692307692
lambda_peak_4_32,4323,0.49038461538461536
lambda_peak_4_32,4324,0.5096153846153846
lambda_peak_4_32,4325,0.49038461538461536
lambda_peak_4_32,4326,0.4230769230769231
lambda_peak_4_32,4327,0.4807692307692308
lambda_peak_4_32,4328,0.47115384615384615
lambda_peak_4_32,4329,0.5384615384615384
lambda_peak_4_32,4330,0.5
lambda_peak_4_32,4331,0.47115384615384615
lambda_peak_4_32,4332,0.5192307692307693
lambda_peak_4_32,4333,0.5192307692307693
lambda_peak_4_32,4334,0.3942307692307692
lambda_peak_4_32,4335,0.49038461538461536
lambda_peak_4_32,4336,0.4326923076923077
lambda_peak_4_32,4337,0.49038461538461536
lambda_peak_4_32,4338,0.5480769230769231
lambda_peak_4_32,4339,0.4807692307692308
lambda_peak_4_32,4340,0.4423076923076923
lambda_peak_4_32,4341,0.6153846153846154
lambda_peak_4_32,4342,0.5384615384615384
lambda_peak_4_32,4343,0.5192307692307693
lambda_peak_4_32,4344,0.5576923076923077
lambda_peak_4_32,4345,0.4807692307692308
lambda_peak_4_32,4346,0.47115384615384615
lambda_peak_4_32,4347,0.5384615384615384
lambda_peak_4_32,4348,0.47115384615384615
lambda_peak_4_32,4349,0.4230769230769231
lambda_peak_4_32,4350,0.5096153846153846
lambda_peak_4_32,4351,0.47115384615384615
lambda_peak_4_32,4352,0.3269230769230769
lambda_peak_4_32,4353,0.47115384615384615
lambda_peak_4_32,4354,0.5
lambda_peak_4_32,4355,0.4807692307692308
lambda_peak_4_32,4356,0.4230769230769231
lambda_peak_4_32,4357,0.4807692307692308
lambda_peak_4_32,4358,0.5480769230769231
lambda_peak_4_32,4359,0.47115384615384615
lambda_peak_4_32,4360,0.4230769230769231
lambda_peak_4_32,4361,0.4230769230769231
lambda_peak_4_32,4362,0.47115384615384615
lambda_peak_4_32,4363,0.47115384615384615
lambda_peak_4_32,4364,0.3942307692307692
lambda_peak_4_32,4365,0.41346153846153844
lambda_peak_4_32,4366,0.49038461538461536
lambda_peak_4_32,4367,0.47115384615384615
lambda_peak_4_32,4368,0.4230769230769231
lambda_peak_4_32,4369,0.5384615384615384
lambda_peak_4_32,4370,0.5192307692307693
lambda_peak_4_32,4371,0.3942307692307692
lambda_peak_4_32,4372,0.47115384615384615
lambda_peak_4_32,4373,0.5
lambda_peak_4_32,4374,0.49038461538461536
lambda_peak_4_32,4375,0.375
lambda_peak_4_32,4376,0.5096153846153846
lambda_peak_4_32,4377,0.4423076923076923
lambda_peak_4_32,4378,0.5
lambda_peak_4_32,4379,0.5769230769230769
lambda_peak_4_32,4380,0.38461538461538464
lambda_peak_4_32,4381,0.38461538461538464
lambda_peak_4_32,4382,0.4807692307692308
lambda_peak_4_32,4383,0.5192307692307693
lambda_peak_4_32,4384,0.4423076923076923
lambda_peak_4_32,4385,0.40384615384615385
lambda_peak_4_32,4386,0.5
lambda_peak_4_32,4387,0.4519230769230769
lambda_peak_4_32,4388,0.4326923076923077
lambda_peak_4_32,4389,0.4519230769230769
lambda_peak_4_32,4390,0.4423076923076923
lambda_peak_4_32,4391,0.5288461538461539
lambda_peak_4_32,4392,0.36538461538461536
lambda_peak_4_32,4393,0.4423076923076923
lambda_peak_4_32,4394,0.4807692307692308
lambda_peak_4_32,4395,0.4230769230769231
lambda_peak_4_32,4396,0.46153846153846156
lambda_peak_4_32,4397,0.4423076923076923
lambda_peak_4_32,4398,0.6057692307692307
lambda_peak_4_32,4399,0.5
lambda_peak_4_32,4400,0.34615384615384615
lambda_peak_4_32,4401,0.5096153846153846
lambda_peak_4_32,4402,0.4807692307692308
lambda_peak_4_32,4403,0.41346153846153844
lambda_peak_4_32,4404,0.4807692307692308
lambda_peak_4_32,4405,0.4326923076923077
lambda_peak_4_32,4406,0.46153846153846156
lambda_peak_4_32,4407,0.5192307692307693
lambda_peak_4_32,4408,0.4230769230769231
lambda_peak_4_32,4409,0.4230769230769231
lambda_peak_4_32,4410,0.4807692307692308
lambda_peak_4_32,4411,0.5288461538461539
lambda_peak_4_32,4412,0.5480769230769231
lambda_peak_4_32,4413,0.5288461538461539
lambda_peak_4_32,4414,0.5
lambda_peak_4_32,4415,0.49038461538461536
lambda_peak_4_32,4416,0.2692307692307692
lambda_peak_4_32,4417,0.4519230769230769
lambda_peak_4_32,4418,0.40384615384615385
lambda_peak_4_32,4419,0.3942307692307692
lambda_peak_4_32,4420,0.4519230769230769
lambda_peak_4_32,4421,0.47115384615384615
lambda_peak_4_32,4422,0.46153846153846156
lambda_peak_4_32,4423,0.5192307692307693
lambda_peak_4_32,4424,0.5288461538461539
lambda_peak_4_32,4425,0.5769230769230769
lambda_peak_4_32,4426,0.5288461538461539
lambda_peak_4_32,4427,0.3942307692307692
lambda_peak_4_32,4428,0.4807692307692308
lambda_peak_4_32,4429,0.49038461538461536
lambda_peak_4_32,4430,0.47115384615384615
lambda_peak_4_32,4431,0.4519230769230769
lambda_peak_4_32,4432,0.46153846153846156
lambda_peak_4_32,4433,0.5192307692307693
lambda_peak_4_32,4434,0.5
lambda_peak_4_32,4435,0.5
lambda_peak_4_32,4436,0.4326923076923077
lambda_peak_4_32,4437,0.47115384615384615
lambda_peak_4_32,4438,0.47115384615384615
lambda_peak_4_32,4439,0.4326923076923077
lambda_peak_4_32,4440,0.5
lambda_peak_4_32,4441,0.5192307692307693
lambda_peak_4_32,4442,0.5096153846153846
lambda_peak_4_32,4443,0.5576923076923077
lambda_peak_4_32,4444,0.4423076923076923
lambda_peak_4_32,4445,0.41346153846153844
lambda_peak_4_32,4446,0.4807692307692308
lambda_peak_4_32,4447,0.47115384615384615
lambda_peak_4_32,4448,0.5480769230769231
lambda_peak_4_32,4449,0.49038461538461536
lambda_peak_4_32,4450,0.49038461538461536
lambda_peak_4_32,4451,0.47115384615384615
lambda_peak_4_32,4452,0.38461538461538464
lambda_peak_4_32,4453,0.3942307692307692
lambda_peak_4_32,4454,0.5673076923076923
lambda_peak_4_32,4455,0.3942307692307692
lambda_peak_4_32,4456,0.4807692307692308
lambda_peak_4_32,4457,0.4519230769230769
lambda_peak_4_32,4458,0.4807692307692308
lambda_peak_4_32,4459,0.46153846153846156
lambda_peak_4_32,4460,0.4326923076923077
lambda_peak_4_32,4461,0.5192307692307693
lambda_peak_4_32,4462,0.5576923076923077
lambda_peak_4_32,4463,0.47115384615384615
lambda_peak_4_32,4464,0.5480769230769231
lambda_peak_4_32,4465,0.5576923076923077
lambda_peak_4_32,4466,0.47115384615384615
lambda_peak_4_32,4467,0.5
lambda_peak_4_32,4468,0.4807692307692308
lambda_peak_4_32,4469,0.5673076923076923
lambda_peak_4_32,4470,0.4423076923076923
lambda_peak_4_32,4471,0.5192307692307693
lambda_peak_4_32,4472,0.5
lambda_peak_4_32,4473,0.38461538461538464
lambda_peak_4_32,4474,0.49038461538461536
lambda_peak_4_32,4475,0.4807692307692308
lambda_peak_4_32,4476,0.46153846153846156
lambda_peak_4_32,4477,0.41346153846153844
lambda_peak_4_32,4478,0.5192307692307693
lambda_peak_4_32,4479,0.40384615384615385
lambda_peak_4_32,4480,0.4326923076923077
lambda_peak_4_32,4481,0.5192307692307693
lambda_peak_4_32,4482,0.4423076923076923
lambda_peak_4_32,4483,0.5
lambda_peak_4_32,4484,0.46153846153846156
lambda_peak_4_32,4485,0.5192307692307693
lambda_peak_4_32,4486,0.4326923076923077
lambda_peak_4_32,4487,0.4519230769230769
lambda_peak_4_32,4488,0.3942307692307692
lambda_peak_4_32,4489,0.49038461538461536
lambda_peak_4_32,4490,0.4423076923076923
lambda_peak_4_32,4491,0.4423076923076923
lambda_peak_4_32,4492,0.375
lambda_peak_4_32,4493,0.5096153846153846
lambda_peak_4_32,4494,0.5
lambda_peak_4_32,4495,0.4230769230769231
lambda_peak_4_32,4496,0.5096153846153846
lambda_peak_4_32,4497,0.4423076923076923
lambda_peak_4_32,4498,0.5192307692307693
lambda_peak_4_32,4499,0.5192307692307693
lambda_peak_4_32,4500,0.5384615384615384
lambda_peak_4_32,4501,0.5096153846153846
lambda_peak_4_32,4502,0.5384615384615384
lambda_peak_4_32,4503,0.47115384615384615
lambda_peak_4_32,4504,0.5
lambda_peak_4_32,4505,0.5096153846153846
lambda_peak_4_32,4506,0.47115384615384615
lambda_peak_4_32,4507,0.46153846153846156
lambda_peak_4_32,4508,0.4230769230769231
lambda_peak_4_32,4509,0.49038461538461536
lambda_peak_4_32,4510,0.5096153846153846
lambda_peak_4_32,4511,0.4326923076923077
lambda_peak_4_32,4512,0.5288461538461539
lambda_peak_4_32,4513,0.5192307692307693
lambda_peak_4_32,4514,0.41346153846153844
lambda_peak_4_32,4515,0.4807692307692308
lambda_peak_4_32,4516,0.4423076923076923
lambda_peak_4_32,4517,0.46153846153846156
lambda_peak_4_32,4518,0.4423076923076923
lambda_peak_4_32,4519,0.4807692307692308
lambda_peak_4_32,4520,0.4230769230769231
lambda_peak_4_32,4521,0.47115384615384615
lambda_peak_4_32,4522,0.4807692307692308
lambda_peak_4_32,4523,0.5096153846153846
lambda_peak_4_32,4524,0.4326923076923077
lambda_peak_4_32,4525,0.4423076923076923
lambda_peak_4_32,4526,0.4807692307692308
lambda_peak_4_32,4527,0.5192307692307693
lambda_peak_4_32,4528,0.47115384615384615
lambda_peak_4_32,4529,0.47115384615384615
lambda_peak_4_32,4530,0.41346153846153844
lambda_peak_4_32,4531,0.47115384615384615
lambda_peak_4_32,4532,0.5480769230769231
lambda_peak_4_32,4533,0.4326923076923077
lambda_peak_4_32,4534,0.4423076923076923
lambda_peak_4_32,4535,0.47115384615384615
lambda_peak_4_32,4536,0.46153846153846156
lambda_peak_4_32,4537,0.5
lambda_peak_4_32,4538,0.49038461538461536
lambda_peak_4_32,4539,0.375
lambda_peak_4_32,4540,0.4519230769230769
lambda_peak_4_32,4541,0.4230769230769231
lambda_peak_4_32,4542,0.47115384615384615
lambda_peak_4_32,4543,0.41346153846153844
lambda_peak_4_32,4544,0.5576923076923077
lambda_peak_4_32,4545,0.5769230769230769
lambda_peak_4_32,4546,0.49038461538461536
lambda_peak_4_32,4547,0.5192307692307693
lambda_peak_4_32,4548,0.5288461538461539
lambda_peak_4_32,4549,0.4807692307692308
lambda_peak_4_32,4550,0.4519230769230769
lambda_peak_4_32,4551,0.47115384615384615
lambda_peak_4_32,4552,0.5
lambda_peak_4_32,4553,0.5384615384615384
lambda_peak_4_32,4554,0.49038461538461536
lambda_peak_4_32,4555,0.4230769230769231
lambda_peak_4_32,4556,0.4519230769230769
lambda_peak_4_32,4557,0.3942307692307692
lambda_peak_4_32,4558,0.4807692307692308
lambda_peak_4_32,4559,0.47115384615384615
lambda_peak_4_32,4560,0.41346153846153844
lambda_peak_4_32,4561,0.4230769230769231
lambda_peak_4_32,4562,0.375
lambda_peak_4_32,4563,0.4230769230769231
lambda_peak_4_32,4564,0.5384615384615384
lambda_peak_4_32,4565,0.49038461538461536
lambda_peak_4_32,4566,0.49038461538461536
lambda_peak_4_32,4567,0.46153846153846156
lambda_peak_4_32,4568,0.4519230769230769
lambda_peak_4_32,4569,0.5
lambda_peak_4_32,4570,0.5384615384615384
lambda_peak_4_32,4571,0.46153846153846156
lambda_peak_4_32,4572,0.5
lambda_peak_4_32,4573,0.3942307692307692
lambda_peak_4_32,4574,0.40384615384615385
lambda_peak_4_32,4575,0.38461538461538464
lambda_peak_4_32,4576,0.5192307692307693
lambda_peak_4_32,4577,0.47115384615384615
lambda_peak_4_32,4578,0.41346153846153844
lambda_peak_4_32,4579,0.3942307692307692
lambda_peak_4_32,4580,0.5
lambda_peak_4_32,4581,0.4423076923076923
lambda_peak_4_32,4582,0.41346153846153844
lambda_peak_4_32,4583,0.4230769230769231
lambda_peak_4_32,4584,0.47115384615384615
lambda_peak_4_32,4585,0.5480769230769231
lambda_peak_4_32,4586,0.47115384615384615
lambda_peak_4_32,4587,0.4519230769230769
lambda_peak_4_32,4588,0.49038461538461536
lambda_peak_4_32,4589,0.4807692307692308
lambda_peak_4_32,4590,0.5769230769230769
lambda_peak_4_32,4591,0.5
lambda_peak_4_32,4592,0.3942307692307692
lambda_peak_4_32,4593,0.46153846153846156
lambda_peak_4_32,4594,0.47115384615384615
lambda_peak_4_32,4595,0.5096153846153846
lambda_peak_4_32,4596,0.5
lambda_peak_4_32,4597,0.5096153846153846
lambda_peak_4_32,4598,0.4423076923076923
lambda_peak_4_32,4599,0.47115384615384615
lambda_peak_4_32,4600,0.4230769230769231
lambda_peak_4_32,4601,0.3942307692307692
lambda_peak_4_32,4602,0.49038461538461536
lambda_peak_4_32,4603,0.4807692307692308
lambda_peak_4_32,4604,0.49038461538461536
lambda_peak_4_32,4605,0.4807692307692308
lambda_peak_4_32,4606,0.4807692307692308
lambda_peak_4_32,4607,0.4230769230769231
lambda_peak_4_32,4608,0.4423076923076923
lambda_peak_4_32,4609,0.4519230769230769
lambda_peak_4_32,4610,0.4807692307692308
lambda_peak_4_32,4611,0.47115384615384615
lambda_peak_4_32,4612,0.4807692307692308
lambda_peak_4_32,4613,0.4519230769230769
lambda_peak_4_32,4614,0.41346153846153844
lambda_peak_4_32,4615,0.46153846153846156
lambda_peak_4_32,4616,0.4807692307692308
lambda_peak_4_32,4617,0.46153846153846156
lambda_peak_4_32,4618,0.3173076923076923
lambda_peak_4_32,4619,0.4423076923076923
lambda_peak_4_32,4620,0.5
lambda_peak_4_32,4621,0.4230769230769231
lambda_peak_4_32,4622,0.49038461538461536
lambda_peak_4_32,4623,0.49038461538461536
lambda_peak_4_32,4624,0.4230769230769231
lambda_peak_4_32,4625,0.5769230769230769
lambda_peak_4_32,4626,0.4519230769230769
lambda_peak_4_32,4627,0.49038461538461536
lambda_peak_4_32,4628,0.40384615384615385
lambda_peak_4_32,4629,0.47115384615384615
lambda_peak_4_32,4630,0.5288461538461539
lambda_peak_4_32,4631,0.5096153846153846
lambda_peak_4_32,4632,0.5288461538461539
lambda_peak_4_32,4633,0.4326923076923077
lambda_peak_4_32,4634,0.49038461538461536
lambda_peak_4_32,4635,0.38461538461538464
lambda_peak_4_32,4636,0.4519230769230769
lambda_peak_4_32,4637,0.5
lambda_peak_4_32,4638,0.4230769230769231
lambda_peak_4_32,4639,0.49038461538461536
lambda_peak_4_32,4640,0.4519230769230769
lambda_peak_4_32,4641,0.5096153846153846
lambda_peak_4_32,4642,0.40384615384615385
lambda_peak_4_32,4643,0.49038461538461536
lambda_peak_4_32,4644,0.5192307692307693
lambda_peak_4_32,4645,0.4423076923076923
lambda_peak_4_32,4646,0.4519230769230769
lambda_peak_4_32,4647,0.4519230769230769
lambda_peak_4_32,4648,0.5096153846153846
lambda_peak_4_32,4649,0.4230769230769231
lambda_peak_4_32,4650,0.4230769230769231
lambda_peak_4_32,4651,0.4423076923076923
lambda_peak_4_32,4652,0.5096153846153846
lambda_peak_4_32,4653,0.4519230769230769
lambda_peak_4_32,4654,0.5096153846153846
lambda_peak_4_32,4655,0.375
lambda_peak_4_32,4656,0.4807692307692308
lambda_peak_4_32,4657,0.4326923076923077
lambda_peak_4_32,4658,0.4230769230769231
lambda_peak_4_32,4659,0.38461538461538464
lambda_peak_4_32,4660,0.4519230769230769
lambda_peak_4_32,4661,0.40384615384615385
lambda_peak_4_32,4662,0.5288461538461539
lambda_peak_4_32,4663,0.375
lambda_peak_4_32,4664,0.5961538461538461
lambda_peak_4_32,4665,0.34615384615384615
lambda_peak_4_32,4666,0.5096153846153846
lambda_peak_4_32,4667,0.46153846153846156
lambda_peak_4_32,4668,0.40384615384615385
lambda_peak_4_32,4669,0.5
lambda_peak_4_32,4670,0.41346153846153844
lambda_peak_4_32,4671,0.5576923076923077
lambda_peak_4_32,4672,0.47115384615384615
lambda_peak_4_32,4673,0.4519230769230769
lambda_peak_4_32,4674,0.5
lambda_peak_4_32,4675,0.5096153846153846
lambda_peak_4_32,4676,0.5096153846153846
lambda_peak_4_32,4677,0.5480769230769231
lambda_peak_4_32,4678,0.4519230769230769
lambda_peak_4_32,4679,0.5096153846153846
lambda_peak_4_32,4680,0.4519230769230769
lambda_peak_4_32,4681,0.4230769230769231
lambda_peak_4_32,4682,0.5673076923076923
lambda_peak_4_32,4683,0.47115384615384615
lambda_peak_4_32,4684,0.5673076923076923
lambda_peak_4_32,4685,0.5480769230769231
lambda_peak_4_32,4686,0.47115384615384615
lambda_peak_4_32,4687,0.4423076923076923
lambda_peak_4_32,4688,0.47115384615384615
lambda_peak_4_32,4689,0.40384615384615385
lambda_peak_4_32,4690,0.46153846153846156
lambda_peak_4_32,4691,0.3942307692307692
lambda_peak_4_32,4692,0.49038461538461536
lambda_peak_4_32,4693,0.4807692307692308
lambda_peak_4_32,4694,0.5576923076923077
lambda_peak_4_32,4695,0.5769230769230769
lambda_peak_4_32,4696,0.41346153846153844
lambda_peak_4_32,4697,0.5096153846153846
lambda_peak_4_32,4698,0.47115384615384615
lambda_peak_4_32,4699,0.41346153846153844
lambda_peak_4_32,4700,0.4807692307692308
lambda_peak_4_32,4701,0.47115384615384615
lambda_peak_4_32,4702,0.5
lambda_peak_4_32,4703,0.3557692307692308
lambda_peak_4_32,4704,0.5192307692307693
lambda_peak_4_32,4705,0.41346153846153844
lambda_peak_4_32,4706,0.46153846153846156
lambda_peak_4_32,4707,0.4230769230769231
lambda_peak_4_32,4708,0.4519230769230769
lambda_peak_4_32,4709,0.40384615384615385
lambda_peak_4_32,4710,0.5
lambda_peak_4_32,4711,0.5480769230769231
lambda_peak_4_32,4712,0.46153846153846156
lambda_peak_4_32,4713,0.4807692307692308
lambda_peak_4_32,4714,0.4230769230769231
lambda_peak_4_32,4715,0.4423076923076923
lambda_peak_4_32,4716,0.4326923076923077
lambda_peak_4_32,4717,0.5192307692307693
lambda_peak_4_32,4718,0.49038461538461536
lambda_peak_4_32,4719,0.4230769230769231
lambda_peak_4_32,4720,0.49038461538461536
lambda_peak_4_32,4721,0.5096153846153846
lambda_peak_4_32,4722,0.5288461538461539
lambda_peak_4_32,4723,0.4807692307692308
lambda_peak_4_32,4724,0.5192307692307693
lambda_peak_4_32,4725,0.4423076923076923
lambda_peak_4_32,4726,0.40384615384615385
lambda_peak_4_32,4727,0.46153846153846156
lambda_peak_4_32,4728,0.4326923076923077
lambda_peak_4_32,4729,0.5
lambda_peak_4_32,4730,0.4519230769230769
lambda_peak_4_32,4731,0.38461538461538464
lambda_peak_4_32,4732,0.5769230769230769
lambda_peak_4_32,4733,0.46153846153846156
lambda_peak_4_32,4734,0.38461538461538464
lambda_peak_4_32,4735,0.4519230769230769
lambda_peak_4_32,4736,0.41346153846153844
lambda_peak_4_32,4737,0.34615384615384615
lambda_peak_4_32,4738,0.5576923076923077
lambda_peak_4_32,4739,0.3942307692307692
lambda_peak_4_32,4740,0.38461538461538464
lambda_peak_4_32,4741,0.41346153846153844
lambda_peak_4_32,4742,0.36538461538461536
lambda_peak_4_32,4743,0.5288461538461539
lambda_peak_4_32,4744,0.4423076923076923
lambda_peak_4_32,4745,0.4423076923076923
lambda_peak_4_32,4746,0.4230769230769231
lambda_peak_4_32,4747,0.5192307692307693
lambda_peak_4_32,4748,0.5384615384615384
lambda_peak_4_32,4749,0.5
lambda_peak_4_32,4750,0.47115384615384615
lambda_peak_4_32,4751,0.5
lambda_peak_4_32,4752,0.4326923076923077
lambda_peak_4_32,4753,0.49038461538461536
lambda_peak_4_32,4754,0.46153846153846156
lambda_peak_4_32,4755,0.4807692307692308
lambda_peak_4_32,4756,0.5096153846153846
lambda_peak_4_32,4757,0.5288461538461539
lambda_peak_4_32,4758,0.5192307692307693
lambda_peak_4_32,4759,0.49038461538461536
lambda_peak_4_32,4760,0.40384615384615385
lambda_peak_4_32,4761,0.6057692307692307
lambda_peak_4_32,4762,0.5096153846153846
lambda_peak_4_32,4763,0.34615384615384615
lambda_peak_4_32,4764,0.36538461538461536
lambda_peak_4_32,4765,0.46153846153846156
lambda_peak_4_32,4766,0.3557692307692308
lambda_peak_4_32,4767,0.5192307692307693
lambda_peak_4_32,4768,0.5480769230769231
lambda_peak_4_32,4769,0.5096153846153846
lambda_peak_4_32,4770,0.41346153846153844
lambda_peak_4_32,4771,0.5192307692307693
lambda_peak_4_32,4772,0.49038461538461536
lambda_peak_4_32,4773,0.4423076923076923
lambda_peak_4_32,4774,0.5096153846153846
lambda_peak_4_32,4775,0.41346153846153844
lambda_peak_4_32,4776,0.4519230769230769
lambda_peak_4_32,4777,0.4807692307692308
lambda_peak_4_32,4778,0.5192307692307693
lambda_peak_4_32,4779,0.41346153846153844
lambda_peak_4_32,4780,0.4326923076923077
lambda_peak_4_32,4781,0.4807692307692308
lambda_peak_4_32,4782,0.36538461538461536
lambda_peak_4_32,4783,0.4423076923076923
lambda_peak_4_32,4784,0.4423076923076923
lambda_peak_4_32,4785,0.5673076923076923
lambda_peak_4_32,4786,0.5
lambda_peak_4_32,4787,0.5096153846153846
lambda_peak_4_32,4788,0.4519230769230769
lambda_peak_4_32,4789,0.41346153846153844
lambda_peak_4_32,4790,0.40384615384615385
lambda_peak_4_32,4791,0.5096153846153846
lambda_peak_4_32,4792,0.6057692307692307
lambda_peak_4_32,4793,0.5576923076923077
lambda_peak_4_32,4794,0.5
lambda_peak_4_32,4795,0.5384615384615384
lambda_peak_4_32,4796,0.41346153846153844
lambda_peak_4_32,4797,0.47115384615384615
lambda_peak_4_32,4798,0.3942307692307692
lambda_peak_4_32,4799,0.4519230769230769
lambda_peak_4_32,4800,0.5192307692307693
lambda_peak_4_32,4801,0.47115384615384615
lambda_peak_4_32,4802,0.4519230769230769
lambda_peak_4_32,4803,0.38461538461538464
lambda_peak_4_32,4804,0.4807692307692308
lambda_peak_4_32,4805,0.41346153846153844
lambda_peak_4_32,4806,0.5192307692307693
lambda_peak_4_32,4807,0.5096153846153846
lambda_peak_4_32,4808,0.5384615384615384
lambda_peak_4_32,4809,0.375
lambda_peak_4_32,4810,0.4519230769230769
lambda_peak_4_32,4811,0.5288461538461539
lambda_peak_4_32,4812,0.5
lambda_peak_4_32,4813,0.5288461538461539
lambda_peak_4_32,4814,0.5096153846153846
lambda_peak_4_32,4815,0.5192307692307693
lambda_peak_4_32,4816,0.5384615384615384
lambda_peak_4_32,4817,0.5288461538461539
lambda_peak_4_32,4818,0.41346153846153844
lambda_peak_4_32,4819,0.4807692307692308
lambda_peak_4_32,4820,0.4519230769230769
lambda_peak_4_32,4821,0.49038461538461536
lambda_peak_4_32,4822,0.4230769230769231
lambda_peak_4_32,4823,0.4423076923076923
lambda_peak_4_32,4824,0.4326923076923077
lambda_peak_4_32,4825,0.5
lambda_peak_4_32,4826,0.41346153846153844
lambda_peak_4_32,4827,0.47115384615384615
lambda_peak_4_32,4828,0.4807692307692308
lambda_peak_4_32,4829,0.5096153846153846
lambda_peak_4_32,4830,0.49038461538461536
lambda_peak_4_32,4831,0.5288461538461539
lambda_peak_4_32,4832,0.3942307692307692
lambda_peak_4_32,4833,0.46153846153846156
lambda_peak_4_32,4834,0.41346153846153844
lambda_peak_4_32,4835,0.46153846153846156
lambda_peak_4_32,4836,0.4519230769230769
lambda_peak_4_32,4837,0.4807692307692308
lambda_peak_4_32,4838,0.36538461538461536
lambda_peak_4_32,4839,0.5288461538461539
lambda_peak_4_32,4840,0.5192307692307693
lambda_peak_4_32,4841,0.5096153846153846
lambda_peak_4_32,4842,0.5384615384615384
lambda_peak_4_32,4843,0.4423076923076923
lambda_peak_4_32,4844,0.5384615384615384
lambda_peak_4_32,4845,0.49038461538461536
lambda_peak_4_32,4846,0.5096153846153846
lambda_peak_4_32,4847,0.5384615384615384
lambda_peak_4_32,4848,0.4519230769230769
lambda_peak_4_32,4849,0.40384615384615385
lambda_peak_4_32,4850,0.36538461538461536
lambda_peak_4_32,4851,0.5673076923076923
lambda_peak_4_32,4852,0.46153846153846156
lambda_peak_4_32,4853,0.5384615384615384
lambda_peak_4_32,4854,0.47115384615384615
lambda_peak_4_32,4855,0.4326923076923077
lambda_peak_4_32,4856,0.3942307692307692
lambda_peak_4_32,4857,0.4807692307692308
lambda_peak_4_32,4858,0.4519230769230769
lambda_peak_4_32,4859,0.4326923076923077
lambda_peak_4_32,4860,0.38461538461538464
lambda_peak_4_32,4861,0.46153846153846156
lambda_peak_4_32,4862,0.46153846153846156
lambda_peak_4_32,4863,0.41346153846153844
lambda_peak_4_32,4864,0.5769230769230769
lambda_peak_4_32,4865,0.5576923076923077
lambda_peak_4_32,4866,0.5
lambda_peak_4_32,4867,0.40384615384615385
lambda_peak_4_32,4868,0.5192307692307693
lambda_peak_4_32,4869,0.5769230769230769
lambda_peak_4_32,4870,0.4519230769230769
lambda_peak_4_32,4871,0.34615384615384615
lambda_peak_4_32,4872,0.4807692307692308
lambda_peak_4_32,4873,0.40384615384615385
lambda_peak_4_32,4874,0.41346153846153844
lambda_peak_4_32,4875,0.4519230769230769
lambda_peak_4_32,4876,0.5096153846153846
lambda_peak_4_32,4877,0.49038461538461536
lambda_peak_4_32,4878,0.375
lambda_peak_4_32,4879,0.4519230769230769
lambda_peak_4_32,4880,0.4326923076923077
lambda_peak_4_32,4881,0.4807692307692308
lambda_peak_4_32,4882,0.5288461538461539
lambda_peak_4_32,4883,0.5192307692307693
lambda_peak_4_32,4884,0.5769230769230769
lambda_peak_4_32,4885,0.5
lambda_peak_4_32,4886,0.47115384615384615
lambda_peak_4_32,4887,0.47115384615384615
lambda_peak_4_32,4888,0.4230769230769231
lambda_peak_4_32,4889,0.4423076923076923
lambda_peak_4_32,4890,0.46153846153846156
lambda_peak_4_32,4891,0.5
lambda_peak_4_32,4892,0.46153846153846156
lambda_peak_4_32,4893,0.5480769230769231
lambda_peak_4_32,4894,0.5
lambda_peak_4_32,4895,0.4326923076923077
lambda_peak_4_32,4896,0.49038461538461536
lambda_peak_4_32,4897,0.4807692307692308
lambda_peak_4_32,4898,0.3942307692307692
lambda_peak_4_32,4899,0.47115384615384615
lambda_peak_4_32,4900,0.4423076923076923
lambda_peak_4_32,4901,0.4519230769230769
lambda_peak_4_32,4902,0.4230769230769231
lambda_peak_4_32,4903,0.4519230769230769
lambda_peak_4_32,4904,0.4807692307692308
lambda_peak_4_32,4905,0.47115384615384615
lambda_peak_4_32,4906,0.4326923076923077
lambda_peak_4_32,4907,0.5576923076923077
lambda_peak_4_32,4908,0.4423076923076923
lambda_peak_4_32,4909,0.5096153846153846
lambda_peak_4_32,4910,0.5
lambda_peak_4_32,4911,0.375
lambda_peak_4_32,4912,0.4807692307692308
lambda_peak_4_32,4913,0.4423076923076923
lambda_peak_4_32,4914,0.47115384615384615
lambda_peak_4_32,4915,0.4423076923076923
lambda_peak_4_32,4916,0.49038461538461536
lambda_peak_4_32,4917,0.3942307692307692
lambda_peak_4_32,4918,0.375
lambda_peak_4_32,4919,0.41346153846153844
lambda_peak_4_32,4920,0.5288461538461539
lambda_peak_4_32,4921,0.5384615384615384
lambda_peak_4_32,4922,0.4423076923076923
lambda_peak_4_32,4923,0.47115384615384615
lambda_peak_4_32,4924,0.38461538461538464
lambda_peak_4_32,4925,0.5576923076923077
lambda_peak_4_32,4926,0.38461538461538464
lambda_peak_4_32,4927,0.5769230769230769
lambda_peak_4_32,4928,0.46153846153846156
lambda_peak_4_32,4929,0.5
lambda_peak_4_32,4930,0.47115384615384615
lambda_peak_4_32,4931,0.49038461538461536
lambda_peak_4_32,4932,0.4423076923076923
lambda_peak_4_32,4933,0.40384615384615385
lambda_peak_4_32,4934,0.5192307692307693
lambda_peak_4_32,4935,0.5096153846153846
lambda_peak_4_32,4936,0.4807692307692308
lambda_peak_4_32,4937,0.41346153846153844
lambda_peak_4_32,4938,0.41346153846153844
lambda_peak_4_32,4939,0.5480769230769231
lambda_peak_4_32,4940,0.4807692307692308
lambda_peak_4_32,4941,0.5
lambda_peak_4_32,4942,0.5096153846153846
lambda_peak_4_32,4943,0.5096153846153846
lambda_peak_4_32,4944,0.49038461538461536
lambda_peak_4_32,4945,0.5480769230769231
lambda_peak_4_32,4946,0.5288461538461539
lambda_peak_4_32,4947,0.36538461538461536
lambda_peak_4_32,4948,0.5865384615384616
lambda_peak_4_32,4949,0.4807692307692308
lambda_peak_4_32,4950,0.4519230769230769
lambda_peak_4_32,4951,0.5192307692307693
lambda_peak_4_32,4952,0.47115384615384615
lambda_peak_4_32,4953,0.49038461538461536
lambda_peak_4_32,4954,0.5288461538461539
lambda_peak_4_32,4955,0.3942307692307692
lambda_peak_4_32,4956,0.5
lambda_peak_4_32,4957,0.41346153846153844
lambda_peak_4_32,4958,0.5
lambda_peak_4_32,4959,0.5096153846153846
lambda_peak_4_32,4960,0.4326923076923077
lambda_peak_4_32,4961,0.4807692307692308
lambda_peak_4_32,4962,0.4519230769230769
lambda_peak_4_32,4963,0.4519230769230769
lambda_peak_4_32,4964,0.46153846153846156
lambda_peak_4_32,4965,0.5480769230769231
lambda_peak_4_32,4966,0.4230769230769231
lambda_peak_4_32,4967,0.5288461538461539
lambda_peak_4_32,4968,0.5192307692307693
lambda_peak_4_32,4969,0.47115384615384615
lambda_peak_4_32,4970,0.4519230769230769
lambda_peak_4_32,4971,0.5576923076923077
lambda_peak_4_32,4972,0.47115384615384615
lambda_peak_4_32,4973,0.3942307692307692
lambda_peak_4_32,4974,0.5673076923076923
lambda_peak_4_32,4975,0.5576923076923077
lambda_peak_4_32,4976,0.47115384615384615
lambda_peak_4_32,4977,0.5096153846153846
lambda_peak_4_32,4978,0.47115384615384615
lambda_peak_4_32,4979,0.5
lambda_peak_4_32,4980,0.47115384615384615
lambda_peak_4_32,4981,0.40384615384615385
lambda_peak_4_32,4982,0.40384615384615385
lambda_peak_4_32,4983,0.49038461538461536
lambda_peak_4_32,4984,0.5288461538461539
lambda_peak_4_32,4985,0.5192307692307693
lambda_peak_4_32,4986,0.5192307692307693
lambda_peak_4_32,4987,0.4326923076923077
lambda_peak_4_32,4988,0.40384615384615385
lambda_peak_4_32,4989,0.41346153846153844
lambda_peak_4_32,4990,0.5673076923076923
lambda_peak_4_32,4991,0.5480769230769231
lambda_peak_4_32,4992,0.46153846153846156
lambda_peak_4_32,4993,0.5480769230769231
lambda_peak_4_32,4994,0.5769230769230769
lambda_peak_4_32,4995,0.46153846153846156
lambda_peak_4_32,4996,0.5384615384615384
lambda_peak_4_32,4997,0.5096153846153846
lambda_peak_4_32,4998,0.5480769230769231
lambda_peak_4_32,4999,0.46153846153846156
lambda_peak_4_32,5000,0.49038461538461536
lambda_peak_4_32,5001,0.5096153846153846
lambda_peak_4_32,5002,0.38461538461538464
lambda_peak_4_32,5003,0.47115384615384615
lambda_peak_4_32,5004,0.3942307692307692
lambda_peak_4_32,5005,0.5
lambda_peak_4_32,5006,0.5288461538461539
lambda_peak_4_32,5007,0.3942307692307692
lambda_peak_4_32,5008,0.3076923076923077
lambda_peak_4_32,5009,0.46153846153846156
lambda_peak_4_32,5010,0.4807692307692308
lambda_peak_4_32,5011,0.46153846153846156
lambda_peak_4_32,5012,0.5192307692307693
lambda_peak_4_32,5013,0.5096153846153846
lambda_peak_4_32,5014,0.40384615384615385
lambda_peak_4_32,5015,0.4519230769230769
lambda_peak_4_32,5016,0.41346153846153844
lambda_peak_4_32,5017,0.36538461538461536
lambda_peak_4_32,5018,0.5
lambda_peak_4_32,5019,0.5192307692307693
lambda_peak_4_32,5020,0.40384615384615385
lambda_peak_4_32,5021,0.5673076923076923
lambda_peak_4_32,5022,0.4519230769230769
lambda_peak_4_32,5023,0.4326923076923077
lambda_peak_4_32,5024,0.47115384615384615
lambda_peak_4_32,5025,0.4807692307692308
lambda_peak_4_32,5026,0.49038461538461536
lambda_peak_4_32,5027,0.41346153846153844
lambda_peak_4_32,5028,0.47115384615384615
lambda_peak_4_32,5029,0.47115384615384615
lambda_peak_4_32,5030,0.5192307692307693
lambda_peak_4_32,5031,0.5288461538461539
lambda_peak_4_32,5032,0.5
lambda_peak_4_32,5033,0.3942307692307692
lambda_peak_4_32,5034,0.4519230769230769
lambda_peak_4_32,5035,0.41346153846153844
lambda_peak_4_32,5036,0.4423076923076923
lambda_peak_4_32,5037,0.5
lambda_peak_4_32,5038,0.4519230769230769
lambda_peak_4_32,5039,0.47115384615384615
lambda_peak_4_32,5040,0.4807692307692308
lambda_peak_4_32,5041,0.4423076923076923
lambda_peak_4_32,5042,0.41346153846153844
lambda_peak_4_32,5043,0.4423076923076923
lambda_peak_4_32,5044,0.4423076923076923
lambda_peak_4_32,5045,0.4423076923076923
lambda_peak_4_32,5046,0.4423076923076923
lambda_peak_4_32,5047,0.5192307692307693
lambda_peak_4_32,5048,0.5096153846153846
lambda_peak_4_32,5049,0.4423076923076923
lambda_peak_4_32,5050,0.47115384615384615
lambda_peak_4_32,5051,0.4230769230769231
lambda_peak_4_32,5052,0.46153846153846156
lambda_peak_4_32,5053,0.4326923076923077
lambda_peak_4_32,5054,0.5096153846153846
lambda_peak_4_32,5055,0.5288461538461539
lambda_peak_4_32,5056,0.4230769230769231
lambda_peak_4_32,5057,0.4519230769230769
lambda_peak_4_32,5058,0.5576923076923077
lambda_peak_4_32,5059,0.4807692307692308
lambda_peak_4_32,5060,0.47115384615384615
lambda_peak_4_32,5061,0.4519230769230769
lambda_peak_4_32,5062,0.41346153846153844
lambda_peak_4_32,5063,0.4807692307692308
lambda_peak_4_32,5064,0.47115384615384615
lambda_peak_4_32,5065,0.3942307692307692
lambda_peak_4_32,5066,0.4326923076923077
lambda_peak_4_32,5067,0.4423076923076923
lambda_peak_4_32,5068,0.4423076923076923
lambda_peak_4_32,5069,0.47115384615384615
lambda_peak_4_32,5070,0.49038461538461536
lambda_peak_4_32,5071,0.3557692307692308
lambda_peak_4_32,5072,0.41346153846153844
lambda_peak_4_32,5073,0.4519230769230769
lambda_peak_4_32,5074,0.47115384615384615
lambda_peak_4_32,5075,0.5
lambda_peak_4_32,5076,0.47115384615384615
lambda_peak_4_32,5077,0.4230769230769231
lambda_peak_4_32,5078,0.5673076923076923
lambda_peak_4_32,5079,0.375
lambda_peak_4_32,5080,0.40384615384615385
lambda_peak_4_32,5081,0.3942307692307692
lambda_peak_4_32,5082,0.3173076923076923
lambda_peak_4_32,5083,0.5192307692307693
lambda_peak_4_32,5084,0.4519230769230769
lambda_peak_4_32,5085,0.5
lambda_peak_4_32,5086,0.5192307692307693
lambda_peak_4_32,5087,0.4807692307692308
lambda_peak_4_32,5088,0.5192307692307693
lambda_peak_4_32,5089,0.5480769230769231
lambda_peak_4_32,5090,0.4326923076923077
lambda_peak_4_32,5091,0.4326923076923077
lambda_peak_4_32,5092,0.47115384615384615
lambda_peak_4_32,5093,0.46153846153846156
lambda_peak_4_32,5094,0.47115384615384615
lambda_peak_4_32,5095,0.4807692307692308
lambda_peak_4_32,5096,0.4326923076923077
lambda_peak_4_32,5097,0.41346153846153844
lambda_peak_4_32,5098,0.36538461538461536
lambda_peak_4_32,5099,0.4519230769230769
lambda_peak_4_32,5100,0.5384615384615384
lambda_peak_4_32,5101,0.47115384615384615
lambda_peak_4_32,5102,0.5
lambda_peak_4_32,5103,0.4519230769230769
lambda_peak_4_32,5104,0.49038461538461536
lambda_peak_4_32,5105,0.5384615384615384
lambda_peak_4_32,5106,0.4519230769230769
lambda_peak_4_32,5107,0.5673076923076923
lambda_peak_4_32,5108,0.4519230769230769
lambda_peak_4_32,5109,0.5096153846153846
lambda_peak_4_32,5110,0.5288461538461539
lambda_peak_4_32,5111,0.5
lambda_peak_4_32,5112,0.40384615384615385
lambda_peak_4_32,5113,0.4423076923076923
lambda_peak_4_32,5114,0.47115384615384615
lambda_peak_4_32,5115,0.47115384615384615
lambda_peak_4_32,5116,0.40384615384615385
lambda_peak_4_32,5117,0.4807692307692308
lambda_peak_4_32,5118,0.5
lambda_peak_4_32,5119,0.4326923076923077
lambda_peak_4_32,5120,0.49038461538461536
lambda_peak_4_32,5121,0.40384615384615385
lambda_peak_4_32,5122,0.34615384615384615
lambda_peak_4_32,5123,0.4423076923076923
lambda_peak_4_32,5124,0.5
lambda_peak_4_32,5125,0.5288461538461539
lambda_peak_4_32,5126,0.4230769230769231
lambda_peak_4_32,5127,0.4807692307692308
lambda_peak_4_32,5128,0.5
lambda_peak_4_32,5129,0.49038461538461536
lambda_peak_4_32,5130,0.4423076923076923
lambda_peak_4_32,5131,0.5865384615384616
lambda_peak_4_32,5132,0.47115384615384615
lambda_peak_4_32,5133,0.3557692307692308
lambda_peak_4_32,5134,0.3076923076923077
lambda_peak_4_32,5135,0.4519230769230769
lambda_peak_4_32,5136,0.5
lambda_peak_4_32,5137,0.4807692307692308
lambda_peak_4_32,5138,0.4230769230769231
lambda_peak_4_32,5139,0.4519230769230769
lambda_peak_4_32,5140,0.4326923076923077
lambda_peak_4_32,5141,0.49038461538461536
lambda_peak_4_32,5142,0.47115384615384615
lambda_peak_4_32,5143,0.4423076923076923
lambda_peak_4_32,5144,0.5384615384615384
lambda_peak_4_32,5145,0.5480769230769231
lambda_peak_4_32,5146,0.5
lambda_peak_4_32,5147,0.38461538461538464
lambda_peak_4_32,5148,0.4519230769230769
lambda_peak_4_32,5149,0.40384615384615385
lambda_peak_4_32,5150,0.5384615384615384
lambda_peak_4_32,5151,0.49038461538461536
lambda_peak_4_32,5152,0.46153846153846156
lambda_peak_4_32,5153,0.5096153846153846
lambda_peak_4_32,5154,0.38461538461538464
lambda_peak_4_32,5155,0.5
lambda_peak_4_32,5156,0.3269230769230769
lambda_peak_4_32,5157,0.4423076923076923
lambda_peak_4_32,5158,0.38461538461538464
lambda_peak_4_32,5159,0.5192307692307693
lambda_peak_4_32,5160,0.46153846153846156
lambda_peak_4_32,5161,0.4230769230769231
lambda_peak_4_32,5162,0.47115384615384615
lambda_peak_4_32,5163,0.49038461538461536
lambda_peak_4_32,5164,0.4519230769230769
lambda_peak_4_32,5165,0.47115384615384615
lambda_peak_4_32,5166,0.5673076923076923
lambda_peak_4_32,5167,0.49038461538461536
lambda_peak_4_32,5168,0.41346153846153844
lambda_peak_4_32,5169,0.4519230769230769
lambda_peak_4_32,5170,0.5
lambda_peak_4_32,5171,0.4423076923076923
lambda_peak_4_32,5172,0.4230769230769231
lambda_peak_4_32,5173,0.47115384615384615
lambda_peak_4_32,5174,0.47115384615384615
lambda_peak_4_32,5175,0.4423076923076923
lambda_peak_4_32,5176,0.49038461538461536
lambda_peak_4_32,5177,0.5
lambda_peak_4_32,5178,0.4326923076923077
lambda_peak_4_32,5179,0.5480769230769231
lambda_peak_4_32,5180,0.4807692307692308
lambda_peak_4_32,5181,0.5769230769230769
lambda_peak_4_32,5182,0.4423076923076923
lambda_peak_4_32,5183,0.46153846153846156
lambda_peak_4_32,5184,0.5576923076923077
lambda_peak_4_32,5185,0.4807692307692308
lambda_peak_4_32,5186,0.4519230769230769
lambda_peak_4_32,5187,0.41346153846153844
lambda_peak_4_32,5188,0.4807692307692308
lambda_peak_4_32,5189,0.4807692307692308
lambda_peak_4_32,5190,0.40384615384615385
lambda_peak_4_32,5191,0.5769230769230769
lambda_peak_4_32,5192,0.4519230769230769
lambda_peak_4_32,5193,0.5096153846153846
lambda_peak_4_32,5194,0.46153846153846156
lambda_peak_4_32,5195,0.5673076923076923
lambda_peak_4_32,5196,0.5288461538461539
lambda_peak_4_32,5197,0.5384615384615384
lambda_peak_4_32,5198,0.5480769230769231
lambda_peak_4_32,5199,0.41346153846153844
lambda_peak_4_32,5200,0.46153846153846156
lambda_peak_4_32,5201,0.41346153846153844
lambda_peak_4_32,5202,0.5
lambda_peak_4_32,5203,0.46153846153846156
lambda_peak_4_32,5204,0.5673076923076923
lambda_peak_4_32,5205,0.4807692307692308
lambda_peak_4_32,5206,0.40384615384615385
lambda_peak_4_32,5207,0.5
lambda_peak_4_32,5208,0.49038461538461536
lambda_peak_4_32,5209,0.41346153846153844
lambda_peak_4_32,5210,0.4326923076923077
lambda_peak_4_32,5211,0.36538461538461536
lambda_peak_4_32,5212,0.4423076923076923
lambda_peak_4_32,5213,0.4519230769230769
lambda_peak_4_32,5214,0.41346153846153844
lambda_peak_4_32,5215,0.49038461538461536
lambda_peak_4_32,5216,0.4519230769230769
lambda_peak_4_32,5217,0.47115384615384615
lambda_peak_4_32,5218,0.4326923076923077
lambda_peak_4_32,5219,0.4519230769230769
lambda_peak_4_32,5220,0.40384615384615385
lambda_peak_4_32,5221,0.5192307692307693
lambda_peak_4_32,5222,0.5
lambda_peak_4_32,5223,0.4326923076923077
lambda_peak_4_32,5224,0.5192307692307693
lambda_peak_4_32,5225,0.4519230769230769
lambda_peak_4_32,5226,0.5096153846153846
lambda_peak_4_32,5227,0.49038461538461536
lambda_peak_4_32,5228,0.5096153846153846
lambda_peak_4_32,5229,0.4326923076923077
lambda_peak_4_32,5230,0.5
lambda_peak_4_32,5231,0.4519230769230769
lambda_peak_4_32,5232,0.375
lambda_peak_4_32,5233,0.5769230769230769
lambda_peak_4_32,5234,0.4230769230769231
lambda_peak_4_32,5235,0.4807692307692308
lambda_peak_4_32,5236,0.4519230769230769
lambda_peak_4_32,5237,0.4519230769230769
lambda_peak_4_32,5238,0.4807692307692308
lambda_peak_4_32,5239,0.38461538461538464
lambda_peak_4_32,5240,0.3557692307692308
lambda_peak_4_32,5241,0.5288461538461539
lambda_peak_4_32,5242,0.4326923076923077
lambda_peak_4_32,5243,0.5
lambda_peak_4_32,5244,0.4423076923076923
lambda_peak_4_32,5245,0.4326923076923077
lambda_peak_4_32,5246,0.5096153846153846
lambda_peak_4_32,5247,0.4423076923076923
lambda_peak_4_32,5248,0.5673076923076923
lambda_peak_4_32,5249,0.46153846153846156
lambda_peak_4_32,5250,0.49038461538461536
lambda_peak_4_32,5251,0.5096153846153846
lambda_peak_4_32,5252,0.46153846153846156
lambda_peak_4_32,5253,0.40384615384615385
lambda_peak_4_32,5254,0.34615384615384615
lambda_peak_4_32,5255,0.5
lambda_peak_4_32,5256,0.3942307692307692
lambda_peak_4_32,5257,0.4326923076923077
lambda_peak_4_32,5258,0.5192307692307693
lambda_peak_4_32,5259,0.3557692307692308
lambda_peak_4_32,5260,0.5192307692307693
lambda_peak_4_32,5261,0.4807692307692308
lambda_peak_4_32,5262,0.5576923076923077
lambda_peak_4_32,5263,0.5
lambda_peak_4_32,5264,0.49038461538461536
lambda_peak_4_32,5265,0.40384615384615385
lambda_peak_4_32,5266,0.46153846153846156
lambda_peak_4_32,5267,0.4807692307692308
lambda_peak_4_32,5268,0.46153846153846156
lambda_peak_4_32,5269,0.375
lambda_peak_4_32,5270,0.47115384615384615
lambda_peak_4_32,5271,0.5480769230769231
lambda_peak_4_32,5272,0.46153846153846156
lambda_peak_4_32,5273,0.46153846153846156
lambda_peak_4_32,5274,0.49038461538461536
lambda_peak_4_32,5275,0.3942307692307692
lambda_peak_4_32,5276,0.3942307692307692
lambda_peak_4_32,5277,0.40384615384615385
lambda_peak_4_32,5278,0.46153846153846156
lambda_peak_4_32,5279,0.4423076923076923
lambda_peak_4_32,5280,0.40384615384615385
lambda_peak_4_32,5281,0.4423076923076923
lambda_peak_4_32,5282,0.5865384615384616
lambda_peak_4_32,5283,0.3942307692307692
lambda_peak_4_32,5284,0.49038461538461536
lambda_peak_4_32,5285,0.4519230769230769
lambda_peak_4_32,5286,0.375
lambda_peak_4_32,5287,0.46153846153846156
lambda_peak_4_32,5288,0.46153846153846156
lambda_peak_4_32,5289,0.5096153846153846
lambda_peak_4_32,5290,0.5
lambda_peak_4_32,5291,0.4519230769230769
lambda_peak_4_32,5292,0.4230769230769231
lambda_peak_4_32,5293,0.5
lambda_peak_4_32,5294,0.5
lambda_peak_4_32,5295,0.38461538461538464
lambda_peak_4_32,5296,0.4519230769230769
lambda_peak_4_32,5297,0.4519230769230769
lambda_peak_4_32,5298,0.4423076923076923
lambda_peak_4_32,5299,0.5
lambda_peak_4_32,5300,0.5769230769230769
lambda_peak_4_32,5301,0.4519230769230769
lambda_peak_4_32,5302,0.5
lambda_peak_4_32,5303,0.49038461538461536
lambda_peak_4_32,5304,0.4807692307692308
lambda_peak_4_32,5305,0.5192307692307693
lambda_peak_4_32,5306,0.5384615384615384
lambda_peak_4_32,5307,0.5096153846153846
lambda_peak_4_32,5308,0.40384615384615385
lambda_peak_4_32,5309,0.4230769230769231
lambda_peak_4_32,5310,0.40384615384615385
lambda_peak_4_32,5311,0.38461538461538464
lambda_peak_4_32,5312,0.5865384615384616
lambda_peak_4_32,5313,0.4519230769230769
lambda_peak_4_32,5314,0.49038461538461536
lambda_peak_4_32,5315,0.41346153846153844
lambda_peak_4_32,5316,0.5192307692307693
lambda_peak_4_32,5317,0.5192307692307693
lambda_peak_4_32,5318,0.4423076923076923
lambda_peak_4_32,5319,0.4230769230769231
lambda_peak_4_32,5320,0.5288461538461539
lambda_peak_4_32,5321,0.4423076923076923
lambda_peak_4_32,5322,0.5288461538461539
lambda_peak_4_32,5323,0.47115384615384615
lambda_peak_4_32,5324,0.4230769230769231
lambda_peak_4_32,5325,0.4807692307692308
lambda_peak_4_32,5326,0.4326923076923077
lambda_peak_4_32,5327,0.5192307692307693
lambda_peak_4_32,5328,0.4326923076923077
lambda_peak_4_32,5329,0.4807692307692308
lambda_peak_4_32,5330,0.5480769230769231
lambda_peak_4_32,5331,0.4807692307692308
lambda_peak_4_32,5332,0.5288461538461539
lambda_peak_4_32,5333,0.5
lambda_peak_4_32,5334,0.5096153846153846
lambda_peak_4_32,5335,0.5
lambda_peak_4_32,5336,0.4230769230769231
lambda_peak_4_32,5337,0.5480769230769231
lambda_peak_4_32,5338,0.47115384615384615
lambda_peak_4_32,5339,0.5192307692307693
lambda_peak_4_32,5340,0.36538461538461536
lambda_peak_4_32,5341,0.5096153846153846
lambda_peak_4_32,5342,0.41346153846153844
lambda_peak_4_32,5343,0.5288461538461539
lambda_peak_4_32,5344,0.41346153846153844
lambda_peak_4_32,5345,0.5096153846153846
lambda_peak_4_32,5346,0.4807692307692308
lambda_peak_4_32,5347,0.4807692307692308
lambda_peak_4_32,5348,0.47115384615384615
lambda_peak_4_32,5349,0.46153846153846156
lambda_peak_4_32,5350,0.4326923076923077
lambda_peak_4_32,5351,0.4230769230769231
lambda_peak_4_32,5352,0.36538461538461536
lambda_peak_4_32,5353,0.4326923076923077
lambda_peak_4_32,5354,0.4807692307692308
lambda_peak_4_32,5355,0.49038461538461536
lambda_peak_4_32,5356,0.4423076923076923
lambda_peak_4_32,5357,0.49038461538461536
lambda_peak_4_32,5358,0.47115384615384615
lambda_peak_4_32,5359,0.41346153846153844
lambda_peak_4_32,5360,0.4326923076923077
lambda_peak_4_32,5361,0.6153846153846154
lambda_peak_4_32,5362,0.41346153846153844
lambda_peak_4_32,5363,0.4230769230769231
lambda_peak_4_32,5364,0.47115384615384615
lambda_peak_4_32,5365,0.34615384615384615
lambda_peak_4_32,5366,0.4807692307692308
lambda_peak_4_32,5367,0.5384615384615384
lambda_peak_4_32,5368,0.5961538461538461
lambda_peak_4_32,5369,0.4423076923076923
lambda_peak_4_32,5370,0.4807692307692308
lambda_peak_4_32,5371,0.4423076923076923
lambda_peak_4_32,5372,0.5096153846153846
lambda_peak_4_32,5373,0.38461538461538464
lambda_peak_4_32,5374,0.46153846153846156
lambda_peak_4_32,5375,0.4807692307692308
lambda_peak_4_32,5376,0.4519230769230769
lambda_peak_4_32,5377,0.46153846153846156
lambda_peak_4_32,5378,0.4519230769230769
lambda_peak_4_32,5379,0.36538461538461536
lambda_peak_4_32,5380,0.5480769230769231
lambda_peak_4_32,5381,0.47115384615384615
lambda_peak_4_32,5382,0.46153846153846156
lambda_peak_4_32,5383,0.4807692307692308
lambda_peak_4_32,5384,0.41346153846153844
lambda_peak_4_32,5385,0.5288461538461539
lambda_peak_4_32,5386,0.5673076923076923
lambda_peak_4_32,5387,0.47115384615384615
lambda_peak_4_32,5388,0.49038461538461536
lambda_peak_4_32,5389,0.38461538461538464
lambda_peak_4_32,5390,0.5384615384615384
lambda_peak_4_32,5391,0.5576923076923077
lambda_peak_4_32,5392,0.3942307692307692
lambda_peak_4_32,5393,0.4423076923076923
lambda_peak_4_32,5394,0.34615384615384615
lambda_peak_4_32,5395,0.47115384615384615
lambda_peak_4_32,5396,0.4519230769230769
lambda_peak_4_32,5397,0.5192307692307693
lambda_peak_4_32,5398,0.4807692307692308
lambda_peak_4_32,5399,0.4326923076923077
lambda_peak_4_32,5400,0.47115384615384615
lambda_peak_4_32,5401,0.49038461538461536
lambda_peak_4_32,5402,0.5384615384615384
lambda_peak_4_32,5403,0.5865384615384616
lambda_peak_4_32,5404,0.5096153846153846
lambda_peak_4_32,5405,0.5673076923076923
lambda_peak_4_32,5406,0.5384615384615384
lambda_peak_4_32,5407,0.46153846153846156
lambda_peak_4_32,5408,0.4326923076923077
lambda_peak_4_32,5409,0.4807692307692308
lambda_peak_4_32,5410,0.49038461538461536
lambda_peak_4_32,5411,0.4326923076923077
lambda_peak_4_32,5412,0.46153846153846156
lambda_peak_4_32,5413,0.5769230769230769
lambda_peak_4_32,5414,0.41346153846153844
lambda_peak_4_32,5415,0.4807692307692308
lambda_peak_4_32,5416,0.46153846153846156
lambda_peak_4_32,5417,0.5
lambda_peak_4_32,5418,0.5192307692307693
lambda_peak_4_32,5419,0.4230769230769231
lambda_peak_4_32,5420,0.5
lambda_peak_4_32,5421,0.4519230769230769
lambda_peak_4_32,5422,0.5096153846153846
lambda_peak_4_32,5423,0.47115384615384615
lambda_peak_4_32,5424,0.47115384615384615
lambda_peak_4_32,5425,0.4423076923076923
lambda_peak_4_32,5426,0.46153846153846156
lambda_peak_4_32,5427,0.4519230769230769
lambda_peak_4_32,5428,0.46153846153846156
lambda_peak_4_32,5429,0.36538461538461536
lambda_peak_4_32,5430,0.46153846153846156
lambda_peak_4_32,5431,0.5865384615384616
lambda_peak_4_32,5432,0.5192307692307693
lambda_peak_4_32,5433,0.47115384615384615
lambda_peak_4_32,5434,0.49038461538461536
lambda_peak_4_32,5435,0.4423076923076923
lambda_peak_4_32,5436,0.4423076923076923
lambda_peak_4_32,5437,0.49038461538461536
lambda_peak_4_32,5438,0.3942307692307692
lambda_peak_4_32,5439,0.46153846153846156
lambda_peak_4_32,5440,0.4326923076923077
lambda_peak_4_32,5441,0.4326923076923077
lambda_peak_4_32,5442,0.49038461538461536
lambda_peak_4_32,5443,0.3557692307692308
lambda_peak_4_32,5444,0.4423076923076923
lambda_peak_4_32,5445,0.5096153846153846
lambda_peak_4_32,5446,0.5576923076923077
lambda_peak_4_32,5447,0.46153846153846156
lambda_peak_4_32,5448,0.4423076923076923
lambda_peak_4_32,5449,0.4807692307692308
lambda_peak_4_32,5450,0.5288461538461539
lambda_peak_4_32,5451,0.4519230769230769
lambda_peak_4_32,5452,0.4230769230769231
lambda_peak_4_32,5453,0.4807692307692308
lambda_peak_4_32,5454,0.5
lambda_peak_4_32,5455,0.46153846153846156
lambda_peak_4_32,5456,0.5096153846153846
lambda_peak_4_32,5457,0.38461538461538464
lambda_peak_4_32,5458,0.4807692307692308
lambda_peak_4_32,5459,0.49038461538461536
lambda_peak_4_32,5460,0.40384615384615385
lambda_peak_4_32,5461,0.3269230769230769
lambda_peak_4_32,5462,0.5192307692307693
lambda_peak_4_32,5463,0.40384615384615385
lambda_peak_4_32,5464,0.47115384615384615
lambda_peak_4_32,5465,0.47115384615384615
lambda_peak_4_32,5466,0.375
lambda_peak_4_32,5467,0.5288461538461539
lambda_peak_4_32,5468,0.4230769230769231
lambda_peak_4_32,5469,0.28846153846153844
lambda_peak_4_32,5470,0.4423076923076923
lambda_peak_4_32,5471,0.46153846153846156
lambda_peak_4_32,5472,0.5576923076923077
lambda_peak_4_32,5473,0.4807692307692308
lambda_peak_4_32,5474,0.49038461538461536
lambda_peak_4_32,5475,0.46153846153846156
lambda_peak_4_32,5476,0.33653846153846156
lambda_peak_4_32,5477,0.5576923076923077
lambda_peak_4_32,5478,0.40384615384615385
lambda_peak_4_32,5479,0.5480769230769231
lambda_peak_4_32,5480,0.5288461538461539
lambda_peak_4_32,5481,0.5096153846153846
lambda_peak_4_32,5482,0.5096153846153846
lambda_peak_4_32,5483,0.5192307692307693
lambda_peak_4_32,5484,0.5192307692307693
lambda_peak_4_32,5485,0.4807692307692308
lambda_peak_4_32,5486,0.4423076923076923
lambda_peak_4_32,5487,0.3942307692307692
lambda_peak_4_32,5488,0.4423076923076923
lambda_peak_4_32,5489,0.38461538461538464
lambda_peak_4_32,5490,0.375
lambda_peak_4_32,5491,0.5096153846153846
lambda_peak_4_32,5492,0.5192307692307693
lambda_peak_4_32,5493,0.375
lambda_peak_4_32,5494,0.38461538461538464
lambda_peak_4_32,5495,0.3942307692307692
lambda_peak_4_32,5496,0.46153846153846156
lambda_peak_4_32,5497,0.4423076923076923
lambda_peak_4_32,5498,0.4519230769230769
lambda_peak_4_32,5499,0.34615384615384615
lambda_peak_4_32,5500,0.5192307692307693
lambda_peak_4_32,5501,0.5096153846153846
lambda_peak_4_32,5502,0.3942307692307692
lambda_peak_4_32,5503,0.46153846153846156
lambda_peak_4_32,5504,0.4423076923076923
lambda_peak_4_32,5505,0.47115384615384615
lambda_peak_4_32,5506,0.5576923076923077
lambda_peak_4_32,5507,0.4807692307692308
lambda_peak_4_32,5508,0.49038461538461536
lambda_peak_4_32,5509,0.4807692307692308
lambda_peak_4_32,5510,0.46153846153846156
lambda_peak_4_32,5511,0.5096153846153846
lambda_peak_4_32,5512,0.4807692307692308
lambda_peak_4_32,5513,0.5096153846153846
lambda_peak_4_32,5514,0.46153846153846156
lambda_peak_4_32,5515,0.4807692307692308
lambda_peak_4_32,5516,0.41346153846153844
lambda_peak_4_32,5517,0.6153846153846154
lambda_peak_4_32,5518,0.4519230769230769
lambda_peak_4_32,5519,0.4519230769230769
lambda_peak_4_32,5520,0.5
lambda_peak_4_32,5521,0.3942307692307692
lambda_peak_4_32,5522,0.4519230769230769
lambda_peak_4_32,5523,0.46153846153846156
lambda_peak_4_32,5524,0.46153846153846156
lambda_peak_4_32,5525,0.4519230769230769
lambda_peak_4_32,5526,0.4519230769230769
lambda_peak_4_32,5527,0.5576923076923077
lambda_peak_4_32,5528,0.49038461538461536
lambda_peak_4_32,5529,0.375
lambda_peak_4_32,5530,0.4423076923076923
lambda_peak_4_32,5531,0.40384615384615385
lambda_peak_4_32,5532,0.3942307692307692
lambda_peak_4_32,5533,0.4326923076923077
lambda_peak_4_32,5534,0.5769230769230769
lambda_peak_4_32,5535,0.4326923076923077
lambda_peak_4_32,5536,0.47115384615384615
lambda_peak_4_32,5537,0.6057692307692307
lambda_peak_4_32,5538,0.4423076923076923
lambda_peak_4_32,5539,0.47115384615384615
lambda_peak_4_32,5540,0.40384615384615385
lambda_peak_4_32,5541,0.6057692307692307
lambda_peak_4_32,5542,0.4326923076923077
lambda_peak_4_32,5543,0.46153846153846156
lambda_peak_4_32,5544,0.4423076923076923
lambda_peak_4_32,5545,0.46153846153846156
lambda_peak_4_32,5546,0.5384615384615384
lambda_peak_4_32,5547,0.4326923076923077
lambda_peak_4_32,5548,0.5192307692307693
lambda_peak_4_32,5549,0.4807692307692308
lambda_peak_4_32,5550,0.4423076923076923
lambda_peak_4_32,5551,0.4230769230769231
lambda_peak_4_32,5552,0.46153846153846156
lambda_peak_4_32,5553,0.5
lambda_peak_4_32,5554,0.5576923076923077
lambda_peak_4_32,5555,0.4230769230769231
lambda_peak_4_32,5556,0.4423076923076923
lambda_peak_4_32,5557,0.49038461538461536
lambda_peak_4_32,5558,0.4807692307692308
lambda_peak_4_32,5559,0.49038461538461536
lambda_peak_4_32,5560,0.5
lambda_peak_4_32,5561,0.375
lambda_peak_4_32,5562,0.47115384615384615
lambda_peak_4_32,5563,0.40384615384615385
lambda_peak_4_32,5564,0.40384615384615385
lambda_peak_4_32,5565,0.4423076923076923
lambda_peak_4_32,5566,0.5288461538461539
lambda_peak_4_32,5567,0.5480769230769231
lambda_peak_4_32,5568,0.41346153846153844
lambda_peak_4_32,5569,0.4423076923076923
lambda_peak_4_32,5570,0.47115384615384615
lambda_peak_4_32,5571,0.3942307692307692
lambda_peak_4_32,5572,0.5769230769230769
lambda_peak_4_32,5573,0.41346153846153844
lambda_peak_4_32,5574,0.4807692307692308
lambda_peak_4_32,5575,0.47115384615384615
lambda_peak_4_32,5576,0.4326923076923077
lambda_peak_4_32,5577,0.5192307692307693
lambda_peak_4_32,5578,0.4519230769230769
lambda_peak_4_32,5579,0.4423076923076923
lambda_peak_4_32,5580,0.4807692307692308
lambda_peak_4_32,5581,0.3269230769230769
lambda_peak_4_32,5582,0.5192307692307693
lambda_peak_4_32,5583,0.5192307692307693
lambda_peak_4_32,5584,0.4519230769230769
lambda_peak_4_32,5585,0.49038461538461536
lambda_peak_4_32,5586,0.4423076923076923
lambda_peak_4_32,5587,0.4230769230769231
lambda_peak_4_32,5588,0.4519230769230769
lambda_peak_4_32,5589,0.47115384615384615
lambda_peak_4_32,5590,0.3942307692307692
lambda_peak_4_32,5591,0.5096153846153846
lambda_peak_4_32,5592,0.5192307692307693
lambda_peak_4_32,5593,0.4423076923076923
lambda_peak_4_32,5594,0.49038461538461536
lambda_peak_4_32,5595,0.4519230769230769
lambda_peak_4_32,5596,0.4519230769230769
lambda_peak_4_32,5597,0.4519230769230769
lambda_peak_4_32,5598,0.4326923076923077
lambda_peak_4_32,5599,0.5961538461538461
lambda_peak_4_32,5600,0.49038461538461536
lambda_peak_4_32,5601,0.4423076923076923
lambda_peak_4_32,5602,0.5096153846153846
lambda_peak_4_32,5603,0.49038461538461536
lambda_peak_4_32,5604,0.46153846153846156
lambda_peak_4_32,5605,0.46153846153846156
lambda_peak_4_32,5606,0.4326923076923077
lambda_peak_4_32,5607,0.5
lambda_peak_4_32,5608,0.4519230769230769
lambda_peak_4_32,5609,0.36538461538461536
lambda_peak_4_32,5610,0.4807692307692308
lambda_peak_4_32,5611,0.40384615384615385
lambda_peak_4_32,5612,0.4519230769230769
lambda_peak_4_32,5613,0.5576923076923077
lambda_peak_4_32,5614,0.4519230769230769
lambda_peak_4_32,5615,0.4807692307692308
lambda_peak_4_32,5616,0.5096153846153846
lambda_peak_4_32,5617,0.41346153846153844
lambda_peak_4_32,5618,0.4230769230769231
lambda_peak_4_32,5619,0.4519230769230769
lambda_peak_4_32,5620,0.5096153846153846
lambda_peak_4_32,5621,0.4519230769230769
lambda_peak_4_32,5622,0.49038461538461536
lambda_peak_4_32,5623,0.47115384615384615
lambda_peak_4_32,5624,0.40384615384615385
lambda_peak_4_32,5625,0.5096153846153846
lambda_peak_4_32,5626,0.49038461538461536
lambda_peak_4_32,5627,0.4230769230769231
lambda_peak_4_32,5628,0.5384615384615384
lambda_peak_4_32,5629,0.4423076923076923
lambda_peak_4_32,5630,0.4326923076923077
lambda_peak_4_32,5631,0.46153846153846156
lambda_peak_4_32,5632,0.49038461538461536
lambda_peak_4_32,5633,0.4230769230769231
lambda_peak_4_32,5634,0.4519230769230769
lambda_peak_4_32,5635,0.5096153846153846
lambda_peak_4_32,5636,0.49038461538461536
lambda_peak_4_32,5637,0.4807692307692308
lambda_peak_4_32,5638,0.46153846153846156
lambda_peak_4_32,5639,0.47115384615384615
lambda_peak_4_32,5640,0.4519230769230769
lambda_peak_4_32,5641,0.4423076923076923
lambda_peak_4_32,5642,0.4519230769230769
lambda_peak_4_32,5643,0.46153846153846156
lambda_peak_4_32,5644,0.3557692307692308
lambda_peak_4_32,5645,0.5
lambda_peak_4_32,5646,0.46153846153846156
lambda_peak_4_32,5647,0.49038461538461536
lambda_peak_4_32,5648,0.5096153846153846
lambda_peak_4_32,5649,0.41346153846153844
lambda_peak_4_32,5650,0.47115384615384615
lambda_peak_4_32,5651,0.41346153846153844
lambda_peak_4_32,5652,0.4230769230769231
lambda_peak_4_32,5653,0.49038461538461536
lambda_peak_4_32,5654,0.5576923076923077
lambda_peak_4_32,5655,0.49038461538461536
lambda_peak_4_32,5656,0.49038461538461536
lambda_peak_4_32,5657,0.4423076923076923
lambda_peak_4_32,5658,0.49038461538461536
lambda_peak_4_32,5659,0.46153846153846156
lambda_peak_4_32,5660,0.47115384615384615
lambda_peak_4_32,5661,0.46153846153846156
lambda_peak_4_32,5662,0.5480769230769231
lambda_peak_4_32,5663,0.5480769230769231
lambda_peak_4_32,5664,0.40384615384615385
lambda_peak_4_32,5665,0.5
lambda_peak_4_32,5666,0.4230769230769231
lambda_peak_4_32,5667,0.4423076923076923
lambda_peak_4_32,5668,0.47115384615384615
lambda_peak_4_32,5669,0.40384615384615385
lambda_peak_4_32,5670,0.3942307692307692
lambda_peak_4_32,5671,0.38461538461538464
lambda_peak_4_32,5672,0.46153846153846156
lambda_peak_4_32,5673,0.46153846153846156
lambda_peak_4_32,5674,0.5096153846153846
lambda_peak_4_32,5675,0.5480769230769231
lambda_peak_4_32,5676,0.46153846153846156
lambda_peak_4_32,5677,0.38461538461538464
lambda_peak_4_32,5678,0.5
lambda_peak_4_32,5679,0.5192307692307693
lambda_peak_4_32,5680,0.5192307692307693
lambda_peak_4_32,5681,0.3942307692307692
lambda_peak_4_32,5682,0.41346153846153844
lambda_peak_4_32,5683,0.5192307692307693
lambda_peak_4_32,5684,0.49038461538461536
lambda_peak_4_32,5685,0.5096153846153846
lambda_peak_4_32,5686,0.4230769230769231
lambda_peak_4_32,5687,0.4423076923076923
lambda_peak_4_32,5688,0.41346153846153844
lambda_peak_4_32,5689,0.5576923076923077
lambda_peak_4_32,5690,0.5288461538461539
lambda_peak_4_32,5691,0.4230769230769231
lambda_peak_4_32,5692,0.47115384615384615
lambda_peak_4_32,5693,0.4519230769230769
lambda_peak_4_32,5694,0.41346153846153844
lambda_peak_4_32,5695,0.4230769230769231
lambda_peak_4_32,5696,0.5192307692307693
lambda_peak_4_32,5697,0.375
lambda_peak_4_32,5698,0.49038461538461536
lambda_peak_4_32,5699,0.4230769230769231
lambda_peak_4_32,5700,0.4326923076923077
lambda_peak_4_32,5701,0.5576923076923077
lambda_peak_4_32,5702,0.46153846153846156
lambda_peak_4_32,5703,0.4230769230769231
lambda_peak_4_32,5704,0.5673076923076923
lambda_peak_4_32,5705,0.4423076923076923
lambda_peak_4_32,5706,0.5096153846153846
lambda_peak_4_32,5707,0.3942307692307692
lambda_peak_4_32,5708,0.4230769230769231
lambda_peak_4_32,5709,0.5480769230769231
lambda_peak_4_32,5710,0.49038461538461536
lambda_peak_4_32,5711,0.47115384615384615
lambda_peak_4_32,5712,0.4807692307692308
lambda_peak_4_32,5713,0.5384615384615384
lambda_peak_4_32,5714,0.5192307692307693
lambda_peak_4_32,5715,0.46153846153846156
lambda_peak_4_32,5716,0.5
lambda_peak_4_32,5717,0.4230769230769231
lambda_peak_4_32,5718,0.46153846153846156
lambda_peak_4_32,5719,0.5192307692307693
lambda_peak_4_32,5720,0.4230769230769231
lambda_peak_4_32,5721,0.5288461538461539
lambda_peak_4_32,5722,0.375
lambda_peak_4_32,5723,0.38461538461538464
lambda_peak_4_32,5724,0.34615384615384615
lambda_peak_4_32,5725,0.5192307692307693
lambda_peak_4_32,5726,0.4519230769230769
lambda_peak_4_32,5727,0.4326923076923077
lambda_peak_4_32,5728,0.5865384615384616
lambda_peak_4_32,5729,0.40384615384615385
lambda_peak_4_32,5730,0.5288461538461539
lambda_peak_4_32,5731,0.36538461538461536
lambda_peak_4_32,5732,0.4519230769230769
lambda_peak_4_32,5733,0.3942307692307692
lambda_peak_4_32,5734,0.3942307692307692
lambda_peak_4_32,5735,0.4519230769230769
lambda_peak_4_32,5736,0.5384615384615384
lambda_peak_4_32,5737,0.4326923076923077
lambda_peak_4_32,5738,0.4326923076923077
lambda_peak_4_32,5739,0.4326923076923077
lambda_peak_4_32,5740,0.4230769230769231
lambda_peak_4_32,5741,0.47115384615384615
lambda_peak_4_32,5742,0.5480769230769231
lambda_peak_4_32,5743,0.5096153846153846
lambda_peak_4_32,5744,0.4423076923076923
lambda_peak_4_32,5745,0.5
lambda_peak_4_32,5746,0.5096153846153846
lambda_peak_4_32,5747,0.5288461538461539
lambda_peak_4_32,5748,0.36538461538461536
lambda_peak_4_32,5749,0.40384615384615385
lambda_peak_4_32,5750,0.47115384615384615
lambda_peak_4_32,5751,0.5096153846153846
lambda_peak_4_32,5752,0.4423076923076923
lambda_peak_4_32,5753,0.46153846153846156
lambda_peak_4_32,5754,0.5480769230769231
lambda_peak_4_32,5755,0.5576923076923077
lambda_peak_4_32,5756,0.5480769230769231
lambda_peak_4_32,5757,0.4326923076923077
lambda_peak_4_32,5758,0.5192307692307693
lambda_peak_4_32,5759,0.4519230769230769
lambda_peak_4_32,5760,0.4519230769230769
lambda_peak_4_32,5761,0.4230769230769231
lambda_peak_4_32,5762,0.49038461538461536
lambda_peak_4_32,5763,0.4326923076923077
lambda_peak_4_32,5764,0.47115384615384615
lambda_peak_4_32,5765,0.38461538461538464
lambda_peak_4_32,5766,0.5769230769230769
lambda_peak_4_32,5767,0.40384615384615385
lambda_peak_4_32,5768,0.4423076923076923
lambda_peak_4_32,5769,0.5288461538461539
lambda_peak_4_32,5770,0.4807692307692308
lambda_peak_4_32,5771,0.3942307692307692
lambda_peak_4_32,5772,0.4423076923076923
lambda_peak_4_32,5773,0.5192307692307693
lambda_peak_4_32,5774,0.4519230769230769
lambda_peak_4_32,5775,0.40384615384615385
lambda_peak_4_32,5776,0.4807692307692308
lambda_peak_4_32,5777,0.4423076923076923
lambda_peak_4_32,5778,0.5
lambda_peak_4_32,5779,0.46153846153846156
lambda_peak_4_32,5780,0.3269230769230769
lambda_peak_4_32,5781,0.5961538461538461
lambda_peak_4_32,5782,0.49038461538461536
lambda_peak_4_32,5783,0.4807692307692308
lambda_peak_4_32,5784,0.47115384615384615
lambda_peak_4_32,5785,0.46153846153846156
lambda_peak_4_32,5786,0.41346153846153844
lambda_peak_4_32,5787,0.5096153846153846
lambda_peak_4_32,5788,0.4807692307692308
lambda_peak_4_32,5789,0.36538461538461536
lambda_peak_4_32,5790,0.4519230769230769
lambda_peak_4_32,5791,0.3942307692307692
lambda_peak_4_32,5792,0.3557692307692308
lambda_peak_4_32,5793,0.5384615384615384
lambda_peak_4_32,5794,0.46153846153846156
lambda_peak_4_32,5795,0.4423076923076923
lambda_peak_4_32,5796,0.46153846153846156
lambda_peak_4_32,5797,0.4230769230769231
lambda_peak_4_32,5798,0.47115384615384615
lambda_peak_4_32,5799,0.46153846153846156
lambda_peak_4_32,5800,0.47115384615384615
lambda_peak_4_32,5801,0.3942307692307692
lambda_peak_4_32,5802,0.5673076923076923
lambda_peak_4_32,5803,0.36538461538461536
lambda_peak_4_32,5804,0.6057692307692307
lambda_peak_4_32,5805,0.36538461538461536
lambda_peak_4_32,5806,0.5096153846153846
lambda_peak_4_32,5807,0.4519230769230769
lambda_peak_4_32,5808,0.41346153846153844
lambda_peak_4_32,5809,0.47115384615384615
lambda_peak_4_32,5810,0.5288461538461539
lambda_peak_4_32,5811,0.46153846153846156
lambda_peak_4_32,5812,0.5
lambda_peak_4_32,5813,0.5096153846153846
lambda_peak_4_32,5814,0.49038461538461536
lambda_peak_4_32,5815,0.5288461538461539
lambda_peak_4_32,5816,0.41346153846153844
lambda_peak_4_32,5817,0.5
lambda_peak_4_32,5818,0.4230769230769231
lambda_peak_4_32,5819,0.4326923076923077
lambda_peak_4_32,5820,0.5192307692307693
lambda_peak_4_32,5821,0.41346153846153844
lambda_peak_4_32,5822,0.4423076923076923
lambda_peak_4_32,5823,0.3942307692307692
lambda_peak_4_32,5824,0.4519230769230769
lambda_peak_4_32,5825,0.46153846153846156
lambda_peak_4_32,5826,0.5
lambda_peak_4_32,5827,0.4230769230769231
lambda_peak_4_32,5828,0.5384615384615384
lambda_peak_4_32,5829,0.5288461538461539
lambda_peak_4_32,5830,0.38461538461538464
lambda_peak_4_32,5831,0.6153846153846154
lambda_peak_4_32,5832,0.5192307692307693
lambda_peak_4_32,5833,0.4519230769230769
lambda_peak_4_32,5834,0.5961538461538461
lambda_peak_4_32,5835,0.375
lambda_peak_4_32,5836,0.47115384615384615
lambda_peak_4_32,5837,0.5
lambda_peak_4_32,5838,0.4326923076923077
lambda_peak_4_32,5839,0.4807692307692308
lambda_peak_4_32,5840,0.5480769230769231
lambda_peak_4_32,5841,0.47115384615384615
lambda_peak_4_32,5842,0.49038461538461536
lambda_peak_4_32,5843,0.4519230769230769
lambda_peak_4_32,5844,0.49038461538461536
lambda_peak_4_32,5845,0.5288461538461539
lambda_peak_4_32,5846,0.49038461538461536
lambda_peak_4_32,5847,0.5288461538461539
lambda_peak_4_32,5848,0.33653846153846156
lambda_peak_4_32,5849,0.5
lambda_peak_4_32,5850,0.4326923076923077
lambda_peak_4_32,5851,0.4423076923076923
lambda_peak_4_32,5852,0.4807692307692308
lambda_peak_4_32,5853,0.47115384615384615
lambda_peak_4_32,5854,0.5192307692307693
lambda_peak_4_32,5855,0.5
lambda_peak_4_32,5856,0.4423076923076923
lambda_peak_4_32,5857,0.5192307692307693
lambda_peak_4_32,5858,0.5096153846153846
lambda_peak_4_32,5859,0.34615384615384615
lambda_peak_4_32,5860,0.49038461538461536
lambda_peak_4_32,5861,0.47115384615384615
lambda_peak_4_32,5862,0.5
lambda_peak_4_32,5863,0.4807692307692308
lambda_peak_4_32,5864,0.5384615384615384
lambda_peak_4_32,5865,0.28846153846153844
lambda_peak_4_32,5866,0.5288461538461539
lambda_peak_4_32,5867,0.49038461538461536
lambda_peak_4_32,5868,0.4519230769230769
lambda_peak_4_32,5869,0.41346153846153844
lambda_peak_4_32,5870,0.49038461538461536
lambda_peak_4_32,5871,0.5096153846153846
lambda_peak_4_32,5872,0.46153846153846156
lambda_peak_4_32,5873,0.4326923076923077
lambda_peak_4_32,5874,0.5288461538461539
lambda_peak_4_32,5875,0.4519230769230769
lambda_peak_4_32,5876,0.40384615384615385
lambda_peak_4_32,5877,0.5
lambda_peak_4_32,5878,0.3942307692307692
lambda_peak_4_32,5879,0.4326923076923077
lambda_peak_4_32,5880,0.5288461538461539
lambda_peak_4_32,5881,0.41346153846153844
lambda_peak_4_32,5882,0.4423076923076923
lambda_peak_4_32,5883,0.5288461538461539
lambda_peak_4_32,5884,0.47115384615384615
lambda_peak_4_32,5885,0.49038461538461536
lambda_peak_4_32,5886,0.46153846153846156
lambda_peak_4_32,5887,0.4326923076923077
lambda_peak_4_32,5888,0.46153846153846156
lambda_peak_4_32,5889,0.49038461538461536
lambda_peak_4_32,5890,0.4807692307692308
lambda_peak_4_32,5891,0.4326923076923077
lambda_peak_4_32,5892,0.46153846153846156
lambda_peak_4_32,5893,0.5
lambda_peak_4_32,5894,0.5288461538461539
lambda_peak_4_32,5895,0.4423076923076923
lambda_peak_4_32,5896,0.49038461538461536
lambda_peak_4_32,5897,0.47115384615384615
lambda_peak_4_32,5898,0.5384615384615384
lambda_peak_4_32,5899,0.47115384615384615
lambda_peak_4_32,5900,0.4423076923076923
lambda_peak_4_32,5901,0.49038461538461536
lambda_peak_4_32,5902,0.5
lambda_peak_4_32,5903,0.36538461538461536
lambda_peak_4_32,5904,0.4326923076923077
lambda_peak_4_32,5905,0.4519230769230769
lambda_peak_4_32,5906,0.4423076923076923
lambda_peak_4_32,5907,0.5865384615384616
lambda_peak_4_32,5908,0.4519230769230769
lambda_peak_4_32,5909,0.5384615384615384
lambda_peak_4_32,5910,0.40384615384615385
lambda_peak_4_32,5911,0.5769230769230769
lambda_peak_4_32,5912,0.4326923076923077
lambda_peak_4_32,5913,0.3076923076923077
lambda_peak_4_32,5914,0.46153846153846156
lambda_peak_4_32,5915,0.5
lambda_peak_4_32,5916,0.41346153846153844
lambda_peak_4_32,5917,0.49038461538461536
lambda_peak_4_32,5918,0.4423076923076923
lambda_peak_4_32,5919,0.4423076923076923
lambda_peak_4_32,5920,0.4326923076923077
lambda_peak_4_32,5921,0.40384615384615385
lambda_peak_4_32,5922,0.5
lambda_peak_4_32,5923,0.46153846153846156
lambda_peak_4_32,5924,0.5288461538461539
lambda_peak_4_32,5925,0.4519230769230769
lambda_peak_4_32,5926,0.5
lambda_peak_4_32,5927,0.5288461538461539
lambda_peak_4_32,5928,0.5192307692307693
lambda_peak_4_32,5929,0.5769230769230769
lambda_peak_4_32,5930,0.49038461538461536
lambda_peak_4_32,5931,0.3942307692307692
lambda_peak_4_32,5932,0.46153846153846156
lambda_peak_4_32,5933,0.5192307692307693
lambda_peak_4_32,5934,0.4423076923076923
lambda_peak_4_32,5935,0.5096153846153846
lambda_peak_4_32,5936,0.49038461538461536
lambda_peak_4_32,5937,0.4326923076923077
lambda_peak_4_32,5938,0.4807692307692308
lambda_peak_4_32,5939,0.41346153846153844
lambda_peak_4_32,5940,0.46153846153846156
lambda_peak_4_32,5941,0.4807692307692308
lambda_peak_4_32,5942,0.4326923076923077
lambda_peak_4_32,5943,0.36538461538461536
lambda_peak_4_32,5944,0.4519230769230769
lambda_peak_4_32,5945,0.5576923076923077
lambda_peak_4_32,5946,0.5384615384615384
lambda_peak_4_32,5947,0.40384615384615385
lambda_peak_4_32,5948,0.46153846153846156
lambda_peak_4_32,5949,0.4326923076923077
lambda_peak_4_32,5950,0.5
lambda_peak_4_32,5951,0.36538461538461536
lambda_peak_4_32,5952,0.5
lambda_peak_4_32,5953,0.5288461538461539
lambda_peak_4_32,5954,0.4326923076923077
lambda_peak_4_32,5955,0.41346153846153844
lambda_peak_4_32,5956,0.36538461538461536
lambda_peak_4_32,5957,0.34615384615384615
lambda_peak_4_32,5958,0.5096153846153846
lambda_peak_4_32,5959,0.46153846153846156
lambda_peak_4_32,5960,0.4230769230769231
lambda_peak_4_32,5961,0.5
lambda_peak_4_32,5962,0.40384615384615385
lambda_peak_4_32,5963,0.4519230769230769
lambda_peak_4_32,5964,0.40384615384615385
lambda_peak_4_32,5965,0.47115384615384615
lambda_peak_4_32,5966,0.625
lambda_peak_4_32,5967,0.4519230769230769
lambda_peak_4_32,5968,0.47115384615384615
lambda_peak_4_32,5969,0.5
lambda_peak_4_32,5970,0.4807692307692308
lambda_peak_4_32,5971,0.46153846153846156
lambda_peak_4_32,5972,0.4807692307692308
lambda_peak_4_32,5973,0.49038461538461536
lambda_peak_4_32,5974,0.5192307692307693
lambda_peak_4_32,5975,0.46153846153846156
lambda_peak_4_32,5976,0.4519230769230769
lambda_peak_4_32,5977,0.5288461538461539
lambda_peak_4_32,5978,0.49038461538461536
lambda_peak_4_32,5979,0.4423076923076923
lambda_peak_4_32,5980,0.5
lambda_peak_4_32,5981,0.4519230769230769
lambda_peak_4_32,5982,0.5192307692307693
lambda_peak_4_32,5983,0.4423076923076923
lambda_peak_4_32,5984,0.46153846153846156
lambda_peak_4_32,5985,0.4519230769230769
lambda_peak_4_32,5986,0.5576923076923077
lambda_peak_4_32,5987,0.4519230769230769
lambda_peak_4_32,5988,0.5096153846153846
lambda_peak_4_32,5989,0.40384615384615385
lambda_peak_4_32,5990,0.4230769230769231
lambda_peak_4_32,5991,0.40384615384615385
lambda_peak_4_32,5992,0.5480769230769231
lambda_peak_4_32,5993,0.4807692307692308
lambda_peak_4_32,5994,0.4423076923076923
lambda_peak_4_32,5995,0.5
lambda_peak_4_32,5996,0.4807692307692308
lambda_peak_4_32,5997,0.5288461538461539
lambda_peak_4_32,5998,0.4423076923076923
lambda_peak_4_32,5999,0.46153846153846156
lambda_peak_4_32,6000,0.5
lambda_peak_4_32,6001,0.5096153846153846
lambda_peak_4_32,6002,0.5
lambda_peak_4_32,6003,0.46153846153846156
lambda_peak_4_32,6004,0.4230769230769231
lambda_peak_4_32,6005,0.47115384615384615
lambda_peak_4_32,6006,0.4519230769230769
lambda_peak_4_32,6007,0.49038461538461536
lambda_peak_4_32,6008,0.46153846153846156
lambda_peak_4_32,6009,0.375
lambda_peak_4_32,6010,0.5480769230769231
lambda_peak_4_32,6011,0.46153846153846156
lambda_peak_4_32,6012,0.5576923076923077
lambda_peak_4_32,6013,0.5096153846153846
lambda_peak_4_32,6014,0.5
lambda_peak_4_32,6015,0.5288461538461539
lambda_peak_4_32,6016,0.41346153846153844
lambda_peak_4_32,6017,0.5865384615384616
lambda_peak_4_32,6018,0.5096153846153846
lambda_peak_4_32,6019,0.5480769230769231
lambda_peak_4_32,6020,0.40384615384615385
lambda_peak_4_32,6021,0.4230769230769231
lambda_peak_4_32,6022,0.5384615384615384
lambda_peak_4_32,6023,0.3942307692307692
lambda_peak_4_32,6024,0.5096153846153846
lambda_peak_4_32,6025,0.4230769230769231
lambda_peak_4_32,6026,0.4423076923076923
lambda_peak_4_32,6027,0.5
lambda_peak_4_32,6028,0.375
lambda_peak_4_32,6029,0.5192307692307693
lambda_peak_4_32,6030,0.5480769230769231
lambda_peak_4_32,6031,0.5576923076923077
lambda_peak_4_32,6032,0.47115384615384615
lambda_peak_4_32,6033,0.5384615384615384
lambda_peak_4_32,6034,0.5576923076923077
lambda_peak_4_32,6035,0.5
lambda_peak_4_32,6036,0.4519230769230769
lambda_peak_4_32,6037,0.5480769230769231
lambda_peak_4_32,6038,0.375
lambda_peak_4_32,6039,0.5480769230769231
lambda_peak_4_32,6040,0.5192307692307693
lambda_peak_4_32,6041,0.40384615384615385
lambda_peak_4_32,6042,0.36538461538461536
lambda_peak_4_32,6043,0.40384615384615385
lambda_peak_4_32,6044,0.5
lambda_peak_4_32,6045,0.3942307692307692
lambda_peak_4_32,6046,0.5
lambda_peak_4_32,6047,0.5769230769230769
lambda_peak_4_32,6048,0.5
lambda_peak_4_32,6049,0.47115384615384615
lambda_peak_4_32,6050,0.49038461538461536
lambda_peak_4_32,6051,0.5384615384615384
lambda_peak_4_32,6052,0.4807692307692308
lambda_peak_4_32,6053,0.49038461538461536
lambda_peak_4_32,6054,0.4230769230769231
lambda_peak_4_32,6055,0.49038461538461536
lambda_peak_4_32,6056,0.4326923076923077
lambda_peak_4_32,6057,0.34615384615384615
lambda_peak_4_32,6058,0.375
lambda_peak_4_32,6059,0.49038461538461536
lambda_peak_4_32,6060,0.5673076923076923
lambda_peak_4_32,6061,0.4230769230769231
lambda_peak_4_32,6062,0.5096153846153846
lambda_peak_4_32,6063,0.4519230769230769
lambda_peak_4_32,6064,0.4326923076923077
lambda_peak_4_32,6065,0.4423076923076923
lambda_peak_4_32,6066,0.49038461538461536
lambda_peak_4_32,6067,0.36538461538461536
lambda_peak_4_32,6068,0.41346153846153844
lambda_peak_4_32,6069,0.5
lambda_peak_4_32,6070,0.5
lambda_peak_4_32,6071,0.3173076923076923
lambda_peak_4_32,6072,0.5
lambda_peak_4_32,6073,0.5192307692307693
lambda_peak_4_32,6074,0.4807692307692308
lambda_peak_4_32,6075,0.33653846153846156
lambda_peak_4_32,6076,0.34615384615384615
lambda_peak_4_32,6077,0.4423076923076923
lambda_peak_4_32,6078,0.3269230769230769
lambda_peak_4_32,6079,0.46153846153846156
lambda_peak_4_32,6080,0.40384615384615385
lambda_peak_4_32,6081,0.47115384615384615
lambda_peak_4_32,6082,0.5288461538461539
lambda_peak_4_32,6083,0.4423076923076923
lambda_peak_4_32,6084,0.5576923076923077
lambda_peak_4_32,6085,0.47115384615384615
lambda_peak_4_32,6086,0.40384615384615385
lambda_peak_4_32,6087,0.47115384615384615
lambda_peak_4_32,6088,0.4807692307692308
lambda_peak_4_32,6089,0.5865384615384616
lambda_peak_4_32,6090,0.5
lambda_peak_4_32,6091,0.46153846153846156
lambda_peak_4_32,6092,0.49038461538461536
lambda_peak_4_32,6093,0.47115384615384615
lambda_peak_4_32,6094,0.4519230769230769
lambda_peak_4_32,6095,0.38461538461538464
lambda_peak_4_32,6096,0.5480769230769231
lambda_peak_4_32,6097,0.5
lambda_peak_4_32,6098,0.40384615384615385
lambda_peak_4_32,6099,0.3942307692307692
lambda_peak_4_32,6100,0.4326923076923077
lambda_peak_4_32,6101,0.41346153846153844
lambda_peak_4_32,6102,0.4423076923076923
lambda_peak_4_32,6103,0.46153846153846156
lambda_peak_4_32,6104,0.5096153846153846
lambda_peak_4_32,6105,0.34615384615384615
lambda_peak_4_32,6106,0.47115384615384615
lambda_peak_4_32,6107,0.6346153846153846
lambda_peak_4_32,6108,0.5192307692307693
lambda_peak_4_32,6109,0.4519230769230769
lambda_peak_4_32,6110,0.47115384615384615
lambda_peak_4_32,6111,0.4519230769230769
lambda_peak_4_32,6112,0.5
lambda_peak_4_32,6113,0.5192307692307693
lambda_peak_4_32,6114,0.40384615384615385
lambda_peak_4_32,6115,0.5384615384615384
lambda_peak_4_32,6116,0.5961538461538461
lambda_peak_4_32,6117,0.3942307692307692
lambda_peak_4_32,6118,0.6057692307692307
lambda_peak_4_32,6119,0.4423076923076923
lambda_peak_4_32,6120,0.5480769230769231
lambda_peak_4_32,6121,0.47115384615384615
lambda_peak_4_32,6122,0.3942307692307692
lambda_peak_4_32,6123,0.34615384615384615
lambda_peak_4_32,6124,0.5769230769230769
lambda_peak_4_32,6125,0.47115384615384615
lambda_peak_4_32,6126,0.5096153846153846
lambda_peak_4_32,6127,0.5192307692307693
lambda_peak_4_32,6128,0.38461538461538464
lambda_peak_4_32,6129,0.5480769230769231
lambda_peak_4_32,6130,0.49038461538461536
lambda_peak_4_32,6131,0.4807692307692308
lambda_peak_4_32,6132,0.38461538461538464
lambda_peak_4_32,6133,0.4519230769230769
lambda_peak_4_32,6134,0.5192307692307693
lambda_peak_4_32,6135,0.47115384615384615
lambda_peak_4_32,6136,0.4423076923076923
lambda_peak_4_32,6137,0.47115384615384615
lambda_peak_4_32,6138,0.5096153846153846
lambda_peak_4_32,6139,0.4423076923076923
lambda_peak_4_32,6140,0.5480769230769231
lambda_peak_4_32,6141,0.5
lambda_peak_4_32,6142,0.4423076923076923
lambda_peak_4_32,6143,0.5192307692307693
lambda_peak_4_32,6144,0.4519230769230769
lambda_peak_4_32,6145,0.49038461538461536
lambda_peak_4_32,6146,0.4230769230769231
lambda_peak_4_32,6147,0.49038461538461536
lambda_peak_4_32,6148,0.4326923076923077
lambda_peak_4_32,6149,0.46153846153846156
lambda_peak_4_32,6150,0.46153846153846156
lambda_peak_4_32,6151,0.49038461538461536
lambda_peak_4_32,6152,0.41346153846153844
lambda_peak_4_32,6153,0.5192307692307693
lambda_peak_4_32,6154,0.4423076923076923
lambda_peak_4_32,6155,0.36538461538461536
lambda_peak_4_32,6156,0.38461538461538464
lambda_peak_4_32,6157,0.4230769230769231
lambda_peak_4_32,6158,0.4326923076923077
lambda_peak_4_32,6159,0.5576923076923077
lambda_peak_4_32,6160,0.5
lambda_peak_4_32,6161,0.4423076923076923
lambda_peak_4_32,6162,0.49038461538461536
lambda_peak_4_32,6163,0.4230769230769231
lambda_peak_4_32,6164,0.5769230769230769
lambda_peak_4_32,6165,0.4807692307692308
lambda_peak_4_32,6166,0.47115384615384615
lambda_peak_4_32,6167,0.5192307692307693
lambda_peak_4_32,6168,0.5
lambda_peak_4_32,6169,0.49038461538461536
lambda_peak_4_32,6170,0.47115384615384615
lambda_peak_4_32,6171,0.36538461538461536
lambda_peak_4_32,6172,0.46153846153846156
lambda_peak_4_32,6173,0.4519230769230769
lambda_peak_4_32,6174,0.46153846153846156
lambda_peak_4_32,6175,0.4423076923076923
lambda_peak_4_32,6176,0.5673076923076923
lambda_peak_4_32,6177,0.4519230769230769
lambda_peak_4_32,6178,0.4807692307692308
lambda_peak_4_32,6179,0.4423076923076923
lambda_peak_4_32,6180,0.47115384615384615
lambda_peak_4_32,6181,0.41346153846153844
lambda_peak_4_32,6182,0.4807692307692308
lambda_peak_4_32,6183,0.41346153846153844
lambda_peak_4_32,6184,0.5
lambda_peak_4_32,6185,0.5384615384615384
lambda_peak_4_32,6186,0.4230769230769231
lambda_peak_4_32,6187,0.5192307692307693
lambda_peak_4_32,6188,0.4326923076923077
lambda_peak_4_32,6189,0.5096153846153846
lambda_peak_4_32,6190,0.4807692307692308
lambda_peak_4_32,6191,0.4423076923076923
lambda_peak_4_32,6192,0.40384615384615385
lambda_peak_4_32,6193,0.49038461538461536
lambda_peak_4_32,6194,0.5
lambda_peak_4_32,6195,0.4230769230769231
lambda_peak_4_32,6196,0.41346153846153844
lambda_peak_4_32,6197,0.4519230769230769
lambda_peak_4_32,6198,0.4807692307692308
lambda_peak_4_32,6199,0.47115384615384615
lambda_peak_4_32,6200,0.5
lambda_peak_4_32,6201,0.5673076923076923
lambda_peak_4_32,6202,0.3942307692307692
lambda_peak_4_32,6203,0.4519230769230769
lambda_peak_4_32,6204,0.4230769230769231
lambda_peak_4_32,6205,0.5
lambda_peak_4_32,6206,0.4423076923076923
lambda_peak_4_32,6207,0.5096153846153846
lambda_peak_4_32,6208,0.4326923076923077
lambda_peak_4_32,6209,0.36538461538461536
lambda_peak_4_32,6210,0.4807692307692308
lambda_peak_4_32,6211,0.5288461538461539
lambda_peak_4_32,6212,0.4230769230769231
lambda_peak_4_32,6213,0.41346153846153844
lambda_peak_4_32,6214,0.4423076923076923
lambda_peak_4_32,6215,0.47115384615384615
lambda_peak_4_32,6216,0.4326923076923077
lambda_peak_4_32,6217,0.5192307692307693
lambda_peak_4_32,6218,0.4326923076923077
lambda_peak_4_32,6219,0.49038461538461536
lambda_peak_4_32,6220,0.40384615384615385
lambda_peak_4_32,6221,0.5192307692307693
lambda_peak_4_32,6222,0.5192307692307693
lambda_peak_4_32,6223,0.41346153846153844
lambda_peak_4_32,6224,0.49038461538461536
lambda_peak_4_32,6225,0.4326923076923077
lambda_peak_4_32,6226,0.5192307692307693
lambda_peak_4_32,6227,0.41346153846153844
lambda_peak_4_32,6228,0.47115384615384615
lambda_peak_4_32,6229,0.4807692307692308
lambda_peak_4_32,6230,0.4326923076923077
lambda_peak_4_32,6231,0.5
lambda_peak_4_32,6232,0.5
lambda_peak_4_32,6233,0.5673076923076923
lambda_peak_4_32,6234,0.46153846153846156
lambda_peak_4_32,6235,0.5288461538461539
lambda_peak_4_32,6236,0.4807692307692308
lambda_peak_4_32,6237,0.5769230769230769
lambda_peak_4_32,6238,0.4326923076923077
lambda_peak_4_32,6239,0.5192307692307693
lambda_peak_4_32,6240,0.3557692307692308
lambda_peak_4_32,6241,0.4230769230769231
lambda_peak_4_32,6242,0.5288461538461539
lambda_peak_4_32,6243,0.5576923076923077
lambda_peak_4_32,6244,0.3942307692307692
lambda_peak_4_32,6245,0.4423076923076923
lambda_peak_4_32,6246,0.47115384615384615
lambda_peak_4_32,6247,0.375
lambda_peak_4_32,6248,0.34615384615384615
lambda_peak_4_32,6249,0.46153846153846156
lambda_peak_4_32,6250,0.3557692307692308
lambda_peak_4_32,6251,0.4326923076923077
lambda_peak_4_32,6252,0.6153846153846154
lambda_peak_4_32,6253,0.47115384615384615
lambda_peak_4_32,6254,0.5384615384615384
lambda_peak_4_32,6255,0.4423076923076923
lambda_peak_4_32,6256,0.4423076923076923
lambda_peak_4_32,6257,0.5576923076923077
lambda_peak_4_32,6258,0.5
lambda_peak_4_32,6259,0.36538461538461536
lambda_peak_4_32,6260,0.4423076923076923
lambda_peak_4_32,6261,0.4519230769230769
lambda_peak_4_32,6262,0.40384615384615385
lambda_peak_4_32,6263,0.40384615384615385
lambda_peak_4_32,6264,0.5096153846153846
lambda_peak_4_32,6265,0.5865384615384616
lambda_peak_4_32,6266,0.4519230769230769
lambda_peak_4_32,6267,0.41346153846153844
lambda_peak_4_32,6268,0.5288461538461539
lambda_peak_4_32,6269,0.5865384615384616
lambda_peak_4_32,6270,0.38461538461538464
lambda_peak_4_32,6271,0.49038461538461536
lambda_peak_4_32,6272,0.4519230769230769
lambda_peak_4_32,6273,0.5096153846153846
lambda_peak_4_32,6274,0.5480769230769231
lambda_peak_4_32,6275,0.47115384615384615
lambda_peak_4_32,6276,0.47115384615384615
lambda_peak_4_32,6277,0.47115384615384615
lambda_peak_4_32,6278,0.5480769230769231
lambda_peak_4_32,6279,0.33653846153846156
lambda_peak_4_32,6280,0.5096153846153846
lambda_peak_4_32,6281,0.5480769230769231
lambda_peak_4_32,6282,0.41346153846153844
lambda_peak_4_32,6283,0.4326923076923077
lambda_peak_4_32,6284,0.4230769230769231
lambda_peak_4_32,6285,0.5192307692307693
lambda_peak_4_32,6286,0.5
lambda_peak_4_32,6287,0.47115384615384615
lambda_peak_4_32,6288,0.5192307692307693
lambda_peak_4_32,6289,0.5096153846153846
lambda_peak_4_32,6290,0.41346153846153844
lambda_peak_4_32,6291,0.3942307692307692
lambda_peak_4_32,6292,0.5576923076923077
lambda_peak_4_32,6293,0.46153846153846156
lambda_peak_4_32,6294,0.3942307692307692
lambda_peak_4_32,6295,0.46153846153846156
lambda_peak_4_32,6296,0.4807692307692308
lambda_peak_4_32,6297,0.4519230769230769
lambda_peak_4_32,6298,0.5
lambda_peak_4_32,6299,0.49038461538461536
lambda_peak_4_32,6300,0.5192307692307693
lambda_peak_4_32,6301,0.3942307692307692
lambda_peak_4_32,6302,0.34615384615384615
lambda_peak_4_32,6303,0.47115384615384615
lambda_peak_4_32,6304,0.5096153846153846
lambda_peak_4_32,6305,0.4230769230769231
lambda_peak_4_32,6306,0.5096153846153846
lambda_peak_4_32,6307,0.4423076923076923
lambda_peak_4_32,6308,0.5480769230769231
lambda_peak_4_32,6309,0.5288461538461539
lambda_peak_4_32,6310,0.4807692307692308
lambda_peak_4_32,6311,0.47115384615384615
lambda_peak_4_32,6312,0.46153846153846156
lambda_peak_4_32,6313,0.46153846153846156
lambda_peak_4_32,6314,0.5192307692307693
lambda_peak_4_32,6315,0.4807692307692308
lambda_peak_4_32,6316,0.49038461538461536
lambda_peak_4_32,6317,0.4326923076923077
lambda_peak_4_32,6318,0.4230769230769231
lambda_peak_4_32,6319,0.4807692307692308
lambda_peak_4_32,6320,0.6346153846153846
lambda_peak_4_32,6321,0.46153846153846156
lambda_peak_4_32,6322,0.4230769230769231
lambda_peak_4_32,6323,0.5480769230769231
lambda_peak_4_32,6324,0.4326923076923077
lambda_peak_4_32,6325,0.4326923076923077
lambda_peak_4_32,6326,0.47115384615384615
lambda_peak_4_32,6327,0.3942307692307692
lambda_peak_4_32,6328,0.4230769230769231
lambda_peak_4_32,6329,0.3557692307692308
lambda_peak_4_32,6330,0.46153846153846156
lambda_peak_4_32,6331,0.49038461538461536
lambda_peak_4_32,6332,0.5096153846153846
lambda_peak_4_32,6333,0.38461538461538464
lambda_peak_4_32,6334,0.5192307692307693
lambda_peak_4_32,6335,0.47115384615384615
lambda_peak_4_32,6336,0.5480769230769231
lambda_peak_4_32,6337,0.4423076923076923
lambda_peak_4_32,6338,0.5288461538461539
lambda_peak_4_32,6339,0.38461538461538464
lambda_peak_4_32,6340,0.6057692307692307
lambda_peak_4_32,6341,0.5096153846153846
lambda_peak_4_32,6342,0.46153846153846156
lambda_peak_4_32,6343,0.5961538461538461
lambda_peak_4_32,6344,0.4519230769230769
lambda_peak_4_32,6345,0.49038461538461536
lambda_peak_4_32,6346,0.3942307692307692
lambda_peak_4_32,6347,0.5384615384615384
lambda_peak_4_32,6348,0.4230769230769231
lambda_peak_4_32,6349,0.41346153846153844
lambda_peak_4_32,6350,0.4807692307692308
lambda_peak_4_32,6351,0.4423076923076923
lambda_peak_4_32,6352,0.49038461538461536
lambda_peak_4_32,6353,0.49038461538461536
lambda_peak_4_32,6354,0.4519230769230769
lambda_peak_4_32,6355,0.5192307692307693
lambda_peak_4_32,6356,0.5480769230769231
lambda_peak_4_32,6357,0.5192307692307693
lambda_peak_4_32,6358,0.4326923076923077
lambda_peak_4_32,6359,0.5576923076923077
lambda_peak_4_32,6360,0.5192307692307693
lambda_peak_4_32,6361,0.5769230769230769
lambda_peak_4_32,6362,0.4519230769230769
lambda_peak_4_32,6363,0.5576923076923077
lambda_peak_4_32,6364,0.47115384615384615
lambda_peak_4_32,6365,0.38461538461538464
lambda_peak_4_32,6366,0.5288461538461539
lambda_peak_4_32,6367,0.4423076923076923
lambda_peak_4_32,6368,0.46153846153846156
lambda_peak_4_32,6369,0.5288461538461539
lambda_peak_4_32,6370,0.4807692307692308
lambda_peak_4_32,6371,0.41346153846153844
lambda_peak_4_32,6372,0.4807692307692308
lambda_peak_4_32,6373,0.49038461538461536
lambda_peak_4_32,6374,0.38461538461538464
lambda_peak_4_32,6375,0.46153846153846156
lambda_peak_4_32,6376,0.46153846153846156
lambda_peak_4_32,6377,0.4230769230769231
lambda_peak_4_32,6378,0.4423076923076923
lambda_peak_4_32,6379,0.47115384615384615
lambda_peak_4_32,6380,0.4230769230769231
lambda_peak_4_32,6381,0.5
lambda_peak_4_32,6382,0.49038461538461536
lambda_peak_4_32,6383,0.5673076923076923
lambda_peak_4_32,6384,0.4230769230769231
lambda_peak_4_32,6385,0.4519230769230769
lambda_peak_4_32,6386,0.4807692307692308
lambda_peak_4_32,6387,0.3942307692307692
lambda_peak_4_32,6388,0.5288461538461539
lambda_peak_4_32,6389,0.49038461538461536
lambda_peak_4_32,6390,0.41346153846153844
lambda_peak_4_32,6391,0.4807692307692308
lambda_peak_4_32,6392,0.4326923076923077
lambda_peak_4_32,6393,0.4519230769230769
lambda_peak_4_32,6394,0.3557692307692308
lambda_peak_4_32,6395,0.5480769230769231
lambda_peak_4_32,6396,0.5
lambda_peak_4_32,6397,0.47115384615384615
lambda_peak_4_32,6398,0.49038461538461536
lambda_peak_4_32,6399,0.5673076923076923
lambda_peak_4_32,6400,0.4807692307692308
lambda_peak_4_32,6401,0.5480769230769231
lambda_peak_4_32,6402,0.38461538461538464
lambda_peak_4_32,6403,0.4423076923076923
lambda_peak_4_32,6404,0.5288461538461539
lambda_peak_4_32,6405,0.4519230769230769
lambda_peak_4_32,6406,0.5865384615384616
lambda_peak_4_32,6407,0.3557692307692308
lambda_peak_4_32,6408,0.5288461538461539
lambda_peak_4_32,6409,0.4807692307692308
lambda_peak_4_32,6410,0.38461538461538464
lambda_peak_4_32,6411,0.4807692307692308
lambda_peak_4_32,6412,0.49038461538461536
lambda_peak_4_32,6413,0.5288461538461539
lambda_peak_4_32,6414,0.38461538461538464
lambda_peak_4_32,6415,0.5
lambda_peak_4_32,6416,0.46153846153846156
lambda_peak_4_32,6417,0.5096153846153846
lambda_peak_4_32,6418,0.5096153846153846
lambda_peak_4_32,6419,0.4230769230769231
lambda_peak_4_32,6420,0.41346153846153844
lambda_peak_4_32,6421,0.47115384615384615
lambda_peak_4_32,6422,0.5288461538461539
lambda_peak_4_32,6423,0.47115384615384615
lambda_peak_4_32,6424,0.47115384615384615
lambda_peak_4_32,6425,0.4807692307692308
lambda_peak_4_32,6426,0.38461538461538464
lambda_peak_4_32,6427,0.5192307692307693
lambda_peak_4_32,6428,0.4230769230769231
lambda_peak_4_32,6429,0.4326923076923077
lambda_peak_4_32,6430,0.36538461538461536
lambda_peak_4_32,6431,0.4519230769230769
lambda_peak_4_32,6432,0.46153846153846156
lambda_peak_4_32,6433,0.5480769230769231
lambda_peak_4_32,6434,0.5192307692307693
lambda_peak_4_32,6435,0.5192307692307693
lambda_peak_4_32,6436,0.46153846153846156
lambda_peak_4_32,6437,0.41346153846153844
lambda_peak_4_32,6438,0.3942307692307692
lambda_peak_4_32,6439,0.46153846153846156
lambda_peak_4_32,6440,0.5288461538461539
lambda_peak_4_32,6441,0.4807692307692308
lambda_peak_4_32,6442,0.4807692307692308
lambda_peak_4_32,6443,0.5288461538461539
lambda_peak_4_32,6444,0.4423076923076923
lambda_peak_4_32,6445,0.4230769230769231
lambda_peak_4_32,6446,0.3942307692307692
lambda_peak_4_32,6447,0.5288461538461539
lambda_peak_4_32,6448,0.5096153846153846
lambda_peak_4_32,6449,0.49038461538461536
lambda_peak_4_32,6450,0.5
lambda_peak_4_32,6451,0.3269230769230769
lambda_peak_4_32,6452,0.4326923076923077
lambda_peak_4_32,6453,0.4423076923076923
lambda_peak_4_32,6454,0.5384615384615384
lambda_peak_4_32,6455,0.47115384615384615
lambda_peak_4_32,6456,0.4519230769230769
lambda_peak_4_32,6457,0.5192307692307693
lambda_peak_4_32,6458,0.46153846153846156
lambda_peak_4_32,6459,0.5480769230769231
lambda_peak_4_32,6460,0.5480769230769231
lambda_peak_4_32,6461,0.4519230769230769
lambda_peak_4_32,6462,0.4519230769230769
lambda_peak_4_32,6463,0.4423076923076923
lambda_peak_4_32,6464,0.49038461538461536
lambda_peak_4_32,6465,0.46153846153846156
lambda_peak_4_32,6466,0.4519230769230769
lambda_peak_4_32,6467,0.4230769230769231
lambda_peak_4_32,6468,0.46153846153846156
lambda_peak_4_32,6469,0.49038461538461536
lambda_peak_4_32,6470,0.4230769230769231
lambda_peak_4_32,6471,0.41346153846153844
lambda_peak_4_32,6472,0.5961538461538461
lambda_peak_4_32,6473,0.5
lambda_peak_4_32,6474,0.4230769230769231
lambda_peak_4_32,6475,0.47115384615384615
lambda_peak_4_32,6476,0.5192307692307693
lambda_peak_4_32,6477,0.3942307692307692
lambda_peak_4_32,6478,0.47115384615384615
lambda_peak_4_32,6479,0.5384615384615384
lambda_peak_4_32,6480,0.5192307692307693
lambda_peak_4_32,6481,0.41346153846153844
lambda_peak_4_32,6482,0.375
lambda_peak_4_32,6483,0.49038461538461536
lambda_peak_4_32,6484,0.41346153846153844
lambda_peak_4_32,6485,0.4519230769230769
lambda_peak_4_32,6486,0.4519230769230769
lambda_peak_4_32,6487,0.47115384615384615
lambda_peak_4_32,6488,0.5288461538461539
lambda_peak_4_32,6489,0.4807692307692308
lambda_peak_4_32,6490,0.47115384615384615
lambda_peak_4_32,6491,0.5192307692307693
lambda_peak_4_32,6492,0.4230769230769231
lambda_peak_4_32,6493,0.6057692307692307
lambda_peak_4_32,6494,0.5576923076923077
lambda_peak_4_32,6495,0.5576923076923077
lambda_peak_4_32,6496,0.49038461538461536
lambda_peak_4_32,6497,0.4807692307692308
lambda_peak_4_32,6498,0.46153846153846156
lambda_peak_4_32,6499,0.5096153846153846
lambda_peak_4_32,6500,0.5384615384615384
lambda_peak_4_32,6501,0.47115384615384615
lambda_peak_4_32,6502,0.46153846153846156
lambda_peak_4_32,6503,0.5865384615384616
lambda_peak_4_32,6504,0.5384615384615384
lambda_peak_4_32,6505,0.4519230769230769
lambda_peak_4_32,6506,0.5192307692307693
lambda_peak_4_32,6507,0.5673076923076923
lambda_peak_4_32,6508,0.49038461538461536
lambda_peak_4_32,6509,0.4519230769230769
lambda_peak_4_32,6510,0.4807692307692308
lambda_peak_4_32,6511,0.3173076923076923
lambda_peak_4_32,6512,0.4423076923076923
lambda_peak_4_32,6513,0.40384615384615385
lambda_peak_4_32,6514,0.4423076923076923
lambda_peak_4_32,6515,0.5480769230769231
lambda_peak_4_32,6516,0.5192307692307693
lambda_peak_4_32,6517,0.5096153846153846
lambda_peak_4_32,6518,0.4807692307692308
lambda_peak_4_32,6519,0.3942307692307692
lambda_peak_4_32,6520,0.5192307692307693
lambda_peak_4_32,6521,0.41346153846153844
lambda_peak_4_32,6522,0.46153846153846156
lambda_peak_4_32,6523,0.4807692307692308
lambda_peak_4_32,6524,0.4519230769230769
lambda_peak_4_32,6525,0.5096153846153846
lambda_peak_4_32,6526,0.40384615384615385
lambda_peak_4_32,6527,0.5096153846153846
lambda_peak_4_32,6528,0.4519230769230769
lambda_peak_4_32,6529,0.41346153846153844
lambda_peak_4_32,6530,0.4519230769230769
lambda_peak_4_32,6531,0.41346153846153844
lambda_peak_4_32,6532,0.5
lambda_peak_4_32,6533,0.5384615384615384
lambda_peak_4_32,6534,0.5961538461538461
lambda_peak_4_32,6535,0.49038461538461536
lambda_peak_4_32,6536,0.4519230769230769
lambda_peak_4_32,6537,0.4423076923076923
lambda_peak_4_32,6538,0.40384615384615385
lambda_peak_4_32,6539,0.4519230769230769
lambda_peak_4_32,6540,0.4807692307692308
lambda_peak_4_32,6541,0.4230769230769231
lambda_peak_4_32,6542,0.5384615384615384
lambda_peak_4_32,6543,0.5192307692307693
lambda_peak_4_32,6544,0.3557692307692308
lambda_peak_4_32,6545,0.4519230769230769
lambda_peak_4_32,6546,0.47115384615384615
lambda_peak_4_32,6547,0.46153846153846156
lambda_peak_4_32,6548,0.46153846153846156
lambda_peak_4_32,6549,0.5096153846153846
lambda_peak_4_32,6550,0.4423076923076923
lambda_peak_4_32,6551,0.4807692307692308
lambda_peak_4_32,6552,0.5192307692307693
lambda_peak_4_32,6553,0.5096153846153846
lambda_peak_4_32,6554,0.46153846153846156
lambda_peak_4_32,6555,0.4326923076923077
lambda_peak_4_32,6556,0.5096153846153846
lambda_peak_4_32,6557,0.41346153846153844
lambda_peak_4_32,6558,0.5
lambda_peak_4_32,6559,0.4230769230769231
lambda_peak_4_32,6560,0.4519230769230769
lambda_peak_4_32,6561,0.5
lambda_peak_4_32,6562,0.34615384615384615
lambda_peak_4_32,6563,0.5
lambda_peak_4_32,6564,0.4807692307692308
lambda_peak_4_32,6565,0.5288461538461539
lambda_peak_4_32,6566,0.4423076923076923
lambda_peak_4_32,6567,0.4423076923076923
lambda_peak_4_32,6568,0.47115384615384615
lambda_peak_4_32,6569,0.40384615384615385
lambda_peak_4_32,6570,0.41346153846153844
lambda_peak_4_32,6571,0.46153846153846156
lambda_peak_4_32,6572,0.5096153846153846
lambda_peak_4_32,6573,0.4519230769230769
lambda_peak_4_32,6574,0.5096153846153846
lambda_peak_4_32,6575,0.41346153846153844
lambda_peak_4_32,6576,0.36538461538461536
lambda_peak_4_32,6577,0.47115384615384615
lambda_peak_4_32,6578,0.46153846153846156
lambda_peak_4_32,6579,0.5
lambda_peak_4_32,6580,0.4230769230769231
lambda_peak_4_32,6581,0.4326923076923077
lambda_peak_4_32,6582,0.5
lambda_peak_4_32,6583,0.46153846153846156
lambda_peak_4_32,6584,0.5384615384615384
lambda_peak_4_32,6585,0.47115384615384615
lambda_peak_4_32,6586,0.5192307692307693
lambda_peak_4_32,6587,0.4326923076923077
lambda_peak_4_32,6588,0.3076923076923077
lambda_peak_4_32,6589,0.4230769230769231
lambda_peak_4_32,6590,0.41346153846153844
lambda_peak_4_32,6591,0.5096153846153846
lambda_peak_4_32,6592,0.4807692307692308
lambda_peak_4_32,6593,0.4519230769230769
lambda_peak_4_32,6594,0.4326923076923077
lambda_peak_4_32,6595,0.4326923076923077
lambda_peak_4_32,6596,0.46153846153846156
lambda_peak_4_32,6597,0.5673076923076923
lambda_peak_4_32,6598,0.4423076923076923
lambda_peak_4_32,6599,0.4326923076923077
lambda_peak_4_32,6600,0.41346153846153844
lambda_peak_4_32,6601,0.5288461538461539
lambda_peak_4_32,6602,0.38461538461538464
lambda_peak_4_32,6603,0.5865384615384616
lambda_peak_4_32,6604,0.49038461538461536
lambda_peak_4_32,6605,0.4807692307692308
lambda_peak_4_32,6606,0.46153846153846156
lambda_peak_4_32,6607,0.4326923076923077
lambda_peak_4_32,6608,0.5480769230769231
lambda_peak_4_32,6609,0.4230769230769231
lambda_peak_4_32,6610,0.49038461538461536
lambda_peak_4_32,6611,0.40384615384615385
lambda_peak_4_32,6612,0.5192307692307693
lambda_peak_4_32,6613,0.4230769230769231
lambda_peak_4_32,6614,0.4230769230769231
lambda_peak_4_32,6615,0.40384615384615385
lambda_peak_4_32,6616,0.4807692307692308
lambda_peak_4_32,6617,0.4519230769230769
lambda_peak_4_32,6618,0.4326923076923077
lambda_peak_4_32,6619,0.4519230769230769
lambda_peak_4_32,6620,0.4519230769230769
lambda_peak_4_32,6621,0.49038461538461536
lambda_peak_4_32,6622,0.6153846153846154
lambda_peak_4_32,6623,0.5
lambda_peak_4_32,6624,0.49038461538461536
lambda_peak_4_32,6625,0.4807692307692308
lambda_peak_4_32,6626,0.47115384615384615
lambda_peak_4_32,6627,0.4326923076923077
lambda_peak_4_32,6628,0.4326923076923077
lambda_peak_4_32,6629,0.4519230769230769
lambda_peak_4_32,6630,0.5384615384615384
lambda_peak_4_32,6631,0.5
lambda_peak_4_32,6632,0.40384615384615385
lambda_peak_4_32,6633,0.4807692307692308
lambda_peak_4_32,6634,0.46153846153846156
lambda_peak_4_32,6635,0.41346153846153844
lambda_peak_4_32,6636,0.375
lambda_peak_4_32,6637,0.4807692307692308
lambda_peak_4_32,6638,0.4519230769230769
lambda_peak_4_32,6639,0.49038461538461536
lambda_peak_4_32,6640,0.5384615384615384
lambda_peak_4_32,6641,0.3942307692307692
lambda_peak_4_32,6642,0.4423076923076923
lambda_peak_4_32,6643,0.47115384615384615
lambda_peak_4_32,6644,0.4423076923076923
lambda_peak_4_32,6645,0.4423076923076923
lambda_peak_4_32,6646,0.3942307692307692
lambda_peak_4_32,6647,0.5480769230769231
lambda_peak_4_32,6648,0.5096153846153846
lambda_peak_4_32,6649,0.5288461538461539
lambda_peak_4_32,6650,0.4230769230769231
lambda_peak_4_32,6651,0.375
lambda_peak_4_32,6652,0.5192307692307693
lambda_peak_4_32,6653,0.41346153846153844
lambda_peak_4_32,6654,0.47115384615384615
lambda_peak_4_32,6655,0.4423076923076923
lambda_peak_4_32,6656,0.4423076923076923
lambda_peak_4_32,6657,0.49038461538461536
lambda_peak_4_32,6658,0.46153846153846156
lambda_peak_4_32,6659,0.5576923076923077
lambda_peak_4_32,6660,0.4230769230769231
lambda_peak_4_32,6661,0.46153846153846156
lambda_peak_4_32,6662,0.5384615384615384
lambda_peak_4_32,6663,0.5384615384615384
lambda_peak_4_32,6664,0.38461538461538464
lambda_peak_4_32,6665,0.5384615384615384
lambda_peak_4_32,6666,0.47115384615384615
lambda_peak_4_32,6667,0.36538461538461536
lambda_peak_4_32,6668,0.4423076923076923
lambda_peak_4_32,6669,0.5096153846153846
lambda_peak_4_32,6670,0.5
lambda_peak_4_32,6671,0.49038461538461536
lambda_peak_4_32,6672,0.41346153846153844
lambda_peak_4_32,6673,0.40384615384615385
lambda_peak_4_32,6674,0.5384615384615384
lambda_peak_4_32,6675,0.5
lambda_peak_4_32,6676,0.5769230769230769
lambda_peak_4_32,6677,0.5480769230769231
lambda_peak_4_32,6678,0.47115384615384615
lambda_peak_4_32,6679,0.5096153846153846
lambda_peak_4_32,6680,0.5288461538461539
lambda_peak_4_32,6681,0.41346153846153844
lambda_peak_4_32,6682,0.49038461538461536
lambda_peak_4_32,6683,0.5096153846153846
lambda_peak_4_32,6684,0.47115384615384615
lambda_peak_4_32,6685,0.5673076923076923
lambda_peak_4_32,6686,0.5480769230769231
lambda_peak_4_32,6687,0.5288461538461539
lambda_peak_4_32,6688,0.5480769230769231
lambda_peak_4_32,6689,0.625
lambda_peak_4_32,6690,0.5192307692307693
lambda_peak_4_32,6691,0.5576923076923077
lambda_peak_4_32,6692,0.4519230769230769
lambda_peak_4_32,6693,0.5576923076923077
lambda_peak_4_32,6694,0.5096153846153846
lambda_peak_4_32,6695,0.46153846153846156
lambda_peak_4_32,6696,0.5
lambda_peak_4_32,6697,0.49038461538461536
lambda_peak_4_32,6698,0.49038461538461536
lambda_peak_4_32,6699,0.46153846153846156
lambda_peak_4_32,6700,0.5
lambda_peak_4_32,6701,0.5192307692307693
lambda_peak_4_32,6702,0.47115384615384615
lambda_peak_4_32,6703,0.47115384615384615
lambda_peak_4_32,6704,0.5384615384615384
lambda_peak_4_32,6705,0.4326923076923077
lambda_peak_4_32,6706,0.33653846153846156
lambda_peak_4_32,6707,0.38461538461538464
lambda_peak_4_32,6708,0.5
lambda_peak_4_32,6709,0.5288461538461539
lambda_peak_4_32,6710,0.46153846153846156
lambda_peak_4_32,6711,0.3557692307692308
lambda_peak_4_32,6712,0.5
lambda_peak_4_32,6713,0.4230769230769231
lambda_peak_4_32,6714,0.49038461538461536
lambda_peak_4_32,6715,0.5480769230769231
lambda_peak_4_32,6716,0.5
lambda_peak_4_32,6717,0.4326923076923077
lambda_peak_4_32,6718,0.3942307692307692
lambda_peak_4_32,6719,0.5480769230769231
lambda_peak_4_32,6720,0.5384615384615384
lambda_peak_4_32,6721,0.5673076923076923
lambda_peak_4_32,6722,0.5
lambda_peak_4_32,6723,0.49038461538461536
lambda_peak_4_32,6724,0.4423076923076923
lambda_peak_4_32,6725,0.47115384615384615
lambda_peak_4_32,6726,0.5096153846153846
lambda_peak_4_32,6727,0.3269230769230769
lambda_peak_4_32,6728,0.4807692307692308
lambda_peak_4_32,6729,0.5192307692307693
lambda_peak_4_32,6730,0.38461538461538464
lambda_peak_4_32,6731,0.47115384615384615
lambda_peak_4_32,6732,0.375
lambda_peak_4_32,6733,0.4519230769230769
lambda_peak_4_32,6734,0.5288461538461539
lambda_peak_4_32,6735,0.5384615384615384
lambda_peak_4_32,6736,0.4423076923076923
lambda_peak_4_32,6737,0.46153846153846156
lambda_peak_4_32,6738,0.5384615384615384
lambda_peak_4_32,6739,0.5
lambda_peak_4_32,6740,0.375
lambda_peak_4_32,6741,0.4326923076923077
lambda_peak_4_32,6742,0.375
lambda_peak_4_32,6743,0.4807692307692308
lambda_peak_4_32,6744,0.41346153846153844
lambda_peak_4_32,6745,0.41346153846153844
lambda_peak_4_32,6746,0.38461538461538464
lambda_peak_4_32,6747,0.4230769230769231
lambda_peak_4_32,6748,0.375
lambda_peak_4_32,6749,0.5096153846153846
lambda_peak_4_32,6750,0.3173076923076923
lambda_peak_4_32,6751,0.49038461538461536
lambda_peak_4_32,6752,0.5865384615384616
lambda_peak_4_32,6753,0.4326923076923077
lambda_peak_4_32,6754,0.4807692307692308
lambda_peak_4_32,6755,0.5192307692307693
lambda_peak_4_32,6756,0.3557692307692308
lambda_peak_4_32,6757,0.5192307692307693
lambda_peak_4_32,6758,0.4326923076923077
lambda_peak_4_32,6759,0.5096153846153846
lambda_peak_4_32,6760,0.4326923076923077
lambda_peak_4_32,6761,0.4230769230769231
lambda_peak_4_32,6762,0.5288461538461539
lambda_peak_4_32,6763,0.41346153846153844
lambda_peak_4_32,6764,0.5096153846153846
lambda_peak_4_32,6765,0.49038461538461536
lambda_peak_4_32,6766,0.5096153846153846
lambda_peak_4_32,6767,0.47115384615384615
lambda_peak_4_32,6768,0.5288461538461539
lambda_peak_4_32,6769,0.40384615384615385
lambda_peak_4_32,6770,0.4230769230769231
lambda_peak_4_32,6771,0.4807692307692308
lambda_peak_4_32,6772,0.49038461538461536
lambda_peak_4_32,6773,0.41346153846153844
lambda_peak_4_32,6774,0.4519230769230769
lambda_peak_4_32,6775,0.4326923076923077
lambda_peak_4_32,6776,0.4519230769230769
lambda_peak_4_32,6777,0.5192307692307693
lambda_peak_4_32,6778,0.4423076923076923
lambda_peak_4_32,6779,0.5673076923076923
lambda_peak_4_32,6780,0.47115384615384615
lambda_peak_4_32,6781,0.4423076923076923
lambda_peak_4_32,6782,0.5
lambda_peak_4_32,6783,0.4519230769230769
lambda_peak_4_32,6784,0.41346153846153844
lambda_peak_4_32,6785,0.5384615384615384
lambda_peak_4_32,6786,0.5288461538461539
lambda_peak_4_32,6787,0.5480769230769231
lambda_peak_4_32,6788,0.5
lambda_peak_4_32,6789,0.4423076923076923
lambda_peak_4_32,6790,0.5288461538461539
lambda_peak_4_32,6791,0.41346153846153844
lambda_peak_4_32,6792,0.4519230769230769
lambda_peak_4_32,6793,0.4326923076923077
lambda_peak_4_32,6794,0.3942307692307692
lambda_peak_4_32,6795,0.46153846153846156
lambda_peak_4_32,6796,0.36538461538461536
lambda_peak_4_32,6797,0.4519230769230769
lambda_peak_4_32,6798,0.4519230769230769
lambda_peak_4_32,6799,0.4423076923076923
lambda_peak_4_32,6800,0.4807692307692308
lambda_peak_4_32,6801,0.5
lambda_peak_4_32,6802,0.4519230769230769
lambda_peak_4_32,6803,0.5192307692307693
lambda_peak_4_32,6804,0.4519230769230769
lambda_peak_4_32,6805,0.4519230769230769
lambda_peak_4_32,6806,0.46153846153846156
lambda_peak_4_32,6807,0.375
lambda_peak_4_32,6808,0.5
lambda_peak_4_32,6809,0.38461538461538464
lambda_peak_4_32,6810,0.4519230769230769
lambda_peak_4_32,6811,0.40384615384615385
lambda_peak_4_32,6812,0.38461538461538464
lambda_peak_4_32,6813,0.5673076923076923
lambda_peak_4_32,6814,0.4519230769230769
lambda_peak_4_32,6815,0.46153846153846156
lambda_peak_4_32,6816,0.5480769230769231
lambda_peak_4_32,6817,0.38461538461538464
lambda_peak_4_32,6818,0.5
lambda_peak_4_32,6819,0.4423076923076923
lambda_peak_4_32,6820,0.4519230769230769
lambda_peak_4_32,6821,0.47115384615384615
lambda_peak_4_32,6822,0.5192307692307693
lambda_peak_4_32,6823,0.4230769230769231
lambda_peak_4_32,6824,0.5
lambda_peak_4_32,6825,0.5096153846153846
lambda_peak_4_32,6826,0.5096153846153846
lambda_peak_4_32,6827,0.36538461538461536
lambda_peak_4_32,6828,0.4326923076923077
lambda_peak_4_32,6829,0.4230769230769231
lambda_peak_4_32,6830,0.46153846153846156
lambda_peak_4_32,6831,0.4326923076923077
lambda_peak_4_32,6832,0.5769230769230769
lambda_peak_4_32,6833,0.49038461538461536
lambda_peak_4_32,6834,0.4230769230769231
lambda_peak_4_32,6835,0.5576923076923077
lambda_peak_4_32,6836,0.40384615384615385
lambda_peak_4_32,6837,0.5096153846153846
lambda_peak_4_32,6838,0.5192307692307693
lambda_peak_4_32,6839,0.375
lambda_peak_4_32,6840,0.5096153846153846
lambda_peak_4_32,6841,0.47115384615384615
lambda_peak_4_32,6842,0.41346153846153844
lambda_peak_4_32,6843,0.5288461538461539
lambda_peak_4_32,6844,0.49038461538461536
lambda_peak_4_32,6845,0.4519230769230769
lambda_peak_4_32,6846,0.49038461538461536
lambda_peak_4_32,6847,0.5769230769230769
lambda_peak_4_32,6848,0.5384615384615384
lambda_peak_4_32,6849,0.4423076923076923
lambda_peak_4_32,6850,0.5288461538461539
lambda_peak_4_32,6851,0.5288461538461539
lambda_peak_4_32,6852,0.40384615384615385
lambda_peak_4_32,6853,0.46153846153846156
lambda_peak_4_32,6854,0.38461538461538464
lambda_peak_4_32,6855,0.3557692307692308
lambda_peak_4_32,6856,0.4807692307692308
lambda_peak_4_32,6857,0.5
lambda_peak_4_32,6858,0.4807692307692308
lambda_peak_4_32,6859,0.4230769230769231
lambda_peak_4_32,6860,0.4326923076923077
lambda_peak_4_32,6861,0.46153846153846156
lambda_peak_4_32,6862,0.47115384615384615
lambda_peak_4_32,6863,0.49038461538461536
lambda_peak_4_32,6864,0.4519230769230769
lambda_peak_4_32,6865,0.5192307692307693
lambda_peak_4_32,6866,0.46153846153846156
lambda_peak_4_32,6867,0.49038461538461536
lambda_peak_4_32,6868,0.5
lambda_peak_4_32,6869,0.5288461538461539
lambda_peak_4_32,6870,0.375
lambda_peak_4_32,6871,0.4519230769230769
lambda_peak_4_32,6872,0.5288461538461539
lambda_peak_4_32,6873,0.3557692307692308
lambda_peak_4_32,6874,0.5480769230769231
lambda_peak_4_32,6875,0.46153846153846156
lambda_peak_4_32,6876,0.5769230769230769
lambda_peak_4_32,6877,0.5096153846153846
lambda_peak_4_32,6878,0.5096153846153846
lambda_peak_4_32,6879,0.38461538461538464
lambda_peak_4_32,6880,0.5
lambda_peak_4_32,6881,0.4423076923076923
lambda_peak_4_32,6882,0.5288461538461539
lambda_peak_4_32,6883,0.47115384615384615
lambda_peak_4_32,6884,0.5
lambda_peak_4_32,6885,0.5192307692307693
lambda_peak_4_32,6886,0.5673076923076923
lambda_peak_4_32,6887,0.5
lambda_peak_4_32,6888,0.5480769230769231
lambda_peak_4_32,6889,0.41346153846153844
lambda_peak_4_32,6890,0.5096153846153846
lambda_peak_4_32,6891,0.4519230769230769
lambda_peak_4_32,6892,0.375
lambda_peak_4_32,6893,0.5288461538461539
lambda_peak_4_32,6894,0.4423076923076923
lambda_peak_4_32,6895,0.5384615384615384
lambda_peak_4_32,6896,0.5288461538461539
lambda_peak_4_32,6897,0.5096153846153846
lambda_peak_4_32,6898,0.46153846153846156
lambda_peak_4_32,6899,0.5192307692307693
lambda_peak_4_32,6900,0.41346153846153844
lambda_peak_4_32,6901,0.4230769230769231
lambda_peak_4_32,6902,0.5192307692307693
lambda_peak_4_32,6903,0.4230769230769231
lambda_peak_4_32,6904,0.3942307692307692
lambda_peak_4_32,6905,0.4519230769230769
lambda_peak_4_32,6906,0.3942307692307692
lambda_peak_4_32,6907,0.5192307692307693
lambda_peak_4_32,6908,0.4326923076923077
lambda_peak_4_32,6909,0.5384615384615384
lambda_peak_4_32,6910,0.5
lambda_peak_4_32,6911,0.5480769230769231
lambda_peak_4_32,6912,0.4326923076923077
lambda_peak_4_32,6913,0.5673076923076923
lambda_peak_4_32,6914,0.5096153846153846
lambda_peak_4_32,6915,0.46153846153846156
lambda_peak_4_32,6916,0.4807692307692308
lambda_peak_4_32,6917,0.5192307692307693
lambda_peak_4_32,6918,0.47115384615384615
lambda_peak_4_32,6919,0.5192307692307693
lambda_peak_4_32,6920,0.4807692307692308
lambda_peak_4_32,6921,0.4807692307692308
lambda_peak_4_32,6922,0.5192307692307693
lambda_peak_4_32,6923,0.46153846153846156
lambda_peak_4_32,6924,0.4423076923076923
lambda_peak_4_32,6925,0.3557692307692308
lambda_peak_4_32,6926,0.5288461538461539
lambda_peak_4_32,6927,0.34615384615384615
lambda_peak_4_32,6928,0.46153846153846156
lambda_peak_4_32,6929,0.5384615384615384
lambda_peak_4_32,6930,0.5384615384615384
lambda_peak_4_32,6931,0.49038461538461536
lambda_peak_4_32,6932,0.4326923076923077
lambda_peak_4_32,6933,0.5384615384615384
lambda_peak_4_32,6934,0.4423076923076923
lambda_peak_4_32,6935,0.3557692307692308
lambda_peak_4_32,6936,0.3942307692307692
lambda_peak_4_32,6937,0.2980769230769231
lambda_peak_4_32,6938,0.5096153846153846
lambda_peak_4_32,6939,0.41346153846153844
lambda_peak_4_32,6940,0.4807692307692308
lambda_peak_4_32,6941,0.47115384615384615
lambda_peak_4_32,6942,0.375
lambda_peak_4_32,6943,0.3942307692307692
lambda_peak_4_32,6944,0.3942307692307692
lambda_peak_4_32,6945,0.5384615384615384
lambda_peak_4_32,6946,0.47115384615384615
lambda_peak_4_32,6947,0.49038461538461536
lambda_peak_4_32,6948,0.4807692307692308
lambda_peak_4_32,6949,0.5192307692307693
lambda_peak_4_32,6950,0.5576923076923077
lambda_peak_4_32,6951,0.5288461538461539
lambda_peak_4_32,6952,0.47115384615384615
lambda_peak_4_32,6953,0.5
lambda_peak_4_32,6954,0.4230769230769231
lambda_peak_4_32,6955,0.41346153846153844
lambda_peak_4_32,6956,0.4807692307692308
lambda_peak_4_32,6957,0.4519230769230769
lambda_peak_4_32,6958,0.5480769230769231
lambda_peak_4_32,6959,0.5
lambda_peak_4_32,6960,0.4423076923076923
lambda_peak_4_32,6961,0.4519230769230769
lambda_peak_4_32,6962,0.49038461538461536
lambda_peak_4_32,6963,0.49038461538461536
lambda_peak_4_32,6964,0.5288461538461539
lambda_peak_4_32,6965,0.5673076923076923
lambda_peak_4_32,6966,0.5576923076923077
lambda_peak_4_32,6967,0.4807692307692308
lambda_peak_4_32,6968,0.5
lambda_peak_4_32,6969,0.4326923076923077
lambda_peak_4_32,6970,0.5096153846153846
lambda_peak_4_32,6971,0.4519230769230769
lambda_peak_4_32,6972,0.4519230769230769
lambda_peak_4_32,6973,0.5096153846153846
lambda_peak_4_32,6974,0.4326923076923077
lambda_peak_4_32,6975,0.3557692307692308
lambda_peak_4_32,6976,0.5288461538461539
lambda_peak_4_32,6977,0.5
lambda_peak_4_32,6978,0.46153846153846156
lambda_peak_4_32,6979,0.5288461538461539
lambda_peak_4_32,6980,0.4519230769230769
lambda_peak_4_32,6981,0.4423076923076923
lambda_peak_4_32,6982,0.4519230769230769
lambda_peak_4_32,6983,0.4519230769230769
lambda_peak_4_32,6984,0.4326923076923077
lambda_peak_4_32,6985,0.5673076923076923
lambda_peak_4_32,6986,0.375
lambda_peak_4_32,6987,0.41346153846153844
lambda_peak_4_32,6988,0.4326923076923077
lambda_peak_4_32,6989,0.5576923076923077
lambda_peak_4_32,6990,0.38461538461538464
lambda_peak_4_32,6991,0.49038461538461536
lambda_peak_4_32,6992,0.4807692307692308
lambda_peak_4_32,6993,0.3942307692307692
lambda_peak_4_32,6994,0.4326923076923077
lambda_peak_4_32,6995,0.3557692307692308
lambda_peak_4_32,6996,0.40384615384615385
lambda_peak_4_32,6997,0.4326923076923077
lambda_peak_4_32,6998,0.47115384615384615
lambda_peak_4_32,6999,0.4807692307692308
lambda_peak_4_32,7000,0.41346153846153844
lambda_peak_4_32,7001,0.40384615384615385
lambda_peak_4_32,7002,0.4519230769230769
lambda_peak_4_32,7003,0.5384615384615384
lambda_peak_4_32,7004,0.5576923076923077
lambda_peak_4_32,7005,0.49038461538461536
lambda_peak_4_32,7006,0.4423076923076923
lambda_peak_4_32,7007,0.5192307692307693
lambda_peak_4_32,7008,0.5
lambda_peak_4_32,7009,0.4519230769230769
lambda_peak_4_32,7010,0.5192307692307693
lambda_peak_4_32,7011,0.47115384615384615
lambda_peak_4_32,7012,0.5288461538461539
lambda_peak_4_32,7013,0.4423076923076923
lambda_peak_4_32,7014,0.40384615384615385
lambda_peak_4_32,7015,0.5384615384615384
lambda_peak_4_32,7016,0.46153846153846156
lambda_peak_4_32,7017,0.40384615384615385
lambda_peak_4_32,7018,0.4326923076923077
lambda_peak_4_32,7019,0.4807692307692308
lambda_peak_4_32,7020,0.5576923076923077
lambda_peak_4_32,7021,0.41346153846153844
lambda_peak_4_32,7022,0.4519230769230769
lambda_peak_4_32,7023,0.4423076923076923
lambda_peak_4_32,7024,0.5288461538461539
lambda_peak_4_32,7025,0.4326923076923077
lambda_peak_4_32,7026,0.4326923076923077
lambda_peak_4_32,7027,0.5192307692307693
lambda_peak_4_32,7028,0.5288461538461539
lambda_peak_4_32,7029,0.47115384615384615
lambda_peak_4_32,7030,0.5
lambda_peak_4_32,7031,0.4326923076923077
lambda_peak_4_32,7032,0.46153846153846156
lambda_peak_4_32,7033,0.5288461538461539
lambda_peak_4_32,7034,0.5384615384615384
lambda_peak_4_32,7035,0.5192307692307693
lambda_peak_4_32,7036,0.4423076923076923
lambda_peak_4_32,7037,0.4326923076923077
lambda_peak_4_32,7038,0.4230769230769231
lambda_peak_4_32,7039,0.5480769230769231
lambda_peak_4_32,7040,0.5
lambda_peak_4_32,7041,0.4807692307692308
lambda_peak_4_32,7042,0.4423076923076923
lambda_peak_4_32,7043,0.3942307692307692
lambda_peak_4_32,7044,0.41346153846153844
lambda_peak_4_32,7045,0.5
lambda_peak_4_32,7046,0.49038461538461536
lambda_peak_4_32,7047,0.4519230769230769
lambda_peak_4_32,7048,0.4326923076923077
lambda_peak_4_32,7049,0.46153846153846156
lambda_peak_4_32,7050,0.49038461538461536
lambda_peak_4_32,7051,0.47115384615384615
lambda_peak_4_32,7052,0.4807692307692308
lambda_peak_4_32,7053,0.4519230769230769
lambda_peak_4_32,7054,0.5192307692307693
lambda_peak_4_32,7055,0.46153846153846156
lambda_peak_4_32,7056,0.4519230769230769
lambda_peak_4_32,7057,0.5480769230769231
lambda_peak_4_32,7058,0.5
lambda_peak_4_32,7059,0.5
lambda_peak_4_32,7060,0.5096153846153846
lambda_peak_4_32,7061,0.5384615384615384
lambda_peak_4_32,7062,0.3942307692307692
lambda_peak_4_32,7063,0.4230769230769231
lambda_peak_4_32,7064,0.4519230769230769
lambda_peak_4_32,7065,0.4326923076923077
lambda_peak_4_32,7066,0.4519230769230769
lambda_peak_4_32,7067,0.49038461538461536
lambda_peak_4_32,7068,0.36538461538461536
lambda_peak_4_32,7069,0.5576923076923077
lambda_peak_4_32,7070,0.4326923076923077
lambda_peak_4_32,7071,0.40384615384615385
lambda_peak_4_32,7072,0.4230769230769231
lambda_peak_4_32,7073,0.40384615384615385
lambda_peak_4_32,7074,0.375
lambda_peak_4_32,7075,0.47115384615384615
lambda_peak_4_32,7076,0.49038461538461536
lambda_peak_4_32,7077,0.5384615384615384
lambda_peak_4_32,7078,0.49038461538461536
lambda_peak_4_32,7079,0.4807692307692308
lambda_peak_4_32,7080,0.5480769230769231
lambda_peak_4_32,7081,0.41346153846153844
lambda_peak_4_32,7082,0.3942307692307692
lambda_peak_4_32,7083,0.46153846153846156
lambda_peak_4_32,7084,0.46153846153846156
lambda_peak_4_32,7085,0.5192307692307693
lambda_peak_4_32,7086,0.5
lambda_peak_4_32,7087,0.5288461538461539
lambda_peak_4_32,7088,0.5192307692307693
lambda_peak_4_32,7089,0.5
lambda_peak_4_32,7090,0.3942307692307692
lambda_peak_4_32,7091,0.5384615384615384
lambda_peak_4_32,7092,0.47115384615384615
lambda_peak_4_32,7093,0.3942307692307692
lambda_peak_4_32,7094,0.5096153846153846
lambda_peak_4_32,7095,0.5192307692307693
lambda_peak_4_32,7096,0.46153846153846156
lambda_peak_4_32,7097,0.47115384615384615
lambda_peak_4_32,7098,0.4519230769230769
lambda_peak_4_32,7099,0.46153846153846156
lambda_peak_4_32,7100,0.5
lambda_peak_4_32,7101,0.5
lambda_peak_4_32,7102,0.5769230769230769
lambda_peak_4_32,7103,0.46153846153846156
lambda_peak_4_32,7104,0.4519230769230769
lambda_peak_4_32,7105,0.4326923076923077
lambda_peak_4_32,7106,0.49038461538461536
lambda_peak_4_32,7107,0.46153846153846156
lambda_peak_4_32,7108,0.5384615384615384
lambda_peak_4_32,7109,0.5384615384615384
lambda_peak_4_32,7110,0.4230769230769231
lambda_peak_4_32,7111,0.4519230769230769
lambda_peak_4_32,7112,0.49038461538461536
lambda_peak_4_32,7113,0.49038461538461536
lambda_peak_4_32,7114,0.5576923076923077
lambda_peak_4_32,7115,0.47115384615384615
lambda_peak_4_32,7116,0.5
lambda_peak_4_32,7117,0.4519230769230769
lambda_peak_4_32,7118,0.5
lambda_peak_4_32,7119,0.41346153846153844
lambda_peak_4_32,7120,0.4326923076923077
lambda_peak_4_32,7121,0.5384615384615384
lambda_peak_4_32,7122,0.4230769230769231
lambda_peak_4_32,7123,0.40384615384615385
lambda_peak_4_32,7124,0.5480769230769231
lambda_peak_4_32,7125,0.49038461538461536
lambda_peak_4_32,7126,0.4519230769230769
lambda_peak_4_32,7127,0.46153846153846156
lambda_peak_4_32,7128,0.40384615384615385
lambda_peak_4_32,7129,0.46153846153846156
lambda_peak_4_32,7130,0.41346153846153844
lambda_peak_4_32,7131,0.49038461538461536
lambda_peak_4_32,7132,0.4807692307692308
lambda_peak_4_32,7133,0.5769230769230769
lambda_peak_4_32,7134,0.5480769230769231
lambda_peak_4_32,7135,0.5480769230769231
lambda_peak_4_32,7136,0.5480769230769231
lambda_peak_4_32,7137,0.4326923076923077
lambda_peak_4_32,7138,0.47115384615384615
lambda_peak_4_32,7139,0.38461538461538464
lambda_peak_4_32,7140,0.4326923076923077
lambda_peak_4_32,7141,0.5288461538461539
lambda_peak_4_32,7142,0.5096153846153846
lambda_peak_4_32,7143,0.5288461538461539
lambda_peak_4_32,7144,0.3942307692307692
lambda_peak_4_32,7145,0.5096153846153846
lambda_peak_4_32,7146,0.38461538461538464
lambda_peak_4_32,7147,0.5384615384615384
lambda_peak_4_32,7148,0.4326923076923077
lambda_peak_4_32,7149,0.5480769230769231
lambda_peak_4_32,7150,0.4326923076923077
lambda_peak_4_32,7151,0.4807692307692308
lambda_peak_4_32,7152,0.375
lambda_peak_4_32,7153,0.38461538461538464
lambda_peak_4_32,7154,0.5288461538461539
lambda_peak_4_32,7155,0.5480769230769231
lambda_peak_4_32,7156,0.5
lambda_peak_4_32,7157,0.46153846153846156
lambda_peak_4_32,7158,0.5192307692307693
lambda_peak_4_32,7159,0.5
lambda_peak_4_32,7160,0.47115384615384615
lambda_peak_4_32,7161,0.36538461538461536
lambda_peak_4_32,7162,0.40384615384615385
lambda_peak_4_32,7163,0.46153846153846156
lambda_peak_4_32,7164,0.4807692307692308
lambda_peak_4_32,7165,0.46153846153846156
lambda_peak_4_32,7166,0.4326923076923077
lambda_peak_4_32,7167,0.49038461538461536
lambda_peak_4_32,7168,0.49038461538461536
lambda_peak_4_32,7169,0.3173076923076923
lambda_peak_4_32,7170,0.47115384615384615
lambda_peak_4_32,7171,0.47115384615384615
lambda_peak_4_32,7172,0.375
lambda_peak_4_32,7173,0.4326923076923077
lambda_peak_4_32,7174,0.5288461538461539
lambda_peak_4_32,7175,0.41346153846153844
lambda_peak_4_32,7176,0.4519230769230769
lambda_peak_4_32,7177,0.5480769230769231
lambda_peak_4_32,7178,0.4519230769230769
lambda_peak_4_32,7179,0.4807692307692308
lambda_peak_4_32,7180,0.4519230769230769
lambda_peak_4_32,7181,0.4230769230769231
lambda_peak_4_32,7182,0.4230769230769231
lambda_peak_4_32,7183,0.4519230769230769
lambda_peak_4_32,7184,0.4519230769230769
lambda_peak_4_32,7185,0.5769230769230769
lambda_peak_4_32,7186,0.5576923076923077
lambda_peak_4_32,7187,0.4326923076923077
lambda_peak_4_32,7188,0.41346153846153844
lambda_peak_4_32,7189,0.5288461538461539
lambda_peak_4_32,7190,0.4807692307692308
lambda_peak_4_32,7191,0.4519230769230769
lambda_peak_4_32,7192,0.5480769230769231
lambda_peak_4_32,7193,0.49038461538461536
lambda_peak_4_32,7194,0.5288461538461539
lambda_peak_4_32,7195,0.5096153846153846
lambda_peak_4_32,7196,0.3942307692307692
lambda_peak_4_32,7197,0.5
lambda_peak_4_32,7198,0.40384615384615385
lambda_peak_4_32,7199,0.4326923076923077
lambda_peak_4_32,7200,0.5096153846153846
lambda_peak_4_32,7201,0.49038461538461536
lambda_peak_4_32,7202,0.5192307692307693
lambda_peak_4_32,7203,0.46153846153846156
lambda_peak_4_32,7204,0.3557692307692308
lambda_peak_4_32,7205,0.5
lambda_peak_4_32,7206,0.5288461538461539
lambda_peak_4_32,7207,0.5096153846153846
lambda_peak_4_32,7208,0.3942307692307692
lambda_peak_4_32,7209,0.47115384615384615
lambda_peak_4_32,7210,0.4230769230769231
lambda_peak_4_32,7211,0.5096153846153846
lambda_peak_4_32,7212,0.49038461538461536
lambda_peak_4_32,7213,0.4230769230769231
lambda_peak_4_32,7214,0.49038461538461536
lambda_peak_4_32,7215,0.46153846153846156
lambda_peak_4_32,7216,0.40384615384615385
lambda_peak_4_32,7217,0.4807692307692308
lambda_peak_4_32,7218,0.46153846153846156
lambda_peak_4_32,7219,0.46153846153846156
lambda_peak_4_32,7220,0.4807692307692308
lambda_peak_4_32,7221,0.4326923076923077
lambda_peak_4_32,7222,0.49038461538461536
lambda_peak_4_32,7223,0.4807692307692308
lambda_peak_4_32,7224,0.4519230769230769
lambda_peak_4_32,7225,0.5192307692307693
lambda_peak_4_32,7226,0.4326923076923077
lambda_peak_4_32,7227,0.46153846153846156
lambda_peak_4_32,7228,0.4326923076923077
lambda_peak_4_32,7229,0.5288461538461539
lambda_peak_4_32,7230,0.4807692307692308
lambda_peak_4_32,7231,0.4423076923076923
lambda_peak_4_32,7232,0.46153846153846156
lambda_peak_4_32,7233,0.4519230769230769
lambda_peak_4_32,7234,0.3942307692307692
lambda_peak_4_32,7235,0.4519230769230769
lambda_peak_4_32,7236,0.4423076923076923
lambda_peak_4_32,7237,0.5384615384615384
lambda_peak_4_32,7238,0.5
lambda_peak_4_32,7239,0.4807692307692308
lambda_peak_4_32,7240,0.4807692307692308
lambda_peak_4_32,7241,0.5673076923076923
lambda_peak_4_32,7242,0.4326923076923077
lambda_peak_4_32,7243,0.5192307692307693
lambda_peak_4_32,7244,0.4423076923076923
lambda_peak_4_32,7245,0.40384615384615385
lambda_peak_4_32,7246,0.5096153846153846
lambda_peak_4_32,7247,0.4326923076923077
lambda_peak_4_32,7248,0.5096153846153846
lambda_peak_4_32,7249,0.4423076923076923
lambda_peak_4_32,7250,0.5576923076923077
lambda_peak_4_32,7251,0.4326923076923077
lambda_peak_4_32,7252,0.47115384615384615
lambda_peak_4_32,7253,0.5288461538461539
lambda_peak_4_32,7254,0.47115384615384615
lambda_peak_4_32,7255,0.4423076923076923
lambda_peak_4_32,7256,0.4326923076923077
lambda_peak_4_32,7257,0.5480769230769231
lambda_peak_4_32,7258,0.46153846153846156
lambda_peak_4_32,7259,0.4423076923076923
lambda_peak_4_32,7260,0.3557692307692308
lambda_peak_4_32,7261,0.5288461538461539
lambda_peak_4_32,7262,0.5480769230769231
lambda_peak_4_32,7263,0.4326923076923077
lambda_peak_4_32,7264,0.40384615384615385
lambda_peak_4_32,7265,0.5096153846153846
lambda_peak_4_32,7266,0.5096153846153846
lambda_peak_4_32,7267,0.47115384615384615
lambda_peak_4_32,7268,0.46153846153846156
lambda_peak_4_32,7269,0.5
lambda_peak_4_32,7270,0.49038461538461536
lambda_peak_4_32,7271,0.4326923076923077
lambda_peak_4_32,7272,0.4230769230769231
lambda_peak_4_32,7273,0.46153846153846156
lambda_peak_4_32,7274,0.46153846153846156
lambda_peak_4_32,7275,0.5192307692307693
lambda_peak_4_32,7276,0.4326923076923077
lambda_peak_4_32,7277,0.4807692307692308
lambda_peak_4_32,7278,0.4423076923076923
lambda_peak_4_32,7279,0.5288461538461539
lambda_peak_4_32,7280,0.36538461538461536
lambda_peak_4_32,7281,0.4230769230769231
lambda_peak_4_32,7282,0.3557692307692308
lambda_peak_4_32,7283,0.46153846153846156
lambda_peak_4_32,7284,0.47115384615384615
lambda_peak_4_32,7285,0.5192307692307693
lambda_peak_4_32,7286,0.41346153846153844
lambda_peak_4_32,7287,0.5480769230769231
lambda_peak_4_32,7288,0.49038461538461536
lambda_peak_4_32,7289,0.4519230769230769
lambda_peak_4_32,7290,0.5769230769230769
lambda_peak_4_32,7291,0.5096153846153846
lambda_peak_4_32,7292,0.5096153846153846
lambda_peak_4_32,7293,0.4423076923076923
lambda_peak_4_32,7294,0.3942307692307692
lambda_peak_4_32,7295,0.47115384615384615
lambda_peak_4_32,7296,0.4519230769230769
lambda_peak_4_32,7297,0.375
lambda_peak_4_32,7298,0.5769230769230769
lambda_peak_4_32,7299,0.4230769230769231
lambda_peak_4_32,7300,0.4519230769230769
lambda_peak_4_32,7301,0.4423076923076923
lambda_peak_4_32,7302,0.5
lambda_peak_4_32,7303,0.5192307692307693
lambda_peak_4_32,7304,0.4326923076923077
lambda_peak_4_32,7305,0.4423076923076923
lambda_peak_4_32,7306,0.36538461538461536
lambda_peak_4_32,7307,0.4423076923076923
lambda_peak_4_32,7308,0.5192307692307693
lambda_peak_4_32,7309,0.47115384615384615
lambda_peak_4_32,7310,0.4423076923076923
lambda_peak_4_32,7311,0.5096153846153846
lambda_peak_4_32,7312,0.49038461538461536
lambda_peak_4_32,7313,0.5096153846153846
lambda_peak_4_32,7314,0.5096153846153846
lambda_peak_4_32,7315,0.5288461538461539
lambda_peak_4_32,7316,0.47115384615384615
lambda_peak_4_32,7317,0.4519230769230769
lambda_peak_4_32,7318,0.4807692307692308
lambda_peak_4_32,7319,0.5480769230769231
lambda_peak_4_32,7320,0.46153846153846156
lambda_peak_4_32,7321,0.5
lambda_peak_4_32,7322,0.46153846153846156
lambda_peak_4_32,7323,0.40384615384615385
lambda_peak_4_32,7324,0.38461538461538464
lambda_peak_4_32,7325,0.5
lambda_peak_4_32,7326,0.5096153846153846
lambda_peak_4_32,7327,0.4326923076923077
lambda_peak_4_32,7328,0.4519230769230769
lambda_peak_4_32,7329,0.3076923076923077
lambda_peak_4_32,7330,0.5384615384615384
lambda_peak_4_32,7331,0.2980769230769231
lambda_peak_4_32,7332,0.5384615384615384
lambda_peak_4_32,7333,0.4519230769230769
lambda_peak_4_32,7334,0.49038461538461536
lambda_peak_4_32,7335,0.5288461538461539
lambda_peak_4_32,7336,0.49038461538461536
lambda_peak_4_32,7337,0.40384615384615385
lambda_peak_4_32,7338,0.4230769230769231
lambda_peak_4_32,7339,0.5673076923076923
lambda_peak_4_32,7340,0.3942307692307692
lambda_peak_4_32,7341,0.47115384615384615
lambda_peak_4_32,7342,0.4807692307692308
lambda_peak_4_32,7343,0.4230769230769231
lambda_peak_4_32,7344,0.47115384615384615
lambda_peak_4_32,7345,0.5480769230769231
lambda_peak_4_32,7346,0.5480769230769231
lambda_peak_4_32,7347,0.46153846153846156
lambda_peak_4_32,7348,0.5288461538461539
lambda_peak_4_32,7349,0.4519230769230769
lambda_peak_4_32,7350,0.5192307692307693
lambda_peak_4_32,7351,0.5961538461538461
lambda_peak_4_32,7352,0.4326923076923077
lambda_peak_4_32,7353,0.5096153846153846
lambda_peak_4_32,7354,0.6057692307692307
lambda_peak_4_32,7355,0.49038461538461536
lambda_peak_4_32,7356,0.40384615384615385
lambda_peak_4_32,7357,0.4230769230769231
lambda_peak_4_32,7358,0.5192307692307693
lambda_peak_4_32,7359,0.5576923076923077
lambda_peak_4_32,7360,0.5480769230769231
lambda_peak_4_32,7361,0.5673076923076923
lambda_peak_4_32,7362,0.4326923076923077
lambda_peak_4_32,7363,0.3942307692307692
lambda_peak_4_32,7364,0.4326923076923077
lambda_peak_4_32,7365,0.41346153846153844
lambda_peak_4_32,7366,0.34615384615384615
lambda_peak_4_32,7367,0.47115384615384615
lambda_peak_4_32,7368,0.47115384615384615
lambda_peak_4_32,7369,0.4326923076923077
lambda_peak_4_32,7370,0.4807692307692308
lambda_peak_4_32,7371,0.5288461538461539
lambda_peak_4_32,7372,0.49038461538461536
lambda_peak_4_32,7373,0.5865384615384616
lambda_peak_4_32,7374,0.4326923076923077
lambda_peak_4_32,7375,0.47115384615384615
lambda_peak_4_32,7376,0.4230769230769231
lambda_peak_4_32,7377,0.46153846153846156
lambda_peak_4_32,7378,0.5480769230769231
lambda_peak_4_32,7379,0.5192307692307693
lambda_peak_4_32,7380,0.5096153846153846
lambda_peak_4_32,7381,0.5769230769230769
lambda_peak_4_32,7382,0.4807692307692308
lambda_peak_4_32,7383,0.41346153846153844
lambda_peak_4_32,7384,0.40384615384615385
lambda_peak_4_32,7385,0.41346153846153844
lambda_peak_4_32,7386,0.5480769230769231
lambda_peak_4_32,7387,0.46153846153846156
lambda_peak_4_32,7388,0.5480769230769231
lambda_peak_4_32,7389,0.5673076923076923
lambda_peak_4_32,7390,0.46153846153846156
lambda_peak_4_32,7391,0.46153846153846156
lambda_peak_4_32,7392,0.41346153846153844
lambda_peak_4_32,7393,0.4326923076923077
lambda_peak_4_32,7394,0.5288461538461539
lambda_peak_4_32,7395,0.49038461538461536
lambda_peak_4_32,7396,0.41346153846153844
lambda_peak_4_32,7397,0.4230769230769231
lambda_peak_4_32,7398,0.38461538461538464
lambda_peak_4_32,7399,0.47115384615384615
lambda_peak_4_32,7400,0.5576923076923077
lambda_peak_4_32,7401,0.4807692307692308
lambda_peak_4_32,7402,0.5192307692307693
lambda_peak_4_32,7403,0.4423076923076923
lambda_peak_4_32,7404,0.47115384615384615
lambda_peak_4_32,7405,0.5288461538461539
lambda_peak_4_32,7406,0.5384615384615384
lambda_peak_4_32,7407,0.4326923076923077
lambda_peak_4_32,7408,0.46153846153846156
lambda_peak_4_32,7409,0.5192307692307693
lambda_peak_4_32,7410,0.4519230769230769
lambda_peak_4_32,7411,0.5480769230769231
lambda_peak_4_32,7412,0.46153846153846156
lambda_peak_4_32,7413,0.47115384615384615
lambda_peak_4_32,7414,0.5480769230769231
lambda_peak_4_32,7415,0.5480769230769231
lambda_peak_4_32,7416,0.5384615384615384
lambda_peak_4_32,7417,0.5
lambda_peak_4_32,7418,0.4519230769230769
lambda_peak_4_32,7419,0.49038461538461536
lambda_peak_4_32,7420,0.4519230769230769
lambda_peak_4_32,7421,0.4230769230769231
lambda_peak_4_32,7422,0.41346153846153844
lambda_peak_4_32,7423,0.46153846153846156
lambda_peak_4_32,7424,0.4807692307692308
lambda_peak_4_32,7425,0.4807692307692308
lambda_peak_4_32,7426,0.4230769230769231
lambda_peak_4_32,7427,0.5
lambda_peak_4_32,7428,0.4519230769230769
lambda_peak_4_32,7429,0.49038461538461536
lambda_peak_4_32,7430,0.46153846153846156
lambda_peak_4_32,7431,0.46153846153846156
lambda_peak_4_32,7432,0.3942307692307692
lambda_peak_4_32,7433,0.3942307692307692
lambda_peak_4_32,7434,0.4519230769230769
lambda_peak_4_32,7435,0.4326923076923077
lambda_peak_4_32,7436,0.4423076923076923
lambda_peak_4_32,7437,0.5384615384615384
lambda_peak_4_32,7438,0.4519230769230769
lambda_peak_4_32,7439,0.5384615384615384
lambda_peak_4_32,7440,0.6057692307692307
lambda_peak_4_32,7441,0.5769230769230769
lambda_peak_4_32,7442,0.47115384615384615
lambda_peak_4_32,7443,0.5
lambda_peak_4_32,7444,0.4326923076923077
lambda_peak_4_32,7445,0.46153846153846156
lambda_peak_4_32,7446,0.47115384615384615
lambda_peak_4_32,7447,0.4423076923076923
lambda_peak_4_32,7448,0.4807692307692308
lambda_peak_4_32,7449,0.38461538461538464
lambda_peak_4_32,7450,0.5192307692307693
lambda_peak_4_32,7451,0.5865384615384616
lambda_peak_4_32,7452,0.4519230769230769
lambda_peak_4_32,7453,0.4423076923076923
lambda_peak_4_32,7454,0.4423076923076923
lambda_peak_4_32,7455,0.41346153846153844
lambda_peak_4_32,7456,0.36538461538461536
lambda_peak_4_32,7457,0.47115384615384615
lambda_peak_4_32,7458,0.4423076923076923
lambda_peak_4_32,7459,0.47115384615384615
lambda_peak_4_32,7460,0.49038461538461536
lambda_peak_4_32,7461,0.4519230769230769
lambda_peak_4_32,7462,0.49038461538461536
lambda_peak_4_32,7463,0.4519230769230769
lambda_peak_4_32,7464,0.38461538461538464
lambda_peak_4_32,7465,0.4423076923076923
lambda_peak_4_32,7466,0.3942307692307692
lambda_peak_4_32,7467,0.4230769230769231
lambda_peak_4_32,7468,0.5096153846153846
lambda_peak_4_32,7469,0.5576923076923077
lambda_peak_4_32,7470,0.6057692307692307
lambda_peak_4_32,7471,0.4519230769230769
lambda_peak_4_32,7472,0.5480769230769231
lambda_peak_4_32,7473,0.5384615384615384
lambda_peak_4_32,7474,0.4423076923076923
lambda_peak_4_32,7475,0.5
lambda_peak_4_32,7476,0.46153846153846156
lambda_peak_4_32,7477,0.49038461538461536
lambda_peak_4_32,7478,0.5192307692307693
lambda_peak_4_32,7479,0.4519230769230769
lambda_peak_4_32,7480,0.4423076923076923
lambda_peak_4_32,7481,0.46153846153846156
lambda_peak_4_32,7482,0.5096153846153846
lambda_peak_4_32,7483,0.5961538461538461
lambda_peak_4_32,7484,0.38461538461538464
lambda_peak_4_32,7485,0.5288461538461539
lambda_peak_4_32,7486,0.5192307692307693
lambda_peak_4_32,7487,0.5576923076923077
lambda_peak_4_32,7488,0.4519230769230769
lambda_peak_4_32,7489,0.47115384615384615
lambda_peak_4_32,7490,0.4326923076923077
lambda_peak_4_32,7491,0.4326923076923077
lambda_peak_4_32,7492,0.49038461538461536
lambda_peak_4_32,7493,0.40384615384615385
lambda_peak_4_32,7494,0.47115384615384615
lambda_peak_4_32,7495,0.4423076923076923
lambda_peak_4_32,7496,0.5096153846153846
lambda_peak_4_32,7497,0.46153846153846156
lambda_peak_4_32,7498,0.5673076923076923
lambda_peak_4_32,7499,0.5673076923076923
lambda_peak_4_32,7500,0.5096153846153846
lambda_peak_4_32,7501,0.47115384615384615
lambda_peak_4_32,7502,0.36538461538461536
lambda_peak_4_32,7503,0.5288461538461539
lambda_peak_4_32,7504,0.4807692307692308
lambda_peak_4_32,7505,0.5
lambda_peak_4_32,7506,0.41346153846153844
lambda_peak_4_32,7507,0.5961538461538461
lambda_peak_4_32,7508,0.4807692307692308
lambda_peak_4_32,7509,0.47115384615384615
lambda_peak_4_32,7510,0.5288461538461539
lambda_peak_4_32,7511,0.38461538461538464
lambda_peak_4_32,7512,0.4326923076923077
lambda_peak_4_32,7513,0.3942307692307692
lambda_peak_4_32,7514,0.47115384615384615
lambda_peak_4_32,7515,0.4807692307692308
lambda_peak_4_32,7516,0.49038461538461536
lambda_peak_4_32,7517,0.38461538461538464
lambda_peak_4_32,7518,0.5
lambda_peak_4_32,7519,0.4326923076923077
lambda_peak_4_32,7520,0.49038461538461536
lambda_peak_4_32,7521,0.5
lambda_peak_4_32,7522,0.46153846153846156
lambda_peak_4_32,7523,0.4807692307692308
lambda_peak_4_32,7524,0.4423076923076923
lambda_peak_4_32,7525,0.5384615384615384
lambda_peak_4_32,7526,0.3269230769230769
lambda_peak_4_32,7527,0.4807692307692308
lambda_peak_4_32,7528,0.49038461538461536
lambda_peak_4_32,7529,0.40384615384615385
lambda_peak_4_32,7530,0.5
lambda_peak_4_32,7531,0.4230769230769231
lambda_peak_4_32,7532,0.5192307692307693
lambda_peak_4_32,7533,0.375
lambda_peak_4_32,7534,0.46153846153846156
lambda_peak_4_32,7535,0.36538461538461536
lambda_peak_4_32,7536,0.5
lambda_peak_4_32,7537,0.3942307692307692
lambda_peak_4_32,7538,0.5096153846153846
lambda_peak_4_32,7539,0.47115384615384615
lambda_peak_4_32,7540,0.5384615384615384
lambda_peak_4_32,7541,0.4326923076923077
lambda_peak_4_32,7542,0.38461538461538464
lambda_peak_4_32,7543,0.4326923076923077
lambda_peak_4_32,7544,0.41346153846153844
lambda_peak_4_32,7545,0.47115384615384615
lambda_peak_4_32,7546,0.5384615384615384
lambda_peak_4_32,7547,0.4807692307692308
lambda_peak_4_32,7548,0.38461538461538464
lambda_peak_4_32,7549,0.5
lambda_peak_4_32,7550,0.5192307692307693
lambda_peak_4_32,7551,0.5384615384615384
lambda_peak_4_32,7552,0.4519230769230769
lambda_peak_4_32,7553,0.40384615384615385
lambda_peak_4_32,7554,0.46153846153846156
lambda_peak_4_32,7555,0.47115384615384615
lambda_peak_4_32,7556,0.46153846153846156
lambda_peak_4_32,7557,0.49038461538461536
lambda_peak_4_32,7558,0.5192307692307693
lambda_peak_4_32,7559,0.46153846153846156
lambda_peak_4_32,7560,0.49038461538461536
lambda_peak_4_32,7561,0.5961538461538461
lambda_peak_4_32,7562,0.5096153846153846
lambda_peak_4_32,7563,0.5
lambda_peak_4_32,7564,0.5
lambda_peak_4_32,7565,0.5480769230769231
lambda_peak_4_32,7566,0.46153846153846156
lambda_peak_4_32,7567,0.5288461538461539
lambda_peak_4_32,7568,0.47115384615384615
lambda_peak_4_32,7569,0.49038461538461536
lambda_peak_4_32,7570,0.46153846153846156
lambda_peak_4_32,7571,0.41346153846153844
lambda_peak_4_32,7572,0.4519230769230769
lambda_peak_4_32,7573,0.38461538461538464
lambda_peak_4_32,7574,0.4423076923076923
lambda_peak_4_32,7575,0.5
lambda_peak_4_32,7576,0.5096153846153846
lambda_peak_4_32,7577,0.4230769230769231
lambda_peak_4_32,7578,0.4423076923076923
lambda_peak_4_32,7579,0.4423076923076923
lambda_peak_4_32,7580,0.46153846153846156
lambda_peak_4_32,7581,0.41346153846153844
lambda_peak_4_32,7582,0.4519230769230769
lambda_peak_4_32,7583,0.49038461538461536
lambda_peak_4_32,7584,0.40384615384615385
lambda_peak_4_32,7585,0.5673076923076923
lambda_peak_4_32,7586,0.49038461538461536
lambda_peak_4_32,7587,0.4807692307692308
lambda_peak_4_32,7588,0.5192307692307693
lambda_peak_4_32,7589,0.46153846153846156
lambda_peak_4_32,7590,0.5192307692307693
lambda_peak_4_32,7591,0.5769230769230769
lambda_peak_4_32,7592,0.40384615384615385
lambda_peak_4_32,7593,0.5769230769230769
lambda_peak_4_32,7594,0.46153846153846156
lambda_peak_4_32,7595,0.47115384615384615
lambda_peak_4_32,7596,0.4326923076923077
lambda_peak_4_32,7597,0.5
lambda_peak_4_32,7598,0.46153846153846156
lambda_peak_4_32,7599,0.47115384615384615
lambda_peak_4_32,7600,0.5480769230769231
lambda_peak_4_32,7601,0.5096153846153846
lambda_peak_4_32,7602,0.46153846153846156
lambda_peak_4_32,7603,0.40384615384615385
lambda_peak_4_32,7604,0.5480769230769231
lambda_peak_4_32,7605,0.49038461538461536
lambda_peak_4_32,7606,0.5480769230769231
lambda_peak_4_32,7607,0.5480769230769231
lambda_peak_4_32,7608,0.47115384615384615
lambda_peak_4_32,7609,0.4326923076923077
lambda_peak_4_32,7610,0.36538461538461536
lambda_peak_4_32,7611,0.3557692307692308
lambda_peak_4_32,7612,0.5
lambda_peak_4_32,7613,0.38461538461538464
lambda_peak_4_32,7614,0.5096153846153846
lambda_peak_4_32,7615,0.375
lambda_peak_4_32,7616,0.47115384615384615
lambda_peak_4_32,7617,0.4519230769230769
lambda_peak_4_32,7618,0.49038461538461536
lambda_peak_4_32,7619,0.5673076923076923
lambda_peak_4_32,7620,0.49038461538461536
lambda_peak_4_32,7621,0.49038461538461536
lambda_peak_4_32,7622,0.5
lambda_peak_4_32,7623,0.4519230769230769
lambda_peak_4_32,7624,0.5096153846153846
lambda_peak_4_32,7625,0.38461538461538464
lambda_peak_4_32,7626,0.4519230769230769
lambda_peak_4_32,7627,0.3942307692307692
lambda_peak_4_32,7628,0.47115384615384615
lambda_peak_4_32,7629,0.4807692307692308
lambda_peak_4_32,7630,0.5288461538461539
lambda_peak_4_32,7631,0.5192307692307693
lambda_peak_4_32,7632,0.5
lambda_peak_4_32,7633,0.5096153846153846
lambda_peak_4_32,7634,0.5192307692307693
lambda_peak_4_32,7635,0.40384615384615385
lambda_peak_4_32,7636,0.4326923076923077
lambda_peak_4_32,7637,0.49038461538461536
lambda_peak_4_32,7638,0.5480769230769231
lambda_peak_4_32,7639,0.5865384615384616
lambda_peak_4_32,7640,0.5096153846153846
lambda_peak_4_32,7641,0.4807692307692308
lambda_peak_4_32,7642,0.5
lambda_peak_4_32,7643,0.5673076923076923
lambda_peak_4_32,7644,0.5
lambda_peak_4_32,7645,0.4519230769230769
lambda_peak_4_32,7646,0.5576923076923077
lambda_peak_4_32,7647,0.33653846153846156
lambda_peak_4_32,7648,0.4423076923076923
lambda_peak_4_32,7649,0.5096153846153846
lambda_peak_4_32,7650,0.38461538461538464
lambda_peak_4_32,7651,0.40384615384615385
lambda_peak_4_32,7652,0.5
lambda_peak_4_32,7653,0.4807692307692308
lambda_peak_4_32,7654,0.4519230769230769
lambda_peak_4_32,7655,0.3942307692307692
lambda_peak_4_32,7656,0.4230769230769231
lambda_peak_4_32,7657,0.375
lambda_peak_4_32,7658,0.5096153846153846
lambda_peak_4_32,7659,0.47115384615384615
lambda_peak_4_32,7660,0.38461538461538464
lambda_peak_4_32,7661,0.49038461538461536
lambda_peak_4_32,7662,0.47115384615384615
lambda_peak_4_32,7663,0.41346153846153844
lambda_peak_4_32,7664,0.49038461538461536
lambda_peak_4_32,7665,0.47115384615384615
lambda_peak_4_32,7666,0.5096153846153846
lambda_peak_4_32,7667,0.375
lambda_peak_4_32,7668,0.3942307692307692
lambda_peak_4_32,7669,0.3942307692307692
lambda_peak_4_32,7670,0.40384615384615385
lambda_peak_4_32,7671,0.41346153846153844
lambda_peak_4_32,7672,0.46153846153846156
lambda_peak_4_32,7673,0.5480769230769231
lambda_peak_4_32,7674,0.4326923076923077
lambda_peak_4_32,7675,0.4326923076923077
lambda_peak_4_32,7676,0.4326923076923077
lambda_peak_4_32,7677,0.5769230769230769
lambda_peak_4_32,7678,0.38461538461538464
lambda_peak_4_32,7679,0.38461538461538464
lambda_peak_4_32,7680,0.40384615384615385
lambda_peak_4_32,7681,0.4423076923076923
lambda_peak_4_32,7682,0.4423076923076923
lambda_peak_4_32,7683,0.46153846153846156
lambda_peak_4_32,7684,0.5480769230769231
lambda_peak_4_32,7685,0.4519230769230769
lambda_peak_4_32,7686,0.40384615384615385
lambda_peak_4_32,7687,0.5384615384615384
lambda_peak_4_32,7688,0.4230769230769231
lambda_peak_4_32,7689,0.46153846153846156
lambda_peak_4_32,7690,0.4423076923076923
lambda_peak_4_32,7691,0.5480769230769231
lambda_peak_4_32,7692,0.4519230769230769
lambda_peak_4_32,7693,0.5576923076923077
lambda_peak_4_32,7694,0.4423076923076923
lambda_peak_4_32,7695,0.49038461538461536
lambda_peak_4_32,7696,0.5480769230769231
lambda_peak_4_32,7697,0.49038461538461536
lambda_peak_4_32,7698,0.4326923076923077
lambda_peak_4_32,7699,0.5576923076923077
lambda_peak_4_32,7700,0.5096153846153846
lambda_peak_4_32,7701,0.5769230769230769
lambda_peak_4_32,7702,0.49038461538461536
lambda_peak_4_32,7703,0.4807692307692308
lambda_peak_4_32,7704,0.375
lambda_peak_4_32,7705,0.5673076923076923
lambda_peak_4_32,7706,0.4807692307692308
lambda_peak_4_32,7707,0.5
lambda_peak_4_32,7708,0.5865384615384616
lambda_peak_4_32,7709,0.4326923076923077
lambda_peak_4_32,7710,0.375
lambda_peak_4_32,7711,0.41346153846153844
lambda_peak_4_32,7712,0.49038461538461536
lambda_peak_4_32,7713,0.5
lambda_peak_4_32,7714,0.5096153846153846
lambda_peak_4_32,7715,0.4230769230769231
lambda_peak_4_32,7716,0.5
lambda_peak_4_32,7717,0.49038461538461536
lambda_peak_4_32,7718,0.3076923076923077
lambda_peak_4_32,7719,0.5576923076923077
lambda_peak_4_32,7720,0.4423076923076923
lambda_peak_4_32,7721,0.5192307692307693
lambda_peak_4_32,7722,0.5480769230769231
lambda_peak_4_32,7723,0.375
lambda_peak_4_32,7724,0.4519230769230769
lambda_peak_4_32,7725,0.5384615384615384
lambda_peak_4_32,7726,0.5192307692307693
lambda_peak_4_32,7727,0.40384615384615385
lambda_peak_4_32,7728,0.375
lambda_peak_4_32,7729,0.40384615384615385
lambda_peak_4_32,7730,0.4519230769230769
lambda_peak_4_32,7731,0.5
lambda_peak_4_32,7732,0.49038461538461536
lambda_peak_4_32,7733,0.4807692307692308
lambda_peak_4_32,7734,0.4519230769230769
lambda_peak_4_32,7735,0.5
lambda_peak_4_32,7736,0.4230769230769231
lambda_peak_4_32,7737,0.4519230769230769
lambda_peak_4_32,7738,0.5769230769230769
lambda_peak_4_32,7739,0.4807692307692308
lambda_peak_4_32,7740,0.5
lambda_peak_4_32,7741,0.41346153846153844
lambda_peak_4_32,7742,0.49038461538461536
lambda_peak_4_32,7743,0.5384615384615384
lambda_peak_4_32,7744,0.49038461538461536
lambda_peak_4_32,7745,0.3942307692307692
lambda_peak_4_32,7746,0.5
lambda_peak_4_32,7747,0.4326923076923077
lambda_peak_4_32,7748,0.4519230769230769
lambda_peak_4_32,7749,0.4230769230769231
lambda_peak_4_32,7750,0.40384615384615385
lambda_peak_4_32,7751,0.47115384615384615
lambda_peak_4_32,7752,0.4230769230769231
lambda_peak_4_32,7753,0.47115384615384615
lambda_peak_4_32,7754,0.4807692307692308
lambda_peak_4_32,7755,0.38461538461538464
lambda_peak_4_32,7756,0.46153846153846156
lambda_peak_4_32,7757,0.40384615384615385
lambda_peak_4_32,7758,0.5096153846153846
lambda_peak_4_32,7759,0.4326923076923077
lambda_peak_4_32,7760,0.3942307692307692
lambda_peak_4_32,7761,0.4519230769230769
lambda_peak_4_32,7762,0.4519230769230769
lambda_peak_4_32,7763,0.3557692307692308
lambda_peak_4_32,7764,0.5673076923076923
lambda_peak_4_32,7765,0.4807692307692308
lambda_peak_4_32,7766,0.5
lambda_peak_4_32,7767,0.4519230769230769
lambda_peak_4_32,7768,0.4230769230769231
lambda_peak_4_32,7769,0.36538461538461536
lambda_peak_4_32,7770,0.4326923076923077
lambda_peak_4_32,7771,0.4423076923076923
lambda_peak_4_32,7772,0.5480769230769231
lambda_peak_4_32,7773,0.5
lambda_peak_4_32,7774,0.4807692307692308
lambda_peak_4_32,7775,0.38461538461538464
lambda_peak_4_32,7776,0.4326923076923077
lambda_peak_4_32,7777,0.5096153846153846
lambda_peak_4_32,7778,0.4423076923076923
lambda_peak_4_32,7779,0.47115384615384615
lambda_peak_4_32,7780,0.34615384615384615
lambda_peak_4_32,7781,0.49038461538461536
lambda_peak_4_32,7782,0.49038461538461536
lambda_peak_4_32,7783,0.4519230769230769
lambda_peak_4_32,7784,0.46153846153846156
lambda_peak_4_32,7785,0.5480769230769231
lambda_peak_4_32,7786,0.3173076923076923
lambda_peak_4_32,7787,0.375
lambda_peak_4_32,7788,0.4807692307692308
lambda_peak_4_32,7789,0.4519230769230769
lambda_peak_4_32,7790,0.5096153846153846
lambda_peak_4_32,7791,0.5288461538461539
lambda_peak_4_32,7792,0.5288461538461539
lambda_peak_4_32,7793,0.46153846153846156
lambda_peak_4_32,7794,0.46153846153846156
lambda_peak_4_32,7795,0.4230769230769231
lambda_peak_4_32,7796,0.3942307692307692
lambda_peak_4_32,7797,0.4230769230769231
lambda_peak_4_32,7798,0.5769230769230769
lambda_peak_4_32,7799,0.47115384615384615
lambda_peak_4_32,7800,0.4519230769230769
lambda_peak_4_32,7801,0.5096153846153846
lambda_peak_4_32,7802,0.4807692307692308
lambda_peak_4_32,7803,0.4230769230769231
lambda_peak_4_32,7804,0.4423076923076923
lambda_peak_4_32,7805,0.4807692307692308
lambda_peak_4_32,7806,0.5384615384615384
lambda_peak_4_32,7807,0.375
lambda_peak_4_32,7808,0.4423076923076923
lambda_peak_4_32,7809,0.5384615384615384
lambda_peak_4_32,7810,0.5192307692307693
lambda_peak_4_32,7811,0.5673076923076923
lambda_peak_4_32,7812,0.5865384615384616
lambda_peak_4_32,7813,0.4230769230769231
lambda_peak_4_32,7814,0.46153846153846156
lambda_peak_4_32,7815,0.41346153846153844
lambda_peak_4_32,7816,0.5192307692307693
lambda_peak_4_32,7817,0.4326923076923077
lambda_peak_4_32,7818,0.3269230769230769
lambda_peak_4_32,7819,0.4807692307692308
lambda_peak_4_32,7820,0.4326923076923077
lambda_peak_4_32,7821,0.4423076923076923
lambda_peak_4_32,7822,0.33653846153846156
lambda_peak_4_32,7823,0.5961538461538461
lambda_peak_4_32,7824,0.5096153846153846
lambda_peak_4_32,7825,0.5192307692307693
lambda_peak_4_32,7826,0.5384615384615384
lambda_peak_4_32,7827,0.4519230769230769
lambda_peak_4_32,7828,0.4230769230769231
lambda_peak_4_32,7829,0.4326923076923077
lambda_peak_4_32,7830,0.46153846153846156
lambda_peak_4_32,7831,0.41346153846153844
lambda_peak_4_32,7832,0.5096153846153846
lambda_peak_4_32,7833,0.4423076923076923
lambda_peak_4_32,7834,0.38461538461538464
lambda_peak_4_32,7835,0.5096153846153846
lambda_peak_4_32,7836,0.5288461538461539
lambda_peak_4_32,7837,0.5
lambda_peak_4_32,7838,0.47115384615384615
lambda_peak_4_32,7839,0.4230769230769231
lambda_peak_4_32,7840,0.47115384615384615
lambda_peak_4_32,7841,0.5384615384615384
lambda_peak_4_32,7842,0.5961538461538461
lambda_peak_4_32,7843,0.47115384615384615
lambda_peak_4_32,7844,0.46153846153846156
lambda_peak_4_32,7845,0.46153846153846156
lambda_peak_4_32,7846,0.47115384615384615
lambda_peak_4_32,7847,0.5288461538461539
lambda_peak_4_32,7848,0.5096153846153846
lambda_peak_4_32,7849,0.5
lambda_peak_4_32,7850,0.36538461538461536
lambda_peak_4_32,7851,0.5576923076923077
lambda_peak_4_32,7852,0.5
lambda_peak_4_32,7853,0.47115384615384615
lambda_peak_4_32,7854,0.34615384615384615
lambda_peak_4_32,7855,0.5
lambda_peak_4_32,7856,0.46153846153846156
lambda_peak_4_32,7857,0.46153846153846156
lambda_peak_4_32,7858,0.5096153846153846
lambda_peak_4_32,7859,0.49038461538461536
lambda_peak_4_32,7860,0.3942307692307692
lambda_peak_4_32,7861,0.34615384615384615
lambda_peak_4_32,7862,0.46153846153846156
lambda_peak_4_32,7863,0.4230769230769231
lambda_peak_4_32,7864,0.40384615384615385
lambda_peak_4_32,7865,0.4519230769230769
lambda_peak_4_32,7866,0.5192307692307693
lambda_peak_4_32,7867,0.5096153846153846
lambda_peak_4_32,7868,0.5480769230769231
lambda_peak_4_32,7869,0.4519230769230769
lambda_peak_4_32,7870,0.4423076923076923
lambda_peak_4_32,7871,0.3942307692307692
lambda_peak_4_32,7872,0.6057692307692307
lambda_peak_4_32,7873,0.46153846153846156
lambda_peak_4_32,7874,0.40384615384615385
lambda_peak_4_32,7875,0.5096153846153846
lambda_peak_4_32,7876,0.4230769230769231
lambda_peak_4_32,7877,0.625
lambda_peak_4_32,7878,0.41346153846153844
lambda_peak_4_32,7879,0.46153846153846156
lambda_peak_4_32,7880,0.5480769230769231
lambda_peak_4_32,7881,0.5
lambda_peak_4_32,7882,0.40384615384615385
lambda_peak_4_32,7883,0.4519230769230769
lambda_peak_4_32,7884,0.46153846153846156
lambda_peak_4_32,7885,0.4423076923076923
lambda_peak_4_32,7886,0.375
lambda_peak_4_32,7887,0.4807692307692308
lambda_peak_4_32,7888,0.5192307692307693
lambda_peak_4_32,7889,0.46153846153846156
lambda_peak_4_32,7890,0.5096153846153846
lambda_peak_4_32,7891,0.47115384615384615
lambda_peak_4_32,7892,0.46153846153846156
lambda_peak_4_32,7893,0.40384615384615385
lambda_peak_4_32,7894,0.5192307692307693
lambda_peak_4_32,7895,0.5
lambda_peak_4_32,7896,0.47115384615384615
lambda_peak_4_32,7897,0.5288461538461539
lambda_peak_4_32,7898,0.47115384615384615
lambda_peak_4_32,7899,0.34615384615384615
lambda_peak_4_32,7900,0.46153846153846156
lambda_peak_4_32,7901,0.4423076923076923
lambda_peak_4_32,7902,0.5096153846153846
lambda_peak_4_32,7903,0.41346153846153844
lambda_peak_4_32,7904,0.5192307692307693
lambda_peak_4_32,7905,0.41346153846153844
lambda_peak_4_32,7906,0.49038461538461536
lambda_peak_4_32,7907,0.4326923076923077
lambda_peak_4_32,7908,0.34615384615384615
lambda_peak_4_32,7909,0.4807692307692308
lambda_peak_4_32,7910,0.36538461538461536
lambda_peak_4_32,7911,0.4807692307692308
lambda_peak_4_32,7912,0.41346153846153844
lambda_peak_4_32,7913,0.5384615384615384
lambda_peak_4_32,7914,0.5096153846153846
lambda_peak_4_32,7915,0.375
lambda_peak_4_32,7916,0.49038461538461536
lambda_peak_4_32,7917,0.4423076923076923
lambda_peak_4_32,7918,0.5288461538461539
lambda_peak_4_32,7919,0.4807692307692308
lambda_peak_4_32,7920,0.4326923076923077
lambda_peak_4_32,7921,0.5192307692307693
lambda_peak_4_32,7922,0.3942307692307692
lambda_peak_4_32,7923,0.5384615384615384
lambda_peak_4_32,7924,0.5192307692307693
lambda_peak_4_32,7925,0.5480769230769231
lambda_peak_4_32,7926,0.41346153846153844
lambda_peak_4_32,7927,0.4326923076923077
lambda_peak_4_32,7928,0.3942307692307692
lambda_peak_4_32,7929,0.4326923076923077
lambda_peak_4_32,7930,0.5096153846153846
lambda_peak_4_32,7931,0.4807692307692308
lambda_peak_4_32,7932,0.4519230769230769
lambda_peak_4_32,7933,0.47115384615384615
lambda_peak_4_32,7934,0.4230769230769231
lambda_peak_4_32,7935,0.4326923076923077
lambda_peak_4_32,7936,0.4519230769230769
lambda_peak_4_32,7937,0.3173076923076923
lambda_peak_4_32,7938,0.5
lambda_peak_4_32,7939,0.5576923076923077
lambda_peak_4_32,7940,0.5096153846153846
lambda_peak_4_32,7941,0.41346153846153844
lambda_peak_4_32,7942,0.41346153846153844
lambda_peak_4_32,7943,0.3557692307692308
lambda_peak_4_32,7944,0.4519230769230769
lambda_peak_4_32,7945,0.4807692307692308
lambda_peak_4_32,7946,0.49038461538461536
lambda_peak_4_32,7947,0.4519230769230769
lambda_peak_4_32,7948,0.4423076923076923
lambda_peak_4_32,7949,0.40384615384615385
lambda_peak_4_32,7950,0.4423076923076923
lambda_peak_4_32,7951,0.4519230769230769
lambda_peak_4_32,7952,0.5384615384615384
lambda_peak_4_32,7953,0.49038461538461536
lambda_peak_4_32,7954,0.47115384615384615
lambda_peak_4_32,7955,0.47115384615384615
lambda_peak_4_32,7956,0.4519230769230769
lambda_peak_4_32,7957,0.4423076923076923
lambda_peak_4_32,7958,0.49038461538461536
lambda_peak_4_32,7959,0.5096153846153846
lambda_peak_4_32,7960,0.47115384615384615
lambda_peak_4_32,7961,0.5
lambda_peak_4_32,7962,0.5288461538461539
lambda_peak_4_32,7963,0.49038461538461536
lambda_peak_4_32,7964,0.375
lambda_peak_4_32,7965,0.36538461538461536
lambda_peak_4_32,7966,0.5865384615384616
lambda_peak_4_32,7967,0.47115384615384615
lambda_peak_4_32,7968,0.5096153846153846
lambda_peak_4_32,7969,0.5576923076923077
lambda_peak_4_32,7970,0.4519230769230769
lambda_peak_4_32,7971,0.5384615384615384
lambda_peak_4_32,7972,0.5192307692307693
lambda_peak_4_32,7973,0.49038461538461536
lambda_peak_4_32,7974,0.4807692307692308
lambda_peak_4_32,7975,0.38461538461538464
lambda_peak_4_32,7976,0.5096153846153846
lambda_peak_4_32,7977,0.46153846153846156
lambda_peak_4_32,7978,0.4807692307692308
lambda_peak_4_32,7979,0.5673076923076923
lambda_peak_4_32,7980,0.5480769230769231
lambda_peak_4_32,7981,0.5192307692307693
lambda_peak_4_32,7982,0.4423076923076923
lambda_peak_4_32,7983,0.5384615384615384
lambda_peak_4_32,7984,0.5192307692307693
lambda_peak_4_32,7985,0.4807692307692308
lambda_peak_4_32,7986,0.5288461538461539
lambda_peak_4_32,7987,0.5096153846153846
lambda_peak_4_32,7988,0.47115384615384615
lambda_peak_4_32,7989,0.4807692307692308
lambda_peak_4_32,7990,0.5480769230769231
lambda_peak_4_32,7991,0.34615384615384615
lambda_peak_4_32,7992,0.46153846153846156
lambda_peak_4_32,7993,0.4326923076923077
lambda_peak_4_32,7994,0.49038461538461536
lambda_peak_4_32,7995,0.5096153846153846
lambda_peak_4_32,7996,0.4230769230769231
lambda_peak_4_32,7997,0.3942307692307692
lambda_peak_4_32,7998,0.4519230769230769
lambda_peak_4_32,7999,0.4519230769230769
lambda_peak_4_32,8000,0.5480769230769231
lambda_peak_4_32,8001,0.47115384615384615
lambda_peak_4_32,8002,0.49038461538461536
lambda_peak_4_32,8003,0.3942307692307692
lambda_peak_4_32,8004,0.4230769230769231
lambda_peak_4_32,8005,0.4230769230769231
lambda_peak_4_32,8006,0.36538461538461536
lambda_peak_4_32,8007,0.5769230769230769
lambda_peak_4_32,8008,0.5192307692307693
lambda_peak_4_32,8009,0.47115384615384615
lambda_peak_4_32,8010,0.5192307692307693
lambda_peak_4_32,8011,0.47115384615384615
lambda_peak_4_32,8012,0.4807692307692308
lambda_peak_4_32,8013,0.3173076923076923
lambda_peak_4_32,8014,0.4423076923076923
lambda_peak_4_32,8015,0.4423076923076923
lambda_peak_4_32,8016,0.47115384615384615
lambda_peak_4_32,8017,0.5480769230769231
lambda_peak_4_32,8018,0.46153846153846156
lambda_peak_4_32,8019,0.46153846153846156
lambda_peak_4_32,8020,0.4423076923076923
lambda_peak_4_32,8021,0.34615384615384615
lambda_peak_4_32,8022,0.4423076923076923
lambda_peak_4_32,8023,0.4230769230769231
lambda_peak_4_32,8024,0.4519230769230769
lambda_peak_4_32,8025,0.375
lambda_peak_4_32,8026,0.47115384615384615
lambda_peak_4_32,8027,0.41346153846153844
lambda_peak_4_32,8028,0.4519230769230769
lambda_peak_4_32,8029,0.40384615384615385
lambda_peak_4_32,8030,0.47115384615384615
lambda_peak_4_32,8031,0.5384615384615384
lambda_peak_4_32,8032,0.4807692307692308
lambda_peak_4_32,8033,0.4807692307692308
lambda_peak_4_32,8034,0.3269230769230769
lambda_peak_4_32,8035,0.3942307692307692
lambda_peak_4_32,8036,0.47115384615384615
lambda_peak_4_32,8037,0.4807692307692308
lambda_peak_4_32,8038,0.4230769230769231
lambda_peak_4_32,8039,0.36538461538461536
lambda_peak_4_32,8040,0.46153846153846156
lambda_peak_4_32,8041,0.5
lambda_peak_4_32,8042,0.46153846153846156
lambda_peak_4_32,8043,0.4519230769230769
lambda_peak_4_32,8044,0.4807692307692308
lambda_peak_4_32,8045,0.4519230769230769
lambda_peak_4_32,8046,0.5480769230769231
lambda_peak_4_32,8047,0.3557692307692308
lambda_peak_4_32,8048,0.46153846153846156
lambda_peak_4_32,8049,0.47115384615384615
lambda_peak_4_32,8050,0.5192307692307693
lambda_peak_4_32,8051,0.4423076923076923
lambda_peak_4_32,8052,0.5192307692307693
lambda_peak_4_32,8053,0.4423076923076923
lambda_peak_4_32,8054,0.41346153846153844
lambda_peak_4_32,8055,0.47115384615384615
lambda_peak_4_32,8056,0.5096153846153846
lambda_peak_4_32,8057,0.47115384615384615
lambda_peak_4_32,8058,0.3942307692307692
lambda_peak_4_32,8059,0.4423076923076923
lambda_peak_4_32,8060,0.40384615384615385
lambda_peak_4_32,8061,0.4423076923076923
lambda_peak_4_32,8062,0.4230769230769231
lambda_peak_4_32,8063,0.4519230769230769
lambda_peak_4_32,8064,0.4519230769230769
lambda_peak_4_32,8065,0.46153846153846156
lambda_peak_4_32,8066,0.5096153846153846
lambda_peak_4_32,8067,0.5480769230769231
lambda_peak_4_32,8068,0.46153846153846156
lambda_peak_4_32,8069,0.5
lambda_peak_4_32,8070,0.4326923076923077
lambda_peak_4_32,8071,0.375
lambda_peak_4_32,8072,0.5096153846153846
lambda_peak_4_32,8073,0.5
lambda_peak_4_32,8074,0.3557692307692308
lambda_peak_4_32,8075,0.4807692307692308
lambda_peak_4_32,8076,0.36538461538461536
lambda_peak_4_32,8077,0.5576923076923077
lambda_peak_4_32,8078,0.4807692307692308
lambda_peak_4_32,8079,0.5096153846153846
lambda_peak_4_32,8080,0.47115384615384615
lambda_peak_4_32,8081,0.6057692307692307
lambda_peak_4_32,8082,0.49038461538461536
lambda_peak_4_32,8083,0.5
lambda_peak_4_32,8084,0.47115384615384615
lambda_peak_4_32,8085,0.5096153846153846
lambda_peak_4_32,8086,0.46153846153846156
lambda_peak_4_32,8087,0.38461538461538464
lambda_peak_4_32,8088,0.49038461538461536
lambda_peak_4_32,8089,0.5
lambda_peak_4_32,8090,0.5192307692307693
lambda_peak_4_32,8091,0.5576923076923077
lambda_peak_4_32,8092,0.6057692307692307
lambda_peak_4_32,8093,0.4807692307692308
lambda_peak_4_32,8094,0.5288461538461539
lambda_peak_4_32,8095,0.5480769230769231
lambda_peak_4_32,8096,0.4423076923076923
lambda_peak_4_32,8097,0.46153846153846156
lambda_peak_4_32,8098,0.4230769230769231
lambda_peak_4_32,8099,0.4423076923076923
lambda_peak_4_32,8100,0.5288461538461539
lambda_peak_4_32,8101,0.3942307692307692
lambda_peak_4_32,8102,0.4326923076923077
lambda_peak_4_32,8103,0.5192307692307693
lambda_peak_4_32,8104,0.4423076923076923
lambda_peak_4_32,8105,0.4326923076923077
lambda_peak_4_32,8106,0.46153846153846156
lambda_peak_4_32,8107,0.38461538461538464
lambda_peak_4_32,8108,0.4326923076923077
lambda_peak_4_32,8109,0.41346153846153844
lambda_peak_4_32,8110,0.41346153846153844
lambda_peak_4_32,8111,0.49038461538461536
lambda_peak_4_32,8112,0.5
lambda_peak_4_32,8113,0.46153846153846156
lambda_peak_4_32,8114,0.4230769230769231
lambda_peak_4_32,8115,0.5192307692307693
lambda_peak_4_32,8116,0.4519230769230769
lambda_peak_4_32,8117,0.4807692307692308
lambda_peak_4_32,8118,0.4326923076923077
lambda_peak_4_32,8119,0.3557692307692308
lambda_peak_4_32,8120,0.47115384615384615
lambda_peak_4_32,8121,0.34615384615384615
lambda_peak_4_32,8122,0.5288461538461539
lambda_peak_4_32,8123,0.5096153846153846
lambda_peak_4_32,8124,0.5480769230769231
lambda_peak_4_32,8125,0.4326923076923077
lambda_peak_4_32,8126,0.46153846153846156
lambda_peak_4_32,8127,0.4423076923076923
lambda_peak_4_32,8128,0.34615384615384615
lambda_peak_4_32,8129,0.49038461538461536
lambda_peak_4_32,8130,0.3942307692307692
lambda_peak_4_32,8131,0.46153846153846156
lambda_peak_4_32,8132,0.33653846153846156
lambda_peak_4_32,8133,0.46153846153846156
lambda_peak_4_32,8134,0.5384615384615384
lambda_peak_4_32,8135,0.4519230769230769
lambda_peak_4_32,8136,0.36538461538461536
lambda_peak_4_32,8137,0.5673076923076923
lambda_peak_4_32,8138,0.49038461538461536
lambda_peak_4_32,8139,0.5480769230769231
lambda_peak_4_32,8140,0.5288461538461539
lambda_peak_4_32,8141,0.4519230769230769
lambda_peak_4_32,8142,0.5
lambda_peak_4_32,8143,0.4423076923076923
lambda_peak_4_32,8144,0.4519230769230769
lambda_peak_4_32,8145,0.3942307692307692
lambda_peak_4_32,8146,0.4807692307692308
lambda_peak_4_32,8147,0.49038461538461536
lambda_peak_4_32,8148,0.33653846153846156
lambda_peak_4_32,8149,0.4423076923076923
lambda_peak_4_32,8150,0.47115384615384615
lambda_peak_4_32,8151,0.4423076923076923
lambda_peak_4_32,8152,0.5
lambda_peak_4_32,8153,0.5
lambda_peak_4_32,8154,0.5
lambda_peak_4_32,8155,0.4519230769230769
lambda_peak_4_32,8156,0.3942307692307692
lambda_peak_4_32,8157,0.40384615384615385
lambda_peak_4_32,8158,0.38461538461538464
lambda_peak_4_32,8159,0.5865384615384616
lambda_peak_4_32,8160,0.4519230769230769
lambda_peak_4_32,8161,0.5576923076923077
lambda_peak_4_32,8162,0.49038461538461536
lambda_peak_4_32,8163,0.5192307692307693
lambda_peak_4_32,8164,0.5
lambda_peak_4_32,8165,0.41346153846153844
lambda_peak_4_32,8166,0.5576923076923077
lambda_peak_4_32,8167,0.4230769230769231
lambda_peak_4_32,8168,0.3942307692307692
lambda_peak_4_32,8169,0.5096153846153846
lambda_peak_4_32,8170,0.4423076923076923
lambda_peak_4_32,8171,0.5192307692307693
lambda_peak_4_32,8172,0.5096153846153846
lambda_peak_4_32,8173,0.5192307692307693
lambda_peak_4_32,8174,0.6057692307692307
lambda_peak_4_32,8175,0.49038461538461536
lambda_peak_4_32,8176,0.5
lambda_peak_4_32,8177,0.5096153846153846
lambda_peak_4_32,8178,0.4519230769230769
lambda_peak_4_32,8179,0.46153846153846156
lambda_peak_4_32,8180,0.40384615384615385
lambda_peak_4_32,8181,0.4519230769230769
lambda_peak_4_32,8182,0.5192307692307693
lambda_peak_4_32,8183,0.36538461538461536
lambda_peak_4_32,8184,0.47115384615384615
lambda_peak_4_32,8185,0.47115384615384615
lambda_peak_4_32,8186,0.47115384615384615
lambda_peak_4_32,8187,0.4807692307692308
lambda_peak_4_32,8188,0.41346153846153844
lambda_peak_4_32,8189,0.46153846153846156
lambda_peak_4_32,8190,0.4423076923076923
lambda_peak_4_32,8191,0.4519230769230769
lambda_peak_4_32,8192,0.5192307692307693
lambda_peak_4_32,8193,0.41346153846153844
lambda_peak_4_32,8194,0.4807692307692308
lambda_peak_4_32,8195,0.38461538461538464
lambda_peak_4_32,8196,0.4230769230769231
lambda_peak_4_32,8197,0.47115384615384615
lambda_peak_4_32,8198,0.5576923076923077
lambda_peak_4_32,8199,0.49038461538461536
lambda_peak_4_32,8200,0.5096153846153846
lambda_peak_4_32,8201,0.41346153846153844
lambda_peak_4_32,8202,0.41346153846153844
lambda_peak_4_32,8203,0.3269230769230769
lambda_peak_4_32,8204,0.5288461538461539
lambda_peak_4_32,8205,0.5192307692307693
lambda_peak_4_32,8206,0.46153846153846156
lambda_peak_4_32,8207,0.5865384615384616
lambda_peak_4_32,8208,0.5384615384615384
lambda_peak_4_32,8209,0.5673076923076923
lambda_peak_4_32,8210,0.5384615384615384
lambda_peak_4_32,8211,0.3942307692307692
lambda_peak_4_32,8212,0.5096153846153846
lambda_peak_4_32,8213,0.4230769230769231
lambda_peak_4_32,8214,0.49038461538461536
lambda_peak_4_32,8215,0.4423076923076923
lambda_peak_4_32,8216,0.38461538461538464
lambda_peak_4_32,8217,0.4519230769230769
lambda_peak_4_32,8218,0.4807692307692308
lambda_peak_4_32,8219,0.5673076923076923
lambda_peak_4_32,8220,0.4326923076923077
lambda_peak_4_32,8221,0.47115384615384615
lambda_peak_4_32,8222,0.4519230769230769
lambda_peak_4_32,8223,0.49038461538461536
lambda_peak_4_32,8224,0.4326923076923077
lambda_peak_4_32,8225,0.49038461538461536
lambda_peak_4_32,8226,0.49038461538461536
lambda_peak_4_32,8227,0.5480769230769231
lambda_peak_4_32,8228,0.5096153846153846
lambda_peak_4_32,8229,0.5
lambda_peak_4_32,8230,0.46153846153846156
lambda_peak_4_32,8231,0.5384615384615384
lambda_peak_4_32,8232,0.4326923076923077
lambda_peak_4_32,8233,0.47115384615384615
lambda_peak_4_32,8234,0.40384615384615385
lambda_peak_4_32,8235,0.4326923076923077
lambda_peak_4_32,8236,0.4519230769230769
lambda_peak_4_32,8237,0.36538461538461536
lambda_peak_4_32,8238,0.46153846153846156
lambda_peak_4_32,8239,0.4230769230769231
lambda_peak_4_32,8240,0.40384615384615385
lambda_peak_4_32,8241,0.5096153846153846
lambda_peak_4_32,8242,0.5384615384615384
lambda_peak_4_32,8243,0.4326923076923077
lambda_peak_4_32,8244,0.3942307692307692
lambda_peak_4_32,8245,0.40384615384615385
lambda_peak_4_32,8246,0.4519230769230769
lambda_peak_4_32,8247,0.46153846153846156
lambda_peak_4_32,8248,0.4326923076923077
lambda_peak_4_32,8249,0.4807692307692308
lambda_peak_4_32,8250,0.5096153846153846
lambda_peak_4_32,8251,0.4807692307692308
lambda_peak_4_32,8252,0.46153846153846156
lambda_peak_4_32,8253,0.47115384615384615
lambda_peak_4_32,8254,0.49038461538461536
lambda_peak_4_32,8255,0.5384615384615384
lambda_peak_4_32,8256,0.4519230769230769
lambda_peak_4_32,8257,0.46153846153846156
lambda_peak_4_32,8258,0.47115384615384615
lambda_peak_4_32,8259,0.4423076923076923
lambda_peak_4_32,8260,0.5576923076923077
lambda_peak_4_32,8261,0.5
lambda_peak_4_32,8262,0.46153846153846156
lambda_peak_4_32,8263,0.5
lambda_peak_4_32,8264,0.5
lambda_peak_4_32,8265,0.47115384615384615
lambda_peak_4_32,8266,0.4326923076923077
lambda_peak_4_32,8267,0.5288461538461539
lambda_peak_4_32,8268,0.49038461538461536
lambda_peak_4_32,8269,0.46153846153846156
lambda_peak_4_32,8270,0.41346153846153844
lambda_peak_4_32,8271,0.5192307692307693
lambda_peak_4_32,8272,0.36538461538461536
lambda_peak_4_32,8273,0.36538461538461536
lambda_peak_4_32,8274,0.40384615384615385
lambda_peak_4_32,8275,0.4423076923076923
lambda_peak_4_32,8276,0.4326923076923077
lambda_peak_4_32,8277,0.4519230769230769
lambda_peak_4_32,8278,0.3557692307692308
lambda_peak_4_32,8279,0.5288461538461539
lambda_peak_4_32,8280,0.3942307692307692
lambda_peak_4_32,8281,0.4230769230769231
lambda_peak_4_32,8282,0.47115384615384615
lambda_peak_4_32,8283,0.40384615384615385
lambda_peak_4_32,8284,0.47115384615384615
lambda_peak_4_32,8285,0.4423076923076923
lambda_peak_4_32,8286,0.4519230769230769
lambda_peak_4_32,8287,0.4326923076923077
lambda_peak_4_32,8288,0.3942307692307692
lambda_peak_4_32,8289,0.36538461538461536
lambda_peak_4_32,8290,0.41346153846153844
lambda_peak_4_32,8291,0.40384615384615385
lambda_peak_4_32,8292,0.4423076923076923
lambda_peak_4_32,8293,0.49038461538461536
lambda_peak_4_32,8294,0.38461538461538464
lambda_peak_4_32,8295,0.49038461538461536
lambda_peak_4_32,8296,0.46153846153846156
lambda_peak_4_32,8297,0.5673076923076923
lambda_peak_4_32,8298,0.5096153846153846
lambda_peak_4_32,8299,0.4423076923076923
lambda_peak_4_32,8300,0.4230769230769231
lambda_peak_4_32,8301,0.4326923076923077
lambda_peak_4_32,8302,0.4326923076923077
lambda_peak_4_32,8303,0.5288461538461539
lambda_peak_4_32,8304,0.5192307692307693
lambda_peak_4_32,8305,0.4423076923076923
lambda_peak_4_32,8306,0.4519230769230769
lambda_peak_4_32,8307,0.4807692307692308
lambda_peak_4_32,8308,0.4326923076923077
lambda_peak_4_32,8309,0.4230769230769231
lambda_peak_4_32,8310,0.5384615384615384
lambda_peak_4_32,8311,0.5096153846153846
lambda_peak_4_32,8312,0.5
lambda_peak_4_32,8313,0.4519230769230769
lambda_peak_4_32,8314,0.47115384615384615
lambda_peak_4_32,8315,0.49038461538461536
lambda_peak_4_32,8316,0.5288461538461539
lambda_peak_4_32,8317,0.4519230769230769
lambda_peak_4_32,8318,0.49038461538461536
lambda_peak_4_32,8319,0.4326923076923077
lambda_peak_4_32,8320,0.46153846153846156
lambda_peak_4_32,8321,0.4423076923076923
lambda_peak_4_32,8322,0.4423076923076923
lambda_peak_4_32,8323,0.49038461538461536
lambda_peak_4_32,8324,0.5480769230769231
lambda_peak_4_32,8325,0.375
lambda_peak_4_32,8326,0.46153846153846156
lambda_peak_4_32,8327,0.625
lambda_peak_4_32,8328,0.5192307692307693
lambda_peak_4_32,8329,0.5769230769230769
lambda_peak_4_32,8330,0.5673076923076923
lambda_peak_4_32,8331,0.4326923076923077
lambda_peak_4_32,8332,0.4807692307692308
lambda_peak_4_32,8333,0.4326923076923077
lambda_peak_4_32,8334,0.46153846153846156
lambda_peak_4_32,8335,0.41346153846153844
lambda_peak_4_32,8336,0.5480769230769231
lambda_peak_4_32,8337,0.3942307692307692
lambda_peak_4_32,8338,0.5
lambda_peak_4_32,8339,0.4326923076923077
lambda_peak_4_32,8340,0.3557692307692308
lambda_peak_4_32,8341,0.36538461538461536
lambda_peak_4_32,8342,0.36538461538461536
lambda_peak_4_32,8343,0.5288461538461539
lambda_peak_4_32,8344,0.4519230769230769
lambda_peak_4_32,8345,0.36538461538461536
lambda_peak_4_32,8346,0.46153846153846156
lambda_peak_4_32,8347,0.5096153846153846
lambda_peak_4_32,8348,0.47115384615384615
lambda_peak_4_32,8349,0.49038461538461536
lambda_peak_4_32,8350,0.5096153846153846
lambda_peak_4_32,8351,0.49038461538461536
lambda_peak_4_32,8352,0.4519230769230769
lambda_peak_4_32,8353,0.5192307692307693
lambda_peak_4_32,8354,0.3942307692307692
lambda_peak_4_32,8355,0.5192307692307693
lambda_peak_4_32,8356,0.46153846153846156
lambda_peak_4_32,8357,0.41346153846153844
lambda_peak_4_32,8358,0.4423076923076923
lambda_peak_4_32,8359,0.5769230769230769
lambda_peak_4_32,8360,0.46153846153846156
lambda_peak_4_32,8361,0.3942307692307692
lambda_peak_4_32,8362,0.375
lambda_peak_4_32,8363,0.46153846153846156
lambda_peak_4_32,8364,0.40384615384615385
lambda_peak_4_32,8365,0.4519230769230769
lambda_peak_4_32,8366,0.5288461538461539
lambda_peak_4_32,8367,0.40384615384615385
lambda_peak_4_32,8368,0.5192307692307693
lambda_peak_4_32,8369,0.5288461538461539
lambda_peak_4_32,8370,0.49038461538461536
lambda_peak_4_32,8371,0.5480769230769231
lambda_peak_4_32,8372,0.4230769230769231
lambda_peak_4_32,8373,0.40384615384615385
lambda_peak_4_32,8374,0.5096153846153846
lambda_peak_4_32,8375,0.41346153846153844
lambda_peak_4_32,8376,0.4423076923076923
lambda_peak_4_32,8377,0.47115384615384615
lambda_peak_4_32,8378,0.5
lambda_peak_4_32,8379,0.5192307692307693
lambda_peak_4_32,8380,0.5384615384615384
lambda_peak_4_32,8381,0.4519230769230769
lambda_peak_4_32,8382,0.40384615384615385
lambda_peak_4_32,8383,0.5
lambda_peak_4_32,8384,0.4807692307692308
lambda_peak_4_32,8385,0.3942307692307692
lambda_peak_4_32,8386,0.4807692307692308
lambda_peak_4_32,8387,0.4326923076923077
lambda_peak_4_32,8388,0.46153846153846156
lambda_peak_4_32,8389,0.5288461538461539
lambda_peak_4_32,8390,0.38461538461538464
lambda_peak_4_32,8391,0.5192307692307693
lambda_peak_4_32,8392,0.5384615384615384
lambda_peak_4_32,8393,0.5192307692307693
lambda_peak_4_32,8394,0.46153846153846156
lambda_peak_4_32,8395,0.40384615384615385
lambda_peak_4_32,8396,0.5192307692307693
lambda_peak_4_32,8397,0.4519230769230769
lambda_peak_4_32,8398,0.5288461538461539
lambda_peak_4_32,8399,0.3557692307692308
lambda_peak_4_32,8400,0.5
lambda_peak_4_32,8401,0.5192307692307693
lambda_peak_4_32,8402,0.4326923076923077
lambda_peak_4_32,8403,0.3942307692307692
lambda_peak_4_32,8404,0.46153846153846156
lambda_peak_4_32,8405,0.5576923076923077
lambda_peak_4_32,8406,0.3557692307692308
lambda_peak_4_32,8407,0.5673076923076923
lambda_peak_4_32,8408,0.49038461538461536
lambda_peak_4_32,8409,0.49038461538461536
lambda_peak_4_32,8410,0.49038461538461536
lambda_peak_4_32,8411,0.4230769230769231
lambda_peak_4_32,8412,0.5192307692307693
lambda_peak_4_32,8413,0.5480769230769231
lambda_peak_4_32,8414,0.47115384615384615
lambda_peak_4_32,8415,0.49038461538461536
lambda_peak_4_32,8416,0.4326923076923077
lambda_peak_4_32,8417,0.3942307692307692
lambda_peak_4_32,8418,0.36538461538461536
lambda_peak_4_32,8419,0.49038461538461536
lambda_peak_4_32,8420,0.4326923076923077
lambda_peak_4_32,8421,0.4807692307692308
lambda_peak_4_32,8422,0.49038461538461536
lambda_peak_4_32,8423,0.49038461538461536
lambda_peak_4_32,8424,0.4230769230769231
lambda_peak_4_32,8425,0.4807692307692308
lambda_peak_4_32,8426,0.4519230769230769
lambda_peak_4_32,8427,0.375
lambda_peak_4_32,8428,0.375
lambda_peak_4_32,8429,0.5769230769230769
lambda_peak_4_32,8430,0.5192307692307693
lambda_peak_4_32,8431,0.40384615384615385
lambda_peak_4_32,8432,0.5192307692307693
lambda_peak_4_32,8433,0.4326923076923077
lambda_peak_4_32,8434,0.5192307692307693
lambda_peak_4_32,8435,0.4807692307692308
lambda_peak_4_32,8436,0.49038461538461536
lambda_peak_4_32,8437,0.4423076923076923
lambda_peak_4_32,8438,0.4519230769230769
lambda_peak_4_32,8439,0.5096153846153846
lambda_peak_4_32,8440,0.49038461538461536
lambda_peak_4_32,8441,0.5288461538461539
lambda_peak_4_32,8442,0.4519230769230769
lambda_peak_4_32,8443,0.3557692307692308
lambda_peak_4_32,8444,0.5673076923076923
lambda_peak_4_32,8445,0.5192307692307693
lambda_peak_4_32,8446,0.3942307692307692
lambda_peak_4_32,8447,0.4230769230769231
lambda_peak_4_32,8448,0.47115384615384615
lambda_peak_4_32,8449,0.4326923076923077
lambda_peak_4_32,8450,0.47115384615384615
lambda_peak_4_32,8451,0.5673076923076923
lambda_peak_4_32,8452,0.3173076923076923
lambda_peak_4_32,8453,0.5288461538461539
lambda_peak_4_32,8454,0.49038461538461536
lambda_peak_4_32,8455,0.5384615384615384
lambda_peak_4_32,8456,0.4807692307692308
lambda_peak_4_32,8457,0.40384615384615385
lambda_peak_4_32,8458,0.5384615384615384
lambda_peak_4_32,8459,0.47115384615384615
lambda_peak_4_32,8460,0.4519230769230769
lambda_peak_4_32,8461,0.5
lambda_peak_4_32,8462,0.4326923076923077
lambda_peak_4_32,8463,0.46153846153846156
lambda_peak_4_32,8464,0.5961538461538461
lambda_peak_4_32,8465,0.4807692307692308
lambda_peak_4_32,8466,0.4807692307692308
lambda_peak_4_32,8467,0.4326923076923077
lambda_peak_4_32,8468,0.5384615384615384
lambda_peak_4_32,8469,0.4423076923076923
lambda_peak_4_32,8470,0.47115384615384615
lambda_peak_4_32,8471,0.49038461538461536
lambda_peak_4_32,8472,0.5096153846153846
lambda_peak_4_32,8473,0.3557692307692308
lambda_peak_4_32,8474,0.4230769230769231
lambda_peak_4_32,8475,0.3942307692307692
lambda_peak_4_32,8476,0.40384615384615385
lambda_peak_4_32,8477,0.4326923076923077
lambda_peak_4_32,8478,0.49038461538461536
lambda_peak_4_32,8479,0.5192307692307693
lambda_peak_4_32,8480,0.5192307692307693
lambda_peak_4_32,8481,0.3942307692307692
lambda_peak_4_32,8482,0.4326923076923077
lambda_peak_4_32,8483,0.41346153846153844
lambda_peak_4_32,8484,0.5384615384615384
lambda_peak_4_32,8485,0.5288461538461539
lambda_peak_4_32,8486,0.4519230769230769
lambda_peak_4_32,8487,0.5192307692307693
lambda_peak_4_32,8488,0.47115384615384615
lambda_peak_4_32,8489,0.40384615384615385
lambda_peak_4_32,8490,0.4230769230769231
lambda_peak_4_32,8491,0.5480769230769231
lambda_peak_4_32,8492,0.5
lambda_peak_4_32,8493,0.5096153846153846
lambda_peak_4_32,8494,0.49038461538461536
lambda_peak_4_32,8495,0.3942307692307692
lambda_peak_4_32,8496,0.4807692307692308
lambda_peak_4_32,8497,0.38461538461538464
lambda_peak_4_32,8498,0.4230769230769231
lambda_peak_4_32,8499,0.5288461538461539
lambda_peak_4_32,8500,0.5480769230769231
lambda_peak_4_32,8501,0.38461538461538464
lambda_peak_4_32,8502,0.6442307692307693
lambda_peak_4_32,8503,0.46153846153846156
lambda_peak_4_32,8504,0.4423076923076923
lambda_peak_4_32,8505,0.4807692307692308
lambda_peak_4_32,8506,0.5384615384615384
lambda_peak_4_32,8507,0.4326923076923077
lambda_peak_4_32,8508,0.5096153846153846
lambda_peak_4_32,8509,0.5288461538461539
lambda_peak_4_32,8510,0.46153846153846156
lambda_peak_4_32,8511,0.5096153846153846
lambda_peak_4_32,8512,0.40384615384615385
lambda_peak_4_32,8513,0.49038461538461536
lambda_peak_4_32,8514,0.4326923076923077
lambda_peak_4_32,8515,0.4423076923076923
lambda_peak_4_32,8516,0.41346153846153844
lambda_peak_4_32,8517,0.4326923076923077
lambda_peak_4_32,8518,0.5192307692307693
lambda_peak_4_32,8519,0.5096153846153846
lambda_peak_4_32,8520,0.47115384615384615
lambda_peak_4_32,8521,0.4423076923076923
lambda_peak_4_32,8522,0.47115384615384615
lambda_peak_4_32,8523,0.5096153846153846
lambda_peak_4_32,8524,0.5288461538461539
lambda_peak_4_32,8525,0.47115384615384615
lambda_peak_4_32,8526,0.4423076923076923
lambda_peak_4_32,8527,0.49038461538461536
lambda_peak_4_32,8528,0.5480769230769231
lambda_peak_4_32,8529,0.4230769230769231
lambda_peak_4_32,8530,0.5288461538461539
lambda_peak_4_32,8531,0.5192307692307693
lambda_peak_4_32,8532,0.4423076923076923
lambda_peak_4_32,8533,0.46153846153846156
lambda_peak_4_32,8534,0.4519230769230769
lambda_peak_4_32,8535,0.4519230769230769
lambda_peak_4_32,8536,0.4326923076923077
lambda_peak_4_32,8537,0.38461538461538464
lambda_peak_4_32,8538,0.4423076923076923
lambda_peak_4_32,8539,0.4423076923076923
lambda_peak_4_32,8540,0.5192307692307693
lambda_peak_4_32,8541,0.4423076923076923
lambda_peak_4_32,8542,0.4230769230769231
lambda_peak_4_32,8543,0.5384615384615384
lambda_peak_4_32,8544,0.375
lambda_peak_4_32,8545,0.5096153846153846
lambda_peak_4_32,8546,0.46153846153846156
lambda_peak_4_32,8547,0.46153846153846156
lambda_peak_4_32,8548,0.41346153846153844
lambda_peak_4_32,8549,0.4519230769230769
lambda_peak_4_32,8550,0.46153846153846156
lambda_peak_4_32,8551,0.4807692307692308
lambda_peak_4_32,8552,0.5865384615384616
lambda_peak_4_32,8553,0.4807692307692308
lambda_peak_4_32,8554,0.41346153846153844
lambda_peak_4_32,8555,0.4807692307692308
lambda_peak_4_32,8556,0.47115384615384615
lambda_peak_4_32,8557,0.41346153846153844
lambda_peak_4_32,8558,0.46153846153846156
lambda_peak_4_32,8559,0.4230769230769231
lambda_peak_4_32,8560,0.40384615384615385
lambda_peak_4_32,8561,0.5
lambda_peak_4_32,8562,0.47115384615384615
lambda_peak_4_32,8563,0.4519230769230769
lambda_peak_4_32,8564,0.47115384615384615
lambda_peak_4_32,8565,0.4423076923076923
lambda_peak_4_32,8566,0.5096153846153846
lambda_peak_4_32,8567,0.5192307692307693
lambda_peak_4_32,8568,0.49038461538461536
lambda_peak_4_32,8569,0.49038461538461536
lambda_peak_4_32,8570,0.4326923076923077
lambda_peak_4_32,8571,0.4326923076923077
lambda_peak_4_32,8572,0.4230769230769231
lambda_peak_4_32,8573,0.5
lambda_peak_4_32,8574,0.4519230769230769
lambda_peak_4_32,8575,0.49038461538461536
lambda_peak_4_32,8576,0.4326923076923077
lambda_peak_4_32,8577,0.49038461538461536
lambda_peak_4_32,8578,0.5673076923076923
lambda_peak_4_32,8579,0.49038461538461536
lambda_peak_4_32,8580,0.4519230769230769
lambda_peak_4_32,8581,0.46153846153846156
lambda_peak_4_32,8582,0.46153846153846156
lambda_peak_4_32,8583,0.34615384615384615
lambda_peak_4_32,8584,0.46153846153846156
lambda_peak_4_32,8585,0.4230769230769231
lambda_peak_4_32,8586,0.4807692307692308
lambda_peak_4_32,8587,0.5096153846153846
lambda_peak_4_32,8588,0.4423076923076923
lambda_peak_4_32,8589,0.4807692307692308
lambda_peak_4_32,8590,0.41346153846153844
lambda_peak_4_32,8591,0.5673076923076923
lambda_peak_4_32,8592,0.4807692307692308
lambda_peak_4_32,8593,0.49038461538461536
lambda_peak_4_32,8594,0.4423076923076923
lambda_peak_4_32,8595,0.4807692307692308
lambda_peak_4_32,8596,0.47115384615384615
lambda_peak_4_32,8597,0.47115384615384615
lambda_peak_4_32,8598,0.4519230769230769
lambda_peak_4_32,8599,0.4519230769230769
lambda_peak_4_32,8600,0.47115384615384615
lambda_peak_4_32,8601,0.4519230769230769
lambda_peak_4_32,8602,0.3942307692307692
lambda_peak_4_32,8603,0.4519230769230769
lambda_peak_4_32,8604,0.5480769230769231
lambda_peak_4_32,8605,0.38461538461538464
lambda_peak_4_32,8606,0.4519230769230769
lambda_peak_4_32,8607,0.49038461538461536
lambda_peak_4_32,8608,0.5192307692307693
lambda_peak_4_32,8609,0.4807692307692308
lambda_peak_4_32,8610,0.49038461538461536
lambda_peak_4_32,8611,0.47115384615384615
lambda_peak_4_32,8612,0.4423076923076923
lambda_peak_4_32,8613,0.5288461538461539
lambda_peak_4_32,8614,0.5096153846153846
lambda_peak_4_32,8615,0.5
lambda_peak_4_32,8616,0.5384615384615384
lambda_peak_4_32,8617,0.4807692307692308
lambda_peak_4_32,8618,0.5
lambda_peak_4_32,8619,0.375
lambda_peak_4_32,8620,0.4230769230769231
lambda_peak_4_32,8621,0.46153846153846156
lambda_peak_4_32,8622,0.4230769230769231
lambda_peak_4_32,8623,0.375
lambda_peak_4_32,8624,0.5192307692307693
lambda_peak_4_32,8625,0.4326923076923077
lambda_peak_4_32,8626,0.5096153846153846
lambda_peak_4_32,8627,0.5480769230769231
lambda_peak_4_32,8628,0.4519230769230769
lambda_peak_4_32,8629,0.3942307692307692
lambda_peak_4_32,8630,0.5
lambda_peak_4_32,8631,0.38461538461538464
lambda_peak_4_32,8632,0.5288461538461539
lambda_peak_4_32,8633,0.5288461538461539
lambda_peak_4_32,8634,0.5
lambda_peak_4_32,8635,0.33653846153846156
lambda_peak_4_32,8636,0.5096153846153846
lambda_peak_4_32,8637,0.46153846153846156
lambda_peak_4_32,8638,0.47115384615384615
lambda_peak_4_32,8639,0.40384615384615385
lambda_peak_4_32,8640,0.4807692307692308
lambda_peak_4_32,8641,0.4423076923076923
lambda_peak_4_32,8642,0.5288461538461539
lambda_peak_4_32,8643,0.375
lambda_peak_4_32,8644,0.5576923076923077
lambda_peak_4_32,8645,0.5384615384615384
lambda_peak_4_32,8646,0.4807692307692308
lambda_peak_4_32,8647,0.5
lambda_peak_4_32,8648,0.49038461538461536
lambda_peak_4_32,8649,0.4423076923076923
lambda_peak_4_32,8650,0.4326923076923077
lambda_peak_4_32,8651,0.4230769230769231
lambda_peak_4_32,8652,0.4326923076923077
lambda_peak_4_32,8653,0.5192307692307693
lambda_peak_4_32,8654,0.4519230769230769
lambda_peak_4_32,8655,0.4519230769230769
lambda_peak_4_32,8656,0.5480769230769231
lambda_peak_4_32,8657,0.4519230769230769
lambda_peak_4_32,8658,0.46153846153846156
lambda_peak_4_32,8659,0.5096153846153846
lambda_peak_4_32,8660,0.5
lambda_peak_4_32,8661,0.5
lambda_peak_4_32,8662,0.5576923076923077
lambda_peak_4_32,8663,0.4807692307692308
lambda_peak_4_32,8664,0.49038461538461536
lambda_peak_4_32,8665,0.46153846153846156
lambda_peak_4_32,8666,0.5192307692307693
lambda_peak_4_32,8667,0.5192307692307693
lambda_peak_4_32,8668,0.5576923076923077
lambda_peak_4_32,8669,0.5480769230769231
lambda_peak_4_32,8670,0.46153846153846156
lambda_peak_4_32,8671,0.5192307692307693
lambda_peak_4_32,8672,0.5096153846153846
lambda_peak_4_32,8673,0.41346153846153844
lambda_peak_4_32,8674,0.5288461538461539
lambda_peak_4_32,8675,0.5096153846153846
lambda_peak_4_32,8676,0.3942307692307692
lambda_peak_4_32,8677,0.4326923076923077
lambda_peak_4_32,8678,0.47115384615384615
lambda_peak_4_32,8679,0.5192307692307693
lambda_peak_4_32,8680,0.3557692307692308
lambda_peak_4_32,8681,0.4807692307692308
lambda_peak_4_32,8682,0.4230769230769231
lambda_peak_4_32,8683,0.5
lambda_peak_4_32,8684,0.4230769230769231
lambda_peak_4_32,8685,0.36538461538461536
lambda_peak_4_32,8686,0.3942307692307692
lambda_peak_4_32,8687,0.5865384615384616
lambda_peak_4_32,8688,0.5288461538461539
lambda_peak_4_32,8689,0.41346153846153844
lambda_peak_4_32,8690,0.5
lambda_peak_4_32,8691,0.4519230769230769
lambda_peak_4_32,8692,0.4230769230769231
lambda_peak_4_32,8693,0.5480769230769231
lambda_peak_4_32,8694,0.4326923076923077
lambda_peak_4_32,8695,0.5
lambda_peak_4_32,8696,0.5096153846153846
lambda_peak_4_32,8697,0.49038461538461536
lambda_peak_4_32,8698,0.38461538461538464
lambda_peak_4_32,8699,0.38461538461538464
lambda_peak_4_32,8700,0.46153846153846156
lambda_peak_4_32,8701,0.4326923076923077
lambda_peak_4_32,8702,0.49038461538461536
lambda_peak_4_32,8703,0.5096153846153846
lambda_peak_4_32,8704,0.47115384615384615
lambda_peak_4_32,8705,0.4230769230769231
lambda_peak_4_32,8706,0.4807692307692308
lambda_peak_4_32,8707,0.46153846153846156
lambda_peak_4_32,8708,0.5576923076923077
lambda_peak_4_32,8709,0.4326923076923077
lambda_peak_4_32,8710,0.4519230769230769
lambda_peak_4_32,8711,0.4807692307692308
lambda_peak_4_32,8712,0.5384615384615384
lambda_peak_4_32,8713,0.5769230769230769
lambda_peak_4_32,8714,0.47115384615384615
lambda_peak_4_32,8715,0.47115384615384615
lambda_peak_4_32,8716,0.3942307692307692
lambda_peak_4_32,8717,0.41346153846153844
lambda_peak_4_32,8718,0.4326923076923077
lambda_peak_4_32,8719,0.46153846153846156
lambda_peak_4_32,8720,0.3942307692307692
lambda_peak_4_32,8721,0.46153846153846156
lambda_peak_4_32,8722,0.4519230769230769
lambda_peak_4_32,8723,0.4423076923076923
lambda_peak_4_32,8724,0.28846153846153844
lambda_peak_4_32,8725,0.38461538461538464
lambda_peak_4_32,8726,0.5865384615384616
lambda_peak_4_32,8727,0.5096153846153846
lambda_peak_4_32,8728,0.38461538461538464
lambda_peak_4_32,8729,0.46153846153846156
lambda_peak_4_32,8730,0.47115384615384615
lambda_peak_4_32,8731,0.5769230769230769
lambda_peak_4_32,8732,0.5288461538461539
lambda_peak_4_32,8733,0.5480769230769231
lambda_peak_4_32,8734,0.47115384615384615
lambda_peak_4_32,8735,0.41346153846153844
lambda_peak_4_32,8736,0.4423076923076923
lambda_peak_4_32,8737,0.4423076923076923
lambda_peak_4_32,8738,0.3942307692307692
lambda_peak_4_32,8739,0.47115384615384615
lambda_peak_4_32,8740,0.38461538461538464
lambda_peak_4_32,8741,0.5096153846153846
lambda_peak_4_32,8742,0.4519230769230769
lambda_peak_4_32,8743,0.5576923076923077
lambda_peak_4_32,8744,0.3942307692307692
lambda_peak_4_32,8745,0.38461538461538464
lambda_peak_4_32,8746,0.38461538461538464
lambda_peak_4_32,8747,0.49038461538461536
lambda_peak_4_32,8748,0.46153846153846156
lambda_peak_4_32,8749,0.5288461538461539
lambda_peak_4_32,8750,0.4519230769230769
lambda_peak_4_32,8751,0.38461538461538464
lambda_peak_4_32,8752,0.46153846153846156
lambda_peak_4_32,8753,0.4423076923076923
lambda_peak_4_32,8754,0.4230769230769231
lambda_peak_4_32,8755,0.5096153846153846
lambda_peak_4_32,8756,0.46153846153846156
lambda_peak_4_32,8757,0.375
lambda_peak_4_32,8758,0.40384615384615385
lambda_peak_4_32,8759,0.4519230769230769
lambda_peak_4_32,8760,0.4519230769230769
lambda_peak_4_32,8761,0.5384615384615384
lambda_peak_4_32,8762,0.4326923076923077
lambda_peak_4_32,8763,0.4423076923076923
lambda_peak_4_32,8764,0.5288461538461539
lambda_peak_4_32,8765,0.46153846153846156
lambda_peak_4_32,8766,0.40384615384615385
lambda_peak_4_32,8767,0.47115384615384615
lambda_peak_4_32,8768,0.4807692307692308
lambda_peak_4_32,8769,0.4807692307692308
lambda_peak_4_32,8770,0.5192307692307693
lambda_peak_4_32,8771,0.4807692307692308
lambda_peak_4_32,8772,0.41346153846153844
lambda_peak_4_32,8773,0.38461538461538464
lambda_peak_4_32,8774,0.47115384615384615
lambda_peak_4_32,8775,0.4519230769230769
lambda_peak_4_32,8776,0.5480769230769231
lambda_peak_4_32,8777,0.5384615384615384
lambda_peak_4_32,8778,0.5096153846153846
lambda_peak_4_32,8779,0.49038461538461536
lambda_peak_4_32,8780,0.4230769230769231
lambda_peak_4_32,8781,0.3942307692307692
lambda_peak_4_32,8782,0.5096153846153846
lambda_peak_4_32,8783,0.5096153846153846
lambda_peak_4_32,8784,0.4423076923076923
lambda_peak_4_32,8785,0.3942307692307692
lambda_peak_4_32,8786,0.40384615384615385
lambda_peak_4_32,8787,0.5480769230769231
lambda_peak_4_32,8788,0.5288461538461539
lambda_peak_4_32,8789,0.46153846153846156
lambda_peak_4_32,8790,0.49038461538461536
lambda_peak_4_32,8791,0.47115384615384615
lambda_peak_4_32,8792,0.4423076923076923
lambda_peak_4_32,8793,0.46153846153846156
lambda_peak_4_32,8794,0.41346153846153844
lambda_peak_4_32,8795,0.5192307692307693
lambda_peak_4_32,8796,0.46153846153846156
lambda_peak_4_32,8797,0.38461538461538464
lambda_peak_4_32,8798,0.4519230769230769
lambda_peak_4_32,8799,0.3942307692307692
lambda_peak_4_32,8800,0.38461538461538464
lambda_peak_4_32,8801,0.38461538461538464
lambda_peak_4_32,8802,0.5673076923076923
lambda_peak_4_32,8803,0.5096153846153846
lambda_peak_4_32,8804,0.5576923076923077
lambda_peak_4_32,8805,0.5288461538461539
lambda_peak_4_32,8806,0.5096153846153846
lambda_peak_4_32,8807,0.5
lambda_peak_4_32,8808,0.5769230769230769
lambda_peak_4_32,8809,0.5384615384615384
lambda_peak_4_32,8810,0.4807692307692308
lambda_peak_4_32,8811,0.3942307692307692
lambda_peak_4_32,8812,0.4230769230769231
lambda_peak_4_32,8813,0.38461538461538464
lambda_peak_4_32,8814,0.5288461538461539
lambda_peak_4_32,8815,0.5288461538461539
lambda_peak_4_32,8816,0.46153846153846156
lambda_peak_4_32,8817,0.5096153846153846
lambda_peak_4_32,8818,0.4807692307692308
lambda_peak_4_32,8819,0.4519230769230769
lambda_peak_4_32,8820,0.5192307692307693
lambda_peak_4_32,8821,0.3557692307692308
lambda_peak_4_32,8822,0.4423076923076923
lambda_peak_4_32,8823,0.4326923076923077
lambda_peak_4_32,8824,0.4230769230769231
lambda_peak_4_32,8825,0.40384615384615385
lambda_peak_4_32,8826,0.4423076923076923
lambda_peak_4_32,8827,0.4519230769230769
lambda_peak_4_32,8828,0.3942307692307692
lambda_peak_4_32,8829,0.5
lambda_peak_4_32,8830,0.5384615384615384
lambda_peak_4_32,8831,0.46153846153846156
lambda_peak_4_32,8832,0.4230769230769231
lambda_peak_4_32,8833,0.40384615384615385
lambda_peak_4_32,8834,0.5384615384615384
lambda_peak_4_32,8835,0.5
lambda_peak_4_32,8836,0.5
lambda_peak_4_32,8837,0.4423076923076923
lambda_peak_4_32,8838,0.5480769230769231
lambda_peak_4_32,8839,0.5769230769230769
lambda_peak_4_32,8840,0.375
lambda_peak_4_32,8841,0.4807692307692308
lambda_peak_4_32,8842,0.4807692307692308
lambda_peak_4_32,8843,0.41346153846153844
lambda_peak_4_32,8844,0.4519230769230769
lambda_peak_4_32,8845,0.4423076923076923
lambda_peak_4_32,8846,0.4230769230769231
lambda_peak_4_32,8847,0.5192307692307693
lambda_peak_4_32,8848,0.49038461538461536
lambda_peak_4_32,8849,0.46153846153846156
lambda_peak_4_32,8850,0.40384615384615385
lambda_peak_4_32,8851,0.5288461538461539
lambda_peak_4_32,8852,0.3942307692307692
lambda_peak_4_32,8853,0.46153846153846156
lambda_peak_4_32,8854,0.41346153846153844
lambda_peak_4_32,8855,0.5
lambda_peak_4_32,8856,0.4423076923076923
lambda_peak_4_32,8857,0.5096153846153846
lambda_peak_4_32,8858,0.4230769230769231
lambda_peak_4_32,8859,0.4326923076923077
lambda_peak_4_32,8860,0.38461538461538464
lambda_peak_4_32,8861,0.41346153846153844
lambda_peak_4_32,8862,0.4807692307692308
lambda_peak_4_32,8863,0.4423076923076923
lambda_peak_4_32,8864,0.40384615384615385
lambda_peak_4_32,8865,0.4230769230769231
lambda_peak_4_32,8866,0.3942307692307692
lambda_peak_4_32,8867,0.4423076923076923
lambda_peak_4_32,8868,0.4807692307692308
lambda_peak_4_32,8869,0.4230769230769231
lambda_peak_4_32,8870,0.5192307692307693
lambda_peak_4_32,8871,0.5673076923076923
lambda_peak_4_32,8872,0.5384615384615384
lambda_peak_4_32,8873,0.4230769230769231
lambda_peak_4_32,8874,0.49038461538461536
lambda_peak_4_32,8875,0.4230769230769231
lambda_peak_4_32,8876,0.34615384615384615
lambda_peak_4_32,8877,0.4423076923076923
lambda_peak_4_32,8878,0.49038461538461536
lambda_peak_4_32,8879,0.4807692307692308
lambda_peak_4_32,8880,0.5192307692307693
lambda_peak_4_32,8881,0.46153846153846156
lambda_peak_4_32,8882,0.46153846153846156
lambda_peak_4_32,8883,0.5
lambda_peak_4_32,8884,0.38461538461538464
lambda_peak_4_32,8885,0.40384615384615385
lambda_peak_4_32,8886,0.4519230769230769
lambda_peak_4_32,8887,0.5288461538461539
lambda_peak_4_32,8888,0.5576923076923077
lambda_peak_4_32,8889,0.5576923076923077
lambda_peak_4_32,8890,0.5096153846153846
lambda_peak_4_32,8891,0.5192307692307693
lambda_peak_4_32,8892,0.4807692307692308
lambda_peak_4_32,8893,0.47115384615384615
lambda_peak_4_32,8894,0.46153846153846156
lambda_peak_4_32,8895,0.5384615384615384
lambda_peak_4_32,8896,0.5
lambda_peak_4_32,8897,0.49038461538461536
lambda_peak_4_32,8898,0.40384615384615385
lambda_peak_4_32,8899,0.4230769230769231
lambda_peak_4_32,8900,0.5
lambda_peak_4_32,8901,0.5096153846153846
lambda_peak_4_32,8902,0.5192307692307693
lambda_peak_4_32,8903,0.4230769230769231
lambda_peak_4_32,8904,0.5288461538461539
lambda_peak_4_32,8905,0.4519230769230769
lambda_peak_4_32,8906,0.5192307692307693
lambda_peak_4_32,8907,0.47115384615384615
lambda_peak_4_32,8908,0.41346153846153844
lambda_peak_4_32,8909,0.49038461538461536
lambda_peak_4_32,8910,0.4423076923076923
lambda_peak_4_32,8911,0.5
lambda_peak_4_32,8912,0.47115384615384615
lambda_peak_4_32,8913,0.5769230769230769
lambda_peak_4_32,8914,0.40384615384615385
lambda_peak_4_32,8915,0.5384615384615384
lambda_peak_4_32,8916,0.41346153846153844
lambda_peak_4_32,8917,0.40384615384615385
lambda_peak_4_32,8918,0.46153846153846156
lambda_peak_4_32,8919,0.4326923076923077
lambda_peak_4_32,8920,0.4326923076923077
lambda_peak_4_32,8921,0.5096153846153846
lambda_peak_4_32,8922,0.4807692307692308
lambda_peak_4_32,8923,0.5576923076923077
lambda_peak_4_32,8924,0.49038461538461536
lambda_peak_4_32,8925,0.4423076923076923
lambda_peak_4_32,8926,0.4423076923076923
lambda_peak_4_32,8927,0.5096153846153846
lambda_peak_4_32,8928,0.4519230769230769
lambda_peak_4_32,8929,0.49038461538461536
lambda_peak_4_32,8930,0.49038461538461536
lambda_peak_4_32,8931,0.5192307692307693
lambda_peak_4_32,8932,0.4807692307692308
lambda_peak_4_32,8933,0.46153846153846156
lambda_peak_4_32,8934,0.5673076923076923
lambda_peak_4_32,8935,0.5288461538461539
lambda_peak_4_32,8936,0.375
lambda_peak_4_32,8937,0.5288461538461539
lambda_peak_4_32,8938,0.4807692307692308
lambda_peak_4_32,8939,0.4423076923076923
lambda_peak_4_32,8940,0.5576923076923077
lambda_peak_4_32,8941,0.5288461538461539
lambda_peak_4_32,8942,0.40384615384615385
lambda_peak_4_32,8943,0.4230769230769231
lambda_peak_4_32,8944,0.47115384615384615
lambda_peak_4_32,8945,0.46153846153846156
lambda_peak_4_32,8946,0.5
lambda_peak_4_32,8947,0.4807692307692308
lambda_peak_4_32,8948,0.4326923076923077
lambda_peak_4_32,8949,0.4519230769230769
lambda_peak_4_32,8950,0.38461538461538464
lambda_peak_4_32,8951,0.5288461538461539
lambda_peak_4_32,8952,0.5192307692307693
lambda_peak_4_32,8953,0.5192307692307693
lambda_peak_4_32,8954,0.5096153846153846
lambda_peak_4_32,8955,0.40384615384615385
lambda_peak_4_32,8956,0.4423076923076923
lambda_peak_4_32,8957,0.46153846153846156
lambda_peak_4_32,8958,0.46153846153846156
lambda_peak_4_32,8959,0.4519230769230769
lambda_peak_4_32,8960,0.5096153846153846
lambda_peak_4_32,8961,0.5961538461538461
lambda_peak_4_32,8962,0.4807692307692308
lambda_peak_4_32,8963,0.3942307692307692
lambda_peak_4_32,8964,0.5
lambda_peak_4_32,8965,0.4519230769230769
lambda_peak_4_32,8966,0.4326923076923077
lambda_peak_4_32,8967,0.4519230769230769
lambda_peak_4_32,8968,0.4326923076923077
lambda_peak_4_32,8969,0.5288461538461539
lambda_peak_4_32,8970,0.47115384615384615
lambda_peak_4_32,8971,0.4326923076923077
lambda_peak_4_32,8972,0.49038461538461536
lambda_peak_4_32,8973,0.5961538461538461
lambda_peak_4_32,8974,0.5384615384615384
lambda_peak_4_32,8975,0.49038461538461536
lambda_peak_4_32,8976,0.5384615384615384
lambda_peak_4_32,8977,0.41346153846153844
lambda_peak_4_32,8978,0.4519230769230769
lambda_peak_4_32,8979,0.40384615384615385
lambda_peak_4_32,8980,0.5480769230769231
lambda_peak_4_32,8981,0.4519230769230769
lambda_peak_4_32,8982,0.5096153846153846
lambda_peak_4_32,8983,0.5192307692307693
lambda_peak_4_32,8984,0.5
lambda_peak_4_32,8985,0.4326923076923077
lambda_peak_4_32,8986,0.34615384615384615
lambda_peak_4_32,8987,0.4423076923076923
lambda_peak_4_32,8988,0.4519230769230769
lambda_peak_4_32,8989,0.41346153846153844
lambda_peak_4_32,8990,0.4423076923076923
lambda_peak_4_32,8991,0.5192307692307693
lambda_peak_4_32,8992,0.4326923076923077
lambda_peak_4_32,8993,0.5192307692307693
lambda_peak_4_32,8994,0.47115384615384615
lambda_peak_4_32,8995,0.5480769230769231
lambda_peak_4_32,8996,0.5096153846153846
lambda_peak_4_32,8997,0.46153846153846156
lambda_peak_4_32,8998,0.41346153846153844
lambda_peak_4_32,8999,0.5096153846153846
lambda_peak_4_32,9000,0.47115384615384615
lambda_peak_4_32,9001,0.4326923076923077
lambda_peak_4_32,9002,0.40384615384615385
lambda_peak_4_32,9003,0.5192307692307693
lambda_peak_4_32,9004,0.49038461538461536
lambda_peak_4_32,9005,0.5
lambda_peak_4_32,9006,0.4423076923076923
lambda_peak_4_32,9007,0.49038461538461536
lambda_peak_4_32,9008,0.47115384615384615
lambda_peak_4_32,9009,0.4807692307692308
lambda_peak_4_32,9010,0.5
lambda_peak_4_32,9011,0.5096153846153846
lambda_peak_4_32,9012,0.5480769230769231
lambda_peak_4_32,9013,0.46153846153846156
lambda_peak_4_32,9014,0.5480769230769231
lambda_peak_4_32,9015,0.5192307692307693
lambda_peak_4_32,9016,0.4807692307692308
lambda_peak_4_32,9017,0.5480769230769231
lambda_peak_4_32,9018,0.5
lambda_peak_4_32,9019,0.49038461538461536
lambda_peak_4_32,9020,0.46153846153846156
lambda_peak_4_32,9021,0.3942307692307692
lambda_peak_4_32,9022,0.4519230769230769
lambda_peak_4_32,9023,0.5
lambda_peak_4_32,9024,0.5
lambda_peak_4_32,9025,0.375
lambda_peak_4_32,9026,0.4519230769230769
lambda_peak_4_32,9027,0.5192307692307693
lambda_peak_4_32,9028,0.46153846153846156
lambda_peak_4_32,9029,0.41346153846153844
lambda_peak_4_32,9030,0.46153846153846156
lambda_peak_4_32,9031,0.46153846153846156
lambda_peak_4_32,9032,0.5288461538461539
lambda_peak_4_32,9033,0.46153846153846156
lambda_peak_4_32,9034,0.4230769230769231
lambda_peak_4_32,9035,0.5576923076923077
lambda_peak_4_32,9036,0.49038461538461536
lambda_peak_4_32,9037,0.4807692307692308
lambda_peak_4_32,9038,0.5192307692307693
lambda_peak_4_32,9039,0.41346153846153844
lambda_peak_4_32,9040,0.5961538461538461
lambda_peak_4_32,9041,0.46153846153846156
lambda_peak_4_32,9042,0.5769230769230769
lambda_peak_4_32,9043,0.3942307692307692
lambda_peak_4_32,9044,0.5288461538461539
lambda_peak_4_32,9045,0.46153846153846156
lambda_peak_4_32,9046,0.375
lambda_peak_4_32,9047,0.4423076923076923
lambda_peak_4_32,9048,0.4326923076923077
lambda_peak_4_32,9049,0.4326923076923077
lambda_peak_4_32,9050,0.5480769230769231
lambda_peak_4_32,9051,0.5
lambda_peak_4_32,9052,0.34615384615384615
lambda_peak_4_32,9053,0.4519230769230769
lambda_peak_4_32,9054,0.49038461538461536
lambda_peak_4_32,9055,0.4807692307692308
lambda_peak_4_32,9056,0.47115384615384615
lambda_peak_4_32,9057,0.4807692307692308
lambda_peak_4_32,9058,0.49038461538461536
lambda_peak_4_32,9059,0.3942307692307692
lambda_peak_4_32,9060,0.4807692307692308
lambda_peak_4_32,9061,0.47115384615384615
lambda_peak_4_32,9062,0.4519230769230769
lambda_peak_4_32,9063,0.5576923076923077
lambda_peak_4_32,9064,0.5288461538461539
lambda_peak_4_32,9065,0.5
lambda_peak_4_32,9066,0.3942307692307692
lambda_peak_4_32,9067,0.47115384615384615
lambda_peak_4_32,9068,0.5192307692307693
lambda_peak_4_32,9069,0.5576923076923077
lambda_peak_4_32,9070,0.47115384615384615
lambda_peak_4_32,9071,0.4519230769230769
lambda_peak_4_32,9072,0.4230769230769231
lambda_peak_4_32,9073,0.46153846153846156
lambda_peak_4_32,9074,0.5
lambda_peak_4_32,9075,0.5096153846153846
lambda_peak_4_32,9076,0.46153846153846156
lambda_peak_4_32,9077,0.3557692307692308
lambda_peak_4_32,9078,0.46153846153846156
lambda_peak_4_32,9079,0.5
lambda_peak_4_32,9080,0.5192307692307693
lambda_peak_4_32,9081,0.4230769230769231
lambda_peak_4_32,9082,0.46153846153846156
lambda_peak_4_32,9083,0.3173076923076923
lambda_peak_4_32,9084,0.4807692307692308
lambda_peak_4_32,9085,0.49038461538461536
lambda_peak_4_32,9086,0.4230769230769231
lambda_peak_4_32,9087,0.5
lambda_peak_4_32,9088,0.49038461538461536
lambda_peak_4_32,9089,0.4326923076923077
lambda_peak_4_32,9090,0.46153846153846156
lambda_peak_4_32,9091,0.5384615384615384
lambda_peak_4_32,9092,0.4423076923076923
lambda_peak_4_32,9093,0.5096153846153846
lambda_peak_4_32,9094,0.375
lambda_peak_4_32,9095,0.46153846153846156
lambda_peak_4_32,9096,0.40384615384615385
lambda_peak_4_32,9097,0.47115384615384615
lambda_peak_4_32,9098,0.4519230769230769
lambda_peak_4_32,9099,0.5288461538461539
lambda_peak_4_32,9100,0.49038461538461536
lambda_peak_4_32,9101,0.5
lambda_peak_4_32,9102,0.36538461538461536
lambda_peak_4_32,9103,0.5480769230769231
lambda_peak_4_32,9104,0.4326923076923077
lambda_peak_4_32,9105,0.46153846153846156
lambda_peak_4_32,9106,0.4519230769230769
lambda_peak_4_32,9107,0.46153846153846156
lambda_peak_4_32,9108,0.5192307692307693
lambda_peak_4_32,9109,0.4519230769230769
lambda_peak_4_32,9110,0.4807692307692308
lambda_peak_4_32,9111,0.40384615384615385
lambda_peak_4_32,9112,0.46153846153846156
lambda_peak_4_32,9113,0.5192307692307693
lambda_peak_4_32,9114,0.5096153846153846
lambda_peak_4_32,9115,0.5192307692307693
lambda_peak_4_32,9116,0.5576923076923077
lambda_peak_4_32,9117,0.4423076923076923
lambda_peak_4_32,9118,0.4519230769230769
lambda_peak_4_32,9119,0.4807692307692308
lambda_peak_4_32,9120,0.5096153846153846
lambda_peak_4_32,9121,0.4423076923076923
lambda_peak_4_32,9122,0.46153846153846156
lambda_peak_4_32,9123,0.4326923076923077
lambda_peak_4_32,9124,0.375
lambda_peak_4_32,9125,0.46153846153846156
lambda_peak_4_32,9126,0.46153846153846156
lambda_peak_4_32,9127,0.40384615384615385
lambda_peak_4_32,9128,0.40384615384615385
lambda_peak_4_32,9129,0.5192307692307693
lambda_peak_4_32,9130,0.375
lambda_peak_4_32,9131,0.5096153846153846
lambda_peak_4_32,9132,0.5096153846153846
lambda_peak_4_32,9133,0.4519230769230769
lambda_peak_4_32,9134,0.4519230769230769
lambda_peak_4_32,9135,0.5576923076923077
lambda_peak_4_32,9136,0.5096153846153846
lambda_peak_4_32,9137,0.46153846153846156
lambda_peak_4_32,9138,0.5096153846153846
lambda_peak_4_32,9139,0.5
lambda_peak_4_32,9140,0.47115384615384615
lambda_peak_4_32,9141,0.5
lambda_peak_4_32,9142,0.41346153846153844
lambda_peak_4_32,9143,0.5192307692307693
lambda_peak_4_32,9144,0.4807692307692308
lambda_peak_4_32,9145,0.4807692307692308
lambda_peak_4_32,9146,0.40384615384615385
lambda_peak_4_32,9147,0.3557692307692308
lambda_peak_4_32,9148,0.47115384615384615
lambda_peak_4_32,9149,0.3557692307692308
lambda_peak_4_32,9150,0.5288461538461539
lambda_peak_4_32,9151,0.4807692307692308
lambda_peak_4_32,9152,0.5480769230769231
lambda_peak_4_32,9153,0.40384615384615385
lambda_peak_4_32,9154,0.5384615384615384
lambda_peak_4_32,9155,0.5
lambda_peak_4_32,9156,0.46153846153846156
lambda_peak_4_32,9157,0.47115384615384615
lambda_peak_4_32,9158,0.41346153846153844
lambda_peak_4_32,9159,0.5384615384615384
lambda_peak_4_32,9160,0.5673076923076923
lambda_peak_4_32,9161,0.33653846153846156
lambda_peak_4_32,9162,0.47115384615384615
lambda_peak_4_32,9163,0.5288461538461539
lambda_peak_4_32,9164,0.47115384615384615
lambda_peak_4_32,9165,0.4326923076923077
lambda_peak_4_32,9166,0.40384615384615385
lambda_peak_4_32,9167,0.4423076923076923
lambda_peak_4_32,9168,0.4519230769230769
lambda_peak_4_32,9169,0.5480769230769231
lambda_peak_4_32,9170,0.46153846153846156
lambda_peak_4_32,9171,0.47115384615384615
lambda_peak_4_32,9172,0.5192307692307693
lambda_peak_4_32,9173,0.49038461538461536
lambda_peak_4_32,9174,0.4230769230769231
lambda_peak_4_32,9175,0.46153846153846156
lambda_peak_4_32,9176,0.4423076923076923
lambda_peak_4_32,9177,0.49038461538461536
lambda_peak_4_32,9178,0.4230769230769231
lambda_peak_4_32,9179,0.5384615384615384
lambda_peak_4_32,9180,0.49038461538461536
lambda_peak_4_32,9181,0.4519230769230769
lambda_peak_4_32,9182,0.4326923076923077
lambda_peak_4_32,9183,0.5
lambda_peak_4_32,9184,0.4807692307692308
lambda_peak_4_32,9185,0.28846153846153844
lambda_peak_4_32,9186,0.4326923076923077
lambda_peak_4_32,9187,0.5288461538461539
lambda_peak_4_32,9188,0.5096153846153846
lambda_peak_4_32,9189,0.4423076923076923
lambda_peak_4_32,9190,0.41346153846153844
lambda_peak_4_32,9191,0.4807692307692308
lambda_peak_4_32,9192,0.49038461538461536
lambda_peak_4_32,9193,0.4423076923076923
lambda_peak_4_32,9194,0.4326923076923077
lambda_peak_4_32,9195,0.3942307692307692
lambda_peak_4_32,9196,0.5096153846153846
lambda_peak_4_32,9197,0.4423076923076923
lambda_peak_4_32,9198,0.5
lambda_peak_4_32,9199,0.4519230769230769
lambda_peak_4_32,9200,0.5096153846153846
lambda_peak_4_32,9201,0.5288461538461539
lambda_peak_4_32,9202,0.47115384615384615
lambda_peak_4_32,9203,0.41346153846153844
lambda_peak_4_32,9204,0.4807692307692308
lambda_peak_4_32,9205,0.46153846153846156
lambda_peak_4_32,9206,0.46153846153846156
lambda_peak_4_32,9207,0.5096153846153846
lambda_peak_4_32,9208,0.49038461538461536
lambda_peak_4_32,9209,0.5096153846153846
lambda_peak_4_32,9210,0.38461538461538464
lambda_peak_4_32,9211,0.4326923076923077
lambda_peak_4_32,9212,0.4423076923076923
lambda_peak_4_32,9213,0.4423076923076923
lambda_peak_4_32,9214,0.4423076923076923
lambda_peak_4_32,9215,0.38461538461538464
lambda_peak_4_32,9216,0.4807692307692308
lambda_peak_4_32,9217,0.5
lambda_peak_4_32,9218,0.4423076923076923
lambda_peak_4_32,9219,0.5288461538461539
lambda_peak_4_32,9220,0.4326923076923077
lambda_peak_4_32,9221,0.4423076923076923
lambda_peak_4_32,9222,0.5
lambda_peak_4_32,9223,0.3557692307692308
lambda_peak_4_32,9224,0.5
lambda_peak_4_32,9225,0.4326923076923077
lambda_peak_4_32,9226,0.46153846153846156
lambda_peak_4_32,9227,0.375
lambda_peak_4_32,9228,0.33653846153846156
lambda_peak_4_32,9229,0.5865384615384616
lambda_peak_4_32,9230,0.3942307692307692
lambda_peak_4_32,9231,0.5096153846153846
lambda_peak_4_32,9232,0.4519230769230769
lambda_peak_4_32,9233,0.4326923076923077
lambda_peak_4_32,9234,0.47115384615384615
lambda_peak_4_32,9235,0.5096153846153846
lambda_peak_4_32,9236,0.38461538461538464
lambda_peak_4_32,9237,0.5288461538461539
lambda_peak_4_32,9238,0.46153846153846156
lambda_peak_4_32,9239,0.4519230769230769
lambda_peak_4_32,9240,0.46153846153846156
lambda_peak_4_32,9241,0.3942307692307692
lambda_peak_4_32,9242,0.5192307692307693
lambda_peak_4_32,9243,0.3942307692307692
lambda_peak_4_32,9244,0.5384615384615384
lambda_peak_4_32,9245,0.5096153846153846
lambda_peak_4_32,9246,0.49038461538461536
lambda_peak_4_32,9247,0.49038461538461536
lambda_peak_4_32,9248,0.46153846153846156
lambda_peak_4_32,9249,0.47115384615384615
lambda_peak_4_32,9250,0.4807692307692308
lambda_peak_4_32,9251,0.40384615384615385
lambda_peak_4_32,9252,0.38461538461538464
lambda_peak_4_32,9253,0.38461538461538464
lambda_peak_4_32,9254,0.46153846153846156
lambda_peak_4_32,9255,0.4807692307692308
lambda_peak_4_32,9256,0.4423076923076923
lambda_peak_4_32,9257,0.5865384615384616
lambda_peak_4_32,9258,0.5288461538461539
lambda_peak_4_32,9259,0.375
lambda_peak_4_32,9260,0.4230769230769231
lambda_peak_4_32,9261,0.5673076923076923
lambda_peak_4_32,9262,0.4230769230769231
lambda_peak_4_32,9263,0.49038461538461536
lambda_peak_4_32,9264,0.49038461538461536
lambda_peak_4_32,9265,0.4519230769230769
lambda_peak_4_32,9266,0.36538461538461536
lambda_peak_4_32,9267,0.4807692307692308
lambda_peak_4_32,9268,0.47115384615384615
lambda_peak_4_32,9269,0.5288461538461539
lambda_peak_4_32,9270,0.46153846153846156
lambda_peak_4_32,9271,0.5384615384615384
lambda_peak_4_32,9272,0.4326923076923077
lambda_peak_4_32,9273,0.4230769230769231
lambda_peak_4_32,9274,0.4519230769230769
lambda_peak_4_32,9275,0.46153846153846156
lambda_peak_4_32,9276,0.4326923076923077
lambda_peak_4_32,9277,0.4807692307692308
lambda_peak_4_32,9278,0.5480769230769231
lambda_peak_4_32,9279,0.5192307692307693
lambda_peak_4_32,9280,0.3269230769230769
lambda_peak_4_32,9281,0.46153846153846156
lambda_peak_4_32,9282,0.4423076923076923
lambda_peak_4_32,9283,0.4423076923076923
lambda_peak_4_32,9284,0.47115384615384615
lambda_peak_4_32,9285,0.38461538461538464
lambda_peak_4_32,9286,0.40384615384615385
lambda_peak_4_32,9287,0.38461538461538464
lambda_peak_4_32,9288,0.46153846153846156
lambda_peak_4_32,9289,0.38461538461538464
lambda_peak_4_32,9290,0.5192307692307693
lambda_peak_4_32,9291,0.6538461538461539
lambda_peak_4_32,9292,0.49038461538461536
lambda_peak_4_32,9293,0.34615384615384615
lambda_peak_4_32,9294,0.40384615384615385
lambda_peak_4_32,9295,0.4326923076923077
lambda_peak_4_32,9296,0.47115384615384615
lambda_peak_4_32,9297,0.4423076923076923
lambda_peak_4_32,9298,0.46153846153846156
lambda_peak_4_32,9299,0.4423076923076923
lambda_peak_4_32,9300,0.4230769230769231
lambda_peak_4_32,9301,0.4230769230769231
lambda_peak_4_32,9302,0.5673076923076923
lambda_peak_4_32,9303,0.46153846153846156
lambda_peak_4_32,9304,0.4807692307692308
lambda_peak_4_32,9305,0.5
lambda_peak_4_32,9306,0.5
lambda_peak_4_32,9307,0.4423076923076923
lambda_peak_4_32,9308,0.5192307692307693
lambda_peak_4_32,9309,0.41346153846153844
lambda_peak_4_32,9310,0.4326923076923077
lambda_peak_4_32,9311,0.5384615384615384
lambda_peak_4_32,9312,0.4230769230769231
lambda_peak_4_32,9313,0.5096153846153846
lambda_peak_4_32,9314,0.5769230769230769
lambda_peak_4_32,9315,0.46153846153846156
lambda_peak_4_32,9316,0.34615384615384615
lambda_peak_4_32,9317,0.46153846153846156
lambda_peak_4_32,9318,0.4519230769230769
lambda_peak_4_32,9319,0.4326923076923077
lambda_peak_4_32,9320,0.47115384615384615
lambda_peak_4_32,9321,0.47115384615384615
lambda_peak_4_32,9322,0.4423076923076923
lambda_peak_4_32,9323,0.4807692307692308
lambda_peak_4_32,9324,0.4326923076923077
lambda_peak_4_32,9325,0.4519230769230769
lambda_peak_4_32,9326,0.38461538461538464
lambda_peak_4_32,9327,0.5961538461538461
lambda_peak_4_32,9328,0.4807692307692308
lambda_peak_4_32,9329,0.5192307692307693
lambda_peak_4_32,9330,0.5865384615384616
lambda_peak_4_32,9331,0.5288461538461539
lambda_peak_4_32,9332,0.47115384615384615
lambda_peak_4_32,9333,0.49038461538461536
lambda_peak_4_32,9334,0.5192307692307693
lambda_peak_4_32,9335,0.5384615384615384
lambda_peak_4_32,9336,0.46153846153846156
lambda_peak_4_32,9337,0.5
lambda_peak_4_32,9338,0.46153846153846156
lambda_peak_4_32,9339,0.5
lambda_peak_4_32,9340,0.47115384615384615
lambda_peak_4_32,9341,0.4807692307692308
lambda_peak_4_32,9342,0.38461538461538464
lambda_peak_4_32,9343,0.5
lambda_peak_4_32,9344,0.4230769230769231
lambda_peak_4_32,9345,0.47115384615384615
lambda_peak_4_32,9346,0.4807692307692308
lambda_peak_4_32,9347,0.4519230769230769
lambda_peak_4_32,9348,0.375
lambda_peak_4_32,9349,0.4326923076923077
lambda_peak_4_32,9350,0.5
lambda_peak_4_32,9351,0.5192307692307693
lambda_peak_4_32,9352,0.5192307692307693
lambda_peak_4_32,9353,0.4423076923076923
lambda_peak_4_32,9354,0.49038461538461536
lambda_peak_4_32,9355,0.5865384615384616
lambda_peak_4_32,9356,0.5192307692307693
lambda_peak_4_32,9357,0.49038461538461536
lambda_peak_4_32,9358,0.4326923076923077
lambda_peak_4_32,9359,0.4807692307692308
lambda_peak_4_32,9360,0.47115384615384615
lambda_peak_4_32,9361,0.5769230769230769
lambda_peak_4_32,9362,0.40384615384615385
lambda_peak_4_32,9363,0.38461538461538464
lambda_peak_4_32,9364,0.4230769230769231
lambda_peak_4_32,9365,0.46153846153846156
lambda_peak_4_32,9366,0.4807692307692308
lambda_peak_4_32,9367,0.36538461538461536
lambda_peak_4_32,9368,0.33653846153846156
lambda_peak_4_32,9369,0.47115384615384615
lambda_peak_4_32,9370,0.4519230769230769
lambda_peak_4_32,9371,0.46153846153846156
lambda_peak_4_32,9372,0.3557692307692308
lambda_peak_4_32,9373,0.4326923076923077
lambda_peak_4_32,9374,0.5096153846153846
lambda_peak_4_32,9375,0.4807692307692308
lambda_peak_4_32,9376,0.4230769230769231
lambda_peak_4_32,9377,0.4807692307692308
lambda_peak_4_32,9378,0.3942307692307692
lambda_peak_4_32,9379,0.4326923076923077
lambda_peak_4_32,9380,0.4807692307692308
lambda_peak_4_32,9381,0.47115384615384615
lambda_peak_4_32,9382,0.3942307692307692
lambda_peak_4_32,9383,0.3942307692307692
lambda_peak_4_32,9384,0.4519230769230769
lambda_peak_4_32,9385,0.5384615384615384
lambda_peak_4_32,9386,0.4326923076923077
lambda_peak_4_32,9387,0.5288461538461539
lambda_peak_4_32,9388,0.5192307692307693
lambda_peak_4_32,9389,0.375
lambda_peak_4_32,9390,0.5096153846153846
lambda_peak_4_32,9391,0.4326923076923077
lambda_peak_4_32,9392,0.4230769230769231
lambda_peak_4_32,9393,0.36538461538461536
lambda_peak_4_32,9394,0.5096153846153846
lambda_peak_4_32,9395,0.46153846153846156
lambda_peak_4_32,9396,0.49038461538461536
lambda_peak_4_32,9397,0.40384615384615385
lambda_peak_4_32,9398,0.4807692307692308
lambda_peak_4_32,9399,0.5384615384615384
lambda_peak_4_32,9400,0.49038461538461536
lambda_peak_4_32,9401,0.4230769230769231
lambda_peak_4_32,9402,0.5288461538461539
lambda_peak_4_32,9403,0.3942307692307692
lambda_peak_4_32,9404,0.5384615384615384
lambda_peak_4_32,9405,0.46153846153846156
lambda_peak_4_32,9406,0.5096153846153846
lambda_peak_4_32,9407,0.46153846153846156
lambda_peak_4_32,9408,0.5096153846153846
lambda_peak_4_32,9409,0.4423076923076923
lambda_peak_4_32,9410,0.5096153846153846
lambda_peak_4_32,9411,0.49038461538461536
lambda_peak_4_32,9412,0.49038461538461536
lambda_peak_4_32,9413,0.5096153846153846
lambda_peak_4_32,9414,0.5192307692307693
lambda_peak_4_32,9415,0.49038461538461536
lambda_peak_4_32,9416,0.4807692307692308
lambda_peak_4_32,9417,0.49038461538461536
lambda_peak_4_32,9418,0.4519230769230769
lambda_peak_4_32,9419,0.5192307692307693
lambda_peak_4_32,9420,0.4807692307692308
lambda_peak_4_32,9421,0.3942307692307692
lambda_peak_4_32,9422,0.49038461538461536
lambda_peak_4_32,9423,0.4230769230769231
lambda_peak_4_32,9424,0.5192307692307693
lambda_peak_4_32,9425,0.38461538461538464
lambda_peak_4_32,9426,0.5480769230769231
lambda_peak_4_32,9427,0.4519230769230769
lambda_peak_4_32,9428,0.5
lambda_peak_4_32,9429,0.5673076923076923
lambda_peak_4_32,9430,0.3942307692307692
lambda_peak_4_32,9431,0.5576923076923077
lambda_peak_4_32,9432,0.4807692307692308
lambda_peak_4_32,9433,0.5
lambda_peak_4_32,9434,0.5096153846153846
lambda_peak_4_32,9435,0.47115384615384615
lambda_peak_4_32,9436,0.47115384615384615
lambda_peak_4_32,9437,0.34615384615384615
lambda_peak_4_32,9438,0.46153846153846156
lambda_peak_4_32,9439,0.5384615384615384
lambda_peak_4_32,9440,0.5
lambda_peak_4_32,9441,0.5865384615384616
lambda_peak_4_32,9442,0.5576923076923077
lambda_peak_4_32,9443,0.4423076923076923
lambda_peak_4_32,9444,0.40384615384615385
lambda_peak_4_32,9445,0.4519230769230769
lambda_peak_4_32,9446,0.3942307692307692
lambda_peak_4_32,9447,0.5769230769230769
lambda_peak_4_32,9448,0.41346153846153844
lambda_peak_4_32,9449,0.5192307692307693
lambda_peak_4_32,9450,0.5
lambda_peak_4_32,9451,0.41346153846153844
lambda_peak_4_32,9452,0.34615384615384615
lambda_peak_4_32,9453,0.5961538461538461
lambda_peak_4_32,9454,0.5192307692307693
lambda_peak_4_32,9455,0.4423076923076923
lambda_peak_4_32,9456,0.5
lambda_peak_4_32,9457,0.5288461538461539
lambda_peak_4_32,9458,0.40384615384615385
lambda_peak_4_32,9459,0.4326923076923077
lambda_peak_4_32,9460,0.41346153846153844
lambda_peak_4_32,9461,0.5
lambda_peak_4_32,9462,0.4807692307692308
lambda_peak_4_32,9463,0.49038461538461536
lambda_peak_4_32,9464,0.4807692307692308
lambda_peak_4_32,9465,0.5384615384615384
lambda_peak_4_32,9466,0.36538461538461536
lambda_peak_4_32,9467,0.3942307692307692
lambda_peak_4_32,9468,0.4423076923076923
lambda_peak_4_32,9469,0.5673076923076923
lambda_peak_4_32,9470,0.5096153846153846
lambda_peak_4_32,9471,0.41346153846153844
lambda_peak_4_32,9472,0.4326923076923077
lambda_peak_4_32,9473,0.49038461538461536
lambda_peak_4_32,9474,0.4807692307692308
lambda_peak_4_32,9475,0.41346153846153844
lambda_peak_4_32,9476,0.5576923076923077
lambda_peak_4_32,9477,0.4807692307692308
lambda_peak_4_32,9478,0.4807692307692308
lambda_peak_4_32,9479,0.5480769230769231
lambda_peak_4_32,9480,0.4230769230769231
lambda_peak_4_32,9481,0.5192307692307693
lambda_peak_4_32,9482,0.40384615384615385
lambda_peak_4_32,9483,0.4230769230769231
lambda_peak_4_32,9484,0.47115384615384615
lambda_peak_4_32,9485,0.4423076923076923
lambda_peak_4_32,9486,0.4519230769230769
lambda_peak_4_32,9487,0.5192307692307693
lambda_peak_4_32,9488,0.5
lambda_peak_4_32,9489,0.5576923076923077
lambda_peak_4_32,9490,0.49038461538461536
lambda_peak_4_32,9491,0.5384615384615384
lambda_peak_4_32,9492,0.47115384615384615
lambda_peak_4_32,9493,0.3942307692307692
lambda_peak_4_32,9494,0.4230769230769231
lambda_peak_4_32,9495,0.5480769230769231
lambda_peak_4_32,9496,0.4423076923076923
lambda_peak_4_32,9497,0.46153846153846156
lambda_peak_4_32,9498,0.4423076923076923
lambda_peak_4_32,9499,0.4807692307692308
lambda_peak_4_32,9500,0.3557692307692308
lambda_peak_4_32,9501,0.3942307692307692
lambda_peak_4_32,9502,0.49038461538461536
lambda_peak_4_32,9503,0.4230769230769231
lambda_peak_4_32,9504,0.5480769230769231
lambda_peak_4_32,9505,0.4326923076923077
lambda_peak_4_32,9506,0.4423076923076923
lambda_peak_4_32,9507,0.5480769230769231
lambda_peak_4_32,9508,0.5769230769230769
lambda_peak_4_32,9509,0.5384615384615384
lambda_peak_4_32,9510,0.5480769230769231
lambda_peak_4_32,9511,0.4519230769230769
lambda_peak_4_32,9512,0.4230769230769231
lambda_peak_4_32,9513,0.4807692307692308
lambda_peak_4_32,9514,0.34615384615384615
lambda_peak_4_32,9515,0.5096153846153846
lambda_peak_4_32,9516,0.5192307692307693
lambda_peak_4_32,9517,0.5
lambda_peak_4_32,9518,0.5192307692307693
lambda_peak_4_32,9519,0.5480769230769231
lambda_peak_4_32,9520,0.49038461538461536
lambda_peak_4_32,9521,0.4230769230769231
lambda_peak_4_32,9522,0.5288461538461539
lambda_peak_4_32,9523,0.4519230769230769
lambda_peak_4_32,9524,0.4230769230769231
lambda_peak_4_32,9525,0.5
lambda_peak_4_32,9526,0.36538461538461536
lambda_peak_4_32,9527,0.5
lambda_peak_4_32,9528,0.5288461538461539
lambda_peak_4_32,9529,0.4423076923076923
lambda_peak_4_32,9530,0.41346153846153844
lambda_peak_4_32,9531,0.34615384615384615
lambda_peak_4_32,9532,0.49038461538461536
lambda_peak_4_32,9533,0.4230769230769231
lambda_peak_4_32,9534,0.4519230769230769
lambda_peak_4_32,9535,0.4230769230769231
lambda_peak_4_32,9536,0.49038461538461536
lambda_peak_4_32,9537,0.5480769230769231
lambda_peak_4_32,9538,0.41346153846153844
lambda_peak_4_32,9539,0.49038461538461536
lambda_peak_4_32,9540,0.4230769230769231
lambda_peak_4_32,9541,0.40384615384615385
lambda_peak_4_32,9542,0.4519230769230769
lambda_peak_4_32,9543,0.5192307692307693
lambda_peak_4_32,9544,0.5288461538461539
lambda_peak_4_32,9545,0.5192307692307693
lambda_peak_4_32,9546,0.4423076923076923
lambda_peak_4_32,9547,0.5961538461538461
lambda_peak_4_32,9548,0.4519230769230769
lambda_peak_4_32,9549,0.4326923076923077
lambda_peak_4_32,9550,0.5288461538461539
lambda_peak_4_32,9551,0.46153846153846156
lambda_peak_4_32,9552,0.5288461538461539
lambda_peak_4_32,9553,0.49038461538461536
lambda_peak_4_32,9554,0.5480769230769231
lambda_peak_4_32,9555,0.47115384615384615
lambda_peak_4_32,9556,0.4807692307692308
lambda_peak_4_32,9557,0.5192307692307693
lambda_peak_4_32,9558,0.5192307692307693
lambda_peak_4_32,9559,0.5192307692307693
lambda_peak_4_32,9560,0.4807692307692308
lambda_peak_4_32,9561,0.4230769230769231
lambda_peak_4_32,9562,0.49038461538461536
lambda_peak_4_32,9563,0.5480769230769231
lambda_peak_4_32,9564,0.38461538461538464
lambda_peak_4_32,9565,0.38461538461538464
lambda_peak_4_32,9566,0.6346153846153846
lambda_peak_4_32,9567,0.41346153846153844
lambda_peak_4_32,9568,0.5096153846153846
lambda_peak_4_32,9569,0.4326923076923077
lambda_peak_4_32,9570,0.40384615384615385
lambda_peak_4_32,9571,0.5384615384615384
lambda_peak_4_32,9572,0.5673076923076923
lambda_peak_4_32,9573,0.4230769230769231
lambda_peak_4_32,9574,0.47115384615384615
lambda_peak_4_32,9575,0.46153846153846156
lambda_peak_4_32,9576,0.41346153846153844
lambda_peak_4_32,9577,0.38461538461538464
lambda_peak_4_32,9578,0.5
lambda_peak_4_32,9579,0.5
lambda_peak_4_32,9580,0.5961538461538461
lambda_peak_4_32,9581,0.5384615384615384
lambda_peak_4_32,9582,0.47115384615384615
lambda_peak_4_32,9583,0.49038461538461536
lambda_peak_4_32,9584,0.5
lambda_peak_4_32,9585,0.47115384615384615
lambda_peak_4_32,9586,0.5
lambda_peak_4_32,9587,0.5
lambda_peak_4_32,9588,0.5192307692307693
lambda_peak_4_32,9589,0.34615384615384615
lambda_peak_4_32,9590,0.4423076923076923
lambda_peak_4_32,9591,0.4326923076923077
lambda_peak_4_32,9592,0.4423076923076923
lambda_peak_4_32,9593,0.5192307692307693
lambda_peak_4_32,9594,0.4230769230769231
lambda_peak_4_32,9595,0.4519230769230769
lambda_peak_4_32,9596,0.40384615384615385
lambda_peak_4_32,9597,0.46153846153846156
lambda_peak_4_32,9598,0.5576923076923077
lambda_peak_4_32,9599,0.49038461538461536
lambda_peak_4_32,9600,0.4230769230769231
lambda_peak_4_32,9601,0.3942307692307692
lambda_peak_4_32,9602,0.41346153846153844
lambda_peak_4_32,9603,0.5288461538461539
lambda_peak_4_32,9604,0.47115384615384615
lambda_peak_4_32,9605,0.41346153846153844
lambda_peak_4_32,9606,0.4519230769230769
lambda_peak_4_32,9607,0.41346153846153844
lambda_peak_4_32,9608,0.4326923076923077
lambda_peak_4_32,9609,0.36538461538461536
lambda_peak_4_32,9610,0.49038461538461536
lambda_peak_4_32,9611,0.3942307692307692
lambda_peak_4_32,9612,0.3942307692307692
lambda_peak_4_32,9613,0.40384615384615385
lambda_peak_4_32,9614,0.5576923076923077
lambda_peak_4_32,9615,0.46153846153846156
lambda_peak_4_32,9616,0.4423076923076923
lambda_peak_4_32,9617,0.4423076923076923
lambda_peak_4_32,9618,0.5769230769230769
lambda_peak_4_32,9619,0.4326923076923077
lambda_peak_4_32,9620,0.46153846153846156
lambda_peak_4_32,9621,0.4519230769230769
lambda_peak_4_32,9622,0.46153846153846156
lambda_peak_4_32,9623,0.4230769230769231
lambda_peak_4_32,9624,0.5192307692307693
lambda_peak_4_32,9625,0.46153846153846156
lambda_peak_4_32,9626,0.33653846153846156
lambda_peak_4_32,9627,0.5384615384615384
lambda_peak_4_32,9628,0.46153846153846156
lambda_peak_4_32,9629,0.49038461538461536
lambda_peak_4_32,9630,0.5384615384615384
lambda_peak_4_32,9631,0.40384615384615385
lambda_peak_4_32,9632,0.46153846153846156
lambda_peak_4_32,9633,0.49038461538461536
lambda_peak_4_32,9634,0.49038461538461536
lambda_peak_4_32,9635,0.49038461538461536
lambda_peak_4_32,9636,0.5096153846153846
lambda_peak_4_32,9637,0.49038461538461536
lambda_peak_4_32,9638,0.4519230769230769
lambda_peak_4_32,9639,0.4326923076923077
lambda_peak_4_32,9640,0.40384615384615385
lambda_peak_4_32,9641,0.47115384615384615
lambda_peak_4_32,9642,0.4230769230769231
lambda_peak_4_32,9643,0.4326923076923077
lambda_peak_4_32,9644,0.4807692307692308
lambda_peak_4_32,9645,0.5192307692307693
lambda_peak_4_32,9646,0.4519230769230769
lambda_peak_4_32,9647,0.4326923076923077
lambda_peak_4_32,9648,0.40384615384615385
lambda_peak_4_32,9649,0.3557692307692308
lambda_peak_4_32,9650,0.4807692307692308
lambda_peak_4_32,9651,0.47115384615384615
lambda_peak_4_32,9652,0.46153846153846156
lambda_peak_4_32,9653,0.5769230769230769
lambda_peak_4_32,9654,0.5576923076923077
lambda_peak_4_32,9655,0.5288461538461539
lambda_peak_4_32,9656,0.40384615384615385
lambda_peak_4_32,9657,0.38461538461538464
lambda_peak_4_32,9658,0.5
lambda_peak_4_32,9659,0.5
lambda_peak_4_32,9660,0.47115384615384615
lambda_peak_4_32,9661,0.5
lambda_peak_4_32,9662,0.4326923076923077
lambda_peak_4_32,9663,0.4807692307692308
lambda_peak_4_32,9664,0.5096153846153846
lambda_peak_4_32,9665,0.5480769230769231
lambda_peak_4_32,9666,0.5192307692307693
lambda_peak_4_32,9667,0.4326923076923077
lambda_peak_4_32,9668,0.40384615384615385
lambda_peak_4_32,9669,0.40384615384615385
lambda_peak_4_32,9670,0.46153846153846156
lambda_peak_4_32,9671,0.5384615384615384
lambda_peak_4_32,9672,0.41346153846153844
lambda_peak_4_32,9673,0.5
lambda_peak_4_32,9674,0.4519230769230769
lambda_peak_4_32,9675,0.4519230769230769
lambda_peak_4_32,9676,0.4807692307692308
lambda_peak_4_32,9677,0.4230769230769231
lambda_peak_4_32,9678,0.4230769230769231
lambda_peak_4_32,9679,0.38461538461538464
lambda_peak_4_32,9680,0.3557692307692308
lambda_peak_4_32,9681,0.49038461538461536
lambda_peak_4_32,9682,0.4807692307692308
lambda_peak_4_32,9683,0.5192307692307693
lambda_peak_4_32,9684,0.4326923076923077
lambda_peak_4_32,9685,0.46153846153846156
lambda_peak_4_32,9686,0.5288461538461539
lambda_peak_4_32,9687,0.4519230769230769
lambda_peak_4_32,9688,0.4807692307692308
lambda_peak_4_32,9689,0.4230769230769231
lambda_peak_4_32,9690,0.4326923076923077
lambda_peak_4_32,9691,0.4423076923076923
lambda_peak_4_32,9692,0.4807692307692308
lambda_peak_4_32,9693,0.41346153846153844
lambda_peak_4_32,9694,0.47115384615384615
lambda_peak_4_32,9695,0.5192307692307693
lambda_peak_4_32,9696,0.38461538461538464
lambda_peak_4_32,9697,0.5192307692307693
lambda_peak_4_32,9698,0.4326923076923077
lambda_peak_4_32,9699,0.46153846153846156
lambda_peak_4_32,9700,0.4230769230769231
lambda_peak_4_32,9701,0.49038461538461536
lambda_peak_4_32,9702,0.5865384615384616
lambda_peak_4_32,9703,0.3942307692307692
lambda_peak_4_32,9704,0.4230769230769231
lambda_peak_4_32,9705,0.4423076923076923
lambda_peak_4_32,9706,0.4807692307692308
lambda_peak_4_32,9707,0.5
lambda_peak_4_32,9708,0.46153846153846156
lambda_peak_4_32,9709,0.5
lambda_peak_4_32,9710,0.5576923076923077
lambda_peak_4_32,9711,0.5673076923076923
lambda_peak_4_32,9712,0.38461538461538464
lambda_peak_4_32,9713,0.4326923076923077
lambda_peak_4_32,9714,0.5
lambda_peak_4_32,9715,0.3942307692307692
lambda_peak_4_32,9716,0.5673076923076923
lambda_peak_4_32,9717,0.5288461538461539
lambda_peak_4_32,9718,0.47115384615384615
lambda_peak_4_32,9719,0.6057692307692307
lambda_peak_4_32,9720,0.4807692307692308
lambda_peak_4_32,9721,0.47115384615384615
lambda_peak_4_32,9722,0.5
lambda_peak_4_32,9723,0.375
lambda_peak_4_32,9724,0.5192307692307693
lambda_peak_4_32,9725,0.5192307692307693
lambda_peak_4_32,9726,0.47115384615384615
lambda_peak_4_32,9727,0.4519230769230769
lambda_peak_4_32,9728,0.4519230769230769
lambda_peak_4_32,9729,0.5096153846153846
lambda_peak_4_32,9730,0.49038461538461536
lambda_peak_4_32,9731,0.4519230769230769
lambda_peak_4_32,9732,0.46153846153846156
lambda_peak_4_32,9733,0.5096153846153846
lambda_peak_4_32,9734,0.49038461538461536
lambda_peak_4_32,9735,0.40384615384615385
lambda_peak_4_32,9736,0.46153846153846156
lambda_peak_4_32,9737,0.4230769230769231
lambda_peak_4_32,9738,0.41346153846153844
lambda_peak_4_32,9739,0.5096153846153846
lambda_peak_4_32,9740,0.4230769230769231
lambda_peak_4_32,9741,0.5
lambda_peak_4_32,9742,0.5673076923076923
lambda_peak_4_32,9743,0.4807692307692308
lambda_peak_4_32,9744,0.49038461538461536
lambda_peak_4_32,9745,0.4519230769230769
lambda_peak_4_32,9746,0.4326923076923077
lambda_peak_4_32,9747,0.40384615384615385
lambda_peak_4_32,9748,0.5576923076923077
lambda_peak_4_32,9749,0.40384615384615385
lambda_peak_4_32,9750,0.5
lambda_peak_4_32,9751,0.41346153846153844
lambda_peak_4_32,9752,0.46153846153846156
lambda_peak_4_32,9753,0.5576923076923077
lambda_peak_4_32,9754,0.5
lambda_peak_4_32,9755,0.3269230769230769
lambda_peak_4_32,9756,0.46153846153846156
lambda_peak_4_32,9757,0.4519230769230769
lambda_peak_4_32,9758,0.49038461538461536
lambda_peak_4_32,9759,0.4326923076923077
lambda_peak_4_32,9760,0.41346153846153844
lambda_peak_4_32,9761,0.4423076923076923
lambda_peak_4_32,9762,0.47115384615384615
lambda_peak_4_32,9763,0.4807692307692308
lambda_peak_4_32,9764,0.6057692307692307
lambda_peak_4_32,9765,0.5288461538461539
lambda_peak_4_32,9766,0.5096153846153846
lambda_peak_4_32,9767,0.5192307692307693
lambda_peak_4_32,9768,0.4326923076923077
lambda_peak_4_32,9769,0.3942307692307692
lambda_peak_4_32,9770,0.4519230769230769
lambda_peak_4_32,9771,0.5
lambda_peak_4_32,9772,0.3942307692307692
lambda_peak_4_32,9773,0.4423076923076923
lambda_peak_4_32,9774,0.5673076923076923
lambda_peak_4_32,9775,0.3942307692307692
lambda_peak_4_32,9776,0.5
lambda_peak_4_32,9777,0.41346153846153844
lambda_peak_4_32,9778,0.4326923076923077
lambda_peak_4_32,9779,0.4230769230769231
lambda_peak_4_32,9780,0.4519230769230769
lambda_peak_4_32,9781,0.46153846153846156
lambda_peak_4_32,9782,0.46153846153846156
lambda_peak_4_32,9783,0.5096153846153846
lambda_peak_4_32,9784,0.47115384615384615
lambda_peak_4_32,9785,0.49038461538461536
lambda_peak_4_32,9786,0.47115384615384615
lambda_peak_4_32,9787,0.4807692307692308
lambda_peak_4_32,9788,0.4423076923076923
lambda_peak_4_32,9789,0.47115384615384615
lambda_peak_4_32,9790,0.3942307692307692
lambda_peak_4_32,9791,0.6153846153846154
lambda_peak_4_32,9792,0.5192307692307693
lambda_peak_4_32,9793,0.4326923076923077
lambda_peak_4_32,9794,0.4519230769230769
lambda_peak_4_32,9795,0.4519230769230769
lambda_peak_4_32,9796,0.41346153846153844
lambda_peak_4_32,9797,0.4807692307692308
lambda_peak_4_32,9798,0.4519230769230769
lambda_peak_4_32,9799,0.4519230769230769
lambda_peak_4_32,9800,0.5288461538461539
lambda_peak_4_32,9801,0.38461538461538464
lambda_peak_4_32,9802,0.5
lambda_peak_4_32,9803,0.4519230769230769
lambda_peak_4_32,9804,0.5288461538461539
lambda_peak_4_32,9805,0.40384615384615385
lambda_peak_4_32,9806,0.4519230769230769
lambda_peak_4_32,9807,0.4230769230769231
lambda_peak_4_32,9808,0.5192307692307693
lambda_peak_4_32,9809,0.46153846153846156
lambda_peak_4_32,9810,0.36538461538461536
lambda_peak_4_32,9811,0.5096153846153846
lambda_peak_4_32,9812,0.5865384615384616
lambda_peak_4_32,9813,0.38461538461538464
lambda_peak_4_32,9814,0.6057692307692307
lambda_peak_4_32,9815,0.4326923076923077
lambda_peak_4_32,9816,0.4230769230769231
lambda_peak_4_32,9817,0.375
lambda_peak_4_32,9818,0.47115384615384615
lambda_peak_4_32,9819,0.49038461538461536
lambda_peak_4_32,9820,0.5096153846153846
lambda_peak_4_32,9821,0.5192307692307693
lambda_peak_4_32,9822,0.5384615384615384
lambda_peak_4_32,9823,0.5288461538461539
lambda_peak_4_32,9824,0.49038461538461536
lambda_peak_4_32,9825,0.4519230769230769
lambda_peak_4_32,9826,0.3942307692307692
lambda_peak_4_32,9827,0.47115384615384615
lambda_peak_4_32,9828,0.375
lambda_peak_4_32,9829,0.4423076923076923
lambda_peak_4_32,9830,0.4519230769230769
lambda_peak_4_32,9831,0.5480769230769231
lambda_peak_4_32,9832,0.5192307692307693
lambda_peak_4_32,9833,0.47115384615384615
lambda_peak_4_32,9834,0.47115384615384615
lambda_peak_4_32,9835,0.4423076923076923
lambda_peak_4_32,9836,0.4230769230769231
lambda_peak_4_32,9837,0.5
lambda_peak_4_32,9838,0.5480769230769231
lambda_peak_4_32,9839,0.5576923076923077
lambda_peak_4_32,9840,0.5769230769230769
lambda_peak_4_32,9841,0.375
lambda_peak_4_32,9842,0.49038461538461536
lambda_peak_4_32,9843,0.4423076923076923
lambda_peak_4_32,9844,0.46153846153846156
lambda_peak_4_32,9845,0.5
lambda_peak_4_32,9846,0.4326923076923077
lambda_peak_4_32,9847,0.4230769230769231
lambda_peak_4_32,9848,0.5865384615384616
lambda_peak_4_32,9849,0.375
lambda_peak_4_32,9850,0.375
lambda_peak_4_32,9851,0.4519230769230769
lambda_peak_4_32,9852,0.5
lambda_peak_4_32,9853,0.4326923076923077
lambda_peak_4_32,9854,0.4519230769230769
lambda_peak_4_32,9855,0.4230769230769231
lambda_peak_4_32,9856,0.4230769230769231
lambda_peak_4_32,9857,0.4423076923076923
lambda_peak_4_32,9858,0.5673076923076923
lambda_peak_4_32,9859,0.4423076923076923
lambda_peak_4_32,9860,0.3942307692307692
lambda_peak_4_32,9861,0.46153846153846156
lambda_peak_4_32,9862,0.3942307692307692
lambda_peak_4_32,9863,0.47115384615384615
lambda_peak_4_32,9864,0.41346153846153844
lambda_peak_4_32,9865,0.5
lambda_peak_4_32,9866,0.36538461538461536
lambda_peak_4_32,9867,0.49038461538461536
lambda_peak_4_32,9868,0.4807692307692308
lambda_peak_4_32,9869,0.5576923076923077
lambda_peak_4_32,9870,0.47115384615384615
lambda_peak_4_32,9871,0.6057692307692307
lambda_peak_4_32,9872,0.5096153846153846
lambda_peak_4_32,9873,0.4519230769230769
lambda_peak_4_32,9874,0.5480769230769231
lambda_peak_4_32,9875,0.5
lambda_peak_4_32,9876,0.5288461538461539
lambda_peak_4_32,9877,0.41346153846153844
lambda_peak_4_32,9878,0.5576923076923077
lambda_peak_4_32,9879,0.4519230769230769
lambda_peak_4_32,9880,0.5961538461538461
lambda_peak_4_32,9881,0.4423076923076923
lambda_peak_4_32,9882,0.4807692307692308
lambda_peak_4_32,9883,0.4326923076923077
lambda_peak_4_32,9884,0.5384615384615384
lambda_peak_4_32,9885,0.47115384615384615
lambda_peak_4_32,9886,0.4807692307692308
lambda_peak_4_32,9887,0.5
lambda_peak_4_32,9888,0.47115384615384615
lambda_peak_4_32,9889,0.49038461538461536
lambda_peak_4_32,9890,0.5288461538461539
lambda_peak_4_32,9891,0.5384615384615384
lambda_peak_4_32,9892,0.5288461538461539
lambda_peak_4_32,9893,0.4230769230769231
lambda_peak_4_32,9894,0.4423076923076923
lambda_peak_4_32,9895,0.46153846153846156
lambda_peak_4_32,9896,0.49038461538461536
lambda_peak_4_32,9897,0.4807692307692308
lambda_peak_4_32,9898,0.3942307692307692
lambda_peak_4_32,9899,0.5673076923076923
lambda_peak_4_32,9900,0.47115384615384615
lambda_peak_4_32,9901,0.5
lambda_peak_4_32,9902,0.5096153846153846
lambda_peak_4_32,9903,0.47115384615384615
lambda_peak_4_32,9904,0.5384615384615384
lambda_peak_4_32,9905,0.38461538461538464
lambda_peak_4_32,9906,0.4326923076923077
lambda_peak_4_32,9907,0.3942307692307692
lambda_peak_4_32,9908,0.4230769230769231
lambda_peak_4_32,9909,0.5096153846153846
lambda_peak_4_32,9910,0.4423076923076923
lambda_peak_4_32,9911,0.5096153846153846
lambda_peak_4_32,9912,0.5096153846153846
lambda_peak_4_32,9913,0.3942307692307692
lambda_peak_4_32,9914,0.46153846153846156
lambda_peak_4_32,9915,0.4519230769230769
lambda_peak_4_32,9916,0.36538461538461536
lambda_peak_4_32,9917,0.4519230769230769
lambda_peak_4_32,9918,0.40384615384615385
lambda_peak_4_32,9919,0.34615384615384615
lambda_peak_4_32,9920,0.375
lambda_peak_4_32,9921,0.4807692307692308
lambda_peak_4_32,9922,0.4519230769230769
lambda_peak_4_32,9923,0.5384615384615384
lambda_peak_4_32,9924,0.4807692307692308
lambda_peak_4_32,9925,0.4326923076923077
lambda_peak_4_32,9926,0.47115384615384615
lambda_peak_4_32,9927,0.47115384615384615
lambda_peak_4_32,9928,0.5096153846153846
lambda_peak_4_32,9929,0.5384615384615384
lambda_peak_4_32,9930,0.4230769230769231
lambda_peak_4_32,9931,0.4326923076923077
lambda_peak_4_32,9932,0.5480769230769231
lambda_peak_4_32,9933,0.5096153846153846
lambda_peak_4_32,9934,0.47115384615384615
lambda_peak_4_32,9935,0.4519230769230769
lambda_peak_4_32,9936,0.4326923076923077
lambda_peak_4_32,9937,0.49038461538461536
lambda_peak_4_32,9938,0.47115384615384615
lambda_peak_4_32,9939,0.41346153846153844
lambda_peak_4_32,9940,0.5192307692307693
lambda_peak_4_32,9941,0.4519230769230769
lambda_peak_4_32,9942,0.5673076923076923
lambda_peak_4_32,9943,0.49038461538461536
lambda_peak_4_32,9944,0.5096153846153846
lambda_peak_4_32,9945,0.36538461538461536
lambda_peak_4_32,9946,0.5
lambda_peak_4_32,9947,0.4807692307692308
lambda_peak_4_32,9948,0.4807692307692308
lambda_peak_4_32,9949,0.5769230769230769
lambda_peak_4_32,9950,0.5
lambda_peak_4_32,9951,0.36538461538461536
lambda_peak_4_32,9952,0.4230769230769231
lambda_peak_4_32,9953,0.5
lambda_peak_4_32,9954,0.4807692307692308
lambda_peak_4_32,9955,0.5384615384615384
lambda_peak_4_32,9956,0.3942307692307692
lambda_peak_4_32,9957,0.4326923076923077
lambda_peak_4_32,9958,0.47115384615384615
lambda_peak_4_32,9959,0.4519230769230769
lambda_peak_4_32,9960,0.49038461538461536
lambda_peak_4_32,9961,0.4519230769230769
lambda_peak_4_32,9962,0.4519230769230769
lambda_peak_4_32,9963,0.36538461538461536
lambda_peak_4_32,9964,0.49038461538461536
lambda_peak_4_32,9965,0.47115384615384615
lambda_peak_4_32,9966,0.4519230769230769
lambda_peak_4_32,9967,0.3557692307692308
lambda_peak_4_32,9968,0.5192307692307693
lambda_peak_4_32,9969,0.5
lambda_peak_4_32,9970,0.49038461538461536
lambda_peak_4_32,9971,0.3942307692307692
lambda_peak_4_32,9972,0.41346153846153844
lambda_peak_4_32,9973,0.3557692307692308
lambda_peak_4_32,9974,0.4423076923076923
lambda_peak_4_32,9975,0.4807692307692308
lambda_peak_4_32,9976,0.5192307692307693
lambda_peak_4_32,9977,0.4423076923076923
lambda_peak_4_32,9978,0.5
lambda_peak_4_32,9979,0.47115384615384615
lambda_peak_4_32,9980,0.6346153846153846
lambda_peak_4_32,9981,0.46153846153846156
lambda_peak_4_32,9982,0.4326923076923077
lambda_peak_4_32,9983,0.41346153846153844
lambda_peak_4_32,9984,0.4519230769230769
lambda_peak_4_32,9985,0.5096153846153846
lambda_peak_4_32,9986,0.41346153846153844
lambda_peak_4_32,9987,0.5
lambda_peak_4_32,9988,0.49038461538461536
lambda_peak_4_32,9989,0.5865384615384616
lambda_peak_4_32,9990,0.47115384615384615
lambda_peak_4_32,9991,0.5384615384615384
lambda_peak_4_32,9992,0.47115384615384615
lambda_peak_4_32,9993,0.41346153846153844
lambda_peak_4_32,9994,0.5288461538461539
lambda_peak_4_32,9995,0.36538461538461536
lambda_peak_4_32,9996,0.4519230769230769
lambda_peak_4_32,9997,0.4807692307692308
lambda_peak_4_32,9998,0.4230769230769231
lambda_peak_4_32,9999,0.41346153846153844
lambda_star_4_32,0,0.3717277486910995
lambda_star_4_32,1,0.34554973821989526
lambda_star_4_32,2,0.3612565445026178
lambda_star_4_32,3,0.3507853403141361
lambda_star_4_32,4,0.3717277486910995
lambda_star_4_32,5,0.35602094240837695
lambda_star_4_32,6,0.38219895287958117
lambda_star_4_32,7,0.3403141361256545
lambda_star_4_32,8,0.38219895287958117
lambda_star_4_32,9,0.3298429319371728
lambda_star_4_32,10,0.34554973821989526
lambda_star_4_32,11,0.387434554973822
lambda_star_4_32,12,0.36649214659685864
lambda_star_4_32,13,0.3298429319371728
lambda_star_4_32,14,0.35602094240837695
lambda_star_4_32,15,0.3612565445026178
lambda_star_4_32,16,0.3612565445026178
lambda_star_4_32,17,0.3769633507853403
lambda_star_4_32,18,0.3298429319371728
lambda_star_4_32,19,0.3612565445026178
lambda_star_4_32,20,0.3769633507853403
lambda_star_4_32,21,0.36649214659685864
lambda_star_4_32,22,0.3507853403141361
lambda_star_4_32,23,0.35602094240837695
lambda_star_4_32,24,0.39267015706806285
lambda_star_4_32,25,0.3403141361256545
lambda_star_4_32,26,0.3403141361256545
lambda_star_4_32,27,0.3769633507853403
lambda_star_4_32,28,0.3507853403141361
lambda_star_4_32,29,0.34554973821989526
lambda_star_4_32,30,0.3403141361256545
lambda_star_4_32,31,0.35602094240837695
lambda_star_4_32,32,0.36649214659685864
lambda_star_4_32,33,0.36649214659685864
lambda_star_4_32,34,0.3769633507853403
lambda_star_4_32,35,0.33507853403141363
lambda_star_4_32,36,0.36649214659685864
lambda_star_4_32,37,0.3403141361256545
lambda_star_4_32,38,0.3612565445026178
lambda_star_4_32,39,0.38219895287958117
lambda_star_4_32,40,0.31413612565445026
lambda_star_4_32,41,0.35602094240837695
lambda_star_4_32,42,0.3507853403141361
lambda_star_4_32,43,0.35602094240837695
lambda_star_4_32,44,0.34554973821989526
lambda_star_4_32,45,0.39267015706806285
lambda_star_4_32,46,0.36649214659685864
lambda_star_4_32,47,0.28272251308900526
lambda_star_4_32,48,0.36649214659685864
lambda_star_4_32,49,0.3036649214659686
lambda_star_4_32,50,0.32460732984293195
lambda_star_4_32,51,0.3612565445026178
lambda_star_4_32,52,0.3769633507853403
lambda_star_4_32,53,0.29842931937172773
lambda_star_4_32,54,0.39267015706806285
lambda_star_4_32,55,0.28272251308900526
lambda_star_4_32,56,0.32460732984293195
lambda_star_4_32,57,0.33507853403141363
lambda_star_4_32,58,0.36649214659685864
lambda_star_4_32,59,0.3769633507853403
lambda_star_4_32,60,0.2931937172774869
lambda_star_4_32,61,0.39790575916230364
lambda_star_4_32,62,0.33507853403141363
lambda_star_4_32,63,0.35602094240837695
lambda_star_4_32,64,0.3717277486910995
lambda_star_4_32,65,0.34554973821989526
lambda_star_4_32,66,0.3507853403141361
lambda_star_4_32,67,0.35602094240837695
lambda_star_4_32,68,0.3507853403141361
lambda_star_4_32,69,0.3769633507853403
lambda_star_4_32,70,0.3403141361256545
lambda_star_4_32,71,0.3612565445026178
lambda_star_4_32,72,0.3403141361256545
lambda_star_4_32,73,0.33507853403141363
lambda_star_4_32,74,0.33507853403141363
lambda_star_4_32,75,0.3036649214659686
lambda_star_4_32,76,0.36649214659685864
lambda_star_4_32,77,0.3193717277486911
lambda_star_4_32,78,0.3717277486910995
lambda_star_4_32,79,0.39790575916230364
lambda_star_4_32,80,0.3507853403141361
lambda_star_4_32,81,0.29842931937172773
lambda_star_4_32,82,0.35602094240837695
lambda_star_4_32,83,0.32460732984293195
lambda_star_4_32,84,0.31413612565445026
lambda_star_4_32,85,0.39790575916230364
lambda_star_4_32,86,0.4293193717277487
lambda_star_4_32,87,0.41361256544502617
lambda_star_4_32,88,0.387434554973822
lambda_star_4_32,89,0.36649214659685864
lambda_star_4_32,90,0.32460732984293195
lambda_star_4_32,91,0.38219895287958117
lambda_star_4_32,92,0.3769633507853403
lambda_star_4_32,93,0.3089005235602094
lambda_star_4_32,94,0.387434554973822
lambda_star_4_32,95,0.3403141361256545
lambda_star_4_32,96,0.3717277486910995
lambda_star_4_32,97,0.31413612565445026
lambda_star_4_32,98,0.33507853403141363
lambda_star_4_32,99,0.32460732984293195
lambda_star_4_32,100,0.387434554973822
lambda_star_4_32,101,0.33507853403141363
lambda_star_4_32,102,0.39267015706806285
lambda_star_4_32,103,0.3507853403141361
lambda_star_4_32,104,0.36649214659685864
lambda_star_4_32,105,0.3298429319371728
lambda_star_4_32,106,0.39790575916230364
lambda_star_4_32,107,0.3403141361256545
lambda_star_4_32,108,0.38219895287958117
lambda_star_4_32,109,0.3036649214659686
lambda_star_4_32,110,0.3298429319371728
lambda_star_4_32,111,0.36649214659685864
lambda_star_4_32,112,0.29842931937172773
lambda_star_4_32,113,0.32460732984293195
lambda_star_4_32,114,0.3298429319371728
lambda_star_4_32,115,0.3298429319371728
lambda_star_4_32,116,0.36649214659685864
lambda_star_4_32,117,0.39267015706806285
lambda_star_4_32,118,0.34554973821989526
lambda_star_4_32,119,0.4031413612565445
lambda_star_4_32,120,0.3612565445026178
lambda_star_4_32,121,0.3612565445026178
lambda_star_4_32,122,0.29842931937172773
lambda_star_4_32,123,0.3769633507853403
lambda_star_4_32,124,0.387434554973822
lambda_star_4_32,125,0.3769633507853403
lambda_star_4_32,126,0.34554973821989526
lambda_star_4_32,127,0.36649214659685864
lambda_star_4_32,128,0.3612565445026178
lambda_star_4_32,129,0.4083769633507853
lambda_star_4_32,130,0.34554973821989526
lambda_star_4_32,131,0.34554973821989526
lambda_star_4_32,132,0.34554973821989526
lambda_star_4_32,133,0.35602094240837695
lambda_star_4_32,134,0.3403141361256545
lambda_star_4_32,135,0.2879581151832461
lambda_star_4_32,136,0.3717277486910995
lambda_star_4_32,137,0.3612565445026178
lambda_star_4_32,138,0.3507853403141361
lambda_star_4_32,139,0.38219895287958117
lambda_star_4_32,140,0.34554973821989526
lambda_star_4_32,141,0.4083769633507853
lambda_star_4_32,142,0.39790575916230364
lambda_star_4_32,143,0.29842931937172773
lambda_star_4_32,144,0.3403141361256545
lambda_star_4_32,145,0.38219895287958117
lambda_star_4_32,146,0.3193717277486911
lambda_star_4_32,147,0.35602094240837695
lambda_star_4_32,148,0.3193717277486911
lambda_star_4_32,149,0.34554973821989526
lambda_star_4_32,150,0.34554973821989526
lambda_star_4_32,151,0.31413612565445026
lambda_star_4_32,152,0.3507853403141361
lambda_star_4_32,153,0.32460732984293195
lambda_star_4_32,154,0.39790575916230364
lambda_star_4_32,155,0.38219895287958117
lambda_star_4_32,156,0.3507853403141361
lambda_star_4_32,157,0.31413612565445026
lambda_star_4_32,158,0.3193717277486911
lambda_star_4_32,159,0.3507853403141361
lambda_star_4_32,160,0.3193717277486911
lambda_star_4_32,161,0.35602094240837695
lambda_star_4_32,162,0.33507853403141363
lambda_star_4_32,163,0.36649214659685864
lambda_star_4_32,164,0.3403141361256545
lambda_star_4_32,165,0.35602094240837695
lambda_star_4_32,166,0.4083769633507853
lambda_star_4_32,167,0.3507853403141361
lambda_star_4_32,168,0.3612565445026178
lambda_star_4_32,169,0.3507853403141361
lambda_star_4_32,170,0.35602094240837695
lambda_star_4_32,171,0.3193717277486911
lambda_star_4_32,172,0.35602094240837695
lambda_star_4_32,173,0.36649214659685864
lambda_star_4_32,174,0.3403141361256545
lambda_star_4_32,175,0.2931937172774869
lambda_star_4_32,176,0.36649214659685864
lambda_star_4_32,177,0.3769633507853403
lambda_star_4_32,178,0.3036649214659686
lambda_star_4_32,179,0.32460732984293195
lambda_star_4_32,180,0.3507853403141361
lambda_star_4_32,181,0.3036649214659686
lambda_star_4_32,182,0.31413612565445026
lambda_star_4_32,183,0.3507853403141361
lambda_star_4_32,184,0.33507853403141363
lambda_star_4_32,185,0.35602094240837695
lambda_star_4_32,186,0.3036649214659686
lambda_star_4_32,187,0.3403141361256545
lambda_star_4_32,188,0.3403141361256545
lambda_star_4_32,189,0.35602094240837695
lambda_star_4_32,190,0.3507853403141361
lambda_star_4_32,191,0.387434554973822
lambda_star_4_32,192,0.3298429319371728
lambda_star_4_32,193,0.36649214659685864
lambda_star_4_32,194,0.33507853403141363
lambda_star_4_32,195,0.35602094240837695
lambda_star_4_32,196,0.39267015706806285
lambda_star_4_32,197,0.34554973821989526
lambda_star_4_32,198,0.33507853403141363
lambda_star_4_32,199,0.3507853403141361
lambda_star_4_32,200,0.34554973821989526
lambda_star_4_32,201,0.3298429319371728
lambda_star_4_32,202,0.3403141361256545
lambda_star_4_32,203,0.3507853403141361
lambda_star_4_32,204,0.3036649214659686
lambda_star_4_32,205,0.35602094240837695
lambda_star_4_32,206,0.387434554973822
lambda_star_4_32,207,0.3298429319371728
lambda_star_4_32,208,0.33507853403141363
lambda_star_4_32,209,0.36649214659685864
lambda_star_4_32,210,0.3507853403141361
lambda_star_4_32,211,0.35602094240837695
lambda_star_4_32,212,0.418848167539267
lambda_star_4_32,213,0.3507853403141361
lambda_star_4_32,214,0.36649214659685864
lambda_star_4_32,215,0.3403141361256545
lambda_star_4_32,216,0.3403141361256545
lambda_star_4_32,217,0.32460732984293195
lambda_star_4_32,218,0.33507853403141363
lambda_star_4_32,219,0.3507853403141361
lambda_star_4_32,220,0.3717277486910995
lambda_star_4_32,221,0.32460732984293195
lambda_star_4_32,222,0.39267015706806285
lambda_star_4_32,223,0.33507853403141363
lambda_star_4_32,224,0.387434554973822
lambda_star_4_32,225,0.35602094240837695
lambda_star_4_32,226,0.3769633507853403
lambda_star_4_32,227,0.31413612565445026
lambda_star_4_32,228,0.3612565445026178
lambda_star_4_32,229,0.33507853403141363
lambda_star_4_32,230,0.32460732984293195
lambda_star_4_32,231,0.39790575916230364
lambda_star_4_32,232,0.3298429319371728
lambda_star_4_32,233,0.3403141361256545
lambda_star_4_32,234,0.3507853403141361
lambda_star_4_32,235,0.34554973821989526
lambda_star_4_32,236,0.36649214659685864
lambda_star_4_32,237,0.36649214659685864
lambda_star_4_32,238,0.39790575916230364
lambda_star_4_32,239,0.3769633507853403
lambda_star_4_32,240,0.3036649214659686
lambda_star_4_32,241,0.3036649214659686
lambda_star_4_32,242,0.36649214659685864
lambda_star_4_32,243,0.32460732984293195
lambda_star_4_32,244,0.32460732984293195
lambda_star_4_32,245,0.35602094240837695
lambda_star_4_32,246,0.36649214659685864
lambda_star_4_32,247,0.3089005235602094
lambda_star_4_32,248,0.3612565445026178
lambda_star_4_32,249,0.39267015706806285
lambda_star_4_32,250,0.3717277486910995
lambda_star_4_32,251,0.3403141361256545
lambda_star_4_32,252,0.3612565445026178
lambda_star_4_32,253,0.3403141361256545
lambda_star_4_32,254,0.32460732984293195
lambda_star_4_32,255,0.36649214659685864
lambda_star_4_32,256,0.3036649214659686
lambda_star_4_32,257,0.3403141361256545
lambda_star_4_32,258,0.31413612565445026
lambda_star_4_32,259,0.33507853403141363
lambda_star_4_32,260,0.3507853403141361
lambda_star_4_32,261,0.3717277486910995
lambda_star_4_32,262,0.29842931937172773
lambda_star_4_32,263,0.35602094240837695
lambda_star_4_32,264,0.36649214659685864
lambda_star_4_32,265,0.33507853403141363
lambda_star_4_32,266,0.33507853403141363
lambda_star_4_32,267,0.35602094240837695
lambda_star_4_32,268,0.32460732984293195
lambda_star_4_32,269,0.36649214659685864
lambda_star_4_32,270,0.3403141361256545
lambda_star_4_32,271,0.32460732984293195
lambda_star_4_32,272,0.3298429319371728
lambda_star_4_32,273,0.3507853403141361
lambda_star_4_32,274,0.3717277486910995
lambda_star_4_32,275,0.4083769633507853
lambda_star_4_32,276,0.3193717277486911
lambda_star_4_32,277,0.3612565445026178
lambda_star_4_32,278,0.33507853403141363
lambda_star_4_32,279,0.2670157068062827
lambda_star_4_32,280,0.3089005235602094
lambda_star_4_32,281,0.3769633507853403
lambda_star_4_32,282,0.34554973821989526
lambda_star_4_32,283,0.3507853403141361
lambda_star_4_32,284,0.31413612565445026
lambda_star_4_32,285,0.3612565445026178
lambda_star_4_32,286,0.35602094240837695
lambda_star_4_32,287,0.35602094240837695
lambda_star_4_32,288,0.3403141361256545
lambda_star_4_32,289,0.32460732984293195
lambda_star_4_32,290,0.38219895287958117
lambda_star_4_32,291,0.36649214659685864
lambda_star_4_32,292,0.29842931937172773
lambda_star_4_32,293,0.29842931937172773
lambda_star_4_32,294,0.31413612565445026
lambda_star_4_32,295,0.3193717277486911
lambda_star_4_32,296,0.387434554973822
lambda_star_4_32,297,0.35602094240837695
lambda_star_4_32,298,0.36649214659685864
lambda_star_4_32,299,0.31413612565445026
lambda_star_4_32,300,0.3612565445026178
lambda_star_4_32,301,0.3717277486910995
lambda_star_4_32,302,0.3612565445026178
lambda_star_4_32,303,0.36649214659685864
lambda_star_4_32,304,0.3298429319371728
lambda_star_4_32,305,0.3769633507853403
lambda_star_4_32,306,0.29842931937172773
lambda_star_4_32,307,0.3403141361256545
lambda_star_4_32,308,0.34554973821989526
lambda_star_4_32,309,0.29842931937172773
lambda_star_4_32,310,0.34554973821989526
lambda_star_4_32,311,0.35602094240837695
lambda_star_4_32,312,0.3403141361256545
lambda_star_4_32,313,0.3769633507853403
lambda_star_4_32,314,0.34554973821989526
lambda_star_4_32,315,0.3769633507853403
lambda_star_4_32,316,0.2931937172774869
lambda_star_4_32,317,0.3769633507853403
lambda_star_4_32,318,0.3403141361256545
lambda_star_4_32,319,0.3612565445026178
lambda_star_4_32,320,0.3612565445026178
lambda_star_4_32,321,0.33507853403141363
lambda_star_4_32,322,0.3298429319371728
lambda_star_4_32,323,0.36649214659685864
lambda_star_4_32,324,0.3507853403141361
lambda_star_4_32,325,0.35602094240837695
lambda_star_4_32,326,0.3298429319371728
lambda_star_4_32,327,0.3298429319371728
lambda_star_4_32,328,0.3403141361256545
lambda_star_4_32,329,0.34554973821989526
lambda_star_4_32,330,0.39267015706806285
lambda_star_4_32,331,0.32460732984293195
lambda_star_4_32,332,0.3769633507853403
lambda_star_4_32,333,0.387434554973822
lambda_star_4_32,334,0.35602094240837695
lambda_star_4_32,335,0.3769633507853403
lambda_star_4_32,336,0.3193717277486911
lambda_star_4_32,337,0.4031413612565445
lambda_star_4_32,338,0.34554973821989526
lambda_star_4_32,339,0.31413612565445026
lambda_star_4_32,340,0.3089005235602094
lambda_star_4_32,341,0.31413612565445026
lambda_star_4_32,342,0.34554973821989526
lambda_star_4_32,343,0.3507853403141361
lambda_star_4_32,344,0.34554973821989526
lambda_star_4_32,345,0.3089005235602094
lambda_star_4_32,346,0.2670157068062827
lambda_star_4_32,347,0.3403141361256545
lambda_star_4_32,348,0.2879581151832461
lambda_star_4_32,349,0.3403141361256545
lambda_star_4_32,350,0.35602094240837695
lambda_star_4_32,351,0.33507853403141363
lambda_star_4_32,352,0.39790575916230364
lambda_star_4_32,353,0.3298429319371728
lambda_star_4_32,354,0.29842931937172773
lambda_star_4_32,355,0.35602094240837695
lambda_star_4_32,356,0.3298429319371728
lambda_star_4_32,357,0.3612565445026178
lambda_star_4_32,358,0.4031413612565445
lambda_star_4_32,359,0.32460732984293195
lambda_star_4_32,360,0.3403141361256545
lambda_star_4_32,361,0.3403141361256545
lambda_star_4_32,362,0.3717277486910995
lambda_star_4_32,363,0.3612565445026178
lambda_star_4_32,364,0.36649214659685864
lambda_star_4_32,365,0.36649214659685864
lambda_star_4_32,366,0.32460732984293195
lambda_star_4_32,367,0.33507853403141363
lambda_star_4_32,368,0.2670157068062827
lambda_star_4_32,369,0.3089005235602094
lambda_star_4_32,370,0.2931937172774869
lambda_star_4_32,371,0.3769633507853403
lambda_star_4_32,372,0.36649214659685864
lambda_star_4_32,373,0.3403141361256545
lambda_star_4_32,374,0.33507853403141363
lambda_star_4_32,375,0.33507853403141363
lambda_star_4_32,376,0.35602094240837695
lambda_star_4_32,377,0.31413612565445026
lambda_star_4_32,378,0.3403141361256545
lambda_star_4_32,379,0.3507853403141361
lambda_star_4_32,380,0.3769633507853403
lambda_star_4_32,381,0.27225130890052357
lambda_star_4_32,382,0.33507853403141363
lambda_star_4_32,383,0.32460732984293195
lambda_star_4_32,384,0.3507853403141361
lambda_star_4_32,385,0.3769633507853403
lambda_star_4_32,386,0.34554973821989526
lambda_star_4_32,387,0.387434554973822
lambda_star_4_32,388,0.3403141361256545
lambda_star_4_32,389,0.33507853403141363
lambda_star_4_32,390,0.39267015706806285
lambda_star_4_32,391,0.3193717277486911
lambda_star_4_32,392,0.32460732984293195
lambda_star_4_32,393,0.36649214659685864
lambda_star_4_32,394,0.3769633507853403
lambda_star_4_32,395,0.3298429319371728
lambda_star_4_32,396,0.3298429319371728
lambda_star_4_32,397,0.36649214659685864
lambda_star_4_32,398,0.34554973821989526
lambda_star_4_32,399,0.3298429319371728
lambda_star_4_32,400,0.3612565445026178
lambda_star_4_32,401,0.3612565445026178
lambda_star_4_32,402,0.31413612565445026
lambda_star_4_32,403,0.3298429319371728
lambda_star_4_32,404,0.3612565445026178
lambda_star_4_32,405,0.3769633507853403
lambda_star_4_32,406,0.3089005235602094
lambda_star_4_32,407,0.3507853403141361
lambda_star_4_32,408,0.3089005235602094
lambda_star_4_32,409,0.34554973821989526
lambda_star_4_32,410,0.3403141361256545
lambda_star_4_32,411,0.3507853403141361
lambda_star_4_32,412,0.4031413612565445
lambda_star_4_32,413,0.33507853403141363
lambda_star_4_32,414,0.3612565445026178
lambda_star_4_32,415,0.34554973821989526
lambda_star_4_32,416,0.3769633507853403
lambda_star_4_32,417,0.3717277486910995
lambda_star_4_32,418,0.38219895287958117
lambda_star_4_32,419,0.36649214659685864
lambda_star_4_32,420,0.3193717277486911
lambda_star_4_32,421,0.3717277486910995
lambda_star_4_32,422,0.27225130890052357
lambda_star_4_32,423,0.3298429319371728
lambda_star_4_32,424,0.3193717277486911
lambda_star_4_32,425,0.39267015706806285
lambda_star_4_32,426,0.3507853403141361
lambda_star_4_32,427,0.3298429319371728
lambda_star_4_32,428,0.32460732984293195
lambda_star_4_32,429,0.3193717277486911
lambda_star_4_32,430,0.3717277486910995
lambda_star_4_32,431,0.3507853403141361
lambda_star_4_32,432,0.35602094240837695
lambda_star_4_32,433,0.38219895287958117
lambda_star_4_32,434,0.33507853403141363
lambda_star_4_32,435,0.3403141361256545
lambda_star_4_32,436,0.3193717277486911
lambda_star_4_32,437,0.3612565445026178
lambda_star_4_32,438,0.3193717277486911
lambda_star_4_32,439,0.38219895287958117
lambda_star_4_32,440,0.3403141361256545
lambda_star_4_32,441,0.39267015706806285
lambda_star_4_32,442,0.3612565445026178
lambda_star_4_32,443,0.2774869109947644
lambda_star_4_32,444,0.3612565445026178
lambda_star_4_32,445,0.387434554973822
lambda_star_4_32,446,0.39790575916230364
lambda_star_4_32,447,0.31413612565445026
lambda_star_4_32,448,0.33507853403141363
lambda_star_4_32,449,0.3612565445026178
lambda_star_4_32,450,0.3403141361256545
lambda_star_4_32,451,0.32460732984293195
lambda_star_4_32,452,0.39790575916230364
lambda_star_4_32,453,0.3193717277486911
lambda_star_4_32,454,0.31413612565445026
lambda_star_4_32,455,0.3507853403141361
lambda_star_4_32,456,0.3612565445026178
lambda_star_4_32,457,0.3298429319371728
lambda_star_4_32,458,0.29842931937172773
lambda_star_4_32,459,0.35602094240837695
lambda_star_4_32,460,0.32460732984293195
lambda_star_4_32,461,0.36649214659685864
lambda_star_4_32,462,0.33507853403141363
lambda_star_4_32,463,0.3612565445026178
lambda_star_4_32,464,0.29842931937172773
lambda_star_4_32,465,0.3298429319371728
lambda_star_4_32,466,0.387434554973822
lambda_star_4_32,467,0.31413612565445026
lambda_star_4_32,468,0.3769633507853403
lambda_star_4_32,469,0.33507853403141363
lambda_star_4_32,470,0.3403141361256545
lambda_star_4_32,471,0.32460732984293195
lambda_star_4_32,472,0.3612565445026178
lambda_star_4_32,473,0.3403141361256545
lambda_star_4_32,474,0.32460732984293195
lambda_star_4_32,475,0.3193717277486911
lambda_star_4_32,476,0.36649214659685864
lambda_star_4_32,477,0.3403141361256545
lambda_star_4_32,478,0.32460732984293195
lambda_star_4_32,479,0.3612565445026178
lambda_star_4_32,480,0.3612565445026178
lambda_star_4_32,481,0.32460732984293195
lambda_star_4_32,482,0.3507853403141361
lambda_star_4_32,483,0.39267015706806285
lambda_star_4_32,484,0.35602094240837695
lambda_star_4_32,485,0.3193717277486911
lambda_star_4_32,486,0.35602094240837695
lambda_star_4_32,487,0.2670157068062827
lambda_star_4_32,488,0.34554973821989526
lambda_star_4_32,489,0.39267015706806285
lambda_star_4_32,490,0.31413612565445026
lambda_star_4_32,491,0.3507853403141361
lambda_star_4_32,492,0.33507853403141363
lambda_star_4_32,493,0.38219895287958117
lambda_star_4_32,494,0.3717277486910995
lambda_star_4_32,495,0.35602094240837695
lambda_star_4_32,496,0.3717277486910995
lambda_star_4_32,497,0.35602094240837695
lambda_star_4_32,498,0.3717277486910995
lambda_star_4_32,499,0.3769633507853403
lambda_star_4_32,500,0.3769633507853403
lambda_star_4_32,501,0.33507853403141363
lambda_star_4_32,502,0.3036649214659686
lambda_star_4_32,503,0.36649214659685864
lambda_star_4_32,504,0.3769633507853403
lambda_star_4_32,505,0.38219895287958117
lambda_star_4_32,506,0.3403141361256545
lambda_star_4_32,507,0.33507853403141363
lambda_star_4_32,508,0.36649214659685864
lambda_star_4_32,509,0.3193717277486911
lambda_star_4_32,510,0.34554973821989526
lambda_star_4_32,511,0.34554973821989526
lambda_star_4_32,512,0.3612565445026178
lambda_star_4_32,513,0.3193717277486911
lambda_star_4_32,514,0.39267015706806285
lambda_star_4_32,515,0.38219895287958117
lambda_star_4_32,516,0.35602094240837695
lambda_star_4_32,517,0.3769633507853403
lambda_star_4_32,518,0.35602094240837695
lambda_star_4_32,519,0.3769633507853403
lambda_star_4_32,520,0.38219895287958117
lambda_star_4_32,521,0.39267015706806285
lambda_star_4_32,522,0.31413612565445026
lambda_star_4_32,523,0.31413612565445026
lambda_star_4_32,524,0.33507853403141363
lambda_star_4_32,525,0.33507853403141363
lambda_star_4_32,526,0.3403141361256545
lambda_star_4_32,527,0.32460732984293195
lambda_star_4_32,528,0.3298429319371728
lambda_star_4_32,529,0.3193717277486911
lambda_star_4_32,530,0.36649214659685864
lambda_star_4_32,531,0.34554973821989526
lambda_star_4_32,532,0.3089005235602094
lambda_star_4_32,533,0.35602094240837695
lambda_star_4_32,534,0.36649214659685864
lambda_star_4_32,535,0.3769633507853403
lambda_star_4_32,536,0.34554973821989526
lambda_star_4_32,537,0.31413612565445026
lambda_star_4_32,538,0.39790575916230364
lambda_star_4_32,539,0.3298429319371728
lambda_star_4_32,540,0.32460732984293195
lambda_star_4_32,541,0.34554973821989526
lambda_star_4_32,542,0.3036649214659686
lambda_star_4_32,543,0.3193717277486911
lambda_star_4_32,544,0.3507853403141361
lambda_star_4_32,545,0.32460732984293195
lambda_star_4_32,546,0.38219895287958117
lambda_star_4_32,547,0.3403141361256545
lambda_star_4_32,548,0.36649214659685864
lambda_star_4_32,549,0.34554973821989526
lambda_star_4_32,550,0.32460732984293195
lambda_star_4_32,551,0.3089005235602094
lambda_star_4_32,552,0.33507853403141363
lambda_star_4_32,553,0.33507853403141363
lambda_star_4_32,554,0.3089005235602094
lambda_star_4_32,555,0.3717277486910995
lambda_star_4_32,556,0.34554973821989526
lambda_star_4_32,557,0.3717277486910995
lambda_star_4_32,558,0.3507853403141361
lambda_star_4_32,559,0.3403141361256545
lambda_star_4_32,560,0.32460732984293195
lambda_star_4_32,561,0.33507853403141363
lambda_star_4_32,562,0.39267015706806285
lambda_star_4_32,563,0.3193717277486911
lambda_star_4_32,564,0.38219895287958117
lambda_star_4_32,565,0.387434554973822
lambda_star_4_32,566,0.35602094240837695
lambda_star_4_32,567,0.387434554973822
lambda_star_4_32,568,0.3612565445026178
lambda_star_4_32,569,0.3298429319371728
lambda_star_4_32,570,0.34554973821989526
lambda_star_4_32,571,0.35602094240837695
lambda_star_4_32,572,0.34554973821989526
lambda_star_4_32,573,0.32460732984293195
lambda_star_4_32,574,0.34554973821989526
lambda_star_4_32,575,0.387434554973822
lambda_star_4_32,576,0.35602094240837695
lambda_star_4_32,577,0.4293193717277487
lambda_star_4_32,578,0.41361256544502617
lambda_star_4_32,579,0.33507853403141363
lambda_star_4_32,580,0.35602094240837695
lambda_star_4_32,581,0.33507853403141363
lambda_star_4_32,582,0.27225130890052357
lambda_star_4_32,583,0.39790575916230364
lambda_star_4_32,584,0.3403141361256545
lambda_star_4_32,585,0.34554973821989526
lambda_star_4_32,586,0.2879581151832461
lambda_star_4_32,587,0.39267015706806285
lambda_star_4_32,588,0.38219895287958117
lambda_star_4_32,589,0.35602094240837695
lambda_star_4_32,590,0.32460732984293195
lambda_star_4_32,591,0.32460732984293195
lambda_star_4_32,592,0.35602094240837695
lambda_star_4_32,593,0.39790575916230364
lambda_star_4_32,594,0.3193717277486911
lambda_star_4_32,595,0.3298429319371728
lambda_star_4_32,596,0.39267015706806285
lambda_star_4_32,597,0.3298429319371728
lambda_star_4_32,598,0.34554973821989526
lambda_star_4_32,599,0.3507853403141361
lambda_star_4_32,600,0.33507853403141363
lambda_star_4_32,601,0.3403141361256545
lambda_star_4_32,602,0.3717277486910995
lambda_star_4_32,603,0.33507853403141363
lambda_star_4_32,604,0.3298429319371728
lambda_star_4_32,605,0.3298429319371728
lambda_star_4_32,606,0.28272251308900526
lambda_star_4_32,607,0.34554973821989526
lambda_star_4_32,608,0.3036649214659686
lambda_star_4_32,609,0.36649214659685864
lambda_star_4_32,610,0.36649214659685864
lambda_star_4_32,611,0.35602094240837695
lambda_star_4_32,612,0.34554973821989526
lambda_star_4_32,613,0.4083769633507853
lambda_star_4_32,614,0.3612565445026178
lambda_star_4_32,615,0.3403141361256545
lambda_star_4_32,616,0.34554973821989526
lambda_star_4_32,617,0.35602094240837695
lambda_star_4_32,618,0.3403141361256545
lambda_star_4_32,619,0.41361256544502617
lambda_star_4_32,620,0.3298429319371728
lambda_star_4_32,621,0.4083769633507853
lambda_star_4_32,622,0.3612565445026178
lambda_star_4_32,623,0.3612565445026178
lambda_star_4_32,624,0.3507853403141361
lambda_star_4_32,625,0.3717277486910995
lambda_star_4_32,626,0.32460732984293195
lambda_star_4_32,627,0.33507853403141363
lambda_star_4_32,628,0.36649214659685864
lambda_star_4_32,629,0.3403141361256545
lambda_star_4_32,630,0.38219895287958117
lambda_star_4_32,631,0.3507853403141361
lambda_star_4_32,632,0.2774869109947644
lambda_star_4_32,633,0.4293193717277487
lambda_star_4_32,634,0.387434554973822
lambda_star_4_32,635,0.34554973821989526
lambda_star_4_32,636,0.28272251308900526
lambda_star_4_32,637,0.32460732984293195
lambda_star_4_32,638,0.3507853403141361
lambda_star_4_32,639,0.34554973821989526
lambda_star_4_32,640,0.34554973821989526
lambda_star_4_32,641,0.3193717277486911
lambda_star_4_32,642,0.38219895287958117
lambda_star_4_32,643,0.3403141361256545
lambda_star_4_32,644,0.35602094240837695
lambda_star_4_32,645,0.39790575916230364
lambda_star_4_32,646,0.3193717277486911
lambda_star_4_32,647,0.35602094240837695
lambda_star_4_32,648,0.36649214659685864
lambda_star_4_32,649,0.34554973821989526
lambda_star_4_32,650,0.3507853403141361
lambda_star_4_32,651,0.3036649214659686
lambda_star_4_32,652,0.33507853403141363
lambda_star_4_32,653,0.3717277486910995
lambda_star_4_32,654,0.33507853403141363
lambda_star_4_32,655,0.3769633507853403
lambda_star_4_32,656,0.29842931937172773
lambda_star_4_32,657,0.39790575916230364
lambda_star_4_32,658,0.3036649214659686
lambda_star_4_32,659,0.34554973821989526
lambda_star_4_32,660,0.39790575916230364
lambda_star_4_32,661,0.34554973821989526
lambda_star_4_32,662,0.3298429319371728
lambda_star_4_32,663,0.34554973821989526
lambda_star_4_32,664,0.3403141361256545
lambda_star_4_32,665,0.3089005235602094
lambda_star_4_32,666,0.38219895287958117
lambda_star_4_32,667,0.3769633507853403
lambda_star_4_32,668,0.3403141361256545
lambda_star_4_32,669,0.3193717277486911
lambda_star_4_32,670,0.3612565445026178
lambda_star_4_32,671,0.34554973821989526
lambda_star_4_32,672,0.3507853403141361
lambda_star_4_32,673,0.3507853403141361
lambda_star_4_32,674,0.3403141361256545
lambda_star_4_32,675,0.3089005235602094
lambda_star_4_32,676,0.3612565445026178
lambda_star_4_32,677,0.3036649214659686
lambda_star_4_32,678,0.33507853403141363
lambda_star_4_32,679,0.3403141361256545
lambda_star_4_32,680,0.3612565445026178
lambda_star_4_32,681,0.39790575916230364
lambda_star_4_32,682,0.3612565445026178
lambda_star_4_32,683,0.35602094240837695
lambda_star_4_32,684,0.35602094240837695
lambda_star_4_32,685,0.35602094240837695
lambda_star_4_32,686,0.3089005235602094
lambda_star_4_32,687,0.31413612565445026
lambda_star_4_32,688,0.3403141361256545
lambda_star_4_32,689,0.3298429319371728
lambda_star_4_32,690,0.36649214659685864
lambda_star_4_32,691,0.35602094240837695
lambda_star_4_32,692,0.3717277486910995
lambda_star_4_32,693,0.33507853403141363
lambda_star_4_32,694,0.33507853403141363
lambda_star_4_32,695,0.3298429319371728
lambda_star_4_32,696,0.3612565445026178
lambda_star_4_32,697,0.3298429319371728
lambda_star_4_32,698,0.33507853403141363
lambda_star_4_32,699,0.3717277486910995
lambda_star_4_32,700,0.38219895287958117
lambda_star_4_32,701,0.3403141361256545
lambda_star_4_32,702,0.35602094240837695
lambda_star_4_32,703,0.32460732984293195
lambda_star_4_32,704,0.3298429319371728
lambda_star_4_32,705,0.35602094240837695
lambda_star_4_32,706,0.3193717277486911
lambda_star_4_32,707,0.3507853403141361
lambda_star_4_32,708,0.2670157068062827
lambda_star_4_32,709,0.39267015706806285
lambda_star_4_32,710,0.36649214659685864
lambda_star_4_32,711,0.3193717277486911
lambda_star_4_32,712,0.3507853403141361
lambda_star_4_32,713,0.3769633507853403
lambda_star_4_32,714,0.34554973821989526
lambda_star_4_32,715,0.3507853403141361
lambda_star_4_32,716,0.31413612565445026
lambda_star_4_32,717,0.3507853403141361
lambda_star_4_32,718,0.3089005235602094
lambda_star_4_32,719,0.3612565445026178
lambda_star_4_32,720,0.41361256544502617
lambda_star_4_32,721,0.3298429319371728
lambda_star_4_32,722,0.33507853403141363
lambda_star_4_32,723,0.3403141361256545
lambda_star_4_32,724,0.33507853403141363
lambda_star_4_32,725,0.32460732984293195
lambda_star_4_32,726,0.36649214659685864
lambda_star_4_32,727,0.3403141361256545
lambda_star_4_32,728,0.3089005235602094
lambda_star_4_32,729,0.3612565445026178
lambda_star_4_32,730,0.3298429319371728
lambda_star_4_32,731,0.35602094240837695
lambda_star_4_32,732,0.35602094240837695
lambda_star_4_32,733,0.31413612565445026
lambda_star_4_32,734,0.3298429319371728
lambda_star_4_32,735,0.3612565445026178
lambda_star_4_32,736,0.35602094240837695
lambda_star_4_32,737,0.33507853403141363
lambda_star_4_32,738,0.3507853403141361
lambda_star_4_32,739,0.34554973821989526
lambda_star_4_32,740,0.3403141361256545
lambda_star_4_32,741,0.3612565445026178
lambda_star_4_32,742,0.3193717277486911
lambda_star_4_32,743,0.3193717277486911
lambda_star_4_32,744,0.3769633507853403
lambda_star_4_32,745,0.3507853403141361
lambda_star_4_32,746,0.3612565445026178
lambda_star_4_32,747,0.31413612565445026
lambda_star_4_32,748,0.3507853403141361
lambda_star_4_32,749,0.33507853403141363
lambda_star_4_32,750,0.35602094240837695
lambda_star_4_32,751,0.35602094240837695
lambda_star_4_32,752,0.31413612565445026
lambda_star_4_32,753,0.33507853403141363
lambda_star_4_32,754,0.3612565445026178
lambda_star_4_32,755,0.29842931937172773
lambda_star_4_32,756,0.3717277486910995
lambda_star_4_32,757,0.3507853403141361
lambda_star_4_32,758,0.3507853403141361
lambda_star_4_32,759,0.3403141361256545
lambda_star_4_32,760,0.35602094240837695
lambda_star_4_32,761,0.33507853403141363
lambda_star_4_32,762,0.3403141361256545
lambda_star_4_32,763,0.3717277486910995
lambda_star_4_32,764,0.3036649214659686
lambda_star_4_32,765,0.35602094240837695
lambda_star_4_32,766,0.3769633507853403
lambda_star_4_32,767,0.3403141361256545
lambda_star_4_32,768,0.3612565445026178
lambda_star_4_32,769,0.3193717277486911
lambda_star_4_32,770,0.3612565445026178
lambda_star_4_32,771,0.3612565445026178
lambda_star_4_32,772,0.36649214659685864
lambda_star_4_32,773,0.3298429319371728
lambda_star_4_32,774,0.39267015706806285
lambda_star_4_32,775,0.38219895287958117
lambda_star_4_32,776,0.3612565445026178
lambda_star_4_32,777,0.36649214659685864
lambda_star_4_32,778,0.36649214659685864
lambda_star_4_32,779,0.2931937172774869
lambda_star_4_32,780,0.387434554973822
lambda_star_4_32,781,0.39790575916230364
lambda_star_4_32,782,0.3036649214659686
lambda_star_4_32,783,0.3717277486910995
lambda_star_4_32,784,0.3507853403141361
lambda_star_4_32,785,0.3403141361256545
lambda_star_4_32,786,0.3612565445026178
lambda_star_4_32,787,0.3612565445026178
lambda_star_4_32,788,0.3507853403141361
lambda_star_4_32,789,0.35602094240837695
lambda_star_4_32,790,0.35602094240837695
lambda_star_4_32,791,0.34554973821989526
lambda_star_4_32,792,0.3717277486910995
lambda_star_4_32,793,0.33507853403141363
lambda_star_4_32,794,0.31413612565445026
lambda_star_4_32,795,0.31413612565445026
lambda_star_4_32,796,0.3769633507853403
lambda_star_4_32,797,0.31413612565445026
lambda_star_4_32,798,0.3717277486910995
lambda_star_4_32,799,0.35602094240837695
lambda_star_4_32,800,0.31413612565445026
lambda_star_4_32,801,0.39267015706806285
lambda_star_4_32,802,0.32460732984293195
lambda_star_4_32,803,0.39790575916230364
lambda_star_4_32,804,0.32460732984293195
lambda_star_4_32,805,0.38219895287958117
lambda_star_4_32,806,0.36649214659685864
lambda_star_4_32,807,0.32460732984293195
lambda_star_4_32,808,0.3036649214659686
lambda_star_4_32,809,0.4031413612565445
lambda_star_4_32,810,0.35602094240837695
lambda_star_4_32,811,0.3612565445026178
lambda_star_4_32,812,0.3403141361256545
lambda_star_4_32,813,0.387434554973822
lambda_star_4_32,814,0.387434554973822
lambda_star_4_32,815,0.3717277486910995
lambda_star_4_32,816,0.32460732984293195
lambda_star_4_32,817,0.3507853403141361
lambda_star_4_32,818,0.3089005235602094
lambda_star_4_32,819,0.35602094240837695
lambda_star_4_32,820,0.3089005235602094
lambda_star_4_32,821,0.3089005235602094
lambda_star_4_32,822,0.3298429319371728
lambda_star_4_32,823,0.3403141361256545
lambda_star_4_32,824,0.3089005235602094
lambda_star_4_32,825,0.4031413612565445
lambda_star_4_32,826,0.4031413612565445
lambda_star_4_32,827,0.33507853403141363
lambda_star_4_32,828,0.39790575916230364
lambda_star_4_32,829,0.35602094240837695
lambda_star_4_32,830,0.35602094240837695
lambda_star_4_32,831,0.39790575916230364
lambda_star_4_32,832,0.3769633507853403
lambda_star_4_32,833,0.31413612565445026
lambda_star_4_32,834,0.3769633507853403
lambda_star_4_32,835,0.31413612565445026
lambda_star_4_32,836,0.3507853403141361
lambda_star_4_32,837,0.3507853403141361
lambda_star_4_32,838,0.3769633507853403
lambda_star_4_32,839,0.3193717277486911
lambda_star_4_32,840,0.3717277486910995
lambda_star_4_32,841,0.3403141361256545
lambda_star_4_32,842,0.32460732984293195
lambda_star_4_32,843,0.3717277486910995
lambda_star_4_32,844,0.35602094240837695
lambda_star_4_32,845,0.3036649214659686
lambda_star_4_32,846,0.39790575916230364
lambda_star_4_32,847,0.39790575916230364
lambda_star_4_32,848,0.3612565445026178
lambda_star_4_32,849,0.3298429319371728
lambda_star_4_32,850,0.4083769633507853
lambda_star_4_32,851,0.32460732984293195
lambda_star_4_32,852,0.36649214659685864
lambda_star_4_32,853,0.3612565445026178
lambda_star_4_32,854,0.41361256544502617
lambda_star_4_32,855,0.34554973821989526
lambda_star_4_32,856,0.3403141361256545
lambda_star_4_32,857,0.29842931937172773
lambda_star_4_32,858,0.3769633507853403
lambda_star_4_32,859,0.31413612565445026
lambda_star_4_32,860,0.3612565445026178
lambda_star_4_32,861,0.3403141361256545
lambda_star_4_32,862,0.32460732984293195
lambda_star_4_32,863,0.33507853403141363
lambda_star_4_32,864,0.3717277486910995
lambda_star_4_32,865,0.3717277486910995
lambda_star_4_32,866,0.38219895287958117
lambda_star_4_32,867,0.3507853403141361
lambda_star_4_32,868,0.32460732984293195
lambda_star_4_32,869,0.2774869109947644
lambda_star_4_32,870,0.3403141361256545
lambda_star_4_32,871,0.3507853403141361
lambda_star_4_32,872,0.3507853403141361
lambda_star_4_32,873,0.42408376963350786
lambda_star_4_32,874,0.32460732984293195
lambda_star_4_32,875,0.3507853403141361
lambda_star_4_32,876,0.3717277486910995
lambda_star_4_32,877,0.3769633507853403
lambda_star_4_32,878,0.3612565445026178
lambda_star_4_32,879,0.2931937172774869
lambda_star_4_32,880,0.36649214659685864
lambda_star_4_32,881,0.33507853403141363
lambda_star_4_32,882,0.32460732984293195
lambda_star_4_32,883,0.3403141361256545
lambda_star_4_32,884,0.2879581151832461
lambda_star_4_32,885,0.36649214659685864
lambda_star_4_32,886,0.3717277486910995
lambda_star_4_32,887,0.33507853403141363
lambda_star_4_32,888,0.3717277486910995
lambda_star_4_32,889,0.32460732984293195
lambda_star_4_32,890,0.33507853403141363
lambda_star_4_32,891,0.3298429319371728
lambda_star_4_32,892,0.3507853403141361
lambda_star_4_32,893,0.3507853403141361
lambda_star_4_32,894,0.3717277486910995
lambda_star_4_32,895,0.3769633507853403
lambda_star_4_32,896,0.3298429319371728
lambda_star_4_32,897,0.3612565445026178
lambda_star_4_32,898,0.3612565445026178
lambda_star_4_32,899,0.35602094240837695
lambda_star_4_32,900,0.32460732984293195
lambda_star_4_32,901,0.3507853403141361
lambda_star_4_32,902,0.32460732984293195
lambda_star_4_32,903,0.3298429319371728
lambda_star_4_32,904,0.33507853403141363
lambda_star_4_32,905,0.3036649214659686
lambda_star_4_32,906,0.39790575916230364
lambda_star_4_32,907,0.36649214659685864
lambda_star_4_32,908,0.3193717277486911
lambda_star_4_32,909,0.33507853403141363
lambda_star_4_32,910,0.36649214659685864
lambda_star_4_32,911,0.3403141361256545
lambda_star_4_32,912,0.33507853403141363
lambda_star_4_32,913,0.3298429319371728
lambda_star_4_32,914,0.34554973821989526
lambda_star_4_32,915,0.3717277486910995
lambda_star_4_32,916,0.33507853403141363
lambda_star_4_32,917,0.32460732984293195
lambda_star_4_32,918,0.32460732984293195
lambda_star_4_32,919,0.3193717277486911
lambda_star_4_32,920,0.3298429319371728
lambda_star_4_32,921,0.35602094240837695
lambda_star_4_32,922,0.3507853403141361
lambda_star_4_32,923,0.33507853403141363
lambda_star_4_32,924,0.41361256544502617
lambda_star_4_32,925,0.3089005235602094
lambda_star_4_32,926,0.3769633507853403
lambda_star_4_32,927,0.35602094240837695
lambda_star_4_32,928,0.387434554973822
lambda_star_4_32,929,0.3298429319371728
lambda_star_4_32,930,0.36649214659685864
lambda_star_4_32,931,0.35602094240837695
lambda_star_4_32,932,0.32460732984293195
lambda_star_4_32,933,0.33507853403141363
lambda_star_4_32,934,0.3507853403141361
lambda_star_4_32,935,0.31413612565445026
lambda_star_4_32,936,0.33507853403141363
lambda_star_4_32,937,0.3507853403141361
lambda_star_4_32,938,0.3717277486910995
lambda_star_4_32,939,0.3403141361256545
lambda_star_4_32,940,0.3036649214659686
lambda_star_4_32,941,0.3717277486910995
lambda_star_4_32,942,0.3036649214659686
lambda_star_4_32,943,0.3298429319371728
lambda_star_4_32,944,0.3036649214659686
lambda_star_4_32,945,0.34554973821989526
lambda_star_4_32,946,0.33507853403141363
lambda_star_4_32,947,0.3507853403141361
lambda_star_4_32,948,0.3298429319371728
lambda_star_4_32,949,0.32460732984293195
lambda_star_4_32,950,0.2931937172774869
lambda_star_4_32,951,0.34554973821989526
lambda_star_4_32,952,0.3089005235602094
lambda_star_4_32,953,0.34554973821989526
lambda_star_4_32,954,0.34554973821989526
lambda_star_4_32,955,0.34554973821989526
lambda_star_4_32,956,0.35602094240837695
lambda_star_4_32,957,0.33507853403141363
lambda_star_4_32,958,0.2931937172774869
lambda_star_4_32,959,0.3717277486910995
lambda_star_4_32,960,0.31413612565445026
lambda_star_4_32,961,0.3403141361256545
lambda_star_4_32,962,0.3089005235602094
lambda_star_4_32,963,0.35602094240837695
lambda_star_4_32,964,0.36649214659685864
lambda_star_4_32,965,0.39267015706806285
lambda_star_4_32,966,0.3612565445026178
lambda_star_4_32,967,0.39267015706806285
lambda_star_4_32,968,0.3298429319371728
lambda_star_4_32,969,0.31413612565445026
lambda_star_4_32,970,0.3717277486910995
lambda_star_4_32,971,0.27225130890052357
lambda_star_4_32,972,0.38219895287958117
lambda_star_4_32,973,0.3717277486910995
lambda_star_4_32,974,0.3403141361256545
lambda_star_4_32,975,0.3403141361256545
lambda_star_4_32,976,0.35602094240837695
lambda_star_4_32,977,0.4031413612565445
lambda_star_4_32,978,0.3612565445026178
lambda_star_4_32,979,0.3612565445026178
lambda_star_4_32,980,0.3612565445026178
lambda_star_4_32,981,0.36649214659685864
lambda_star_4_32,982,0.3612565445026178
lambda_star_4_32,983,0.3089005235602094
lambda_star_4_32,984,0.3769633507853403
lambda_star_4_32,985,0.3769633507853403
lambda_star_4_32,986,0.3612565445026178
lambda_star_4_32,987,0.3612565445026178
lambda_star_4_32,988,0.3036649214659686
lambda_star_4_32,989,0.35602094240837695
lambda_star_4_32,990,0.3089005235602094
lambda_star_4_32,991,0.3403141361256545
lambda_star_4_32,992,0.35602094240837695
lambda_star_4_32,993,0.3403141361256545
lambda_star_4_32,994,0.36649214659685864
lambda_star_4_32,995,0.39267015706806285
lambda_star_4_32,996,0.3193717277486911
lambda_star_4_32,997,0.33507853403141363
lambda_star_4_32,998,0.3612565445026178
lambda_star_4_32,999,0.3403141361256545
lambda_star_4_32,1000,0.31413612565445026
lambda_star_4_32,1001,0.34554973821989526
lambda_star_4_32,1002,0.3036649214659686
lambda_star_4_32,1003,0.3403141361256545
lambda_star_4_32,1004,0.32460732984293195
lambda_star_4_32,1005,0.3403141361256545
lambda_star_4_32,1006,0.34554973821989526
lambda_star_4_32,1007,0.3507853403141361
lambda_star_4_32,1008,0.3507853403141361
lambda_star_4_32,1009,0.3403141361256545
lambda_star_4_32,1010,0.3403141361256545
lambda_star_4_32,1011,0.34554973821989526
lambda_star_4_32,1012,0.3298429319371728
lambda_star_4_32,1013,0.3507853403141361
lambda_star_4_32,1014,0.3089005235602094
lambda_star_4_32,1015,0.33507853403141363
lambda_star_4_32,1016,0.36649214659685864
lambda_star_4_32,1017,0.3769633507853403
lambda_star_4_32,1018,0.31413612565445026
lambda_star_4_32,1019,0.3612565445026178
lambda_star_4_32,1020,0.3193717277486911
lambda_star_4_32,1021,0.3403141361256545
lambda_star_4_32,1022,0.387434554973822
lambda_star_4_32,1023,0.33507853403141363
lambda_star_4_32,1024,0.3507853403141361
lambda_star_4_32,1025,0.3507853403141361
lambda_star_4_32,1026,0.34554973821989526
lambda_star_4_32,1027,0.3403141361256545
lambda_star_4_32,1028,0.387434554973822
lambda_star_4_32,1029,0.34554973821989526
lambda_star_4_32,1030,0.35602094240837695
lambda_star_4_32,1031,0.3769633507853403
lambda_star_4_32,1032,0.3403141361256545
lambda_star_4_32,1033,0.4083769633507853
lambda_star_4_32,1034,0.3717277486910995
lambda_star_4_32,1035,0.34554973821989526
lambda_star_4_32,1036,0.3193717277486911
lambda_star_4_32,1037,0.3612565445026178
lambda_star_4_32,1038,0.3403141361256545
lambda_star_4_32,1039,0.3612565445026178
lambda_star_4_32,1040,0.3507853403141361
lambda_star_4_32,1041,0.34554973821989526
lambda_star_4_32,1042,0.38219895287958117
lambda_star_4_32,1043,0.3298429319371728
lambda_star_4_32,1044,0.3717277486910995
lambda_star_4_32,1045,0.3089005235602094
lambda_star_4_32,1046,0.3403141361256545
lambda_star_4_32,1047,0.34554973821989526
lambda_star_4_32,1048,0.4031413612565445
lambda_star_4_32,1049,0.3507853403141361
lambda_star_4_32,1050,0.3089005235602094
lambda_star_4_32,1051,0.3769633507853403
lambda_star_4_32,1052,0.3612565445026178
lambda_star_4_32,1053,0.3507853403141361
lambda_star_4_32,1054,0.3193717277486911
lambda_star_4_32,1055,0.35602094240837695
lambda_star_4_32,1056,0.3717277486910995
lambda_star_4_32,1057,0.34554973821989526
lambda_star_4_32,1058,0.32460732984293195
lambda_star_4_32,1059,0.3612565445026178
lambda_star_4_32,1060,0.3612565445026178
lambda_star_4_32,1061,0.3403141361256545
lambda_star_4_32,1062,0.34554973821989526
lambda_star_4_32,1063,0.3612565445026178
lambda_star_4_32,1064,0.3298429319371728
lambda_star_4_32,1065,0.3403141361256545
lambda_star_4_32,1066,0.3036649214659686
lambda_star_4_32,1067,0.3193717277486911
lambda_star_4_32,1068,0.3717277486910995
lambda_star_4_32,1069,0.35602094240837695
lambda_star_4_32,1070,0.33507853403141363
lambda_star_4_32,1071,0.36649214659685864
lambda_star_4_32,1072,0.34554973821989526
lambda_star_4_32,1073,0.35602094240837695
lambda_star_4_32,1074,0.3769633507853403
lambda_star_4_32,1075,0.387434554973822
lambda_star_4_32,1076,0.3036649214659686
lambda_star_4_32,1077,0.36649214659685864
lambda_star_4_32,1078,0.35602094240837695
lambda_star_4_32,1079,0.33507853403141363
lambda_star_4_32,1080,0.3036649214659686
lambda_star_4_32,1081,0.3036649214659686
lambda_star_4_32,1082,0.33507853403141363
lambda_star_4_32,1083,0.38219895287958117
lambda_star_4_32,1084,0.3193717277486911
lambda_star_4_32,1085,0.3717277486910995
lambda_star_4_32,1086,0.33507853403141363
lambda_star_4_32,1087,0.31413612565445026
lambda_star_4_32,1088,0.29842931937172773
lambda_star_4_32,1089,0.3403141361256545
lambda_star_4_32,1090,0.2931937172774869
lambda_star_4_32,1091,0.33507853403141363
lambda_star_4_32,1092,0.35602094240837695
lambda_star_4_32,1093,0.3612565445026178
lambda_star_4_32,1094,0.3403141361256545
lambda_star_4_32,1095,0.3403141361256545
lambda_star_4_32,1096,0.3612565445026178
lambda_star_4_32,1097,0.3193717277486911
lambda_star_4_32,1098,0.34554973821989526
lambda_star_4_32,1099,0.387434554973822
lambda_star_4_32,1100,0.34554973821989526
lambda_star_4_32,1101,0.3717277486910995
lambda_star_4_32,1102,0.3036649214659686
lambda_star_4_32,1103,0.36649214659685864
lambda_star_4_32,1104,0.35602094240837695
lambda_star_4_32,1105,0.3507853403141361
lambda_star_4_32,1106,0.31413612565445026
lambda_star_4_32,1107,0.3717277486910995
lambda_star_4_32,1108,0.3612565445026178
lambda_star_4_32,1109,0.3298429319371728
lambda_star_4_32,1110,0.35602094240837695
lambda_star_4_32,1111,0.3769633507853403
lambda_star_4_32,1112,0.34554973821989526
lambda_star_4_32,1113,0.33507853403141363
lambda_star_4_32,1114,0.31413612565445026
lambda_star_4_32,1115,0.3769633507853403
lambda_star_4_32,1116,0.34554973821989526
lambda_star_4_32,1117,0.32460732984293195
lambda_star_4_32,1118,0.3036649214659686
lambda_star_4_32,1119,0.33507853403141363
lambda_star_4_32,1120,0.3298429319371728
lambda_star_4_32,1121,0.387434554973822
lambda_star_4_32,1122,0.3612565445026178
lambda_star_4_32,1123,0.3298429319371728
lambda_star_4_32,1124,0.3612565445026178
lambda_star_4_32,1125,0.3298429319371728
lambda_star_4_32,1126,0.36649214659685864
lambda_star_4_32,1127,0.3036649214659686
lambda_star_4_32,1128,0.31413612565445026
lambda_star_4_32,1129,0.3769633507853403
lambda_star_4_32,1130,0.32460732984293195
lambda_star_4_32,1131,0.3612565445026178
lambda_star_4_32,1132,0.36649214659685864
lambda_star_4_32,1133,0.33507853403141363
lambda_star_4_32,1134,0.32460732984293195
lambda_star_4_32,1135,0.35602094240837695
lambda_star_4_32,1136,0.36649214659685864
lambda_star_4_32,1137,0.36649214659685864
lambda_star_4_32,1138,0.36649214659685864
lambda_star_4_32,1139,0.3403141361256545
lambda_star_4_32,1140,0.36649214659685864
lambda_star_4_32,1141,0.34554973821989526
lambda_star_4_32,1142,0.38219895287958117
lambda_star_4_32,1143,0.38219895287958117
lambda_star_4_32,1144,0.3089005235602094
lambda_star_4_32,1145,0.3612565445026178
lambda_star_4_32,1146,0.38219895287958117
lambda_star_4_32,1147,0.3717277486910995
lambda_star_4_32,1148,0.3612565445026178
lambda_star_4_32,1149,0.29842931937172773
lambda_star_4_32,1150,0.38219895287958117
lambda_star_4_32,1151,0.34554973821989526
lambda_star_4_32,1152,0.3403141361256545
lambda_star_4_32,1153,0.3193717277486911
lambda_star_4_32,1154,0.29842931937172773
lambda_star_4_32,1155,0.3298429319371728
lambda_star_4_32,1156,0.3403141361256545
lambda_star_4_32,1157,0.33507853403141363
lambda_star_4_32,1158,0.2931937172774869
lambda_star_4_32,1159,0.34554973821989526
lambda_star_4_32,1160,0.34554973821989526
lambda_star_4_32,1161,0.34554973821989526
lambda_star_4_32,1162,0.33507853403141363
lambda_star_4_32,1163,0.3403141361256545
lambda_star_4_32,1164,0.3298429319371728
lambda_star_4_32,1165,0.3507853403141361
lambda_star_4_32,1166,0.34554973821989526
lambda_star_4_32,1167,0.3089005235602094
lambda_star_4_32,1168,0.3717277486910995
lambda_star_4_32,1169,0.34554973821989526
lambda_star_4_32,1170,0.3717277486910995
lambda_star_4_32,1171,0.32460732984293195
lambda_star_4_32,1172,0.41361256544502617
lambda_star_4_32,1173,0.3507853403141361
lambda_star_4_32,1174,0.3612565445026178
lambda_star_4_32,1175,0.3507853403141361
lambda_star_4_32,1176,0.36649214659685864
lambda_star_4_32,1177,0.34554973821989526
lambda_star_4_32,1178,0.3612565445026178
lambda_star_4_32,1179,0.39267015706806285
lambda_star_4_32,1180,0.3403141361256545
lambda_star_4_32,1181,0.38219895287958117
lambda_star_4_32,1182,0.35602094240837695
lambda_star_4_32,1183,0.35602094240837695
lambda_star_4_32,1184,0.3612565445026178
lambda_star_4_32,1185,0.387434554973822
lambda_star_4_32,1186,0.3403141361256545
lambda_star_4_32,1187,0.3612565445026178
lambda_star_4_32,1188,0.3717277486910995
lambda_star_4_32,1189,0.3403141361256545
lambda_star_4_32,1190,0.3717277486910995
lambda_star_4_32,1191,0.3298429319371728
lambda_star_4_32,1192,0.3298429319371728
lambda_star_4_32,1193,0.3717277486910995
lambda_star_4_32,1194,0.35602094240837695
lambda_star_4_32,1195,0.3403141361256545
lambda_star_4_32,1196,0.35602094240837695
lambda_star_4_32,1197,0.4083769633507853
lambda_star_4_32,1198,0.36649214659685864
lambda_star_4_32,1199,0.32460732984293195
lambda_star_4_32,1200,0.3403141361256545
lambda_star_4_32,1201,0.3403141361256545
lambda_star_4_32,1202,0.33507853403141363
lambda_star_4_32,1203,0.3717277486910995
lambda_star_4_32,1204,0.35602094240837695
lambda_star_4_32,1205,0.3769633507853403
lambda_star_4_32,1206,0.32460732984293195
lambda_star_4_32,1207,0.3298429319371728
lambda_star_4_32,1208,0.38219895287958117
lambda_star_4_32,1209,0.34554973821989526
lambda_star_4_32,1210,0.3298429319371728
lambda_star_4_32,1211,0.3089005235602094
lambda_star_4_32,1212,0.387434554973822
lambda_star_4_32,1213,0.36649214659685864
lambda_star_4_32,1214,0.3507853403141361
lambda_star_4_32,1215,0.3769633507853403
lambda_star_4_32,1216,0.3298429319371728
lambda_star_4_32,1217,0.3612565445026178
lambda_star_4_32,1218,0.34554973821989526
lambda_star_4_32,1219,0.31413612565445026
lambda_star_4_32,1220,0.38219895287958117
lambda_star_4_32,1221,0.29842931937172773
lambda_star_4_32,1222,0.3507853403141361
lambda_star_4_32,1223,0.34554973821989526
lambda_star_4_32,1224,0.3507853403141361
lambda_star_4_32,1225,0.38219895287958117
lambda_star_4_32,1226,0.35602094240837695
lambda_star_4_32,1227,0.4083769633507853
lambda_star_4_32,1228,0.31413612565445026
lambda_star_4_32,1229,0.38219895287958117
lambda_star_4_32,1230,0.31413612565445026
lambda_star_4_32,1231,0.3298429319371728
lambda_star_4_32,1232,0.33507853403141363
lambda_star_4_32,1233,0.3507853403141361
lambda_star_4_32,1234,0.3089005235602094
lambda_star_4_32,1235,0.3298429319371728
lambda_star_4_32,1236,0.34554973821989526
lambda_star_4_32,1237,0.3717277486910995
lambda_star_4_32,1238,0.3298429319371728
lambda_star_4_32,1239,0.2774869109947644
lambda_star_4_32,1240,0.34554973821989526
lambda_star_4_32,1241,0.34554973821989526
lambda_star_4_32,1242,0.34554973821989526
lambda_star_4_32,1243,0.3717277486910995
lambda_star_4_32,1244,0.36649214659685864
lambda_star_4_32,1245,0.3612565445026178
lambda_star_4_32,1246,0.38219895287958117
lambda_star_4_32,1247,0.35602094240837695
lambda_star_4_32,1248,0.2879581151832461
lambda_star_4_32,1249,0.3403141361256545
lambda_star_4_32,1250,0.3036649214659686
lambda_star_4_32,1251,0.32460732984293195
lambda_star_4_32,1252,0.3403141361256545
lambda_star_4_32,1253,0.3298429319371728
lambda_star_4_32,1254,0.32460732984293195
lambda_star_4_32,1255,0.3403141361256545
lambda_star_4_32,1256,0.3717277486910995
lambda_star_4_32,1257,0.3507853403141361
lambda_star_4_32,1258,0.3403141361256545
lambda_star_4_32,1259,0.3403141361256545
lambda_star_4_32,1260,0.33507853403141363
lambda_star_4_32,1261,0.31413612565445026
lambda_star_4_32,1262,0.32460732984293195
lambda_star_4_32,1263,0.35602094240837695
lambda_star_4_32,1264,0.3403141361256545
lambda_star_4_32,1265,0.4083769633507853
lambda_star_4_32,1266,0.3089005235602094
lambda_star_4_32,1267,0.387434554973822
lambda_star_4_32,1268,0.3089005235602094
lambda_star_4_32,1269,0.34554973821989526
lambda_star_4_32,1270,0.35602094240837695
lambda_star_4_32,1271,0.3403141361256545
lambda_star_4_32,1272,0.35602094240837695
lambda_star_4_32,1273,0.3507853403141361
lambda_star_4_32,1274,0.36649214659685864
lambda_star_4_32,1275,0.3769633507853403
lambda_star_4_32,1276,0.3403141361256545
lambda_star_4_32,1277,0.3298429319371728
lambda_star_4_32,1278,0.3769633507853403
lambda_star_4_32,1279,0.35602094240837695
lambda_star_4_32,1280,0.34554973821989526
lambda_star_4_32,1281,0.3612565445026178
lambda_star_4_32,1282,0.39790575916230364
lambda_star_4_32,1283,0.3507853403141361
lambda_star_4_32,1284,0.3089005235602094
lambda_star_4_32,1285,0.3193717277486911
lambda_star_4_32,1286,0.3612565445026178
lambda_star_4_32,1287,0.33507853403141363
lambda_star_4_32,1288,0.3403141361256545
lambda_star_4_32,1289,0.3717277486910995
lambda_star_4_32,1290,0.34554973821989526
lambda_star_4_32,1291,0.3612565445026178
lambda_star_4_32,1292,0.3717277486910995
lambda_star_4_32,1293,0.34554973821989526
lambda_star_4_32,1294,0.3298429319371728
lambda_star_4_32,1295,0.3769633507853403
lambda_star_4_32,1296,0.3769633507853403
lambda_star_4_32,1297,0.39267015706806285
lambda_star_4_32,1298,0.4031413612565445
lambda_star_4_32,1299,0.33507853403141363
lambda_star_4_32,1300,0.3717277486910995
lambda_star_4_32,1301,0.3612565445026178
lambda_star_4_32,1302,0.3507853403141361
lambda_star_4_32,1303,0.3089005235602094
lambda_star_4_32,1304,0.3717277486910995
lambda_star_4_32,1305,0.3403141361256545
lambda_star_4_32,1306,0.36649214659685864
lambda_star_4_32,1307,0.3612565445026178
lambda_star_4_32,1308,0.3089005235602094
lambda_star_4_32,1309,0.28272251308900526
lambda_star_4_32,1310,0.3612565445026178
lambda_star_4_32,1311,0.3089005235602094
lambda_star_4_32,1312,0.35602094240837695
lambda_star_4_32,1313,0.3717277486910995
lambda_star_4_32,1314,0.34554973821989526
lambda_star_4_32,1315,0.3089005235602094
lambda_star_4_32,1316,0.3769633507853403
lambda_star_4_32,1317,0.3403141361256545
lambda_star_4_32,1318,0.3193717277486911
lambda_star_4_32,1319,0.3193717277486911
lambda_star_4_32,1320,0.3036649214659686
lambda_star_4_32,1321,0.33507853403141363
lambda_star_4_32,1322,0.33507853403141363
lambda_star_4_32,1323,0.34554973821989526
lambda_star_4_32,1324,0.3507853403141361
lambda_star_4_32,1325,0.33507853403141363
lambda_star_4_32,1326,0.35602094240837695
lambda_star_4_32,1327,0.3717277486910995
lambda_star_4_32,1328,0.32460732984293195
lambda_star_4_32,1329,0.34554973821989526
lambda_star_4_32,1330,0.33507853403141363
lambda_star_4_32,1331,0.35602094240837695
lambda_star_4_32,1332,0.33507853403141363
lambda_star_4_32,1333,0.3036649214659686
lambda_star_4_32,1334,0.3769633507853403
lambda_star_4_32,1335,0.3193717277486911
lambda_star_4_32,1336,0.39267015706806285
lambda_star_4_32,1337,0.3403141361256545
lambda_star_4_32,1338,0.3612565445026178
lambda_star_4_32,1339,0.39790575916230364
lambda_star_4_32,1340,0.3717277486910995
lambda_star_4_32,1341,0.39267015706806285
lambda_star_4_32,1342,0.3403141361256545
lambda_star_4_32,1343,0.39267015706806285
lambda_star_4_32,1344,0.38219895287958117
lambda_star_4_32,1345,0.32460732984293195
lambda_star_4_32,1346,0.4083769633507853
lambda_star_4_32,1347,0.35602094240837695
lambda_star_4_32,1348,0.3507853403141361
lambda_star_4_32,1349,0.3298429319371728
lambda_star_4_32,1350,0.3403141361256545
lambda_star_4_32,1351,0.3193717277486911
lambda_star_4_32,1352,0.39267015706806285
lambda_star_4_32,1353,0.32460732984293195
lambda_star_4_32,1354,0.3403141361256545
lambda_star_4_32,1355,0.3717277486910995
lambda_star_4_32,1356,0.24607329842931938
lambda_star_4_32,1357,0.34554973821989526
lambda_star_4_32,1358,0.36649214659685864
lambda_star_4_32,1359,0.35602094240837695
lambda_star_4_32,1360,0.35602094240837695
lambda_star_4_32,1361,0.3193717277486911
lambda_star_4_32,1362,0.3403141361256545
lambda_star_4_32,1363,0.3089005235602094
lambda_star_4_32,1364,0.3612565445026178
lambda_star_4_32,1365,0.3507853403141361
lambda_star_4_32,1366,0.31413612565445026
lambda_star_4_32,1367,0.3769633507853403
lambda_star_4_32,1368,0.2931937172774869
lambda_star_4_32,1369,0.3298429319371728
lambda_star_4_32,1370,0.3089005235602094
lambda_star_4_32,1371,0.36649214659685864
lambda_star_4_32,1372,0.3769633507853403
lambda_star_4_32,1373,0.3298429319371728
lambda_star_4_32,1374,0.3036649214659686
lambda_star_4_32,1375,0.3298429319371728
lambda_star_4_32,1376,0.35602094240837695
lambda_star_4_32,1377,0.33507853403141363
lambda_star_4_32,1378,0.32460732984293195
lambda_star_4_32,1379,0.3612565445026178
lambda_star_4_32,1380,0.35602094240837695
lambda_star_4_32,1381,0.4031413612565445
lambda_star_4_32,1382,0.33507853403141363
lambda_star_4_32,1383,0.38219895287958117
lambda_star_4_32,1384,0.34554973821989526
lambda_star_4_32,1385,0.3769633507853403
lambda_star_4_32,1386,0.3403141361256545
lambda_star_4_32,1387,0.29842931937172773
lambda_star_4_32,1388,0.33507853403141363
lambda_star_4_32,1389,0.38219895287958117
lambda_star_4_32,1390,0.38219895287958117
lambda_star_4_32,1391,0.4031413612565445
lambda_star_4_32,1392,0.3089005235602094
lambda_star_4_32,1393,0.39790575916230364
lambda_star_4_32,1394,0.3507853403141361
lambda_star_4_32,1395,0.3507853403141361
lambda_star_4_32,1396,0.35602094240837695
lambda_star_4_32,1397,0.3717277486910995
lambda_star_4_32,1398,0.3298429319371728
lambda_star_4_32,1399,0.3403141361256545
lambda_star_4_32,1400,0.3612565445026178
lambda_star_4_32,1401,0.3298429319371728
lambda_star_4_32,1402,0.2774869109947644
lambda_star_4_32,1403,0.3193717277486911
lambda_star_4_32,1404,0.31413612565445026
lambda_star_4_32,1405,0.3717277486910995
lambda_star_4_32,1406,0.3717277486910995
lambda_star_4_32,1407,0.31413612565445026
lambda_star_4_32,1408,0.3769633507853403
lambda_star_4_32,1409,0.33507853403141363
lambda_star_4_32,1410,0.3298429319371728
lambda_star_4_32,1411,0.3717277486910995
lambda_star_4_32,1412,0.3769633507853403
lambda_star_4_32,1413,0.3612565445026178
lambda_star_4_32,1414,0.3769633507853403
lambda_star_4_32,1415,0.34554973821989526
lambda_star_4_32,1416,0.39267015706806285
lambda_star_4_32,1417,0.4397905759162304
lambda_star_4_32,1418,0.36649214659685864
lambda_star_4_32,1419,0.3612565445026178
lambda_star_4_32,1420,0.34554973821989526
lambda_star_4_32,1421,0.39267015706806285
lambda_star_4_32,1422,0.3507853403141361
lambda_star_4_32,1423,0.3193717277486911
lambda_star_4_32,1424,0.32460732984293195
lambda_star_4_32,1425,0.2931937172774869
lambda_star_4_32,1426,0.32460732984293195
lambda_star_4_32,1427,0.3507853403141361
lambda_star_4_32,1428,0.38219895287958117
lambda_star_4_32,1429,0.2879581151832461
lambda_star_4_32,1430,0.39267015706806285
lambda_star_4_32,1431,0.32460732984293195
lambda_star_4_32,1432,0.34554973821989526
lambda_star_4_32,1433,0.3298429319371728
lambda_star_4_32,1434,0.3769633507853403
lambda_star_4_32,1435,0.3507853403141361
lambda_star_4_32,1436,0.3717277486910995
lambda_star_4_32,1437,0.3193717277486911
lambda_star_4_32,1438,0.36649214659685864
lambda_star_4_32,1439,0.3298429319371728
lambda_star_4_32,1440,0.35602094240837695
lambda_star_4_32,1441,0.35602094240837695
lambda_star_4_32,1442,0.31413612565445026
lambda_star_4_32,1443,0.3298429319371728
lambda_star_4_32,1444,0.34554973821989526
lambda_star_4_32,1445,0.3717277486910995
lambda_star_4_32,1446,0.35602094240837695
lambda_star_4_32,1447,0.32460732984293195
lambda_star_4_32,1448,0.3612565445026178
lambda_star_4_32,1449,0.3507853403141361
lambda_star_4_32,1450,0.3403141361256545
lambda_star_4_32,1451,0.36649214659685864
lambda_star_4_32,1452,0.36649214659685864
lambda_star_4_32,1453,0.33507853403141363
lambda_star_4_32,1454,0.39790575916230364
lambda_star_4_32,1455,0.3507853403141361
lambda_star_4_32,1456,0.3717277486910995
lambda_star_4_32,1457,0.3769633507853403
lambda_star_4_32,1458,0.3089005235602094
lambda_star_4_32,1459,0.34554973821989526
lambda_star_4_32,1460,0.3717277486910995
lambda_star_4_32,1461,0.35602094240837695
lambda_star_4_32,1462,0.3507853403141361
lambda_star_4_32,1463,0.3403141361256545
lambda_star_4_32,1464,0.2931937172774869
lambda_star_4_32,1465,0.32460732984293195
lambda_star_4_32,1466,0.35602094240837695
lambda_star_4_32,1467,0.32460732984293195
lambda_star_4_32,1468,0.3507853403141361
lambda_star_4_32,1469,0.3717277486910995
lambda_star_4_32,1470,0.32460732984293195
lambda_star_4_32,1471,0.3717277486910995
lambda_star_4_32,1472,0.35602094240837695
lambda_star_4_32,1473,0.3612565445026178
lambda_star_4_32,1474,0.3507853403141361
lambda_star_4_32,1475,0.32460732984293195
lambda_star_4_32,1476,0.418848167539267
lambda_star_4_32,1477,0.34554973821989526
lambda_star_4_32,1478,0.3403141361256545
lambda_star_4_32,1479,0.35602094240837695
lambda_star_4_32,1480,0.35602094240837695
lambda_star_4_32,1481,0.33507853403141363
lambda_star_4_32,1482,0.3612565445026178
lambda_star_4_32,1483,0.4083769633507853
lambda_star_4_32,1484,0.34554973821989526
lambda_star_4_32,1485,0.3717277486910995
lambda_star_4_32,1486,0.4083769633507853
lambda_star_4_32,1487,0.32460732984293195
lambda_star_4_32,1488,0.32460732984293195
lambda_star_4_32,1489,0.33507853403141363
lambda_star_4_32,1490,0.3769633507853403
lambda_star_4_32,1491,0.4031413612565445
lambda_star_4_32,1492,0.33507853403141363
lambda_star_4_32,1493,0.3717277486910995
lambda_star_4_32,1494,0.35602094240837695
lambda_star_4_32,1495,0.3717277486910995
lambda_star_4_32,1496,0.38219895287958117
lambda_star_4_32,1497,0.34554973821989526
lambda_star_4_32,1498,0.36649214659685864
lambda_star_4_32,1499,0.3507853403141361
lambda_star_4_32,1500,0.39267015706806285
lambda_star_4_32,1501,0.3403141361256545
lambda_star_4_32,1502,0.3036649214659686
lambda_star_4_32,1503,0.3298429319371728
lambda_star_4_32,1504,0.33507853403141363
lambda_star_4_32,1505,0.3298429319371728
lambda_star_4_32,1506,0.3193717277486911
lambda_star_4_32,1507,0.32460732984293195
lambda_star_4_32,1508,0.387434554973822
lambda_star_4_32,1509,0.36649214659685864
lambda_star_4_32,1510,0.3717277486910995
lambda_star_4_32,1511,0.3612565445026178
lambda_star_4_32,1512,0.3193717277486911
lambda_star_4_32,1513,0.36649214659685864
lambda_star_4_32,1514,0.3507853403141361
lambda_star_4_32,1515,0.32460732984293195
lambda_star_4_32,1516,0.3612565445026178
lambda_star_4_32,1517,0.3403141361256545
lambda_star_4_32,1518,0.36649214659685864
lambda_star_4_32,1519,0.39790575916230364
lambda_star_4_32,1520,0.3193717277486911
lambda_star_4_32,1521,0.36649214659685864
lambda_star_4_32,1522,0.3089005235602094
lambda_star_4_32,1523,0.3717277486910995
lambda_star_4_32,1524,0.3298429319371728
lambda_star_4_32,1525,0.3507853403141361
lambda_star_4_32,1526,0.3507853403141361
lambda_star_4_32,1527,0.34554973821989526
lambda_star_4_32,1528,0.33507853403141363
lambda_star_4_32,1529,0.3298429319371728
lambda_star_4_32,1530,0.42408376963350786
lambda_star_4_32,1531,0.33507853403141363
lambda_star_4_32,1532,0.34554973821989526
lambda_star_4_32,1533,0.3507853403141361
lambda_star_4_32,1534,0.3507853403141361
lambda_star_4_32,1535,0.3612565445026178
lambda_star_4_32,1536,0.3769633507853403
lambda_star_4_32,1537,0.3612565445026178
lambda_star_4_32,1538,0.3089005235602094
lambda_star_4_32,1539,0.3193717277486911
lambda_star_4_32,1540,0.387434554973822
lambda_star_4_32,1541,0.39267015706806285
lambda_star_4_32,1542,0.38219895287958117
lambda_star_4_32,1543,0.3298429319371728
lambda_star_4_32,1544,0.27225130890052357
lambda_star_4_32,1545,0.3298429319371728
lambda_star_4_32,1546,0.3769633507853403
lambda_star_4_32,1547,0.2931937172774869
lambda_star_4_32,1548,0.3507853403141361
lambda_star_4_32,1549,0.3507853403141361
lambda_star_4_32,1550,0.39267015706806285
lambda_star_4_32,1551,0.3193717277486911
lambda_star_4_32,1552,0.32460732984293195
lambda_star_4_32,1553,0.31413612565445026
lambda_star_4_32,1554,0.38219895287958117
lambda_star_4_32,1555,0.35602094240837695
lambda_star_4_32,1556,0.3507853403141361
lambda_star_4_32,1557,0.3717277486910995
lambda_star_4_32,1558,0.34554973821989526
lambda_star_4_32,1559,0.3403141361256545
lambda_star_4_32,1560,0.35602094240837695
lambda_star_4_32,1561,0.38219895287958117
lambda_star_4_32,1562,0.3089005235602094
lambda_star_4_32,1563,0.29842931937172773
lambda_star_4_32,1564,0.36649214659685864
lambda_star_4_32,1565,0.3298429319371728
lambda_star_4_32,1566,0.38219895287958117
lambda_star_4_32,1567,0.3507853403141361
lambda_star_4_32,1568,0.32460732984293195
lambda_star_4_32,1569,0.3089005235602094
lambda_star_4_32,1570,0.3193717277486911
lambda_star_4_32,1571,0.39790575916230364
lambda_star_4_32,1572,0.36649214659685864
lambda_star_4_32,1573,0.33507853403141363
lambda_star_4_32,1574,0.32460732984293195
lambda_star_4_32,1575,0.4083769633507853
lambda_star_4_32,1576,0.39790575916230364
lambda_star_4_32,1577,0.3298429319371728
lambda_star_4_32,1578,0.3769633507853403
lambda_star_4_32,1579,0.3612565445026178
lambda_star_4_32,1580,0.3717277486910995
lambda_star_4_32,1581,0.3193717277486911
lambda_star_4_32,1582,0.3507853403141361
lambda_star_4_32,1583,0.33507853403141363
lambda_star_4_32,1584,0.3612565445026178
lambda_star_4_32,1585,0.32460732984293195
lambda_star_4_32,1586,0.3193717277486911
lambda_star_4_32,1587,0.3507853403141361
lambda_star_4_32,1588,0.3769633507853403
lambda_star_4_32,1589,0.3769633507853403
lambda_star_4_32,1590,0.3507853403141361
lambda_star_4_32,1591,0.32460732984293195
lambda_star_4_32,1592,0.3612565445026178
lambda_star_4_32,1593,0.3612565445026178
lambda_star_4_32,1594,0.3403141361256545
lambda_star_4_32,1595,0.35602094240837695
lambda_star_4_32,1596,0.38219895287958117
lambda_star_4_32,1597,0.33507853403141363
lambda_star_4_32,1598,0.3403141361256545
lambda_star_4_32,1599,0.33507853403141363
lambda_star_4_32,1600,0.2931937172774869
lambda_star_4_32,1601,0.4031413612565445
lambda_star_4_32,1602,0.33507853403141363
lambda_star_4_32,1603,0.36649214659685864
lambda_star_4_32,1604,0.3717277486910995
lambda_star_4_32,1605,0.32460732984293195
lambda_star_4_32,1606,0.3507853403141361
lambda_star_4_32,1607,0.3036649214659686
lambda_star_4_32,1608,0.29842931937172773
lambda_star_4_32,1609,0.3193717277486911
lambda_star_4_32,1610,0.3769633507853403
lambda_star_4_32,1611,0.3403141361256545
lambda_star_4_32,1612,0.32460732984293195
lambda_star_4_32,1613,0.39790575916230364
lambda_star_4_32,1614,0.35602094240837695
lambda_star_4_32,1615,0.31413612565445026
lambda_star_4_32,1616,0.4083769633507853
lambda_star_4_32,1617,0.35602094240837695
lambda_star_4_32,1618,0.31413612565445026
lambda_star_4_32,1619,0.35602094240837695
lambda_star_4_32,1620,0.36649214659685864
lambda_star_4_32,1621,0.31413612565445026
lambda_star_4_32,1622,0.38219895287958117
lambda_star_4_32,1623,0.38219895287958117
lambda_star_4_32,1624,0.3403141361256545
lambda_star_4_32,1625,0.3769633507853403
lambda_star_4_32,1626,0.3717277486910995
lambda_star_4_32,1627,0.31413612565445026
lambda_star_4_32,1628,0.32460732984293195
lambda_star_4_32,1629,0.3298429319371728
lambda_star_4_32,1630,0.387434554973822
lambda_star_4_32,1631,0.3403141361256545
lambda_star_4_32,1632,0.3403141361256545
lambda_star_4_32,1633,0.387434554973822
lambda_star_4_32,1634,0.43455497382198954
lambda_star_4_32,1635,0.32460732984293195
lambda_star_4_32,1636,0.3612565445026178
lambda_star_4_32,1637,0.3507853403141361
lambda_star_4_32,1638,0.36649214659685864
lambda_star_4_32,1639,0.3298429319371728
lambda_star_4_32,1640,0.3193717277486911
lambda_star_4_32,1641,0.32460732984293195
lambda_star_4_32,1642,0.3507853403141361
lambda_star_4_32,1643,0.31413612565445026
lambda_star_4_32,1644,0.3769633507853403
lambda_star_4_32,1645,0.36649214659685864
lambda_star_4_32,1646,0.3717277486910995
lambda_star_4_32,1647,0.2931937172774869
lambda_star_4_32,1648,0.3507853403141361
lambda_star_4_32,1649,0.33507853403141363
lambda_star_4_32,1650,0.3507853403141361
lambda_star_4_32,1651,0.3612565445026178
lambda_star_4_32,1652,0.32460732984293195
lambda_star_4_32,1653,0.3193717277486911
lambda_star_4_32,1654,0.39790575916230364
lambda_star_4_32,1655,0.31413612565445026
lambda_star_4_32,1656,0.3403141361256545
lambda_star_4_32,1657,0.3036649214659686
lambda_star_4_32,1658,0.3507853403141361
lambda_star_4_32,1659,0.35602094240837695
lambda_star_4_32,1660,0.3507853403141361
lambda_star_4_32,1661,0.3612565445026178
lambda_star_4_32,1662,0.3403141361256545
lambda_star_4_32,1663,0.3717277486910995
lambda_star_4_32,1664,0.3403141361256545
lambda_star_4_32,1665,0.32460732984293195
lambda_star_4_32,1666,0.29842931937172773
lambda_star_4_32,1667,0.4031413612565445
lambda_star_4_32,1668,0.3612565445026178
lambda_star_4_32,1669,0.32460732984293195
lambda_star_4_32,1670,0.35602094240837695
lambda_star_4_32,1671,0.32460732984293195
lambda_star_4_32,1672,0.31413612565445026
lambda_star_4_32,1673,0.3507853403141361
lambda_star_4_32,1674,0.3298429319371728
lambda_star_4_32,1675,0.34554973821989526
lambda_star_4_32,1676,0.3193717277486911
lambda_star_4_32,1677,0.3507853403141361
lambda_star_4_32,1678,0.3612565445026178
lambda_star_4_32,1679,0.35602094240837695
lambda_star_4_32,1680,0.3612565445026178
lambda_star_4_32,1681,0.3612565445026178
lambda_star_4_32,1682,0.29842931937172773
lambda_star_4_32,1683,0.3507853403141361
lambda_star_4_32,1684,0.3403141361256545
lambda_star_4_32,1685,0.3612565445026178
lambda_star_4_32,1686,0.39267015706806285
lambda_star_4_32,1687,0.3298429319371728
lambda_star_4_32,1688,0.31413612565445026
lambda_star_4_32,1689,0.38219895287958117
lambda_star_4_32,1690,0.3298429319371728
lambda_star_4_32,1691,0.32460732984293195
lambda_star_4_32,1692,0.2879581151832461
lambda_star_4_32,1693,0.32460732984293195
lambda_star_4_32,1694,0.3769633507853403
lambda_star_4_32,1695,0.2931937172774869
lambda_star_4_32,1696,0.32460732984293195
lambda_star_4_32,1697,0.3612565445026178
lambda_star_4_32,1698,0.3612565445026178
lambda_star_4_32,1699,0.3298429319371728
lambda_star_4_32,1700,0.36649214659685864
lambda_star_4_32,1701,0.34554973821989526
lambda_star_4_32,1702,0.3507853403141361
lambda_star_4_32,1703,0.3036649214659686
lambda_star_4_32,1704,0.35602094240837695
lambda_star_4_32,1705,0.3612565445026178
lambda_star_4_32,1706,0.3507853403141361
lambda_star_4_32,1707,0.34554973821989526
lambda_star_4_32,1708,0.36649214659685864
lambda_star_4_32,1709,0.33507853403141363
lambda_star_4_32,1710,0.3036649214659686
lambda_star_4_32,1711,0.36649214659685864
lambda_star_4_32,1712,0.34554973821989526
lambda_star_4_32,1713,0.3612565445026178
lambda_star_4_32,1714,0.3403141361256545
lambda_star_4_32,1715,0.3507853403141361
lambda_star_4_32,1716,0.32460732984293195
lambda_star_4_32,1717,0.3298429319371728
lambda_star_4_32,1718,0.29842931937172773
lambda_star_4_32,1719,0.3769633507853403
lambda_star_4_32,1720,0.3089005235602094
lambda_star_4_32,1721,0.3298429319371728
lambda_star_4_32,1722,0.3036649214659686
lambda_star_4_32,1723,0.3403141361256545
lambda_star_4_32,1724,0.3403141361256545
lambda_star_4_32,1725,0.31413612565445026
lambda_star_4_32,1726,0.39790575916230364
lambda_star_4_32,1727,0.36649214659685864
lambda_star_4_32,1728,0.3193717277486911
lambda_star_4_32,1729,0.36649214659685864
lambda_star_4_32,1730,0.38219895287958117
lambda_star_4_32,1731,0.3089005235602094
lambda_star_4_32,1732,0.36649214659685864
lambda_star_4_32,1733,0.3089005235602094
lambda_star_4_32,1734,0.3507853403141361
lambda_star_4_32,1735,0.34554973821989526
lambda_star_4_32,1736,0.39790575916230364
lambda_star_4_32,1737,0.3769633507853403
lambda_star_4_32,1738,0.3036649214659686
lambda_star_4_32,1739,0.3769633507853403
lambda_star_4_32,1740,0.3769633507853403
lambda_star_4_32,1741,0.33507853403141363
lambda_star_4_32,1742,0.32460732984293195
lambda_star_4_32,1743,0.3612565445026178
lambda_star_4_32,1744,0.38219895287958117
lambda_star_4_32,1745,0.36649214659685864
lambda_star_4_32,1746,0.27225130890052357
lambda_star_4_32,1747,0.36649214659685864
lambda_star_4_32,1748,0.33507853403141363
lambda_star_4_32,1749,0.4031413612565445
lambda_star_4_32,1750,0.3507853403141361
lambda_star_4_32,1751,0.31413612565445026
lambda_star_4_32,1752,0.3403141361256545
lambda_star_4_32,1753,0.3717277486910995
lambda_star_4_32,1754,0.33507853403141363
lambda_star_4_32,1755,0.34554973821989526
lambda_star_4_32,1756,0.3193717277486911
lambda_star_4_32,1757,0.34554973821989526
lambda_star_4_32,1758,0.36649214659685864
lambda_star_4_32,1759,0.3193717277486911
lambda_star_4_32,1760,0.31413612565445026
lambda_star_4_32,1761,0.3612565445026178
lambda_star_4_32,1762,0.34554973821989526
lambda_star_4_32,1763,0.3717277486910995
lambda_star_4_32,1764,0.3507853403141361
lambda_star_4_32,1765,0.36649214659685864
lambda_star_4_32,1766,0.39267015706806285
lambda_star_4_32,1767,0.31413612565445026
lambda_star_4_32,1768,0.3612565445026178
lambda_star_4_32,1769,0.35602094240837695
lambda_star_4_32,1770,0.3298429319371728
lambda_star_4_32,1771,0.35602094240837695
lambda_star_4_32,1772,0.3298429319371728
lambda_star_4_32,1773,0.3403141361256545
lambda_star_4_32,1774,0.32460732984293195
lambda_star_4_32,1775,0.3769633507853403
lambda_star_4_32,1776,0.4031413612565445
lambda_star_4_32,1777,0.3193717277486911
lambda_star_4_32,1778,0.3089005235602094
lambda_star_4_32,1779,0.36649214659685864
lambda_star_4_32,1780,0.32460732984293195
lambda_star_4_32,1781,0.32460732984293195
lambda_star_4_32,1782,0.36649214659685864
lambda_star_4_32,1783,0.36649214659685864
lambda_star_4_32,1784,0.3717277486910995
lambda_star_4_32,1785,0.4031413612565445
lambda_star_4_32,1786,0.35602094240837695
lambda_star_4_32,1787,0.3507853403141361
lambda_star_4_32,1788,0.3612565445026178
lambda_star_4_32,1789,0.3507853403141361
lambda_star_4_32,1790,0.3769633507853403
lambda_star_4_32,1791,0.36649214659685864
lambda_star_4_32,1792,0.35602094240837695
lambda_star_4_32,1793,0.3769633507853403
lambda_star_4_32,1794,0.3036649214659686
lambda_star_4_32,1795,0.387434554973822
lambda_star_4_32,1796,0.35602094240837695
lambda_star_4_32,1797,0.3507853403141361
lambda_star_4_32,1798,0.3612565445026178
lambda_star_4_32,1799,0.3298429319371728
lambda_star_4_32,1800,0.39790575916230364
lambda_star_4_32,1801,0.33507853403141363
lambda_star_4_32,1802,0.33507853403141363
lambda_star_4_32,1803,0.31413612565445026
lambda_star_4_32,1804,0.3717277486910995
lambda_star_4_32,1805,0.38219895287958117
lambda_star_4_32,1806,0.3769633507853403
lambda_star_4_32,1807,0.3298429319371728
lambda_star_4_32,1808,0.36649214659685864
lambda_star_4_32,1809,0.34554973821989526
lambda_star_4_32,1810,0.34554973821989526
lambda_star_4_32,1811,0.34554973821989526
lambda_star_4_32,1812,0.4083769633507853
lambda_star_4_32,1813,0.33507853403141363
lambda_star_4_32,1814,0.35602094240837695
lambda_star_4_32,1815,0.32460732984293195
lambda_star_4_32,1816,0.3769633507853403
lambda_star_4_32,1817,0.3298429319371728
lambda_star_4_32,1818,0.3403141361256545
lambda_star_4_32,1819,0.3403141361256545
lambda_star_4_32,1820,0.33507853403141363
lambda_star_4_32,1821,0.38219895287958117
lambda_star_4_32,1822,0.387434554973822
lambda_star_4_32,1823,0.3298429319371728
lambda_star_4_32,1824,0.3403141361256545
lambda_star_4_32,1825,0.387434554973822
lambda_star_4_32,1826,0.3403141361256545
lambda_star_4_32,1827,0.32460732984293195
lambda_star_4_32,1828,0.3612565445026178
lambda_star_4_32,1829,0.33507853403141363
lambda_star_4_32,1830,0.3612565445026178
lambda_star_4_32,1831,0.3507853403141361
lambda_star_4_32,1832,0.27225130890052357
lambda_star_4_32,1833,0.418848167539267
lambda_star_4_32,1834,0.3717277486910995
lambda_star_4_32,1835,0.4031413612565445
lambda_star_4_32,1836,0.35602094240837695
lambda_star_4_32,1837,0.31413612565445026
lambda_star_4_32,1838,0.3507853403141361
lambda_star_4_32,1839,0.34554973821989526
lambda_star_4_32,1840,0.3298429319371728
lambda_star_4_32,1841,0.3089005235602094
lambda_star_4_32,1842,0.32460732984293195
lambda_star_4_32,1843,0.32460732984293195
lambda_star_4_32,1844,0.34554973821989526
lambda_star_4_32,1845,0.3717277486910995
lambda_star_4_32,1846,0.29842931937172773
lambda_star_4_32,1847,0.39790575916230364
lambda_star_4_32,1848,0.38219895287958117
lambda_star_4_32,1849,0.39267015706806285
lambda_star_4_32,1850,0.3298429319371728
lambda_star_4_32,1851,0.34554973821989526
lambda_star_4_32,1852,0.32460732984293195
lambda_star_4_32,1853,0.418848167539267
lambda_star_4_32,1854,0.3612565445026178
lambda_star_4_32,1855,0.3403141361256545
lambda_star_4_32,1856,0.3403141361256545
lambda_star_4_32,1857,0.3036649214659686
lambda_star_4_32,1858,0.33507853403141363
lambda_star_4_32,1859,0.36649214659685864
lambda_star_4_32,1860,0.32460732984293195
lambda_star_4_32,1861,0.35602094240837695
lambda_star_4_32,1862,0.3717277486910995
lambda_star_4_32,1863,0.35602094240837695
lambda_star_4_32,1864,0.3717277486910995
lambda_star_4_32,1865,0.39267015706806285
lambda_star_4_32,1866,0.3769633507853403
lambda_star_4_32,1867,0.35602094240837695
lambda_star_4_32,1868,0.34554973821989526
lambda_star_4_32,1869,0.39267015706806285
lambda_star_4_32,1870,0.387434554973822
lambda_star_4_32,1871,0.34554973821989526
lambda_star_4_32,1872,0.36649214659685864
lambda_star_4_32,1873,0.36649214659685864
lambda_star_4_32,1874,0.39267015706806285
lambda_star_4_32,1875,0.3193717277486911
lambda_star_4_32,1876,0.3717277486910995
lambda_star_4_32,1877,0.34554973821989526
lambda_star_4_32,1878,0.3769633507853403
lambda_star_4_32,1879,0.3717277486910995
lambda_star_4_32,1880,0.36649214659685864
lambda_star_4_32,1881,0.41361256544502617
lambda_star_4_32,1882,0.387434554973822
lambda_star_4_32,1883,0.3717277486910995
lambda_star_4_32,1884,0.3403141361256545
lambda_star_4_32,1885,0.2879581151832461
lambda_star_4_32,1886,0.39267015706806285
lambda_star_4_32,1887,0.2931937172774869
lambda_star_4_32,1888,0.42408376963350786
lambda_star_4_32,1889,0.32460732984293195
lambda_star_4_32,1890,0.3507853403141361
lambda_star_4_32,1891,0.3193717277486911
lambda_star_4_32,1892,0.3403141361256545
lambda_star_4_32,1893,0.32460732984293195
lambda_star_4_32,1894,0.34554973821989526
lambda_star_4_32,1895,0.3507853403141361
lambda_star_4_32,1896,0.32460732984293195
lambda_star_4_32,1897,0.3507853403141361
lambda_star_4_32,1898,0.3717277486910995
lambda_star_4_32,1899,0.3507853403141361
lambda_star_4_32,1900,0.33507853403141363
lambda_star_4_32,1901,0.4031413612565445
lambda_star_4_32,1902,0.3193717277486911
lambda_star_4_32,1903,0.34554973821989526
lambda_star_4_32,1904,0.3717277486910995
lambda_star_4_32,1905,0.3507853403141361
lambda_star_4_32,1906,0.3507853403141361
lambda_star_4_32,1907,0.33507853403141363
lambda_star_4_32,1908,0.35602094240837695
lambda_star_4_32,1909,0.3769633507853403
lambda_star_4_32,1910,0.33507853403141363
lambda_star_4_32,1911,0.3403141361256545
lambda_star_4_32,1912,0.3298429319371728
lambda_star_4_32,1913,0.3507853403141361
lambda_star_4_32,1914,0.2931937172774869
lambda_star_4_32,1915,0.3612565445026178
lambda_star_4_32,1916,0.3036649214659686
lambda_star_4_32,1917,0.35602094240837695
lambda_star_4_32,1918,0.3717277486910995
lambda_star_4_32,1919,0.33507853403141363
lambda_star_4_32,1920,0.3298429319371728
lambda_star_4_32,1921,0.31413612565445026
lambda_star_4_32,1922,0.3403141361256545
lambda_star_4_32,1923,0.38219895287958117
lambda_star_4_32,1924,0.3507853403141361
lambda_star_4_32,1925,0.32460732984293195
lambda_star_4_32,1926,0.3612565445026178
lambda_star_4_32,1927,0.3193717277486911
lambda_star_4_32,1928,0.2774869109947644
lambda_star_4_32,1929,0.32460732984293195
lambda_star_4_32,1930,0.31413612565445026
lambda_star_4_32,1931,0.3717277486910995
lambda_star_4_32,1932,0.36649214659685864
lambda_star_4_32,1933,0.3769633507853403
lambda_star_4_32,1934,0.31413612565445026
lambda_star_4_32,1935,0.33507853403141363
lambda_star_4_32,1936,0.3769633507853403
lambda_star_4_32,1937,0.38219895287958117
lambda_star_4_32,1938,0.3769633507853403
lambda_star_4_32,1939,0.3507853403141361
lambda_star_4_32,1940,0.2931937172774869
lambda_star_4_32,1941,0.387434554973822
lambda_star_4_32,1942,0.31413612565445026
lambda_star_4_32,1943,0.4083769633507853
lambda_star_4_32,1944,0.2931937172774869
lambda_star_4_32,1945,0.3298429319371728
lambda_star_4_32,1946,0.31413612565445026
lambda_star_4_32,1947,0.39267015706806285
lambda_star_4_32,1948,0.3507853403141361
lambda_star_4_32,1949,0.33507853403141363
lambda_star_4_32,1950,0.36649214659685864
lambda_star_4_32,1951,0.3403141361256545
lambda_star_4_32,1952,0.39790575916230364
lambda_star_4_32,1953,0.3507853403141361
lambda_star_4_32,1954,0.3403141361256545
lambda_star_4_32,1955,0.387434554973822
lambda_star_4_32,1956,0.34554973821989526
lambda_star_4_32,1957,0.34554973821989526
lambda_star_4_32,1958,0.29842931937172773
lambda_star_4_32,1959,0.34554973821989526
lambda_star_4_32,1960,0.3036649214659686
lambda_star_4_32,1961,0.3036649214659686
lambda_star_4_32,1962,0.35602094240837695
lambda_star_4_32,1963,0.36649214659685864
lambda_star_4_32,1964,0.34554973821989526
lambda_star_4_32,1965,0.36649214659685864
lambda_star_4_32,1966,0.33507853403141363
lambda_star_4_32,1967,0.34554973821989526
lambda_star_4_32,1968,0.3507853403141361
lambda_star_4_32,1969,0.3717277486910995
lambda_star_4_32,1970,0.3717277486910995
lambda_star_4_32,1971,0.3089005235602094
lambda_star_4_32,1972,0.3298429319371728
lambda_star_4_32,1973,0.387434554973822
lambda_star_4_32,1974,0.3507853403141361
lambda_star_4_32,1975,0.3403141361256545
lambda_star_4_32,1976,0.35602094240837695
lambda_star_4_32,1977,0.35602094240837695
lambda_star_4_32,1978,0.3507853403141361
lambda_star_4_32,1979,0.34554973821989526
lambda_star_4_32,1980,0.3612565445026178
lambda_star_4_32,1981,0.34554973821989526
lambda_star_4_32,1982,0.38219895287958117
lambda_star_4_32,1983,0.35602094240837695
lambda_star_4_32,1984,0.3403141361256545
lambda_star_4_32,1985,0.3403141361256545
lambda_star_4_32,1986,0.32460732984293195
lambda_star_4_32,1987,0.33507853403141363
lambda_star_4_32,1988,0.34554973821989526
lambda_star_4_32,1989,0.3507853403141361
lambda_star_4_32,1990,0.3298429319371728
lambda_star_4_32,1991,0.2879581151832461
lambda_star_4_32,1992,0.39790575916230364
lambda_star_4_32,1993,0.33507853403141363
lambda_star_4_32,1994,0.387434554973822
lambda_star_4_32,1995,0.3612565445026178
lambda_star_4_32,1996,0.33507853403141363
lambda_star_4_32,1997,0.3403141361256545
lambda_star_4_32,1998,0.3612565445026178
lambda_star_4_32,1999,0.32460732984293195
lambda_star_4_32,2000,0.32460732984293195
lambda_star_4_32,2001,0.35602094240837695
lambda_star_4_32,2002,0.387434554973822
lambda_star_4_32,2003,0.39267015706806285
lambda_star_4_32,2004,0.3717277486910995
lambda_star_4_32,2005,0.3298429319371728
lambda_star_4_32,2006,0.34554973821989526
lambda_star_4_32,2007,0.3507853403141361
lambda_star_4_32,2008,0.3612565445026178
lambda_star_4_32,2009,0.387434554973822
lambda_star_4_32,2010,0.29842931937172773
lambda_star_4_32,2011,0.3298429319371728
lambda_star_4_32,2012,0.35602094240837695
lambda_star_4_32,2013,0.3403141361256545
lambda_star_4_32,2014,0.3769633507853403
lambda_star_4_32,2015,0.33507853403141363
lambda_star_4_32,2016,0.2774869109947644
lambda_star_4_32,2017,0.3507853403141361
lambda_star_4_32,2018,0.3717277486910995
lambda_star_4_32,2019,0.3717277486910995
lambda_star_4_32,2020,0.36649214659685864
lambda_star_4_32,2021,0.3298429319371728
lambda_star_4_32,2022,0.33507853403141363
lambda_star_4_32,2023,0.3403141361256545
lambda_star_4_32,2024,0.39267015706806285
lambda_star_4_32,2025,0.3193717277486911
lambda_star_4_32,2026,0.3612565445026178
lambda_star_4_32,2027,0.35602094240837695
lambda_star_4_32,2028,0.33507853403141363
lambda_star_4_32,2029,0.36649214659685864
lambda_star_4_32,2030,0.29842931937172773
lambda_star_4_32,2031,0.387434554973822
lambda_star_4_32,2032,0.32460732984293195
lambda_star_4_32,2033,0.39267015706806285
lambda_star_4_32,2034,0.33507853403141363
lambda_star_4_32,2035,0.3298429319371728
lambda_star_4_32,2036,0.38219895287958117
lambda_star_4_32,2037,0.3403141361256545
lambda_star_4_32,2038,0.3769633507853403
lambda_star_4_32,2039,0.34554973821989526
lambda_star_4_32,2040,0.32460732984293195
lambda_star_4_32,2041,0.32460732984293195
lambda_star_4_32,2042,0.3298429319371728
lambda_star_4_32,2043,0.3193717277486911
lambda_star_4_32,2044,0.36649214659685864
lambda_star_4_32,2045,0.33507853403141363
lambda_star_4_32,2046,0.3769633507853403
lambda_star_4_32,2047,0.3507853403141361
lambda_star_4_32,2048,0.3089005235602094
lambda_star_4_32,2049,0.3298429319371728
lambda_star_4_32,2050,0.38219895287958117
lambda_star_4_32,2051,0.38219895287958117
lambda_star_4_32,2052,0.35602094240837695
lambda_star_4_32,2053,0.33507853403141363
lambda_star_4_32,2054,0.3089005235602094
lambda_star_4_32,2055,0.3403141361256545
lambda_star_4_32,2056,0.3507853403141361
lambda_star_4_32,2057,0.3403141361256545
lambda_star_4_32,2058,0.33507853403141363
lambda_star_4_32,2059,0.3403141361256545
lambda_star_4_32,2060,0.39267015706806285
lambda_star_4_32,2061,0.32460732984293195
lambda_star_4_32,2062,0.32460732984293195
lambda_star_4_32,2063,0.36649214659685864
lambda_star_4_32,2064,0.35602094240837695
lambda_star_4_32,2065,0.38219895287958117
lambda_star_4_32,2066,0.35602094240837695
lambda_star_4_32,2067,0.3403141361256545
lambda_star_4_32,2068,0.3507853403141361
lambda_star_4_32,2069,0.3403141361256545
lambda_star_4_32,2070,0.3298429319371728
lambda_star_4_32,2071,0.3036649214659686
lambda_star_4_32,2072,0.3612565445026178
lambda_star_4_32,2073,0.387434554973822
lambda_star_4_32,2074,0.39790575916230364
lambda_star_4_32,2075,0.3612565445026178
lambda_star_4_32,2076,0.34554973821989526
lambda_star_4_32,2077,0.36649214659685864
lambda_star_4_32,2078,0.35602094240837695
lambda_star_4_32,2079,0.418848167539267
lambda_star_4_32,2080,0.3298429319371728
lambda_star_4_32,2081,0.4083769633507853
lambda_star_4_32,2082,0.32460732984293195
lambda_star_4_32,2083,0.3403141361256545
lambda_star_4_32,2084,0.3403141361256545
lambda_star_4_32,2085,0.2931937172774869
lambda_star_4_32,2086,0.387434554973822
lambda_star_4_32,2087,0.38219895287958117
lambda_star_4_32,2088,0.3089005235602094
lambda_star_4_32,2089,0.38219895287958117
lambda_star_4_32,2090,0.38219895287958117
lambda_star_4_32,2091,0.32460732984293195
lambda_star_4_32,2092,0.3769633507853403
lambda_star_4_32,2093,0.39790575916230364
lambda_star_4_32,2094,0.3403141361256545
lambda_star_4_32,2095,0.33507853403141363
lambda_star_4_32,2096,0.39790575916230364
lambda_star_4_32,2097,0.4031413612565445
lambda_star_4_32,2098,0.3507853403141361
lambda_star_4_32,2099,0.3403141361256545
lambda_star_4_32,2100,0.36649214659685864
lambda_star_4_32,2101,0.3298429319371728
lambda_star_4_32,2102,0.31413612565445026
lambda_star_4_32,2103,0.3298429319371728
lambda_star_4_32,2104,0.38219895287958117
lambda_star_4_32,2105,0.36649214659685864
lambda_star_4_32,2106,0.41361256544502617
lambda_star_4_32,2107,0.387434554973822
lambda_star_4_32,2108,0.38219895287958117
lambda_star_4_32,2109,0.36649214659685864
lambda_star_4_32,2110,0.35602094240837695
lambda_star_4_32,2111,0.3298429319371728
lambda_star_4_32,2112,0.3769633507853403
lambda_star_4_32,2113,0.36649214659685864
lambda_star_4_32,2114,0.4031413612565445
lambda_star_4_32,2115,0.35602094240837695
lambda_star_4_32,2116,0.35602094240837695
lambda_star_4_32,2117,0.3298429319371728
lambda_star_4_32,2118,0.3612565445026178
lambda_star_4_32,2119,0.3036649214659686
lambda_star_4_32,2120,0.3036649214659686
lambda_star_4_32,2121,0.3507853403141361
lambda_star_4_32,2122,0.36649214659685864
lambda_star_4_32,2123,0.34554973821989526
lambda_star_4_32,2124,0.3507853403141361
lambda_star_4_32,2125,0.33507853403141363
lambda_star_4_32,2126,0.3769633507853403
lambda_star_4_32,2127,0.3193717277486911
lambda_star_4_32,2128,0.387434554973822
lambda_star_4_32,2129,0.34554973821989526
lambda_star_4_32,2130,0.3403141361256545
lambda_star_4_32,2131,0.31413612565445026
lambda_star_4_32,2132,0.34554973821989526
lambda_star_4_32,2133,0.32460732984293195
lambda_star_4_32,2134,0.3193717277486911
lambda_star_4_32,2135,0.39267015706806285
lambda_star_4_32,2136,0.2931937172774869
lambda_star_4_32,2137,0.3507853403141361
lambda_star_4_32,2138,0.38219895287958117
lambda_star_4_32,2139,0.28272251308900526
lambda_star_4_32,2140,0.4031413612565445
lambda_star_4_32,2141,0.3612565445026178
lambda_star_4_32,2142,0.3403141361256545
lambda_star_4_32,2143,0.3507853403141361
lambda_star_4_32,2144,0.3612565445026178
lambda_star_4_32,2145,0.3403141361256545
lambda_star_4_32,2146,0.38219895287958117
lambda_star_4_32,2147,0.3717277486910995
lambda_star_4_32,2148,0.35602094240837695
lambda_star_4_32,2149,0.4031413612565445
lambda_star_4_32,2150,0.3507853403141361
lambda_star_4_32,2151,0.3193717277486911
lambda_star_4_32,2152,0.3612565445026178
lambda_star_4_32,2153,0.3298429319371728
lambda_star_4_32,2154,0.36649214659685864
lambda_star_4_32,2155,0.31413612565445026
lambda_star_4_32,2156,0.32460732984293195
lambda_star_4_32,2157,0.35602094240837695
lambda_star_4_32,2158,0.3193717277486911
lambda_star_4_32,2159,0.387434554973822
lambda_star_4_32,2160,0.3298429319371728
lambda_star_4_32,2161,0.3507853403141361
lambda_star_4_32,2162,0.33507853403141363
lambda_star_4_32,2163,0.3717277486910995
lambda_star_4_32,2164,0.3612565445026178
lambda_star_4_32,2165,0.34554973821989526
lambda_star_4_32,2166,0.38219895287958117
lambda_star_4_32,2167,0.3403141361256545
lambda_star_4_32,2168,0.38219895287958117
lambda_star_4_32,2169,0.3403141361256545
lambda_star_4_32,2170,0.34554973821989526
lambda_star_4_32,2171,0.31413612565445026
lambda_star_4_32,2172,0.3507853403141361
lambda_star_4_32,2173,0.34554973821989526
lambda_star_4_32,2174,0.3403141361256545
lambda_star_4_32,2175,0.33507853403141363
lambda_star_4_32,2176,0.31413612565445026
lambda_star_4_32,2177,0.33507853403141363
lambda_star_4_32,2178,0.36649214659685864
lambda_star_4_32,2179,0.3298429319371728
lambda_star_4_32,2180,0.32460732984293195
lambda_star_4_32,2181,0.3507853403141361
lambda_star_4_32,2182,0.3089005235602094
lambda_star_4_32,2183,0.3612565445026178
lambda_star_4_32,2184,0.34554973821989526
lambda_star_4_32,2185,0.34554973821989526
lambda_star_4_32,2186,0.3036649214659686
lambda_star_4_32,2187,0.3036649214659686
lambda_star_4_32,2188,0.3403141361256545
lambda_star_4_32,2189,0.36649214659685864
lambda_star_4_32,2190,0.387434554973822
lambda_star_4_32,2191,0.36649214659685864
lambda_star_4_32,2192,0.34554973821989526
lambda_star_4_32,2193,0.3403141361256545
lambda_star_4_32,2194,0.38219895287958117
lambda_star_4_32,2195,0.39267015706806285
lambda_star_4_32,2196,0.35602094240837695
lambda_star_4_32,2197,0.29842931937172773
lambda_star_4_32,2198,0.38219895287958117
lambda_star_4_32,2199,0.35602094240837695
lambda_star_4_32,2200,0.3717277486910995
lambda_star_4_32,2201,0.33507853403141363
lambda_star_4_32,2202,0.3089005235602094
lambda_star_4_32,2203,0.31413612565445026
lambda_star_4_32,2204,0.3612565445026178
lambda_star_4_32,2205,0.3507853403141361
lambda_star_4_32,2206,0.35602094240837695
lambda_star_4_32,2207,0.3717277486910995
lambda_star_4_32,2208,0.36649214659685864
lambda_star_4_32,2209,0.35602094240837695
lambda_star_4_32,2210,0.4083769633507853
lambda_star_4_32,2211,0.3403141361256545
lambda_star_4_32,2212,0.2931937172774869
lambda_star_4_32,2213,0.2670157068062827
lambda_star_4_32,2214,0.34554973821989526
lambda_star_4_32,2215,0.3717277486910995
lambda_star_4_32,2216,0.24607329842931938
lambda_star_4_32,2217,0.3769633507853403
lambda_star_4_32,2218,0.3403141361256545
lambda_star_4_32,2219,0.4083769633507853
lambda_star_4_32,2220,0.38219895287958117
lambda_star_4_32,2221,0.3717277486910995
lambda_star_4_32,2222,0.33507853403141363
lambda_star_4_32,2223,0.34554973821989526
lambda_star_4_32,2224,0.3769633507853403
lambda_star_4_32,2225,0.32460732984293195
lambda_star_4_32,2226,0.3193717277486911
lambda_star_4_32,2227,0.3089005235602094
lambda_star_4_32,2228,0.3403141361256545
lambda_star_4_32,2229,0.32460732984293195
lambda_star_4_32,2230,0.35602094240837695
lambda_star_4_32,2231,0.3298429319371728
lambda_star_4_32,2232,0.35602094240837695
lambda_star_4_32,2233,0.3507853403141361
lambda_star_4_32,2234,0.2931937172774869
lambda_star_4_32,2235,0.34554973821989526
lambda_star_4_32,2236,0.32460732984293195
lambda_star_4_32,2237,0.3612565445026178
lambda_star_4_32,2238,0.3298429319371728
lambda_star_4_32,2239,0.3612565445026178
lambda_star_4_32,2240,0.3507853403141361
lambda_star_4_32,2241,0.3403141361256545
lambda_star_4_32,2242,0.387434554973822
lambda_star_4_32,2243,0.36649214659685864
lambda_star_4_32,2244,0.3193717277486911
lambda_star_4_32,2245,0.3612565445026178
lambda_star_4_32,2246,0.3298429319371728
lambda_star_4_32,2247,0.34554973821989526
lambda_star_4_32,2248,0.36649214659685864
lambda_star_4_32,2249,0.3298429319371728
lambda_star_4_32,2250,0.3036649214659686
lambda_star_4_32,2251,0.3036649214659686
lambda_star_4_32,2252,0.3089005235602094
lambda_star_4_32,2253,0.35602094240837695
lambda_star_4_32,2254,0.34554973821989526
lambda_star_4_32,2255,0.3403141361256545
lambda_star_4_32,2256,0.2670157068062827
lambda_star_4_32,2257,0.35602094240837695
lambda_star_4_32,2258,0.33507853403141363
lambda_star_4_32,2259,0.36649214659685864
lambda_star_4_32,2260,0.3298429319371728
lambda_star_4_32,2261,0.31413612565445026
lambda_star_4_32,2262,0.3612565445026178
lambda_star_4_32,2263,0.3507853403141361
lambda_star_4_32,2264,0.3298429319371728
lambda_star_4_32,2265,0.39267015706806285
lambda_star_4_32,2266,0.31413612565445026
lambda_star_4_32,2267,0.35602094240837695
lambda_star_4_32,2268,0.31413612565445026
lambda_star_4_32,2269,0.3612565445026178
lambda_star_4_32,2270,0.3193717277486911
lambda_star_4_32,2271,0.35602094240837695
lambda_star_4_32,2272,0.34554973821989526
lambda_star_4_32,2273,0.38219895287958117
lambda_star_4_32,2274,0.3193717277486911
lambda_star_4_32,2275,0.3507853403141361
lambda_star_4_32,2276,0.33507853403141363
lambda_star_4_32,2277,0.34554973821989526
lambda_star_4_32,2278,0.35602094240837695
lambda_star_4_32,2279,0.3507853403141361
lambda_star_4_32,2280,0.35602094240837695
lambda_star_4_32,2281,0.29842931937172773
lambda_star_4_32,2282,0.3717277486910995
lambda_star_4_32,2283,0.35602094240837695
lambda_star_4_32,2284,0.3507853403141361
lambda_star_4_32,2285,0.3403141361256545
lambda_star_4_32,2286,0.3717277486910995
lambda_star_4_32,2287,0.2879581151832461
lambda_star_4_32,2288,0.3403141361256545
lambda_star_4_32,2289,0.3403141361256545
lambda_star_4_32,2290,0.33507853403141363
lambda_star_4_32,2291,0.33507853403141363
lambda_star_4_32,2292,0.3298429319371728
lambda_star_4_32,2293,0.3089005235602094
lambda_star_4_32,2294,0.3298429319371728
lambda_star_4_32,2295,0.33507853403141363
lambda_star_4_32,2296,0.2617801047120419
lambda_star_4_32,2297,0.387434554973822
lambda_star_4_32,2298,0.31413612565445026
lambda_star_4_32,2299,0.3403141361256545
lambda_star_4_32,2300,0.29842931937172773
lambda_star_4_32,2301,0.31413612565445026
lambda_star_4_32,2302,0.387434554973822
lambda_star_4_32,2303,0.36649214659685864
lambda_star_4_32,2304,0.4397905759162304
lambda_star_4_32,2305,0.3403141361256545
lambda_star_4_32,2306,0.33507853403141363
lambda_star_4_32,2307,0.3507853403141361
lambda_star_4_32,2308,0.31413612565445026
lambda_star_4_32,2309,0.35602094240837695
lambda_star_4_32,2310,0.38219895287958117
lambda_star_4_32,2311,0.3403141361256545
lambda_star_4_32,2312,0.33507853403141363
lambda_star_4_32,2313,0.34554973821989526
lambda_star_4_32,2314,0.34554973821989526
lambda_star_4_32,2315,0.38219895287958117
lambda_star_4_32,2316,0.38219895287958117
lambda_star_4_32,2317,0.3403141361256545
lambda_star_4_32,2318,0.38219895287958117
lambda_star_4_32,2319,0.31413612565445026
lambda_star_4_32,2320,0.3612565445026178
lambda_star_4_32,2321,0.33507853403141363
lambda_star_4_32,2322,0.35602094240837695
lambda_star_4_32,2323,0.3612565445026178
lambda_star_4_32,2324,0.33507853403141363
lambda_star_4_32,2325,0.3403141361256545
lambda_star_4_32,2326,0.3612565445026178
lambda_star_4_32,2327,0.34554973821989526
lambda_star_4_32,2328,0.34554973821989526
lambda_star_4_32,2329,0.3507853403141361
lambda_star_4_32,2330,0.3769633507853403
lambda_star_4_32,2331,0.3612565445026178
lambda_star_4_32,2332,0.34554973821989526
lambda_star_4_32,2333,0.31413612565445026
lambda_star_4_32,2334,0.3298429319371728
lambda_star_4_32,2335,0.3717277486910995
lambda_star_4_32,2336,0.2931937172774869
lambda_star_4_32,2337,0.34554973821989526
lambda_star_4_32,2338,0.36649214659685864
lambda_star_4_32,2339,0.34554973821989526
lambda_star_4_32,2340,0.4031413612565445
lambda_star_4_32,2341,0.3612565445026178
lambda_star_4_32,2342,0.28272251308900526
lambda_star_4_32,2343,0.32460732984293195
lambda_star_4_32,2344,0.29842931937172773
lambda_star_4_32,2345,0.387434554973822
lambda_star_4_32,2346,0.38219895287958117
lambda_star_4_32,2347,0.32460732984293195
lambda_star_4_32,2348,0.35602094240837695
lambda_star_4_32,2349,0.39267015706806285
lambda_star_4_32,2350,0.3193717277486911
lambda_star_4_32,2351,0.39790575916230364
lambda_star_4_32,2352,0.3403141361256545
lambda_star_4_32,2353,0.32460732984293195
lambda_star_4_32,2354,0.3403141361256545
lambda_star_4_32,2355,0.3089005235602094
lambda_star_4_32,2356,0.387434554973822
lambda_star_4_32,2357,0.4293193717277487
lambda_star_4_32,2358,0.33507853403141363
lambda_star_4_32,2359,0.31413612565445026
lambda_star_4_32,2360,0.3612565445026178
lambda_star_4_32,2361,0.35602094240837695
lambda_star_4_32,2362,0.33507853403141363
lambda_star_4_32,2363,0.2931937172774869
lambda_star_4_32,2364,0.387434554973822
lambda_star_4_32,2365,0.35602094240837695
lambda_star_4_32,2366,0.35602094240837695
lambda_star_4_32,2367,0.3717277486910995
lambda_star_4_32,2368,0.3298429319371728
lambda_star_4_32,2369,0.35602094240837695
lambda_star_4_32,2370,0.3089005235602094
lambda_star_4_32,2371,0.33507853403141363
lambda_star_4_32,2372,0.3403141361256545
lambda_star_4_32,2373,0.36649214659685864
lambda_star_4_32,2374,0.3298429319371728
lambda_star_4_32,2375,0.3507853403141361
lambda_star_4_32,2376,0.36649214659685864
lambda_star_4_32,2377,0.3403141361256545
lambda_star_4_32,2378,0.33507853403141363
lambda_star_4_32,2379,0.3769633507853403
lambda_star_4_32,2380,0.39790575916230364
lambda_star_4_32,2381,0.3089005235602094
lambda_star_4_32,2382,0.3507853403141361
lambda_star_4_32,2383,0.3036649214659686
lambda_star_4_32,2384,0.38219895287958117
lambda_star_4_32,2385,0.3298429319371728
lambda_star_4_32,2386,0.34554973821989526
lambda_star_4_32,2387,0.32460732984293195
lambda_star_4_32,2388,0.3507853403141361
lambda_star_4_32,2389,0.3717277486910995
lambda_star_4_32,2390,0.33507853403141363
lambda_star_4_32,2391,0.387434554973822
lambda_star_4_32,2392,0.34554973821989526
lambda_star_4_32,2393,0.36649214659685864
lambda_star_4_32,2394,0.3403141361256545
lambda_star_4_32,2395,0.33507853403141363
lambda_star_4_32,2396,0.35602094240837695
lambda_star_4_32,2397,0.35602094240837695
lambda_star_4_32,2398,0.28272251308900526
lambda_star_4_32,2399,0.34554973821989526
lambda_star_4_32,2400,0.3403141361256545
lambda_star_4_32,2401,0.3717277486910995
lambda_star_4_32,2402,0.3089005235602094
lambda_star_4_32,2403,0.387434554973822
lambda_star_4_32,2404,0.3193717277486911
lambda_star_4_32,2405,0.36649214659685864
lambda_star_4_32,2406,0.3717277486910995
lambda_star_4_32,2407,0.36649214659685864
lambda_star_4_32,2408,0.3298429319371728
lambda_star_4_32,2409,0.36649214659685864
lambda_star_4_32,2410,0.35602094240837695
lambda_star_4_32,2411,0.3769633507853403
lambda_star_4_32,2412,0.3507853403141361
lambda_star_4_32,2413,0.31413612565445026
lambda_star_4_32,2414,0.41361256544502617
lambda_star_4_32,2415,0.3507853403141361
lambda_star_4_32,2416,0.3089005235602094
lambda_star_4_32,2417,0.3769633507853403
lambda_star_4_32,2418,0.387434554973822
lambda_star_4_32,2419,0.3717277486910995
lambda_star_4_32,2420,0.3089005235602094
lambda_star_4_32,2421,0.3298429319371728
lambda_star_4_32,2422,0.33507853403141363
lambda_star_4_32,2423,0.2931937172774869
lambda_star_4_32,2424,0.3612565445026178
lambda_star_4_32,2425,0.3769633507853403
lambda_star_4_32,2426,0.3717277486910995
lambda_star_4_32,2427,0.35602094240837695
lambda_star_4_32,2428,0.3403141361256545
lambda_star_4_32,2429,0.3403141361256545
lambda_star_4_32,2430,0.39267015706806285
lambda_star_4_32,2431,0.3193717277486911
lambda_star_4_32,2432,0.39267015706806285
lambda_star_4_32,2433,0.3403141361256545
lambda_star_4_32,2434,0.36649214659685864
lambda_star_4_32,2435,0.34554973821989526
lambda_star_4_32,2436,0.39267015706806285
lambda_star_4_32,2437,0.39790575916230364
lambda_star_4_32,2438,0.39267015706806285
lambda_star_4_32,2439,0.36649214659685864
lambda_star_4_32,2440,0.3507853403141361
lambda_star_4_32,2441,0.31413612565445026
lambda_star_4_32,2442,0.3717277486910995
lambda_star_4_32,2443,0.3089005235602094
lambda_star_4_32,2444,0.32460732984293195
lambda_star_4_32,2445,0.3403141361256545
lambda_star_4_32,2446,0.38219895287958117
lambda_star_4_32,2447,0.32460732984293195
lambda_star_4_32,2448,0.41361256544502617
lambda_star_4_32,2449,0.3507853403141361
lambda_star_4_32,2450,0.35602094240837695
lambda_star_4_32,2451,0.3769633507853403
lambda_star_4_32,2452,0.32460732984293195
lambda_star_4_32,2453,0.3193717277486911
lambda_star_4_32,2454,0.32460732984293195
lambda_star_4_32,2455,0.38219895287958117
lambda_star_4_32,2456,0.41361256544502617
lambda_star_4_32,2457,0.3507853403141361
lambda_star_4_32,2458,0.3403141361256545
lambda_star_4_32,2459,0.36649214659685864
lambda_star_4_32,2460,0.3403141361256545
lambda_star_4_32,2461,0.32460732984293195
lambda_star_4_32,2462,0.36649214659685864
lambda_star_4_32,2463,0.41361256544502617
lambda_star_4_32,2464,0.418848167539267
lambda_star_4_32,2465,0.3298429319371728
lambda_star_4_32,2466,0.3403141361256545
lambda_star_4_32,2467,0.32460732984293195
lambda_star_4_32,2468,0.34554973821989526
lambda_star_4_32,2469,0.35602094240837695
lambda_star_4_32,2470,0.3507853403141361
lambda_star_4_32,2471,0.35602094240837695
lambda_star_4_32,2472,0.32460732984293195
lambda_star_4_32,2473,0.3717277486910995
lambda_star_4_32,2474,0.4031413612565445
lambda_star_4_32,2475,0.38219895287958117
lambda_star_4_32,2476,0.3507853403141361
lambda_star_4_32,2477,0.32460732984293195
lambda_star_4_32,2478,0.2617801047120419
lambda_star_4_32,2479,0.32460732984293195
lambda_star_4_32,2480,0.3089005235602094
lambda_star_4_32,2481,0.3612565445026178
lambda_star_4_32,2482,0.3507853403141361
lambda_star_4_32,2483,0.3193717277486911
lambda_star_4_32,2484,0.32460732984293195
lambda_star_4_32,2485,0.3612565445026178
lambda_star_4_32,2486,0.3769633507853403
lambda_star_4_32,2487,0.31413612565445026
lambda_star_4_32,2488,0.3769633507853403
lambda_star_4_32,2489,0.3403141361256545
lambda_star_4_32,2490,0.36649214659685864
lambda_star_4_32,2491,0.3403141361256545
lambda_star_4_32,2492,0.35602094240837695
lambda_star_4_32,2493,0.35602094240837695
lambda_star_4_32,2494,0.3612565445026178
lambda_star_4_32,2495,0.387434554973822
lambda_star_4_32,2496,0.2879581151832461
lambda_star_4_32,2497,0.3507853403141361
lambda_star_4_32,2498,0.39267015706806285
lambda_star_4_32,2499,0.35602094240837695
lambda_star_4_32,2500,0.35602094240837695
lambda_star_4_32,2501,0.32460732984293195
lambda_star_4_32,2502,0.3403141361256545
lambda_star_4_32,2503,0.33507853403141363
lambda_star_4_32,2504,0.35602094240837695
lambda_star_4_32,2505,0.3089005235602094
lambda_star_4_32,2506,0.36649214659685864
lambda_star_4_32,2507,0.3769633507853403
lambda_star_4_32,2508,0.3507853403141361
lambda_star_4_32,2509,0.36649214659685864
lambda_star_4_32,2510,0.3769633507853403
lambda_star_4_32,2511,0.3298429319371728
lambda_star_4_32,2512,0.31413612565445026
lambda_star_4_32,2513,0.3612565445026178
lambda_star_4_32,2514,0.3769633507853403
lambda_star_4_32,2515,0.3507853403141361
lambda_star_4_32,2516,0.33507853403141363
lambda_star_4_32,2517,0.32460732984293195
lambda_star_4_32,2518,0.4083769633507853
lambda_star_4_32,2519,0.33507853403141363
lambda_star_4_32,2520,0.3036649214659686
lambda_star_4_32,2521,0.35602094240837695
lambda_star_4_32,2522,0.3507853403141361
lambda_star_4_32,2523,0.35602094240837695
lambda_star_4_32,2524,0.39267015706806285
lambda_star_4_32,2525,0.3193717277486911
lambda_star_4_32,2526,0.3769633507853403
lambda_star_4_32,2527,0.3193717277486911
lambda_star_4_32,2528,0.3769633507853403
lambda_star_4_32,2529,0.3717277486910995
lambda_star_4_32,2530,0.35602094240837695
lambda_star_4_32,2531,0.34554973821989526
lambda_star_4_32,2532,0.3193717277486911
lambda_star_4_32,2533,0.32460732984293195
lambda_star_4_32,2534,0.3298429319371728
lambda_star_4_32,2535,0.3717277486910995
lambda_star_4_32,2536,0.3612565445026178
lambda_star_4_32,2537,0.3403141361256545
lambda_star_4_32,2538,0.29842931937172773
lambda_star_4_32,2539,0.31413612565445026
lambda_star_4_32,2540,0.387434554973822
lambda_star_4_32,2541,0.39267015706806285
lambda_star_4_32,2542,0.387434554973822
lambda_star_4_32,2543,0.3403141361256545
lambda_star_4_32,2544,0.33507853403141363
lambda_star_4_32,2545,0.2774869109947644
lambda_star_4_32,2546,0.3612565445026178
lambda_star_4_32,2547,0.31413612565445026
lambda_star_4_32,2548,0.3403141361256545
lambda_star_4_32,2549,0.3507853403141361
lambda_star_4_32,2550,0.2879581151832461
lambda_star_4_32,2551,0.36649214659685864
lambda_star_4_32,2552,0.3193717277486911
lambda_star_4_32,2553,0.3612565445026178
lambda_star_4_32,2554,0.38219895287958117
lambda_star_4_32,2555,0.31413612565445026
lambda_star_4_32,2556,0.35602094240837695
lambda_star_4_32,2557,0.32460732984293195
lambda_star_4_32,2558,0.31413612565445026
lambda_star_4_32,2559,0.387434554973822
lambda_star_4_32,2560,0.3089005235602094
lambda_star_4_32,2561,0.3507853403141361
lambda_star_4_32,2562,0.3089005235602094
lambda_star_4_32,2563,0.2879581151832461
lambda_star_4_32,2564,0.35602094240837695
lambda_star_4_32,2565,0.3769633507853403
lambda_star_4_32,2566,0.3298429319371728
lambda_star_4_32,2567,0.35602094240837695
lambda_star_4_32,2568,0.3507853403141361
lambda_star_4_32,2569,0.4031413612565445
lambda_star_4_32,2570,0.34554973821989526
lambda_star_4_32,2571,0.39267015706806285
lambda_star_4_32,2572,0.33507853403141363
lambda_star_4_32,2573,0.3717277486910995
lambda_star_4_32,2574,0.35602094240837695
lambda_star_4_32,2575,0.3717277486910995
lambda_star_4_32,2576,0.3036649214659686
lambda_star_4_32,2577,0.36649214659685864
lambda_star_4_32,2578,0.3507853403141361
lambda_star_4_32,2579,0.387434554973822
lambda_star_4_32,2580,0.34554973821989526
lambda_star_4_32,2581,0.3403141361256545
lambda_star_4_32,2582,0.4083769633507853
lambda_star_4_32,2583,0.3507853403141361
lambda_star_4_32,2584,0.3298429319371728
lambda_star_4_32,2585,0.3717277486910995
lambda_star_4_32,2586,0.3507853403141361
lambda_star_4_32,2587,0.3507853403141361
lambda_star_4_32,2588,0.39790575916230364
lambda_star_4_32,2589,0.29842931937172773
lambda_star_4_32,2590,0.41361256544502617
lambda_star_4_32,2591,0.38219895287958117
lambda_star_4_32,2592,0.3507853403141361
lambda_star_4_32,2593,0.31413612565445026
lambda_star_4_32,2594,0.38219895287958117
lambda_star_4_32,2595,0.33507853403141363
lambda_star_4_32,2596,0.3769633507853403
lambda_star_4_32,2597,0.34554973821989526
lambda_star_4_32,2598,0.33507853403141363
lambda_star_4_32,2599,0.3612565445026178
lambda_star_4_32,2600,0.3769633507853403
lambda_star_4_32,2601,0.36649214659685864
lambda_star_4_32,2602,0.27225130890052357
lambda_star_4_32,2603,0.31413612565445026
lambda_star_4_32,2604,0.3612565445026178
lambda_star_4_32,2605,0.387434554973822
lambda_star_4_32,2606,0.3717277486910995
lambda_star_4_32,2607,0.32460732984293195
lambda_star_4_32,2608,0.36649214659685864
lambda_star_4_32,2609,0.34554973821989526
lambda_star_4_32,2610,0.3193717277486911
lambda_star_4_32,2611,0.38219895287958117
lambda_star_4_32,2612,0.3193717277486911
lambda_star_4_32,2613,0.33507853403141363
lambda_star_4_32,2614,0.2931937172774869
lambda_star_4_32,2615,0.3036649214659686
lambda_star_4_32,2616,0.31413612565445026
lambda_star_4_32,2617,0.3193717277486911
lambda_star_4_32,2618,0.41361256544502617
lambda_star_4_32,2619,0.34554973821989526
lambda_star_4_32,2620,0.3298429319371728
lambda_star_4_32,2621,0.31413612565445026
lambda_star_4_32,2622,0.33507853403141363
lambda_star_4_32,2623,0.3769633507853403
lambda_star_4_32,2624,0.3507853403141361
lambda_star_4_32,2625,0.3769633507853403
lambda_star_4_32,2626,0.387434554973822
lambda_star_4_32,2627,0.3507853403141361
lambda_star_4_32,2628,0.3193717277486911
lambda_star_4_32,2629,0.3507853403141361
lambda_star_4_32,2630,0.33507853403141363
lambda_star_4_32,2631,0.3298429319371728
lambda_star_4_32,2632,0.3612565445026178
lambda_star_4_32,2633,0.35602094240837695
lambda_star_4_32,2634,0.32460732984293195
lambda_star_4_32,2635,0.34554973821989526
lambda_star_4_32,2636,0.31413612565445026
lambda_star_4_32,2637,0.3507853403141361
lambda_star_4_32,2638,0.3507853403141361
lambda_star_4_32,2639,0.3193717277486911
lambda_star_4_32,2640,0.36649214659685864
lambda_star_4_32,2641,0.38219895287958117
lambda_star_4_32,2642,0.3507853403141361
lambda_star_4_32,2643,0.32460732984293195
lambda_star_4_32,2644,0.387434554973822
lambda_star_4_32,2645,0.3717277486910995
lambda_star_4_32,2646,0.387434554973822
lambda_star_4_32,2647,0.39267015706806285
lambda_star_4_32,2648,0.35602094240837695
lambda_star_4_32,2649,0.3507853403141361
lambda_star_4_32,2650,0.3403141361256545
lambda_star_4_32,2651,0.33507853403141363
lambda_star_4_32,2652,0.3193717277486911
lambda_star_4_32,2653,0.35602094240837695
lambda_star_4_32,2654,0.35602094240837695
lambda_star_4_32,2655,0.3036649214659686
lambda_star_4_32,2656,0.29842931937172773
lambda_star_4_32,2657,0.35602094240837695
lambda_star_4_32,2658,0.35602094240837695
lambda_star_4_32,2659,0.35602094240837695
lambda_star_4_32,2660,0.35602094240837695
lambda_star_4_32,2661,0.3403141361256545
lambda_star_4_32,2662,0.2879581151832461
lambda_star_4_32,2663,0.35602094240837695
lambda_star_4_32,2664,0.4031413612565445
lambda_star_4_32,2665,0.41361256544502617
lambda_star_4_32,2666,0.3298429319371728
lambda_star_4_32,2667,0.3612565445026178
lambda_star_4_32,2668,0.3717277486910995
lambda_star_4_32,2669,0.3089005235602094
lambda_star_4_32,2670,0.3403141361256545
lambda_star_4_32,2671,0.34554973821989526
lambda_star_4_32,2672,0.4397905759162304
lambda_star_4_32,2673,0.3717277486910995
lambda_star_4_32,2674,0.35602094240837695
lambda_star_4_32,2675,0.42408376963350786
lambda_star_4_32,2676,0.3089005235602094
lambda_star_4_32,2677,0.3612565445026178
lambda_star_4_32,2678,0.33507853403141363
lambda_star_4_32,2679,0.35602094240837695
lambda_star_4_32,2680,0.33507853403141363
lambda_star_4_32,2681,0.3298429319371728
lambda_star_4_32,2682,0.29842931937172773
lambda_star_4_32,2683,0.39267015706806285
lambda_star_4_32,2684,0.3769633507853403
lambda_star_4_32,2685,0.29842931937172773
lambda_star_4_32,2686,0.3717277486910995
lambda_star_4_32,2687,0.3193717277486911
lambda_star_4_32,2688,0.3403141361256545
lambda_star_4_32,2689,0.31413612565445026
lambda_star_4_32,2690,0.3717277486910995
lambda_star_4_32,2691,0.31413612565445026
lambda_star_4_32,2692,0.31413612565445026
lambda_star_4_32,2693,0.36649214659685864
lambda_star_4_32,2694,0.32460732984293195
lambda_star_4_32,2695,0.2931937172774869
lambda_star_4_32,2696,0.3193717277486911
lambda_star_4_32,2697,0.34554973821989526
lambda_star_4_32,2698,0.3403141361256545
lambda_star_4_32,2699,0.3769633507853403
lambda_star_4_32,2700,0.35602094240837695
lambda_star_4_32,2701,0.3193717277486911
lambda_star_4_32,2702,0.36649214659685864
lambda_star_4_32,2703,0.32460732984293195
lambda_star_4_32,2704,0.3403141361256545
lambda_star_4_32,2705,0.32460732984293195
lambda_star_4_32,2706,0.35602094240837695
lambda_star_4_32,2707,0.3769633507853403
lambda_star_4_32,2708,0.4031413612565445
lambda_star_4_32,2709,0.34554973821989526
lambda_star_4_32,2710,0.34554973821989526
lambda_star_4_32,2711,0.3612565445026178
lambda_star_4_32,2712,0.3769633507853403
lambda_star_4_32,2713,0.35602094240837695
lambda_star_4_32,2714,0.34554973821989526
lambda_star_4_32,2715,0.36649214659685864
lambda_star_4_32,2716,0.2931937172774869
lambda_star_4_32,2717,0.31413612565445026
lambda_star_4_32,2718,0.3089005235602094
lambda_star_4_32,2719,0.38219895287958117
lambda_star_4_32,2720,0.3193717277486911
lambda_star_4_32,2721,0.33507853403141363
lambda_star_4_32,2722,0.3717277486910995
lambda_star_4_32,2723,0.31413612565445026
lambda_star_4_32,2724,0.35602094240837695
lambda_star_4_32,2725,0.3403141361256545
lambda_star_4_32,2726,0.29842931937172773
lambda_star_4_32,2727,0.3612565445026178
lambda_star_4_32,2728,0.33507853403141363
lambda_star_4_32,2729,0.3193717277486911
lambda_star_4_32,2730,0.35602094240837695
lambda_star_4_32,2731,0.32460732984293195
lambda_star_4_32,2732,0.3089005235602094
lambda_star_4_32,2733,0.3298429319371728
lambda_star_4_32,2734,0.33507853403141363
lambda_star_4_32,2735,0.3717277486910995
lambda_star_4_32,2736,0.39267015706806285
lambda_star_4_32,2737,0.4031413612565445
lambda_star_4_32,2738,0.3507853403141361
lambda_star_4_32,2739,0.4031413612565445
lambda_star_4_32,2740,0.3717277486910995
lambda_star_4_32,2741,0.3089005235602094
lambda_star_4_32,2742,0.3769633507853403
lambda_star_4_32,2743,0.3193717277486911
lambda_star_4_32,2744,0.35602094240837695
lambda_star_4_32,2745,0.31413612565445026
lambda_star_4_32,2746,0.3403141361256545
lambda_star_4_32,2747,0.35602094240837695
lambda_star_4_32,2748,0.3298429319371728
lambda_star_4_32,2749,0.35602094240837695
lambda_star_4_32,2750,0.34554973821989526
lambda_star_4_32,2751,0.36649214659685864
lambda_star_4_32,2752,0.3769633507853403
lambda_star_4_32,2753,0.3612565445026178
lambda_star_4_32,2754,0.3507853403141361
lambda_star_4_32,2755,0.3717277486910995
lambda_star_4_32,2756,0.34554973821989526
lambda_star_4_32,2757,0.3717277486910995
lambda_star_4_32,2758,0.36649214659685864
lambda_star_4_32,2759,0.3193717277486911
lambda_star_4_32,2760,0.3036649214659686
lambda_star_4_32,2761,0.3193717277486911
lambda_star_4_32,2762,0.3403141361256545
lambda_star_4_32,2763,0.3193717277486911
lambda_star_4_32,2764,0.33507853403141363
lambda_star_4_32,2765,0.3089005235602094
lambda_star_4_32,2766,0.36649214659685864
lambda_star_4_32,2767,0.32460732984293195
lambda_star_4_32,2768,0.34554973821989526
lambda_star_4_32,2769,0.31413612565445026
lambda_star_4_32,2770,0.3769633507853403
lambda_star_4_32,2771,0.3403141361256545
lambda_star_4_32,2772,0.38219895287958117
lambda_star_4_32,2773,0.36649214659685864
lambda_star_4_32,2774,0.32460732984293195
lambda_star_4_32,2775,0.35602094240837695
lambda_star_4_32,2776,0.3193717277486911
lambda_star_4_32,2777,0.3036649214659686
lambda_star_4_32,2778,0.33507853403141363
lambda_star_4_32,2779,0.3612565445026178
lambda_star_4_32,2780,0.387434554973822
lambda_star_4_32,2781,0.3089005235602094
lambda_star_4_32,2782,0.39267015706806285
lambda_star_4_32,2783,0.3089005235602094
lambda_star_4_32,2784,0.38219895287958117
lambda_star_4_32,2785,0.2931937172774869
lambda_star_4_32,2786,0.4083769633507853
lambda_star_4_32,2787,0.38219895287958117
lambda_star_4_32,2788,0.3403141361256545
lambda_star_4_32,2789,0.31413612565445026
lambda_star_4_32,2790,0.387434554973822
lambda_star_4_32,2791,0.32460732984293195
lambda_star_4_32,2792,0.3507853403141361
lambda_star_4_32,2793,0.3612565445026178
lambda_star_4_32,2794,0.3717277486910995
lambda_star_4_32,2795,0.31413612565445026
lambda_star_4_32,2796,0.387434554973822
lambda_star_4_32,2797,0.36649214659685864
lambda_star_4_32,2798,0.3717277486910995
lambda_star_4_32,2799,0.3298429319371728
lambda_star_4_32,2800,0.3036649214659686
lambda_star_4_32,2801,0.3089005235602094
lambda_star_4_32,2802,0.3507853403141361
lambda_star_4_32,2803,0.3298429319371728
lambda_star_4_32,2804,0.3612565445026178
lambda_star_4_32,2805,0.3036649214659686
lambda_star_4_32,2806,0.35602094240837695
lambda_star_4_32,2807,0.3612565445026178
lambda_star_4_32,2808,0.3612565445026178
lambda_star_4_32,2809,0.3507853403141361
lambda_star_4_32,2810,0.3193717277486911
lambda_star_4_32,2811,0.32460732984293195
lambda_star_4_32,2812,0.34554973821989526
lambda_star_4_32,2813,0.3298429319371728
lambda_star_4_32,2814,0.3717277486910995
lambda_star_4_32,2815,0.31413612565445026
lambda_star_4_32,2816,0.4083769633507853
lambda_star_4_32,2817,0.34554973821989526
lambda_star_4_32,2818,0.33507853403141363
lambda_star_4_32,2819,0.41361256544502617
lambda_star_4_32,2820,0.3507853403141361
lambda_star_4_32,2821,0.38219895287958117
lambda_star_4_32,2822,0.3403141361256545
lambda_star_4_32,2823,0.2931937172774869
lambda_star_4_32,2824,0.38219895287958117
lambda_star_4_32,2825,0.35602094240837695
lambda_star_4_32,2826,0.3089005235602094
lambda_star_4_32,2827,0.3403141361256545
lambda_star_4_32,2828,0.33507853403141363
lambda_star_4_32,2829,0.3298429319371728
lambda_star_4_32,2830,0.4031413612565445
lambda_star_4_32,2831,0.36649214659685864
lambda_star_4_32,2832,0.35602094240837695
lambda_star_4_32,2833,0.3507853403141361
lambda_star_4_32,2834,0.3769633507853403
lambda_star_4_32,2835,0.3717277486910995
lambda_star_4_32,2836,0.387434554973822
lambda_star_4_32,2837,0.3298429319371728
lambda_star_4_32,2838,0.3298429319371728
lambda_star_4_32,2839,0.3507853403141361
lambda_star_4_32,2840,0.32460732984293195
lambda_star_4_32,2841,0.3089005235602094
lambda_star_4_32,2842,0.31413612565445026
lambda_star_4_32,2843,0.39790575916230364
lambda_star_4_32,2844,0.3403141361256545
lambda_star_4_32,2845,0.2931937172774869
lambda_star_4_32,2846,0.387434554973822
lambda_star_4_32,2847,0.4293193717277487
lambda_star_4_32,2848,0.3507853403141361
lambda_star_4_32,2849,0.3612565445026178
lambda_star_4_32,2850,0.3298429319371728
lambda_star_4_32,2851,0.3403141361256545
lambda_star_4_32,2852,0.4031413612565445
lambda_star_4_32,2853,0.34554973821989526
lambda_star_4_32,2854,0.3089005235602094
lambda_star_4_32,2855,0.38219895287958117
lambda_star_4_32,2856,0.3612565445026178
lambda_star_4_32,2857,0.35602094240837695
lambda_star_4_32,2858,0.36649214659685864
lambda_star_4_32,2859,0.38219895287958117
lambda_star_4_32,2860,0.4083769633507853
lambda_star_4_32,2861,0.3769633507853403
lambda_star_4_32,2862,0.38219895287958117
lambda_star_4_32,2863,0.3769633507853403
lambda_star_4_32,2864,0.31413612565445026
lambda_star_4_32,2865,0.3298429319371728
lambda_star_4_32,2866,0.2879581151832461
lambda_star_4_32,2867,0.27225130890052357
lambda_star_4_32,2868,0.3717277486910995
lambda_star_4_32,2869,0.3717277486910995
lambda_star_4_32,2870,0.33507853403141363
lambda_star_4_32,2871,0.34554973821989526
lambda_star_4_32,2872,0.32460732984293195
lambda_star_4_32,2873,0.3298429319371728
lambda_star_4_32,2874,0.33507853403141363
lambda_star_4_32,2875,0.38219895287958117
lambda_star_4_32,2876,0.3298429319371728
lambda_star_4_32,2877,0.34554973821989526
lambda_star_4_32,2878,0.3612565445026178
lambda_star_4_32,2879,0.3769633507853403
lambda_star_4_32,2880,0.3298429319371728
lambda_star_4_32,2881,0.38219895287958117
lambda_star_4_32,2882,0.3507853403141361
lambda_star_4_32,2883,0.2774869109947644
lambda_star_4_32,2884,0.3403141361256545
lambda_star_4_32,2885,0.36649214659685864
lambda_star_4_32,2886,0.3769633507853403
lambda_star_4_32,2887,0.3403141361256545
lambda_star_4_32,2888,0.36649214659685864
lambda_star_4_32,2889,0.387434554973822
lambda_star_4_32,2890,0.34554973821989526
lambda_star_4_32,2891,0.3298429319371728
lambda_star_4_32,2892,0.3769633507853403
lambda_star_4_32,2893,0.3717277486910995
lambda_star_4_32,2894,0.3769633507853403
lambda_star_4_32,2895,0.387434554973822
lambda_star_4_32,2896,0.3193717277486911
lambda_star_4_32,2897,0.3193717277486911
lambda_star_4_32,2898,0.34554973821989526
lambda_star_4_32,2899,0.32460732984293195
lambda_star_4_32,2900,0.31413612565445026
lambda_star_4_32,2901,0.3403141361256545
lambda_star_4_32,2902,0.36649214659685864
lambda_star_4_32,2903,0.3769633507853403
lambda_star_4_32,2904,0.38219895287958117
lambda_star_4_32,2905,0.39267015706806285
lambda_star_4_32,2906,0.3612565445026178
lambda_star_4_32,2907,0.3193717277486911
lambda_star_4_32,2908,0.34554973821989526
lambda_star_4_32,2909,0.3193717277486911
lambda_star_4_32,2910,0.38219895287958117
lambda_star_4_32,2911,0.3298429319371728
lambda_star_4_32,2912,0.3769633507853403
lambda_star_4_32,2913,0.36649214659685864
lambda_star_4_32,2914,0.3717277486910995
lambda_star_4_32,2915,0.3036649214659686
lambda_star_4_32,2916,0.34554973821989526
lambda_star_4_32,2917,0.36649214659685864
lambda_star_4_32,2918,0.34554973821989526
lambda_star_4_32,2919,0.33507853403141363
lambda_star_4_32,2920,0.34554973821989526
lambda_star_4_32,2921,0.36649214659685864
lambda_star_4_32,2922,0.3612565445026178
lambda_star_4_32,2923,0.3612565445026178
lambda_star_4_32,2924,0.41361256544502617
lambda_star_4_32,2925,0.3612565445026178
lambda_star_4_32,2926,0.3507853403141361
lambda_star_4_32,2927,0.33507853403141363
lambda_star_4_32,2928,0.33507853403141363
lambda_star_4_32,2929,0.3612565445026178
lambda_star_4_32,2930,0.3298429319371728
lambda_star_4_32,2931,0.3717277486910995
lambda_star_4_32,2932,0.3612565445026178
lambda_star_4_32,2933,0.36649214659685864
lambda_star_4_32,2934,0.38219895287958117
lambda_star_4_32,2935,0.3298429319371728
lambda_star_4_32,2936,0.3717277486910995
lambda_star_4_32,2937,0.38219895287958117
lambda_star_4_32,2938,0.32460732984293195
lambda_star_4_32,2939,0.3612565445026178
lambda_star_4_32,2940,0.3298429319371728
lambda_star_4_32,2941,0.4031413612565445
lambda_star_4_32,2942,0.3507853403141361
lambda_star_4_32,2943,0.3769633507853403
lambda_star_4_32,2944,0.38219895287958117
lambda_star_4_32,2945,0.36649214659685864
lambda_star_4_32,2946,0.3193717277486911
lambda_star_4_32,2947,0.38219895287958117
lambda_star_4_32,2948,0.387434554973822
lambda_star_4_32,2949,0.3717277486910995
lambda_star_4_32,2950,0.35602094240837695
lambda_star_4_32,2951,0.32460732984293195
lambda_star_4_32,2952,0.38219895287958117
lambda_star_4_32,2953,0.3403141361256545
lambda_star_4_32,2954,0.3612565445026178
lambda_star_4_32,2955,0.3507853403141361
lambda_star_4_32,2956,0.387434554973822
lambda_star_4_32,2957,0.3403141361256545
lambda_star_4_32,2958,0.3507853403141361
lambda_star_4_32,2959,0.36649214659685864
lambda_star_4_32,2960,0.3193717277486911
lambda_star_4_32,2961,0.32460732984293195
lambda_star_4_32,2962,0.3612565445026178
lambda_star_4_32,2963,0.35602094240837695
lambda_star_4_32,2964,0.33507853403141363
lambda_star_4_32,2965,0.3507853403141361
lambda_star_4_32,2966,0.31413612565445026
lambda_star_4_32,2967,0.3717277486910995
lambda_star_4_32,2968,0.31413612565445026
lambda_star_4_32,2969,0.3193717277486911
lambda_star_4_32,2970,0.387434554973822
lambda_star_4_32,2971,0.32460732984293195
lambda_star_4_32,2972,0.41361256544502617
lambda_star_4_32,2973,0.33507853403141363
lambda_star_4_32,2974,0.3769633507853403
lambda_star_4_32,2975,0.3507853403141361
lambda_star_4_32,2976,0.2879581151832461
lambda_star_4_32,2977,0.3612565445026178
lambda_star_4_32,2978,0.2931937172774869
lambda_star_4_32,2979,0.34554973821989526
lambda_star_4_32,2980,0.34554973821989526
lambda_star_4_32,2981,0.36649214659685864
lambda_star_4_32,2982,0.38219895287958117
lambda_star_4_32,2983,0.35602094240837695
lambda_star_4_32,2984,0.3507853403141361
lambda_star_4_32,2985,0.33507853403141363
lambda_star_4_32,2986,0.3193717277486911
lambda_star_4_32,2987,0.33507853403141363
lambda_star_4_32,2988,0.387434554973822
lambda_star_4_32,2989,0.3036649214659686
lambda_star_4_32,2990,0.3403141361256545
lambda_star_4_32,2991,0.32460732984293195
lambda_star_4_32,2992,0.3769633507853403
lambda_star_4_32,2993,0.4031413612565445
lambda_star_4_32,2994,0.39267015706806285
lambda_star_4_32,2995,0.39267015706806285
lambda_star_4_32,2996,0.32460732984293195
lambda_star_4_32,2997,0.3612565445026178
lambda_star_4_32,2998,0.387434554973822
lambda_star_4_32,2999,0.3089005235602094
lambda_star_4_32,3000,0.39267015706806285
lambda_star_4_32,3001,0.3507853403141361
lambda_star_4_32,3002,0.34554973821989526
lambda_star_4_32,3003,0.3769633507853403
lambda_star_4_32,3004,0.3717277486910995
lambda_star_4_32,3005,0.3403141361256545
lambda_star_4_32,3006,0.3298429319371728
lambda_star_4_32,3007,0.2931937172774869
lambda_star_4_32,3008,0.36649214659685864
lambda_star_4_32,3009,0.2931937172774869
lambda_star_4_32,3010,0.3298429319371728
lambda_star_4_32,3011,0.33507853403141363
lambda_star_4_32,3012,0.33507853403141363
lambda_star_4_32,3013,0.3403141361256545
lambda_star_4_32,3014,0.32460732984293195
lambda_star_4_32,3015,0.41361256544502617
lambda_star_4_32,3016,0.31413612565445026
lambda_star_4_32,3017,0.33507853403141363
lambda_star_4_32,3018,0.3403141361256545
lambda_star_4_32,3019,0.3612565445026178
lambda_star_4_32,3020,0.3403141361256545
lambda_star_4_32,3021,0.387434554973822
lambda_star_4_32,3022,0.3089005235602094
lambda_star_4_32,3023,0.3193717277486911
lambda_star_4_32,3024,0.3507853403141361
lambda_star_4_32,3025,0.33507853403141363
lambda_star_4_32,3026,0.39267015706806285
lambda_star_4_32,3027,0.36649214659685864
lambda_star_4_32,3028,0.32460732984293195
lambda_star_4_32,3029,0.35602094240837695
lambda_star_4_32,3030,0.3717277486910995
lambda_star_4_32,3031,0.3298429319371728
lambda_star_4_32,3032,0.3193717277486911
lambda_star_4_32,3033,0.35602094240837695
lambda_star_4_32,3034,0.36649214659685864
lambda_star_4_32,3035,0.3612565445026178
lambda_star_4_32,3036,0.3612565445026178
lambda_star_4_32,3037,0.3612565445026178
lambda_star_4_32,3038,0.39267015706806285
lambda_star_4_32,3039,0.32460732984293195
lambda_star_4_32,3040,0.3612565445026178
lambda_star_4_32,3041,0.29842931937172773
lambda_star_4_32,3042,0.3612565445026178
lambda_star_4_32,3043,0.33507853403141363
lambda_star_4_32,3044,0.35602094240837695
lambda_star_4_32,3045,0.3193717277486911
lambda_star_4_32,3046,0.32460732984293195
lambda_star_4_32,3047,0.3612565445026178
lambda_star_4_32,3048,0.36649214659685864
lambda_star_4_32,3049,0.3193717277486911
lambda_star_4_32,3050,0.3193717277486911
lambda_star_4_32,3051,0.3403141361256545
lambda_star_4_32,3052,0.3403141361256545
lambda_star_4_32,3053,0.35602094240837695
lambda_star_4_32,3054,0.3193717277486911
lambda_star_4_32,3055,0.33507853403141363
lambda_star_4_32,3056,0.33507853403141363
lambda_star_4_32,3057,0.32460732984293195
lambda_star_4_32,3058,0.3507853403141361
lambda_star_4_32,3059,0.36649214659685864
lambda_star_4_32,3060,0.3089005235602094
lambda_star_4_32,3061,0.3507853403141361
lambda_star_4_32,3062,0.36649214659685864
lambda_star_4_32,3063,0.36649214659685864
lambda_star_4_32,3064,0.3403141361256545
lambda_star_4_32,3065,0.33507853403141363
lambda_star_4_32,3066,0.31413612565445026
lambda_star_4_32,3067,0.3089005235602094
lambda_star_4_32,3068,0.32460732984293195
lambda_star_4_32,3069,0.3403141361256545
lambda_star_4_32,3070,0.3612565445026178
lambda_star_4_32,3071,0.32460732984293195
lambda_star_4_32,3072,0.2774869109947644
lambda_star_4_32,3073,0.33507853403141363
lambda_star_4_32,3074,0.4031413612565445
lambda_star_4_32,3075,0.38219895287958117
lambda_star_4_32,3076,0.3298429319371728
lambda_star_4_32,3077,0.32460732984293195
lambda_star_4_32,3078,0.35602094240837695
lambda_star_4_32,3079,0.3089005235602094
lambda_star_4_32,3080,0.3612565445026178
lambda_star_4_32,3081,0.34554973821989526
lambda_star_4_32,3082,0.3717277486910995
lambda_star_4_32,3083,0.33507853403141363
lambda_star_4_32,3084,0.35602094240837695
lambda_star_4_32,3085,0.29842931937172773
lambda_star_4_32,3086,0.3612565445026178
lambda_star_4_32,3087,0.3298429319371728
lambda_star_4_32,3088,0.3193717277486911
lambda_star_4_32,3089,0.3036649214659686
lambda_star_4_32,3090,0.29842931937172773
lambda_star_4_32,3091,0.31413612565445026
lambda_star_4_32,3092,0.32460732984293195
lambda_star_4_32,3093,0.3507853403141361
lambda_star_4_32,3094,0.3193717277486911
lambda_star_4_32,3095,0.3507853403141361
lambda_star_4_32,3096,0.3298429319371728
lambda_star_4_32,3097,0.3612565445026178
lambda_star_4_32,3098,0.3298429319371728
lambda_star_4_32,3099,0.41361256544502617
lambda_star_4_32,3100,0.3507853403141361
lambda_star_4_32,3101,0.3612565445026178
lambda_star_4_32,3102,0.36649214659685864
lambda_star_4_32,3103,0.35602094240837695
lambda_star_4_32,3104,0.28272251308900526
lambda_star_4_32,3105,0.3193717277486911
lambda_star_4_32,3106,0.3036649214659686
lambda_star_4_32,3107,0.32460732984293195
lambda_star_4_32,3108,0.31413612565445026
lambda_star_4_32,3109,0.3612565445026178
lambda_star_4_32,3110,0.3769633507853403
lambda_star_4_32,3111,0.3507853403141361
lambda_star_4_32,3112,0.33507853403141363
lambda_star_4_32,3113,0.38219895287958117
lambda_star_4_32,3114,0.38219895287958117
lambda_star_4_32,3115,0.39790575916230364
lambda_star_4_32,3116,0.3612565445026178
lambda_star_4_32,3117,0.41361256544502617
lambda_star_4_32,3118,0.33507853403141363
lambda_star_4_32,3119,0.33507853403141363
lambda_star_4_32,3120,0.36649214659685864
lambda_star_4_32,3121,0.29842931937172773
lambda_star_4_32,3122,0.31413612565445026
lambda_star_4_32,3123,0.3298429319371728
lambda_star_4_32,3124,0.35602094240837695
lambda_star_4_32,3125,0.3036649214659686
lambda_star_4_32,3126,0.3612565445026178
lambda_star_4_32,3127,0.35602094240837695
lambda_star_4_32,3128,0.35602094240837695
lambda_star_4_32,3129,0.27225130890052357
lambda_star_4_32,3130,0.387434554973822
lambda_star_4_32,3131,0.35602094240837695
lambda_star_4_32,3132,0.35602094240837695
lambda_star_4_32,3133,0.33507853403141363
lambda_star_4_32,3134,0.3507853403141361
lambda_star_4_32,3135,0.33507853403141363
lambda_star_4_32,3136,0.33507853403141363
lambda_star_4_32,3137,0.31413612565445026
lambda_star_4_32,3138,0.4083769633507853
lambda_star_4_32,3139,0.43455497382198954
lambda_star_4_32,3140,0.32460732984293195
lambda_star_4_32,3141,0.39267015706806285
lambda_star_4_32,3142,0.3717277486910995
lambda_star_4_32,3143,0.31413612565445026
lambda_star_4_32,3144,0.33507853403141363
lambda_star_4_32,3145,0.32460732984293195
lambda_star_4_32,3146,0.33507853403141363
lambda_star_4_32,3147,0.3507853403141361
lambda_star_4_32,3148,0.36649214659685864
lambda_star_4_32,3149,0.36649214659685864
lambda_star_4_32,3150,0.32460732984293195
lambda_star_4_32,3151,0.3612565445026178
lambda_star_4_32,3152,0.35602094240837695
lambda_star_4_32,3153,0.3612565445026178
lambda_star_4_32,3154,0.38219895287958117
lambda_star_4_32,3155,0.3769633507853403
lambda_star_4_32,3156,0.39267015706806285
lambda_star_4_32,3157,0.35602094240837695
lambda_star_4_32,3158,0.36649214659685864
lambda_star_4_32,3159,0.35602094240837695
lambda_star_4_32,3160,0.3717277486910995
lambda_star_4_32,3161,0.32460732984293195
lambda_star_4_32,3162,0.35602094240837695
lambda_star_4_32,3163,0.41361256544502617
lambda_star_4_32,3164,0.3612565445026178
lambda_star_4_32,3165,0.3036649214659686
lambda_star_4_32,3166,0.32460732984293195
lambda_star_4_32,3167,0.31413612565445026
lambda_star_4_32,3168,0.35602094240837695
lambda_star_4_32,3169,0.3717277486910995
lambda_star_4_32,3170,0.3612565445026178
lambda_star_4_32,3171,0.32460732984293195
lambda_star_4_32,3172,0.3403141361256545
lambda_star_4_32,3173,0.29842931937172773
lambda_star_4_32,3174,0.3717277486910995
lambda_star_4_32,3175,0.3298429319371728
lambda_star_4_32,3176,0.3403141361256545
lambda_star_4_32,3177,0.29842931937172773
lambda_star_4_32,3178,0.3089005235602094
lambda_star_4_32,3179,0.36649214659685864
lambda_star_4_32,3180,0.3612565445026178
lambda_star_4_32,3181,0.36649214659685864
lambda_star_4_32,3182,0.38219895287958117
lambda_star_4_32,3183,0.36649214659685864
lambda_star_4_32,3184,0.2879581151832461
lambda_star_4_32,3185,0.3717277486910995
lambda_star_4_32,3186,0.39790575916230364
lambda_star_4_32,3187,0.35602094240837695
lambda_star_4_32,3188,0.3769633507853403
lambda_star_4_32,3189,0.3193717277486911
lambda_star_4_32,3190,0.38219895287958117
lambda_star_4_32,3191,0.33507853403141363
lambda_star_4_32,3192,0.4083769633507853
lambda_star_4_32,3193,0.34554973821989526
lambda_star_4_32,3194,0.3403141361256545
lambda_star_4_32,3195,0.32460732984293195
lambda_star_4_32,3196,0.3507853403141361
lambda_star_4_32,3197,0.3717277486910995
lambda_star_4_32,3198,0.39267015706806285
lambda_star_4_32,3199,0.3612565445026178
lambda_star_4_32,3200,0.387434554973822
lambda_star_4_32,3201,0.3612565445026178
lambda_star_4_32,3202,0.3403141361256545
lambda_star_4_32,3203,0.2774869109947644
lambda_star_4_32,3204,0.3507853403141361
lambda_star_4_32,3205,0.4031413612565445
lambda_star_4_32,3206,0.39790575916230364
lambda_star_4_32,3207,0.35602094240837695
lambda_star_4_32,3208,0.3193717277486911
lambda_star_4_32,3209,0.34554973821989526
lambda_star_4_32,3210,0.28272251308900526
lambda_star_4_32,3211,0.33507853403141363
lambda_star_4_32,3212,0.3717277486910995
lambda_star_4_32,3213,0.3193717277486911
lambda_star_4_32,3214,0.31413612565445026
lambda_star_4_32,3215,0.3717277486910995
lambda_star_4_32,3216,0.3507853403141361
lambda_star_4_32,3217,0.31413612565445026
lambda_star_4_32,3218,0.3717277486910995
lambda_star_4_32,3219,0.36649214659685864
lambda_star_4_32,3220,0.387434554973822
lambda_star_4_32,3221,0.3612565445026178
lambda_star_4_32,3222,0.3612565445026178
lambda_star_4_32,3223,0.34554973821989526
lambda_star_4_32,3224,0.3298429319371728
lambda_star_4_32,3225,0.3717277486910995
lambda_star_4_32,3226,0.3769633507853403
lambda_star_4_32,3227,0.32460732984293195
lambda_star_4_32,3228,0.3089005235602094
lambda_star_4_32,3229,0.35602094240837695
lambda_star_4_32,3230,0.34554973821989526
lambda_star_4_32,3231,0.3403141361256545
lambda_star_4_32,3232,0.38219895287958117
lambda_star_4_32,3233,0.387434554973822
lambda_star_4_32,3234,0.35602094240837695
lambda_star_4_32,3235,0.34554973821989526
lambda_star_4_32,3236,0.32460732984293195
lambda_star_4_32,3237,0.3769633507853403
lambda_star_4_32,3238,0.3403141361256545
lambda_star_4_32,3239,0.3193717277486911
lambda_star_4_32,3240,0.33507853403141363
lambda_star_4_32,3241,0.35602094240837695
lambda_star_4_32,3242,0.36649214659685864
lambda_star_4_32,3243,0.32460732984293195
lambda_star_4_32,3244,0.34554973821989526
lambda_star_4_32,3245,0.3403141361256545
lambda_star_4_32,3246,0.3507853403141361
lambda_star_4_32,3247,0.3403141361256545
lambda_star_4_32,3248,0.3403141361256545
lambda_star_4_32,3249,0.3193717277486911
lambda_star_4_32,3250,0.3403141361256545
lambda_star_4_32,3251,0.3507853403141361
lambda_star_4_32,3252,0.3612565445026178
lambda_star_4_32,3253,0.33507853403141363
lambda_star_4_32,3254,0.35602094240837695
lambda_star_4_32,3255,0.3298429319371728
lambda_star_4_32,3256,0.29842931937172773
lambda_star_4_32,3257,0.2931937172774869
lambda_star_4_32,3258,0.32460732984293195
lambda_star_4_32,3259,0.39267015706806285
lambda_star_4_32,3260,0.35602094240837695
lambda_star_4_32,3261,0.3403141361256545
lambda_star_4_32,3262,0.3403141361256545
lambda_star_4_32,3263,0.35602094240837695
lambda_star_4_32,3264,0.4083769633507853
lambda_star_4_32,3265,0.27225130890052357
lambda_star_4_32,3266,0.3298429319371728
lambda_star_4_32,3267,0.3769633507853403
lambda_star_4_32,3268,0.36649214659685864
lambda_star_4_32,3269,0.3612565445026178
lambda_star_4_32,3270,0.3507853403141361
lambda_star_4_32,3271,0.33507853403141363
lambda_star_4_32,3272,0.36649214659685864
lambda_star_4_32,3273,0.35602094240837695
lambda_star_4_32,3274,0.3507853403141361
lambda_star_4_32,3275,0.3612565445026178
lambda_star_4_32,3276,0.35602094240837695
lambda_star_4_32,3277,0.3403141361256545
lambda_star_4_32,3278,0.3612565445026178
lambda_star_4_32,3279,0.33507853403141363
lambda_star_4_32,3280,0.3612565445026178
lambda_star_4_32,3281,0.33507853403141363
lambda_star_4_32,3282,0.3403141361256545
lambda_star_4_32,3283,0.2879581151832461
lambda_star_4_32,3284,0.387434554973822
lambda_star_4_32,3285,0.3403141361256545
lambda_star_4_32,3286,0.36649214659685864
lambda_star_4_32,3287,0.33507853403141363
lambda_star_4_32,3288,0.3298429319371728
lambda_star_4_32,3289,0.29842931937172773
lambda_star_4_32,3290,0.36649214659685864
lambda_star_4_32,3291,0.3298429319371728
lambda_star_4_32,3292,0.3298429319371728
lambda_star_4_32,3293,0.33507853403141363
lambda_star_4_32,3294,0.3193717277486911
lambda_star_4_32,3295,0.3403141361256545
lambda_star_4_32,3296,0.31413612565445026
lambda_star_4_32,3297,0.387434554973822
lambda_star_4_32,3298,0.3612565445026178
lambda_star_4_32,3299,0.3403141361256545
lambda_star_4_32,3300,0.3769633507853403
lambda_star_4_32,3301,0.38219895287958117
lambda_star_4_32,3302,0.3717277486910995
lambda_star_4_32,3303,0.36649214659685864
lambda_star_4_32,3304,0.4031413612565445
lambda_star_4_32,3305,0.38219895287958117
lambda_star_4_32,3306,0.3298429319371728
lambda_star_4_32,3307,0.4031413612565445
lambda_star_4_32,3308,0.35602094240837695
lambda_star_4_32,3309,0.3612565445026178
lambda_star_4_32,3310,0.39267015706806285
lambda_star_4_32,3311,0.38219895287958117
lambda_star_4_32,3312,0.3612565445026178
lambda_star_4_32,3313,0.3403141361256545
lambda_star_4_32,3314,0.3298429319371728
lambda_star_4_32,3315,0.3298429319371728
lambda_star_4_32,3316,0.3403141361256545
lambda_star_4_32,3317,0.3612565445026178
lambda_star_4_32,3318,0.3193717277486911
lambda_star_4_32,3319,0.32460732984293195
lambda_star_4_32,3320,0.34554973821989526
lambda_star_4_32,3321,0.3298429319371728
lambda_star_4_32,3322,0.3403141361256545
lambda_star_4_32,3323,0.34554973821989526
lambda_star_4_32,3324,0.3612565445026178
lambda_star_4_32,3325,0.35602094240837695
lambda_star_4_32,3326,0.38219895287958117
lambda_star_4_32,3327,0.3507853403141361
lambda_star_4_32,3328,0.39790575916230364
lambda_star_4_32,3329,0.29842931937172773
lambda_star_4_32,3330,0.3507853403141361
lambda_star_4_32,3331,0.3769633507853403
lambda_star_4_32,3332,0.34554973821989526
lambda_star_4_32,3333,0.3507853403141361
lambda_star_4_32,3334,0.3612565445026178
lambda_star_4_32,3335,0.3403141361256545
lambda_star_4_32,3336,0.3089005235602094
lambda_star_4_32,3337,0.33507853403141363
lambda_star_4_32,3338,0.3403141361256545
lambda_star_4_32,3339,0.3403141361256545
lambda_star_4_32,3340,0.3612565445026178
lambda_star_4_32,3341,0.33507853403141363
lambda_star_4_32,3342,0.36649214659685864
lambda_star_4_32,3343,0.33507853403141363
lambda_star_4_32,3344,0.38219895287958117
lambda_star_4_32,3345,0.3298429319371728
lambda_star_4_32,3346,0.3612565445026178
lambda_star_4_32,3347,0.2774869109947644
lambda_star_4_32,3348,0.3036649214659686
lambda_star_4_32,3349,0.4031413612565445
lambda_star_4_32,3350,0.34554973821989526
lambda_star_4_32,3351,0.3612565445026178
lambda_star_4_32,3352,0.34554973821989526
lambda_star_4_32,3353,0.3298429319371728
lambda_star_4_32,3354,0.3298429319371728
lambda_star_4_32,3355,0.32460732984293195
lambda_star_4_32,3356,0.36649214659685864
lambda_star_4_32,3357,0.34554973821989526
lambda_star_4_32,3358,0.32460732984293195
lambda_star_4_32,3359,0.2931937172774869
lambda_star_4_32,3360,0.36649214659685864
lambda_star_4_32,3361,0.3403141361256545
lambda_star_4_32,3362,0.35602094240837695
lambda_star_4_32,3363,0.3089005235602094
lambda_star_4_32,3364,0.3403141361256545
lambda_star_4_32,3365,0.3612565445026178
lambda_star_4_32,3366,0.3193717277486911
lambda_star_4_32,3367,0.3769633507853403
lambda_star_4_32,3368,0.31413612565445026
lambda_star_4_32,3369,0.34554973821989526
lambda_star_4_32,3370,0.32460732984293195
lambda_star_4_32,3371,0.43455497382198954
lambda_star_4_32,3372,0.3298429319371728
lambda_star_4_32,3373,0.3612565445026178
lambda_star_4_32,3374,0.38219895287958117
lambda_star_4_32,3375,0.34554973821989526
lambda_star_4_32,3376,0.3717277486910995
lambda_star_4_32,3377,0.3769633507853403
lambda_star_4_32,3378,0.39267015706806285
lambda_star_4_32,3379,0.36649214659685864
lambda_star_4_32,3380,0.38219895287958117
lambda_star_4_32,3381,0.33507853403141363
lambda_star_4_32,3382,0.3612565445026178
lambda_star_4_32,3383,0.3507853403141361
lambda_star_4_32,3384,0.34554973821989526
lambda_star_4_32,3385,0.3298429319371728
lambda_star_4_32,3386,0.4031413612565445
lambda_star_4_32,3387,0.3612565445026178
lambda_star_4_32,3388,0.3403141361256545
lambda_star_4_32,3389,0.36649214659685864
lambda_star_4_32,3390,0.38219895287958117
lambda_star_4_32,3391,0.33507853403141363
lambda_star_4_32,3392,0.3717277486910995
lambda_star_4_32,3393,0.4031413612565445
lambda_star_4_32,3394,0.3403141361256545
lambda_star_4_32,3395,0.32460732984293195
lambda_star_4_32,3396,0.35602094240837695
lambda_star_4_32,3397,0.32460732984293195
lambda_star_4_32,3398,0.34554973821989526
lambda_star_4_32,3399,0.3717277486910995
lambda_star_4_32,3400,0.35602094240837695
lambda_star_4_32,3401,0.3507853403141361
lambda_star_4_32,3402,0.39267015706806285
lambda_star_4_32,3403,0.3507853403141361
lambda_star_4_32,3404,0.3507853403141361
lambda_star_4_32,3405,0.35602094240837695
lambda_star_4_32,3406,0.3507853403141361
lambda_star_4_32,3407,0.38219895287958117
lambda_star_4_32,3408,0.387434554973822
lambda_star_4_32,3409,0.3612565445026178
lambda_star_4_32,3410,0.38219895287958117
lambda_star_4_32,3411,0.35602094240837695
lambda_star_4_32,3412,0.32460732984293195
lambda_star_4_32,3413,0.35602094240837695
lambda_star_4_32,3414,0.32460732984293195
lambda_star_4_32,3415,0.35602094240837695
lambda_star_4_32,3416,0.31413612565445026
lambda_star_4_32,3417,0.3717277486910995
lambda_star_4_32,3418,0.3507853403141361
lambda_star_4_32,3419,0.3507853403141361
lambda_star_4_32,3420,0.3612565445026178
lambda_star_4_32,3421,0.3298429319371728
lambda_star_4_32,3422,0.34554973821989526
lambda_star_4_32,3423,0.36649214659685864
lambda_star_4_32,3424,0.36649214659685864
lambda_star_4_32,3425,0.38219895287958117
lambda_star_4_32,3426,0.29842931937172773
lambda_star_4_32,3427,0.35602094240837695
lambda_star_4_32,3428,0.3769633507853403
lambda_star_4_32,3429,0.3193717277486911
lambda_star_4_32,3430,0.3036649214659686
lambda_star_4_32,3431,0.36649214659685864
lambda_star_4_32,3432,0.3717277486910995
lambda_star_4_32,3433,0.34554973821989526
lambda_star_4_32,3434,0.3507853403141361
lambda_star_4_32,3435,0.34554973821989526
lambda_star_4_32,3436,0.3298429319371728
lambda_star_4_32,3437,0.3403141361256545
lambda_star_4_32,3438,0.387434554973822
lambda_star_4_32,3439,0.3298429319371728
lambda_star_4_32,3440,0.33507853403141363
lambda_star_4_32,3441,0.3403141361256545
lambda_star_4_32,3442,0.3507853403141361
lambda_star_4_32,3443,0.32460732984293195
lambda_star_4_32,3444,0.32460732984293195
lambda_star_4_32,3445,0.3612565445026178
lambda_star_4_32,3446,0.36649214659685864
lambda_star_4_32,3447,0.3507853403141361
lambda_star_4_32,3448,0.3769633507853403
lambda_star_4_32,3449,0.33507853403141363
lambda_star_4_32,3450,0.35602094240837695
lambda_star_4_32,3451,0.4031413612565445
lambda_star_4_32,3452,0.3403141361256545
lambda_star_4_32,3453,0.34554973821989526
lambda_star_4_32,3454,0.3036649214659686
lambda_star_4_32,3455,0.3612565445026178
lambda_star_4_32,3456,0.33507853403141363
lambda_star_4_32,3457,0.39267015706806285
lambda_star_4_32,3458,0.33507853403141363
lambda_star_4_32,3459,0.29842931937172773
lambda_star_4_32,3460,0.3298429319371728
lambda_star_4_32,3461,0.3403141361256545
lambda_star_4_32,3462,0.3507853403141361
lambda_star_4_32,3463,0.3298429319371728
lambda_star_4_32,3464,0.34554973821989526
lambda_star_4_32,3465,0.3193717277486911
lambda_star_4_32,3466,0.3298429319371728
lambda_star_4_32,3467,0.34554973821989526
lambda_star_4_32,3468,0.3717277486910995
lambda_star_4_32,3469,0.33507853403141363
lambda_star_4_32,3470,0.3507853403141361
lambda_star_4_32,3471,0.3193717277486911
lambda_star_4_32,3472,0.3507853403141361
lambda_star_4_32,3473,0.3507853403141361
lambda_star_4_32,3474,0.3403141361256545
lambda_star_4_32,3475,0.387434554973822
lambda_star_4_32,3476,0.3298429319371728
lambda_star_4_32,3477,0.3612565445026178
lambda_star_4_32,3478,0.3717277486910995
lambda_star_4_32,3479,0.34554973821989526
lambda_star_4_32,3480,0.32460732984293195
lambda_star_4_32,3481,0.3507853403141361
lambda_star_4_32,3482,0.39790575916230364
lambda_star_4_32,3483,0.3507853403141361
lambda_star_4_32,3484,0.3298429319371728
lambda_star_4_32,3485,0.33507853403141363
lambda_star_4_32,3486,0.3036649214659686
lambda_star_4_32,3487,0.3403141361256545
lambda_star_4_32,3488,0.3612565445026178
lambda_star_4_32,3489,0.33507853403141363
lambda_star_4_32,3490,0.3298429319371728
lambda_star_4_32,3491,0.32460732984293195
lambda_star_4_32,3492,0.32460732984293195
lambda_star_4_32,3493,0.31413612565445026
lambda_star_4_32,3494,0.3769633507853403
lambda_star_4_32,3495,0.36649214659685864
lambda_star_4_32,3496,0.2879581151832461
lambda_star_4_32,3497,0.31413612565445026
lambda_star_4_32,3498,0.38219895287958117
lambda_star_4_32,3499,0.3403141361256545
lambda_star_4_32,3500,0.3717277486910995
lambda_star_4_32,3501,0.38219895287958117
lambda_star_4_32,3502,0.31413612565445026
lambda_star_4_32,3503,0.3769633507853403
lambda_star_4_32,3504,0.3193717277486911
lambda_star_4_32,3505,0.3612565445026178
lambda_star_4_32,3506,0.3403141361256545
lambda_star_4_32,3507,0.3403141361256545
lambda_star_4_32,3508,0.33507853403141363
lambda_star_4_32,3509,0.36649214659685864
lambda_star_4_32,3510,0.39790575916230364
lambda_star_4_32,3511,0.32460732984293195
lambda_star_4_32,3512,0.29842931937172773
lambda_star_4_32,3513,0.35602094240837695
lambda_star_4_32,3514,0.3612565445026178
lambda_star_4_32,3515,0.34554973821989526
lambda_star_4_32,3516,0.3612565445026178
lambda_star_4_32,3517,0.387434554973822
lambda_star_4_32,3518,0.34554973821989526
lambda_star_4_32,3519,0.34554973821989526
lambda_star_4_32,3520,0.38219895287958117
lambda_star_4_32,3521,0.36649214659685864
lambda_star_4_32,3522,0.3612565445026178
lambda_star_4_32,3523,0.418848167539267
lambda_star_4_32,3524,0.3507853403141361
lambda_star_4_32,3525,0.3612565445026178
lambda_star_4_32,3526,0.29842931937172773
lambda_star_4_32,3527,0.41361256544502617
lambda_star_4_32,3528,0.3403141361256545
lambda_star_4_32,3529,0.34554973821989526
lambda_star_4_32,3530,0.33507853403141363
lambda_star_4_32,3531,0.387434554973822
lambda_star_4_32,3532,0.34554973821989526
lambda_star_4_32,3533,0.4031413612565445
lambda_star_4_32,3534,0.39267015706806285
lambda_star_4_32,3535,0.3403141361256545
lambda_star_4_32,3536,0.41361256544502617
lambda_star_4_32,3537,0.3403141361256545
lambda_star_4_32,3538,0.39267015706806285
lambda_star_4_32,3539,0.32460732984293195
lambda_star_4_32,3540,0.33507853403141363
lambda_star_4_32,3541,0.3717277486910995
lambda_star_4_32,3542,0.32460732984293195
lambda_star_4_32,3543,0.3612565445026178
lambda_star_4_32,3544,0.28272251308900526
lambda_star_4_32,3545,0.32460732984293195
lambda_star_4_32,3546,0.32460732984293195
lambda_star_4_32,3547,0.33507853403141363
lambda_star_4_32,3548,0.33507853403141363
lambda_star_4_32,3549,0.38219895287958117
lambda_star_4_32,3550,0.3507853403141361
lambda_star_4_32,3551,0.3612565445026178
lambda_star_4_32,3552,0.3507853403141361
lambda_star_4_32,3553,0.36649214659685864
lambda_star_4_32,3554,0.33507853403141363
lambda_star_4_32,3555,0.3403141361256545
lambda_star_4_32,3556,0.42408376963350786
lambda_star_4_32,3557,0.33507853403141363
lambda_star_4_32,3558,0.387434554973822
lambda_star_4_32,3559,0.34554973821989526
lambda_star_4_32,3560,0.3089005235602094
lambda_star_4_32,3561,0.34554973821989526
lambda_star_4_32,3562,0.39267015706806285
lambda_star_4_32,3563,0.3507853403141361
lambda_star_4_32,3564,0.3403141361256545
lambda_star_4_32,3565,0.3036649214659686
lambda_star_4_32,3566,0.3507853403141361
lambda_star_4_32,3567,0.3769633507853403
lambda_star_4_32,3568,0.39267015706806285
lambda_star_4_32,3569,0.36649214659685864
lambda_star_4_32,3570,0.38219895287958117
lambda_star_4_32,3571,0.35602094240837695
lambda_star_4_32,3572,0.38219895287958117
lambda_star_4_32,3573,0.35602094240837695
lambda_star_4_32,3574,0.387434554973822
lambda_star_4_32,3575,0.4031413612565445
lambda_star_4_32,3576,0.3769633507853403
lambda_star_4_32,3577,0.3403141361256545
lambda_star_4_32,3578,0.3403141361256545
lambda_star_4_32,3579,0.38219895287958117
lambda_star_4_32,3580,0.3403141361256545
lambda_star_4_32,3581,0.4083769633507853
lambda_star_4_32,3582,0.28272251308900526
lambda_star_4_32,3583,0.32460732984293195
lambda_star_4_32,3584,0.32460732984293195
lambda_star_4_32,3585,0.3717277486910995
lambda_star_4_32,3586,0.3769633507853403
lambda_star_4_32,3587,0.3403141361256545
lambda_star_4_32,3588,0.3507853403141361
lambda_star_4_32,3589,0.3298429319371728
lambda_star_4_32,3590,0.33507853403141363
lambda_star_4_32,3591,0.31413612565445026
lambda_star_4_32,3592,0.4031413612565445
lambda_star_4_32,3593,0.36649214659685864
lambda_star_4_32,3594,0.33507853403141363
lambda_star_4_32,3595,0.36649214659685864
lambda_star_4_32,3596,0.33507853403141363
lambda_star_4_32,3597,0.32460732984293195
lambda_star_4_32,3598,0.3193717277486911
lambda_star_4_32,3599,0.2931937172774869
lambda_star_4_32,3600,0.35602094240837695
lambda_star_4_32,3601,0.3089005235602094
lambda_star_4_32,3602,0.3507853403141361
lambda_star_4_32,3603,0.3769633507853403
lambda_star_4_32,3604,0.3507853403141361
lambda_star_4_32,3605,0.31413612565445026
lambda_star_4_32,3606,0.35602094240837695
lambda_star_4_32,3607,0.36649214659685864
lambda_star_4_32,3608,0.3193717277486911
lambda_star_4_32,3609,0.3193717277486911
lambda_star_4_32,3610,0.34554973821989526
lambda_star_4_32,3611,0.3612565445026178
lambda_star_4_32,3612,0.36649214659685864
lambda_star_4_32,3613,0.3612565445026178
lambda_star_4_32,3614,0.34554973821989526
lambda_star_4_32,3615,0.3769633507853403
lambda_star_4_32,3616,0.3769633507853403
lambda_star_4_32,3617,0.3507853403141361
lambda_star_4_32,3618,0.36649214659685864
lambda_star_4_32,3619,0.35602094240837695
lambda_star_4_32,3620,0.35602094240837695
lambda_star_4_32,3621,0.3717277486910995
lambda_star_4_32,3622,0.36649214659685864
lambda_star_4_32,3623,0.33507853403141363
lambda_star_4_32,3624,0.3612565445026178
lambda_star_4_32,3625,0.35602094240837695
lambda_star_4_32,3626,0.39790575916230364
lambda_star_4_32,3627,0.3612565445026178
lambda_star_4_32,3628,0.3298429319371728
lambda_star_4_32,3629,0.33507853403141363
lambda_star_4_32,3630,0.3403141361256545
lambda_star_4_32,3631,0.35602094240837695
lambda_star_4_32,3632,0.39267015706806285
lambda_star_4_32,3633,0.3717277486910995
lambda_star_4_32,3634,0.3193717277486911
lambda_star_4_32,3635,0.3036649214659686
lambda_star_4_32,3636,0.3403141361256545
lambda_star_4_32,3637,0.34554973821989526
lambda_star_4_32,3638,0.38219895287958117
lambda_star_4_32,3639,0.2879581151832461
lambda_star_4_32,3640,0.3717277486910995
lambda_star_4_32,3641,0.36649214659685864
lambda_star_4_32,3642,0.3036649214659686
lambda_star_4_32,3643,0.3298429319371728
lambda_star_4_32,3644,0.3769633507853403
lambda_star_4_32,3645,0.3298429319371728
lambda_star_4_32,3646,0.3507853403141361
lambda_star_4_32,3647,0.3717277486910995
lambda_star_4_32,3648,0.3403141361256545
lambda_star_4_32,3649,0.3769633507853403
lambda_star_4_32,3650,0.31413612565445026
lambda_star_4_32,3651,0.3612565445026178
lambda_star_4_32,3652,0.2879581151832461
lambda_star_4_32,3653,0.39267015706806285
lambda_star_4_32,3654,0.32460732984293195
lambda_star_4_32,3655,0.3507853403141361
lambda_star_4_32,3656,0.3769633507853403
lambda_star_4_32,3657,0.39790575916230364
lambda_star_4_32,3658,0.33507853403141363
lambda_star_4_32,3659,0.32460732984293195
lambda_star_4_32,3660,0.3769633507853403
lambda_star_4_32,3661,0.32460732984293195
lambda_star_4_32,3662,0.34554973821989526
lambda_star_4_32,3663,0.38219895287958117
lambda_star_4_32,3664,0.28272251308900526
lambda_star_4_32,3665,0.36649214659685864
lambda_star_4_32,3666,0.3769633507853403
lambda_star_4_32,3667,0.3298429319371728
lambda_star_4_32,3668,0.3089005235602094
lambda_star_4_32,3669,0.3612565445026178
lambda_star_4_32,3670,0.4031413612565445
lambda_star_4_32,3671,0.34554973821989526
lambda_star_4_32,3672,0.3193717277486911
lambda_star_4_32,3673,0.3298429319371728
lambda_star_4_32,3674,0.36649214659685864
lambda_star_4_32,3675,0.2931937172774869
lambda_star_4_32,3676,0.33507853403141363
lambda_star_4_32,3677,0.4031413612565445
lambda_star_4_32,3678,0.3612565445026178
lambda_star_4_32,3679,0.3403141361256545
lambda_star_4_32,3680,0.32460732984293195
lambda_star_4_32,3681,0.3717277486910995
lambda_star_4_32,3682,0.34554973821989526
lambda_star_4_32,3683,0.36649214659685864
lambda_star_4_32,3684,0.3036649214659686
lambda_star_4_32,3685,0.3612565445026178
lambda_star_4_32,3686,0.3612565445026178
lambda_star_4_32,3687,0.2931937172774869
lambda_star_4_32,3688,0.38219895287958117
lambda_star_4_32,3689,0.3298429319371728
lambda_star_4_32,3690,0.3298429319371728
lambda_star_4_32,3691,0.2931937172774869
lambda_star_4_32,3692,0.3612565445026178
lambda_star_4_32,3693,0.33507853403141363
lambda_star_4_32,3694,0.29842931937172773
lambda_star_4_32,3695,0.38219895287958117
lambda_star_4_32,3696,0.3612565445026178
lambda_star_4_32,3697,0.3769633507853403
lambda_star_4_32,3698,0.38219895287958117
lambda_star_4_32,3699,0.35602094240837695
lambda_star_4_32,3700,0.39267015706806285
lambda_star_4_32,3701,0.36649214659685864
lambda_star_4_32,3702,0.31413612565445026
lambda_star_4_32,3703,0.4031413612565445
lambda_star_4_32,3704,0.3717277486910995
lambda_star_4_32,3705,0.3507853403141361
lambda_star_4_32,3706,0.3089005235602094
lambda_star_4_32,3707,0.3507853403141361
lambda_star_4_32,3708,0.35602094240837695
lambda_star_4_32,3709,0.36649214659685864
lambda_star_4_32,3710,0.3193717277486911
lambda_star_4_32,3711,0.36649214659685864
lambda_star_4_32,3712,0.33507853403141363
lambda_star_4_32,3713,0.29842931937172773
lambda_star_4_32,3714,0.34554973821989526
lambda_star_4_32,3715,0.33507853403141363
lambda_star_4_32,3716,0.33507853403141363
lambda_star_4_32,3717,0.3089005235602094
lambda_star_4_32,3718,0.3298429319371728
lambda_star_4_32,3719,0.36649214659685864
lambda_star_4_32,3720,0.38219895287958117
lambda_star_4_32,3721,0.38219895287958117
lambda_star_4_32,3722,0.3717277486910995
lambda_star_4_32,3723,0.2879581151832461
lambda_star_4_32,3724,0.32460732984293195
lambda_star_4_32,3725,0.3298429319371728
lambda_star_4_32,3726,0.39267015706806285
lambda_star_4_32,3727,0.32460732984293195
lambda_star_4_32,3728,0.3717277486910995
lambda_star_4_32,3729,0.3089005235602094
lambda_star_4_32,3730,0.3193717277486911
lambda_star_4_32,3731,0.3507853403141361
lambda_star_4_32,3732,0.3036649214659686
lambda_star_4_32,3733,0.35602094240837695
lambda_star_4_32,3734,0.34554973821989526
lambda_star_4_32,3735,0.3298429319371728
lambda_star_4_32,3736,0.3193717277486911
lambda_star_4_32,3737,0.34554973821989526
lambda_star_4_32,3738,0.3298429319371728
lambda_star_4_32,3739,0.387434554973822
lambda_star_4_32,3740,0.35602094240837695
lambda_star_4_32,3741,0.35602094240837695
lambda_star_4_32,3742,0.3717277486910995
lambda_star_4_32,3743,0.3036649214659686
lambda_star_4_32,3744,0.3298429319371728
lambda_star_4_32,3745,0.3036649214659686
lambda_star_4_32,3746,0.34554973821989526
lambda_star_4_32,3747,0.3612565445026178
lambda_star_4_32,3748,0.31413612565445026
lambda_star_4_32,3749,0.33507853403141363
lambda_star_4_32,3750,0.33507853403141363
lambda_star_4_32,3751,0.3612565445026178
lambda_star_4_32,3752,0.31413612565445026
lambda_star_4_32,3753,0.36649214659685864
lambda_star_4_32,3754,0.3507853403141361
lambda_star_4_32,3755,0.33507853403141363
lambda_star_4_32,3756,0.3193717277486911
lambda_star_4_32,3757,0.3193717277486911
lambda_star_4_32,3758,0.4031413612565445
lambda_star_4_32,3759,0.3507853403141361
lambda_star_4_32,3760,0.3089005235602094
lambda_star_4_32,3761,0.35602094240837695
lambda_star_4_32,3762,0.3036649214659686
lambda_star_4_32,3763,0.38219895287958117
lambda_star_4_32,3764,0.3193717277486911
lambda_star_4_32,3765,0.34554973821989526
lambda_star_4_32,3766,0.38219895287958117
lambda_star_4_32,3767,0.3717277486910995
lambda_star_4_32,3768,0.36649214659685864
lambda_star_4_32,3769,0.4031413612565445
lambda_star_4_32,3770,0.3769633507853403
lambda_star_4_32,3771,0.387434554973822
lambda_star_4_32,3772,0.36649214659685864
lambda_star_4_32,3773,0.35602094240837695
lambda_star_4_32,3774,0.418848167539267
lambda_star_4_32,3775,0.3193717277486911
lambda_star_4_32,3776,0.3403141361256545
lambda_star_4_32,3777,0.3612565445026178
lambda_star_4_32,3778,0.3403141361256545
lambda_star_4_32,3779,0.34554973821989526
lambda_star_4_32,3780,0.3403141361256545
lambda_star_4_32,3781,0.3507853403141361
lambda_star_4_32,3782,0.34554973821989526
lambda_star_4_32,3783,0.3612565445026178
lambda_star_4_32,3784,0.39267015706806285
lambda_star_4_32,3785,0.34554973821989526
lambda_star_4_32,3786,0.39790575916230364
lambda_star_4_32,3787,0.3612565445026178
lambda_star_4_32,3788,0.3089005235602094
lambda_star_4_32,3789,0.34554973821989526
lambda_star_4_32,3790,0.32460732984293195
lambda_star_4_32,3791,0.41361256544502617
lambda_star_4_32,3792,0.36649214659685864
lambda_star_4_32,3793,0.3403141361256545
lambda_star_4_32,3794,0.38219895287958117
lambda_star_4_32,3795,0.3612565445026178
lambda_star_4_32,3796,0.33507853403141363
lambda_star_4_32,3797,0.387434554973822
lambda_star_4_32,3798,0.35602094240837695
lambda_star_4_32,3799,0.39267015706806285
lambda_star_4_32,3800,0.35602094240837695
lambda_star_4_32,3801,0.3298429319371728
lambda_star_4_32,3802,0.3089005235602094
lambda_star_4_32,3803,0.3612565445026178
lambda_star_4_32,3804,0.34554973821989526
lambda_star_4_32,3805,0.35602094240837695
lambda_star_4_32,3806,0.3717277486910995
lambda_star_4_32,3807,0.2670157068062827
lambda_star_4_32,3808,0.3507853403141361
lambda_star_4_32,3809,0.3193717277486911
lambda_star_4_32,3810,0.39790575916230364
lambda_star_4_32,3811,0.387434554973822
lambda_star_4_32,3812,0.3507853403141361
lambda_star_4_32,3813,0.4031413612565445
lambda_star_4_32,3814,0.33507853403141363
lambda_star_4_32,3815,0.3298429319371728
lambda_star_4_32,3816,0.29842931937172773
lambda_star_4_32,3817,0.35602094240837695
lambda_star_4_32,3818,0.36649214659685864
lambda_star_4_32,3819,0.3717277486910995
lambda_star_4_32,3820,0.3507853403141361
lambda_star_4_32,3821,0.33507853403141363
lambda_star_4_32,3822,0.36649214659685864
lambda_star_4_32,3823,0.36649214659685864
lambda_star_4_32,3824,0.3507853403141361
lambda_star_4_32,3825,0.31413612565445026
lambda_star_4_32,3826,0.3298429319371728
lambda_star_4_32,3827,0.3403141361256545
lambda_star_4_32,3828,0.3298429319371728
lambda_star_4_32,3829,0.2879581151832461
lambda_star_4_32,3830,0.3769633507853403
lambda_star_4_32,3831,0.35602094240837695
lambda_star_4_32,3832,0.31413612565445026
lambda_star_4_32,3833,0.32460732984293195
lambda_star_4_32,3834,0.3298429319371728
lambda_star_4_32,3835,0.3769633507853403
lambda_star_4_32,3836,0.2879581151832461
lambda_star_4_32,3837,0.35602094240837695
lambda_star_4_32,3838,0.3507853403141361
lambda_star_4_32,3839,0.36649214659685864
lambda_star_4_32,3840,0.3403141361256545
lambda_star_4_32,3841,0.3717277486910995
lambda_star_4_32,3842,0.3612565445026178
lambda_star_4_32,3843,0.3403141361256545
lambda_star_4_32,3844,0.35602094240837695
lambda_star_4_32,3845,0.3769633507853403
lambda_star_4_32,3846,0.34554973821989526
lambda_star_4_32,3847,0.3769633507853403
lambda_star_4_32,3848,0.3089005235602094
lambda_star_4_32,3849,0.31413612565445026
lambda_star_4_32,3850,0.35602094240837695
lambda_star_4_32,3851,0.3612565445026178
lambda_star_4_32,3852,0.34554973821989526
lambda_star_4_32,3853,0.3403141361256545
lambda_star_4_32,3854,0.39790575916230364
lambda_star_4_32,3855,0.3507853403141361
lambda_star_4_32,3856,0.3193717277486911
lambda_star_4_32,3857,0.3612565445026178
lambda_star_4_32,3858,0.3193717277486911
lambda_star_4_32,3859,0.33507853403141363
lambda_star_4_32,3860,0.3193717277486911
lambda_star_4_32,3861,0.36649214659685864
lambda_star_4_32,3862,0.3507853403141361
lambda_star_4_32,3863,0.34554973821989526
lambda_star_4_32,3864,0.34554973821989526
lambda_star_4_32,3865,0.387434554973822
lambda_star_4_32,3866,0.3717277486910995
lambda_star_4_32,3867,0.3403141361256545
lambda_star_4_32,3868,0.3717277486910995
lambda_star_4_32,3869,0.3612565445026178
lambda_star_4_32,3870,0.33507853403141363
lambda_star_4_32,3871,0.387434554973822
lambda_star_4_32,3872,0.3507853403141361
lambda_star_4_32,3873,0.3403141361256545
lambda_star_4_32,3874,0.32460732984293195
lambda_star_4_32,3875,0.4083769633507853
lambda_star_4_32,3876,0.34554973821989526
lambda_star_4_32,3877,0.3298429319371728
lambda_star_4_32,3878,0.35602094240837695
lambda_star_4_32,3879,0.3507853403141361
lambda_star_4_32,3880,0.3769633507853403
lambda_star_4_32,3881,0.3717277486910995
lambda_star_4_32,3882,0.3507853403141361
lambda_star_4_32,3883,0.39267015706806285
lambda_star_4_32,3884,0.2774869109947644
lambda_star_4_32,3885,0.3193717277486911
lambda_star_4_32,3886,0.33507853403141363
lambda_star_4_32,3887,0.3193717277486911
lambda_star_4_32,3888,0.36649214659685864
lambda_star_4_32,3889,0.3507853403141361
lambda_star_4_32,3890,0.3612565445026178
lambda_star_4_32,3891,0.3089005235602094
lambda_star_4_32,3892,0.3089005235602094
lambda_star_4_32,3893,0.29842931937172773
lambda_star_4_32,3894,0.3403141361256545
lambda_star_4_32,3895,0.387434554973822
lambda_star_4_32,3896,0.35602094240837695
lambda_star_4_32,3897,0.3298429319371728
lambda_star_4_32,3898,0.32460732984293195
lambda_star_4_32,3899,0.3193717277486911
lambda_star_4_32,3900,0.3769633507853403
lambda_star_4_32,3901,0.387434554973822
lambda_star_4_32,3902,0.3193717277486911
lambda_star_4_32,3903,0.34554973821989526
lambda_star_4_32,3904,0.3717277486910995
lambda_star_4_32,3905,0.3612565445026178
lambda_star_4_32,3906,0.3403141361256545
lambda_star_4_32,3907,0.3193717277486911
lambda_star_4_32,3908,0.29842931937172773
lambda_star_4_32,3909,0.3193717277486911
lambda_star_4_32,3910,0.2879581151832461
lambda_star_4_32,3911,0.31413612565445026
lambda_star_4_32,3912,0.36649214659685864
lambda_star_4_32,3913,0.3298429319371728
lambda_star_4_32,3914,0.4031413612565445
lambda_star_4_32,3915,0.3507853403141361
lambda_star_4_32,3916,0.33507853403141363
lambda_star_4_32,3917,0.28272251308900526
lambda_star_4_32,3918,0.34554973821989526
lambda_star_4_32,3919,0.34554973821989526
lambda_star_4_32,3920,0.3507853403141361
lambda_star_4_32,3921,0.34554973821989526
lambda_star_4_32,3922,0.36649214659685864
lambda_star_4_32,3923,0.3298429319371728
lambda_star_4_32,3924,0.36649214659685864
lambda_star_4_32,3925,0.35602094240837695
lambda_star_4_32,3926,0.35602094240837695
lambda_star_4_32,3927,0.3769633507853403
lambda_star_4_32,3928,0.35602094240837695
lambda_star_4_32,3929,0.35602094240837695
lambda_star_4_32,3930,0.34554973821989526
lambda_star_4_32,3931,0.3612565445026178
lambda_star_4_32,3932,0.36649214659685864
lambda_star_4_32,3933,0.3507853403141361
lambda_star_4_32,3934,0.3612565445026178
lambda_star_4_32,3935,0.3717277486910995
lambda_star_4_32,3936,0.32460732984293195
lambda_star_4_32,3937,0.3193717277486911
lambda_star_4_32,3938,0.3612565445026178
lambda_star_4_32,3939,0.34554973821989526
lambda_star_4_32,3940,0.3403141361256545
lambda_star_4_32,3941,0.3193717277486911
lambda_star_4_32,3942,0.36649214659685864
lambda_star_4_32,3943,0.3089005235602094
lambda_star_4_32,3944,0.3612565445026178
lambda_star_4_32,3945,0.33507853403141363
lambda_star_4_32,3946,0.3036649214659686
lambda_star_4_32,3947,0.3298429319371728
lambda_star_4_32,3948,0.38219895287958117
lambda_star_4_32,3949,0.34554973821989526
lambda_star_4_32,3950,0.33507853403141363
lambda_star_4_32,3951,0.32460732984293195
lambda_star_4_32,3952,0.3298429319371728
lambda_star_4_32,3953,0.3193717277486911
lambda_star_4_32,3954,0.3769633507853403
lambda_star_4_32,3955,0.3717277486910995
lambda_star_4_32,3956,0.3036649214659686
lambda_star_4_32,3957,0.4031413612565445
lambda_star_4_32,3958,0.34554973821989526
lambda_star_4_32,3959,0.32460732984293195
lambda_star_4_32,3960,0.33507853403141363
lambda_star_4_32,3961,0.3507853403141361
lambda_star_4_32,3962,0.34554973821989526
lambda_star_4_32,3963,0.33507853403141363
lambda_star_4_32,3964,0.3403141361256545
lambda_star_4_32,3965,0.3403141361256545
lambda_star_4_32,3966,0.3036649214659686
lambda_star_4_32,3967,0.3769633507853403
lambda_star_4_32,3968,0.32460732984293195
lambda_star_4_32,3969,0.42408376963350786
lambda_star_4_32,3970,0.3036649214659686
lambda_star_4_32,3971,0.33507853403141363
lambda_star_4_32,3972,0.31413612565445026
lambda_star_4_32,3973,0.3769633507853403
lambda_star_4_32,3974,0.3612565445026178
lambda_star_4_32,3975,0.3717277486910995
lambda_star_4_32,3976,0.34554973821989526
lambda_star_4_32,3977,0.3193717277486911
lambda_star_4_32,3978,0.39267015706806285
lambda_star_4_32,3979,0.3769633507853403
lambda_star_4_32,3980,0.3717277486910995
lambda_star_4_32,3981,0.3769633507853403
lambda_star_4_32,3982,0.2670157068062827
lambda_star_4_32,3983,0.31413612565445026
lambda_star_4_32,3984,0.35602094240837695
lambda_star_4_32,3985,0.3507853403141361
lambda_star_4_32,3986,0.39267015706806285
lambda_star_4_32,3987,0.34554973821989526
lambda_star_4_32,3988,0.387434554973822
lambda_star_4_32,3989,0.33507853403141363
lambda_star_4_32,3990,0.3036649214659686
lambda_star_4_32,3991,0.418848167539267
lambda_star_4_32,3992,0.35602094240837695
lambda_star_4_32,3993,0.35602094240837695
lambda_star_4_32,3994,0.3403141361256545
lambda_star_4_32,3995,0.3036649214659686
lambda_star_4_32,3996,0.3403141361256545
lambda_star_4_32,3997,0.3507853403141361
lambda_star_4_32,3998,0.3769633507853403
lambda_star_4_32,3999,0.3612565445026178
lambda_star_4_32,4000,0.3507853403141361
lambda_star_4_32,4001,0.3298429319371728
lambda_star_4_32,4002,0.3298429319371728
lambda_star_4_32,4003,0.3612565445026178
lambda_star_4_32,4004,0.3507853403141361
lambda_star_4_32,4005,0.38219895287958117
lambda_star_4_32,4006,0.33507853403141363
lambda_star_4_32,4007,0.4031413612565445
lambda_star_4_32,4008,0.32460732984293195
lambda_star_4_32,4009,0.3298429319371728
lambda_star_4_32,4010,0.3403141361256545
lambda_star_4_32,4011,0.38219895287958117
lambda_star_4_32,4012,0.3769633507853403
lambda_star_4_32,4013,0.33507853403141363
lambda_star_4_32,4014,0.3507853403141361
lambda_star_4_32,4015,0.34554973821989526
lambda_star_4_32,4016,0.3298429319371728
lambda_star_4_32,4017,0.3403141361256545
lambda_star_4_32,4018,0.3403141361256545
lambda_star_4_32,4019,0.41361256544502617
lambda_star_4_32,4020,0.36649214659685864
lambda_star_4_32,4021,0.36649214659685864
lambda_star_4_32,4022,0.3089005235602094
lambda_star_4_32,4023,0.3403141361256545
lambda_star_4_32,4024,0.3769633507853403
lambda_star_4_32,4025,0.3507853403141361
lambda_star_4_32,4026,0.35602094240837695
lambda_star_4_32,4027,0.38219895287958117
lambda_star_4_32,4028,0.2774869109947644
lambda_star_4_32,4029,0.34554973821989526
lambda_star_4_32,4030,0.33507853403141363
lambda_star_4_32,4031,0.3769633507853403
lambda_star_4_32,4032,0.39790575916230364
lambda_star_4_32,4033,0.418848167539267
lambda_star_4_32,4034,0.35602094240837695
lambda_star_4_32,4035,0.31413612565445026
lambda_star_4_32,4036,0.36649214659685864
lambda_star_4_32,4037,0.3036649214659686
lambda_star_4_32,4038,0.32460732984293195
lambda_star_4_32,4039,0.31413612565445026
lambda_star_4_32,4040,0.3298429319371728
lambda_star_4_32,4041,0.3612565445026178
lambda_star_4_32,4042,0.3717277486910995
lambda_star_4_32,4043,0.31413612565445026
lambda_star_4_32,4044,0.34554973821989526
lambda_star_4_32,4045,0.33507853403141363
lambda_star_4_32,4046,0.32460732984293195
lambda_star_4_32,4047,0.38219895287958117
lambda_star_4_32,4048,0.3403141361256545
lambda_star_4_32,4049,0.3507853403141361
lambda_star_4_32,4050,0.33507853403141363
lambda_star_4_32,4051,0.33507853403141363
lambda_star_4_32,4052,0.32460732984293195
lambda_star_4_32,4053,0.31413612565445026
lambda_star_4_32,4054,0.3403141361256545
lambda_star_4_32,4055,0.3403141361256545
lambda_star_4_32,4056,0.35602094240837695
lambda_star_4_32,4057,0.3769633507853403
lambda_star_4_32,4058,0.39267015706806285
lambda_star_4_32,4059,0.3089005235602094
lambda_star_4_32,4060,0.3612565445026178
lambda_star_4_32,4061,0.32460732984293195
lambda_star_4_32,4062,0.3717277486910995
lambda_star_4_32,4063,0.32460732984293195
lambda_star_4_32,4064,0.34554973821989526
lambda_star_4_32,4065,0.3193717277486911
lambda_star_4_32,4066,0.39790575916230364
lambda_star_4_32,4067,0.34554973821989526
lambda_star_4_32,4068,0.3507853403141361
lambda_star_4_32,4069,0.35602094240837695
lambda_star_4_32,4070,0.3717277486910995
lambda_star_4_32,4071,0.3507853403141361
lambda_star_4_32,4072,0.3612565445026178
lambda_star_4_32,4073,0.3769633507853403
lambda_star_4_32,4074,0.3193717277486911
lambda_star_4_32,4075,0.3612565445026178
lambda_star_4_32,4076,0.35602094240837695
lambda_star_4_32,4077,0.34554973821989526
lambda_star_4_32,4078,0.4031413612565445
lambda_star_4_32,4079,0.3717277486910995
lambda_star_4_32,4080,0.4293193717277487
lambda_star_4_32,4081,0.29842931937172773
lambda_star_4_32,4082,0.38219895287958117
lambda_star_4_32,4083,0.3193717277486911
lambda_star_4_32,4084,0.3717277486910995
lambda_star_4_32,4085,0.2931937172774869
lambda_star_4_32,4086,0.3717277486910995
lambda_star_4_32,4087,0.3036649214659686
lambda_star_4_32,4088,0.36649214659685864
lambda_star_4_32,4089,0.38219895287958117
lambda_star_4_32,4090,0.3193717277486911
lambda_star_4_32,4091,0.31413612565445026
lambda_star_4_32,4092,0.3507853403141361
lambda_star_4_32,4093,0.36649214659685864
lambda_star_4_32,4094,0.3298429319371728
lambda_star_4_32,4095,0.3298429319371728
lambda_star_4_32,4096,0.38219895287958117
lambda_star_4_32,4097,0.33507853403141363
lambda_star_4_32,4098,0.36649214659685864
lambda_star_4_32,4099,0.36649214659685864
lambda_star_4_32,4100,0.39267015706806285
lambda_star_4_32,4101,0.3036649214659686
lambda_star_4_32,4102,0.3403141361256545
lambda_star_4_32,4103,0.4031413612565445
lambda_star_4_32,4104,0.3507853403141361
lambda_star_4_32,4105,0.3769633507853403
lambda_star_4_32,4106,0.41361256544502617
lambda_star_4_32,4107,0.387434554973822
lambda_star_4_32,4108,0.3298429319371728
lambda_star_4_32,4109,0.3507853403141361
lambda_star_4_32,4110,0.3298429319371728
lambda_star_4_32,4111,0.3769633507853403
lambda_star_4_32,4112,0.3717277486910995
lambda_star_4_32,4113,0.34554973821989526
lambda_star_4_32,4114,0.32460732984293195
lambda_star_4_32,4115,0.3298429319371728
lambda_star_4_32,4116,0.3769633507853403
lambda_star_4_32,4117,0.3717277486910995
lambda_star_4_32,4118,0.387434554973822
lambda_star_4_32,4119,0.3507853403141361
lambda_star_4_32,4120,0.3403141361256545
lambda_star_4_32,4121,0.3717277486910995
lambda_star_4_32,4122,0.35602094240837695
lambda_star_4_32,4123,0.3769633507853403
lambda_star_4_32,4124,0.3612565445026178
lambda_star_4_32,4125,0.3612565445026178
lambda_star_4_32,4126,0.39267015706806285
lambda_star_4_32,4127,0.33507853403141363
lambda_star_4_32,4128,0.34554973821989526
lambda_star_4_32,4129,0.3717277486910995
lambda_star_4_32,4130,0.3769633507853403
lambda_star_4_32,4131,0.3717277486910995
lambda_star_4_32,4132,0.36649214659685864
lambda_star_4_32,4133,0.39267015706806285
lambda_star_4_32,4134,0.3298429319371728
lambda_star_4_32,4135,0.3769633507853403
lambda_star_4_32,4136,0.3403141361256545
lambda_star_4_32,4137,0.31413612565445026
lambda_star_4_32,4138,0.3717277486910995
lambda_star_4_32,4139,0.387434554973822
lambda_star_4_32,4140,0.3403141361256545
lambda_star_4_32,4141,0.3193717277486911
lambda_star_4_32,4142,0.3403141361256545
lambda_star_4_32,4143,0.4083769633507853
lambda_star_4_32,4144,0.3089005235602094
lambda_star_4_32,4145,0.4031413612565445
lambda_star_4_32,4146,0.3769633507853403
lambda_star_4_32,4147,0.3612565445026178
lambda_star_4_32,4148,0.34554973821989526
lambda_star_4_32,4149,0.4031413612565445
lambda_star_4_32,4150,0.3298429319371728
lambda_star_4_32,4151,0.34554973821989526
lambda_star_4_32,4152,0.3089005235602094
lambda_star_4_32,4153,0.38219895287958117
lambda_star_4_32,4154,0.3769633507853403
lambda_star_4_32,4155,0.3612565445026178
lambda_star_4_32,4156,0.34554973821989526
lambda_star_4_32,4157,0.29842931937172773
lambda_star_4_32,4158,0.3036649214659686
lambda_star_4_32,4159,0.38219895287958117
lambda_star_4_32,4160,0.3612565445026178
lambda_star_4_32,4161,0.3717277486910995
lambda_star_4_32,4162,0.3612565445026178
lambda_star_4_32,4163,0.38219895287958117
lambda_star_4_32,4164,0.3298429319371728
lambda_star_4_32,4165,0.3193717277486911
lambda_star_4_32,4166,0.3717277486910995
lambda_star_4_32,4167,0.3403141361256545
lambda_star_4_32,4168,0.3403141361256545
lambda_star_4_32,4169,0.3036649214659686
lambda_star_4_32,4170,0.3612565445026178
lambda_star_4_32,4171,0.29842931937172773
lambda_star_4_32,4172,0.3612565445026178
lambda_star_4_32,4173,0.3036649214659686
lambda_star_4_32,4174,0.3612565445026178
lambda_star_4_32,4175,0.3193717277486911
lambda_star_4_32,4176,0.32460732984293195
lambda_star_4_32,4177,0.3298429319371728
lambda_star_4_32,4178,0.32460732984293195
lambda_star_4_32,4179,0.34554973821989526
lambda_star_4_32,4180,0.32460732984293195
lambda_star_4_32,4181,0.3089005235602094
lambda_star_4_32,4182,0.3769633507853403
lambda_star_4_32,4183,0.35602094240837695
lambda_star_4_32,4184,0.39267015706806285
lambda_star_4_32,4185,0.2931937172774869
lambda_star_4_32,4186,0.39267015706806285
lambda_star_4_32,4187,0.3769633507853403
lambda_star_4_32,4188,0.3612565445026178
lambda_star_4_32,4189,0.33507853403141363
lambda_star_4_32,4190,0.32460732984293195
lambda_star_4_32,4191,0.3403141361256545
lambda_star_4_32,4192,0.3507853403141361
lambda_star_4_32,4193,0.3403141361256545
lambda_star_4_32,4194,0.4083769633507853
lambda_star_4_32,4195,0.3507853403141361
lambda_star_4_32,4196,0.3193717277486911
lambda_star_4_32,4197,0.39790575916230364
lambda_star_4_32,4198,0.31413612565445026
lambda_star_4_32,4199,0.29842931937172773
lambda_star_4_32,4200,0.33507853403141363
lambda_star_4_32,4201,0.33507853403141363
lambda_star_4_32,4202,0.3403141361256545
lambda_star_4_32,4203,0.3612565445026178
lambda_star_4_32,4204,0.34554973821989526
lambda_star_4_32,4205,0.33507853403141363
lambda_star_4_32,4206,0.3769633507853403
lambda_star_4_32,4207,0.33507853403141363
lambda_star_4_32,4208,0.33507853403141363
lambda_star_4_32,4209,0.38219895287958117
lambda_star_4_32,4210,0.36649214659685864
lambda_star_4_32,4211,0.3769633507853403
lambda_star_4_32,4212,0.39267015706806285
lambda_star_4_32,4213,0.3298429319371728
lambda_star_4_32,4214,0.36649214659685864
lambda_star_4_32,4215,0.31413612565445026
lambda_star_4_32,4216,0.36649214659685864
lambda_star_4_32,4217,0.39790575916230364
lambda_star_4_32,4218,0.36649214659685864
lambda_star_4_32,4219,0.39267015706806285
lambda_star_4_32,4220,0.3089005235602094
lambda_star_4_32,4221,0.39790575916230364
lambda_star_4_32,4222,0.35602094240837695
lambda_star_4_32,4223,0.3089005235602094
lambda_star_4_32,4224,0.3298429319371728
lambda_star_4_32,4225,0.32460732984293195
lambda_star_4_32,4226,0.35602094240837695
lambda_star_4_32,4227,0.33507853403141363
lambda_star_4_32,4228,0.3769633507853403
lambda_star_4_32,4229,0.3717277486910995
lambda_star_4_32,4230,0.3089005235602094
lambda_star_4_32,4231,0.38219895287958117
lambda_star_4_32,4232,0.36649214659685864
lambda_star_4_32,4233,0.36649214659685864
lambda_star_4_32,4234,0.3507853403141361
lambda_star_4_32,4235,0.36649214659685864
lambda_star_4_32,4236,0.3298429319371728
lambda_star_4_32,4237,0.38219895287958117
lambda_star_4_32,4238,0.3612565445026178
lambda_star_4_32,4239,0.31413612565445026
lambda_star_4_32,4240,0.39267015706806285
lambda_star_4_32,4241,0.32460732984293195
lambda_star_4_32,4242,0.33507853403141363
lambda_star_4_32,4243,0.3507853403141361
lambda_star_4_32,4244,0.3507853403141361
lambda_star_4_32,4245,0.33507853403141363
lambda_star_4_32,4246,0.39790575916230364
lambda_star_4_32,4247,0.3769633507853403
lambda_star_4_32,4248,0.3612565445026178
lambda_star_4_32,4249,0.35602094240837695
lambda_star_4_32,4250,0.3717277486910995
lambda_star_4_32,4251,0.2670157068062827
lambda_star_4_32,4252,0.33507853403141363
lambda_star_4_32,4253,0.33507853403141363
lambda_star_4_32,4254,0.33507853403141363
lambda_star_4_32,4255,0.3403141361256545
lambda_star_4_32,4256,0.3298429319371728
lambda_star_4_32,4257,0.35602094240837695
lambda_star_4_32,4258,0.35602094240837695
lambda_star_4_32,4259,0.34554973821989526
lambda_star_4_32,4260,0.34554973821989526
lambda_star_4_32,4261,0.29842931937172773
lambda_star_4_32,4262,0.3036649214659686
lambda_star_4_32,4263,0.38219895287958117
lambda_star_4_32,4264,0.3403141361256545
lambda_star_4_32,4265,0.36649214659685864
lambda_star_4_32,4266,0.3507853403141361
lambda_star_4_32,4267,0.3089005235602094
lambda_star_4_32,4268,0.34554973821989526
lambda_star_4_32,4269,0.35602094240837695
lambda_star_4_32,4270,0.3612565445026178
lambda_star_4_32,4271,0.3612565445026178
lambda_star_4_32,4272,0.3769633507853403
lambda_star_4_32,4273,0.4083769633507853
lambda_star_4_32,4274,0.3507853403141361
lambda_star_4_32,4275,0.38219895287958117
lambda_star_4_32,4276,0.3507853403141361
lambda_star_4_32,4277,0.3403141361256545
lambda_star_4_32,4278,0.4031413612565445
lambda_star_4_32,4279,0.3717277486910995
lambda_star_4_32,4280,0.39267015706806285
lambda_star_4_32,4281,0.34554973821989526
lambda_star_4_32,4282,0.33507853403141363
lambda_star_4_32,4283,0.3298429319371728
lambda_star_4_32,4284,0.2879581151832461
lambda_star_4_32,4285,0.3298429319371728
lambda_star_4_32,4286,0.3769633507853403
lambda_star_4_32,4287,0.34554973821989526
lambda_star_4_32,4288,0.3507853403141361
lambda_star_4_32,4289,0.3612565445026178
lambda_star_4_32,4290,0.3193717277486911
lambda_star_4_32,4291,0.387434554973822
lambda_star_4_32,4292,0.3612565445026178
lambda_star_4_32,4293,0.3612565445026178
lambda_star_4_32,4294,0.3036649214659686
lambda_star_4_32,4295,0.39790575916230364
lambda_star_4_32,4296,0.39790575916230364
lambda_star_4_32,4297,0.3507853403141361
lambda_star_4_32,4298,0.387434554973822
lambda_star_4_32,4299,0.3193717277486911
lambda_star_4_32,4300,0.33507853403141363
lambda_star_4_32,4301,0.34554973821989526
lambda_star_4_32,4302,0.34554973821989526
lambda_star_4_32,4303,0.3717277486910995
lambda_star_4_32,4304,0.4031413612565445
lambda_star_4_32,4305,0.2879581151832461
lambda_star_4_32,4306,0.3717277486910995
lambda_star_4_32,4307,0.3403141361256545
lambda_star_4_32,4308,0.3717277486910995
lambda_star_4_32,4309,0.4031413612565445
lambda_star_4_32,4310,0.33507853403141363
lambda_star_4_32,4311,0.31413612565445026
lambda_star_4_32,4312,0.387434554973822
lambda_star_4_32,4313,0.3298429319371728
lambda_star_4_32,4314,0.34554973821989526
lambda_star_4_32,4315,0.32460732984293195
lambda_star_4_32,4316,0.29842931937172773
lambda_star_4_32,4317,0.33507853403141363
lambda_star_4_32,4318,0.3507853403141361
lambda_star_4_32,4319,0.34554973821989526
lambda_star_4_32,4320,0.3507853403141361
lambda_star_4_32,4321,0.3507853403141361
lambda_star_4_32,4322,0.3089005235602094
lambda_star_4_32,4323,0.34554973821989526
lambda_star_4_32,4324,0.33507853403141363
lambda_star_4_32,4325,0.3193717277486911
lambda_star_4_32,4326,0.36649214659685864
lambda_star_4_32,4327,0.35602094240837695
lambda_star_4_32,4328,0.2879581151832461
lambda_star_4_32,4329,0.3298429319371728
lambda_star_4_32,4330,0.3612565445026178
lambda_star_4_32,4331,0.32460732984293195
lambda_star_4_32,4332,0.32460732984293195
lambda_star_4_32,4333,0.3298429319371728
lambda_star_4_32,4334,0.3193717277486911
lambda_star_4_32,4335,0.34554973821989526
lambda_star_4_32,4336,0.33507853403141363
lambda_star_4_32,4337,0.36649214659685864
lambda_star_4_32,4338,0.39267015706806285
lambda_star_4_32,4339,0.39790575916230364
lambda_star_4_32,4340,0.3507853403141361
lambda_star_4_32,4341,0.3507853403141361
lambda_star_4_32,4342,0.34554973821989526
lambda_star_4_32,4343,0.3403141361256545
lambda_star_4_32,4344,0.3507853403141361
lambda_star_4_32,4345,0.4031413612565445
lambda_star_4_32,4346,0.33507853403141363
lambda_star_4_32,4347,0.3769633507853403
lambda_star_4_32,4348,0.36649214659685864
lambda_star_4_32,4349,0.34554973821989526
lambda_star_4_32,4350,0.3403141361256545
lambda_star_4_32,4351,0.3193717277486911
lambda_star_4_32,4352,0.32460732984293195
lambda_star_4_32,4353,0.2879581151832461
lambda_star_4_32,4354,0.35602094240837695
lambda_star_4_32,4355,0.3507853403141361
lambda_star_4_32,4356,0.33507853403141363
lambda_star_4_32,4357,0.3403141361256545
lambda_star_4_32,4358,0.3612565445026178
lambda_star_4_32,4359,0.31413612565445026
lambda_star_4_32,4360,0.3507853403141361
lambda_star_4_32,4361,0.39790575916230364
lambda_star_4_32,4362,0.31413612565445026
lambda_star_4_32,4363,0.387434554973822
lambda_star_4_32,4364,0.3193717277486911
lambda_star_4_32,4365,0.34554973821989526
lambda_star_4_32,4366,0.3612565445026178
lambda_star_4_32,4367,0.3089005235602094
lambda_star_4_32,4368,0.3193717277486911
lambda_star_4_32,4369,0.3298429319371728
lambda_star_4_32,4370,0.3612565445026178
lambda_star_4_32,4371,0.35602094240837695
lambda_star_4_32,4372,0.3717277486910995
lambda_star_4_32,4373,0.32460732984293195
lambda_star_4_32,4374,0.35602094240837695
lambda_star_4_32,4375,0.36649214659685864
lambda_star_4_32,4376,0.3089005235602094
lambda_star_4_32,4377,0.3507853403141361
lambda_star_4_32,4378,0.36649214659685864
lambda_star_4_32,4379,0.33507853403141363
lambda_star_4_32,4380,0.3507853403141361
lambda_star_4_32,4381,0.3612565445026178
lambda_star_4_32,4382,0.3507853403141361
lambda_star_4_32,4383,0.3717277486910995
lambda_star_4_32,4384,0.33507853403141363
lambda_star_4_32,4385,0.36649214659685864
lambda_star_4_32,4386,0.3769633507853403
lambda_star_4_32,4387,0.387434554973822
lambda_star_4_32,4388,0.29842931937172773
lambda_star_4_32,4389,0.36649214659685864
lambda_star_4_32,4390,0.38219895287958117
lambda_star_4_32,4391,0.35602094240837695
lambda_star_4_32,4392,0.35602094240837695
lambda_star_4_32,4393,0.3507853403141361
lambda_star_4_32,4394,0.27225130890052357
lambda_star_4_32,4395,0.3507853403141361
lambda_star_4_32,4396,0.29842931937172773
lambda_star_4_32,4397,0.3403141361256545
lambda_star_4_32,4398,0.4083769633507853
lambda_star_4_32,4399,0.35602094240837695
lambda_star_4_32,4400,0.3769633507853403
lambda_star_4_32,4401,0.3769633507853403
lambda_star_4_32,4402,0.2931937172774869
lambda_star_4_32,4403,0.34554973821989526
lambda_star_4_32,4404,0.3612565445026178
lambda_star_4_32,4405,0.33507853403141363
lambda_star_4_32,4406,0.3612565445026178
lambda_star_4_32,4407,0.34554973821989526
lambda_star_4_32,4408,0.3612565445026178
lambda_star_4_32,4409,0.31413612565445026
lambda_star_4_32,4410,0.3036649214659686
lambda_star_4_32,4411,0.35602094240837695
lambda_star_4_32,4412,0.34554973821989526
lambda_star_4_32,4413,0.33507853403141363
lambda_star_4_32,4414,0.34554973821989526
lambda_star_4_32,4415,0.2670157068062827
lambda_star_4_32,4416,0.33507853403141363
lambda_star_4_32,4417,0.3403141361256545
lambda_star_4_32,4418,0.3769633507853403
lambda_star_4_32,4419,0.3612565445026178
lambda_star_4_32,4420,0.3769633507853403
lambda_star_4_32,4421,0.3717277486910995
lambda_star_4_32,4422,0.31413612565445026
lambda_star_4_32,4423,0.35602094240837695
lambda_star_4_32,4424,0.35602094240837695
lambda_star_4_32,4425,0.3507853403141361
lambda_star_4_32,4426,0.31413612565445026
lambda_star_4_32,4427,0.34554973821989526
lambda_star_4_32,4428,0.3403141361256545
lambda_star_4_32,4429,0.3717277486910995
lambda_star_4_32,4430,0.29842931937172773
lambda_star_4_32,4431,0.3612565445026178
lambda_star_4_32,4432,0.34554973821989526
lambda_star_4_32,4433,0.3089005235602094
lambda_star_4_32,4434,0.3403141361256545
lambda_star_4_32,4435,0.3717277486910995
lambda_star_4_32,4436,0.3717277486910995
lambda_star_4_32,4437,0.39267015706806285
lambda_star_4_32,4438,0.33507853403141363
lambda_star_4_32,4439,0.3717277486910995
lambda_star_4_32,4440,0.38219895287958117
lambda_star_4_32,4441,0.32460732984293195
lambda_star_4_32,4442,0.3036649214659686
lambda_star_4_32,4443,0.32460732984293195
lambda_star_4_32,4444,0.3717277486910995
lambda_star_4_32,4445,0.3612565445026178
lambda_star_4_32,4446,0.33507853403141363
lambda_star_4_32,4447,0.3036649214659686
lambda_star_4_32,4448,0.3769633507853403
lambda_star_4_32,4449,0.36649214659685864
lambda_star_4_32,4450,0.3769633507853403
lambda_star_4_32,4451,0.3036649214659686
lambda_star_4_32,4452,0.3036649214659686
lambda_star_4_32,4453,0.3403141361256545
lambda_star_4_32,4454,0.34554973821989526
lambda_star_4_32,4455,0.3298429319371728
lambda_star_4_32,4456,0.3089005235602094
lambda_star_4_32,4457,0.31413612565445026
lambda_star_4_32,4458,0.3089005235602094
lambda_star_4_32,4459,0.3298429319371728
lambda_star_4_32,4460,0.3769633507853403
lambda_star_4_32,4461,0.39267015706806285
lambda_star_4_32,4462,0.3089005235602094
lambda_star_4_32,4463,0.3717277486910995
lambda_star_4_32,4464,0.3717277486910995
lambda_star_4_32,4465,0.3507853403141361
lambda_star_4_32,4466,0.3403141361256545
lambda_star_4_32,4467,0.34554973821989526
lambda_star_4_32,4468,0.33507853403141363
lambda_star_4_32,4469,0.33507853403141363
lambda_star_4_32,4470,0.3612565445026178
lambda_star_4_32,4471,0.33507853403141363
lambda_star_4_32,4472,0.38219895287958117
lambda_star_4_32,4473,0.36649214659685864
lambda_star_4_32,4474,0.35602094240837695
lambda_star_4_32,4475,0.3403141361256545
lambda_star_4_32,4476,0.4031413612565445
lambda_star_4_32,4477,0.3036649214659686
lambda_star_4_32,4478,0.3717277486910995
lambda_star_4_32,4479,0.3403141361256545
lambda_star_4_32,4480,0.3717277486910995
lambda_star_4_32,4481,0.33507853403141363
lambda_star_4_32,4482,0.3507853403141361
lambda_star_4_32,4483,0.33507853403141363
lambda_star_4_32,4484,0.39267015706806285
lambda_star_4_32,4485,0.34554973821989526
lambda_star_4_32,4486,0.34554973821989526
lambda_star_4_32,4487,0.34554973821989526
lambda_star_4_32,4488,0.3403141361256545
lambda_star_4_32,4489,0.3193717277486911
lambda_star_4_32,4490,0.3717277486910995
lambda_star_4_32,4491,0.4083769633507853
lambda_star_4_32,4492,0.3507853403141361
lambda_star_4_32,4493,0.3403141361256545
lambda_star_4_32,4494,0.3036649214659686
lambda_star_4_32,4495,0.41361256544502617
lambda_star_4_32,4496,0.3403141361256545
lambda_star_4_32,4497,0.3298429319371728
lambda_star_4_32,4498,0.36649214659685864
lambda_star_4_32,4499,0.38219895287958117
lambda_star_4_32,4500,0.39267015706806285
lambda_star_4_32,4501,0.387434554973822
lambda_star_4_32,4502,0.4083769633507853
lambda_star_4_32,4503,0.33507853403141363
lambda_star_4_32,4504,0.3769633507853403
lambda_star_4_32,4505,0.39790575916230364
lambda_star_4_32,4506,0.35602094240837695
lambda_star_4_32,4507,0.3298429319371728
lambda_star_4_32,4508,0.31413612565445026
lambda_star_4_32,4509,0.39790575916230364
lambda_star_4_32,4510,0.3193717277486911
lambda_star_4_32,4511,0.3403141361256545
lambda_star_4_32,4512,0.36649214659685864
lambda_star_4_32,4513,0.3769633507853403
lambda_star_4_32,4514,0.31413612565445026
lambda_star_4_32,4515,0.387434554973822
lambda_star_4_32,4516,0.3507853403141361
lambda_star_4_32,4517,0.3769633507853403
lambda_star_4_32,4518,0.387434554973822
lambda_star_4_32,4519,0.3507853403141361
lambda_star_4_32,4520,0.3612565445026178
lambda_star_4_32,4521,0.3403141361256545
lambda_star_4_32,4522,0.35602094240837695
lambda_star_4_32,4523,0.3193717277486911
lambda_star_4_32,4524,0.3403141361256545
lambda_star_4_32,4525,0.35602094240837695
lambda_star_4_32,4526,0.38219895287958117
lambda_star_4_32,4527,0.3403141361256545
lambda_star_4_32,4528,0.41361256544502617
lambda_star_4_32,4529,0.3612565445026178
lambda_star_4_32,4530,0.387434554973822
lambda_star_4_32,4531,0.3507853403141361
lambda_star_4_32,4532,0.3717277486910995
lambda_star_4_32,4533,0.3193717277486911
lambda_star_4_32,4534,0.3036649214659686
lambda_star_4_32,4535,0.3298429319371728
lambda_star_4_32,4536,0.36649214659685864
lambda_star_4_32,4537,0.33507853403141363
lambda_star_4_32,4538,0.32460732984293195
lambda_star_4_32,4539,0.36649214659685864
lambda_star_4_32,4540,0.3298429319371728
lambda_star_4_32,4541,0.33507853403141363
lambda_star_4_32,4542,0.3507853403141361
lambda_star_4_32,4543,0.387434554973822
lambda_star_4_32,4544,0.3612565445026178
lambda_star_4_32,4545,0.38219895287958117
lambda_star_4_32,4546,0.34554973821989526
lambda_star_4_32,4547,0.3089005235602094
lambda_star_4_32,4548,0.3507853403141361
lambda_star_4_32,4549,0.3612565445026178
lambda_star_4_32,4550,0.35602094240837695
lambda_star_4_32,4551,0.36649214659685864
lambda_star_4_32,4552,0.31413612565445026
lambda_star_4_32,4553,0.3403141361256545
lambda_star_4_32,4554,0.36649214659685864
lambda_star_4_32,4555,0.3193717277486911
lambda_star_4_32,4556,0.35602094240837695
lambda_star_4_32,4557,0.3507853403141361
lambda_star_4_32,4558,0.34554973821989526
lambda_star_4_32,4559,0.3089005235602094
lambda_star_4_32,4560,0.3717277486910995
lambda_star_4_32,4561,0.3403141361256545
lambda_star_4_32,4562,0.3089005235602094
lambda_star_4_32,4563,0.3717277486910995
lambda_star_4_32,4564,0.39267015706806285
lambda_star_4_32,4565,0.3507853403141361
lambda_star_4_32,4566,0.3036649214659686
lambda_star_4_32,4567,0.387434554973822
lambda_star_4_32,4568,0.32460732984293195
lambda_star_4_32,4569,0.3193717277486911
lambda_star_4_32,4570,0.387434554973822
lambda_star_4_32,4571,0.34554973821989526
lambda_star_4_32,4572,0.3717277486910995
lambda_star_4_32,4573,0.3089005235602094
lambda_star_4_32,4574,0.31413612565445026
lambda_star_4_32,4575,0.3507853403141361
lambda_star_4_32,4576,0.387434554973822
lambda_star_4_32,4577,0.3298429319371728
lambda_star_4_32,4578,0.3717277486910995
lambda_star_4_32,4579,0.3403141361256545
lambda_star_4_32,4580,0.3298429319371728
lambda_star_4_32,4581,0.32460732984293195
lambda_star_4_32,4582,0.3769633507853403
lambda_star_4_32,4583,0.35602094240837695
lambda_star_4_32,4584,0.3612565445026178
lambda_star_4_32,4585,0.36649214659685864
lambda_star_4_32,4586,0.3612565445026178
lambda_star_4_32,4587,0.32460732984293195
lambda_star_4_32,4588,0.3298429319371728
lambda_star_4_32,4589,0.3769633507853403
lambda_star_4_32,4590,0.3717277486910995
lambda_star_4_32,4591,0.32460732984293195
lambda_star_4_32,4592,0.32460732984293195
lambda_star_4_32,4593,0.43455497382198954
lambda_star_4_32,4594,0.3403141361256545
lambda_star_4_32,4595,0.34554973821989526
lambda_star_4_32,4596,0.38219895287958117
lambda_star_4_32,4597,0.36649214659685864
lambda_star_4_32,4598,0.36649214659685864
lambda_star_4_32,4599,0.36649214659685864
lambda_star_4_32,4600,0.3507853403141361
lambda_star_4_32,4601,0.32460732984293195
lambda_star_4_32,4602,0.3403141361256545
lambda_star_4_32,4603,0.34554973821989526
lambda_star_4_32,4604,0.3298429319371728
lambda_star_4_32,4605,0.3193717277486911
lambda_star_4_32,4606,0.39267015706806285
lambda_star_4_32,4607,0.3298429319371728
lambda_star_4_32,4608,0.3403141361256545
lambda_star_4_32,4609,0.387434554973822
lambda_star_4_32,4610,0.38219895287958117
lambda_star_4_32,4611,0.3089005235602094
lambda_star_4_32,4612,0.3403141361256545
lambda_star_4_32,4613,0.34554973821989526
lambda_star_4_32,4614,0.32460732984293195
lambda_star_4_32,4615,0.4083769633507853
lambda_star_4_32,4616,0.3507853403141361
lambda_star_4_32,4617,0.3193717277486911
lambda_star_4_32,4618,0.3769633507853403
lambda_star_4_32,4619,0.36649214659685864
lambda_star_4_32,4620,0.31413612565445026
lambda_star_4_32,4621,0.3507853403141361
lambda_star_4_32,4622,0.39790575916230364
lambda_star_4_32,4623,0.3403141361256545
lambda_star_4_32,4624,0.3717277486910995
lambda_star_4_32,4625,0.39267015706806285
lambda_star_4_32,4626,0.3089005235602094
lambda_star_4_32,4627,0.3298429319371728
lambda_star_4_32,4628,0.3612565445026178
lambda_star_4_32,4629,0.387434554973822
lambda_star_4_32,4630,0.3298429319371728
lambda_star_4_32,4631,0.3717277486910995
lambda_star_4_32,4632,0.33507853403141363
lambda_star_4_32,4633,0.3193717277486911
lambda_star_4_32,4634,0.35602094240837695
lambda_star_4_32,4635,0.3193717277486911
lambda_star_4_32,4636,0.32460732984293195
lambda_star_4_32,4637,0.36649214659685864
lambda_star_4_32,4638,0.27225130890052357
lambda_star_4_32,4639,0.33507853403141363
lambda_star_4_32,4640,0.36649214659685864
lambda_star_4_32,4641,0.3717277486910995
lambda_star_4_32,4642,0.31413612565445026
lambda_star_4_32,4643,0.36649214659685864
lambda_star_4_32,4644,0.387434554973822
lambda_star_4_32,4645,0.36649214659685864
lambda_star_4_32,4646,0.387434554973822
lambda_star_4_32,4647,0.3298429319371728
lambda_star_4_32,4648,0.3717277486910995
lambda_star_4_32,4649,0.3403141361256545
lambda_star_4_32,4650,0.36649214659685864
lambda_star_4_32,4651,0.35602094240837695
lambda_star_4_32,4652,0.3717277486910995
lambda_star_4_32,4653,0.31413612565445026
lambda_star_4_32,4654,0.34554973821989526
lambda_star_4_32,4655,0.35602094240837695
lambda_star_4_32,4656,0.3298429319371728
lambda_star_4_32,4657,0.3403141361256545
lambda_star_4_32,4658,0.3612565445026178
lambda_star_4_32,4659,0.39267015706806285
lambda_star_4_32,4660,0.3036649214659686
lambda_star_4_32,4661,0.34554973821989526
lambda_star_4_32,4662,0.3507853403141361
lambda_star_4_32,4663,0.3036649214659686
lambda_star_4_32,4664,0.32460732984293195
lambda_star_4_32,4665,0.3298429319371728
lambda_star_4_32,4666,0.3403141361256545
lambda_star_4_32,4667,0.33507853403141363
lambda_star_4_32,4668,0.34554973821989526
lambda_star_4_32,4669,0.39267015706806285
lambda_star_4_32,4670,0.3769633507853403
lambda_star_4_32,4671,0.36649214659685864
lambda_star_4_32,4672,0.3769633507853403
lambda_star_4_32,4673,0.3089005235602094
lambda_star_4_32,4674,0.3507853403141361
lambda_star_4_32,4675,0.3769633507853403
lambda_star_4_32,4676,0.3612565445026178
lambda_star_4_32,4677,0.3717277486910995
lambda_star_4_32,4678,0.3403141361256545
lambda_star_4_32,4679,0.3507853403141361
lambda_star_4_32,4680,0.3612565445026178
lambda_star_4_32,4681,0.34554973821989526
lambda_star_4_32,4682,0.3769633507853403
lambda_star_4_32,4683,0.32460732984293195
lambda_star_4_32,4684,0.33507853403141363
lambda_star_4_32,4685,0.3717277486910995
lambda_star_4_32,4686,0.32460732984293195
lambda_star_4_32,4687,0.3769633507853403
lambda_star_4_32,4688,0.3717277486910995
lambda_star_4_32,4689,0.29842931937172773
lambda_star_4_32,4690,0.32460732984293195
lambda_star_4_32,4691,0.34554973821989526
lambda_star_4_32,4692,0.3507853403141361
lambda_star_4_32,4693,0.3089005235602094
lambda_star_4_32,4694,0.34554973821989526
lambda_star_4_32,4695,0.34554973821989526
lambda_star_4_32,4696,0.33507853403141363
lambda_star_4_32,4697,0.3298429319371728
lambda_star_4_32,4698,0.38219895287958117
lambda_star_4_32,4699,0.387434554973822
lambda_star_4_32,4700,0.35602094240837695
lambda_star_4_32,4701,0.35602094240837695
lambda_star_4_32,4702,0.3717277486910995
lambda_star_4_32,4703,0.32460732984293195
lambda_star_4_32,4704,0.3507853403141361
lambda_star_4_32,4705,0.3403141361256545
lambda_star_4_32,4706,0.32460732984293195
lambda_star_4_32,4707,0.3036649214659686
lambda_star_4_32,4708,0.3089005235602094
lambda_star_4_32,4709,0.32460732984293195
lambda_star_4_32,4710,0.38219895287958117
lambda_star_4_32,4711,0.3507853403141361
lambda_star_4_32,4712,0.36649214659685864
lambda_star_4_32,4713,0.3403141361256545
lambda_star_4_32,4714,0.34554973821989526
lambda_star_4_32,4715,0.34554973821989526
lambda_star_4_32,4716,0.3403141361256545
lambda_star_4_32,4717,0.3403141361256545
lambda_star_4_32,4718,0.36649214659685864
lambda_star_4_32,4719,0.3036649214659686
lambda_star_4_32,4720,0.3298429319371728
lambda_star_4_32,4721,0.35602094240837695
lambda_star_4_32,4722,0.34554973821989526
lambda_star_4_32,4723,0.3612565445026178
lambda_star_4_32,4724,0.3612565445026178
lambda_star_4_32,4725,0.39267015706806285
lambda_star_4_32,4726,0.31413612565445026
lambda_star_4_32,4727,0.31413612565445026
lambda_star_4_32,4728,0.3612565445026178
lambda_star_4_32,4729,0.3298429319371728
lambda_star_4_32,4730,0.42408376963350786
lambda_star_4_32,4731,0.31413612565445026
lambda_star_4_32,4732,0.3036649214659686
lambda_star_4_32,4733,0.39790575916230364
lambda_star_4_32,4734,0.3403141361256545
lambda_star_4_32,4735,0.2931937172774869
lambda_star_4_32,4736,0.31413612565445026
lambda_star_4_32,4737,0.3193717277486911
lambda_star_4_32,4738,0.3193717277486911
lambda_star_4_32,4739,0.3089005235602094
lambda_star_4_32,4740,0.387434554973822
lambda_star_4_32,4741,0.3403141361256545
lambda_star_4_32,4742,0.4031413612565445
lambda_star_4_32,4743,0.3403141361256545
lambda_star_4_32,4744,0.35602094240837695
lambda_star_4_32,4745,0.38219895287958117
lambda_star_4_32,4746,0.28272251308900526
lambda_star_4_32,4747,0.39790575916230364
lambda_star_4_32,4748,0.3507853403141361
lambda_star_4_32,4749,0.34554973821989526
lambda_star_4_32,4750,0.41361256544502617
lambda_star_4_32,4751,0.3507853403141361
lambda_star_4_32,4752,0.3089005235602094
lambda_star_4_32,4753,0.33507853403141363
lambda_star_4_32,4754,0.3193717277486911
lambda_star_4_32,4755,0.3193717277486911
lambda_star_4_32,4756,0.32460732984293195
lambda_star_4_32,4757,0.39790575916230364
lambda_star_4_32,4758,0.3769633507853403
lambda_star_4_32,4759,0.3193717277486911
lambda_star_4_32,4760,0.3403141361256545
lambda_star_4_32,4761,0.3403141361256545
lambda_star_4_32,4762,0.3298429319371728
lambda_star_4_32,4763,0.3507853403141361
lambda_star_4_32,4764,0.3507853403141361
lambda_star_4_32,4765,0.3717277486910995
lambda_star_4_32,4766,0.32460732984293195
lambda_star_4_32,4767,0.31413612565445026
lambda_star_4_32,4768,0.3298429319371728
lambda_star_4_32,4769,0.3612565445026178
lambda_star_4_32,4770,0.2774869109947644
lambda_star_4_32,4771,0.35602094240837695
lambda_star_4_32,4772,0.3403141361256545
lambda_star_4_32,4773,0.3507853403141361
lambda_star_4_32,4774,0.3612565445026178
lambda_star_4_32,4775,0.4083769633507853
lambda_star_4_32,4776,0.3089005235602094
lambda_star_4_32,4777,0.3507853403141361
lambda_star_4_32,4778,0.2931937172774869
lambda_star_4_32,4779,0.31413612565445026
lambda_star_4_32,4780,0.32460732984293195
lambda_star_4_32,4781,0.33507853403141363
lambda_star_4_32,4782,0.3403141361256545
lambda_star_4_32,4783,0.39267015706806285
lambda_star_4_32,4784,0.34554973821989526
lambda_star_4_32,4785,0.35602094240837695
lambda_star_4_32,4786,0.34554973821989526
lambda_star_4_32,4787,0.3403141361256545
lambda_star_4_32,4788,0.3612565445026178
lambda_star_4_32,4789,0.3089005235602094
lambda_star_4_32,4790,0.34554973821989526
lambda_star_4_32,4791,0.3507853403141361
lambda_star_4_32,4792,0.38219895287958117
lambda_star_4_32,4793,0.39267015706806285
lambda_star_4_32,4794,0.3717277486910995
lambda_star_4_32,4795,0.33507853403141363
lambda_star_4_32,4796,0.3193717277486911
lambda_star_4_32,4797,0.4083769633507853
lambda_star_4_32,4798,0.3403141361256545
lambda_star_4_32,4799,0.34554973821989526
lambda_star_4_32,4800,0.32460732984293195
lambda_star_4_32,4801,0.31413612565445026
lambda_star_4_32,4802,0.3298429319371728
lambda_star_4_32,4803,0.33507853403141363
lambda_star_4_32,4804,0.3769633507853403
lambda_star_4_32,4805,0.3403141361256545
lambda_star_4_32,4806,0.3717277486910995
lambda_star_4_32,4807,0.3507853403141361
lambda_star_4_32,4808,0.36649214659685864
lambda_star_4_32,4809,0.33507853403141363
lambda_star_4_32,4810,0.3717277486910995
lambda_star_4_32,4811,0.3403141361256545
lambda_star_4_32,4812,0.33507853403141363
lambda_star_4_32,4813,0.36649214659685864
lambda_star_4_32,4814,0.35602094240837695
lambda_star_4_32,4815,0.3507853403141361
lambda_star_4_32,4816,0.35602094240837695
lambda_star_4_32,4817,0.32460732984293195
lambda_star_4_32,4818,0.387434554973822
lambda_star_4_32,4819,0.34554973821989526
lambda_star_4_32,4820,0.3298429319371728
lambda_star_4_32,4821,0.4293193717277487
lambda_star_4_32,4822,0.3717277486910995
lambda_star_4_32,4823,0.3193717277486911
lambda_star_4_32,4824,0.3193717277486911
lambda_star_4_32,4825,0.3612565445026178
lambda_star_4_32,4826,0.2774869109947644
lambda_star_4_32,4827,0.34554973821989526
lambda_star_4_32,4828,0.3036649214659686
lambda_star_4_32,4829,0.33507853403141363
lambda_star_4_32,4830,0.32460732984293195
lambda_star_4_32,4831,0.36649214659685864
lambda_star_4_32,4832,0.31413612565445026
lambda_star_4_32,4833,0.36649214659685864
lambda_star_4_32,4834,0.3298429319371728
lambda_star_4_32,4835,0.4083769633507853
lambda_star_4_32,4836,0.3769633507853403
lambda_star_4_32,4837,0.3403141361256545
lambda_star_4_32,4838,0.3769633507853403
lambda_star_4_32,4839,0.39790575916230364
lambda_star_4_32,4840,0.35602094240837695
lambda_star_4_32,4841,0.3403141361256545
lambda_star_4_32,4842,0.3612565445026178
lambda_star_4_32,4843,0.3036649214659686
lambda_star_4_32,4844,0.3717277486910995
lambda_star_4_32,4845,0.29842931937172773
lambda_star_4_32,4846,0.3612565445026178
lambda_star_4_32,4847,0.38219895287958117
lambda_star_4_32,4848,0.42408376963350786
lambda_star_4_32,4849,0.38219895287958117
lambda_star_4_32,4850,0.34554973821989526
lambda_star_4_32,4851,0.3193717277486911
lambda_star_4_32,4852,0.34554973821989526
lambda_star_4_32,4853,0.3507853403141361
lambda_star_4_32,4854,0.36649214659685864
lambda_star_4_32,4855,0.33507853403141363
lambda_star_4_32,4856,0.3298429319371728
lambda_star_4_32,4857,0.3403141361256545
lambda_star_4_32,4858,0.34554973821989526
lambda_star_4_32,4859,0.35602094240837695
lambda_star_4_32,4860,0.28272251308900526
lambda_star_4_32,4861,0.387434554973822
lambda_star_4_32,4862,0.3036649214659686
lambda_star_4_32,4863,0.3612565445026178
lambda_star_4_32,4864,0.31413612565445026
lambda_star_4_32,4865,0.3769633507853403
lambda_star_4_32,4866,0.3612565445026178
lambda_star_4_32,4867,0.3193717277486911
lambda_star_4_32,4868,0.38219895287958117
lambda_star_4_32,4869,0.41361256544502617
lambda_star_4_32,4870,0.3717277486910995
lambda_star_4_32,4871,0.35602094240837695
lambda_star_4_32,4872,0.3612565445026178
lambda_star_4_32,4873,0.34554973821989526
lambda_star_4_32,4874,0.35602094240837695
lambda_star_4_32,4875,0.36649214659685864
lambda_star_4_32,4876,0.38219895287958117
lambda_star_4_32,4877,0.38219895287958117
lambda_star_4_32,4878,0.3717277486910995
lambda_star_4_32,4879,0.3193717277486911
lambda_star_4_32,4880,0.32460732984293195
lambda_star_4_32,4881,0.3403141361256545
lambda_star_4_32,4882,0.3507853403141361
lambda_star_4_32,4883,0.3612565445026178
lambda_star_4_32,4884,0.3769633507853403
lambda_star_4_32,4885,0.3612565445026178
lambda_star_4_32,4886,0.3298429319371728
lambda_star_4_32,4887,0.3507853403141361
lambda_star_4_32,4888,0.3507853403141361
lambda_star_4_32,4889,0.3403141361256545
lambda_star_4_32,4890,0.29842931937172773
lambda_star_4_32,4891,0.29842931937172773
lambda_star_4_32,4892,0.3717277486910995
lambda_star_4_32,4893,0.32460732984293195
lambda_star_4_32,4894,0.3193717277486911
lambda_star_4_32,4895,0.3612565445026178
lambda_star_4_32,4896,0.38219895287958117
lambda_star_4_32,4897,0.2931937172774869
lambda_star_4_32,4898,0.32460732984293195
lambda_star_4_32,4899,0.3403141361256545
lambda_star_4_32,4900,0.387434554973822
lambda_star_4_32,4901,0.4083769633507853
lambda_star_4_32,4902,0.3612565445026178
lambda_star_4_32,4903,0.33507853403141363
lambda_star_4_32,4904,0.33507853403141363
lambda_star_4_32,4905,0.35602094240837695
lambda_star_4_32,4906,0.38219895287958117
lambda_star_4_32,4907,0.3507853403141361
lambda_star_4_32,4908,0.3612565445026178
lambda_star_4_32,4909,0.418848167539267
lambda_star_4_32,4910,0.31413612565445026
lambda_star_4_32,4911,0.3193717277486911
lambda_star_4_32,4912,0.3193717277486911
lambda_star_4_32,4913,0.38219895287958117
lambda_star_4_32,4914,0.36649214659685864
lambda_star_4_32,4915,0.34554973821989526
lambda_star_4_32,4916,0.3507853403141361
lambda_star_4_32,4917,0.34554973821989526
lambda_star_4_32,4918,0.3507853403141361
lambda_star_4_32,4919,0.387434554973822
lambda_star_4_32,4920,0.3717277486910995
lambda_star_4_32,4921,0.4083769633507853
lambda_star_4_32,4922,0.3769633507853403
lambda_star_4_32,4923,0.3403141361256545
lambda_star_4_32,4924,0.34554973821989526
lambda_star_4_32,4925,0.3507853403141361
lambda_star_4_32,4926,0.3298429319371728
lambda_star_4_32,4927,0.3298429319371728
lambda_star_4_32,4928,0.33507853403141363
lambda_star_4_32,4929,0.3507853403141361
lambda_star_4_32,4930,0.34554973821989526
lambda_star_4_32,4931,0.35602094240837695
lambda_star_4_32,4932,0.3089005235602094
lambda_star_4_32,4933,0.387434554973822
lambda_star_4_32,4934,0.33507853403141363
lambda_star_4_32,4935,0.3193717277486911
lambda_star_4_32,4936,0.38219895287958117
lambda_star_4_32,4937,0.387434554973822
lambda_star_4_32,4938,0.3769633507853403
lambda_star_4_32,4939,0.387434554973822
lambda_star_4_32,4940,0.32460732984293195
lambda_star_4_32,4941,0.3298429319371728
lambda_star_4_32,4942,0.32460732984293195
lambda_star_4_32,4943,0.32460732984293195
lambda_star_4_32,4944,0.3769633507853403
lambda_star_4_32,4945,0.3403141361256545
lambda_star_4_32,4946,0.3507853403141361
lambda_star_4_32,4947,0.3507853403141361
lambda_star_4_32,4948,0.32460732984293195
lambda_star_4_32,4949,0.36649214659685864
lambda_star_4_32,4950,0.38219895287958117
lambda_star_4_32,4951,0.3403141361256545
lambda_star_4_32,4952,0.34554973821989526
lambda_star_4_32,4953,0.35602094240837695
lambda_star_4_32,4954,0.33507853403141363
lambda_star_4_32,4955,0.3507853403141361
lambda_star_4_32,4956,0.39267015706806285
lambda_star_4_32,4957,0.3507853403141361
lambda_star_4_32,4958,0.38219895287958117
lambda_star_4_32,4959,0.3403141361256545
lambda_star_4_32,4960,0.3298429319371728
lambda_star_4_32,4961,0.33507853403141363
lambda_star_4_32,4962,0.38219895287958117
lambda_star_4_32,4963,0.32460732984293195
lambda_star_4_32,4964,0.35602094240837695
lambda_star_4_32,4965,0.3403141361256545
lambda_star_4_32,4966,0.33507853403141363
lambda_star_4_32,4967,0.3193717277486911
lambda_star_4_32,4968,0.36649214659685864
lambda_star_4_32,4969,0.33507853403141363
lambda_star_4_32,4970,0.4083769633507853
lambda_star_4_32,4971,0.32460732984293195
lambda_star_4_32,4972,0.33507853403141363
lambda_star_4_32,4973,0.33507853403141363
lambda_star_4_32,4974,0.39267015706806285
lambda_star_4_32,4975,0.3612565445026178
lambda_star_4_32,4976,0.35602094240837695
lambda_star_4_32,4977,0.3612565445026178
lambda_star_4_32,4978,0.32460732984293195
lambda_star_4_32,4979,0.33507853403141363
lambda_star_4_32,4980,0.39790575916230364
lambda_star_4_32,4981,0.3612565445026178
lambda_star_4_32,4982,0.3769633507853403
lambda_star_4_32,4983,0.2931937172774869
lambda_star_4_32,4984,0.3403141361256545
lambda_star_4_32,4985,0.36649214659685864
lambda_star_4_32,4986,0.36649214659685864
lambda_star_4_32,4987,0.33507853403141363
lambda_star_4_32,4988,0.3612565445026178
lambda_star_4_32,4989,0.33507853403141363
lambda_star_4_32,4990,0.34554973821989526
lambda_star_4_32,4991,0.35602094240837695
lambda_star_4_32,4992,0.41361256544502617
lambda_star_4_32,4993,0.3717277486910995
lambda_star_4_32,4994,0.3612565445026178
lambda_star_4_32,4995,0.3507853403141361
lambda_star_4_32,4996,0.4083769633507853
lambda_star_4_32,4997,0.3298429319371728
lambda_star_4_32,4998,0.32460732984293195
lambda_star_4_32,4999,0.34554973821989526
lambda_star_4_32,5000,0.38219895287958117
lambda_star_4_32,5001,0.3036649214659686
lambda_star_4_32,5002,0.32460732984293195
lambda_star_4_32,5003,0.33507853403141363
lambda_star_4_32,5004,0.3403141361256545
lambda_star_4_32,5005,0.3717277486910995
lambda_star_4_32,5006,0.38219895287958117
lambda_star_4_32,5007,0.3403141361256545
lambda_star_4_32,5008,0.38219895287958117
lambda_star_4_32,5009,0.38219895287958117
lambda_star_4_32,5010,0.3298429319371728
lambda_star_4_32,5011,0.3507853403141361
lambda_star_4_32,5012,0.2879581151832461
lambda_star_4_32,5013,0.3298429319371728
lambda_star_4_32,5014,0.3717277486910995
lambda_star_4_32,5015,0.3089005235602094
lambda_star_4_32,5016,0.3717277486910995
lambda_star_4_32,5017,0.387434554973822
lambda_star_4_32,5018,0.31413612565445026
lambda_star_4_32,5019,0.3612565445026178
lambda_star_4_32,5020,0.35602094240837695
lambda_star_4_32,5021,0.3769633507853403
lambda_star_4_32,5022,0.3612565445026178
lambda_star_4_32,5023,0.2931937172774869
lambda_star_4_32,5024,0.387434554973822
lambda_star_4_32,5025,0.4083769633507853
lambda_star_4_32,5026,0.2931937172774869
lambda_star_4_32,5027,0.3036649214659686
lambda_star_4_32,5028,0.3298429319371728
lambda_star_4_32,5029,0.35602094240837695
lambda_star_4_32,5030,0.39267015706806285
lambda_star_4_32,5031,0.4083769633507853
lambda_star_4_32,5032,0.39267015706806285
lambda_star_4_32,5033,0.3298429319371728
lambda_star_4_32,5034,0.3193717277486911
lambda_star_4_32,5035,0.32460732984293195
lambda_star_4_32,5036,0.3612565445026178
lambda_star_4_32,5037,0.34554973821989526
lambda_star_4_32,5038,0.3507853403141361
lambda_star_4_32,5039,0.3507853403141361
lambda_star_4_32,5040,0.3036649214659686
lambda_star_4_32,5041,0.39790575916230364
lambda_star_4_32,5042,0.35602094240837695
lambda_star_4_32,5043,0.387434554973822
lambda_star_4_32,5044,0.3403141361256545
lambda_star_4_32,5045,0.36649214659685864
lambda_star_4_32,5046,0.3403141361256545
lambda_star_4_32,5047,0.3403141361256545
lambda_star_4_32,5048,0.3612565445026178
lambda_star_4_32,5049,0.3089005235602094
lambda_star_4_32,5050,0.38219895287958117
lambda_star_4_32,5051,0.34554973821989526
lambda_star_4_32,5052,0.3403141361256545
lambda_star_4_32,5053,0.2774869109947644
lambda_star_4_32,5054,0.33507853403141363
lambda_star_4_32,5055,0.387434554973822
lambda_star_4_32,5056,0.3612565445026178
lambda_star_4_32,5057,0.34554973821989526
lambda_star_4_32,5058,0.3769633507853403
lambda_star_4_32,5059,0.3769633507853403
lambda_star_4_32,5060,0.3507853403141361
lambda_star_4_32,5061,0.36649214659685864
lambda_star_4_32,5062,0.33507853403141363
lambda_star_4_32,5063,0.31413612565445026
lambda_star_4_32,5064,0.38219895287958117
lambda_star_4_32,5065,0.33507853403141363
lambda_star_4_32,5066,0.3507853403141361
lambda_star_4_32,5067,0.387434554973822
lambda_star_4_32,5068,0.36649214659685864
lambda_star_4_32,5069,0.3769633507853403
lambda_star_4_32,5070,0.3403141361256545
lambda_star_4_32,5071,0.2931937172774869
lambda_star_4_32,5072,0.39267015706806285
lambda_star_4_32,5073,0.29842931937172773
lambda_star_4_32,5074,0.38219895287958117
lambda_star_4_32,5075,0.3193717277486911
lambda_star_4_32,5076,0.35602094240837695
lambda_star_4_32,5077,0.3507853403141361
lambda_star_4_32,5078,0.35602094240837695
lambda_star_4_32,5079,0.3298429319371728
lambda_star_4_32,5080,0.3403141361256545
lambda_star_4_32,5081,0.33507853403141363
lambda_star_4_32,5082,0.3193717277486911
lambda_star_4_32,5083,0.3403141361256545
lambda_star_4_32,5084,0.3193717277486911
lambda_star_4_32,5085,0.36649214659685864
lambda_star_4_32,5086,0.38219895287958117
lambda_star_4_32,5087,0.3507853403141361
lambda_star_4_32,5088,0.3769633507853403
lambda_star_4_32,5089,0.38219895287958117
lambda_star_4_32,5090,0.31413612565445026
lambda_star_4_32,5091,0.38219895287958117
lambda_star_4_32,5092,0.3507853403141361
lambda_star_4_32,5093,0.39267015706806285
lambda_star_4_32,5094,0.3612565445026178
lambda_star_4_32,5095,0.31413612565445026
lambda_star_4_32,5096,0.3298429319371728
lambda_star_4_32,5097,0.41361256544502617
lambda_star_4_32,5098,0.3612565445026178
lambda_star_4_32,5099,0.39267015706806285
lambda_star_4_32,5100,0.3612565445026178
lambda_star_4_32,5101,0.3403141361256545
lambda_star_4_32,5102,0.34554973821989526
lambda_star_4_32,5103,0.33507853403141363
lambda_star_4_32,5104,0.31413612565445026
lambda_star_4_32,5105,0.39267015706806285
lambda_star_4_32,5106,0.32460732984293195
lambda_star_4_32,5107,0.35602094240837695
lambda_star_4_32,5108,0.3298429319371728
lambda_star_4_32,5109,0.3612565445026178
lambda_star_4_32,5110,0.2879581151832461
lambda_star_4_32,5111,0.34554973821989526
lambda_star_4_32,5112,0.3769633507853403
lambda_star_4_32,5113,0.35602094240837695
lambda_star_4_32,5114,0.36649214659685864
lambda_star_4_32,5115,0.3403141361256545
lambda_star_4_32,5116,0.36649214659685864
lambda_star_4_32,5117,0.36649214659685864
lambda_star_4_32,5118,0.33507853403141363
lambda_star_4_32,5119,0.29842931937172773
lambda_star_4_32,5120,0.32460732984293195
lambda_star_4_32,5121,0.3298429319371728
lambda_star_4_32,5122,0.3298429319371728
lambda_star_4_32,5123,0.29842931937172773
lambda_star_4_32,5124,0.35602094240837695
lambda_star_4_32,5125,0.35602094240837695
lambda_star_4_32,5126,0.3036649214659686
lambda_star_4_32,5127,0.3089005235602094
lambda_star_4_32,5128,0.3403141361256545
lambda_star_4_32,5129,0.3612565445026178
lambda_star_4_32,5130,0.3612565445026178
lambda_star_4_32,5131,0.35602094240837695
lambda_star_4_32,5132,0.32460732984293195
lambda_star_4_32,5133,0.35602094240837695
lambda_star_4_32,5134,0.3298429319371728
lambda_star_4_32,5135,0.2879581151832461
lambda_star_4_32,5136,0.41361256544502617
lambda_star_4_32,5137,0.3298429319371728
lambda_star_4_32,5138,0.29842931937172773
lambda_star_4_32,5139,0.34554973821989526
lambda_star_4_32,5140,0.3612565445026178
lambda_star_4_32,5141,0.39267015706806285
lambda_star_4_32,5142,0.36649214659685864
lambda_star_4_32,5143,0.3089005235602094
lambda_star_4_32,5144,0.3612565445026178
lambda_star_4_32,5145,0.3717277486910995
lambda_star_4_32,5146,0.3507853403141361
lambda_star_4_32,5147,0.35602094240837695
lambda_star_4_32,5148,0.3193717277486911
lambda_star_4_32,5149,0.29842931937172773
lambda_star_4_32,5150,0.33507853403141363
lambda_star_4_32,5151,0.3717277486910995
lambda_star_4_32,5152,0.3036649214659686
lambda_star_4_32,5153,0.33507853403141363
lambda_star_4_32,5154,0.41361256544502617
lambda_star_4_32,5155,0.38219895287958117
lambda_star_4_32,5156,0.3403141361256545
lambda_star_4_32,5157,0.3193717277486911
lambda_star_4_32,5158,0.3769633507853403
lambda_star_4_32,5159,0.3403141361256545
lambda_star_4_32,5160,0.3036649214659686
lambda_star_4_32,5161,0.32460732984293195
lambda_star_4_32,5162,0.39267015706806285
lambda_star_4_32,5163,0.3298429319371728
lambda_star_4_32,5164,0.3507853403141361
lambda_star_4_32,5165,0.33507853403141363
lambda_star_4_32,5166,0.41361256544502617
lambda_star_4_32,5167,0.3403141361256545
lambda_star_4_32,5168,0.3403141361256545
lambda_star_4_32,5169,0.3717277486910995
lambda_star_4_32,5170,0.33507853403141363
lambda_star_4_32,5171,0.35602094240837695
lambda_star_4_32,5172,0.3298429319371728
lambda_star_4_32,5173,0.3298429319371728
lambda_star_4_32,5174,0.3298429319371728
lambda_star_4_32,5175,0.3612565445026178
lambda_star_4_32,5176,0.3612565445026178
lambda_star_4_32,5177,0.38219895287958117
lambda_star_4_32,5178,0.39790575916230364
lambda_star_4_32,5179,0.34554973821989526
lambda_star_4_32,5180,0.3089005235602094
lambda_star_4_32,5181,0.2879581151832461
lambda_star_4_32,5182,0.3089005235602094
lambda_star_4_32,5183,0.387434554973822
lambda_star_4_32,5184,0.36649214659685864
lambda_star_4_32,5185,0.31413612565445026
lambda_star_4_32,5186,0.38219895287958117
lambda_star_4_32,5187,0.33507853403141363
lambda_star_4_32,5188,0.3717277486910995
lambda_star_4_32,5189,0.3717277486910995
lambda_star_4_32,5190,0.3298429319371728
lambda_star_4_32,5191,0.38219895287958117
lambda_star_4_32,5192,0.3507853403141361
lambda_star_4_32,5193,0.3612565445026178
lambda_star_4_32,5194,0.3403141361256545
lambda_star_4_32,5195,0.36649214659685864
lambda_star_4_32,5196,0.32460732984293195
lambda_star_4_32,5197,0.36649214659685864
lambda_star_4_32,5198,0.39267015706806285
lambda_star_4_32,5199,0.32460732984293195
lambda_star_4_32,5200,0.34554973821989526
lambda_star_4_32,5201,0.2879581151832461
lambda_star_4_32,5202,0.3507853403141361
lambda_star_4_32,5203,0.34554973821989526
lambda_star_4_32,5204,0.39267015706806285
lambda_star_4_32,5205,0.34554973821989526
lambda_star_4_32,5206,0.3403141361256545
lambda_star_4_32,5207,0.3089005235602094
lambda_star_4_32,5208,0.32460732984293195
lambda_star_4_32,5209,0.33507853403141363
lambda_star_4_32,5210,0.33507853403141363
lambda_star_4_32,5211,0.34554973821989526
lambda_star_4_32,5212,0.3089005235602094
lambda_star_4_32,5213,0.3403141361256545
lambda_star_4_32,5214,0.39790575916230364
lambda_star_4_32,5215,0.3193717277486911
lambda_star_4_32,5216,0.4031413612565445
lambda_star_4_32,5217,0.3769633507853403
lambda_star_4_32,5218,0.34554973821989526
lambda_star_4_32,5219,0.32460732984293195
lambda_star_4_32,5220,0.28272251308900526
lambda_star_4_32,5221,0.3036649214659686
lambda_star_4_32,5222,0.32460732984293195
lambda_star_4_32,5223,0.3507853403141361
lambda_star_4_32,5224,0.3717277486910995
lambda_star_4_32,5225,0.3193717277486911
lambda_star_4_32,5226,0.36649214659685864
lambda_star_4_32,5227,0.38219895287958117
lambda_star_4_32,5228,0.387434554973822
lambda_star_4_32,5229,0.3507853403141361
lambda_star_4_32,5230,0.387434554973822
lambda_star_4_32,5231,0.35602094240837695
lambda_star_4_32,5232,0.3403141361256545
lambda_star_4_32,5233,0.3193717277486911
lambda_star_4_32,5234,0.3717277486910995
lambda_star_4_32,5235,0.39267015706806285
lambda_star_4_32,5236,0.3612565445026178
lambda_star_4_32,5237,0.3507853403141361
lambda_star_4_32,5238,0.32460732984293195
lambda_star_4_32,5239,0.3403141361256545
lambda_star_4_32,5240,0.3298429319371728
lambda_star_4_32,5241,0.3298429319371728
lambda_star_4_32,5242,0.35602094240837695
lambda_star_4_32,5243,0.387434554973822
lambda_star_4_32,5244,0.387434554973822
lambda_star_4_32,5245,0.36649214659685864
lambda_star_4_32,5246,0.3403141361256545
lambda_star_4_32,5247,0.2931937172774869
lambda_star_4_32,5248,0.3717277486910995
lambda_star_4_32,5249,0.3298429319371728
lambda_star_4_32,5250,0.3403141361256545
lambda_star_4_32,5251,0.34554973821989526
lambda_star_4_32,5252,0.3769633507853403
lambda_star_4_32,5253,0.3089005235602094
lambda_star_4_32,5254,0.3507853403141361
lambda_star_4_32,5255,0.36649214659685864
lambda_star_4_32,5256,0.38219895287958117
lambda_star_4_32,5257,0.39267015706806285
lambda_star_4_32,5258,0.4031413612565445
lambda_star_4_32,5259,0.3036649214659686
lambda_star_4_32,5260,0.3403141361256545
lambda_star_4_32,5261,0.418848167539267
lambda_star_4_32,5262,0.3612565445026178
lambda_star_4_32,5263,0.3298429319371728
lambda_star_4_32,5264,0.3298429319371728
lambda_star_4_32,5265,0.32460732984293195
lambda_star_4_32,5266,0.3507853403141361
lambda_star_4_32,5267,0.3298429319371728
lambda_star_4_32,5268,0.31413612565445026
lambda_star_4_32,5269,0.3507853403141361
lambda_star_4_32,5270,0.3403141361256545
lambda_star_4_32,5271,0.39267015706806285
lambda_star_4_32,5272,0.36649214659685864
lambda_star_4_32,5273,0.42408376963350786
lambda_star_4_32,5274,0.3403141361256545
lambda_star_4_32,5275,0.2879581151832461
lambda_star_4_32,5276,0.3403141361256545
lambda_star_4_32,5277,0.31413612565445026
lambda_star_4_32,5278,0.3769633507853403
lambda_star_4_32,5279,0.3298429319371728
lambda_star_4_32,5280,0.3612565445026178
lambda_star_4_32,5281,0.35602094240837695
lambda_star_4_32,5282,0.3298429319371728
lambda_star_4_32,5283,0.38219895287958117
lambda_star_4_32,5284,0.3507853403141361
lambda_star_4_32,5285,0.38219895287958117
lambda_star_4_32,5286,0.32460732984293195
lambda_star_4_32,5287,0.3403141361256545
lambda_star_4_32,5288,0.3717277486910995
lambda_star_4_32,5289,0.34554973821989526
lambda_star_4_32,5290,0.3089005235602094
lambda_star_4_32,5291,0.3403141361256545
lambda_star_4_32,5292,0.3769633507853403
lambda_star_4_32,5293,0.3507853403141361
lambda_star_4_32,5294,0.33507853403141363
lambda_star_4_32,5295,0.39790575916230364
lambda_star_4_32,5296,0.3089005235602094
lambda_star_4_32,5297,0.32460732984293195
lambda_star_4_32,5298,0.3193717277486911
lambda_star_4_32,5299,0.3193717277486911
lambda_star_4_32,5300,0.33507853403141363
lambda_star_4_32,5301,0.35602094240837695
lambda_star_4_32,5302,0.3769633507853403
lambda_star_4_32,5303,0.31413612565445026
lambda_star_4_32,5304,0.32460732984293195
lambda_star_4_32,5305,0.34554973821989526
lambda_star_4_32,5306,0.39267015706806285
lambda_star_4_32,5307,0.34554973821989526
lambda_star_4_32,5308,0.3298429319371728
lambda_star_4_32,5309,0.4031413612565445
lambda_star_4_32,5310,0.34554973821989526
lambda_star_4_32,5311,0.3717277486910995
lambda_star_4_32,5312,0.3612565445026178
lambda_star_4_32,5313,0.35602094240837695
lambda_star_4_32,5314,0.35602094240837695
lambda_star_4_32,5315,0.28272251308900526
lambda_star_4_32,5316,0.3193717277486911
lambda_star_4_32,5317,0.36649214659685864
lambda_star_4_32,5318,0.3769633507853403
lambda_star_4_32,5319,0.32460732984293195
lambda_star_4_32,5320,0.3507853403141361
lambda_star_4_32,5321,0.3298429319371728
lambda_star_4_32,5322,0.3507853403141361
lambda_star_4_32,5323,0.34554973821989526
lambda_star_4_32,5324,0.387434554973822
lambda_star_4_32,5325,0.3403141361256545
lambda_star_4_32,5326,0.32460732984293195
lambda_star_4_32,5327,0.35602094240837695
lambda_star_4_32,5328,0.3717277486910995
lambda_star_4_32,5329,0.3403141361256545
lambda_star_4_32,5330,0.3612565445026178
lambda_star_4_32,5331,0.36649214659685864
lambda_star_4_32,5332,0.3507853403141361
lambda_star_4_32,5333,0.3507853403141361
lambda_star_4_32,5334,0.3403141361256545
lambda_star_4_32,5335,0.2931937172774869
lambda_star_4_32,5336,0.3507853403141361
lambda_star_4_32,5337,0.3403141361256545
lambda_star_4_32,5338,0.387434554973822
lambda_star_4_32,5339,0.38219895287958117
lambda_star_4_32,5340,0.3298429319371728
lambda_star_4_32,5341,0.3507853403141361
lambda_star_4_32,5342,0.34554973821989526
lambda_star_4_32,5343,0.4031413612565445
lambda_star_4_32,5344,0.3036649214659686
lambda_star_4_32,5345,0.29842931937172773
lambda_star_4_32,5346,0.34554973821989526
lambda_star_4_32,5347,0.34554973821989526
lambda_star_4_32,5348,0.34554973821989526
lambda_star_4_32,5349,0.39267015706806285
lambda_star_4_32,5350,0.35602094240837695
lambda_star_4_32,5351,0.39267015706806285
lambda_star_4_32,5352,0.33507853403141363
lambda_star_4_32,5353,0.3403141361256545
lambda_star_4_32,5354,0.3612565445026178
lambda_star_4_32,5355,0.36649214659685864
lambda_star_4_32,5356,0.29842931937172773
lambda_star_4_32,5357,0.3717277486910995
lambda_star_4_32,5358,0.33507853403141363
lambda_star_4_32,5359,0.3036649214659686
lambda_star_4_32,5360,0.32460732984293195
lambda_star_4_32,5361,0.39790575916230364
lambda_star_4_32,5362,0.3403141361256545
lambda_star_4_32,5363,0.34554973821989526
lambda_star_4_32,5364,0.38219895287958117
lambda_star_4_32,5365,0.35602094240837695
lambda_star_4_32,5366,0.3298429319371728
lambda_star_4_32,5367,0.35602094240837695
lambda_star_4_32,5368,0.39267015706806285
lambda_star_4_32,5369,0.3193717277486911
lambda_star_4_32,5370,0.3298429319371728
lambda_star_4_32,5371,0.3193717277486911
lambda_star_4_32,5372,0.3298429319371728
lambda_star_4_32,5373,0.42408376963350786
lambda_star_4_32,5374,0.34554973821989526
lambda_star_4_32,5375,0.3036649214659686
lambda_star_4_32,5376,0.36649214659685864
lambda_star_4_32,5377,0.3089005235602094
lambda_star_4_32,5378,0.4083769633507853
lambda_star_4_32,5379,0.3717277486910995
lambda_star_4_32,5380,0.3507853403141361
lambda_star_4_32,5381,0.36649214659685864
lambda_star_4_32,5382,0.3193717277486911
lambda_star_4_32,5383,0.31413612565445026
lambda_star_4_32,5384,0.39267015706806285
lambda_star_4_32,5385,0.32460732984293195
lambda_star_4_32,5386,0.3769633507853403
lambda_star_4_32,5387,0.3298429319371728
lambda_star_4_32,5388,0.3193717277486911
lambda_star_4_32,5389,0.2879581151832461
lambda_star_4_32,5390,0.36649214659685864
lambda_star_4_32,5391,0.3298429319371728
lambda_star_4_32,5392,0.35602094240837695
lambda_star_4_32,5393,0.31413612565445026
lambda_star_4_32,5394,0.35602094240837695
lambda_star_4_32,5395,0.34554973821989526
lambda_star_4_32,5396,0.34554973821989526
lambda_star_4_32,5397,0.39790575916230364
lambda_star_4_32,5398,0.36649214659685864
lambda_star_4_32,5399,0.35602094240837695
lambda_star_4_32,5400,0.3298429319371728
lambda_star_4_32,5401,0.39267015706806285
lambda_star_4_32,5402,0.39267015706806285
lambda_star_4_32,5403,0.4031413612565445
lambda_star_4_32,5404,0.31413612565445026
lambda_star_4_32,5405,0.32460732984293195
lambda_star_4_32,5406,0.34554973821989526
lambda_star_4_32,5407,0.33507853403141363
lambda_star_4_32,5408,0.31413612565445026
lambda_star_4_32,5409,0.3089005235602094
lambda_star_4_32,5410,0.36649214659685864
lambda_star_4_32,5411,0.34554973821989526
lambda_star_4_32,5412,0.3717277486910995
lambda_star_4_32,5413,0.35602094240837695
lambda_star_4_32,5414,0.35602094240837695
lambda_star_4_32,5415,0.33507853403141363
lambda_star_4_32,5416,0.33507853403141363
lambda_star_4_32,5417,0.2931937172774869
lambda_star_4_32,5418,0.32460732984293195
lambda_star_4_32,5419,0.32460732984293195
lambda_star_4_32,5420,0.387434554973822
lambda_star_4_32,5421,0.3507853403141361
lambda_star_4_32,5422,0.3193717277486911
lambda_star_4_32,5423,0.33507853403141363
lambda_star_4_32,5424,0.3089005235602094
lambda_star_4_32,5425,0.35602094240837695
lambda_star_4_32,5426,0.3717277486910995
lambda_star_4_32,5427,0.34554973821989526
lambda_star_4_32,5428,0.36649214659685864
lambda_star_4_32,5429,0.3036649214659686
lambda_star_4_32,5430,0.36649214659685864
lambda_star_4_32,5431,0.33507853403141363
lambda_star_4_32,5432,0.33507853403141363
lambda_star_4_32,5433,0.32460732984293195
lambda_star_4_32,5434,0.3193717277486911
lambda_star_4_32,5435,0.3403141361256545
lambda_star_4_32,5436,0.3507853403141361
lambda_star_4_32,5437,0.33507853403141363
lambda_star_4_32,5438,0.39267015706806285
lambda_star_4_32,5439,0.3769633507853403
lambda_star_4_32,5440,0.3612565445026178
lambda_star_4_32,5441,0.3193717277486911
lambda_star_4_32,5442,0.32460732984293195
lambda_star_4_32,5443,0.33507853403141363
lambda_star_4_32,5444,0.3298429319371728
lambda_star_4_32,5445,0.34554973821989526
lambda_star_4_32,5446,0.3612565445026178
lambda_star_4_32,5447,0.3507853403141361
lambda_star_4_32,5448,0.3717277486910995
lambda_star_4_32,5449,0.31413612565445026
lambda_star_4_32,5450,0.3612565445026178
lambda_star_4_32,5451,0.3403141361256545
lambda_star_4_32,5452,0.34554973821989526
lambda_star_4_32,5453,0.33507853403141363
lambda_star_4_32,5454,0.3717277486910995
lambda_star_4_32,5455,0.3612565445026178
lambda_star_4_32,5456,0.33507853403141363
lambda_star_4_32,5457,0.387434554973822
lambda_star_4_32,5458,0.3193717277486911
lambda_star_4_32,5459,0.35602094240837695
lambda_star_4_32,5460,0.3717277486910995
lambda_star_4_32,5461,0.3403141361256545
lambda_star_4_32,5462,0.3769633507853403
lambda_star_4_32,5463,0.33507853403141363
lambda_star_4_32,5464,0.32460732984293195
lambda_star_4_32,5465,0.29842931937172773
lambda_star_4_32,5466,0.36649214659685864
lambda_star_4_32,5467,0.4031413612565445
lambda_star_4_32,5468,0.39267015706806285
lambda_star_4_32,5469,0.32460732984293195
lambda_star_4_32,5470,0.3507853403141361
lambda_star_4_32,5471,0.34554973821989526
lambda_star_4_32,5472,0.39267015706806285
lambda_star_4_32,5473,0.3298429319371728
lambda_star_4_32,5474,0.39267015706806285
lambda_star_4_32,5475,0.31413612565445026
lambda_star_4_32,5476,0.3612565445026178
lambda_star_4_32,5477,0.31413612565445026
lambda_star_4_32,5478,0.36649214659685864
lambda_star_4_32,5479,0.31413612565445026
lambda_star_4_32,5480,0.3403141361256545
lambda_star_4_32,5481,0.38219895287958117
lambda_star_4_32,5482,0.3612565445026178
lambda_star_4_32,5483,0.3507853403141361
lambda_star_4_32,5484,0.3612565445026178
lambda_star_4_32,5485,0.3507853403141361
lambda_star_4_32,5486,0.32460732984293195
lambda_star_4_32,5487,0.39790575916230364
lambda_star_4_32,5488,0.3089005235602094
lambda_star_4_32,5489,0.3507853403141361
lambda_star_4_32,5490,0.3193717277486911
lambda_star_4_32,5491,0.34554973821989526
lambda_star_4_32,5492,0.3507853403141361
lambda_star_4_32,5493,0.3507853403141361
lambda_star_4_32,5494,0.3403141361256545
lambda_star_4_32,5495,0.3298429319371728
lambda_star_4_32,5496,0.3403141361256545
lambda_star_4_32,5497,0.3036649214659686
lambda_star_4_32,5498,0.2617801047120419
lambda_star_4_32,5499,0.34554973821989526
lambda_star_4_32,5500,0.34554973821989526
lambda_star_4_32,5501,0.31413612565445026
lambda_star_4_32,5502,0.34554973821989526
lambda_star_4_32,5503,0.35602094240837695
lambda_star_4_32,5504,0.31413612565445026
lambda_star_4_32,5505,0.36649214659685864
lambda_star_4_32,5506,0.3193717277486911
lambda_star_4_32,5507,0.39267015706806285
lambda_star_4_32,5508,0.3298429319371728
lambda_star_4_32,5509,0.36649214659685864
lambda_star_4_32,5510,0.34554973821989526
lambda_star_4_32,5511,0.3507853403141361
lambda_star_4_32,5512,0.3769633507853403
lambda_star_4_32,5513,0.36649214659685864
lambda_star_4_32,5514,0.3769633507853403
lambda_star_4_32,5515,0.38219895287958117
lambda_star_4_32,5516,0.32460732984293195
lambda_star_4_32,5517,0.3717277486910995
lambda_star_4_32,5518,0.3717277486910995
lambda_star_4_32,5519,0.3717277486910995
lambda_star_4_32,5520,0.3403141361256545
lambda_star_4_32,5521,0.3612565445026178
lambda_star_4_32,5522,0.32460732984293195
lambda_star_4_32,5523,0.3717277486910995
lambda_star_4_32,5524,0.3403141361256545
lambda_star_4_32,5525,0.35602094240837695
lambda_star_4_32,5526,0.32460732984293195
lambda_star_4_32,5527,0.3403141361256545
lambda_star_4_32,5528,0.3403141361256545
lambda_star_4_32,5529,0.3507853403141361
lambda_star_4_32,5530,0.39790575916230364
lambda_star_4_32,5531,0.35602094240837695
lambda_star_4_32,5532,0.3769633507853403
lambda_star_4_32,5533,0.3717277486910995
lambda_star_4_32,5534,0.38219895287958117
lambda_star_4_32,5535,0.3717277486910995
lambda_star_4_32,5536,0.3507853403141361
lambda_star_4_32,5537,0.3717277486910995
lambda_star_4_32,5538,0.3403141361256545
lambda_star_4_32,5539,0.32460732984293195
lambda_star_4_32,5540,0.32460732984293195
lambda_star_4_32,5541,0.39267015706806285
lambda_star_4_32,5542,0.3193717277486911
lambda_star_4_32,5543,0.3507853403141361
lambda_star_4_32,5544,0.3193717277486911
lambda_star_4_32,5545,0.32460732984293195
lambda_star_4_32,5546,0.33507853403141363
lambda_star_4_32,5547,0.33507853403141363
lambda_star_4_32,5548,0.32460732984293195
lambda_star_4_32,5549,0.39267015706806285
lambda_star_4_32,5550,0.39790575916230364
lambda_star_4_32,5551,0.3507853403141361
lambda_star_4_32,5552,0.3717277486910995
lambda_star_4_32,5553,0.3089005235602094
lambda_star_4_32,5554,0.3717277486910995
lambda_star_4_32,5555,0.36649214659685864
lambda_star_4_32,5556,0.3717277486910995
lambda_star_4_32,5557,0.3193717277486911
lambda_star_4_32,5558,0.3403141361256545
lambda_star_4_32,5559,0.35602094240837695
lambda_star_4_32,5560,0.38219895287958117
lambda_star_4_32,5561,0.34554973821989526
lambda_star_4_32,5562,0.34554973821989526
lambda_star_4_32,5563,0.35602094240837695
lambda_star_4_32,5564,0.3507853403141361
lambda_star_4_32,5565,0.33507853403141363
lambda_star_4_32,5566,0.36649214659685864
lambda_star_4_32,5567,0.3193717277486911
lambda_star_4_32,5568,0.3717277486910995
lambda_star_4_32,5569,0.35602094240837695
lambda_star_4_32,5570,0.387434554973822
lambda_star_4_32,5571,0.35602094240837695
lambda_star_4_32,5572,0.32460732984293195
lambda_star_4_32,5573,0.29842931937172773
lambda_star_4_32,5574,0.29842931937172773
lambda_star_4_32,5575,0.3298429319371728
lambda_star_4_32,5576,0.33507853403141363
lambda_star_4_32,5577,0.3089005235602094
lambda_star_4_32,5578,0.39267015706806285
lambda_star_4_32,5579,0.3089005235602094
lambda_star_4_32,5580,0.35602094240837695
lambda_star_4_32,5581,0.3717277486910995
lambda_star_4_32,5582,0.3403141361256545
lambda_star_4_32,5583,0.3036649214659686
lambda_star_4_32,5584,0.33507853403141363
lambda_star_4_32,5585,0.33507853403141363
lambda_star_4_32,5586,0.32460732984293195
lambda_star_4_32,5587,0.3089005235602094
lambda_star_4_32,5588,0.35602094240837695
lambda_star_4_32,5589,0.34554973821989526
lambda_star_4_32,5590,0.3507853403141361
lambda_star_4_32,5591,0.33507853403141363
lambda_star_4_32,5592,0.31413612565445026
lambda_star_4_32,5593,0.3507853403141361
lambda_star_4_32,5594,0.3612565445026178
lambda_star_4_32,5595,0.34554973821989526
lambda_star_4_32,5596,0.4031413612565445
lambda_star_4_32,5597,0.33507853403141363
lambda_star_4_32,5598,0.3403141361256545
lambda_star_4_32,5599,0.3717277486910995
lambda_star_4_32,5600,0.3403141361256545
lambda_star_4_32,5601,0.3769633507853403
lambda_star_4_32,5602,0.39267015706806285
lambda_star_4_32,5603,0.3507853403141361
lambda_star_4_32,5604,0.32460732984293195
lambda_star_4_32,5605,0.39267015706806285
lambda_star_4_32,5606,0.3089005235602094
lambda_star_4_32,5607,0.3717277486910995
lambda_star_4_32,5608,0.36649214659685864
lambda_star_4_32,5609,0.32460732984293195
lambda_star_4_32,5610,0.3769633507853403
lambda_star_4_32,5611,0.36649214659685864
lambda_star_4_32,5612,0.33507853403141363
lambda_star_4_32,5613,0.35602094240837695
lambda_star_4_32,5614,0.3298429319371728
lambda_star_4_32,5615,0.3298429319371728
lambda_star_4_32,5616,0.3769633507853403
lambda_star_4_32,5617,0.3612565445026178
lambda_star_4_32,5618,0.3089005235602094
lambda_star_4_32,5619,0.36649214659685864
lambda_star_4_32,5620,0.32460732984293195
lambda_star_4_32,5621,0.35602094240837695
lambda_star_4_32,5622,0.35602094240837695
lambda_star_4_32,5623,0.3298429319371728
lambda_star_4_32,5624,0.36649214659685864
lambda_star_4_32,5625,0.3298429319371728
lambda_star_4_32,5626,0.3298429319371728
lambda_star_4_32,5627,0.34554973821989526
lambda_star_4_32,5628,0.31413612565445026
lambda_star_4_32,5629,0.4083769633507853
lambda_star_4_32,5630,0.3036649214659686
lambda_star_4_32,5631,0.31413612565445026
lambda_star_4_32,5632,0.36649214659685864
lambda_star_4_32,5633,0.3612565445026178
lambda_star_4_32,5634,0.38219895287958117
lambda_star_4_32,5635,0.34554973821989526
lambda_star_4_32,5636,0.4031413612565445
lambda_star_4_32,5637,0.33507853403141363
lambda_star_4_32,5638,0.3769633507853403
lambda_star_4_32,5639,0.34554973821989526
lambda_star_4_32,5640,0.33507853403141363
lambda_star_4_32,5641,0.3769633507853403
lambda_star_4_32,5642,0.34554973821989526
lambda_star_4_32,5643,0.2931937172774869
lambda_star_4_32,5644,0.36649214659685864
lambda_star_4_32,5645,0.34554973821989526
lambda_star_4_32,5646,0.3507853403141361
lambda_star_4_32,5647,0.3612565445026178
lambda_star_4_32,5648,0.36649214659685864
lambda_star_4_32,5649,0.3717277486910995
lambda_star_4_32,5650,0.32460732984293195
lambda_star_4_32,5651,0.3612565445026178
lambda_star_4_32,5652,0.34554973821989526
lambda_star_4_32,5653,0.32460732984293195
lambda_star_4_32,5654,0.3403141361256545
lambda_star_4_32,5655,0.32460732984293195
lambda_star_4_32,5656,0.3769633507853403
lambda_star_4_32,5657,0.3403141361256545
lambda_star_4_32,5658,0.3298429319371728
lambda_star_4_32,5659,0.3769633507853403
lambda_star_4_32,5660,0.32460732984293195
lambda_star_4_32,5661,0.31413612565445026
lambda_star_4_32,5662,0.3403141361256545
lambda_star_4_32,5663,0.3298429319371728
lambda_star_4_32,5664,0.2931937172774869
lambda_star_4_32,5665,0.3298429319371728
lambda_star_4_32,5666,0.32460732984293195
lambda_star_4_32,5667,0.35602094240837695
lambda_star_4_32,5668,0.3193717277486911
lambda_star_4_32,5669,0.35602094240837695
lambda_star_4_32,5670,0.36649214659685864
lambda_star_4_32,5671,0.3298429319371728
lambda_star_4_32,5672,0.39790575916230364
lambda_star_4_32,5673,0.3036649214659686
lambda_star_4_32,5674,0.418848167539267
lambda_star_4_32,5675,0.33507853403141363
lambda_star_4_32,5676,0.31413612565445026
lambda_star_4_32,5677,0.3298429319371728
lambda_star_4_32,5678,0.3769633507853403
lambda_star_4_32,5679,0.31413612565445026
lambda_star_4_32,5680,0.3403141361256545
lambda_star_4_32,5681,0.387434554973822
lambda_star_4_32,5682,0.3507853403141361
lambda_star_4_32,5683,0.3403141361256545
lambda_star_4_32,5684,0.418848167539267
lambda_star_4_32,5685,0.3298429319371728
lambda_star_4_32,5686,0.3298429319371728
lambda_star_4_32,5687,0.2879581151832461
lambda_star_4_32,5688,0.3403141361256545
lambda_star_4_32,5689,0.34554973821989526
lambda_star_4_32,5690,0.42408376963350786
lambda_star_4_32,5691,0.3403141361256545
lambda_star_4_32,5692,0.3507853403141361
lambda_star_4_32,5693,0.38219895287958117
lambda_star_4_32,5694,0.33507853403141363
lambda_star_4_32,5695,0.3403141361256545
lambda_star_4_32,5696,0.34554973821989526
lambda_star_4_32,5697,0.3507853403141361
lambda_star_4_32,5698,0.3612565445026178
lambda_star_4_32,5699,0.3769633507853403
lambda_star_4_32,5700,0.3298429319371728
lambda_star_4_32,5701,0.3769633507853403
lambda_star_4_32,5702,0.3193717277486911
lambda_star_4_32,5703,0.3193717277486911
lambda_star_4_32,5704,0.32460732984293195
lambda_star_4_32,5705,0.3717277486910995
lambda_star_4_32,5706,0.3507853403141361
lambda_star_4_32,5707,0.3507853403141361
lambda_star_4_32,5708,0.35602094240837695
lambda_star_4_32,5709,0.35602094240837695
lambda_star_4_32,5710,0.33507853403141363
lambda_star_4_32,5711,0.35602094240837695
lambda_star_4_32,5712,0.39790575916230364
lambda_star_4_32,5713,0.3717277486910995
lambda_star_4_32,5714,0.3298429319371728
lambda_star_4_32,5715,0.34554973821989526
lambda_star_4_32,5716,0.33507853403141363
lambda_star_4_32,5717,0.32460732984293195
lambda_star_4_32,5718,0.34554973821989526
lambda_star_4_32,5719,0.3717277486910995
lambda_star_4_32,5720,0.39790575916230364
lambda_star_4_32,5721,0.3298429319371728
lambda_star_4_32,5722,0.34554973821989526
lambda_star_4_32,5723,0.34554973821989526
lambda_star_4_32,5724,0.35602094240837695
lambda_star_4_32,5725,0.3612565445026178
lambda_star_4_32,5726,0.3298429319371728
lambda_star_4_32,5727,0.3193717277486911
lambda_star_4_32,5728,0.3612565445026178
lambda_star_4_32,5729,0.2931937172774869
lambda_star_4_32,5730,0.3298429319371728
lambda_star_4_32,5731,0.387434554973822
lambda_star_4_32,5732,0.3717277486910995
lambda_star_4_32,5733,0.29842931937172773
lambda_star_4_32,5734,0.3507853403141361
lambda_star_4_32,5735,0.29842931937172773
lambda_star_4_32,5736,0.33507853403141363
lambda_star_4_32,5737,0.34554973821989526
lambda_star_4_32,5738,0.3717277486910995
lambda_star_4_32,5739,0.3193717277486911
lambda_star_4_32,5740,0.34554973821989526
lambda_star_4_32,5741,0.33507853403141363
lambda_star_4_32,5742,0.32460732984293195
lambda_star_4_32,5743,0.32460732984293195
lambda_star_4_32,5744,0.31413612565445026
lambda_star_4_32,5745,0.3612565445026178
lambda_star_4_32,5746,0.44502617801047123
lambda_star_4_32,5747,0.3612565445026178
lambda_star_4_32,5748,0.33507853403141363
lambda_star_4_32,5749,0.3507853403141361
lambda_star_4_32,5750,0.3717277486910995
lambda_star_4_32,5751,0.35602094240837695
lambda_star_4_32,5752,0.36649214659685864
lambda_star_4_32,5753,0.3036649214659686
lambda_star_4_32,5754,0.32460732984293195
lambda_star_4_32,5755,0.34554973821989526
lambda_star_4_32,5756,0.39790575916230364
lambda_star_4_32,5757,0.3298429319371728
lambda_star_4_32,5758,0.31413612565445026
lambda_star_4_32,5759,0.32460732984293195
lambda_star_4_32,5760,0.3612565445026178
lambda_star_4_32,5761,0.36649214659685864
lambda_star_4_32,5762,0.33507853403141363
lambda_star_4_32,5763,0.3717277486910995
lambda_star_4_32,5764,0.3507853403141361
lambda_star_4_32,5765,0.35602094240837695
lambda_star_4_32,5766,0.35602094240837695
lambda_star_4_32,5767,0.31413612565445026
lambda_star_4_32,5768,0.4397905759162304
lambda_star_4_32,5769,0.3717277486910995
lambda_star_4_32,5770,0.3717277486910995
lambda_star_4_32,5771,0.3769633507853403
lambda_star_4_32,5772,0.3507853403141361
lambda_star_4_32,5773,0.31413612565445026
lambda_star_4_32,5774,0.34554973821989526
lambda_star_4_32,5775,0.33507853403141363
lambda_star_4_32,5776,0.39267015706806285
lambda_star_4_32,5777,0.2670157068062827
lambda_star_4_32,5778,0.3298429319371728
lambda_star_4_32,5779,0.38219895287958117
lambda_star_4_32,5780,0.3298429319371728
lambda_star_4_32,5781,0.35602094240837695
lambda_star_4_32,5782,0.3717277486910995
lambda_star_4_32,5783,0.34554973821989526
lambda_star_4_32,5784,0.36649214659685864
lambda_star_4_32,5785,0.31413612565445026
lambda_star_4_32,5786,0.3507853403141361
lambda_star_4_32,5787,0.3612565445026178
lambda_star_4_32,5788,0.32460732984293195
lambda_star_4_32,5789,0.3612565445026178
lambda_star_4_32,5790,0.36649214659685864
lambda_star_4_32,5791,0.3507853403141361
lambda_star_4_32,5792,0.36649214659685864
lambda_star_4_32,5793,0.3507853403141361
lambda_star_4_32,5794,0.3089005235602094
lambda_star_4_32,5795,0.29842931937172773
lambda_star_4_32,5796,0.32460732984293195
lambda_star_4_32,5797,0.33507853403141363
lambda_star_4_32,5798,0.34554973821989526
lambda_star_4_32,5799,0.3717277486910995
lambda_star_4_32,5800,0.33507853403141363
lambda_star_4_32,5801,0.28272251308900526
lambda_star_4_32,5802,0.3717277486910995
lambda_star_4_32,5803,0.32460732984293195
lambda_star_4_32,5804,0.34554973821989526
lambda_star_4_32,5805,0.2670157068062827
lambda_star_4_32,5806,0.35602094240837695
lambda_star_4_32,5807,0.2774869109947644
lambda_star_4_32,5808,0.3507853403141361
lambda_star_4_32,5809,0.32460732984293195
lambda_star_4_32,5810,0.3612565445026178
lambda_star_4_32,5811,0.3507853403141361
lambda_star_4_32,5812,0.35602094240837695
lambda_star_4_32,5813,0.3507853403141361
lambda_star_4_32,5814,0.33507853403141363
lambda_star_4_32,5815,0.36649214659685864
lambda_star_4_32,5816,0.34554973821989526
lambda_star_4_32,5817,0.34554973821989526
lambda_star_4_32,5818,0.3193717277486911
lambda_star_4_32,5819,0.38219895287958117
lambda_star_4_32,5820,0.31413612565445026
lambda_star_4_32,5821,0.3298429319371728
lambda_star_4_32,5822,0.3507853403141361
lambda_star_4_32,5823,0.34554973821989526
lambda_star_4_32,5824,0.32460732984293195
lambda_star_4_32,5825,0.32460732984293195
lambda_star_4_32,5826,0.3717277486910995
lambda_star_4_32,5827,0.34554973821989526
lambda_star_4_32,5828,0.35602094240837695
lambda_star_4_32,5829,0.3507853403141361
lambda_star_4_32,5830,0.3717277486910995
lambda_star_4_32,5831,0.3612565445026178
lambda_star_4_32,5832,0.3507853403141361
lambda_star_4_32,5833,0.3717277486910995
lambda_star_4_32,5834,0.36649214659685864
lambda_star_4_32,5835,0.3612565445026178
lambda_star_4_32,5836,0.3717277486910995
lambda_star_4_32,5837,0.3089005235602094
lambda_star_4_32,5838,0.39790575916230364
lambda_star_4_32,5839,0.3769633507853403
lambda_star_4_32,5840,0.35602094240837695
lambda_star_4_32,5841,0.3298429319371728
lambda_star_4_32,5842,0.4031413612565445
lambda_star_4_32,5843,0.3298429319371728
lambda_star_4_32,5844,0.3717277486910995
lambda_star_4_32,5845,0.3298429319371728
lambda_star_4_32,5846,0.35602094240837695
lambda_star_4_32,5847,0.387434554973822
lambda_star_4_32,5848,0.33507853403141363
lambda_star_4_32,5849,0.3507853403141361
lambda_star_4_32,5850,0.32460732984293195
lambda_star_4_32,5851,0.35602094240837695
lambda_star_4_32,5852,0.3769633507853403
lambda_star_4_32,5853,0.32460732984293195
lambda_star_4_32,5854,0.31413612565445026
lambda_star_4_32,5855,0.3089005235602094
lambda_star_4_32,5856,0.38219895287958117
lambda_star_4_32,5857,0.3193717277486911
lambda_star_4_32,5858,0.3717277486910995
lambda_star_4_32,5859,0.3507853403141361
lambda_star_4_32,5860,0.38219895287958117
lambda_star_4_32,5861,0.33507853403141363
lambda_star_4_32,5862,0.3089005235602094
lambda_star_4_32,5863,0.3089005235602094
lambda_star_4_32,5864,0.35602094240837695
lambda_star_4_32,5865,0.3403141361256545
lambda_star_4_32,5866,0.38219895287958117
lambda_star_4_32,5867,0.33507853403141363
lambda_star_4_32,5868,0.36649214659685864
lambda_star_4_32,5869,0.3403141361256545
lambda_star_4_32,5870,0.3769633507853403
lambda_star_4_32,5871,0.3612565445026178
lambda_star_4_32,5872,0.36649214659685864
lambda_star_4_32,5873,0.3612565445026178
lambda_star_4_32,5874,0.3089005235602094
lambda_star_4_32,5875,0.3612565445026178
lambda_star_4_32,5876,0.3612565445026178
lambda_star_4_32,5877,0.31413612565445026
lambda_star_4_32,5878,0.32460732984293195
lambda_star_4_32,5879,0.3193717277486911
lambda_star_4_32,5880,0.3717277486910995
lambda_star_4_32,5881,0.2931937172774869
lambda_star_4_32,5882,0.3612565445026178
lambda_star_4_32,5883,0.3403141361256545
lambda_star_4_32,5884,0.35602094240837695
lambda_star_4_32,5885,0.3298429319371728
lambda_star_4_32,5886,0.3507853403141361
lambda_star_4_32,5887,0.3507853403141361
lambda_star_4_32,5888,0.38219895287958117
lambda_star_4_32,5889,0.3403141361256545
lambda_star_4_32,5890,0.35602094240837695
lambda_star_4_32,5891,0.3612565445026178
lambda_star_4_32,5892,0.32460732984293195
lambda_star_4_32,5893,0.36649214659685864
lambda_star_4_32,5894,0.3769633507853403
lambda_star_4_32,5895,0.34554973821989526
lambda_star_4_32,5896,0.39267015706806285
lambda_star_4_32,5897,0.32460732984293195
lambda_star_4_32,5898,0.36649214659685864
lambda_star_4_32,5899,0.39790575916230364
lambda_star_4_32,5900,0.33507853403141363
lambda_star_4_32,5901,0.3769633507853403
lambda_star_4_32,5902,0.34554973821989526
lambda_star_4_32,5903,0.3036649214659686
lambda_star_4_32,5904,0.3193717277486911
lambda_star_4_32,5905,0.34554973821989526
lambda_star_4_32,5906,0.3717277486910995
lambda_star_4_32,5907,0.3612565445026178
lambda_star_4_32,5908,0.32460732984293195
lambda_star_4_32,5909,0.34554973821989526
lambda_star_4_32,5910,0.34554973821989526
lambda_star_4_32,5911,0.35602094240837695
lambda_star_4_32,5912,0.39790575916230364
lambda_star_4_32,5913,0.3403141361256545
lambda_star_4_32,5914,0.3193717277486911
lambda_star_4_32,5915,0.33507853403141363
lambda_star_4_32,5916,0.35602094240837695
lambda_star_4_32,5917,0.3507853403141361
lambda_star_4_32,5918,0.33507853403141363
lambda_star_4_32,5919,0.32460732984293195
lambda_star_4_32,5920,0.33507853403141363
lambda_star_4_32,5921,0.3403141361256545
lambda_star_4_32,5922,0.36649214659685864
lambda_star_4_32,5923,0.3193717277486911
lambda_star_4_32,5924,0.3612565445026178
lambda_star_4_32,5925,0.3507853403141361
lambda_star_4_32,5926,0.3717277486910995
lambda_star_4_32,5927,0.3193717277486911
lambda_star_4_32,5928,0.38219895287958117
lambda_star_4_32,5929,0.3507853403141361
lambda_star_4_32,5930,0.39790575916230364
lambda_star_4_32,5931,0.39790575916230364
lambda_star_4_32,5932,0.3298429319371728
lambda_star_4_32,5933,0.33507853403141363
lambda_star_4_32,5934,0.32460732984293195
lambda_star_4_32,5935,0.36649214659685864
lambda_star_4_32,5936,0.3298429319371728
lambda_star_4_32,5937,0.42408376963350786
lambda_star_4_32,5938,0.34554973821989526
lambda_star_4_32,5939,0.3612565445026178
lambda_star_4_32,5940,0.35602094240837695
lambda_star_4_32,5941,0.28272251308900526
lambda_star_4_32,5942,0.39790575916230364
lambda_star_4_32,5943,0.3298429319371728
lambda_star_4_32,5944,0.3298429319371728
lambda_star_4_32,5945,0.38219895287958117
lambda_star_4_32,5946,0.35602094240837695
lambda_star_4_32,5947,0.3089005235602094
lambda_star_4_32,5948,0.32460732984293195
lambda_star_4_32,5949,0.32460732984293195
lambda_star_4_32,5950,0.36649214659685864
lambda_star_4_32,5951,0.2670157068062827
lambda_star_4_32,5952,0.38219895287958117
lambda_star_4_32,5953,0.387434554973822
lambda_star_4_32,5954,0.38219895287958117
lambda_star_4_32,5955,0.38219895287958117
lambda_star_4_32,5956,0.4031413612565445
lambda_star_4_32,5957,0.33507853403141363
lambda_star_4_32,5958,0.3612565445026178
lambda_star_4_32,5959,0.3403141361256545
lambda_star_4_32,5960,0.3769633507853403
lambda_star_4_32,5961,0.3612565445026178
lambda_star_4_32,5962,0.3193717277486911
lambda_star_4_32,5963,0.3298429319371728
lambda_star_4_32,5964,0.35602094240837695
lambda_star_4_32,5965,0.28272251308900526
lambda_star_4_32,5966,0.39267015706806285
lambda_star_4_32,5967,0.3089005235602094
lambda_star_4_32,5968,0.3036649214659686
lambda_star_4_32,5969,0.3507853403141361
lambda_star_4_32,5970,0.33507853403141363
lambda_star_4_32,5971,0.31413612565445026
lambda_star_4_32,5972,0.33507853403141363
lambda_star_4_32,5973,0.33507853403141363
lambda_star_4_32,5974,0.38219895287958117
lambda_star_4_32,5975,0.38219895287958117
lambda_star_4_32,5976,0.32460732984293195
lambda_star_4_32,5977,0.3193717277486911
lambda_star_4_32,5978,0.3298429319371728
lambda_star_4_32,5979,0.36649214659685864
lambda_star_4_32,5980,0.3507853403141361
lambda_star_4_32,5981,0.3769633507853403
lambda_star_4_32,5982,0.39790575916230364
lambda_star_4_32,5983,0.36649214659685864
lambda_star_4_32,5984,0.33507853403141363
lambda_star_4_32,5985,0.33507853403141363
lambda_star_4_32,5986,0.3403141361256545
lambda_star_4_32,5987,0.33507853403141363
lambda_star_4_32,5988,0.36649214659685864
lambda_star_4_32,5989,0.3089005235602094
lambda_star_4_32,5990,0.3298429319371728
lambda_star_4_32,5991,0.3089005235602094
lambda_star_4_32,5992,0.3298429319371728
lambda_star_4_32,5993,0.3298429319371728
lambda_star_4_32,5994,0.35602094240837695
lambda_star_4_32,5995,0.3769633507853403
lambda_star_4_32,5996,0.3507853403141361
lambda_star_4_32,5997,0.2879581151832461
lambda_star_4_32,5998,0.3298429319371728
lambda_star_4_32,5999,0.3612565445026178
lambda_star_4_32,6000,0.35602094240837695
lambda_star_4_32,6001,0.34554973821989526
lambda_star_4_32,6002,0.36649214659685864
lambda_star_4_32,6003,0.3403141361256545
lambda_star_4_32,6004,0.3298429319371728
lambda_star_4_32,6005,0.3717277486910995
lambda_star_4_32,6006,0.2879581151832461
lambda_star_4_32,6007,0.32460732984293195
lambda_star_4_32,6008,0.36649214659685864
lambda_star_4_32,6009,0.3403141361256545
lambda_star_4_32,6010,0.3612565445026178
lambda_star_4_32,6011,0.3612565445026178
lambda_star_4_32,6012,0.3769633507853403
lambda_star_4_32,6013,0.33507853403141363
lambda_star_4_32,6014,0.3089005235602094
lambda_star_4_32,6015,0.32460732984293195
lambda_star_4_32,6016,0.387434554973822
lambda_star_4_32,6017,0.3403141361256545
lambda_star_4_32,6018,0.35602094240837695
lambda_star_4_32,6019,0.39790575916230364
lambda_star_4_32,6020,0.3612565445026178
lambda_star_4_32,6021,0.38219895287958117
lambda_star_4_32,6022,0.31413612565445026
lambda_star_4_32,6023,0.31413612565445026
lambda_star_4_32,6024,0.3036649214659686
lambda_star_4_32,6025,0.3193717277486911
lambda_star_4_32,6026,0.34554973821989526
lambda_star_4_32,6027,0.3612565445026178
lambda_star_4_32,6028,0.34554973821989526
lambda_star_4_32,6029,0.33507853403141363
lambda_star_4_32,6030,0.3298429319371728
lambda_star_4_32,6031,0.32460732984293195
lambda_star_4_32,6032,0.39267015706806285
lambda_star_4_32,6033,0.3403141361256545
lambda_star_4_32,6034,0.387434554973822
lambda_star_4_32,6035,0.36649214659685864
lambda_star_4_32,6036,0.34554973821989526
lambda_star_4_32,6037,0.3403141361256545
lambda_star_4_32,6038,0.3769633507853403
lambda_star_4_32,6039,0.39267015706806285
lambda_star_4_32,6040,0.3298429319371728
lambda_star_4_32,6041,0.33507853403141363
lambda_star_4_32,6042,0.3089005235602094
lambda_star_4_32,6043,0.31413612565445026
lambda_star_4_32,6044,0.35602094240837695
lambda_star_4_32,6045,0.38219895287958117
lambda_star_4_32,6046,0.3507853403141361
lambda_star_4_32,6047,0.36649214659685864
lambda_star_4_32,6048,0.29842931937172773
lambda_star_4_32,6049,0.35602094240837695
lambda_star_4_32,6050,0.31413612565445026
lambda_star_4_32,6051,0.3036649214659686
lambda_star_4_32,6052,0.3612565445026178
lambda_star_4_32,6053,0.3403141361256545
lambda_star_4_32,6054,0.38219895287958117
lambda_star_4_32,6055,0.3507853403141361
lambda_star_4_32,6056,0.387434554973822
lambda_star_4_32,6057,0.35602094240837695
lambda_star_4_32,6058,0.3298429319371728
lambda_star_4_32,6059,0.4083769633507853
lambda_star_4_32,6060,0.3717277486910995
lambda_star_4_32,6061,0.3612565445026178
lambda_star_4_32,6062,0.3298429319371728
lambda_star_4_32,6063,0.3193717277486911
lambda_star_4_32,6064,0.3507853403141361
lambda_star_4_32,6065,0.3298429319371728
lambda_star_4_32,6066,0.35602094240837695
lambda_star_4_32,6067,0.3507853403141361
lambda_star_4_32,6068,0.36649214659685864
lambda_star_4_32,6069,0.34554973821989526
lambda_star_4_32,6070,0.34554973821989526
lambda_star_4_32,6071,0.31413612565445026
lambda_star_4_32,6072,0.3612565445026178
lambda_star_4_32,6073,0.3612565445026178
lambda_star_4_32,6074,0.29842931937172773
lambda_star_4_32,6075,0.3612565445026178
lambda_star_4_32,6076,0.34554973821989526
lambda_star_4_32,6077,0.36649214659685864
lambda_star_4_32,6078,0.33507853403141363
lambda_star_4_32,6079,0.34554973821989526
lambda_star_4_32,6080,0.3036649214659686
lambda_star_4_32,6081,0.36649214659685864
lambda_star_4_32,6082,0.3612565445026178
lambda_star_4_32,6083,0.3612565445026178
lambda_star_4_32,6084,0.36649214659685864
lambda_star_4_32,6085,0.34554973821989526
lambda_star_4_32,6086,0.3769633507853403
lambda_star_4_32,6087,0.34554973821989526
lambda_star_4_32,6088,0.32460732984293195
lambda_star_4_32,6089,0.38219895287958117
lambda_star_4_32,6090,0.3298429319371728
lambda_star_4_32,6091,0.3769633507853403
lambda_star_4_32,6092,0.3507853403141361
lambda_star_4_32,6093,0.3717277486910995
lambda_star_4_32,6094,0.3403141361256545
lambda_star_4_32,6095,0.29842931937172773
lambda_star_4_32,6096,0.39267015706806285
lambda_star_4_32,6097,0.3036649214659686
lambda_star_4_32,6098,0.3298429319371728
lambda_star_4_32,6099,0.3717277486910995
lambda_star_4_32,6100,0.3089005235602094
lambda_star_4_32,6101,0.38219895287958117
lambda_star_4_32,6102,0.36649214659685864
lambda_star_4_32,6103,0.36649214659685864
lambda_star_4_32,6104,0.36649214659685864
lambda_star_4_32,6105,0.3507853403141361
lambda_star_4_32,6106,0.33507853403141363
lambda_star_4_32,6107,0.35602094240837695
lambda_star_4_32,6108,0.3769633507853403
lambda_star_4_32,6109,0.3403141361256545
lambda_star_4_32,6110,0.3769633507853403
lambda_star_4_32,6111,0.3036649214659686
lambda_star_4_32,6112,0.3769633507853403
lambda_star_4_32,6113,0.3193717277486911
lambda_star_4_32,6114,0.3507853403141361
lambda_star_4_32,6115,0.3769633507853403
lambda_star_4_32,6116,0.3403141361256545
lambda_star_4_32,6117,0.38219895287958117
lambda_star_4_32,6118,0.35602094240837695
lambda_star_4_32,6119,0.31413612565445026
lambda_star_4_32,6120,0.39267015706806285
lambda_star_4_32,6121,0.3193717277486911
lambda_star_4_32,6122,0.31413612565445026
lambda_star_4_32,6123,0.33507853403141363
lambda_star_4_32,6124,0.32460732984293195
lambda_star_4_32,6125,0.33507853403141363
lambda_star_4_32,6126,0.3769633507853403
lambda_star_4_32,6127,0.35602094240837695
lambda_star_4_32,6128,0.3612565445026178
lambda_star_4_32,6129,0.39790575916230364
lambda_star_4_32,6130,0.387434554973822
lambda_star_4_32,6131,0.3403141361256545
lambda_star_4_32,6132,0.2774869109947644
lambda_star_4_32,6133,0.3612565445026178
lambda_star_4_32,6134,0.35602094240837695
lambda_star_4_32,6135,0.38219895287958117
lambda_star_4_32,6136,0.3612565445026178
lambda_star_4_32,6137,0.35602094240837695
lambda_star_4_32,6138,0.3717277486910995
lambda_star_4_32,6139,0.36649214659685864
lambda_star_4_32,6140,0.3507853403141361
lambda_star_4_32,6141,0.3403141361256545
lambda_star_4_32,6142,0.3036649214659686
lambda_star_4_32,6143,0.3298429319371728
lambda_star_4_32,6144,0.3403141361256545
lambda_star_4_32,6145,0.35602094240837695
lambda_star_4_32,6146,0.3403141361256545
lambda_star_4_32,6147,0.3193717277486911
lambda_star_4_32,6148,0.3612565445026178
lambda_star_4_32,6149,0.29842931937172773
lambda_star_4_32,6150,0.33507853403141363
lambda_star_4_32,6151,0.38219895287958117
lambda_star_4_32,6152,0.34554973821989526
lambda_star_4_32,6153,0.3717277486910995
lambda_star_4_32,6154,0.31413612565445026
lambda_star_4_32,6155,0.36649214659685864
lambda_star_4_32,6156,0.31413612565445026
lambda_star_4_32,6157,0.36649214659685864
lambda_star_4_32,6158,0.4293193717277487
lambda_star_4_32,6159,0.3769633507853403
lambda_star_4_32,6160,0.3507853403141361
lambda_star_4_32,6161,0.34554973821989526
lambda_star_4_32,6162,0.3089005235602094
lambda_star_4_32,6163,0.3036649214659686
lambda_star_4_32,6164,0.3403141361256545
lambda_star_4_32,6165,0.32460732984293195
lambda_star_4_32,6166,0.3612565445026178
lambda_star_4_32,6167,0.4031413612565445
lambda_star_4_32,6168,0.3298429319371728
lambda_star_4_32,6169,0.36649214659685864
lambda_star_4_32,6170,0.32460732984293195
lambda_star_4_32,6171,0.3193717277486911
lambda_star_4_32,6172,0.33507853403141363
lambda_star_4_32,6173,0.38219895287958117
lambda_star_4_32,6174,0.39267015706806285
lambda_star_4_32,6175,0.39790575916230364
lambda_star_4_32,6176,0.35602094240837695
lambda_star_4_32,6177,0.36649214659685864
lambda_star_4_32,6178,0.28272251308900526
lambda_star_4_32,6179,0.31413612565445026
lambda_star_4_32,6180,0.3612565445026178
lambda_star_4_32,6181,0.3193717277486911
lambda_star_4_32,6182,0.3769633507853403
lambda_star_4_32,6183,0.39267015706806285
lambda_star_4_32,6184,0.3612565445026178
lambda_star_4_32,6185,0.3403141361256545
lambda_star_4_32,6186,0.34554973821989526
lambda_star_4_32,6187,0.3507853403141361
lambda_star_4_32,6188,0.3612565445026178
lambda_star_4_32,6189,0.32460732984293195
lambda_star_4_32,6190,0.3298429319371728
lambda_star_4_32,6191,0.3193717277486911
lambda_star_4_32,6192,0.36649214659685864
lambda_star_4_32,6193,0.33507853403141363
lambda_star_4_32,6194,0.3089005235602094
lambda_star_4_32,6195,0.38219895287958117
lambda_star_4_32,6196,0.3612565445026178
lambda_star_4_32,6197,0.3507853403141361
lambda_star_4_32,6198,0.3769633507853403
lambda_star_4_32,6199,0.387434554973822
lambda_star_4_32,6200,0.33507853403141363
lambda_star_4_32,6201,0.3403141361256545
lambda_star_4_32,6202,0.3089005235602094
lambda_star_4_32,6203,0.3036649214659686
lambda_star_4_32,6204,0.3403141361256545
lambda_star_4_32,6205,0.29842931937172773
lambda_star_4_32,6206,0.3717277486910995
lambda_star_4_32,6207,0.35602094240837695
lambda_star_4_32,6208,0.3769633507853403
lambda_star_4_32,6209,0.36649214659685864
lambda_star_4_32,6210,0.34554973821989526
lambda_star_4_32,6211,0.3717277486910995
lambda_star_4_32,6212,0.3507853403141361
lambda_star_4_32,6213,0.33507853403141363
lambda_star_4_32,6214,0.3717277486910995
lambda_star_4_32,6215,0.25654450261780104
lambda_star_4_32,6216,0.3298429319371728
lambda_star_4_32,6217,0.3612565445026178
lambda_star_4_32,6218,0.31413612565445026
lambda_star_4_32,6219,0.32460732984293195
lambda_star_4_32,6220,0.3403141361256545
lambda_star_4_32,6221,0.33507853403141363
lambda_star_4_32,6222,0.3507853403141361
lambda_star_4_32,6223,0.3298429319371728
lambda_star_4_32,6224,0.34554973821989526
lambda_star_4_32,6225,0.3089005235602094
lambda_star_4_32,6226,0.3769633507853403
lambda_star_4_32,6227,0.3769633507853403
lambda_star_4_32,6228,0.3298429319371728
lambda_star_4_32,6229,0.3717277486910995
lambda_star_4_32,6230,0.3612565445026178
lambda_star_4_32,6231,0.32460732984293195
lambda_star_4_32,6232,0.3193717277486911
lambda_star_4_32,6233,0.36649214659685864
lambda_star_4_32,6234,0.34554973821989526
lambda_star_4_32,6235,0.3089005235602094
lambda_star_4_32,6236,0.3717277486910995
lambda_star_4_32,6237,0.39790575916230364
lambda_star_4_32,6238,0.35602094240837695
lambda_star_4_32,6239,0.3507853403141361
lambda_star_4_32,6240,0.3403141361256545
lambda_star_4_32,6241,0.2879581151832461
lambda_star_4_32,6242,0.34554973821989526
lambda_star_4_32,6243,0.3089005235602094
lambda_star_4_32,6244,0.3403141361256545
lambda_star_4_32,6245,0.31413612565445026
lambda_star_4_32,6246,0.33507853403141363
lambda_star_4_32,6247,0.36649214659685864
lambda_star_4_32,6248,0.31413612565445026
lambda_star_4_32,6249,0.3403141361256545
lambda_star_4_32,6250,0.29842931937172773
lambda_star_4_32,6251,0.387434554973822
lambda_star_4_32,6252,0.3403141361256545
lambda_star_4_32,6253,0.3193717277486911
lambda_star_4_32,6254,0.38219895287958117
lambda_star_4_32,6255,0.32460732984293195
lambda_star_4_32,6256,0.3193717277486911
lambda_star_4_32,6257,0.36649214659685864
lambda_star_4_32,6258,0.3036649214659686
lambda_star_4_32,6259,0.39267015706806285
lambda_star_4_32,6260,0.3612565445026178
lambda_star_4_32,6261,0.31413612565445026
lambda_star_4_32,6262,0.3717277486910995
lambda_star_4_32,6263,0.33507853403141363
lambda_star_4_32,6264,0.36649214659685864
lambda_star_4_32,6265,0.31413612565445026
lambda_star_4_32,6266,0.3089005235602094
lambda_star_4_32,6267,0.33507853403141363
lambda_star_4_32,6268,0.33507853403141363
lambda_star_4_32,6269,0.34554973821989526
lambda_star_4_32,6270,0.4083769633507853
lambda_star_4_32,6271,0.32460732984293195
lambda_star_4_32,6272,0.3612565445026178
lambda_star_4_32,6273,0.36649214659685864
lambda_star_4_32,6274,0.3507853403141361
lambda_star_4_32,6275,0.3769633507853403
lambda_star_4_32,6276,0.34554973821989526
lambda_star_4_32,6277,0.3769633507853403
lambda_star_4_32,6278,0.36649214659685864
lambda_star_4_32,6279,0.35602094240837695
lambda_star_4_32,6280,0.3769633507853403
lambda_star_4_32,6281,0.3403141361256545
lambda_star_4_32,6282,0.3769633507853403
lambda_star_4_32,6283,0.32460732984293195
lambda_star_4_32,6284,0.33507853403141363
lambda_star_4_32,6285,0.3612565445026178
lambda_star_4_32,6286,0.34554973821989526
lambda_star_4_32,6287,0.418848167539267
lambda_star_4_32,6288,0.29842931937172773
lambda_star_4_32,6289,0.3769633507853403
lambda_star_4_32,6290,0.3193717277486911
lambda_star_4_32,6291,0.32460732984293195
lambda_star_4_32,6292,0.35602094240837695
lambda_star_4_32,6293,0.33507853403141363
lambda_star_4_32,6294,0.38219895287958117
lambda_star_4_32,6295,0.3717277486910995
lambda_star_4_32,6296,0.41361256544502617
lambda_star_4_32,6297,0.38219895287958117
lambda_star_4_32,6298,0.3507853403141361
lambda_star_4_32,6299,0.3612565445026178
lambda_star_4_32,6300,0.387434554973822
lambda_star_4_32,6301,0.3717277486910995
lambda_star_4_32,6302,0.33507853403141363
lambda_star_4_32,6303,0.3717277486910995
lambda_star_4_32,6304,0.387434554973822
lambda_star_4_32,6305,0.387434554973822
lambda_star_4_32,6306,0.2774869109947644
lambda_star_4_32,6307,0.3507853403141361
lambda_star_4_32,6308,0.3507853403141361
lambda_star_4_32,6309,0.3717277486910995
lambda_star_4_32,6310,0.31413612565445026
lambda_star_4_32,6311,0.41361256544502617
lambda_star_4_32,6312,0.4031413612565445
lambda_star_4_32,6313,0.3717277486910995
lambda_star_4_32,6314,0.3612565445026178
lambda_star_4_32,6315,0.3769633507853403
lambda_star_4_32,6316,0.3403141361256545
lambda_star_4_32,6317,0.3717277486910995
lambda_star_4_32,6318,0.3403141361256545
lambda_star_4_32,6319,0.38219895287958117
lambda_star_4_32,6320,0.41361256544502617
lambda_star_4_32,6321,0.3036649214659686
lambda_star_4_32,6322,0.31413612565445026
lambda_star_4_32,6323,0.3193717277486911
lambda_star_4_32,6324,0.3036649214659686
lambda_star_4_32,6325,0.34554973821989526
lambda_star_4_32,6326,0.387434554973822
lambda_star_4_32,6327,0.39267015706806285
lambda_star_4_32,6328,0.3193717277486911
lambda_star_4_32,6329,0.387434554973822
lambda_star_4_32,6330,0.35602094240837695
lambda_star_4_32,6331,0.3612565445026178
lambda_star_4_32,6332,0.35602094240837695
lambda_star_4_32,6333,0.29842931937172773
lambda_star_4_32,6334,0.3717277486910995
lambda_star_4_32,6335,0.3507853403141361
lambda_star_4_32,6336,0.387434554973822
lambda_star_4_32,6337,0.35602094240837695
lambda_star_4_32,6338,0.3507853403141361
lambda_star_4_32,6339,0.32460732984293195
lambda_star_4_32,6340,0.3612565445026178
lambda_star_4_32,6341,0.3403141361256545
lambda_star_4_32,6342,0.3717277486910995
lambda_star_4_32,6343,0.3717277486910995
lambda_star_4_32,6344,0.33507853403141363
lambda_star_4_32,6345,0.36649214659685864
lambda_star_4_32,6346,0.34554973821989526
lambda_star_4_32,6347,0.387434554973822
lambda_star_4_32,6348,0.3403141361256545
lambda_star_4_32,6349,0.3036649214659686
lambda_star_4_32,6350,0.39267015706806285
lambda_star_4_32,6351,0.3298429319371728
lambda_star_4_32,6352,0.3769633507853403
lambda_star_4_32,6353,0.3403141361256545
lambda_star_4_32,6354,0.3193717277486911
lambda_star_4_32,6355,0.3403141361256545
lambda_star_4_32,6356,0.3612565445026178
lambda_star_4_32,6357,0.33507853403141363
lambda_star_4_32,6358,0.3403141361256545
lambda_star_4_32,6359,0.34554973821989526
lambda_star_4_32,6360,0.387434554973822
lambda_star_4_32,6361,0.32460732984293195
lambda_star_4_32,6362,0.35602094240837695
lambda_star_4_32,6363,0.34554973821989526
lambda_star_4_32,6364,0.33507853403141363
lambda_star_4_32,6365,0.3717277486910995
lambda_star_4_32,6366,0.3507853403141361
lambda_star_4_32,6367,0.33507853403141363
lambda_star_4_32,6368,0.34554973821989526
lambda_star_4_32,6369,0.3298429319371728
lambda_star_4_32,6370,0.2879581151832461
lambda_star_4_32,6371,0.3403141361256545
lambda_star_4_32,6372,0.3403141361256545
lambda_star_4_32,6373,0.32460732984293195
lambda_star_4_32,6374,0.36649214659685864
lambda_star_4_32,6375,0.3193717277486911
lambda_star_4_32,6376,0.3769633507853403
lambda_star_4_32,6377,0.36649214659685864
lambda_star_4_32,6378,0.33507853403141363
lambda_star_4_32,6379,0.3507853403141361
lambda_star_4_32,6380,0.34554973821989526
lambda_star_4_32,6381,0.3717277486910995
lambda_star_4_32,6382,0.3717277486910995
lambda_star_4_32,6383,0.3298429319371728
lambda_star_4_32,6384,0.3403141361256545
lambda_star_4_32,6385,0.3717277486910995
lambda_star_4_32,6386,0.3769633507853403
lambda_star_4_32,6387,0.3298429319371728
lambda_star_4_32,6388,0.34554973821989526
lambda_star_4_32,6389,0.3717277486910995
lambda_star_4_32,6390,0.34554973821989526
lambda_star_4_32,6391,0.3769633507853403
lambda_star_4_32,6392,0.3298429319371728
lambda_star_4_32,6393,0.3507853403141361
lambda_star_4_32,6394,0.3717277486910995
lambda_star_4_32,6395,0.34554973821989526
lambda_star_4_32,6396,0.387434554973822
lambda_star_4_32,6397,0.4083769633507853
lambda_star_4_32,6398,0.36649214659685864
lambda_star_4_32,6399,0.39790575916230364
lambda_star_4_32,6400,0.38219895287958117
lambda_star_4_32,6401,0.3036649214659686
lambda_star_4_32,6402,0.31413612565445026
lambda_star_4_32,6403,0.387434554973822
lambda_star_4_32,6404,0.32460732984293195
lambda_star_4_32,6405,0.35602094240837695
lambda_star_4_32,6406,0.3717277486910995
lambda_star_4_32,6407,0.39790575916230364
lambda_star_4_32,6408,0.387434554973822
lambda_star_4_32,6409,0.39790575916230364
lambda_star_4_32,6410,0.32460732984293195
lambda_star_4_32,6411,0.32460732984293195
lambda_star_4_32,6412,0.34554973821989526
lambda_star_4_32,6413,0.3717277486910995
lambda_star_4_32,6414,0.3507853403141361
lambda_star_4_32,6415,0.39267015706806285
lambda_star_4_32,6416,0.35602094240837695
lambda_star_4_32,6417,0.3193717277486911
lambda_star_4_32,6418,0.38219895287958117
lambda_star_4_32,6419,0.33507853403141363
lambda_star_4_32,6420,0.2879581151832461
lambda_star_4_32,6421,0.33507853403141363
lambda_star_4_32,6422,0.34554973821989526
lambda_star_4_32,6423,0.36649214659685864
lambda_star_4_32,6424,0.3769633507853403
lambda_star_4_32,6425,0.32460732984293195
lambda_star_4_32,6426,0.3507853403141361
lambda_star_4_32,6427,0.3403141361256545
lambda_star_4_32,6428,0.3193717277486911
lambda_star_4_32,6429,0.3507853403141361
lambda_star_4_32,6430,0.35602094240837695
lambda_star_4_32,6431,0.3717277486910995
lambda_star_4_32,6432,0.3089005235602094
lambda_star_4_32,6433,0.39267015706806285
lambda_star_4_32,6434,0.41361256544502617
lambda_star_4_32,6435,0.3089005235602094
lambda_star_4_32,6436,0.387434554973822
lambda_star_4_32,6437,0.3612565445026178
lambda_star_4_32,6438,0.3298429319371728
lambda_star_4_32,6439,0.3769633507853403
lambda_star_4_32,6440,0.3769633507853403
lambda_star_4_32,6441,0.32460732984293195
lambda_star_4_32,6442,0.3403141361256545
lambda_star_4_32,6443,0.33507853403141363
lambda_star_4_32,6444,0.34554973821989526
lambda_star_4_32,6445,0.34554973821989526
lambda_star_4_32,6446,0.34554973821989526
lambda_star_4_32,6447,0.35602094240837695
lambda_star_4_32,6448,0.3612565445026178
lambda_star_4_32,6449,0.3298429319371728
lambda_star_4_32,6450,0.34554973821989526
lambda_star_4_32,6451,0.32460732984293195
lambda_star_4_32,6452,0.3193717277486911
lambda_star_4_32,6453,0.3403141361256545
lambda_star_4_32,6454,0.3193717277486911
lambda_star_4_32,6455,0.3403141361256545
lambda_star_4_32,6456,0.3717277486910995
lambda_star_4_32,6457,0.34554973821989526
lambda_star_4_32,6458,0.3036649214659686
lambda_star_4_32,6459,0.3717277486910995
lambda_star_4_32,6460,0.3717277486910995
lambda_star_4_32,6461,0.3717277486910995
lambda_star_4_32,6462,0.3507853403141361
lambda_star_4_32,6463,0.34554973821989526
lambda_star_4_32,6464,0.42408376963350786
lambda_star_4_32,6465,0.3298429319371728
lambda_star_4_32,6466,0.32460732984293195
lambda_star_4_32,6467,0.34554973821989526
lambda_star_4_32,6468,0.3036649214659686
lambda_star_4_32,6469,0.3089005235602094
lambda_star_4_32,6470,0.34554973821989526
lambda_star_4_32,6471,0.3298429319371728
lambda_star_4_32,6472,0.3403141361256545
lambda_star_4_32,6473,0.2931937172774869
lambda_star_4_32,6474,0.3612565445026178
lambda_star_4_32,6475,0.3298429319371728
lambda_star_4_32,6476,0.33507853403141363
lambda_star_4_32,6477,0.3193717277486911
lambda_star_4_32,6478,0.3769633507853403
lambda_star_4_32,6479,0.3089005235602094
lambda_star_4_32,6480,0.35602094240837695
lambda_star_4_32,6481,0.3612565445026178
lambda_star_4_32,6482,0.3193717277486911
lambda_star_4_32,6483,0.3193717277486911
lambda_star_4_32,6484,0.3193717277486911
lambda_star_4_32,6485,0.3717277486910995
lambda_star_4_32,6486,0.39267015706806285
lambda_star_4_32,6487,0.35602094240837695
lambda_star_4_32,6488,0.3612565445026178
lambda_star_4_32,6489,0.3507853403141361
lambda_star_4_32,6490,0.3612565445026178
lambda_star_4_32,6491,0.3612565445026178
lambda_star_4_32,6492,0.32460732984293195
lambda_star_4_32,6493,0.33507853403141363
lambda_star_4_32,6494,0.3612565445026178
lambda_star_4_32,6495,0.3717277486910995
lambda_star_4_32,6496,0.3089005235602094
lambda_star_4_32,6497,0.33507853403141363
lambda_star_4_32,6498,0.3089005235602094
lambda_star_4_32,6499,0.39790575916230364
lambda_star_4_32,6500,0.3193717277486911
lambda_star_4_32,6501,0.4031413612565445
lambda_star_4_32,6502,0.3769633507853403
lambda_star_4_32,6503,0.29842931937172773
lambda_star_4_32,6504,0.32460732984293195
lambda_star_4_32,6505,0.29842931937172773
lambda_star_4_32,6506,0.4031413612565445
lambda_star_4_32,6507,0.34554973821989526
lambda_star_4_32,6508,0.31413612565445026
lambda_star_4_32,6509,0.3612565445026178
lambda_star_4_32,6510,0.387434554973822
lambda_star_4_32,6511,0.3769633507853403
lambda_star_4_32,6512,0.3403141361256545
lambda_star_4_32,6513,0.33507853403141363
lambda_star_4_32,6514,0.3717277486910995
lambda_star_4_32,6515,0.4031413612565445
lambda_star_4_32,6516,0.34554973821989526
lambda_star_4_32,6517,0.38219895287958117
lambda_star_4_32,6518,0.3403141361256545
lambda_star_4_32,6519,0.34554973821989526
lambda_star_4_32,6520,0.33507853403141363
lambda_star_4_32,6521,0.3717277486910995
lambda_star_4_32,6522,0.33507853403141363
lambda_star_4_32,6523,0.39267015706806285
lambda_star_4_32,6524,0.3036649214659686
lambda_star_4_32,6525,0.3403141361256545
lambda_star_4_32,6526,0.34554973821989526
lambda_star_4_32,6527,0.3769633507853403
lambda_star_4_32,6528,0.36649214659685864
lambda_star_4_32,6529,0.3769633507853403
lambda_star_4_32,6530,0.3612565445026178
lambda_star_4_32,6531,0.3403141361256545
lambda_star_4_32,6532,0.3403141361256545
lambda_star_4_32,6533,0.34554973821989526
lambda_star_4_32,6534,0.3036649214659686
lambda_star_4_32,6535,0.33507853403141363
lambda_star_4_32,6536,0.33507853403141363
lambda_star_4_32,6537,0.3612565445026178
lambda_star_4_32,6538,0.3298429319371728
lambda_star_4_32,6539,0.3403141361256545
lambda_star_4_32,6540,0.32460732984293195
lambda_star_4_32,6541,0.3507853403141361
lambda_star_4_32,6542,0.3298429319371728
lambda_star_4_32,6543,0.3193717277486911
lambda_star_4_32,6544,0.35602094240837695
lambda_star_4_32,6545,0.3036649214659686
lambda_star_4_32,6546,0.2931937172774869
lambda_star_4_32,6547,0.2931937172774869
lambda_star_4_32,6548,0.36649214659685864
lambda_star_4_32,6549,0.33507853403141363
lambda_star_4_32,6550,0.3298429319371728
lambda_star_4_32,6551,0.35602094240837695
lambda_star_4_32,6552,0.3769633507853403
lambda_star_4_32,6553,0.34554973821989526
lambda_star_4_32,6554,0.3298429319371728
lambda_star_4_32,6555,0.3612565445026178
lambda_star_4_32,6556,0.32460732984293195
lambda_star_4_32,6557,0.3612565445026178
lambda_star_4_32,6558,0.38219895287958117
lambda_star_4_32,6559,0.34554973821989526
lambda_star_4_32,6560,0.33507853403141363
lambda_star_4_32,6561,0.387434554973822
lambda_star_4_32,6562,0.3507853403141361
lambda_star_4_32,6563,0.3769633507853403
lambda_star_4_32,6564,0.32460732984293195
lambda_star_4_32,6565,0.36649214659685864
lambda_star_4_32,6566,0.39267015706806285
lambda_star_4_32,6567,0.3298429319371728
lambda_star_4_32,6568,0.3193717277486911
lambda_star_4_32,6569,0.32460732984293195
lambda_star_4_32,6570,0.3298429319371728
lambda_star_4_32,6571,0.33507853403141363
lambda_star_4_32,6572,0.3298429319371728
lambda_star_4_32,6573,0.3769633507853403
lambda_star_4_32,6574,0.38219895287958117
lambda_star_4_32,6575,0.3612565445026178
lambda_star_4_32,6576,0.31413612565445026
lambda_star_4_32,6577,0.3717277486910995
lambda_star_4_32,6578,0.3507853403141361
lambda_star_4_32,6579,0.36649214659685864
lambda_star_4_32,6580,0.38219895287958117
lambda_star_4_32,6581,0.2879581151832461
lambda_star_4_32,6582,0.34554973821989526
lambda_star_4_32,6583,0.3193717277486911
lambda_star_4_32,6584,0.4083769633507853
lambda_star_4_32,6585,0.35602094240837695
lambda_star_4_32,6586,0.3507853403141361
lambda_star_4_32,6587,0.387434554973822
lambda_star_4_32,6588,0.28272251308900526
lambda_star_4_32,6589,0.3089005235602094
lambda_star_4_32,6590,0.3298429319371728
lambda_star_4_32,6591,0.3089005235602094
lambda_star_4_32,6592,0.39267015706806285
lambda_star_4_32,6593,0.3193717277486911
lambda_star_4_32,6594,0.34554973821989526
lambda_star_4_32,6595,0.32460732984293195
lambda_star_4_32,6596,0.3298429319371728
lambda_star_4_32,6597,0.3717277486910995
lambda_star_4_32,6598,0.3089005235602094
lambda_star_4_32,6599,0.33507853403141363
lambda_star_4_32,6600,0.39267015706806285
lambda_star_4_32,6601,0.32460732984293195
lambda_star_4_32,6602,0.3403141361256545
lambda_star_4_32,6603,0.33507853403141363
lambda_star_4_32,6604,0.3507853403141361
lambda_star_4_32,6605,0.33507853403141363
lambda_star_4_32,6606,0.31413612565445026
lambda_star_4_32,6607,0.3193717277486911
lambda_star_4_32,6608,0.33507853403141363
lambda_star_4_32,6609,0.34554973821989526
lambda_star_4_32,6610,0.32460732984293195
lambda_star_4_32,6611,0.33507853403141363
lambda_star_4_32,6612,0.32460732984293195
lambda_star_4_32,6613,0.3612565445026178
lambda_star_4_32,6614,0.3612565445026178
lambda_star_4_32,6615,0.33507853403141363
lambda_star_4_32,6616,0.3403141361256545
lambda_star_4_32,6617,0.32460732984293195
lambda_star_4_32,6618,0.34554973821989526
lambda_star_4_32,6619,0.3717277486910995
lambda_star_4_32,6620,0.3193717277486911
lambda_star_4_32,6621,0.34554973821989526
lambda_star_4_32,6622,0.3193717277486911
lambda_star_4_32,6623,0.3403141361256545
lambda_star_4_32,6624,0.3769633507853403
lambda_star_4_32,6625,0.34554973821989526
lambda_star_4_32,6626,0.3612565445026178
lambda_star_4_32,6627,0.33507853403141363
lambda_star_4_32,6628,0.38219895287958117
lambda_star_4_32,6629,0.31413612565445026
lambda_star_4_32,6630,0.4031413612565445
lambda_star_4_32,6631,0.36649214659685864
lambda_star_4_32,6632,0.3769633507853403
lambda_star_4_32,6633,0.31413612565445026
lambda_star_4_32,6634,0.2931937172774869
lambda_star_4_32,6635,0.387434554973822
lambda_star_4_32,6636,0.31413612565445026
lambda_star_4_32,6637,0.3507853403141361
lambda_star_4_32,6638,0.3769633507853403
lambda_star_4_32,6639,0.3036649214659686
lambda_star_4_32,6640,0.33507853403141363
lambda_star_4_32,6641,0.35602094240837695
lambda_star_4_32,6642,0.39267015706806285
lambda_star_4_32,6643,0.3036649214659686
lambda_star_4_32,6644,0.3507853403141361
lambda_star_4_32,6645,0.3298429319371728
lambda_star_4_32,6646,0.35602094240837695
lambda_star_4_32,6647,0.36649214659685864
lambda_star_4_32,6648,0.33507853403141363
lambda_star_4_32,6649,0.35602094240837695
lambda_star_4_32,6650,0.35602094240837695
lambda_star_4_32,6651,0.38219895287958117
lambda_star_4_32,6652,0.3769633507853403
lambda_star_4_32,6653,0.3507853403141361
lambda_star_4_32,6654,0.29842931937172773
lambda_star_4_32,6655,0.3298429319371728
lambda_star_4_32,6656,0.35602094240837695
lambda_star_4_32,6657,0.3403141361256545
lambda_star_4_32,6658,0.3298429319371728
lambda_star_4_32,6659,0.3717277486910995
lambda_star_4_32,6660,0.35602094240837695
lambda_star_4_32,6661,0.3717277486910995
lambda_star_4_32,6662,0.387434554973822
lambda_star_4_32,6663,0.3403141361256545
lambda_star_4_32,6664,0.3298429319371728
lambda_star_4_32,6665,0.35602094240837695
lambda_star_4_32,6666,0.3769633507853403
lambda_star_4_32,6667,0.34554973821989526
lambda_star_4_32,6668,0.3507853403141361
lambda_star_4_32,6669,0.31413612565445026
lambda_star_4_32,6670,0.3298429319371728
lambda_star_4_32,6671,0.34554973821989526
lambda_star_4_32,6672,0.3612565445026178
lambda_star_4_32,6673,0.39267015706806285
lambda_star_4_32,6674,0.387434554973822
lambda_star_4_32,6675,0.32460732984293195
lambda_star_4_32,6676,0.3612565445026178
lambda_star_4_32,6677,0.3717277486910995
lambda_star_4_32,6678,0.39267015706806285
lambda_star_4_32,6679,0.3507853403141361
lambda_star_4_32,6680,0.3298429319371728
lambda_star_4_32,6681,0.3612565445026178
lambda_star_4_32,6682,0.39267015706806285
lambda_star_4_32,6683,0.39267015706806285
lambda_star_4_32,6684,0.32460732984293195
lambda_star_4_32,6685,0.3769633507853403
lambda_star_4_32,6686,0.31413612565445026
lambda_star_4_32,6687,0.31413612565445026
lambda_star_4_32,6688,0.36649214659685864
lambda_star_4_32,6689,0.32460732984293195
lambda_star_4_32,6690,0.3612565445026178
lambda_star_4_32,6691,0.3717277486910995
lambda_star_4_32,6692,0.28272251308900526
lambda_star_4_32,6693,0.41361256544502617
lambda_star_4_32,6694,0.32460732984293195
lambda_star_4_32,6695,0.34554973821989526
lambda_star_4_32,6696,0.3507853403141361
lambda_star_4_32,6697,0.3612565445026178
lambda_star_4_32,6698,0.3717277486910995
lambda_star_4_32,6699,0.3089005235602094
lambda_star_4_32,6700,0.34554973821989526
lambda_star_4_32,6701,0.38219895287958117
lambda_star_4_32,6702,0.36649214659685864
lambda_star_4_32,6703,0.3769633507853403
lambda_star_4_32,6704,0.33507853403141363
lambda_star_4_32,6705,0.31413612565445026
lambda_star_4_32,6706,0.3612565445026178
lambda_star_4_32,6707,0.33507853403141363
lambda_star_4_32,6708,0.387434554973822
lambda_star_4_32,6709,0.3089005235602094
lambda_star_4_32,6710,0.3403141361256545
lambda_star_4_32,6711,0.387434554973822
lambda_star_4_32,6712,0.39267015706806285
lambda_star_4_32,6713,0.35602094240837695
lambda_star_4_32,6714,0.387434554973822
lambda_star_4_32,6715,0.35602094240837695
lambda_star_4_32,6716,0.34554973821989526
lambda_star_4_32,6717,0.39790575916230364
lambda_star_4_32,6718,0.35602094240837695
lambda_star_4_32,6719,0.3298429319371728
lambda_star_4_32,6720,0.3717277486910995
lambda_star_4_32,6721,0.3612565445026178
lambda_star_4_32,6722,0.39790575916230364
lambda_star_4_32,6723,0.32460732984293195
lambda_star_4_32,6724,0.3298429319371728
lambda_star_4_32,6725,0.35602094240837695
lambda_star_4_32,6726,0.3717277486910995
lambda_star_4_32,6727,0.29842931937172773
lambda_star_4_32,6728,0.39267015706806285
lambda_star_4_32,6729,0.3507853403141361
lambda_star_4_32,6730,0.34554973821989526
lambda_star_4_32,6731,0.3507853403141361
lambda_star_4_32,6732,0.3298429319371728
lambda_star_4_32,6733,0.3298429319371728
lambda_star_4_32,6734,0.35602094240837695
lambda_star_4_32,6735,0.387434554973822
lambda_star_4_32,6736,0.3612565445026178
lambda_star_4_32,6737,0.35602094240837695
lambda_star_4_32,6738,0.3298429319371728
lambda_star_4_32,6739,0.3403141361256545
lambda_star_4_32,6740,0.3403141361256545
lambda_star_4_32,6741,0.3769633507853403
lambda_star_4_32,6742,0.33507853403141363
lambda_star_4_32,6743,0.3717277486910995
lambda_star_4_32,6744,0.36649214659685864
lambda_star_4_32,6745,0.35602094240837695
lambda_star_4_32,6746,0.29842931937172773
lambda_star_4_32,6747,0.3403141361256545
lambda_star_4_32,6748,0.32460732984293195
lambda_star_4_32,6749,0.3403141361256545
lambda_star_4_32,6750,0.2931937172774869
lambda_star_4_32,6751,0.34554973821989526
lambda_star_4_32,6752,0.3769633507853403
lambda_star_4_32,6753,0.39790575916230364
lambda_star_4_32,6754,0.3298429319371728
lambda_star_4_32,6755,0.36649214659685864
lambda_star_4_32,6756,0.31413612565445026
lambda_star_4_32,6757,0.33507853403141363
lambda_star_4_32,6758,0.36649214659685864
lambda_star_4_32,6759,0.3403141361256545
lambda_star_4_32,6760,0.2931937172774869
lambda_star_4_32,6761,0.3507853403141361
lambda_star_4_32,6762,0.39790575916230364
lambda_star_4_32,6763,0.3507853403141361
lambda_star_4_32,6764,0.38219895287958117
lambda_star_4_32,6765,0.38219895287958117
lambda_star_4_32,6766,0.35602094240837695
lambda_star_4_32,6767,0.41361256544502617
lambda_star_4_32,6768,0.36649214659685864
lambda_star_4_32,6769,0.3193717277486911
lambda_star_4_32,6770,0.3193717277486911
lambda_star_4_32,6771,0.35602094240837695
lambda_star_4_32,6772,0.39267015706806285
lambda_star_4_32,6773,0.31413612565445026
lambda_star_4_32,6774,0.29842931937172773
lambda_star_4_32,6775,0.33507853403141363
lambda_star_4_32,6776,0.3403141361256545
lambda_star_4_32,6777,0.34554973821989526
lambda_star_4_32,6778,0.3507853403141361
lambda_star_4_32,6779,0.3612565445026178
lambda_star_4_32,6780,0.3036649214659686
lambda_star_4_32,6781,0.3507853403141361
lambda_star_4_32,6782,0.3612565445026178
lambda_star_4_32,6783,0.3612565445026178
lambda_star_4_32,6784,0.34554973821989526
lambda_star_4_32,6785,0.34554973821989526
lambda_star_4_32,6786,0.3089005235602094
lambda_star_4_32,6787,0.3769633507853403
lambda_star_4_32,6788,0.3089005235602094
lambda_star_4_32,6789,0.3298429319371728
lambda_star_4_32,6790,0.3717277486910995
lambda_star_4_32,6791,0.35602094240837695
lambda_star_4_32,6792,0.3298429319371728
lambda_star_4_32,6793,0.35602094240837695
lambda_star_4_32,6794,0.34554973821989526
lambda_star_4_32,6795,0.3298429319371728
lambda_star_4_32,6796,0.32460732984293195
lambda_star_4_32,6797,0.3298429319371728
lambda_star_4_32,6798,0.3403141361256545
lambda_star_4_32,6799,0.3193717277486911
lambda_star_4_32,6800,0.3507853403141361
lambda_star_4_32,6801,0.38219895287958117
lambda_star_4_32,6802,0.3717277486910995
lambda_star_4_32,6803,0.3507853403141361
lambda_star_4_32,6804,0.33507853403141363
lambda_star_4_32,6805,0.3769633507853403
lambda_star_4_32,6806,0.36649214659685864
lambda_star_4_32,6807,0.35602094240837695
lambda_star_4_32,6808,0.33507853403141363
lambda_star_4_32,6809,0.3403141361256545
lambda_star_4_32,6810,0.3193717277486911
lambda_star_4_32,6811,0.3403141361256545
lambda_star_4_32,6812,0.3298429319371728
lambda_star_4_32,6813,0.35602094240837695
lambda_star_4_32,6814,0.34554973821989526
lambda_star_4_32,6815,0.36649214659685864
lambda_star_4_32,6816,0.34554973821989526
lambda_star_4_32,6817,0.34554973821989526
lambda_star_4_32,6818,0.3507853403141361
lambda_star_4_32,6819,0.33507853403141363
lambda_star_4_32,6820,0.3717277486910995
lambda_star_4_32,6821,0.3507853403141361
lambda_star_4_32,6822,0.32460732984293195
lambda_star_4_32,6823,0.33507853403141363
lambda_star_4_32,6824,0.33507853403141363
lambda_star_4_32,6825,0.33507853403141363
lambda_star_4_32,6826,0.3612565445026178
lambda_star_4_32,6827,0.3193717277486911
lambda_star_4_32,6828,0.36649214659685864
lambda_star_4_32,6829,0.3717277486910995
lambda_star_4_32,6830,0.34554973821989526
lambda_star_4_32,6831,0.32460732984293195
lambda_star_4_32,6832,0.3612565445026178
lambda_star_4_32,6833,0.34554973821989526
lambda_star_4_32,6834,0.39267015706806285
lambda_star_4_32,6835,0.3298429319371728
lambda_star_4_32,6836,0.41361256544502617
lambda_star_4_32,6837,0.3403141361256545
lambda_star_4_32,6838,0.3298429319371728
lambda_star_4_32,6839,0.32460732984293195
lambda_star_4_32,6840,0.34554973821989526
lambda_star_4_32,6841,0.3717277486910995
lambda_star_4_32,6842,0.3612565445026178
lambda_star_4_32,6843,0.3298429319371728
lambda_star_4_32,6844,0.35602094240837695
lambda_star_4_32,6845,0.32460732984293195
lambda_star_4_32,6846,0.3769633507853403
lambda_star_4_32,6847,0.38219895287958117
lambda_star_4_32,6848,0.3036649214659686
lambda_star_4_32,6849,0.3717277486910995
lambda_star_4_32,6850,0.4031413612565445
lambda_star_4_32,6851,0.39267015706806285
lambda_star_4_32,6852,0.32460732984293195
lambda_star_4_32,6853,0.3507853403141361
lambda_star_4_32,6854,0.3089005235602094
lambda_star_4_32,6855,0.4083769633507853
lambda_star_4_32,6856,0.35602094240837695
lambda_star_4_32,6857,0.33507853403141363
lambda_star_4_32,6858,0.3403141361256545
lambda_star_4_32,6859,0.31413612565445026
lambda_star_4_32,6860,0.3769633507853403
lambda_star_4_32,6861,0.35602094240837695
lambda_star_4_32,6862,0.36649214659685864
lambda_star_4_32,6863,0.41361256544502617
lambda_star_4_32,6864,0.3507853403141361
lambda_star_4_32,6865,0.3298429319371728
lambda_star_4_32,6866,0.3507853403141361
lambda_star_4_32,6867,0.35602094240837695
lambda_star_4_32,6868,0.3403141361256545
lambda_star_4_32,6869,0.36649214659685864
lambda_star_4_32,6870,0.32460732984293195
lambda_star_4_32,6871,0.38219895287958117
lambda_star_4_32,6872,0.3612565445026178
lambda_star_4_32,6873,0.387434554973822
lambda_star_4_32,6874,0.31413612565445026
lambda_star_4_32,6875,0.41361256544502617
lambda_star_4_32,6876,0.32460732984293195
lambda_star_4_32,6877,0.35602094240837695
lambda_star_4_32,6878,0.3298429319371728
lambda_star_4_32,6879,0.38219895287958117
lambda_star_4_32,6880,0.3403141361256545
lambda_star_4_32,6881,0.35602094240837695
lambda_star_4_32,6882,0.35602094240837695
lambda_star_4_32,6883,0.41361256544502617
lambda_star_4_32,6884,0.35602094240837695
lambda_star_4_32,6885,0.33507853403141363
lambda_star_4_32,6886,0.3036649214659686
lambda_star_4_32,6887,0.34554973821989526
lambda_star_4_32,6888,0.4083769633507853
lambda_star_4_32,6889,0.4293193717277487
lambda_star_4_32,6890,0.32460732984293195
lambda_star_4_32,6891,0.33507853403141363
lambda_star_4_32,6892,0.4031413612565445
lambda_star_4_32,6893,0.3403141361256545
lambda_star_4_32,6894,0.39790575916230364
lambda_star_4_32,6895,0.3769633507853403
lambda_star_4_32,6896,0.3403141361256545
lambda_star_4_32,6897,0.32460732984293195
lambda_star_4_32,6898,0.3507853403141361
lambda_star_4_32,6899,0.34554973821989526
lambda_star_4_32,6900,0.3612565445026178
lambda_star_4_32,6901,0.3403141361256545
lambda_star_4_32,6902,0.35602094240837695
lambda_star_4_32,6903,0.34554973821989526
lambda_star_4_32,6904,0.3507853403141361
lambda_star_4_32,6905,0.31413612565445026
lambda_star_4_32,6906,0.3193717277486911
lambda_star_4_32,6907,0.34554973821989526
lambda_star_4_32,6908,0.34554973821989526
lambda_star_4_32,6909,0.39790575916230364
lambda_star_4_32,6910,0.3769633507853403
lambda_star_4_32,6911,0.36649214659685864
lambda_star_4_32,6912,0.33507853403141363
lambda_star_4_32,6913,0.3612565445026178
lambda_star_4_32,6914,0.3612565445026178
lambda_star_4_32,6915,0.3717277486910995
lambda_star_4_32,6916,0.3089005235602094
lambda_star_4_32,6917,0.32460732984293195
lambda_star_4_32,6918,0.38219895287958117
lambda_star_4_32,6919,0.35602094240837695
lambda_star_4_32,6920,0.3612565445026178
lambda_star_4_32,6921,0.33507853403141363
lambda_star_4_32,6922,0.38219895287958117
lambda_star_4_32,6923,0.32460732984293195
lambda_star_4_32,6924,0.3769633507853403
lambda_star_4_32,6925,0.36649214659685864
lambda_star_4_32,6926,0.3089005235602094
lambda_star_4_32,6927,0.3089005235602094
lambda_star_4_32,6928,0.33507853403141363
lambda_star_4_32,6929,0.3403141361256545
lambda_star_4_32,6930,0.2774869109947644
lambda_star_4_32,6931,0.32460732984293195
lambda_star_4_32,6932,0.3769633507853403
lambda_star_4_32,6933,0.35602094240837695
lambda_star_4_32,6934,0.3298429319371728
lambda_star_4_32,6935,0.3403141361256545
lambda_star_4_32,6936,0.28272251308900526
lambda_star_4_32,6937,0.3507853403141361
lambda_star_4_32,6938,0.3507853403141361
lambda_star_4_32,6939,0.3717277486910995
lambda_star_4_32,6940,0.38219895287958117
lambda_star_4_32,6941,0.36649214659685864
lambda_star_4_32,6942,0.39790575916230364
lambda_star_4_32,6943,0.35602094240837695
lambda_star_4_32,6944,0.3612565445026178
lambda_star_4_32,6945,0.36649214659685864
lambda_star_4_32,6946,0.3403141361256545
lambda_star_4_32,6947,0.3298429319371728
lambda_star_4_32,6948,0.34554973821989526
lambda_star_4_32,6949,0.33507853403141363
lambda_star_4_32,6950,0.38219895287958117
lambda_star_4_32,6951,0.41361256544502617
lambda_star_4_32,6952,0.29842931937172773
lambda_star_4_32,6953,0.3769633507853403
lambda_star_4_32,6954,0.32460732984293195
lambda_star_4_32,6955,0.35602094240837695
lambda_star_4_32,6956,0.33507853403141363
lambda_star_4_32,6957,0.35602094240837695
lambda_star_4_32,6958,0.3403141361256545
lambda_star_4_32,6959,0.2774869109947644
lambda_star_4_32,6960,0.3717277486910995
lambda_star_4_32,6961,0.29842931937172773
lambda_star_4_32,6962,0.3612565445026178
lambda_star_4_32,6963,0.34554973821989526
lambda_star_4_32,6964,0.31413612565445026
lambda_star_4_32,6965,0.36649214659685864
lambda_star_4_32,6966,0.34554973821989526
lambda_star_4_32,6967,0.3036649214659686
lambda_star_4_32,6968,0.35602094240837695
lambda_star_4_32,6969,0.2931937172774869
lambda_star_4_32,6970,0.3507853403141361
lambda_star_4_32,6971,0.32460732984293195
lambda_star_4_32,6972,0.3403141361256545
lambda_star_4_32,6973,0.3298429319371728
lambda_star_4_32,6974,0.35602094240837695
lambda_star_4_32,6975,0.3403141361256545
lambda_star_4_32,6976,0.3507853403141361
lambda_star_4_32,6977,0.3717277486910995
lambda_star_4_32,6978,0.36649214659685864
lambda_star_4_32,6979,0.38219895287958117
lambda_star_4_32,6980,0.3089005235602094
lambda_star_4_32,6981,0.3769633507853403
lambda_star_4_32,6982,0.3612565445026178
lambda_star_4_32,6983,0.33507853403141363
lambda_star_4_32,6984,0.38219895287958117
lambda_star_4_32,6985,0.34554973821989526
lambda_star_4_32,6986,0.36649214659685864
lambda_star_4_32,6987,0.33507853403141363
lambda_star_4_32,6988,0.3612565445026178
lambda_star_4_32,6989,0.3612565445026178
lambda_star_4_32,6990,0.3612565445026178
lambda_star_4_32,6991,0.38219895287958117
lambda_star_4_32,6992,0.3036649214659686
lambda_star_4_32,6993,0.4031413612565445
lambda_star_4_32,6994,0.3298429319371728
lambda_star_4_32,6995,0.33507853403141363
lambda_star_4_32,6996,0.3403141361256545
lambda_star_4_32,6997,0.34554973821989526
lambda_star_4_32,6998,0.4083769633507853
lambda_star_4_32,6999,0.3403141361256545
lambda_star_4_32,7000,0.29842931937172773
lambda_star_4_32,7001,0.34554973821989526
lambda_star_4_32,7002,0.34554973821989526
lambda_star_4_32,7003,0.32460732984293195
lambda_star_4_32,7004,0.34554973821989526
lambda_star_4_32,7005,0.29842931937172773
lambda_star_4_32,7006,0.38219895287958117
lambda_star_4_32,7007,0.387434554973822
lambda_star_4_32,7008,0.3036649214659686
lambda_star_4_32,7009,0.387434554973822
lambda_star_4_32,7010,0.3298429319371728
lambda_star_4_32,7011,0.3717277486910995
lambda_star_4_32,7012,0.32460732984293195
lambda_star_4_32,7013,0.3298429319371728
lambda_star_4_32,7014,0.36649214659685864
lambda_star_4_32,7015,0.33507853403141363
lambda_star_4_32,7016,0.2931937172774869
lambda_star_4_32,7017,0.34554973821989526
lambda_star_4_32,7018,0.3089005235602094
lambda_star_4_32,7019,0.3403141361256545
lambda_star_4_32,7020,0.3717277486910995
lambda_star_4_32,7021,0.39790575916230364
lambda_star_4_32,7022,0.32460732984293195
lambda_star_4_32,7023,0.34554973821989526
lambda_star_4_32,7024,0.3403141361256545
lambda_star_4_32,7025,0.33507853403141363
lambda_star_4_32,7026,0.3769633507853403
lambda_star_4_32,7027,0.34554973821989526
lambda_star_4_32,7028,0.3769633507853403
lambda_star_4_32,7029,0.38219895287958117
lambda_star_4_32,7030,0.3612565445026178
lambda_star_4_32,7031,0.3036649214659686
lambda_star_4_32,7032,0.32460732984293195
lambda_star_4_32,7033,0.36649214659685864
lambda_star_4_32,7034,0.3507853403141361
lambda_star_4_32,7035,0.387434554973822
lambda_star_4_32,7036,0.3717277486910995
lambda_star_4_32,7037,0.35602094240837695
lambda_star_4_32,7038,0.33507853403141363
lambda_star_4_32,7039,0.3403141361256545
lambda_star_4_32,7040,0.3507853403141361
lambda_star_4_32,7041,0.35602094240837695
lambda_star_4_32,7042,0.3193717277486911
lambda_star_4_32,7043,0.3507853403141361
lambda_star_4_32,7044,0.31413612565445026
lambda_star_4_32,7045,0.387434554973822
lambda_star_4_32,7046,0.3769633507853403
lambda_star_4_32,7047,0.3403141361256545
lambda_star_4_32,7048,0.3612565445026178
lambda_star_4_32,7049,0.34554973821989526
lambda_star_4_32,7050,0.38219895287958117
lambda_star_4_32,7051,0.3089005235602094
lambda_star_4_32,7052,0.3717277486910995
lambda_star_4_32,7053,0.3298429319371728
lambda_star_4_32,7054,0.3769633507853403
lambda_star_4_32,7055,0.3036649214659686
lambda_star_4_32,7056,0.3403141361256545
lambda_star_4_32,7057,0.3193717277486911
lambda_star_4_32,7058,0.33507853403141363
lambda_star_4_32,7059,0.36649214659685864
lambda_star_4_32,7060,0.38219895287958117
lambda_star_4_32,7061,0.36649214659685864
lambda_star_4_32,7062,0.34554973821989526
lambda_star_4_32,7063,0.387434554973822
lambda_star_4_32,7064,0.3769633507853403
lambda_star_4_32,7065,0.3612565445026178
lambda_star_4_32,7066,0.4031413612565445
lambda_star_4_32,7067,0.3612565445026178
lambda_star_4_32,7068,0.29842931937172773
lambda_star_4_32,7069,0.387434554973822
lambda_star_4_32,7070,0.39267015706806285
lambda_star_4_32,7071,0.3769633507853403
lambda_star_4_32,7072,0.3769633507853403
lambda_star_4_32,7073,0.3403141361256545
lambda_star_4_32,7074,0.3507853403141361
lambda_star_4_32,7075,0.38219895287958117
lambda_star_4_32,7076,0.35602094240837695
lambda_star_4_32,7077,0.35602094240837695
lambda_star_4_32,7078,0.34554973821989526
lambda_star_4_32,7079,0.3507853403141361
lambda_star_4_32,7080,0.38219895287958117
lambda_star_4_32,7081,0.387434554973822
lambda_star_4_32,7082,0.3507853403141361
lambda_star_4_32,7083,0.3769633507853403
lambda_star_4_32,7084,0.38219895287958117
lambda_star_4_32,7085,0.36649214659685864
lambda_star_4_32,7086,0.387434554973822
lambda_star_4_32,7087,0.33507853403141363
lambda_star_4_32,7088,0.3507853403141361
lambda_star_4_32,7089,0.3507853403141361
lambda_star_4_32,7090,0.3193717277486911
lambda_star_4_32,7091,0.31413612565445026
lambda_star_4_32,7092,0.36649214659685864
lambda_star_4_32,7093,0.38219895287958117
lambda_star_4_32,7094,0.33507853403141363
lambda_star_4_32,7095,0.3507853403141361
lambda_star_4_32,7096,0.3089005235602094
lambda_star_4_32,7097,0.35602094240837695
lambda_star_4_32,7098,0.35602094240837695
lambda_star_4_32,7099,0.33507853403141363
lambda_star_4_32,7100,0.3612565445026178
lambda_star_4_32,7101,0.3507853403141361
lambda_star_4_32,7102,0.39267015706806285
lambda_star_4_32,7103,0.34554973821989526
lambda_star_4_32,7104,0.3717277486910995
lambda_star_4_32,7105,0.3298429319371728
lambda_star_4_32,7106,0.3717277486910995
lambda_star_4_32,7107,0.32460732984293195
lambda_star_4_32,7108,0.3403141361256545
lambda_star_4_32,7109,0.32460732984293195
lambda_star_4_32,7110,0.34554973821989526
lambda_star_4_32,7111,0.3769633507853403
lambda_star_4_32,7112,0.34554973821989526
lambda_star_4_32,7113,0.3403141361256545
lambda_star_4_32,7114,0.35602094240837695
lambda_star_4_32,7115,0.35602094240837695
lambda_star_4_32,7116,0.41361256544502617
lambda_star_4_32,7117,0.4083769633507853
lambda_star_4_32,7118,0.38219895287958117
lambda_star_4_32,7119,0.35602094240837695
lambda_star_4_32,7120,0.3507853403141361
lambda_star_4_32,7121,0.3769633507853403
lambda_star_4_32,7122,0.3036649214659686
lambda_star_4_32,7123,0.3403141361256545
lambda_star_4_32,7124,0.3612565445026178
lambda_star_4_32,7125,0.3769633507853403
lambda_star_4_32,7126,0.32460732984293195
lambda_star_4_32,7127,0.3193717277486911
lambda_star_4_32,7128,0.3612565445026178
lambda_star_4_32,7129,0.3507853403141361
lambda_star_4_32,7130,0.34554973821989526
lambda_star_4_32,7131,0.39790575916230364
lambda_star_4_32,7132,0.3036649214659686
lambda_star_4_32,7133,0.387434554973822
lambda_star_4_32,7134,0.3612565445026178
lambda_star_4_32,7135,0.3298429319371728
lambda_star_4_32,7136,0.3036649214659686
lambda_star_4_32,7137,0.3612565445026178
lambda_star_4_32,7138,0.3298429319371728
lambda_star_4_32,7139,0.3298429319371728
lambda_star_4_32,7140,0.33507853403141363
lambda_star_4_32,7141,0.3717277486910995
lambda_star_4_32,7142,0.35602094240837695
lambda_star_4_32,7143,0.3403141361256545
lambda_star_4_32,7144,0.32460732984293195
lambda_star_4_32,7145,0.35602094240837695
lambda_star_4_32,7146,0.2931937172774869
lambda_star_4_32,7147,0.387434554973822
lambda_star_4_32,7148,0.3612565445026178
lambda_star_4_32,7149,0.387434554973822
lambda_star_4_32,7150,0.35602094240837695
lambda_star_4_32,7151,0.33507853403141363
lambda_star_4_32,7152,0.3298429319371728
lambda_star_4_32,7153,0.3298429319371728
lambda_star_4_32,7154,0.4031413612565445
lambda_star_4_32,7155,0.34554973821989526
lambda_star_4_32,7156,0.3036649214659686
lambda_star_4_32,7157,0.3612565445026178
lambda_star_4_32,7158,0.34554973821989526
lambda_star_4_32,7159,0.35602094240837695
lambda_star_4_32,7160,0.3769633507853403
lambda_star_4_32,7161,0.34554973821989526
lambda_star_4_32,7162,0.3403141361256545
lambda_star_4_32,7163,0.33507853403141363
lambda_star_4_32,7164,0.3507853403141361
lambda_star_4_32,7165,0.38219895287958117
lambda_star_4_32,7166,0.3298429319371728
lambda_star_4_32,7167,0.39267015706806285
lambda_star_4_32,7168,0.3612565445026178
lambda_star_4_32,7169,0.3298429319371728
lambda_star_4_32,7170,0.34554973821989526
lambda_star_4_32,7171,0.3507853403141361
lambda_star_4_32,7172,0.3612565445026178
lambda_star_4_32,7173,0.3089005235602094
lambda_star_4_32,7174,0.4031413612565445
lambda_star_4_32,7175,0.38219895287958117
lambda_star_4_32,7176,0.35602094240837695
lambda_star_4_32,7177,0.39267015706806285
lambda_star_4_32,7178,0.36649214659685864
lambda_star_4_32,7179,0.387434554973822
lambda_star_4_32,7180,0.3193717277486911
lambda_star_4_32,7181,0.38219895287958117
lambda_star_4_32,7182,0.36649214659685864
lambda_star_4_32,7183,0.3612565445026178
lambda_star_4_32,7184,0.35602094240837695
lambda_star_4_32,7185,0.3612565445026178
lambda_star_4_32,7186,0.3717277486910995
lambda_star_4_32,7187,0.36649214659685864
lambda_star_4_32,7188,0.3193717277486911
lambda_star_4_32,7189,0.3403141361256545
lambda_star_4_32,7190,0.2774869109947644
lambda_star_4_32,7191,0.3769633507853403
lambda_star_4_32,7192,0.3612565445026178
lambda_star_4_32,7193,0.3769633507853403
lambda_star_4_32,7194,0.32460732984293195
lambda_star_4_32,7195,0.38219895287958117
lambda_star_4_32,7196,0.3193717277486911
lambda_star_4_32,7197,0.3403141361256545
lambda_star_4_32,7198,0.3717277486910995
lambda_star_4_32,7199,0.3298429319371728
lambda_star_4_32,7200,0.35602094240837695
lambda_star_4_32,7201,0.3298429319371728
lambda_star_4_32,7202,0.33507853403141363
lambda_star_4_32,7203,0.38219895287958117
lambda_star_4_32,7204,0.3298429319371728
lambda_star_4_32,7205,0.3769633507853403
lambda_star_4_32,7206,0.3769633507853403
lambda_star_4_32,7207,0.32460732984293195
lambda_star_4_32,7208,0.32460732984293195
lambda_star_4_32,7209,0.3507853403141361
lambda_star_4_32,7210,0.3089005235602094
lambda_star_4_32,7211,0.36649214659685864
lambda_star_4_32,7212,0.2931937172774869
lambda_star_4_32,7213,0.3769633507853403
lambda_star_4_32,7214,0.32460732984293195
lambda_star_4_32,7215,0.35602094240837695
lambda_star_4_32,7216,0.36649214659685864
lambda_star_4_32,7217,0.32460732984293195
lambda_star_4_32,7218,0.35602094240837695
lambda_star_4_32,7219,0.35602094240837695
lambda_star_4_32,7220,0.32460732984293195
lambda_star_4_32,7221,0.35602094240837695
lambda_star_4_32,7222,0.38219895287958117
lambda_star_4_32,7223,0.3089005235602094
lambda_star_4_32,7224,0.3403141361256545
lambda_star_4_32,7225,0.31413612565445026
lambda_star_4_32,7226,0.3298429319371728
lambda_star_4_32,7227,0.3403141361256545
lambda_star_4_32,7228,0.3089005235602094
lambda_star_4_32,7229,0.3769633507853403
lambda_star_4_32,7230,0.3193717277486911
lambda_star_4_32,7231,0.32460732984293195
lambda_star_4_32,7232,0.39267015706806285
lambda_star_4_32,7233,0.33507853403141363
lambda_star_4_32,7234,0.3717277486910995
lambda_star_4_32,7235,0.3612565445026178
lambda_star_4_32,7236,0.3717277486910995
lambda_star_4_32,7237,0.34554973821989526
lambda_star_4_32,7238,0.3507853403141361
lambda_star_4_32,7239,0.3403141361256545
lambda_star_4_32,7240,0.3403141361256545
lambda_star_4_32,7241,0.3403141361256545
lambda_star_4_32,7242,0.3193717277486911
lambda_star_4_32,7243,0.387434554973822
lambda_star_4_32,7244,0.35602094240837695
lambda_star_4_32,7245,0.29842931937172773
lambda_star_4_32,7246,0.3612565445026178
lambda_star_4_32,7247,0.4397905759162304
lambda_star_4_32,7248,0.3717277486910995
lambda_star_4_32,7249,0.36649214659685864
lambda_star_4_32,7250,0.3507853403141361
lambda_star_4_32,7251,0.3036649214659686
lambda_star_4_32,7252,0.3717277486910995
lambda_star_4_32,7253,0.3193717277486911
lambda_star_4_32,7254,0.35602094240837695
lambda_star_4_32,7255,0.32460732984293195
lambda_star_4_32,7256,0.3298429319371728
lambda_star_4_32,7257,0.33507853403141363
lambda_star_4_32,7258,0.3298429319371728
lambda_star_4_32,7259,0.3089005235602094
lambda_star_4_32,7260,0.38219895287958117
lambda_star_4_32,7261,0.3298429319371728
lambda_star_4_32,7262,0.3612565445026178
lambda_star_4_32,7263,0.3612565445026178
lambda_star_4_32,7264,0.29842931937172773
lambda_star_4_32,7265,0.33507853403141363
lambda_star_4_32,7266,0.35602094240837695
lambda_star_4_32,7267,0.27225130890052357
lambda_star_4_32,7268,0.3036649214659686
lambda_star_4_32,7269,0.34554973821989526
lambda_star_4_32,7270,0.3036649214659686
lambda_star_4_32,7271,0.3717277486910995
lambda_star_4_32,7272,0.33507853403141363
lambda_star_4_32,7273,0.3717277486910995
lambda_star_4_32,7274,0.3036649214659686
lambda_star_4_32,7275,0.31413612565445026
lambda_star_4_32,7276,0.4031413612565445
lambda_star_4_32,7277,0.3769633507853403
lambda_star_4_32,7278,0.36649214659685864
lambda_star_4_32,7279,0.3507853403141361
lambda_star_4_32,7280,0.36649214659685864
lambda_star_4_32,7281,0.34554973821989526
lambda_star_4_32,7282,0.32460732984293195
lambda_star_4_32,7283,0.3717277486910995
lambda_star_4_32,7284,0.3403141361256545
lambda_star_4_32,7285,0.34554973821989526
lambda_star_4_32,7286,0.2931937172774869
lambda_star_4_32,7287,0.32460732984293195
lambda_star_4_32,7288,0.35602094240837695
lambda_star_4_32,7289,0.3403141361256545
lambda_star_4_32,7290,0.4031413612565445
lambda_star_4_32,7291,0.35602094240837695
lambda_star_4_32,7292,0.3769633507853403
lambda_star_4_32,7293,0.32460732984293195
lambda_star_4_32,7294,0.3298429319371728
lambda_star_4_32,7295,0.3403141361256545
lambda_star_4_32,7296,0.3507853403141361
lambda_star_4_32,7297,0.3507853403141361
lambda_star_4_32,7298,0.3193717277486911
lambda_star_4_32,7299,0.33507853403141363
lambda_star_4_32,7300,0.33507853403141363
lambda_star_4_32,7301,0.32460732984293195
lambda_star_4_32,7302,0.3036649214659686
lambda_star_4_32,7303,0.3193717277486911
lambda_star_4_32,7304,0.3089005235602094
lambda_star_4_32,7305,0.32460732984293195
lambda_star_4_32,7306,0.3193717277486911
lambda_star_4_32,7307,0.3507853403141361
lambda_star_4_32,7308,0.33507853403141363
lambda_star_4_32,7309,0.33507853403141363
lambda_star_4_32,7310,0.3403141361256545
lambda_star_4_32,7311,0.3507853403141361
lambda_star_4_32,7312,0.3403141361256545
lambda_star_4_32,7313,0.3769633507853403
lambda_star_4_32,7314,0.3193717277486911
lambda_star_4_32,7315,0.3507853403141361
lambda_star_4_32,7316,0.3717277486910995
lambda_star_4_32,7317,0.33507853403141363
lambda_star_4_32,7318,0.3193717277486911
lambda_star_4_32,7319,0.32460732984293195
lambda_star_4_32,7320,0.3403141361256545
lambda_star_4_32,7321,0.3298429319371728
lambda_star_4_32,7322,0.34554973821989526
lambda_star_4_32,7323,0.34554973821989526
lambda_star_4_32,7324,0.35602094240837695
lambda_star_4_32,7325,0.3612565445026178
lambda_star_4_32,7326,0.3507853403141361
lambda_star_4_32,7327,0.3612565445026178
lambda_star_4_32,7328,0.24607329842931938
lambda_star_4_32,7329,0.32460732984293195
lambda_star_4_32,7330,0.3769633507853403
lambda_star_4_32,7331,0.3717277486910995
lambda_star_4_32,7332,0.39790575916230364
lambda_star_4_32,7333,0.31413612565445026
lambda_star_4_32,7334,0.3507853403141361
lambda_star_4_32,7335,0.36649214659685864
lambda_star_4_32,7336,0.38219895287958117
lambda_star_4_32,7337,0.38219895287958117
lambda_star_4_32,7338,0.33507853403141363
lambda_star_4_32,7339,0.3507853403141361
lambda_star_4_32,7340,0.36649214659685864
lambda_star_4_32,7341,0.38219895287958117
lambda_star_4_32,7342,0.38219895287958117
lambda_star_4_32,7343,0.31413612565445026
lambda_star_4_32,7344,0.36649214659685864
lambda_star_4_32,7345,0.3612565445026178
lambda_star_4_32,7346,0.35602094240837695
lambda_star_4_32,7347,0.3193717277486911
lambda_star_4_32,7348,0.29842931937172773
lambda_star_4_32,7349,0.4031413612565445
lambda_star_4_32,7350,0.38219895287958117
lambda_star_4_32,7351,0.39267015706806285
lambda_star_4_32,7352,0.3507853403141361
lambda_star_4_32,7353,0.3612565445026178
lambda_star_4_32,7354,0.3507853403141361
lambda_star_4_32,7355,0.36649214659685864
lambda_star_4_32,7356,0.3089005235602094
lambda_star_4_32,7357,0.39267015706806285
lambda_star_4_32,7358,0.3298429319371728
lambda_star_4_32,7359,0.39267015706806285
lambda_star_4_32,7360,0.3403141361256545
lambda_star_4_32,7361,0.3507853403141361
lambda_star_4_32,7362,0.36649214659685864
lambda_star_4_32,7363,0.3403141361256545
lambda_star_4_32,7364,0.3298429319371728
lambda_star_4_32,7365,0.31413612565445026
lambda_star_4_32,7366,0.3717277486910995
lambda_star_4_32,7367,0.33507853403141363
lambda_star_4_32,7368,0.3769633507853403
lambda_star_4_32,7369,0.3612565445026178
lambda_star_4_32,7370,0.38219895287958117
lambda_star_4_32,7371,0.3298429319371728
lambda_star_4_32,7372,0.3403141361256545
lambda_star_4_32,7373,0.35602094240837695
lambda_star_4_32,7374,0.3193717277486911
lambda_star_4_32,7375,0.34554973821989526
lambda_star_4_32,7376,0.42408376963350786
lambda_star_4_32,7377,0.36649214659685864
lambda_star_4_32,7378,0.35602094240837695
lambda_star_4_32,7379,0.3507853403141361
lambda_star_4_32,7380,0.34554973821989526
lambda_star_4_32,7381,0.3612565445026178
lambda_star_4_32,7382,0.3612565445026178
lambda_star_4_32,7383,0.3507853403141361
lambda_star_4_32,7384,0.3507853403141361
lambda_star_4_32,7385,0.35602094240837695
lambda_star_4_32,7386,0.3717277486910995
lambda_star_4_32,7387,0.33507853403141363
lambda_star_4_32,7388,0.33507853403141363
lambda_star_4_32,7389,0.38219895287958117
lambda_star_4_32,7390,0.34554973821989526
lambda_star_4_32,7391,0.3769633507853403
lambda_star_4_32,7392,0.36649214659685864
lambda_star_4_32,7393,0.4031413612565445
lambda_star_4_32,7394,0.38219895287958117
lambda_star_4_32,7395,0.36649214659685864
lambda_star_4_32,7396,0.31413612565445026
lambda_star_4_32,7397,0.34554973821989526
lambda_star_4_32,7398,0.3612565445026178
lambda_star_4_32,7399,0.3089005235602094
lambda_star_4_32,7400,0.3193717277486911
lambda_star_4_32,7401,0.35602094240837695
lambda_star_4_32,7402,0.41361256544502617
lambda_star_4_32,7403,0.3089005235602094
lambda_star_4_32,7404,0.3193717277486911
lambda_star_4_32,7405,0.36649214659685864
lambda_star_4_32,7406,0.35602094240837695
lambda_star_4_32,7407,0.3769633507853403
lambda_star_4_32,7408,0.3717277486910995
lambda_star_4_32,7409,0.32460732984293195
lambda_star_4_32,7410,0.3507853403141361
lambda_star_4_32,7411,0.34554973821989526
lambda_star_4_32,7412,0.35602094240837695
lambda_star_4_32,7413,0.3769633507853403
lambda_star_4_32,7414,0.36649214659685864
lambda_star_4_32,7415,0.34554973821989526
lambda_star_4_32,7416,0.3403141361256545
lambda_star_4_32,7417,0.34554973821989526
lambda_star_4_32,7418,0.3769633507853403
lambda_star_4_32,7419,0.3193717277486911
lambda_star_4_32,7420,0.3298429319371728
lambda_star_4_32,7421,0.33507853403141363
lambda_star_4_32,7422,0.33507853403141363
lambda_star_4_32,7423,0.38219895287958117
lambda_star_4_32,7424,0.38219895287958117
lambda_star_4_32,7425,0.3717277486910995
lambda_star_4_32,7426,0.3403141361256545
lambda_star_4_32,7427,0.2774869109947644
lambda_star_4_32,7428,0.3612565445026178
lambda_star_4_32,7429,0.35602094240837695
lambda_star_4_32,7430,0.387434554973822
lambda_star_4_32,7431,0.3403141361256545
lambda_star_4_32,7432,0.3298429319371728
lambda_star_4_32,7433,0.3036649214659686
lambda_star_4_32,7434,0.32460732984293195
lambda_star_4_32,7435,0.31413612565445026
lambda_star_4_32,7436,0.3507853403141361
lambda_star_4_32,7437,0.33507853403141363
lambda_star_4_32,7438,0.3298429319371728
lambda_star_4_32,7439,0.29842931937172773
lambda_star_4_32,7440,0.387434554973822
lambda_star_4_32,7441,0.3403141361256545
lambda_star_4_32,7442,0.39790575916230364
lambda_star_4_32,7443,0.3403141361256545
lambda_star_4_32,7444,0.34554973821989526
lambda_star_4_32,7445,0.3612565445026178
lambda_star_4_32,7446,0.34554973821989526
lambda_star_4_32,7447,0.3193717277486911
lambda_star_4_32,7448,0.39790575916230364
lambda_star_4_32,7449,0.3403141361256545
lambda_star_4_32,7450,0.32460732984293195
lambda_star_4_32,7451,0.32460732984293195
lambda_star_4_32,7452,0.3612565445026178
lambda_star_4_32,7453,0.3193717277486911
lambda_star_4_32,7454,0.3403141361256545
lambda_star_4_32,7455,0.32460732984293195
lambda_star_4_32,7456,0.33507853403141363
lambda_star_4_32,7457,0.3717277486910995
lambda_star_4_32,7458,0.3717277486910995
lambda_star_4_32,7459,0.3193717277486911
lambda_star_4_32,7460,0.3089005235602094
lambda_star_4_32,7461,0.3717277486910995
lambda_star_4_32,7462,0.3298429319371728
lambda_star_4_32,7463,0.387434554973822
lambda_star_4_32,7464,0.387434554973822
lambda_star_4_32,7465,0.35602094240837695
lambda_star_4_32,7466,0.3298429319371728
lambda_star_4_32,7467,0.3612565445026178
lambda_star_4_32,7468,0.34554973821989526
lambda_star_4_32,7469,0.32460732984293195
lambda_star_4_32,7470,0.3717277486910995
lambda_star_4_32,7471,0.32460732984293195
lambda_star_4_32,7472,0.2931937172774869
lambda_star_4_32,7473,0.3507853403141361
lambda_star_4_32,7474,0.36649214659685864
lambda_star_4_32,7475,0.42408376963350786
lambda_star_4_32,7476,0.3403141361256545
lambda_star_4_32,7477,0.39267015706806285
lambda_star_4_32,7478,0.39267015706806285
lambda_star_4_32,7479,0.3298429319371728
lambda_star_4_32,7480,0.38219895287958117
lambda_star_4_32,7481,0.3193717277486911
lambda_star_4_32,7482,0.3717277486910995
lambda_star_4_32,7483,0.31413612565445026
lambda_star_4_32,7484,0.3717277486910995
lambda_star_4_32,7485,0.3403141361256545
lambda_star_4_32,7486,0.36649214659685864
lambda_star_4_32,7487,0.35602094240837695
lambda_star_4_32,7488,0.36649214659685864
lambda_star_4_32,7489,0.35602094240837695
lambda_star_4_32,7490,0.33507853403141363
lambda_star_4_32,7491,0.3507853403141361
lambda_star_4_32,7492,0.3717277486910995
lambda_star_4_32,7493,0.3193717277486911
lambda_star_4_32,7494,0.3507853403141361
lambda_star_4_32,7495,0.3036649214659686
lambda_star_4_32,7496,0.3769633507853403
lambda_star_4_32,7497,0.3403141361256545
lambda_star_4_32,7498,0.38219895287958117
lambda_star_4_32,7499,0.39267015706806285
lambda_star_4_32,7500,0.3298429319371728
lambda_star_4_32,7501,0.35602094240837695
lambda_star_4_32,7502,0.3403141361256545
lambda_star_4_32,7503,0.3769633507853403
lambda_star_4_32,7504,0.33507853403141363
lambda_star_4_32,7505,0.3193717277486911
lambda_star_4_32,7506,0.3193717277486911
lambda_star_4_32,7507,0.387434554973822
lambda_star_4_32,7508,0.33507853403141363
lambda_star_4_32,7509,0.3089005235602094
lambda_star_4_32,7510,0.3036649214659686
lambda_star_4_32,7511,0.3507853403141361
lambda_star_4_32,7512,0.3403141361256545
lambda_star_4_32,7513,0.38219895287958117
lambda_star_4_32,7514,0.32460732984293195
lambda_star_4_32,7515,0.3403141361256545
lambda_star_4_32,7516,0.36649214659685864
lambda_star_4_32,7517,0.38219895287958117
lambda_star_4_32,7518,0.35602094240837695
lambda_star_4_32,7519,0.3298429319371728
lambda_star_4_32,7520,0.2879581151832461
lambda_star_4_32,7521,0.3769633507853403
lambda_star_4_32,7522,0.38219895287958117
lambda_star_4_32,7523,0.3507853403141361
lambda_star_4_32,7524,0.36649214659685864
lambda_star_4_32,7525,0.3507853403141361
lambda_star_4_32,7526,0.3036649214659686
lambda_star_4_32,7527,0.36649214659685864
lambda_star_4_32,7528,0.3089005235602094
lambda_star_4_32,7529,0.3612565445026178
lambda_star_4_32,7530,0.34554973821989526
lambda_star_4_32,7531,0.39267015706806285
lambda_star_4_32,7532,0.3298429319371728
lambda_star_4_32,7533,0.36649214659685864
lambda_star_4_32,7534,0.33507853403141363
lambda_star_4_32,7535,0.3717277486910995
lambda_star_4_32,7536,0.34554973821989526
lambda_star_4_32,7537,0.34554973821989526
lambda_star_4_32,7538,0.38219895287958117
lambda_star_4_32,7539,0.39790575916230364
lambda_star_4_32,7540,0.3298429319371728
lambda_star_4_32,7541,0.3298429319371728
lambda_star_4_32,7542,0.31413612565445026
lambda_star_4_32,7543,0.28272251308900526
lambda_star_4_32,7544,0.3403141361256545
lambda_star_4_32,7545,0.34554973821989526
lambda_star_4_32,7546,0.3089005235602094
lambda_star_4_32,7547,0.33507853403141363
lambda_star_4_32,7548,0.31413612565445026
lambda_star_4_32,7549,0.387434554973822
lambda_star_4_32,7550,0.31413612565445026
lambda_star_4_32,7551,0.38219895287958117
lambda_star_4_32,7552,0.33507853403141363
lambda_star_4_32,7553,0.3193717277486911
lambda_star_4_32,7554,0.35602094240837695
lambda_star_4_32,7555,0.3403141361256545
lambda_star_4_32,7556,0.3403141361256545
lambda_star_4_32,7557,0.3089005235602094
lambda_star_4_32,7558,0.3612565445026178
lambda_star_4_32,7559,0.38219895287958117
lambda_star_4_32,7560,0.3193717277486911
lambda_star_4_32,7561,0.3769633507853403
lambda_star_4_32,7562,0.33507853403141363
lambda_star_4_32,7563,0.3612565445026178
lambda_star_4_32,7564,0.3717277486910995
lambda_star_4_32,7565,0.32460732984293195
lambda_star_4_32,7566,0.3769633507853403
lambda_star_4_32,7567,0.3507853403141361
lambda_star_4_32,7568,0.31413612565445026
lambda_star_4_32,7569,0.3769633507853403
lambda_star_4_32,7570,0.3507853403141361
lambda_star_4_32,7571,0.3403141361256545
lambda_star_4_32,7572,0.3089005235602094
lambda_star_4_32,7573,0.35602094240837695
lambda_star_4_32,7574,0.31413612565445026
lambda_star_4_32,7575,0.3507853403141361
lambda_star_4_32,7576,0.33507853403141363
lambda_star_4_32,7577,0.33507853403141363
lambda_star_4_32,7578,0.3193717277486911
lambda_star_4_32,7579,0.3298429319371728
lambda_star_4_32,7580,0.36649214659685864
lambda_star_4_32,7581,0.3089005235602094
lambda_star_4_32,7582,0.3193717277486911
lambda_star_4_32,7583,0.3298429319371728
lambda_star_4_32,7584,0.3507853403141361
lambda_star_4_32,7585,0.3769633507853403
lambda_star_4_32,7586,0.3507853403141361
lambda_star_4_32,7587,0.32460732984293195
lambda_star_4_32,7588,0.34554973821989526
lambda_star_4_32,7589,0.3612565445026178
lambda_star_4_32,7590,0.3403141361256545
lambda_star_4_32,7591,0.4031413612565445
lambda_star_4_32,7592,0.3507853403141361
lambda_star_4_32,7593,0.3403141361256545
lambda_star_4_32,7594,0.3298429319371728
lambda_star_4_32,7595,0.3403141361256545
lambda_star_4_32,7596,0.36649214659685864
lambda_star_4_32,7597,0.39267015706806285
lambda_star_4_32,7598,0.38219895287958117
lambda_star_4_32,7599,0.33507853403141363
lambda_star_4_32,7600,0.3507853403141361
lambda_star_4_32,7601,0.33507853403141363
lambda_star_4_32,7602,0.32460732984293195
lambda_star_4_32,7603,0.3403141361256545
lambda_star_4_32,7604,0.38219895287958117
lambda_star_4_32,7605,0.3507853403141361
lambda_star_4_32,7606,0.35602094240837695
lambda_star_4_32,7607,0.34554973821989526
lambda_star_4_32,7608,0.38219895287958117
lambda_star_4_32,7609,0.2931937172774869
lambda_star_4_32,7610,0.3403141361256545
lambda_star_4_32,7611,0.3507853403141361
lambda_star_4_32,7612,0.3612565445026178
lambda_star_4_32,7613,0.36649214659685864
lambda_star_4_32,7614,0.3612565445026178
lambda_star_4_32,7615,0.3612565445026178
lambda_star_4_32,7616,0.418848167539267
lambda_star_4_32,7617,0.3298429319371728
lambda_star_4_32,7618,0.3612565445026178
lambda_star_4_32,7619,0.42408376963350786
lambda_star_4_32,7620,0.2670157068062827
lambda_star_4_32,7621,0.35602094240837695
lambda_star_4_32,7622,0.38219895287958117
lambda_star_4_32,7623,0.3612565445026178
lambda_star_4_32,7624,0.3769633507853403
lambda_star_4_32,7625,0.39267015706806285
lambda_star_4_32,7626,0.4083769633507853
lambda_star_4_32,7627,0.3403141361256545
lambda_star_4_32,7628,0.31413612565445026
lambda_star_4_32,7629,0.35602094240837695
lambda_star_4_32,7630,0.39790575916230364
lambda_star_4_32,7631,0.36649214659685864
lambda_star_4_32,7632,0.38219895287958117
lambda_star_4_32,7633,0.39267015706806285
lambda_star_4_32,7634,0.32460732984293195
lambda_star_4_32,7635,0.2617801047120419
lambda_star_4_32,7636,0.3089005235602094
lambda_star_4_32,7637,0.3769633507853403
lambda_star_4_32,7638,0.387434554973822
lambda_star_4_32,7639,0.3769633507853403
lambda_star_4_32,7640,0.39267015706806285
lambda_star_4_32,7641,0.3403141361256545
lambda_star_4_32,7642,0.3507853403141361
lambda_star_4_32,7643,0.38219895287958117
lambda_star_4_32,7644,0.3298429319371728
lambda_star_4_32,7645,0.32460732984293195
lambda_star_4_32,7646,0.3298429319371728
lambda_star_4_32,7647,0.3612565445026178
lambda_star_4_32,7648,0.3089005235602094
lambda_star_4_32,7649,0.38219895287958117
lambda_star_4_32,7650,0.32460732984293195
lambda_star_4_32,7651,0.34554973821989526
lambda_star_4_32,7652,0.2879581151832461
lambda_star_4_32,7653,0.3769633507853403
lambda_star_4_32,7654,0.3717277486910995
lambda_star_4_32,7655,0.3036649214659686
lambda_star_4_32,7656,0.3769633507853403
lambda_star_4_32,7657,0.33507853403141363
lambda_star_4_32,7658,0.3403141361256545
lambda_star_4_32,7659,0.3769633507853403
lambda_star_4_32,7660,0.3089005235602094
lambda_star_4_32,7661,0.3769633507853403
lambda_star_4_32,7662,0.32460732984293195
lambda_star_4_32,7663,0.32460732984293195
lambda_star_4_32,7664,0.3507853403141361
lambda_star_4_32,7665,0.2931937172774869
lambda_star_4_32,7666,0.3193717277486911
lambda_star_4_32,7667,0.387434554973822
lambda_star_4_32,7668,0.29842931937172773
lambda_star_4_32,7669,0.34554973821989526
lambda_star_4_32,7670,0.3612565445026178
lambda_star_4_32,7671,0.3298429319371728
lambda_star_4_32,7672,0.38219895287958117
lambda_star_4_32,7673,0.35602094240837695
lambda_star_4_32,7674,0.35602094240837695
lambda_star_4_32,7675,0.31413612565445026
lambda_star_4_32,7676,0.387434554973822
lambda_star_4_32,7677,0.3769633507853403
lambda_star_4_32,7678,0.27225130890052357
lambda_star_4_32,7679,0.35602094240837695
lambda_star_4_32,7680,0.3298429319371728
lambda_star_4_32,7681,0.33507853403141363
lambda_star_4_32,7682,0.387434554973822
lambda_star_4_32,7683,0.3193717277486911
lambda_star_4_32,7684,0.34554973821989526
lambda_star_4_32,7685,0.3298429319371728
lambda_star_4_32,7686,0.38219895287958117
lambda_star_4_32,7687,0.3036649214659686
lambda_star_4_32,7688,0.31413612565445026
lambda_star_4_32,7689,0.3089005235602094
lambda_star_4_32,7690,0.3403141361256545
lambda_star_4_32,7691,0.3298429319371728
lambda_star_4_32,7692,0.36649214659685864
lambda_star_4_32,7693,0.4031413612565445
lambda_star_4_32,7694,0.3298429319371728
lambda_star_4_32,7695,0.3403141361256545
lambda_star_4_32,7696,0.31413612565445026
lambda_star_4_32,7697,0.3193717277486911
lambda_star_4_32,7698,0.35602094240837695
lambda_star_4_32,7699,0.38219895287958117
lambda_star_4_32,7700,0.3769633507853403
lambda_star_4_32,7701,0.3612565445026178
lambda_star_4_32,7702,0.39267015706806285
lambda_star_4_32,7703,0.39790575916230364
lambda_star_4_32,7704,0.3193717277486911
lambda_star_4_32,7705,0.39790575916230364
lambda_star_4_32,7706,0.3769633507853403
lambda_star_4_32,7707,0.3403141361256545
lambda_star_4_32,7708,0.38219895287958117
lambda_star_4_32,7709,0.29842931937172773
lambda_star_4_32,7710,0.39267015706806285
lambda_star_4_32,7711,0.33507853403141363
lambda_star_4_32,7712,0.32460732984293195
lambda_star_4_32,7713,0.3769633507853403
lambda_star_4_32,7714,0.32460732984293195
lambda_star_4_32,7715,0.3507853403141361
lambda_star_4_32,7716,0.33507853403141363
lambda_star_4_32,7717,0.34554973821989526
lambda_star_4_32,7718,0.3769633507853403
lambda_star_4_32,7719,0.3717277486910995
lambda_star_4_32,7720,0.3193717277486911
lambda_star_4_32,7721,0.3403141361256545
lambda_star_4_32,7722,0.36649214659685864
lambda_star_4_32,7723,0.29842931937172773
lambda_star_4_32,7724,0.3769633507853403
lambda_star_4_32,7725,0.3403141361256545
lambda_star_4_32,7726,0.35602094240837695
lambda_star_4_32,7727,0.39267015706806285
lambda_star_4_32,7728,0.32460732984293195
lambda_star_4_32,7729,0.34554973821989526
lambda_star_4_32,7730,0.3036649214659686
lambda_star_4_32,7731,0.29842931937172773
lambda_star_4_32,7732,0.3403141361256545
lambda_star_4_32,7733,0.38219895287958117
lambda_star_4_32,7734,0.3403141361256545
lambda_star_4_32,7735,0.35602094240837695
lambda_star_4_32,7736,0.28272251308900526
lambda_star_4_32,7737,0.3403141361256545
lambda_star_4_32,7738,0.38219895287958117
lambda_star_4_32,7739,0.3612565445026178
lambda_star_4_32,7740,0.4083769633507853
lambda_star_4_32,7741,0.34554973821989526
lambda_star_4_32,7742,0.3403141361256545
lambda_star_4_32,7743,0.3298429319371728
lambda_star_4_32,7744,0.387434554973822
lambda_star_4_32,7745,0.36649214659685864
lambda_star_4_32,7746,0.31413612565445026
lambda_star_4_32,7747,0.3036649214659686
lambda_star_4_32,7748,0.31413612565445026
lambda_star_4_32,7749,0.4031413612565445
lambda_star_4_32,7750,0.3403141361256545
lambda_star_4_32,7751,0.3717277486910995
lambda_star_4_32,7752,0.36649214659685864
lambda_star_4_32,7753,0.35602094240837695
lambda_star_4_32,7754,0.3717277486910995
lambda_star_4_32,7755,0.3717277486910995
lambda_star_4_32,7756,0.3036649214659686
lambda_star_4_32,7757,0.31413612565445026
lambda_star_4_32,7758,0.3298429319371728
lambda_star_4_32,7759,0.32460732984293195
lambda_star_4_32,7760,0.3403141361256545
lambda_star_4_32,7761,0.34554973821989526
lambda_star_4_32,7762,0.3612565445026178
lambda_star_4_32,7763,0.3769633507853403
lambda_star_4_32,7764,0.39267015706806285
lambda_star_4_32,7765,0.34554973821989526
lambda_star_4_32,7766,0.35602094240837695
lambda_star_4_32,7767,0.33507853403141363
lambda_star_4_32,7768,0.3193717277486911
lambda_star_4_32,7769,0.3298429319371728
lambda_star_4_32,7770,0.4031413612565445
lambda_star_4_32,7771,0.32460732984293195
lambda_star_4_32,7772,0.3612565445026178
lambda_star_4_32,7773,0.3507853403141361
lambda_star_4_32,7774,0.3298429319371728
lambda_star_4_32,7775,0.3717277486910995
lambda_star_4_32,7776,0.3769633507853403
lambda_star_4_32,7777,0.35602094240837695
lambda_star_4_32,7778,0.36649214659685864
lambda_star_4_32,7779,0.3612565445026178
lambda_star_4_32,7780,0.3089005235602094
lambda_star_4_32,7781,0.33507853403141363
lambda_star_4_32,7782,0.29842931937172773
lambda_star_4_32,7783,0.32460732984293195
lambda_star_4_32,7784,0.34554973821989526
lambda_star_4_32,7785,0.3089005235602094
lambda_star_4_32,7786,0.36649214659685864
lambda_star_4_32,7787,0.3089005235602094
lambda_star_4_32,7788,0.3507853403141361
lambda_star_4_32,7789,0.39267015706806285
lambda_star_4_32,7790,0.31413612565445026
lambda_star_4_32,7791,0.36649214659685864
lambda_star_4_32,7792,0.33507853403141363
lambda_star_4_32,7793,0.3612565445026178
lambda_star_4_32,7794,0.3193717277486911
lambda_star_4_32,7795,0.2879581151832461
lambda_star_4_32,7796,0.3298429319371728
lambda_star_4_32,7797,0.3507853403141361
lambda_star_4_32,7798,0.33507853403141363
lambda_star_4_32,7799,0.3193717277486911
lambda_star_4_32,7800,0.3717277486910995
lambda_star_4_32,7801,0.38219895287958117
lambda_star_4_32,7802,0.2774869109947644
lambda_star_4_32,7803,0.39790575916230364
lambda_star_4_32,7804,0.3089005235602094
lambda_star_4_32,7805,0.3403141361256545
lambda_star_4_32,7806,0.3612565445026178
lambda_star_4_32,7807,0.31413612565445026
lambda_star_4_32,7808,0.4031413612565445
lambda_star_4_32,7809,0.3717277486910995
lambda_star_4_32,7810,0.3193717277486911
lambda_star_4_32,7811,0.2931937172774869
lambda_star_4_32,7812,0.38219895287958117
lambda_star_4_32,7813,0.36649214659685864
lambda_star_4_32,7814,0.32460732984293195
lambda_star_4_32,7815,0.41361256544502617
lambda_star_4_32,7816,0.3507853403141361
lambda_star_4_32,7817,0.33507853403141363
lambda_star_4_32,7818,0.34554973821989526
lambda_star_4_32,7819,0.3769633507853403
lambda_star_4_32,7820,0.33507853403141363
lambda_star_4_32,7821,0.3403141361256545
lambda_star_4_32,7822,0.32460732984293195
lambda_star_4_32,7823,0.3717277486910995
lambda_star_4_32,7824,0.3193717277486911
lambda_star_4_32,7825,0.34554973821989526
lambda_star_4_32,7826,0.36649214659685864
lambda_star_4_32,7827,0.3193717277486911
lambda_star_4_32,7828,0.3403141361256545
lambda_star_4_32,7829,0.35602094240837695
lambda_star_4_32,7830,0.3403141361256545
lambda_star_4_32,7831,0.3717277486910995
lambda_star_4_32,7832,0.36649214659685864
lambda_star_4_32,7833,0.3089005235602094
lambda_star_4_32,7834,0.3193717277486911
lambda_star_4_32,7835,0.35602094240837695
lambda_star_4_32,7836,0.3612565445026178
lambda_star_4_32,7837,0.3403141361256545
lambda_star_4_32,7838,0.29842931937172773
lambda_star_4_32,7839,0.3507853403141361
lambda_star_4_32,7840,0.3403141361256545
lambda_star_4_32,7841,0.31413612565445026
lambda_star_4_32,7842,0.35602094240837695
lambda_star_4_32,7843,0.3403141361256545
lambda_star_4_32,7844,0.33507853403141363
lambda_star_4_32,7845,0.3507853403141361
lambda_star_4_32,7846,0.3298429319371728
lambda_star_4_32,7847,0.38219895287958117
lambda_star_4_32,7848,0.34554973821989526
lambda_star_4_32,7849,0.33507853403141363
lambda_star_4_32,7850,0.34554973821989526
lambda_star_4_32,7851,0.3507853403141361
lambda_star_4_32,7852,0.3298429319371728
lambda_star_4_32,7853,0.35602094240837695
lambda_star_4_32,7854,0.32460732984293195
lambda_star_4_32,7855,0.34554973821989526
lambda_star_4_32,7856,0.3612565445026178
lambda_star_4_32,7857,0.3769633507853403
lambda_star_4_32,7858,0.33507853403141363
lambda_star_4_32,7859,0.3717277486910995
lambda_star_4_32,7860,0.32460732984293195
lambda_star_4_32,7861,0.3089005235602094
lambda_star_4_32,7862,0.3403141361256545
lambda_star_4_32,7863,0.3298429319371728
lambda_star_4_32,7864,0.3193717277486911
lambda_star_4_32,7865,0.3089005235602094
lambda_star_4_32,7866,0.3403141361256545
lambda_star_4_32,7867,0.33507853403141363
lambda_star_4_32,7868,0.4397905759162304
lambda_star_4_32,7869,0.3612565445026178
lambda_star_4_32,7870,0.36649214659685864
lambda_star_4_32,7871,0.34554973821989526
lambda_star_4_32,7872,0.35602094240837695
lambda_star_4_32,7873,0.3089005235602094
lambda_star_4_32,7874,0.36649214659685864
lambda_star_4_32,7875,0.36649214659685864
lambda_star_4_32,7876,0.34554973821989526
lambda_star_4_32,7877,0.3769633507853403
lambda_star_4_32,7878,0.4031413612565445
lambda_star_4_32,7879,0.32460732984293195
lambda_star_4_32,7880,0.3507853403141361
lambda_star_4_32,7881,0.36649214659685864
lambda_star_4_32,7882,0.36649214659685864
lambda_star_4_32,7883,0.3612565445026178
lambda_star_4_32,7884,0.3193717277486911
lambda_star_4_32,7885,0.3403141361256545
lambda_star_4_32,7886,0.3089005235602094
lambda_star_4_32,7887,0.3298429319371728
lambda_star_4_32,7888,0.35602094240837695
lambda_star_4_32,7889,0.35602094240837695
lambda_star_4_32,7890,0.387434554973822
lambda_star_4_32,7891,0.32460732984293195
lambda_star_4_32,7892,0.3612565445026178
lambda_star_4_32,7893,0.35602094240837695
lambda_star_4_32,7894,0.3403141361256545
lambda_star_4_32,7895,0.33507853403141363
lambda_star_4_32,7896,0.35602094240837695
lambda_star_4_32,7897,0.3298429319371728
lambda_star_4_32,7898,0.34554973821989526
lambda_star_4_32,7899,0.27225130890052357
lambda_star_4_32,7900,0.4083769633507853
lambda_star_4_32,7901,0.3612565445026178
lambda_star_4_32,7902,0.35602094240837695
lambda_star_4_32,7903,0.3089005235602094
lambda_star_4_32,7904,0.34554973821989526
lambda_star_4_32,7905,0.35602094240837695
lambda_star_4_32,7906,0.34554973821989526
lambda_star_4_32,7907,0.4031413612565445
lambda_star_4_32,7908,0.3507853403141361
lambda_star_4_32,7909,0.34554973821989526
lambda_star_4_32,7910,0.3403141361256545
lambda_star_4_32,7911,0.36649214659685864
lambda_star_4_32,7912,0.36649214659685864
lambda_star_4_32,7913,0.3717277486910995
lambda_star_4_32,7914,0.36649214659685864
lambda_star_4_32,7915,0.32460732984293195
lambda_star_4_32,7916,0.3193717277486911
lambda_star_4_32,7917,0.3717277486910995
lambda_star_4_32,7918,0.3507853403141361
lambda_star_4_32,7919,0.3298429319371728
lambda_star_4_32,7920,0.3507853403141361
lambda_star_4_32,7921,0.36649214659685864
lambda_star_4_32,7922,0.34554973821989526
lambda_star_4_32,7923,0.4083769633507853
lambda_star_4_32,7924,0.3298429319371728
lambda_star_4_32,7925,0.34554973821989526
lambda_star_4_32,7926,0.3717277486910995
lambda_star_4_32,7927,0.34554973821989526
lambda_star_4_32,7928,0.39790575916230364
lambda_star_4_32,7929,0.32460732984293195
lambda_star_4_32,7930,0.2879581151832461
lambda_star_4_32,7931,0.31413612565445026
lambda_star_4_32,7932,0.3036649214659686
lambda_star_4_32,7933,0.33507853403141363
lambda_star_4_32,7934,0.39267015706806285
lambda_star_4_32,7935,0.3193717277486911
lambda_star_4_32,7936,0.35602094240837695
lambda_star_4_32,7937,0.3089005235602094
lambda_star_4_32,7938,0.3507853403141361
lambda_star_4_32,7939,0.31413612565445026
lambda_star_4_32,7940,0.38219895287958117
lambda_star_4_32,7941,0.3717277486910995
lambda_star_4_32,7942,0.3717277486910995
lambda_star_4_32,7943,0.3036649214659686
lambda_star_4_32,7944,0.3298429319371728
lambda_star_4_32,7945,0.38219895287958117
lambda_star_4_32,7946,0.3193717277486911
lambda_star_4_32,7947,0.3769633507853403
lambda_star_4_32,7948,0.32460732984293195
lambda_star_4_32,7949,0.33507853403141363
lambda_star_4_32,7950,0.32460732984293195
lambda_star_4_32,7951,0.39267015706806285
lambda_star_4_32,7952,0.33507853403141363
lambda_star_4_32,7953,0.34554973821989526
lambda_star_4_32,7954,0.41361256544502617
lambda_star_4_32,7955,0.34554973821989526
lambda_star_4_32,7956,0.33507853403141363
lambda_star_4_32,7957,0.36649214659685864
lambda_star_4_32,7958,0.28272251308900526
lambda_star_4_32,7959,0.34554973821989526
lambda_star_4_32,7960,0.3089005235602094
lambda_star_4_32,7961,0.3298429319371728
lambda_star_4_32,7962,0.35602094240837695
lambda_star_4_32,7963,0.34554973821989526
lambda_star_4_32,7964,0.35602094240837695
lambda_star_4_32,7965,0.3507853403141361
lambda_star_4_32,7966,0.3507853403141361
lambda_star_4_32,7967,0.3717277486910995
lambda_star_4_32,7968,0.33507853403141363
lambda_star_4_32,7969,0.31413612565445026
lambda_star_4_32,7970,0.3612565445026178
lambda_star_4_32,7971,0.3612565445026178
lambda_star_4_32,7972,0.3769633507853403
lambda_star_4_32,7973,0.3612565445026178
lambda_star_4_32,7974,0.3036649214659686
lambda_star_4_32,7975,0.33507853403141363
lambda_star_4_32,7976,0.3193717277486911
lambda_star_4_32,7977,0.3769633507853403
lambda_star_4_32,7978,0.3298429319371728
lambda_star_4_32,7979,0.3507853403141361
lambda_star_4_32,7980,0.3193717277486911
lambda_star_4_32,7981,0.3507853403141361
lambda_star_4_32,7982,0.3507853403141361
lambda_star_4_32,7983,0.3403141361256545
lambda_star_4_32,7984,0.33507853403141363
lambda_star_4_32,7985,0.3507853403141361
lambda_star_4_32,7986,0.3507853403141361
lambda_star_4_32,7987,0.4031413612565445
lambda_star_4_32,7988,0.32460732984293195
lambda_star_4_32,7989,0.34554973821989526
lambda_star_4_32,7990,0.39790575916230364
lambda_star_4_32,7991,0.418848167539267
lambda_star_4_32,7992,0.3612565445026178
lambda_star_4_32,7993,0.38219895287958117
lambda_star_4_32,7994,0.3507853403141361
lambda_star_4_32,7995,0.34554973821989526
lambda_star_4_32,7996,0.387434554973822
lambda_star_4_32,7997,0.3717277486910995
lambda_star_4_32,7998,0.387434554973822
lambda_star_4_32,7999,0.3507853403141361
lambda_star_4_32,8000,0.3298429319371728
lambda_star_4_32,8001,0.3298429319371728
lambda_star_4_32,8002,0.3612565445026178
lambda_star_4_32,8003,0.33507853403141363
lambda_star_4_32,8004,0.3403141361256545
lambda_star_4_32,8005,0.3612565445026178
lambda_star_4_32,8006,0.3089005235602094
lambda_star_4_32,8007,0.387434554973822
lambda_star_4_32,8008,0.3298429319371728
lambda_star_4_32,8009,0.34554973821989526
lambda_star_4_32,8010,0.3193717277486911
lambda_star_4_32,8011,0.35602094240837695
lambda_star_4_32,8012,0.3612565445026178
lambda_star_4_32,8013,0.39267015706806285
lambda_star_4_32,8014,0.3298429319371728
lambda_star_4_32,8015,0.3507853403141361
lambda_star_4_32,8016,0.3036649214659686
lambda_star_4_32,8017,0.4083769633507853
lambda_star_4_32,8018,0.36649214659685864
lambda_star_4_32,8019,0.41361256544502617
lambda_star_4_32,8020,0.39267015706806285
lambda_star_4_32,8021,0.33507853403141363
lambda_star_4_32,8022,0.29842931937172773
lambda_star_4_32,8023,0.3717277486910995
lambda_star_4_32,8024,0.34554973821989526
lambda_star_4_32,8025,0.3769633507853403
lambda_star_4_32,8026,0.3298429319371728
lambda_star_4_32,8027,0.3717277486910995
lambda_star_4_32,8028,0.3193717277486911
lambda_star_4_32,8029,0.35602094240837695
lambda_star_4_32,8030,0.32460732984293195
lambda_star_4_32,8031,0.35602094240837695
lambda_star_4_32,8032,0.3298429319371728
lambda_star_4_32,8033,0.3403141361256545
lambda_star_4_32,8034,0.3507853403141361
lambda_star_4_32,8035,0.34554973821989526
lambda_star_4_32,8036,0.3193717277486911
lambda_star_4_32,8037,0.3612565445026178
lambda_star_4_32,8038,0.3612565445026178
lambda_star_4_32,8039,0.28272251308900526
lambda_star_4_32,8040,0.3403141361256545
lambda_star_4_32,8041,0.36649214659685864
lambda_star_4_32,8042,0.38219895287958117
lambda_star_4_32,8043,0.29842931937172773
lambda_star_4_32,8044,0.3612565445026178
lambda_star_4_32,8045,0.39790575916230364
lambda_star_4_32,8046,0.31413612565445026
lambda_star_4_32,8047,0.3193717277486911
lambda_star_4_32,8048,0.3193717277486911
lambda_star_4_32,8049,0.32460732984293195
lambda_star_4_32,8050,0.39790575916230364
lambda_star_4_32,8051,0.387434554973822
lambda_star_4_32,8052,0.32460732984293195
lambda_star_4_32,8053,0.34554973821989526
lambda_star_4_32,8054,0.3769633507853403
lambda_star_4_32,8055,0.36649214659685864
lambda_star_4_32,8056,0.34554973821989526
lambda_star_4_32,8057,0.3769633507853403
lambda_star_4_32,8058,0.3036649214659686
lambda_star_4_32,8059,0.38219895287958117
lambda_star_4_32,8060,0.3193717277486911
lambda_star_4_32,8061,0.4031413612565445
lambda_star_4_32,8062,0.36649214659685864
lambda_star_4_32,8063,0.3036649214659686
lambda_star_4_32,8064,0.34554973821989526
lambda_star_4_32,8065,0.387434554973822
lambda_star_4_32,8066,0.35602094240837695
lambda_star_4_32,8067,0.3612565445026178
lambda_star_4_32,8068,0.3612565445026178
lambda_star_4_32,8069,0.35602094240837695
lambda_star_4_32,8070,0.3036649214659686
lambda_star_4_32,8071,0.39267015706806285
lambda_star_4_32,8072,0.3717277486910995
lambda_star_4_32,8073,0.41361256544502617
lambda_star_4_32,8074,0.3036649214659686
lambda_star_4_32,8075,0.38219895287958117
lambda_star_4_32,8076,0.3298429319371728
lambda_star_4_32,8077,0.33507853403141363
lambda_star_4_32,8078,0.35602094240837695
lambda_star_4_32,8079,0.38219895287958117
lambda_star_4_32,8080,0.3193717277486911
lambda_star_4_32,8081,0.3717277486910995
lambda_star_4_32,8082,0.34554973821989526
lambda_star_4_32,8083,0.36649214659685864
lambda_star_4_32,8084,0.35602094240837695
lambda_star_4_32,8085,0.3507853403141361
lambda_star_4_32,8086,0.3769633507853403
lambda_star_4_32,8087,0.3612565445026178
lambda_star_4_32,8088,0.3298429319371728
lambda_star_4_32,8089,0.35602094240837695
lambda_star_4_32,8090,0.33507853403141363
lambda_star_4_32,8091,0.3403141361256545
lambda_star_4_32,8092,0.3193717277486911
lambda_star_4_32,8093,0.38219895287958117
lambda_star_4_32,8094,0.387434554973822
lambda_star_4_32,8095,0.4031413612565445
lambda_star_4_32,8096,0.29842931937172773
lambda_star_4_32,8097,0.38219895287958117
lambda_star_4_32,8098,0.38219895287958117
lambda_star_4_32,8099,0.32460732984293195
lambda_star_4_32,8100,0.34554973821989526
lambda_star_4_32,8101,0.3507853403141361
lambda_star_4_32,8102,0.38219895287958117
lambda_star_4_32,8103,0.35602094240837695
lambda_star_4_32,8104,0.3507853403141361
lambda_star_4_32,8105,0.3403141361256545
lambda_star_4_32,8106,0.34554973821989526
lambda_star_4_32,8107,0.31413612565445026
lambda_star_4_32,8108,0.3193717277486911
lambda_star_4_32,8109,0.39267015706806285
lambda_star_4_32,8110,0.3769633507853403
lambda_star_4_32,8111,0.3769633507853403
lambda_star_4_32,8112,0.3193717277486911
lambda_star_4_32,8113,0.36649214659685864
lambda_star_4_32,8114,0.38219895287958117
lambda_star_4_32,8115,0.3769633507853403
lambda_star_4_32,8116,0.29842931937172773
lambda_star_4_32,8117,0.3036649214659686
lambda_star_4_32,8118,0.39267015706806285
lambda_star_4_32,8119,0.3507853403141361
lambda_star_4_32,8120,0.3089005235602094
lambda_star_4_32,8121,0.3089005235602094
lambda_star_4_32,8122,0.33507853403141363
lambda_star_4_32,8123,0.3717277486910995
lambda_star_4_32,8124,0.32460732984293195
lambda_star_4_32,8125,0.35602094240837695
lambda_star_4_32,8126,0.35602094240837695
lambda_star_4_32,8127,0.3717277486910995
lambda_star_4_32,8128,0.2617801047120419
lambda_star_4_32,8129,0.387434554973822
lambda_star_4_32,8130,0.31413612565445026
lambda_star_4_32,8131,0.3507853403141361
lambda_star_4_32,8132,0.3036649214659686
lambda_star_4_32,8133,0.35602094240837695
lambda_star_4_32,8134,0.3403141361256545
lambda_star_4_32,8135,0.387434554973822
lambda_star_4_32,8136,0.41361256544502617
lambda_star_4_32,8137,0.34554973821989526
lambda_star_4_32,8138,0.3717277486910995
lambda_star_4_32,8139,0.34554973821989526
lambda_star_4_32,8140,0.3036649214659686
lambda_star_4_32,8141,0.38219895287958117
lambda_star_4_32,8142,0.3298429319371728
lambda_star_4_32,8143,0.34554973821989526
lambda_star_4_32,8144,0.32460732984293195
lambda_star_4_32,8145,0.34554973821989526
lambda_star_4_32,8146,0.39267015706806285
lambda_star_4_32,8147,0.38219895287958117
lambda_star_4_32,8148,0.3036649214659686
lambda_star_4_32,8149,0.3507853403141361
lambda_star_4_32,8150,0.3612565445026178
lambda_star_4_32,8151,0.29842931937172773
lambda_star_4_32,8152,0.31413612565445026
lambda_star_4_32,8153,0.34554973821989526
lambda_star_4_32,8154,0.3507853403141361
lambda_star_4_32,8155,0.34554973821989526
lambda_star_4_32,8156,0.3089005235602094
lambda_star_4_32,8157,0.2617801047120419
lambda_star_4_32,8158,0.34554973821989526
lambda_star_4_32,8159,0.38219895287958117
lambda_star_4_32,8160,0.3089005235602094
lambda_star_4_32,8161,0.4293193717277487
lambda_star_4_32,8162,0.35602094240837695
lambda_star_4_32,8163,0.39267015706806285
lambda_star_4_32,8164,0.418848167539267
lambda_star_4_32,8165,0.3717277486910995
lambda_star_4_32,8166,0.3507853403141361
lambda_star_4_32,8167,0.3612565445026178
lambda_star_4_32,8168,0.3612565445026178
lambda_star_4_32,8169,0.3612565445026178
lambda_star_4_32,8170,0.3507853403141361
lambda_star_4_32,8171,0.3612565445026178
lambda_star_4_32,8172,0.33507853403141363
lambda_star_4_32,8173,0.3717277486910995
lambda_star_4_32,8174,0.31413612565445026
lambda_star_4_32,8175,0.33507853403141363
lambda_star_4_32,8176,0.3769633507853403
lambda_star_4_32,8177,0.3612565445026178
lambda_star_4_32,8178,0.3036649214659686
lambda_star_4_32,8179,0.3612565445026178
lambda_star_4_32,8180,0.38219895287958117
lambda_star_4_32,8181,0.38219895287958117
lambda_star_4_32,8182,0.3403141361256545
lambda_star_4_32,8183,0.33507853403141363
lambda_star_4_32,8184,0.33507853403141363
lambda_star_4_32,8185,0.39267015706806285
lambda_star_4_32,8186,0.34554973821989526
lambda_star_4_32,8187,0.3403141361256545
lambda_star_4_32,8188,0.3089005235602094
lambda_star_4_32,8189,0.36649214659685864
lambda_star_4_32,8190,0.33507853403141363
lambda_star_4_32,8191,0.33507853403141363
lambda_star_4_32,8192,0.39267015706806285
lambda_star_4_32,8193,0.387434554973822
lambda_star_4_32,8194,0.3193717277486911
lambda_star_4_32,8195,0.3717277486910995
lambda_star_4_32,8196,0.36649214659685864
lambda_star_4_32,8197,0.3717277486910995
lambda_star_4_32,8198,0.36649214659685864
lambda_star_4_32,8199,0.34554973821989526
lambda_star_4_32,8200,0.3089005235602094
lambda_star_4_32,8201,0.3612565445026178
lambda_star_4_32,8202,0.3769633507853403
lambda_star_4_32,8203,0.36649214659685864
lambda_star_4_32,8204,0.3403141361256545
lambda_star_4_32,8205,0.3193717277486911
lambda_star_4_32,8206,0.3769633507853403
lambda_star_4_32,8207,0.3717277486910995
lambda_star_4_32,8208,0.35602094240837695
lambda_star_4_32,8209,0.3298429319371728
lambda_star_4_32,8210,0.3717277486910995
lambda_star_4_32,8211,0.32460732984293195
lambda_star_4_32,8212,0.4083769633507853
lambda_star_4_32,8213,0.3769633507853403
lambda_star_4_32,8214,0.39790575916230364
lambda_star_4_32,8215,0.35602094240837695
lambda_star_4_32,8216,0.28272251308900526
lambda_star_4_32,8217,0.33507853403141363
lambda_star_4_32,8218,0.3193717277486911
lambda_star_4_32,8219,0.36649214659685864
lambda_star_4_32,8220,0.33507853403141363
lambda_star_4_32,8221,0.36649214659685864
lambda_star_4_32,8222,0.35602094240837695
lambda_star_4_32,8223,0.3298429319371728
lambda_star_4_32,8224,0.36649214659685864
lambda_star_4_32,8225,0.38219895287958117
lambda_star_4_32,8226,0.31413612565445026
lambda_star_4_32,8227,0.3717277486910995
lambda_star_4_32,8228,0.32460732984293195
lambda_star_4_32,8229,0.3403141361256545
lambda_star_4_32,8230,0.34554973821989526
lambda_star_4_32,8231,0.41361256544502617
lambda_star_4_32,8232,0.3193717277486911
lambda_star_4_32,8233,0.3507853403141361
lambda_star_4_32,8234,0.33507853403141363
lambda_star_4_32,8235,0.3089005235602094
lambda_star_4_32,8236,0.35602094240837695
lambda_star_4_32,8237,0.3036649214659686
lambda_star_4_32,8238,0.31413612565445026
lambda_star_4_32,8239,0.2931937172774869
lambda_star_4_32,8240,0.33507853403141363
lambda_star_4_32,8241,0.3507853403141361
lambda_star_4_32,8242,0.3403141361256545
lambda_star_4_32,8243,0.3507853403141361
lambda_star_4_32,8244,0.35602094240837695
lambda_star_4_32,8245,0.29842931937172773
lambda_star_4_32,8246,0.3717277486910995
lambda_star_4_32,8247,0.33507853403141363
lambda_star_4_32,8248,0.3612565445026178
lambda_star_4_32,8249,0.29842931937172773
lambda_star_4_32,8250,0.2670157068062827
lambda_star_4_32,8251,0.3298429319371728
lambda_star_4_32,8252,0.3036649214659686
lambda_star_4_32,8253,0.3298429319371728
lambda_star_4_32,8254,0.42408376963350786
lambda_star_4_32,8255,0.3298429319371728
lambda_star_4_32,8256,0.3298429319371728
lambda_star_4_32,8257,0.36649214659685864
lambda_star_4_32,8258,0.3193717277486911
lambda_star_4_32,8259,0.3612565445026178
lambda_star_4_32,8260,0.3403141361256545
lambda_star_4_32,8261,0.3717277486910995
lambda_star_4_32,8262,0.3298429319371728
lambda_star_4_32,8263,0.3298429319371728
lambda_star_4_32,8264,0.3769633507853403
lambda_star_4_32,8265,0.4083769633507853
lambda_star_4_32,8266,0.33507853403141363
lambda_star_4_32,8267,0.29842931937172773
lambda_star_4_32,8268,0.3298429319371728
lambda_star_4_32,8269,0.39267015706806285
lambda_star_4_32,8270,0.3036649214659686
lambda_star_4_32,8271,0.3717277486910995
lambda_star_4_32,8272,0.2774869109947644
lambda_star_4_32,8273,0.387434554973822
lambda_star_4_32,8274,0.3769633507853403
lambda_star_4_32,8275,0.3403141361256545
lambda_star_4_32,8276,0.35602094240837695
lambda_star_4_32,8277,0.38219895287958117
lambda_star_4_32,8278,0.3612565445026178
lambda_star_4_32,8279,0.3193717277486911
lambda_star_4_32,8280,0.35602094240837695
lambda_star_4_32,8281,0.3193717277486911
lambda_star_4_32,8282,0.3403141361256545
lambda_star_4_32,8283,0.34554973821989526
lambda_star_4_32,8284,0.32460732984293195
lambda_star_4_32,8285,0.3769633507853403
lambda_star_4_32,8286,0.35602094240837695
lambda_star_4_32,8287,0.3717277486910995
lambda_star_4_32,8288,0.3298429319371728
lambda_star_4_32,8289,0.31413612565445026
lambda_star_4_32,8290,0.3193717277486911
lambda_star_4_32,8291,0.33507853403141363
lambda_star_4_32,8292,0.3717277486910995
lambda_star_4_32,8293,0.35602094240837695
lambda_star_4_32,8294,0.38219895287958117
lambda_star_4_32,8295,0.3403141361256545
lambda_star_4_32,8296,0.32460732984293195
lambda_star_4_32,8297,0.4083769633507853
lambda_star_4_32,8298,0.3298429319371728
lambda_star_4_32,8299,0.34554973821989526
lambda_star_4_32,8300,0.3769633507853403
lambda_star_4_32,8301,0.3769633507853403
lambda_star_4_32,8302,0.3193717277486911
lambda_star_4_32,8303,0.3507853403141361
lambda_star_4_32,8304,0.35602094240837695
lambda_star_4_32,8305,0.3507853403141361
lambda_star_4_32,8306,0.35602094240837695
lambda_star_4_32,8307,0.3612565445026178
lambda_star_4_32,8308,0.3769633507853403
lambda_star_4_32,8309,0.3717277486910995
lambda_star_4_32,8310,0.4031413612565445
lambda_star_4_32,8311,0.36649214659685864
lambda_star_4_32,8312,0.3507853403141361
lambda_star_4_32,8313,0.3089005235602094
lambda_star_4_32,8314,0.3298429319371728
lambda_star_4_32,8315,0.3403141361256545
lambda_star_4_32,8316,0.3193717277486911
lambda_star_4_32,8317,0.38219895287958117
lambda_star_4_32,8318,0.39267015706806285
lambda_star_4_32,8319,0.3769633507853403
lambda_star_4_32,8320,0.28272251308900526
lambda_star_4_32,8321,0.29842931937172773
lambda_star_4_32,8322,0.3036649214659686
lambda_star_4_32,8323,0.3298429319371728
lambda_star_4_32,8324,0.3507853403141361
lambda_star_4_32,8325,0.3403141361256545
lambda_star_4_32,8326,0.34554973821989526
lambda_star_4_32,8327,0.3769633507853403
lambda_star_4_32,8328,0.3769633507853403
lambda_star_4_32,8329,0.3403141361256545
lambda_star_4_32,8330,0.3717277486910995
lambda_star_4_32,8331,0.2931937172774869
lambda_star_4_32,8332,0.4083769633507853
lambda_star_4_32,8333,0.3089005235602094
lambda_star_4_32,8334,0.3612565445026178
lambda_star_4_32,8335,0.32460732984293195
lambda_star_4_32,8336,0.34554973821989526
lambda_star_4_32,8337,0.31413612565445026
lambda_star_4_32,8338,0.33507853403141363
lambda_star_4_32,8339,0.32460732984293195
lambda_star_4_32,8340,0.2774869109947644
lambda_star_4_32,8341,0.32460732984293195
lambda_star_4_32,8342,0.32460732984293195
lambda_star_4_32,8343,0.3193717277486911
lambda_star_4_32,8344,0.35602094240837695
lambda_star_4_32,8345,0.3089005235602094
lambda_star_4_32,8346,0.3507853403141361
lambda_star_4_32,8347,0.34554973821989526
lambda_star_4_32,8348,0.3717277486910995
lambda_star_4_32,8349,0.3612565445026178
lambda_star_4_32,8350,0.34554973821989526
lambda_star_4_32,8351,0.3193717277486911
lambda_star_4_32,8352,0.3612565445026178
lambda_star_4_32,8353,0.34554973821989526
lambda_star_4_32,8354,0.3193717277486911
lambda_star_4_32,8355,0.3298429319371728
lambda_star_4_32,8356,0.34554973821989526
lambda_star_4_32,8357,0.34554973821989526
lambda_star_4_32,8358,0.3612565445026178
lambda_star_4_32,8359,0.35602094240837695
lambda_star_4_32,8360,0.36649214659685864
lambda_star_4_32,8361,0.3612565445026178
lambda_star_4_32,8362,0.36649214659685864
lambda_star_4_32,8363,0.3036649214659686
lambda_star_4_32,8364,0.35602094240837695
lambda_star_4_32,8365,0.33507853403141363
lambda_star_4_32,8366,0.36649214659685864
lambda_star_4_32,8367,0.35602094240837695
lambda_star_4_32,8368,0.32460732984293195
lambda_star_4_32,8369,0.35602094240837695
lambda_star_4_32,8370,0.39267015706806285
lambda_star_4_32,8371,0.3507853403141361
lambda_star_4_32,8372,0.3403141361256545
lambda_star_4_32,8373,0.33507853403141363
lambda_star_4_32,8374,0.418848167539267
lambda_star_4_32,8375,0.32460732984293195
lambda_star_4_32,8376,0.35602094240837695
lambda_star_4_32,8377,0.4031413612565445
lambda_star_4_32,8378,0.34554973821989526
lambda_star_4_32,8379,0.36649214659685864
lambda_star_4_32,8380,0.3298429319371728
lambda_star_4_32,8381,0.32460732984293195
lambda_star_4_32,8382,0.33507853403141363
lambda_star_4_32,8383,0.3403141361256545
lambda_star_4_32,8384,0.29842931937172773
lambda_star_4_32,8385,0.28272251308900526
lambda_star_4_32,8386,0.3507853403141361
lambda_star_4_32,8387,0.3403141361256545
lambda_star_4_32,8388,0.34554973821989526
lambda_star_4_32,8389,0.33507853403141363
lambda_star_4_32,8390,0.35602094240837695
lambda_star_4_32,8391,0.34554973821989526
lambda_star_4_32,8392,0.3717277486910995
lambda_star_4_32,8393,0.38219895287958117
lambda_star_4_32,8394,0.35602094240837695
lambda_star_4_32,8395,0.3036649214659686
lambda_star_4_32,8396,0.32460732984293195
lambda_star_4_32,8397,0.35602094240837695
lambda_star_4_32,8398,0.2879581151832461
lambda_star_4_32,8399,0.3298429319371728
lambda_star_4_32,8400,0.2931937172774869
lambda_star_4_32,8401,0.3717277486910995
lambda_star_4_32,8402,0.38219895287958117
lambda_star_4_32,8403,0.29842931937172773
lambda_star_4_32,8404,0.35602094240837695
lambda_star_4_32,8405,0.33507853403141363
lambda_star_4_32,8406,0.3403141361256545
lambda_star_4_32,8407,0.3403141361256545
lambda_star_4_32,8408,0.34554973821989526
lambda_star_4_32,8409,0.3403141361256545
lambda_star_4_32,8410,0.35602094240837695
lambda_star_4_32,8411,0.36649214659685864
lambda_star_4_32,8412,0.4083769633507853
lambda_star_4_32,8413,0.3036649214659686
lambda_star_4_32,8414,0.39267015706806285
lambda_star_4_32,8415,0.36649214659685864
lambda_star_4_32,8416,0.3089005235602094
lambda_star_4_32,8417,0.33507853403141363
lambda_star_4_32,8418,0.33507853403141363
lambda_star_4_32,8419,0.3717277486910995
lambda_star_4_32,8420,0.33507853403141363
lambda_star_4_32,8421,0.4031413612565445
lambda_star_4_32,8422,0.3717277486910995
lambda_star_4_32,8423,0.39267015706806285
lambda_star_4_32,8424,0.38219895287958117
lambda_star_4_32,8425,0.32460732984293195
lambda_star_4_32,8426,0.3612565445026178
lambda_star_4_32,8427,0.3403141361256545
lambda_star_4_32,8428,0.39267015706806285
lambda_star_4_32,8429,0.36649214659685864
lambda_star_4_32,8430,0.36649214659685864
lambda_star_4_32,8431,0.3193717277486911
lambda_star_4_32,8432,0.3717277486910995
lambda_star_4_32,8433,0.38219895287958117
lambda_star_4_32,8434,0.35602094240837695
lambda_star_4_32,8435,0.33507853403141363
lambda_star_4_32,8436,0.3298429319371728
lambda_star_4_32,8437,0.32460732984293195
lambda_star_4_32,8438,0.3403141361256545
lambda_star_4_32,8439,0.2931937172774869
lambda_star_4_32,8440,0.35602094240837695
lambda_star_4_32,8441,0.38219895287958117
lambda_star_4_32,8442,0.3717277486910995
lambda_star_4_32,8443,0.33507853403141363
lambda_star_4_32,8444,0.3403141361256545
lambda_star_4_32,8445,0.3612565445026178
lambda_star_4_32,8446,0.3403141361256545
lambda_star_4_32,8447,0.3612565445026178
lambda_star_4_32,8448,0.3717277486910995
lambda_star_4_32,8449,0.33507853403141363
lambda_star_4_32,8450,0.3089005235602094
lambda_star_4_32,8451,0.39267015706806285
lambda_star_4_32,8452,0.387434554973822
lambda_star_4_32,8453,0.31413612565445026
lambda_star_4_32,8454,0.3036649214659686
lambda_star_4_32,8455,0.31413612565445026
lambda_star_4_32,8456,0.387434554973822
lambda_star_4_32,8457,0.32460732984293195
lambda_star_4_32,8458,0.31413612565445026
lambda_star_4_32,8459,0.3769633507853403
lambda_star_4_32,8460,0.3507853403141361
lambda_star_4_32,8461,0.2879581151832461
lambda_star_4_32,8462,0.33507853403141363
lambda_star_4_32,8463,0.32460732984293195
lambda_star_4_32,8464,0.3507853403141361
lambda_star_4_32,8465,0.4031413612565445
lambda_star_4_32,8466,0.32460732984293195
lambda_star_4_32,8467,0.38219895287958117
lambda_star_4_32,8468,0.3612565445026178
lambda_star_4_32,8469,0.3089005235602094
lambda_star_4_32,8470,0.3612565445026178
lambda_star_4_32,8471,0.33507853403141363
lambda_star_4_32,8472,0.387434554973822
lambda_star_4_32,8473,0.3717277486910995
lambda_star_4_32,8474,0.3507853403141361
lambda_star_4_32,8475,0.33507853403141363
lambda_star_4_32,8476,0.36649214659685864
lambda_star_4_32,8477,0.38219895287958117
lambda_star_4_32,8478,0.34554973821989526
lambda_star_4_32,8479,0.3612565445026178
lambda_star_4_32,8480,0.38219895287958117
lambda_star_4_32,8481,0.32460732984293195
lambda_star_4_32,8482,0.3036649214659686
lambda_star_4_32,8483,0.31413612565445026
lambda_star_4_32,8484,0.35602094240837695
lambda_star_4_32,8485,0.3193717277486911
lambda_star_4_32,8486,0.4083769633507853
lambda_star_4_32,8487,0.3403141361256545
lambda_star_4_32,8488,0.34554973821989526
lambda_star_4_32,8489,0.3193717277486911
lambda_star_4_32,8490,0.387434554973822
lambda_star_4_32,8491,0.35602094240837695
lambda_star_4_32,8492,0.3769633507853403
lambda_star_4_32,8493,0.32460732984293195
lambda_star_4_32,8494,0.2879581151832461
lambda_star_4_32,8495,0.3769633507853403
lambda_star_4_32,8496,0.38219895287958117
lambda_star_4_32,8497,0.32460732984293195
lambda_star_4_32,8498,0.33507853403141363
lambda_star_4_32,8499,0.3717277486910995
lambda_star_4_32,8500,0.34554973821989526
lambda_star_4_32,8501,0.3193717277486911
lambda_star_4_32,8502,0.3403141361256545
lambda_star_4_32,8503,0.31413612565445026
lambda_star_4_32,8504,0.33507853403141363
lambda_star_4_32,8505,0.34554973821989526
lambda_star_4_32,8506,0.3612565445026178
lambda_star_4_32,8507,0.39267015706806285
lambda_star_4_32,8508,0.39267015706806285
lambda_star_4_32,8509,0.3769633507853403
lambda_star_4_32,8510,0.35602094240837695
lambda_star_4_32,8511,0.3403141361256545
lambda_star_4_32,8512,0.3717277486910995
lambda_star_4_32,8513,0.3089005235602094
lambda_star_4_32,8514,0.3403141361256545
lambda_star_4_32,8515,0.3403141361256545
lambda_star_4_32,8516,0.33507853403141363
lambda_star_4_32,8517,0.34554973821989526
lambda_star_4_32,8518,0.3612565445026178
lambda_star_4_32,8519,0.387434554973822
lambda_star_4_32,8520,0.3403141361256545
lambda_star_4_32,8521,0.32460732984293195
lambda_star_4_32,8522,0.33507853403141363
lambda_star_4_32,8523,0.33507853403141363
lambda_star_4_32,8524,0.3089005235602094
lambda_star_4_32,8525,0.3717277486910995
lambda_star_4_32,8526,0.3298429319371728
lambda_star_4_32,8527,0.3403141361256545
lambda_star_4_32,8528,0.3403141361256545
lambda_star_4_32,8529,0.3769633507853403
lambda_star_4_32,8530,0.39267015706806285
lambda_star_4_32,8531,0.3612565445026178
lambda_star_4_32,8532,0.3612565445026178
lambda_star_4_32,8533,0.3507853403141361
lambda_star_4_32,8534,0.3507853403141361
lambda_star_4_32,8535,0.3403141361256545
lambda_star_4_32,8536,0.3298429319371728
lambda_star_4_32,8537,0.34554973821989526
lambda_star_4_32,8538,0.36649214659685864
lambda_star_4_32,8539,0.36649214659685864
lambda_star_4_32,8540,0.418848167539267
lambda_star_4_32,8541,0.3089005235602094
lambda_star_4_32,8542,0.34554973821989526
lambda_star_4_32,8543,0.39790575916230364
lambda_star_4_32,8544,0.35602094240837695
lambda_star_4_32,8545,0.39267015706806285
lambda_star_4_32,8546,0.3717277486910995
lambda_star_4_32,8547,0.3612565445026178
lambda_star_4_32,8548,0.33507853403141363
lambda_star_4_32,8549,0.3717277486910995
lambda_star_4_32,8550,0.38219895287958117
lambda_star_4_32,8551,0.3769633507853403
lambda_star_4_32,8552,0.3507853403141361
lambda_star_4_32,8553,0.3193717277486911
lambda_star_4_32,8554,0.3089005235602094
lambda_star_4_32,8555,0.387434554973822
lambda_star_4_32,8556,0.32460732984293195
lambda_star_4_32,8557,0.32460732984293195
lambda_star_4_32,8558,0.38219895287958117
lambda_star_4_32,8559,0.2879581151832461
lambda_star_4_32,8560,0.31413612565445026
lambda_star_4_32,8561,0.3717277486910995
lambda_star_4_32,8562,0.3298429319371728
lambda_star_4_32,8563,0.3089005235602094
lambda_star_4_32,8564,0.3298429319371728
lambda_star_4_32,8565,0.3089005235602094
lambda_star_4_32,8566,0.3507853403141361
lambda_star_4_32,8567,0.3036649214659686
lambda_star_4_32,8568,0.36649214659685864
lambda_star_4_32,8569,0.3717277486910995
lambda_star_4_32,8570,0.3298429319371728
lambda_star_4_32,8571,0.33507853403141363
lambda_star_4_32,8572,0.34554973821989526
lambda_star_4_32,8573,0.35602094240837695
lambda_star_4_32,8574,0.34554973821989526
lambda_star_4_32,8575,0.31413612565445026
lambda_star_4_32,8576,0.34554973821989526
lambda_star_4_32,8577,0.3403141361256545
lambda_star_4_32,8578,0.34554973821989526
lambda_star_4_32,8579,0.3403141361256545
lambda_star_4_32,8580,0.33507853403141363
lambda_star_4_32,8581,0.31413612565445026
lambda_star_4_32,8582,0.3717277486910995
lambda_star_4_32,8583,0.3717277486910995
lambda_star_4_32,8584,0.39267015706806285
lambda_star_4_32,8585,0.3403141361256545
lambda_star_4_32,8586,0.3769633507853403
lambda_star_4_32,8587,0.3507853403141361
lambda_star_4_32,8588,0.28272251308900526
lambda_star_4_32,8589,0.33507853403141363
lambda_star_4_32,8590,0.33507853403141363
lambda_star_4_32,8591,0.3612565445026178
lambda_star_4_32,8592,0.34554973821989526
lambda_star_4_32,8593,0.3612565445026178
lambda_star_4_32,8594,0.34554973821989526
lambda_star_4_32,8595,0.3193717277486911
lambda_star_4_32,8596,0.3717277486910995
lambda_star_4_32,8597,0.33507853403141363
lambda_star_4_32,8598,0.3507853403141361
lambda_star_4_32,8599,0.2879581151832461
lambda_star_4_32,8600,0.3612565445026178
lambda_star_4_32,8601,0.41361256544502617
lambda_star_4_32,8602,0.3717277486910995
lambda_star_4_32,8603,0.3298429319371728
lambda_star_4_32,8604,0.3403141361256545
lambda_star_4_32,8605,0.33507853403141363
lambda_star_4_32,8606,0.3612565445026178
lambda_star_4_32,8607,0.3507853403141361
lambda_star_4_32,8608,0.3717277486910995
lambda_star_4_32,8609,0.32460732984293195
lambda_star_4_32,8610,0.3612565445026178
lambda_star_4_32,8611,0.31413612565445026
lambda_star_4_32,8612,0.3507853403141361
lambda_star_4_32,8613,0.42408376963350786
lambda_star_4_32,8614,0.3507853403141361
lambda_star_4_32,8615,0.33507853403141363
lambda_star_4_32,8616,0.3089005235602094
lambda_star_4_32,8617,0.4031413612565445
lambda_star_4_32,8618,0.33507853403141363
lambda_star_4_32,8619,0.35602094240837695
lambda_star_4_32,8620,0.3193717277486911
lambda_star_4_32,8621,0.3612565445026178
lambda_star_4_32,8622,0.33507853403141363
lambda_star_4_32,8623,0.34554973821989526
lambda_star_4_32,8624,0.32460732984293195
lambda_star_4_32,8625,0.34554973821989526
lambda_star_4_32,8626,0.3298429319371728
lambda_star_4_32,8627,0.31413612565445026
lambda_star_4_32,8628,0.3403141361256545
lambda_star_4_32,8629,0.31413612565445026
lambda_star_4_32,8630,0.3612565445026178
lambda_star_4_32,8631,0.3769633507853403
lambda_star_4_32,8632,0.33507853403141363
lambda_star_4_32,8633,0.2931937172774869
lambda_star_4_32,8634,0.3403141361256545
lambda_star_4_32,8635,0.29842931937172773
lambda_star_4_32,8636,0.3089005235602094
lambda_star_4_32,8637,0.3769633507853403
lambda_star_4_32,8638,0.35602094240837695
lambda_star_4_32,8639,0.3298429319371728
lambda_star_4_32,8640,0.36649214659685864
lambda_star_4_32,8641,0.34554973821989526
lambda_star_4_32,8642,0.33507853403141363
lambda_star_4_32,8643,0.2879581151832461
lambda_star_4_32,8644,0.36649214659685864
lambda_star_4_32,8645,0.38219895287958117
lambda_star_4_32,8646,0.34554973821989526
lambda_star_4_32,8647,0.34554973821989526
lambda_star_4_32,8648,0.3717277486910995
lambda_star_4_32,8649,0.38219895287958117
lambda_star_4_32,8650,0.38219895287958117
lambda_star_4_32,8651,0.3507853403141361
lambda_star_4_32,8652,0.32460732984293195
lambda_star_4_32,8653,0.39790575916230364
lambda_star_4_32,8654,0.3612565445026178
lambda_star_4_32,8655,0.3612565445026178
lambda_star_4_32,8656,0.3403141361256545
lambda_star_4_32,8657,0.33507853403141363
lambda_star_4_32,8658,0.43455497382198954
lambda_star_4_32,8659,0.3612565445026178
lambda_star_4_32,8660,0.3717277486910995
lambda_star_4_32,8661,0.3769633507853403
lambda_star_4_32,8662,0.3403141361256545
lambda_star_4_32,8663,0.3507853403141361
lambda_star_4_32,8664,0.39267015706806285
lambda_star_4_32,8665,0.35602094240837695
lambda_star_4_32,8666,0.35602094240837695
lambda_star_4_32,8667,0.3717277486910995
lambda_star_4_32,8668,0.3769633507853403
lambda_star_4_32,8669,0.387434554973822
lambda_star_4_32,8670,0.36649214659685864
lambda_star_4_32,8671,0.31413612565445026
lambda_star_4_32,8672,0.36649214659685864
lambda_star_4_32,8673,0.3507853403141361
lambda_star_4_32,8674,0.31413612565445026
lambda_star_4_32,8675,0.3612565445026178
lambda_star_4_32,8676,0.3717277486910995
lambda_star_4_32,8677,0.3507853403141361
lambda_star_4_32,8678,0.34554973821989526
lambda_star_4_32,8679,0.36649214659685864
lambda_star_4_32,8680,0.3403141361256545
lambda_star_4_32,8681,0.3403141361256545
lambda_star_4_32,8682,0.3298429319371728
lambda_star_4_32,8683,0.33507853403141363
lambda_star_4_32,8684,0.29842931937172773
lambda_star_4_32,8685,0.3403141361256545
lambda_star_4_32,8686,0.3769633507853403
lambda_star_4_32,8687,0.3403141361256545
lambda_star_4_32,8688,0.3717277486910995
lambda_star_4_32,8689,0.29842931937172773
lambda_star_4_32,8690,0.36649214659685864
lambda_star_4_32,8691,0.35602094240837695
lambda_star_4_32,8692,0.34554973821989526
lambda_star_4_32,8693,0.3298429319371728
lambda_star_4_32,8694,0.3089005235602094
lambda_star_4_32,8695,0.3769633507853403
lambda_star_4_32,8696,0.39267015706806285
lambda_star_4_32,8697,0.38219895287958117
lambda_star_4_32,8698,0.3507853403141361
lambda_star_4_32,8699,0.3298429319371728
lambda_star_4_32,8700,0.36649214659685864
lambda_star_4_32,8701,0.4083769633507853
lambda_star_4_32,8702,0.3769633507853403
lambda_star_4_32,8703,0.3089005235602094
lambda_star_4_32,8704,0.3507853403141361
lambda_star_4_32,8705,0.39267015706806285
lambda_star_4_32,8706,0.32460732984293195
lambda_star_4_32,8707,0.2879581151832461
lambda_star_4_32,8708,0.34554973821989526
lambda_star_4_32,8709,0.38219895287958117
lambda_star_4_32,8710,0.36649214659685864
lambda_star_4_32,8711,0.3298429319371728
lambda_star_4_32,8712,0.3769633507853403
lambda_star_4_32,8713,0.387434554973822
lambda_star_4_32,8714,0.3298429319371728
lambda_star_4_32,8715,0.3298429319371728
lambda_star_4_32,8716,0.3298429319371728
lambda_star_4_32,8717,0.36649214659685864
lambda_star_4_32,8718,0.36649214659685864
lambda_star_4_32,8719,0.3507853403141361
lambda_star_4_32,8720,0.3193717277486911
lambda_star_4_32,8721,0.387434554973822
lambda_star_4_32,8722,0.34554973821989526
lambda_star_4_32,8723,0.34554973821989526
lambda_star_4_32,8724,0.3193717277486911
lambda_star_4_32,8725,0.3612565445026178
lambda_star_4_32,8726,0.3769633507853403
lambda_star_4_32,8727,0.34554973821989526
lambda_star_4_32,8728,0.3769633507853403
lambda_star_4_32,8729,0.387434554973822
lambda_star_4_32,8730,0.3193717277486911
lambda_star_4_32,8731,0.32460732984293195
lambda_star_4_32,8732,0.34554973821989526
lambda_star_4_32,8733,0.38219895287958117
lambda_star_4_32,8734,0.3298429319371728
lambda_star_4_32,8735,0.34554973821989526
lambda_star_4_32,8736,0.3612565445026178
lambda_star_4_32,8737,0.34554973821989526
lambda_star_4_32,8738,0.3769633507853403
lambda_star_4_32,8739,0.38219895287958117
lambda_star_4_32,8740,0.36649214659685864
lambda_star_4_32,8741,0.3612565445026178
lambda_star_4_32,8742,0.31413612565445026
lambda_star_4_32,8743,0.34554973821989526
lambda_star_4_32,8744,0.4031413612565445
lambda_star_4_32,8745,0.31413612565445026
lambda_star_4_32,8746,0.3089005235602094
lambda_star_4_32,8747,0.3298429319371728
lambda_star_4_32,8748,0.34554973821989526
lambda_star_4_32,8749,0.3612565445026178
lambda_star_4_32,8750,0.3298429319371728
lambda_star_4_32,8751,0.33507853403141363
lambda_star_4_32,8752,0.39790575916230364
lambda_star_4_32,8753,0.31413612565445026
lambda_star_4_32,8754,0.3507853403141361
lambda_star_4_32,8755,0.3612565445026178
lambda_star_4_32,8756,0.34554973821989526
lambda_star_4_32,8757,0.3612565445026178
lambda_star_4_32,8758,0.3036649214659686
lambda_star_4_32,8759,0.3507853403141361
lambda_star_4_32,8760,0.36649214659685864
lambda_star_4_32,8761,0.36649214659685864
lambda_star_4_32,8762,0.35602094240837695
lambda_star_4_32,8763,0.38219895287958117
lambda_star_4_32,8764,0.41361256544502617
lambda_star_4_32,8765,0.35602094240837695
lambda_star_4_32,8766,0.35602094240837695
lambda_star_4_32,8767,0.3612565445026178
lambda_star_4_32,8768,0.36649214659685864
lambda_star_4_32,8769,0.3769633507853403
lambda_star_4_32,8770,0.33507853403141363
lambda_star_4_32,8771,0.3193717277486911
lambda_star_4_32,8772,0.39267015706806285
lambda_star_4_32,8773,0.3298429319371728
lambda_star_4_32,8774,0.3193717277486911
lambda_star_4_32,8775,0.3507853403141361
lambda_star_4_32,8776,0.34554973821989526
lambda_star_4_32,8777,0.3036649214659686
lambda_star_4_32,8778,0.34554973821989526
lambda_star_4_32,8779,0.34554973821989526
lambda_star_4_32,8780,0.2931937172774869
lambda_star_4_32,8781,0.35602094240837695
lambda_star_4_32,8782,0.3193717277486911
lambda_star_4_32,8783,0.31413612565445026
lambda_star_4_32,8784,0.3298429319371728
lambda_star_4_32,8785,0.29842931937172773
lambda_star_4_32,8786,0.3403141361256545
lambda_star_4_32,8787,0.4031413612565445
lambda_star_4_32,8788,0.35602094240837695
lambda_star_4_32,8789,0.3403141361256545
lambda_star_4_32,8790,0.3769633507853403
lambda_star_4_32,8791,0.3612565445026178
lambda_star_4_32,8792,0.32460732984293195
lambda_star_4_32,8793,0.33507853403141363
lambda_star_4_32,8794,0.32460732984293195
lambda_star_4_32,8795,0.34554973821989526
lambda_star_4_32,8796,0.3507853403141361
lambda_star_4_32,8797,0.3403141361256545
lambda_star_4_32,8798,0.3769633507853403
lambda_star_4_32,8799,0.31413612565445026
lambda_star_4_32,8800,0.36649214659685864
lambda_star_4_32,8801,0.3298429319371728
lambda_star_4_32,8802,0.3717277486910995
lambda_star_4_32,8803,0.36649214659685864
lambda_star_4_32,8804,0.34554973821989526
lambda_star_4_32,8805,0.31413612565445026
lambda_star_4_32,8806,0.32460732984293195
lambda_star_4_32,8807,0.3298429319371728
lambda_star_4_32,8808,0.33507853403141363
lambda_star_4_32,8809,0.39790575916230364
lambda_star_4_32,8810,0.38219895287958117
lambda_star_4_32,8811,0.32460732984293195
lambda_star_4_32,8812,0.3089005235602094
lambda_star_4_32,8813,0.31413612565445026
lambda_star_4_32,8814,0.35602094240837695
lambda_star_4_32,8815,0.3193717277486911
lambda_star_4_32,8816,0.35602094240837695
lambda_star_4_32,8817,0.33507853403141363
lambda_star_4_32,8818,0.31413612565445026
lambda_star_4_32,8819,0.3717277486910995
lambda_star_4_32,8820,0.31413612565445026
lambda_star_4_32,8821,0.4031413612565445
lambda_star_4_32,8822,0.3403141361256545
lambda_star_4_32,8823,0.3612565445026178
lambda_star_4_32,8824,0.3403141361256545
lambda_star_4_32,8825,0.3403141361256545
lambda_star_4_32,8826,0.36649214659685864
lambda_star_4_32,8827,0.29842931937172773
lambda_star_4_32,8828,0.31413612565445026
lambda_star_4_32,8829,0.31413612565445026
lambda_star_4_32,8830,0.3612565445026178
lambda_star_4_32,8831,0.3089005235602094
lambda_star_4_32,8832,0.3612565445026178
lambda_star_4_32,8833,0.33507853403141363
lambda_star_4_32,8834,0.34554973821989526
lambda_star_4_32,8835,0.35602094240837695
lambda_star_4_32,8836,0.3612565445026178
lambda_star_4_32,8837,0.3612565445026178
lambda_star_4_32,8838,0.3769633507853403
lambda_star_4_32,8839,0.34554973821989526
lambda_star_4_32,8840,0.3717277486910995
lambda_star_4_32,8841,0.3298429319371728
lambda_star_4_32,8842,0.3036649214659686
lambda_star_4_32,8843,0.28272251308900526
lambda_star_4_32,8844,0.31413612565445026
lambda_star_4_32,8845,0.3769633507853403
lambda_star_4_32,8846,0.3036649214659686
lambda_star_4_32,8847,0.3769633507853403
lambda_star_4_32,8848,0.3769633507853403
lambda_star_4_32,8849,0.3612565445026178
lambda_star_4_32,8850,0.33507853403141363
lambda_star_4_32,8851,0.36649214659685864
lambda_star_4_32,8852,0.33507853403141363
lambda_star_4_32,8853,0.3298429319371728
lambda_star_4_32,8854,0.4083769633507853
lambda_star_4_32,8855,0.34554973821989526
lambda_star_4_32,8856,0.3769633507853403
lambda_star_4_32,8857,0.3089005235602094
lambda_star_4_32,8858,0.36649214659685864
lambda_star_4_32,8859,0.35602094240837695
lambda_star_4_32,8860,0.3089005235602094
lambda_star_4_32,8861,0.3089005235602094
lambda_star_4_32,8862,0.3717277486910995
lambda_star_4_32,8863,0.35602094240837695
lambda_star_4_32,8864,0.38219895287958117
lambda_star_4_32,8865,0.39790575916230364
lambda_star_4_32,8866,0.34554973821989526
lambda_star_4_32,8867,0.3717277486910995
lambda_star_4_32,8868,0.3717277486910995
lambda_star_4_32,8869,0.33507853403141363
lambda_star_4_32,8870,0.3089005235602094
lambda_star_4_32,8871,0.387434554973822
lambda_star_4_32,8872,0.3089005235602094
lambda_star_4_32,8873,0.34554973821989526
lambda_star_4_32,8874,0.36649214659685864
lambda_star_4_32,8875,0.36649214659685864
lambda_star_4_32,8876,0.3769633507853403
lambda_star_4_32,8877,0.35602094240837695
lambda_star_4_32,8878,0.3612565445026178
lambda_star_4_32,8879,0.41361256544502617
lambda_star_4_32,8880,0.33507853403141363
lambda_star_4_32,8881,0.3769633507853403
lambda_star_4_32,8882,0.2931937172774869
lambda_star_4_32,8883,0.387434554973822
lambda_star_4_32,8884,0.3612565445026178
lambda_star_4_32,8885,0.36649214659685864
lambda_star_4_32,8886,0.31413612565445026
lambda_star_4_32,8887,0.4083769633507853
lambda_star_4_32,8888,0.3612565445026178
lambda_star_4_32,8889,0.33507853403141363
lambda_star_4_32,8890,0.3193717277486911
lambda_star_4_32,8891,0.3089005235602094
lambda_star_4_32,8892,0.34554973821989526
lambda_star_4_32,8893,0.36649214659685864
lambda_star_4_32,8894,0.39267015706806285
lambda_star_4_32,8895,0.4031413612565445
lambda_star_4_32,8896,0.36649214659685864
lambda_star_4_32,8897,0.36649214659685864
lambda_star_4_32,8898,0.35602094240837695
lambda_star_4_32,8899,0.34554973821989526
lambda_star_4_32,8900,0.3403141361256545
lambda_star_4_32,8901,0.3298429319371728
lambda_star_4_32,8902,0.3769633507853403
lambda_star_4_32,8903,0.2774869109947644
lambda_star_4_32,8904,0.36649214659685864
lambda_star_4_32,8905,0.36649214659685864
lambda_star_4_32,8906,0.34554973821989526
lambda_star_4_32,8907,0.3403141361256545
lambda_star_4_32,8908,0.35602094240837695
lambda_star_4_32,8909,0.39267015706806285
lambda_star_4_32,8910,0.3507853403141361
lambda_star_4_32,8911,0.34554973821989526
lambda_star_4_32,8912,0.3612565445026178
lambda_star_4_32,8913,0.3403141361256545
lambda_star_4_32,8914,0.3403141361256545
lambda_star_4_32,8915,0.39267015706806285
lambda_star_4_32,8916,0.3298429319371728
lambda_star_4_32,8917,0.39267015706806285
lambda_star_4_32,8918,0.3507853403141361
lambda_star_4_32,8919,0.39267015706806285
lambda_star_4_32,8920,0.35602094240837695
lambda_star_4_32,8921,0.3193717277486911
lambda_star_4_32,8922,0.39790575916230364
lambda_star_4_32,8923,0.3717277486910995
lambda_star_4_32,8924,0.32460732984293195
lambda_star_4_32,8925,0.2879581151832461
lambda_star_4_32,8926,0.3612565445026178
lambda_star_4_32,8927,0.3403141361256545
lambda_star_4_32,8928,0.3507853403141361
lambda_star_4_32,8929,0.33507853403141363
lambda_star_4_32,8930,0.3507853403141361
lambda_star_4_32,8931,0.36649214659685864
lambda_star_4_32,8932,0.3612565445026178
lambda_star_4_32,8933,0.33507853403141363
lambda_star_4_32,8934,0.3403141361256545
lambda_star_4_32,8935,0.33507853403141363
lambda_star_4_32,8936,0.34554973821989526
lambda_star_4_32,8937,0.34554973821989526
lambda_star_4_32,8938,0.387434554973822
lambda_star_4_32,8939,0.4293193717277487
lambda_star_4_32,8940,0.33507853403141363
lambda_star_4_32,8941,0.3612565445026178
lambda_star_4_32,8942,0.3193717277486911
lambda_star_4_32,8943,0.3036649214659686
lambda_star_4_32,8944,0.29842931937172773
lambda_star_4_32,8945,0.33507853403141363
lambda_star_4_32,8946,0.3298429319371728
lambda_star_4_32,8947,0.3298429319371728
lambda_star_4_32,8948,0.32460732984293195
lambda_star_4_32,8949,0.36649214659685864
lambda_star_4_32,8950,0.32460732984293195
lambda_star_4_32,8951,0.3612565445026178
lambda_star_4_32,8952,0.387434554973822
lambda_star_4_32,8953,0.36649214659685864
lambda_star_4_32,8954,0.31413612565445026
lambda_star_4_32,8955,0.3612565445026178
lambda_star_4_32,8956,0.3507853403141361
lambda_star_4_32,8957,0.33507853403141363
lambda_star_4_32,8958,0.3507853403141361
lambda_star_4_32,8959,0.3717277486910995
lambda_star_4_32,8960,0.3403141361256545
lambda_star_4_32,8961,0.3507853403141361
lambda_star_4_32,8962,0.38219895287958117
lambda_star_4_32,8963,0.3612565445026178
lambda_star_4_32,8964,0.39267015706806285
lambda_star_4_32,8965,0.36649214659685864
lambda_star_4_32,8966,0.34554973821989526
lambda_star_4_32,8967,0.3403141361256545
lambda_star_4_32,8968,0.3612565445026178
lambda_star_4_32,8969,0.39790575916230364
lambda_star_4_32,8970,0.33507853403141363
lambda_star_4_32,8971,0.3403141361256545
lambda_star_4_32,8972,0.3769633507853403
lambda_star_4_32,8973,0.3507853403141361
lambda_star_4_32,8974,0.33507853403141363
lambda_star_4_32,8975,0.3507853403141361
lambda_star_4_32,8976,0.3507853403141361
lambda_star_4_32,8977,0.39790575916230364
lambda_star_4_32,8978,0.3403141361256545
lambda_star_4_32,8979,0.3769633507853403
lambda_star_4_32,8980,0.4083769633507853
lambda_star_4_32,8981,0.32460732984293195
lambda_star_4_32,8982,0.35602094240837695
lambda_star_4_32,8983,0.34554973821989526
lambda_star_4_32,8984,0.35602094240837695
lambda_star_4_32,8985,0.3298429319371728
lambda_star_4_32,8986,0.3612565445026178
lambda_star_4_32,8987,0.34554973821989526
lambda_star_4_32,8988,0.35602094240837695
lambda_star_4_32,8989,0.36649214659685864
lambda_star_4_32,8990,0.3193717277486911
lambda_star_4_32,8991,0.4083769633507853
lambda_star_4_32,8992,0.3769633507853403
lambda_star_4_32,8993,0.32460732984293195
lambda_star_4_32,8994,0.3717277486910995
lambda_star_4_32,8995,0.36649214659685864
lambda_star_4_32,8996,0.3403141361256545
lambda_star_4_32,8997,0.3612565445026178
lambda_star_4_32,8998,0.3089005235602094
lambda_star_4_32,8999,0.35602094240837695
lambda_star_4_32,9000,0.3298429319371728
lambda_star_4_32,9001,0.35602094240837695
lambda_star_4_32,9002,0.38219895287958117
lambda_star_4_32,9003,0.35602094240837695
lambda_star_4_32,9004,0.33507853403141363
lambda_star_4_32,9005,0.3769633507853403
lambda_star_4_32,9006,0.31413612565445026
lambda_star_4_32,9007,0.387434554973822
lambda_star_4_32,9008,0.35602094240837695
lambda_star_4_32,9009,0.3507853403141361
lambda_star_4_32,9010,0.3612565445026178
lambda_star_4_32,9011,0.38219895287958117
lambda_star_4_32,9012,0.3612565445026178
lambda_star_4_32,9013,0.33507853403141363
lambda_star_4_32,9014,0.35602094240837695
lambda_star_4_32,9015,0.3612565445026178
lambda_star_4_32,9016,0.2931937172774869
lambda_star_4_32,9017,0.34554973821989526
lambda_star_4_32,9018,0.3298429319371728
lambda_star_4_32,9019,0.3193717277486911
lambda_star_4_32,9020,0.36649214659685864
lambda_star_4_32,9021,0.32460732984293195
lambda_star_4_32,9022,0.3507853403141361
lambda_star_4_32,9023,0.3403141361256545
lambda_star_4_32,9024,0.32460732984293195
lambda_star_4_32,9025,0.38219895287958117
lambda_star_4_32,9026,0.3507853403141361
lambda_star_4_32,9027,0.32460732984293195
lambda_star_4_32,9028,0.3193717277486911
lambda_star_4_32,9029,0.3298429319371728
lambda_star_4_32,9030,0.38219895287958117
lambda_star_4_32,9031,0.35602094240837695
lambda_star_4_32,9032,0.35602094240837695
lambda_star_4_32,9033,0.3403141361256545
lambda_star_4_32,9034,0.3403141361256545
lambda_star_4_32,9035,0.39267015706806285
lambda_star_4_32,9036,0.3507853403141361
lambda_star_4_32,9037,0.33507853403141363
lambda_star_4_32,9038,0.4031413612565445
lambda_star_4_32,9039,0.34554973821989526
lambda_star_4_32,9040,0.33507853403141363
lambda_star_4_32,9041,0.3193717277486911
lambda_star_4_32,9042,0.2879581151832461
lambda_star_4_32,9043,0.34554973821989526
lambda_star_4_32,9044,0.39790575916230364
lambda_star_4_32,9045,0.387434554973822
lambda_star_4_32,9046,0.3612565445026178
lambda_star_4_32,9047,0.39790575916230364
lambda_star_4_32,9048,0.3403141361256545
lambda_star_4_32,9049,0.34554973821989526
lambda_star_4_32,9050,0.3193717277486911
lambda_star_4_32,9051,0.32460732984293195
lambda_star_4_32,9052,0.41361256544502617
lambda_star_4_32,9053,0.3089005235602094
lambda_star_4_32,9054,0.3403141361256545
lambda_star_4_32,9055,0.34554973821989526
lambda_star_4_32,9056,0.31413612565445026
lambda_star_4_32,9057,0.33507853403141363
lambda_star_4_32,9058,0.3036649214659686
lambda_star_4_32,9059,0.34554973821989526
lambda_star_4_32,9060,0.3507853403141361
lambda_star_4_32,9061,0.3769633507853403
lambda_star_4_32,9062,0.3403141361256545
lambda_star_4_32,9063,0.387434554973822
lambda_star_4_32,9064,0.3298429319371728
lambda_star_4_32,9065,0.3403141361256545
lambda_star_4_32,9066,0.3193717277486911
lambda_star_4_32,9067,0.3403141361256545
lambda_star_4_32,9068,0.3769633507853403
lambda_star_4_32,9069,0.33507853403141363
lambda_star_4_32,9070,0.34554973821989526
lambda_star_4_32,9071,0.3193717277486911
lambda_star_4_32,9072,0.3612565445026178
lambda_star_4_32,9073,0.34554973821989526
lambda_star_4_32,9074,0.3507853403141361
lambda_star_4_32,9075,0.35602094240837695
lambda_star_4_32,9076,0.3769633507853403
lambda_star_4_32,9077,0.3403141361256545
lambda_star_4_32,9078,0.3612565445026178
lambda_star_4_32,9079,0.32460732984293195
lambda_star_4_32,9080,0.2879581151832461
lambda_star_4_32,9081,0.4031413612565445
lambda_star_4_32,9082,0.33507853403141363
lambda_star_4_32,9083,0.36649214659685864
lambda_star_4_32,9084,0.3193717277486911
lambda_star_4_32,9085,0.35602094240837695
lambda_star_4_32,9086,0.3717277486910995
lambda_star_4_32,9087,0.38219895287958117
lambda_star_4_32,9088,0.34554973821989526
lambda_star_4_32,9089,0.3507853403141361
lambda_star_4_32,9090,0.35602094240837695
lambda_star_4_32,9091,0.32460732984293195
lambda_star_4_32,9092,0.33507853403141363
lambda_star_4_32,9093,0.3298429319371728
lambda_star_4_32,9094,0.3507853403141361
lambda_star_4_32,9095,0.35602094240837695
lambda_star_4_32,9096,0.3717277486910995
lambda_star_4_32,9097,0.3298429319371728
lambda_star_4_32,9098,0.3612565445026178
lambda_star_4_32,9099,0.36649214659685864
lambda_star_4_32,9100,0.3193717277486911
lambda_star_4_32,9101,0.41361256544502617
lambda_star_4_32,9102,0.29842931937172773
lambda_star_4_32,9103,0.34554973821989526
lambda_star_4_32,9104,0.387434554973822
lambda_star_4_32,9105,0.3769633507853403
lambda_star_4_32,9106,0.3717277486910995
lambda_star_4_32,9107,0.35602094240837695
lambda_star_4_32,9108,0.35602094240837695
lambda_star_4_32,9109,0.3193717277486911
lambda_star_4_32,9110,0.3403141361256545
lambda_star_4_32,9111,0.3193717277486911
lambda_star_4_32,9112,0.3507853403141361
lambda_star_4_32,9113,0.3298429319371728
lambda_star_4_32,9114,0.3717277486910995
lambda_star_4_32,9115,0.36649214659685864
lambda_star_4_32,9116,0.3769633507853403
lambda_star_4_32,9117,0.3507853403141361
lambda_star_4_32,9118,0.3298429319371728
lambda_star_4_32,9119,0.3403141361256545
lambda_star_4_32,9120,0.3612565445026178
lambda_star_4_32,9121,0.31413612565445026
lambda_star_4_32,9122,0.35602094240837695
lambda_star_4_32,9123,0.39267015706806285
lambda_star_4_32,9124,0.3717277486910995
lambda_star_4_32,9125,0.3403141361256545
lambda_star_4_32,9126,0.34554973821989526
lambda_star_4_32,9127,0.32460732984293195
lambda_star_4_32,9128,0.39790575916230364
lambda_star_4_32,9129,0.3089005235602094
lambda_star_4_32,9130,0.3036649214659686
lambda_star_4_32,9131,0.3769633507853403
lambda_star_4_32,9132,0.3403141361256545
lambda_star_4_32,9133,0.31413612565445026
lambda_star_4_32,9134,0.3403141361256545
lambda_star_4_32,9135,0.35602094240837695
lambda_star_4_32,9136,0.3403141361256545
lambda_star_4_32,9137,0.3403141361256545
lambda_star_4_32,9138,0.3717277486910995
lambda_star_4_32,9139,0.38219895287958117
lambda_star_4_32,9140,0.33507853403141363
lambda_star_4_32,9141,0.3717277486910995
lambda_star_4_32,9142,0.29842931937172773
lambda_star_4_32,9143,0.3769633507853403
lambda_star_4_32,9144,0.3507853403141361
lambda_star_4_32,9145,0.38219895287958117
lambda_star_4_32,9146,0.33507853403141363
lambda_star_4_32,9147,0.3612565445026178
lambda_star_4_32,9148,0.3507853403141361
lambda_star_4_32,9149,0.34554973821989526
lambda_star_4_32,9150,0.32460732984293195
lambda_star_4_32,9151,0.35602094240837695
lambda_star_4_32,9152,0.3769633507853403
lambda_star_4_32,9153,0.3089005235602094
lambda_star_4_32,9154,0.34554973821989526
lambda_star_4_32,9155,0.3193717277486911
lambda_star_4_32,9156,0.31413612565445026
lambda_star_4_32,9157,0.35602094240837695
lambda_star_4_32,9158,0.29842931937172773
lambda_star_4_32,9159,0.36649214659685864
lambda_star_4_32,9160,0.3507853403141361
lambda_star_4_32,9161,0.31413612565445026
lambda_star_4_32,9162,0.3769633507853403
lambda_star_4_32,9163,0.35602094240837695
lambda_star_4_32,9164,0.3507853403141361
lambda_star_4_32,9165,0.32460732984293195
lambda_star_4_32,9166,0.3717277486910995
lambda_star_4_32,9167,0.35602094240837695
lambda_star_4_32,9168,0.34554973821989526
lambda_star_4_32,9169,0.38219895287958117
lambda_star_4_32,9170,0.3507853403141361
lambda_star_4_32,9171,0.31413612565445026
lambda_star_4_32,9172,0.387434554973822
lambda_star_4_32,9173,0.3193717277486911
lambda_star_4_32,9174,0.3403141361256545
lambda_star_4_32,9175,0.3507853403141361
lambda_star_4_32,9176,0.32460732984293195
lambda_star_4_32,9177,0.32460732984293195
lambda_star_4_32,9178,0.4031413612565445
lambda_star_4_32,9179,0.33507853403141363
lambda_star_4_32,9180,0.3507853403141361
lambda_star_4_32,9181,0.3403141361256545
lambda_star_4_32,9182,0.2931937172774869
lambda_star_4_32,9183,0.32460732984293195
lambda_star_4_32,9184,0.3403141361256545
lambda_star_4_32,9185,0.29842931937172773
lambda_star_4_32,9186,0.3193717277486911
lambda_star_4_32,9187,0.35602094240837695
lambda_star_4_32,9188,0.33507853403141363
lambda_star_4_32,9189,0.34554973821989526
lambda_star_4_32,9190,0.3717277486910995
lambda_star_4_32,9191,0.3089005235602094
lambda_star_4_32,9192,0.3507853403141361
lambda_star_4_32,9193,0.3612565445026178
lambda_star_4_32,9194,0.33507853403141363
lambda_star_4_32,9195,0.39790575916230364
lambda_star_4_32,9196,0.3298429319371728
lambda_star_4_32,9197,0.3717277486910995
lambda_star_4_32,9198,0.387434554973822
lambda_star_4_32,9199,0.3507853403141361
lambda_star_4_32,9200,0.3769633507853403
lambda_star_4_32,9201,0.39267015706806285
lambda_star_4_32,9202,0.32460732984293195
lambda_star_4_32,9203,0.4031413612565445
lambda_star_4_32,9204,0.38219895287958117
lambda_star_4_32,9205,0.33507853403141363
lambda_star_4_32,9206,0.39267015706806285
lambda_star_4_32,9207,0.33507853403141363
lambda_star_4_32,9208,0.38219895287958117
lambda_star_4_32,9209,0.35602094240837695
lambda_star_4_32,9210,0.3507853403141361
lambda_star_4_32,9211,0.34554973821989526
lambda_star_4_32,9212,0.31413612565445026
lambda_star_4_32,9213,0.36649214659685864
lambda_star_4_32,9214,0.35602094240837695
lambda_star_4_32,9215,0.3612565445026178
lambda_star_4_32,9216,0.36649214659685864
lambda_star_4_32,9217,0.31413612565445026
lambda_star_4_32,9218,0.36649214659685864
lambda_star_4_32,9219,0.3507853403141361
lambda_star_4_32,9220,0.33507853403141363
lambda_star_4_32,9221,0.3769633507853403
lambda_star_4_32,9222,0.3193717277486911
lambda_star_4_32,9223,0.3403141361256545
lambda_star_4_32,9224,0.3089005235602094
lambda_star_4_32,9225,0.3507853403141361
lambda_star_4_32,9226,0.38219895287958117
lambda_star_4_32,9227,0.3193717277486911
lambda_star_4_32,9228,0.3403141361256545
lambda_star_4_32,9229,0.36649214659685864
lambda_star_4_32,9230,0.35602094240837695
lambda_star_4_32,9231,0.3089005235602094
lambda_star_4_32,9232,0.3717277486910995
lambda_star_4_32,9233,0.387434554973822
lambda_star_4_32,9234,0.3403141361256545
lambda_star_4_32,9235,0.3403141361256545
lambda_star_4_32,9236,0.33507853403141363
lambda_star_4_32,9237,0.3089005235602094
lambda_star_4_32,9238,0.32460732984293195
lambda_star_4_32,9239,0.3193717277486911
lambda_star_4_32,9240,0.32460732984293195
lambda_star_4_32,9241,0.3612565445026178
lambda_star_4_32,9242,0.35602094240837695
lambda_star_4_32,9243,0.3036649214659686
lambda_star_4_32,9244,0.3403141361256545
lambda_star_4_32,9245,0.35602094240837695
lambda_star_4_32,9246,0.3769633507853403
lambda_star_4_32,9247,0.387434554973822
lambda_star_4_32,9248,0.3507853403141361
lambda_star_4_32,9249,0.34554973821989526
lambda_star_4_32,9250,0.3403141361256545
lambda_star_4_32,9251,0.3507853403141361
lambda_star_4_32,9252,0.34554973821989526
lambda_star_4_32,9253,0.3507853403141361
lambda_star_4_32,9254,0.4083769633507853
lambda_star_4_32,9255,0.34554973821989526
lambda_star_4_32,9256,0.3612565445026178
lambda_star_4_32,9257,0.3507853403141361
lambda_star_4_32,9258,0.3717277486910995
lambda_star_4_32,9259,0.3298429319371728
lambda_star_4_32,9260,0.39267015706806285
lambda_star_4_32,9261,0.3612565445026178
lambda_star_4_32,9262,0.4083769633507853
lambda_star_4_32,9263,0.35602094240837695
lambda_star_4_32,9264,0.2931937172774869
lambda_star_4_32,9265,0.36649214659685864
lambda_star_4_32,9266,0.34554973821989526
lambda_star_4_32,9267,0.38219895287958117
lambda_star_4_32,9268,0.3717277486910995
lambda_star_4_32,9269,0.36649214659685864
lambda_star_4_32,9270,0.34554973821989526
lambda_star_4_32,9271,0.387434554973822
lambda_star_4_32,9272,0.32460732984293195
lambda_star_4_32,9273,0.33507853403141363
lambda_star_4_32,9274,0.3612565445026178
lambda_star_4_32,9275,0.3193717277486911
lambda_star_4_32,9276,0.32460732984293195
lambda_star_4_32,9277,0.3612565445026178
lambda_star_4_32,9278,0.3507853403141361
lambda_star_4_32,9279,0.3612565445026178
lambda_star_4_32,9280,0.35602094240837695
lambda_star_4_32,9281,0.3193717277486911
lambda_star_4_32,9282,0.2774869109947644
lambda_star_4_32,9283,0.3507853403141361
lambda_star_4_32,9284,0.3507853403141361
lambda_star_4_32,9285,0.3403141361256545
lambda_star_4_32,9286,0.3507853403141361
lambda_star_4_32,9287,0.34554973821989526
lambda_star_4_32,9288,0.36649214659685864
lambda_star_4_32,9289,0.31413612565445026
lambda_star_4_32,9290,0.387434554973822
lambda_star_4_32,9291,0.3717277486910995
lambda_star_4_32,9292,0.34554973821989526
lambda_star_4_32,9293,0.31413612565445026
lambda_star_4_32,9294,0.35602094240837695
lambda_star_4_32,9295,0.3403141361256545
lambda_star_4_32,9296,0.3612565445026178
lambda_star_4_32,9297,0.36649214659685864
lambda_star_4_32,9298,0.36649214659685864
lambda_star_4_32,9299,0.3089005235602094
lambda_star_4_32,9300,0.3298429319371728
lambda_star_4_32,9301,0.3298429319371728
lambda_star_4_32,9302,0.3769633507853403
lambda_star_4_32,9303,0.32460732984293195
lambda_star_4_32,9304,0.3612565445026178
lambda_star_4_32,9305,0.3298429319371728
lambda_star_4_32,9306,0.387434554973822
lambda_star_4_32,9307,0.36649214659685864
lambda_star_4_32,9308,0.3612565445026178
lambda_star_4_32,9309,0.3403141361256545
lambda_star_4_32,9310,0.33507853403141363
lambda_star_4_32,9311,0.3717277486910995
lambda_star_4_32,9312,0.33507853403141363
lambda_star_4_32,9313,0.3403141361256545
lambda_star_4_32,9314,0.32460732984293195
lambda_star_4_32,9315,0.34554973821989526
lambda_star_4_32,9316,0.3298429319371728
lambda_star_4_32,9317,0.3298429319371728
lambda_star_4_32,9318,0.33507853403141363
lambda_star_4_32,9319,0.3507853403141361
lambda_star_4_32,9320,0.35602094240837695
lambda_star_4_32,9321,0.36649214659685864
lambda_star_4_32,9322,0.3193717277486911
lambda_star_4_32,9323,0.3036649214659686
lambda_star_4_32,9324,0.36649214659685864
lambda_star_4_32,9325,0.3403141361256545
lambda_star_4_32,9326,0.3507853403141361
lambda_star_4_32,9327,0.3717277486910995
lambda_star_4_32,9328,0.33507853403141363
lambda_star_4_32,9329,0.387434554973822
lambda_star_4_32,9330,0.32460732984293195
lambda_star_4_32,9331,0.35602094240837695
lambda_star_4_32,9332,0.3507853403141361
lambda_star_4_32,9333,0.3717277486910995
lambda_star_4_32,9334,0.32460732984293195
lambda_star_4_32,9335,0.34554973821989526
lambda_star_4_32,9336,0.3403141361256545
lambda_star_4_32,9337,0.3036649214659686
lambda_star_4_32,9338,0.38219895287958117
lambda_star_4_32,9339,0.39790575916230364
lambda_star_4_32,9340,0.32460732984293195
lambda_star_4_32,9341,0.35602094240837695
lambda_star_4_32,9342,0.3769633507853403
lambda_star_4_32,9343,0.3403141361256545
lambda_star_4_32,9344,0.34554973821989526
lambda_star_4_32,9345,0.3403141361256545
lambda_star_4_32,9346,0.4031413612565445
lambda_star_4_32,9347,0.33507853403141363
lambda_star_4_32,9348,0.32460732984293195
lambda_star_4_32,9349,0.3507853403141361
lambda_star_4_32,9350,0.35602094240837695
lambda_star_4_32,9351,0.39790575916230364
lambda_star_4_32,9352,0.3036649214659686
lambda_star_4_32,9353,0.3507853403141361
lambda_star_4_32,9354,0.35602094240837695
lambda_star_4_32,9355,0.34554973821989526
lambda_star_4_32,9356,0.33507853403141363
lambda_star_4_32,9357,0.34554973821989526
lambda_star_4_32,9358,0.32460732984293195
lambda_star_4_32,9359,0.3298429319371728
lambda_star_4_32,9360,0.3717277486910995
lambda_star_4_32,9361,0.3403141361256545
lambda_star_4_32,9362,0.39790575916230364
lambda_star_4_32,9363,0.3612565445026178
lambda_star_4_32,9364,0.3089005235602094
lambda_star_4_32,9365,0.3403141361256545
lambda_star_4_32,9366,0.3717277486910995
lambda_star_4_32,9367,0.31413612565445026
lambda_star_4_32,9368,0.35602094240837695
lambda_star_4_32,9369,0.3507853403141361
lambda_star_4_32,9370,0.3507853403141361
lambda_star_4_32,9371,0.32460732984293195
lambda_star_4_32,9372,0.34554973821989526
lambda_star_4_32,9373,0.32460732984293195
lambda_star_4_32,9374,0.3193717277486911
lambda_star_4_32,9375,0.36649214659685864
lambda_star_4_32,9376,0.3612565445026178
lambda_star_4_32,9377,0.34554973821989526
lambda_star_4_32,9378,0.3507853403141361
lambda_star_4_32,9379,0.3403141361256545
lambda_star_4_32,9380,0.3403141361256545
lambda_star_4_32,9381,0.3403141361256545
lambda_star_4_32,9382,0.3612565445026178
lambda_star_4_32,9383,0.3717277486910995
lambda_star_4_32,9384,0.38219895287958117
lambda_star_4_32,9385,0.3403141361256545
lambda_star_4_32,9386,0.3769633507853403
lambda_star_4_32,9387,0.3769633507853403
lambda_star_4_32,9388,0.38219895287958117
lambda_star_4_32,9389,0.3403141361256545
lambda_star_4_32,9390,0.32460732984293195
lambda_star_4_32,9391,0.3193717277486911
lambda_star_4_32,9392,0.3298429319371728
lambda_star_4_32,9393,0.3769633507853403
lambda_star_4_32,9394,0.36649214659685864
lambda_star_4_32,9395,0.38219895287958117
lambda_star_4_32,9396,0.3612565445026178
lambda_star_4_32,9397,0.32460732984293195
lambda_star_4_32,9398,0.4083769633507853
lambda_star_4_32,9399,0.3612565445026178
lambda_star_4_32,9400,0.39790575916230364
lambda_star_4_32,9401,0.3612565445026178
lambda_star_4_32,9402,0.3089005235602094
lambda_star_4_32,9403,0.31413612565445026
lambda_star_4_32,9404,0.36649214659685864
lambda_star_4_32,9405,0.3403141361256545
lambda_star_4_32,9406,0.3298429319371728
lambda_star_4_32,9407,0.36649214659685864
lambda_star_4_32,9408,0.3507853403141361
lambda_star_4_32,9409,0.34554973821989526
lambda_star_4_32,9410,0.34554973821989526
lambda_star_4_32,9411,0.36649214659685864
lambda_star_4_32,9412,0.35602094240837695
lambda_star_4_32,9413,0.3193717277486911
lambda_star_4_32,9414,0.38219895287958117
lambda_star_4_32,9415,0.32460732984293195
lambda_star_4_32,9416,0.31413612565445026
lambda_star_4_32,9417,0.32460732984293195
lambda_star_4_32,9418,0.35602094240837695
lambda_star_4_32,9419,0.3089005235602094
lambda_star_4_32,9420,0.36649214659685864
lambda_star_4_32,9421,0.29842931937172773
lambda_star_4_32,9422,0.32460732984293195
lambda_star_4_32,9423,0.34554973821989526
lambda_star_4_32,9424,0.4083769633507853
lambda_star_4_32,9425,0.36649214659685864
lambda_star_4_32,9426,0.39267015706806285
lambda_star_4_32,9427,0.3403141361256545
lambda_star_4_32,9428,0.3612565445026178
lambda_star_4_32,9429,0.3612565445026178
lambda_star_4_32,9430,0.3769633507853403
lambda_star_4_32,9431,0.3612565445026178
lambda_star_4_32,9432,0.2879581151832461
lambda_star_4_32,9433,0.33507853403141363
lambda_star_4_32,9434,0.3612565445026178
lambda_star_4_32,9435,0.32460732984293195
lambda_star_4_32,9436,0.3298429319371728
lambda_star_4_32,9437,0.3507853403141361
lambda_star_4_32,9438,0.38219895287958117
lambda_star_4_32,9439,0.33507853403141363
lambda_star_4_32,9440,0.36649214659685864
lambda_star_4_32,9441,0.35602094240837695
lambda_star_4_32,9442,0.3193717277486911
lambda_star_4_32,9443,0.3612565445026178
lambda_star_4_32,9444,0.29842931937172773
lambda_star_4_32,9445,0.33507853403141363
lambda_star_4_32,9446,0.32460732984293195
lambda_star_4_32,9447,0.3507853403141361
lambda_star_4_32,9448,0.38219895287958117
lambda_star_4_32,9449,0.3507853403141361
lambda_star_4_32,9450,0.3612565445026178
lambda_star_4_32,9451,0.387434554973822
lambda_star_4_32,9452,0.3507853403141361
lambda_star_4_32,9453,0.3717277486910995
lambda_star_4_32,9454,0.33507853403141363
lambda_star_4_32,9455,0.3089005235602094
lambda_star_4_32,9456,0.387434554973822
lambda_star_4_32,9457,0.32460732984293195
lambda_star_4_32,9458,0.33507853403141363
lambda_star_4_32,9459,0.3769633507853403
lambda_star_4_32,9460,0.387434554973822
lambda_star_4_32,9461,0.3769633507853403
lambda_star_4_32,9462,0.3769633507853403
lambda_star_4_32,9463,0.3089005235602094
lambda_star_4_32,9464,0.3089005235602094
lambda_star_4_32,9465,0.34554973821989526
lambda_star_4_32,9466,0.3089005235602094
lambda_star_4_32,9467,0.3769633507853403
lambda_star_4_32,9468,0.3193717277486911
lambda_star_4_32,9469,0.387434554973822
lambda_star_4_32,9470,0.36649214659685864
lambda_star_4_32,9471,0.29842931937172773
lambda_star_4_32,9472,0.34554973821989526
lambda_star_4_32,9473,0.3507853403141361
lambda_star_4_32,9474,0.3298429319371728
lambda_star_4_32,9475,0.39267015706806285
lambda_star_4_32,9476,0.34554973821989526
lambda_star_4_32,9477,0.3403141361256545
lambda_star_4_32,9478,0.32460732984293195
lambda_star_4_32,9479,0.33507853403141363
lambda_star_4_32,9480,0.34554973821989526
lambda_star_4_32,9481,0.33507853403141363
lambda_star_4_32,9482,0.3612565445026178
lambda_star_4_32,9483,0.3193717277486911
lambda_star_4_32,9484,0.3769633507853403
lambda_star_4_32,9485,0.3089005235602094
lambda_star_4_32,9486,0.3769633507853403
lambda_star_4_32,9487,0.38219895287958117
lambda_star_4_32,9488,0.35602094240837695
lambda_star_4_32,9489,0.4031413612565445
lambda_star_4_32,9490,0.36649214659685864
lambda_star_4_32,9491,0.418848167539267
lambda_star_4_32,9492,0.3507853403141361
lambda_star_4_32,9493,0.31413612565445026
lambda_star_4_32,9494,0.3089005235602094
lambda_star_4_32,9495,0.3403141361256545
lambda_star_4_32,9496,0.35602094240837695
lambda_star_4_32,9497,0.3769633507853403
lambda_star_4_32,9498,0.34554973821989526
lambda_star_4_32,9499,0.36649214659685864
lambda_star_4_32,9500,0.3298429319371728
lambda_star_4_32,9501,0.2931937172774869
lambda_star_4_32,9502,0.3612565445026178
lambda_star_4_32,9503,0.35602094240837695
lambda_star_4_32,9504,0.3298429319371728
lambda_star_4_32,9505,0.3403141361256545
lambda_star_4_32,9506,0.3507853403141361
lambda_star_4_32,9507,0.387434554973822
lambda_star_4_32,9508,0.3298429319371728
lambda_star_4_32,9509,0.39267015706806285
lambda_star_4_32,9510,0.387434554973822
lambda_star_4_32,9511,0.33507853403141363
lambda_star_4_32,9512,0.387434554973822
lambda_star_4_32,9513,0.31413612565445026
lambda_star_4_32,9514,0.3403141361256545
lambda_star_4_32,9515,0.34554973821989526
lambda_star_4_32,9516,0.3298429319371728
lambda_star_4_32,9517,0.3717277486910995
lambda_star_4_32,9518,0.3507853403141361
lambda_star_4_32,9519,0.3403141361256545
lambda_star_4_32,9520,0.4031413612565445
lambda_star_4_32,9521,0.34554973821989526
lambda_star_4_32,9522,0.3298429319371728
lambda_star_4_32,9523,0.35602094240837695
lambda_star_4_32,9524,0.34554973821989526
lambda_star_4_32,9525,0.3403141361256545
lambda_star_4_32,9526,0.387434554973822
lambda_star_4_32,9527,0.36649214659685864
lambda_star_4_32,9528,0.33507853403141363
lambda_star_4_32,9529,0.3717277486910995
lambda_star_4_32,9530,0.32460732984293195
lambda_star_4_32,9531,0.2774869109947644
lambda_star_4_32,9532,0.3507853403141361
lambda_star_4_32,9533,0.387434554973822
lambda_star_4_32,9534,0.2931937172774869
lambda_star_4_32,9535,0.35602094240837695
lambda_star_4_32,9536,0.4031413612565445
lambda_star_4_32,9537,0.32460732984293195
lambda_star_4_32,9538,0.3717277486910995
lambda_star_4_32,9539,0.33507853403141363
lambda_star_4_32,9540,0.3298429319371728
lambda_star_4_32,9541,0.3507853403141361
lambda_star_4_32,9542,0.3507853403141361
lambda_star_4_32,9543,0.387434554973822
lambda_star_4_32,9544,0.39267015706806285
lambda_star_4_32,9545,0.3403141361256545
lambda_star_4_32,9546,0.41361256544502617
lambda_star_4_32,9547,0.34554973821989526
lambda_star_4_32,9548,0.3403141361256545
lambda_star_4_32,9549,0.3298429319371728
lambda_star_4_32,9550,0.31413612565445026
lambda_star_4_32,9551,0.3298429319371728
lambda_star_4_32,9552,0.3507853403141361
lambda_star_4_32,9553,0.418848167539267
lambda_star_4_32,9554,0.3507853403141361
lambda_star_4_32,9555,0.4031413612565445
lambda_star_4_32,9556,0.34554973821989526
lambda_star_4_32,9557,0.3298429319371728
lambda_star_4_32,9558,0.3403141361256545
lambda_star_4_32,9559,0.38219895287958117
lambda_star_4_32,9560,0.35602094240837695
lambda_star_4_32,9561,0.3403141361256545
lambda_star_4_32,9562,0.3717277486910995
lambda_star_4_32,9563,0.3193717277486911
lambda_star_4_32,9564,0.29842931937172773
lambda_star_4_32,9565,0.3769633507853403
lambda_star_4_32,9566,0.3507853403141361
lambda_star_4_32,9567,0.3717277486910995
lambda_star_4_32,9568,0.3769633507853403
lambda_star_4_32,9569,0.3036649214659686
lambda_star_4_32,9570,0.34554973821989526
lambda_star_4_32,9571,0.36649214659685864
lambda_star_4_32,9572,0.38219895287958117
lambda_star_4_32,9573,0.33507853403141363
lambda_star_4_32,9574,0.27225130890052357
lambda_star_4_32,9575,0.3298429319371728
lambda_star_4_32,9576,0.3193717277486911
lambda_star_4_32,9577,0.29842931937172773
lambda_star_4_32,9578,0.36649214659685864
lambda_star_4_32,9579,0.3612565445026178
lambda_star_4_32,9580,0.3403141361256545
lambda_star_4_32,9581,0.3507853403141361
lambda_star_4_32,9582,0.387434554973822
lambda_star_4_32,9583,0.34554973821989526
lambda_star_4_32,9584,0.34554973821989526
lambda_star_4_32,9585,0.3507853403141361
lambda_star_4_32,9586,0.387434554973822
lambda_star_4_32,9587,0.3193717277486911
lambda_star_4_32,9588,0.3769633507853403
lambda_star_4_32,9589,0.3089005235602094
lambda_star_4_32,9590,0.33507853403141363
lambda_star_4_32,9591,0.3403141361256545
lambda_star_4_32,9592,0.35602094240837695
lambda_star_4_32,9593,0.387434554973822
lambda_star_4_32,9594,0.32460732984293195
lambda_star_4_32,9595,0.39790575916230364
lambda_star_4_32,9596,0.3717277486910995
lambda_star_4_32,9597,0.3612565445026178
lambda_star_4_32,9598,0.35602094240837695
lambda_star_4_32,9599,0.34554973821989526
lambda_star_4_32,9600,0.3193717277486911
lambda_star_4_32,9601,0.31413612565445026
lambda_star_4_32,9602,0.31413612565445026
lambda_star_4_32,9603,0.3298429319371728
lambda_star_4_32,9604,0.36649214659685864
lambda_star_4_32,9605,0.3507853403141361
lambda_star_4_32,9606,0.35602094240837695
lambda_star_4_32,9607,0.35602094240837695
lambda_star_4_32,9608,0.3403141361256545
lambda_star_4_32,9609,0.3193717277486911
lambda_star_4_32,9610,0.3036649214659686
lambda_star_4_32,9611,0.3717277486910995
lambda_star_4_32,9612,0.33507853403141363
lambda_star_4_32,9613,0.33507853403141363
lambda_star_4_32,9614,0.33507853403141363
lambda_star_4_32,9615,0.387434554973822
lambda_star_4_32,9616,0.33507853403141363
lambda_star_4_32,9617,0.3298429319371728
lambda_star_4_32,9618,0.3403141361256545
lambda_star_4_32,9619,0.3717277486910995
lambda_star_4_32,9620,0.36649214659685864
lambda_star_4_32,9621,0.35602094240837695
lambda_star_4_32,9622,0.35602094240837695
lambda_star_4_32,9623,0.3717277486910995
lambda_star_4_32,9624,0.3717277486910995
lambda_star_4_32,9625,0.3507853403141361
lambda_star_4_32,9626,0.3298429319371728
lambda_star_4_32,9627,0.35602094240837695
lambda_star_4_32,9628,0.36649214659685864
lambda_star_4_32,9629,0.31413612565445026
lambda_star_4_32,9630,0.35602094240837695
lambda_star_4_32,9631,0.3507853403141361
lambda_star_4_32,9632,0.3403141361256545
lambda_star_4_32,9633,0.31413612565445026
lambda_star_4_32,9634,0.34554973821989526
lambda_star_4_32,9635,0.32460732984293195
lambda_star_4_32,9636,0.3298429319371728
lambda_star_4_32,9637,0.35602094240837695
lambda_star_4_32,9638,0.3193717277486911
lambda_star_4_32,9639,0.3612565445026178
lambda_star_4_32,9640,0.3193717277486911
lambda_star_4_32,9641,0.3403141361256545
lambda_star_4_32,9642,0.3769633507853403
lambda_star_4_32,9643,0.3612565445026178
lambda_star_4_32,9644,0.3507853403141361
lambda_star_4_32,9645,0.32460732984293195
lambda_star_4_32,9646,0.3717277486910995
lambda_star_4_32,9647,0.3507853403141361
lambda_star_4_32,9648,0.35602094240837695
lambda_star_4_32,9649,0.33507853403141363
lambda_star_4_32,9650,0.38219895287958117
lambda_star_4_32,9651,0.32460732984293195
lambda_star_4_32,9652,0.3612565445026178
lambda_star_4_32,9653,0.28272251308900526
lambda_star_4_32,9654,0.36649214659685864
lambda_star_4_32,9655,0.3612565445026178
lambda_star_4_32,9656,0.35602094240837695
lambda_star_4_32,9657,0.3036649214659686
lambda_star_4_32,9658,0.3769633507853403
lambda_star_4_32,9659,0.31413612565445026
lambda_star_4_32,9660,0.3507853403141361
lambda_star_4_32,9661,0.3036649214659686
lambda_star_4_32,9662,0.34554973821989526
lambda_star_4_32,9663,0.38219895287958117
lambda_star_4_32,9664,0.35602094240837695
lambda_star_4_32,9665,0.34554973821989526
lambda_star_4_32,9666,0.387434554973822
lambda_star_4_32,9667,0.3089005235602094
lambda_star_4_32,9668,0.387434554973822
lambda_star_4_32,9669,0.35602094240837695
lambda_star_4_32,9670,0.34554973821989526
lambda_star_4_32,9671,0.3507853403141361
lambda_star_4_32,9672,0.33507853403141363
lambda_star_4_32,9673,0.39790575916230364
lambda_star_4_32,9674,0.4083769633507853
lambda_star_4_32,9675,0.3612565445026178
lambda_star_4_32,9676,0.34554973821989526
lambda_star_4_32,9677,0.35602094240837695
lambda_star_4_32,9678,0.3036649214659686
lambda_star_4_32,9679,0.3403141361256545
lambda_star_4_32,9680,0.31413612565445026
lambda_star_4_32,9681,0.387434554973822
lambda_star_4_32,9682,0.35602094240837695
lambda_star_4_32,9683,0.31413612565445026
lambda_star_4_32,9684,0.34554973821989526
lambda_star_4_32,9685,0.36649214659685864
lambda_star_4_32,9686,0.3089005235602094
lambda_star_4_32,9687,0.3507853403141361
lambda_star_4_32,9688,0.3507853403141361
lambda_star_4_32,9689,0.3769633507853403
lambda_star_4_32,9690,0.2931937172774869
lambda_star_4_32,9691,0.36649214659685864
lambda_star_4_32,9692,0.34554973821989526
lambda_star_4_32,9693,0.3403141361256545
lambda_star_4_32,9694,0.34554973821989526
lambda_star_4_32,9695,0.3507853403141361
lambda_star_4_32,9696,0.3403141361256545
lambda_star_4_32,9697,0.3193717277486911
lambda_star_4_32,9698,0.3089005235602094
lambda_star_4_32,9699,0.3769633507853403
lambda_star_4_32,9700,0.3717277486910995
lambda_star_4_32,9701,0.3717277486910995
lambda_star_4_32,9702,0.33507853403141363
lambda_star_4_32,9703,0.31413612565445026
lambda_star_4_32,9704,0.2931937172774869
lambda_star_4_32,9705,0.39267015706806285
lambda_star_4_32,9706,0.27225130890052357
lambda_star_4_32,9707,0.418848167539267
lambda_star_4_32,9708,0.3769633507853403
lambda_star_4_32,9709,0.3717277486910995
lambda_star_4_32,9710,0.36649214659685864
lambda_star_4_32,9711,0.33507853403141363
lambda_star_4_32,9712,0.31413612565445026
lambda_star_4_32,9713,0.3298429319371728
lambda_star_4_32,9714,0.39790575916230364
lambda_star_4_32,9715,0.32460732984293195
lambda_star_4_32,9716,0.2931937172774869
lambda_star_4_32,9717,0.2931937172774869
lambda_star_4_32,9718,0.36649214659685864
lambda_star_4_32,9719,0.3769633507853403
lambda_star_4_32,9720,0.3717277486910995
lambda_star_4_32,9721,0.33507853403141363
lambda_star_4_32,9722,0.4031413612565445
lambda_star_4_32,9723,0.3036649214659686
lambda_star_4_32,9724,0.3612565445026178
lambda_star_4_32,9725,0.39267015706806285
lambda_star_4_32,9726,0.33507853403141363
lambda_star_4_32,9727,0.38219895287958117
lambda_star_4_32,9728,0.3298429319371728
lambda_star_4_32,9729,0.36649214659685864
lambda_star_4_32,9730,0.3298429319371728
lambda_star_4_32,9731,0.35602094240837695
lambda_star_4_32,9732,0.34554973821989526
lambda_star_4_32,9733,0.3717277486910995
lambda_star_4_32,9734,0.3298429319371728
lambda_star_4_32,9735,0.3507853403141361
lambda_star_4_32,9736,0.3298429319371728
lambda_star_4_32,9737,0.3298429319371728
lambda_star_4_32,9738,0.3403141361256545
lambda_star_4_32,9739,0.3612565445026178
lambda_star_4_32,9740,0.35602094240837695
lambda_star_4_32,9741,0.29842931937172773
lambda_star_4_32,9742,0.35602094240837695
lambda_star_4_32,9743,0.34554973821989526
lambda_star_4_32,9744,0.35602094240837695
lambda_star_4_32,9745,0.3036649214659686
lambda_star_4_32,9746,0.34554973821989526
lambda_star_4_32,9747,0.3089005235602094
lambda_star_4_32,9748,0.3298429319371728
lambda_star_4_32,9749,0.36649214659685864
lambda_star_4_32,9750,0.32460732984293195
lambda_star_4_32,9751,0.31413612565445026
lambda_star_4_32,9752,0.387434554973822
lambda_star_4_32,9753,0.35602094240837695
lambda_star_4_32,9754,0.3193717277486911
lambda_star_4_32,9755,0.387434554973822
lambda_star_4_32,9756,0.3612565445026178
lambda_star_4_32,9757,0.3193717277486911
lambda_star_4_32,9758,0.3612565445026178
lambda_star_4_32,9759,0.34554973821989526
lambda_star_4_32,9760,0.3612565445026178
lambda_star_4_32,9761,0.2879581151832461
lambda_star_4_32,9762,0.3298429319371728
lambda_star_4_32,9763,0.35602094240837695
lambda_star_4_32,9764,0.41361256544502617
lambda_star_4_32,9765,0.34554973821989526
lambda_star_4_32,9766,0.3298429319371728
lambda_star_4_32,9767,0.35602094240837695
lambda_star_4_32,9768,0.38219895287958117
lambda_star_4_32,9769,0.3717277486910995
lambda_star_4_32,9770,0.32460732984293195
lambda_star_4_32,9771,0.36649214659685864
lambda_star_4_32,9772,0.38219895287958117
lambda_star_4_32,9773,0.3612565445026178
lambda_star_4_32,9774,0.3769633507853403
lambda_star_4_32,9775,0.3612565445026178
lambda_star_4_32,9776,0.3089005235602094
lambda_star_4_32,9777,0.3769633507853403
lambda_star_4_32,9778,0.387434554973822
lambda_star_4_32,9779,0.387434554973822
lambda_star_4_32,9780,0.3717277486910995
lambda_star_4_32,9781,0.35602094240837695
lambda_star_4_32,9782,0.3769633507853403
lambda_star_4_32,9783,0.2774869109947644
lambda_star_4_32,9784,0.34554973821989526
lambda_star_4_32,9785,0.3193717277486911
lambda_star_4_32,9786,0.39267015706806285
lambda_star_4_32,9787,0.3717277486910995
lambda_star_4_32,9788,0.3769633507853403
lambda_star_4_32,9789,0.387434554973822
lambda_star_4_32,9790,0.3717277486910995
lambda_star_4_32,9791,0.3769633507853403
lambda_star_4_32,9792,0.3507853403141361
lambda_star_4_32,9793,0.31413612565445026
lambda_star_4_32,9794,0.3036649214659686
lambda_star_4_32,9795,0.3612565445026178
lambda_star_4_32,9796,0.34554973821989526
lambda_star_4_32,9797,0.34554973821989526
lambda_star_4_32,9798,0.3403141361256545
lambda_star_4_32,9799,0.3507853403141361
lambda_star_4_32,9800,0.3717277486910995
lambda_star_4_32,9801,0.3193717277486911
lambda_star_4_32,9802,0.39267015706806285
lambda_star_4_32,9803,0.3612565445026178
lambda_star_4_32,9804,0.3507853403141361
lambda_star_4_32,9805,0.3298429319371728
lambda_star_4_32,9806,0.3298429319371728
lambda_star_4_32,9807,0.32460732984293195
lambda_star_4_32,9808,0.3769633507853403
lambda_star_4_32,9809,0.3612565445026178
lambda_star_4_32,9810,0.3298429319371728
lambda_star_4_32,9811,0.33507853403141363
lambda_star_4_32,9812,0.33507853403141363
lambda_star_4_32,9813,0.28272251308900526
lambda_star_4_32,9814,0.3298429319371728
lambda_star_4_32,9815,0.3507853403141361
lambda_star_4_32,9816,0.34554973821989526
lambda_star_4_32,9817,0.36649214659685864
lambda_star_4_32,9818,0.4031413612565445
lambda_star_4_32,9819,0.3403141361256545
lambda_star_4_32,9820,0.387434554973822
lambda_star_4_32,9821,0.34554973821989526
lambda_star_4_32,9822,0.34554973821989526
lambda_star_4_32,9823,0.3717277486910995
lambda_star_4_32,9824,0.3717277486910995
lambda_star_4_32,9825,0.3507853403141361
lambda_star_4_32,9826,0.32460732984293195
lambda_star_4_32,9827,0.34554973821989526
lambda_star_4_32,9828,0.3717277486910995
lambda_star_4_32,9829,0.35602094240837695
lambda_star_4_32,9830,0.3507853403141361
lambda_star_4_32,9831,0.3507853403141361
lambda_star_4_32,9832,0.3717277486910995
lambda_star_4_32,9833,0.3769633507853403
lambda_star_4_32,9834,0.35602094240837695
lambda_star_4_32,9835,0.36649214659685864
lambda_star_4_32,9836,0.3717277486910995
lambda_star_4_32,9837,0.39790575916230364
lambda_star_4_32,9838,0.3193717277486911
lambda_star_4_32,9839,0.34554973821989526
lambda_star_4_32,9840,0.3193717277486911
lambda_star_4_32,9841,0.33507853403141363
lambda_star_4_32,9842,0.387434554973822
lambda_star_4_32,9843,0.3193717277486911
lambda_star_4_32,9844,0.38219895287958117
lambda_star_4_32,9845,0.32460732984293195
lambda_star_4_32,9846,0.31413612565445026
lambda_star_4_32,9847,0.35602094240837695
lambda_star_4_32,9848,0.32460732984293195
lambda_star_4_32,9849,0.28272251308900526
lambda_star_4_32,9850,0.35602094240837695
lambda_star_4_32,9851,0.32460732984293195
lambda_star_4_32,9852,0.3298429319371728
lambda_star_4_32,9853,0.4293193717277487
lambda_star_4_32,9854,0.3089005235602094
lambda_star_4_32,9855,0.39267015706806285
lambda_star_4_32,9856,0.35602094240837695
lambda_star_4_32,9857,0.3193717277486911
lambda_star_4_32,9858,0.3193717277486911
lambda_star_4_32,9859,0.387434554973822
lambda_star_4_32,9860,0.418848167539267
lambda_star_4_32,9861,0.3612565445026178
lambda_star_4_32,9862,0.3036649214659686
lambda_star_4_32,9863,0.3769633507853403
lambda_star_4_32,9864,0.3403141361256545
lambda_star_4_32,9865,0.34554973821989526
lambda_star_4_32,9866,0.3717277486910995
lambda_star_4_32,9867,0.3403141361256545
lambda_star_4_32,9868,0.3612565445026178
lambda_star_4_32,9869,0.3507853403141361
lambda_star_4_32,9870,0.3507853403141361
lambda_star_4_32,9871,0.3298429319371728
lambda_star_4_32,9872,0.38219895287958117
lambda_star_4_32,9873,0.3089005235602094
lambda_star_4_32,9874,0.3769633507853403
lambda_star_4_32,9875,0.3193717277486911
lambda_star_4_32,9876,0.32460732984293195
lambda_star_4_32,9877,0.32460732984293195
lambda_star_4_32,9878,0.32460732984293195
lambda_star_4_32,9879,0.3298429319371728
lambda_star_4_32,9880,0.3717277486910995
lambda_star_4_32,9881,0.38219895287958117
lambda_star_4_32,9882,0.3193717277486911
lambda_star_4_32,9883,0.3612565445026178
lambda_star_4_32,9884,0.3717277486910995
lambda_star_4_32,9885,0.34554973821989526
lambda_star_4_32,9886,0.3298429319371728
lambda_star_4_32,9887,0.3612565445026178
lambda_star_4_32,9888,0.36649214659685864
lambda_star_4_32,9889,0.32460732984293195
lambda_star_4_32,9890,0.3507853403141361
lambda_star_4_32,9891,0.34554973821989526
lambda_star_4_32,9892,0.3507853403141361
lambda_star_4_32,9893,0.34554973821989526
lambda_star_4_32,9894,0.32460732984293195
lambda_star_4_32,9895,0.32460732984293195
lambda_star_4_32,9896,0.32460732984293195
lambda_star_4_32,9897,0.3507853403141361
lambda_star_4_32,9898,0.39267015706806285
lambda_star_4_32,9899,0.39267015706806285
lambda_star_4_32,9900,0.3403141361256545
lambda_star_4_32,9901,0.3507853403141361
lambda_star_4_32,9902,0.2879581151832461
lambda_star_4_32,9903,0.34554973821989526
lambda_star_4_32,9904,0.3298429319371728
lambda_star_4_32,9905,0.3612565445026178
lambda_star_4_32,9906,0.3298429319371728
lambda_star_4_32,9907,0.32460732984293195
lambda_star_4_32,9908,0.41361256544502617
lambda_star_4_32,9909,0.3298429319371728
lambda_star_4_32,9910,0.41361256544502617
lambda_star_4_32,9911,0.3089005235602094
lambda_star_4_32,9912,0.31413612565445026
lambda_star_4_32,9913,0.3612565445026178
lambda_star_4_32,9914,0.35602094240837695
lambda_star_4_32,9915,0.3298429319371728
lambda_star_4_32,9916,0.3298429319371728
lambda_star_4_32,9917,0.36649214659685864
lambda_star_4_32,9918,0.3507853403141361
lambda_star_4_32,9919,0.3036649214659686
lambda_star_4_32,9920,0.3298429319371728
lambda_star_4_32,9921,0.31413612565445026
lambda_star_4_32,9922,0.3612565445026178
lambda_star_4_32,9923,0.3507853403141361
lambda_star_4_32,9924,0.34554973821989526
lambda_star_4_32,9925,0.3717277486910995
lambda_star_4_32,9926,0.35602094240837695
lambda_star_4_32,9927,0.3769633507853403
lambda_star_4_32,9928,0.3507853403141361
lambda_star_4_32,9929,0.3612565445026178
lambda_star_4_32,9930,0.3298429319371728
lambda_star_4_32,9931,0.3193717277486911
lambda_star_4_32,9932,0.4031413612565445
lambda_star_4_32,9933,0.34554973821989526
lambda_star_4_32,9934,0.36649214659685864
lambda_star_4_32,9935,0.4031413612565445
lambda_star_4_32,9936,0.35602094240837695
lambda_star_4_32,9937,0.2879581151832461
lambda_star_4_32,9938,0.36649214659685864
lambda_star_4_32,9939,0.3403141361256545
lambda_star_4_32,9940,0.3769633507853403
lambda_star_4_32,9941,0.29842931937172773
lambda_star_4_32,9942,0.33507853403141363
lambda_star_4_32,9943,0.32460732984293195
lambda_star_4_32,9944,0.39267015706806285
lambda_star_4_32,9945,0.3036649214659686
lambda_star_4_32,9946,0.4397905759162304
lambda_star_4_32,9947,0.39790575916230364
lambda_star_4_32,9948,0.3298429319371728
lambda_star_4_32,9949,0.38219895287958117
lambda_star_4_32,9950,0.35602094240837695
lambda_star_4_32,9951,0.3507853403141361
lambda_star_4_32,9952,0.3089005235602094
lambda_star_4_32,9953,0.4031413612565445
lambda_star_4_32,9954,0.3193717277486911
lambda_star_4_32,9955,0.41361256544502617
lambda_star_4_32,9956,0.36649214659685864
lambda_star_4_32,9957,0.387434554973822
lambda_star_4_32,9958,0.34554973821989526
lambda_star_4_32,9959,0.3403141361256545
lambda_star_4_32,9960,0.32460732984293195
lambda_star_4_32,9961,0.3769633507853403
lambda_star_4_32,9962,0.3403141361256545
lambda_star_4_32,9963,0.35602094240837695
lambda_star_4_32,9964,0.3403141361256545
lambda_star_4_32,9965,0.36649214659685864
lambda_star_4_32,9966,0.3507853403141361
lambda_star_4_32,9967,0.27225130890052357
lambda_star_4_32,9968,0.33507853403141363
lambda_star_4_32,9969,0.33507853403141363
lambda_star_4_32,9970,0.3089005235602094
lambda_star_4_32,9971,0.3612565445026178
lambda_star_4_32,9972,0.3717277486910995
lambda_star_4_32,9973,0.34554973821989526
lambda_star_4_32,9974,0.33507853403141363
lambda_star_4_32,9975,0.34554973821989526
lambda_star_4_32,9976,0.3403141361256545
lambda_star_4_32,9977,0.3507853403141361
lambda_star_4_32,9978,0.38219895287958117
lambda_star_4_32,9979,0.3769633507853403
lambda_star_4_32,9980,0.39267015706806285
lambda_star_4_32,9981,0.3612565445026178
lambda_star_4_32,9982,0.387434554973822
lambda_star_4_32,9983,0.34554973821989526
lambda_star_4_32,9984,0.3403141361256545
lambda_star_4_32,9985,0.36649214659685864
lambda_star_4_32,9986,0.35602094240837695
lambda_star_4_32,9987,0.38219895287958117
lambda_star_4_32,9988,0.35602094240837695
lambda_star_4_32,9989,0.3717277486910995
lambda_star_4_32,9990,0.33507853403141363
lambda_star_4_32,9991,0.3769633507853403
lambda_star_4_32,9992,0.3769633507853403
lambda_star_4_32,9993,0.31413612565445026
lambda_star_4_32,9994,0.35602094240837695
lambda_star_4_32,9995,0.3036649214659686
lambda_star_4_32,9996,0.32460732984293195
lambda_star_4_32,9997,0.3298429319371728
lambda_star_4_32,9998,0.35602094240837695
lambda_star_4_32,9999,0.3717277486910995
