single_line_id,arm,s_um,n_valid_samples,D_max_um,n_above_threshold,A_remove_um2,W_eq_um,W20_um,n_runs_W20,total_width_W20_um,censored_W20,W50_um,n_runs_W50,total_width_W50_um,censored_W50,W80_um,n_runs_W80,total_width_W80_um,censored_W80,W_affected_um,edge_asymmetry,left_slope,right_slope,ridge_left_um,ridge_right_um,ridge_separation_um,profile_skewness
13,raw,-75.36360859624598,57,16.631791977184285,55,115.74385750900254,6.959193433141872,10.514098070530729,1,10.514098070530729,False,6.944007869746866,1,6.944007869746866,False,3.4394526986421865,1,3.4394526986421865,False,13.654193,-0.21739130434782605,2.1465677139704513,-2.812983316575065,0.12118837198713356,0.0012235655127429083,14.490164,0.1907899385898053
13,raw,-73.36360859624598,57,16.94973908828247,49,118.5334356100808,6.993230691794199,10.378537738564425,1,10.378537738564425,False,7.1997430152045485,1,7.1997430152045485,False,3.7572630734613366,1,3.7572630734613366,False,12.260907999999999,-0.19999999999999998,2.110215471068294,-3.045684707818412,0.1729877158938259,0.15954823576186083,13.654193,0.15027262379799747
13,raw,-71.36360859624598,57,17.099467101256856,54,120.31060796428358,7.03592733339862,10.319797639748256,1,10.319797639748256,False,7.055789746888063,1,7.055789746888063,False,3.6648432847009307,1,3.6648432847009307,False,12.539565,-0.33333333333333326,2.025024186765308,-3.589039594772167,0.13935706584846008,0.0009191580879302341,13.654193,0.1529902905972614
13,raw,-69.36360859624598,57,16.29721073254005,54,118.85516292112499,7.292975765712545,10.637746916438106,1,10.637746916438106,False,7.4528526449387344,1,7.4528526449387344,False,3.8683381775252723,1,3.8683381775252723,False,12.539565,-0.30769230769230776,1.8310464349044557,-3.1354299916222965,0.1382147859884732,0.0,,0.06606468166935967
13,raw,-67.36360859624598,57,16.845928191524745,51,118.14092455056552,7.013025533968659,10.245612494770857,1,10.245612494770857,False,7.05666148593894,1,7.05666148593894,False,3.4534682672869135,1,3.4534682672869135,False,12.539565,-0.44000000000000006,1.8067752542177518,-4.459046245950835,0.14941053968622725,0.020912818250915826,14.768820999999999,0.16033212988831386
13,raw,-65.36360859624598,58,16.06457616567129,50,106.73997732822835,6.644431588324323,9.7968626891283,1,9.7968626891283,False,6.886575442468952,1,6.886575442468952,False,3.2873108552234975,1,3.2873108552234975,False,11.424937,-0.16666666666666663,1.9774271905869818,-2.972521931746401,0.2349171011854305,0.1576109301093521,15.326134999999999,0.2290336594839509
13,raw,-63.36360859624598,58,15.740559463293547,55,112.7403274208458,7.162409168730783,10.309834571220636,1,10.309834571220636,False,7.335896898383785,1,7.335896898383785,False,3.8530382280641193,1,3.8530382280641193,False,12.260907999999999,-0.2307692307692307,1.838906995672903,-2.820762891569761,0.1946051691645674,0.0,,0.14640240013178077
13,raw,-61.36360859624598,58,16.314626025823138,54,111.47551351168245,6.832857421018209,9.68108641676083,1,9.68108641676083,False,6.890625367844034,1,6.890625367844034,False,3.7408331519043907,1,3.7408331519043907,False,12.260907999999999,-0.49999999999999994,1.5330987625513868,-5.034698653794059,0.14100653107988728,0.0,,0.23285910303890767
13,raw,-59.36360859624598,58,15.860552825705035,58,106.12372098477184,6.691048045486675,9.342510695303055,1,9.342510695303055,False,6.547518215657558,1,6.547518215657558,False,3.973535050328813,1,3.973535050328813,False,12.260907999999999,-0.45454545454545464,1.6321083960601295,-4.2160119038983295,0.0,0.0,,0.33012684190504804
13,raw,-57.36360859624598,58,15.24883732583741,53,82.22422738266921,5.392163718826593,7.639143154209378,1,7.639143154209378,False,5.147340996438805,1,5.147340996438805,False,3.1042688752428056,1,3.1042688752428056,False,10.588966,-0.6666666666666667,1.6798027168404737,-8.546767320645245,0.15911124587922143,0.0,,0.6618455056670389
13,raw,-55.36360859624598,58,15.506822249463186,42,88.10122568497204,5.681449381933937,8.103257218547391,1,8.103257218547391,False,5.703341834724492,1,5.703341834724492,False,3.0737494149369873,1,3.0737494149369873,False,9.474338,-0.30000000000000004,2.23812803905551,-4.0343449546049035,0.4804421441285982,0.08136352060894864,10.588966,0.5331800105909351
13,raw,-53.36360859624598,58,14.238613780618131,57,94.3187948215183,6.624155713100865,9.031156432332065,1,9.031156432332065,False,6.6629951123814415,1,6.6629951123814415,False,3.8452106066674476,2,4.122491679147822,False,10.310309,0.04347826086956528,1.9428346997729282,-2.069461326087742,0.0,0.033015014193432245,,0.3075175925117975
13,raw,-51.36360859624598,58,15.141641482945909,58,106.61575246655822,7.0412281645051475,10.010882134021562,1,10.010882134021562,False,7.116192994430115,1,7.116192994430115,False,4.160195995681076,1,4.160195995681076,False,12.260907999999999,-0.19999999999999998,1.8806458319429507,-2.678112528341117,0.0,0.0,,0.21752598791569017
13,raw,-49.36360859624598,58,15.157206521544188,50,111.78555153374927,7.375076098280989,10.067370299964603,1,10.067370299964603,False,7.225780465416092,1,7.225780465416092,False,4.74726551830201,1,4.74726551830201,False,12.260907999999999,-0.039999999999999994,1.899892084900592,-2.151436907729878,0.1254137679896717,0.2116016329222664,14.768820999999999,0.1633100661478584
13,raw,-47.36360859624598,58,15.40267286653296,53,109.00033486051808,7.076715567812571,9.998088191662898,1,9.998088191662898,False,6.969082379849652,1,6.969082379849652,False,4.2042658006312355,1,4.2042658006312355,False,11.982250999999998,-0.33333333333333326,1.7689665252617126,-2.9797824280749534,0.0,0.5575925245584249,,0.2060651234904675
13,raw,-45.36360859624598,58,14.87144162826367,56,110.22889441652991,7.412118957387173,10.483293890662377,1,10.483293890662377,False,7.117937922205933,1,7.117937922205933,False,4.522736678828091,1,4.522736678828091,False,12.539565,-0.03999999999999993,2.071899173328975,-2.1436310905124554,0.08759449100571842,0.02462884931687679,15.326135,0.18356897006162476
13,raw,-43.36360859624598,58,15.236482850695303,53,112.06389252296367,7.354971197821401,10.354718407260082,1,10.354718407260082,False,7.55792722801587,1,7.55792722801587,False,3.8765565550132015,1,3.8765565550132015,False,12.539565,-0.3846153846153845,1.3808470320512836,-3.369040737707517,0.23055482092973686,0.0,,0.09430407555122013
13,raw,-41.36360859624598,58,15.012526250052067,53,104.31365442610196,6.948441101026563,9.612930951249089,1,9.612930951249089,False,7.285619338675401,1,7.285619338675401,False,3.9964440004322284,1,3.9964440004322284,False,11.982250999999998,-0.11999999999999997,1.8429907237420586,-2.2023551170804905,0.18434778246679545,0.0,,0.2056728432337958
13,raw,-39.36360859624598,58,14.927946161989839,54,102.5033704416057,6.866542076806525,10.291097859867719,1,10.291097859867719,False,6.818825091427755,1,6.818825091427755,False,3.7062058011142955,1,3.7062058011142955,False,12.539565,-0.4166666666666666,1.5994431848318487,-3.691079389762681,0.13654923186518134,0.0,,0.24052113230916378
13,raw,-37.36360859624598,59,14.447993345283177,59,105.73234020257705,7.318133229698323,10.533229453203553,1,10.533229453203553,False,7.694760369938721,1,7.694760369938721,False,3.677889556395457,1,3.677889556395457,False,13.096878999999998,-0.2592592592592592,1.731862768354721,-2.469210286908428,0.0,0.0,,0.18265659647374277
13,raw,-35.36360859624598,59,14.698109094731997,59,108.75290050387704,7.399108266440583,10.598696665860714,1,10.598696665860714,False,7.345006368905507,1,7.345006368905507,False,4.042926334581047,1,4.042926334581047,False,11.982250999999998,-0.35999999999999993,1.4595585968664102,-3.1904710603476754,0.0,0.0,,0.153903918808075
13,raw,-33.36360859624598,59,14.691134996213489,51,106.26641619307384,7.233370071166256,10.582923762831879,1,10.582923762831879,False,7.203460953221949,1,7.203460953221949,False,4.153405419333247,1,4.153405419333247,False,12.260907999999999,-0.11999999999999993,1.9005970749459036,-2.2149608546927744,0.515003795696924,0.12598897119531463,16.162106,0.16904263985525686
13,raw,-31.36360859624598,59,14.632964614145465,53,93.79520739946581,6.409856776992094,9.903333174247585,1,9.903333174247585,False,5.932635935952112,1,5.932635935952112,False,3.232092885278224,1,3.232092885278224,False,11.703593999999999,0.0,2.8323367058458153,-2.270852594360485,0.8213714537379685,0.0,,0.4294971493176875
13,raw,-29.36360859624598,59,14.67513020321655,58,70.19722198297491,4.783413912579039,5.7892574144388265,1,5.7892574144388265,False,4.019712411963801,1,4.019712411963801,False,2.1459120628955985,1,2.1459120628955985,False,12.539565,0.14285714285714293,4.062475880764647,-3.3633505220964777,0.0,0.0005661591837650632,,1.105994403911677
13,raw,-27.36360859624598,59,14.217463620147662,59,62.2164591679031,4.3760589673488415,5.399080218697181,1,5.399080218697181,False,3.70011664182287,1,3.70011664182287,False,2.015914411833146,1,2.015914411833146,False,6.966425,0.3846153846153847,6.481614465191224,-2.940861882784408,0.0,0.0,,1.2609954319189773
13,raw,-25.36360859624598,59,14.532632313366399,59,93.94001101639716,6.464074022570279,9.66638673836938,1,9.66638673836938,False,5.805348466801949,1,5.805348466801949,False,3.372163533058971,1,3.372163533058971,False,12.539565,-0.09999999999999996,2.5573577034977153,-2.7492676976166535,0.0,0.0,,0.4971421651099845
13,raw,-23.36360859624598,59,14.019926157322464,55,101.43938983356065,7.235372618605405,9.597590331111448,1,9.597590331111448,False,7.4281774859820064,1,7.4281774859820064,False,4.3087432158092795,1,4.3087432158092795,False,11.424937,-0.3846153846153845,1.3714326877439766,-2.910139757509141,0.01980621881854153,0.1092431265289338,15.326134999999999,0.18234700029494982
13,raw,-21.36360859624598,59,13.948595806852577,59,101.44703508118293,7.272920979712143,10.22412538147644,1,10.22412538147644,False,7.179071201725388,1,7.179071201725388,False,3.9129430132502074,1,3.9129430132502074,False,12.539565,-0.24999999999999994,1.350004885142641,-2.5107815462994663,0.0,0.0,,0.16326831038152337
13,raw,-19.36360859624598,59,13.855809173311732,56,103.46131508945085,7.466999133383861,10.42725546776305,1,10.42725546776305,False,7.430793895412293,1,7.430793895412293,False,4.333946391499601,1,4.333946391499601,False,11.982250999999998,-0.3076923076923076,1.603171032552526,-2.5428606090680046,0.07709698509790303,0.0,,0.19367225767414667
13,raw,-17.36360859624598,59,13.703744192259716,57,103.34575672275604,7.541424830531265,10.387436527728614,1,10.387436527728614,False,7.581893826994397,1,7.581893826994397,False,4.443115843881304,1,4.443115843881304,False,12.539565,-0.3076923076923076,1.287318525138594,-2.661049038536924,0.0,0.2605358141595836,,0.13230684364593712
13,raw,-15.363608596245982,59,14.163327902081576,52,108.09285895333313,7.631882824477063,10.834079060637677,1,10.834079060637677,False,7.69752532538611,1,7.69752532538611,False,4.451283981169759,1,4.451283981169759,False,12.539565,-0.48148148148148157,1.2964225330054697,-3.508243165807206,0.0,1.260204694522714,,0.052118983770515576
13,raw,-13.363608596245982,59,13.985149773018497,53,110.99581298807315,7.936691046542598,10.98925608505518,1,10.98925608505518,False,8.067322936288,1,8.067322936288,False,4.9668357821946785,1,4.9668357821946785,False,13.096878999999998,-0.07142857142857147,1.752541814186349,-1.5903487240653416,0.039098458150598814,1.5923175476022366,15.883448999999999,-0.01901329489851981
13,raw,-11.363608596245982,59,13.988006321588673,54,107.96092804447885,7.718106895466237,11.146068445990915,1,11.146068445990915,False,7.643384729905849,1,7.643384729905849,False,4.586175757934331,1,4.586175757934331,False,12.539565,0.07692307692307691,1.9995672993348343,-1.531844371553568,0.010652702477570872,0.7558436551313311,14.768820999999999,0.07590772819854096
13,raw,-9.363608596245982,60,13.946751603079129,54,100.90754283246655,7.235200403955601,10.337650406340611,1,10.337650406340611,False,7.392115827009717,1,7.392115827009717,False,4.048096381638681,2,4.155909541164606,False,12.260907999999999,-0.03999999999999993,1.783495608247183,-1.612107433748996,0.36971112894038893,0.034095256485668496,13.654193,0.18289390329236527
13,raw,-7.363608596245982,60,13.985440086603042,58,100.85553922813395,7.211466968761725,10.297959619345477,1,10.297959619345477,False,7.729735056714929,1,7.729735056714929,False,4.101752178065138,1,4.101752178065138,False,12.260907999999999,-0.2592592592592592,1.6731479717870208,-2.343685472247413,0.19379547934758692,0.0,,0.2111901546018171
13,raw,-5.363608596245982,60,13.756523829111963,60,106.11049016631594,7.713466823774316,10.54532960288229,1,10.54532960288229,False,7.954665467540509,1,7.954665467540509,False,4.439055733309288,1,4.439055733309288,False,12.539565,-0.11111111111111109,1.791038344735538,-1.8314539539996653,0.0,0.0,,0.1640592317101068
13,raw,-3.3636085962459816,60,14.296214912924604,57,101.67150925266968,7.111778178485045,10.140673329864171,1,10.140673329864171,False,7.006652530030511,1,7.006652530030511,False,3.669191489960568,1,3.669191489960568,False,12.539565,-0.4166666666666666,1.512846449879524,-3.5068738378060433,0.12327374742713913,0.062009282749299524,14.211507,0.2808156001828162
13,raw,-1.3636085962459816,60,13.991336590110828,59,97.05735538960451,6.936960937542258,9.929737667472402,1,9.929737667472402,False,7.146939870032011,1,7.146939870032011,False,3.5816595112760288,1,3.5816595112760288,False,11.982250999999998,-0.2799999999999999,1.5698508813628602,-2.9271978670094367,0.0,0.03808401170257261,,0.27355326093838334
13,raw,0.6363914037540184,60,13.59747118614831,57,101.25275002569266,7.446439756301042,10.610519134485141,1,10.610519134485141,False,7.413433899691142,1,7.413433899691142,False,4.270130142083784,1,4.270130142083784,False,12.260907999999999,-0.0769230769230769,1.6979395358382718,-2.03074312056946,0.0,0.1140620023933894,,0.17569611600842958
13,raw,2.6363914037540184,60,14.073686440098907,57,106.83114452467582,7.590843023210415,10.901267010186132,1,10.901267010186132,False,7.5144670754536005,1,7.5144670754536005,False,4.041021430707027,1,4.041021430707027,False,12.539565,-0.3076923076923076,1.4068043869670592,-2.5110303074506555,0.0,0.13343660813287417,,0.11876145730598149
13,raw,4.636391403754018,60,13.901570287101526,55,106.6778602556703,7.6737992940733175,10.899203353860333,1,10.899203353860333,False,7.782559807069557,1,7.782559807069557,False,4.334016357888903,1,4.334016357888903,False,12.818221999999999,-0.03703703703703709,1.7617852810948782,-1.753331651815635,0.06674848458460332,0.11938985520783735,14.768820999999999,0.11219131608603135
13,raw,6.636391403754018,60,13.830941533588957,55,103.02052177852748,7.44855449850166,10.436400589340543,1,10.436400589340543,False,7.44220311361652,1,7.44220311361652,False,4.114392299293889,1,4.114392299293889,False,12.539565,-0.1538461538461538,1.6839509711705072,-2.110931410682244,0.14343878136561716,0.0,,0.17712423081958803
13,raw,8.636391403754018,60,13.935854906198292,55,105.82400532144516,7.593650051162451,11.004774130477266,1,11.004774130477266,False,7.3236936625858,1,7.3236936625858,False,4.26715574563828,1,4.26715574563828,False,13.096878999999998,0.040000000000000056,2.125268873732314,-1.712357653553235,0.3044310536666729,0.0,,0.1752207617704553
13,raw,10.636391403754018,60,14.061326088837404,60,104.5261064450802,7.433588111441234,10.177698285646585,1,10.177698285646585,False,7.462717562952509,1,7.462717562952509,False,4.433679639001841,1,4.433679639001841,False,11.982250999999998,-0.6153846153846152,1.1191516433010302,-5.224361904014455,0.0,0.0,,0.19104236720359133
13,raw,12.636391403754018,60,14.003450001081506,60,107.2774625761461,7.660788060646549,10.339263159385862,1,10.339263159385862,False,7.801250498256243,1,7.801250498256243,False,4.7549311210611815,1,4.7549311210611815,False,12.539565,-0.11111111111111109,1.4900241462181762,-1.6709331101351919,0.0,0.0,,0.1268674111931805
13,raw,14.636391403754018,60,14.186483864543533,57,106.02418219081942,7.473605384052004,10.36657658129256,1,10.36657658129256,False,7.833588350454468,1,7.833588350454468,False,4.287219551687417,1,4.287219551687417,False,12.260907999999999,-0.2592592592592592,1.496599339113492,-2.2285696244700164,0.0,0.2339558544921793,,0.124451699506896
13,raw,16.63639140375402,60,13.87165225726336,59,104.84513455674892,7.558229734446433,10.676042832611653,1,10.676042832611653,False,7.613809363086422,1,7.613809363086422,False,4.500080183140719,1,4.500080183140719,False,12.818221999999999,-0.2307692307692307,1.497279466235669,-2.2477739257176075,0.0,0.012610434117671675,,0.14308437290041698
13,raw,18.63639140375402,60,14.089768766858798,57,105.6529803918056,7.498560277321009,10.471498989228174,1,10.471498989228174,False,7.155914741572504,1,7.155914741572504,False,4.6917057519590255,1,4.6917057519590255,False,13.096878999999998,-0.19999999999999998,1.5807978896699844,-2.196431642760908,0.2722022182611604,0.0,,0.19952183466208326
13,raw,20.63639140375402,61,14.529240771922845,61,103.99660355007254,7.1577452106817345,10.204900739525371,1,10.204900739525371,False,7.273034578711045,1,7.273034578711045,False,3.9844788022996362,1,3.9844788022996362,False,11.982250999999998,-0.11999999999999997,1.7644758458793155,-2.096918292249386,0.0,0.0,,0.27095040956036653
13,raw,22.63639140375402,61,14.493114548579081,61,107.71391169074005,7.4320748193700314,10.503739443422418,1,10.503739443422418,False,7.753004456062094,1,7.753004456062094,False,4.417741294532062,1,4.417741294532062,False,12.260907999999999,-0.25925925925925924,1.6712764310202297,-2.201167942384051,0.0,0.0,,0.18658260060090207
13,raw,24.63639140375402,61,14.733597301108475,58,109.781137446365,7.451074927784654,10.690657782272124,1,10.690657782272124,False,7.754180307419059,1,7.754180307419059,False,3.8916467956271266,1,3.8916467956271266,False,12.539565,-0.40740740740740733,1.2705778419282947,-3.3587337434450477,0.11225261665376916,0.0,,0.1276396627297456
13,raw,26.63639140375402,61,14.170504616350922,56,111.53981586044986,7.871266329622969,10.916523169124297,1,10.916523169124297,False,7.935216683566774,1,7.935216683566774,False,5.4281398820066045,1,5.4281398820066045,False,12.818221999999999,-0.21428571428571425,1.5737559945268103,-1.8815246877515845,0.18306642222556177,0.0,,0.14116131472316676
13,raw,28.63639140375402,61,13.81842608100212,61,111.06994551248258,8.037814499379493,11.111579587539202,1,11.111579587539202,False,7.7959851501806,1,7.7959851501806,False,4.716351123372204,1,4.716351123372204,False,13.654193,-0.40740740740740733,1.2592564483169395,-2.886916488711745,0.0,0.0,,0.143969433844468
13,raw,30.63639140375402,61,13.795010827674266,60,106.12296580564485,7.692851214929882,10.853088494655658,1,10.853088494655658,False,7.486629111060155,1,7.486629111060155,False,4.434653917559508,1,4.434653917559508,False,13.375535999999999,-0.3076923076923076,1.4095323277837197,-2.802148688827776,0.06719069529489538,0.0,,0.18798685550513067
13,raw,32.63639140375402,61,14.118393508132934,56,106.2674901515151,7.526882579827475,10.912086788110273,1,10.912086788110273,False,7.4124198062059,1,7.4124198062059,False,4.155090899157205,1,4.155090899157205,False,13.096878999999998,-0.27999999999999997,1.5673068804638957,-2.606507011860495,0.10128084364729972,0.021761051452866234,14.490164,0.19155737819300037
13,raw,34.63639140375402,61,14.354067780509123,58,106.78242654441325,7.439175303979636,10.41387628456671,1,10.41387628456671,False,7.358343754470124,1,7.358343754470124,False,4.1692065978627415,1,4.1692065978627415,False,12.818221999999999,-0.27999999999999997,1.627701302448843,-2.6544205359281006,0.19712245111739318,0.0,,0.2362603507422422
13,raw,36.63639140375402,61,14.538534608224435,61,110.92222738879126,7.629532850308219,10.724117394615686,1,10.724117394615686,False,7.592400009084884,1,7.592400009084884,False,4.686571996630434,1,4.686571996630434,False,12.539565,-0.3333333333333334,1.451938015320984,-2.993534904778881,0.0,0.0,,0.1721002052857546
13,raw,38.63639140375402,61,14.032336413613258,57,107.89713682213011,7.689178312277016,11.186695689144662,1,11.186695689144662,False,7.973304618162458,1,7.973304618162458,False,3.9418174928240166,1,3.9418174928240166,False,12.818221999999999,-0.28571428571428575,1.469724034898134,-2.564799967484795,0.09684792731627359,0.0,,0.11019256797388963
13,raw,40.63639140375402,61,14.613481893031933,55,111.38462674267808,7.622045694379586,11.044697276070014,1,11.044697276070014,False,7.853409239685394,1,7.853409239685394,False,4.149646170822246,1,4.149646170822246,False,12.539565,-0.28571428571428575,1.5955990352842742,-2.6803205897767066,0.08666359585058812,0.08815832289014272,14.490164,0.1364613277009407
13,raw,42.63639140375402,61,14.699800564164658,55,113.28497080201431,7.706565154236291,10.828014374994835,1,10.828014374994835,False,7.773836201075379,1,7.773836201075379,False,4.672637474704193,1,4.672637474704193,False,12.539565,-0.18518518518518529,1.5918014985201123,-2.0709908591134263,0.06131809275254702,0.2198697899390777,15.604792,0.09608274731798921
13,raw,44.63639140375402,61,14.698267401875782,61,109.96502942715452,7.48149604443316,10.596891785396949,1,10.596891785396949,False,7.478040111784413,1,7.478040111784413,False,4.129514902232287,1,4.129514902232287,False,12.818221999999999,-0.0769230769230769,1.9363753967633917,-2.009228419619955,0.0,0.0,,0.21993402660125805
13,raw,46.63639140375402,61,14.516039272798341,50,106.73226608685299,7.352712684296671,10.608467463352966,1,10.608467463352966,False,7.618884790050206,1,7.618884790050206,False,3.998843631267852,1,3.998843631267852,False,11.982250999999998,-0.0769230769230769,1.795913339041776,-1.9136749940779796,0.130181910884467,0.3694061152139454,14.490164,0.15946192402156764
13,raw,48.63639140375402,62,15.009290901010392,60,113.71972986428543,7.5766224143626975,10.558751881609918,1,10.558751881609918,False,7.792023515008761,1,7.792023515008761,False,4.67304570984894,1,4.67304570984894,False,11.703593999999999,-0.18518518518518529,1.591217663776288,-1.8690643716620197,0.0,0.16725458186189207,,0.1435441866747515
13,raw,50.63639140375402,62,14.28935791466987,51,112.05193020529299,7.841635073767536,10.3764436276223,1,10.3764436276223,False,7.8577946157948455,1,7.8577946157948455,False,5.389866680597667,1,5.389866680597667,False,12.539565,-0.4074074074074075,1.0803768074628,-2.974781013051425,0.10520224318849984,0.42238919645075573,16.71942,0.12415968306577671
13,raw,52.63639140375402,62,14.735255820094912,53,110.68885312155876,7.511837899048149,10.702618745471295,1,10.702618745471295,False,7.476213996631036,1,7.476213996631036,False,4.566033586058228,1,4.566033586058228,False,12.260907999999999,-0.3076923076923076,1.5156875143253268,-2.5077928750985587,0.008614430133852727,0.5728051390281431,16.440763,0.1826065416966259
13,raw,54.63639140375402,62,14.884507520966304,50,110.98860663004598,7.4566529308213605,10.36368279578987,1,10.36368279578987,False,7.716372483902749,1,7.716372483902749,False,3.8994837008649723,1,3.8994837008649723,False,12.260907999999999,-0.33333333333333326,1.3966560153257686,-3.1954293791272743,0.2277558248297773,0.4182106923548979,15.604792,0.15300109254145736
13,raw,56.63639140375402,62,14.861459996089057,55,106.83015237205983,7.188402243129091,10.572084420232596,1,10.572084420232596,False,7.216243736629487,1,7.216243736629487,False,3.7204568560087186,1,3.7204568560087186,False,11.982250999999998,-0.2799999999999999,1.6004219658191918,-2.794022101349371,0.1399774700782449,0.11558017797203163,16.71942,0.22057567701504885
13,raw,58.63639140375402,62,14.868334580435825,57,109.71248859024718,7.378935952558532,10.465078598323512,1,10.465078598323512,False,7.227536884225227,1,7.227536884225227,False,4.483017023235643,1,4.483017023235643,False,12.539565,-0.52,1.2870666985004033,-4.524336753243158,0.005646174694574154,0.1172230363131692,15.326134999999999,0.2640136041519753
13,raw,60.63639140375402,62,15.58073893337448,58,116.1984494623159,7.457826612665643,10.837111528380646,1,10.837111528380646,False,7.260991065980747,1,7.260991065980747,False,4.2417945960888455,1,4.2417945960888455,False,12.818221999999999,-0.35999999999999993,1.5670772416615681,-3.3363770631219674,0.09740716166051852,0.2856217926648904,16.998077000000002,0.2366594912158367
13,raw,62.63639140375402,62,15.550593436214202,60,116.41126854422967,7.485969524039595,10.952020840529833,1,10.952020840529833,False,7.630299253161677,1,7.630299253161677,False,4.102949838586956,1,4.102949838586956,False,12.539565,-0.3076923076923076,1.563183979466987,-3.0545053054162583,0.21224604606499714,0.0,,0.16918845504637292
13,raw,64.63639140375402,62,14.886286083073289,50,112.19878295972035,7.537056746967797,10.446948944067824,1,10.446948944067824,False,7.845902171890399,1,7.845902171890399,False,4.4579470670409,1,4.4579470670409,False,11.982250999999998,-0.33333333333333326,1.4750375377388012,-2.9275560180703133,0.11529961081167499,0.27335855793948066,15.604792,0.15945699583518652
13,raw,66.63639140375402,62,15.328587244486538,54,110.50395355510018,7.20901096706396,10.40525114944018,1,10.40525114944018,False,7.598766668293736,1,7.598766668293736,False,3.8299168876972196,1,3.8299168876972196,False,12.539565,-0.3846153846153845,1.6395945555698497,-3.1442494793667164,0.2056863028829018,0.377872493594559,16.998077000000002,0.25162303156792803
13,raw,68.63639140375402,62,15.76044588151843,53,111.75355174079914,7.090760793249354,10.53921131189558,1,10.53921131189558,False,7.012766194539801,1,7.012766194539801,False,3.3574281956459577,1,3.3574281956459577,False,12.818221999999999,-0.24999999999999994,1.7519611349884683,-2.93004793085048,0.0,0.16908744745739404,,0.26655152446968683
13,raw,70.63639140375402,62,15.783724151441916,51,111.21478517774766,7.046168832568433,10.466915904203024,1,10.466915904203024,False,7.401617954468601,1,7.401617954468601,False,3.31215442475061,1,3.31215442475061,False,12.260907999999999,-0.35999999999999993,1.650790272294287,-3.1332795571649816,0.022026561362036946,0.29867601727124965,15.326135,0.2102903354098583
13,raw,72.63639140375402,62,15.71419213545237,53,102.09296165193774,6.496863521326593,10.198609415242732,1,10.198609415242732,False,6.9107958944967605,1,6.9107958944967605,False,2.7394306402097164,1,2.7394306402097164,False,11.982250999999998,-0.33333333333333326,1.921451650770829,-3.4627760510354975,0.28022037461217614,0.2619761134363642,15.047478,0.3923407500997873
13,repaired,-75.36360859624598,57,16.631791977184285,55,115.74385750900254,6.959193433141872,10.514098070530729,1,10.514098070530729,False,6.944007869746866,1,6.944007869746866,False,3.4394526986421865,1,3.4394526986421865,False,13.654193,-0.21739130434782605,2.1465677139704513,-2.812983316575065,0.12118837198713356,0.0012235655127429083,14.490164,0.1907899385898053
13,repaired,-73.36360859624598,57,16.94973908828247,49,118.5334356100808,6.993230691794199,10.378537738564425,1,10.378537738564425,False,7.1997430152045485,1,7.1997430152045485,False,3.7572630734613366,1,3.7572630734613366,False,12.260907999999999,-0.19999999999999998,2.110215471068294,-3.045684707818412,0.1729877158938259,0.15954823576186083,13.654193,0.15027262379799747
13,repaired,-71.36360859624598,57,17.099467101256856,54,120.31060796428358,7.03592733339862,10.319797639748256,1,10.319797639748256,False,7.055789746888063,1,7.055789746888063,False,3.6648432847009307,1,3.6648432847009307,False,12.539565,-0.33333333333333326,2.025024186765308,-3.589039594772167,0.13935706584846008,0.0009191580879302341,13.654193,0.1529902905972614
13,repaired,-69.36360859624598,57,16.29721073254005,54,118.85516292112499,7.292975765712545,10.637746916438106,1,10.637746916438106,False,7.4528526449387344,1,7.4528526449387344,False,3.8683381775252723,1,3.8683381775252723,False,12.539565,-0.30769230769230776,1.8310464349044557,-3.1354299916222965,0.1382147859884732,0.0,,0.06606468166935967
13,repaired,-67.36360859624598,57,16.845928191524745,51,118.14092455056552,7.013025533968659,10.245612494770857,1,10.245612494770857,False,7.05666148593894,1,7.05666148593894,False,3.4534682672869135,1,3.4534682672869135,False,12.539565,-0.44000000000000006,1.8067752542177518,-4.459046245950835,0.14941053968622725,0.020912818250915826,14.768820999999999,0.16033212988831386
13,repaired,-65.36360859624598,58,16.06457616567129,50,106.73997732822835,6.644431588324323,9.7968626891283,1,9.7968626891283,False,6.886575442468952,1,6.886575442468952,False,3.2873108552234975,1,3.2873108552234975,False,11.424937,-0.16666666666666663,1.9774271905869818,-2.972521931746401,0.2349171011854305,0.1576109301093521,15.326134999999999,0.2290336594839509
13,repaired,-63.36360859624598,58,15.740559463293547,55,112.7403274208458,7.162409168730783,10.309834571220636,1,10.309834571220636,False,7.335896898383785,1,7.335896898383785,False,3.8530382280641193,1,3.8530382280641193,False,12.260907999999999,-0.2307692307692307,1.838906995672903,-2.820762891569761,0.1946051691645674,0.0,,0.14640240013178077
13,repaired,-61.36360859624598,58,16.314626025823138,54,111.47551351168245,6.832857421018209,9.68108641676083,1,9.68108641676083,False,6.890625367844034,1,6.890625367844034,False,3.7408331519043907,1,3.7408331519043907,False,12.260907999999999,-0.49999999999999994,1.5330987625513868,-5.034698653794059,0.14100653107988728,0.0,,0.23285910303890767
13,repaired,-59.36360859624598,58,15.860552825705035,58,106.12372098477184,6.691048045486675,9.342510695303055,1,9.342510695303055,False,6.547518215657558,1,6.547518215657558,False,3.973535050328813,1,3.973535050328813,False,12.260907999999999,-0.45454545454545464,1.6321083960601295,-4.2160119038983295,0.0,0.0,,0.33012684190504804
13,repaired,-57.36360859624598,58,15.24883732583741,53,82.22422738266921,5.392163718826593,7.639143154209378,1,7.639143154209378,False,5.147340996438805,1,5.147340996438805,False,3.1042688752428056,1,3.1042688752428056,False,10.588966,-0.6666666666666667,1.6798027168404737,-8.546767320645245,0.15911124587922143,0.0,,0.6618455056670389
13,repaired,-55.36360859624598,58,15.506822249463186,42,88.10122568497204,5.681449381933937,8.103257218547391,1,8.103257218547391,False,5.703341834724492,1,5.703341834724492,False,3.0737494149369873,1,3.0737494149369873,False,9.474338,-0.30000000000000004,2.23812803905551,-4.0343449546049035,0.4804421441285982,0.08136352060894864,10.588966,0.5331800105909351
13,repaired,-53.36360859624598,58,14.238613780618131,57,94.3187948215183,6.624155713100865,9.031156432332065,1,9.031156432332065,False,6.6629951123814415,1,6.6629951123814415,False,3.8452106066674476,2,4.122491679147822,False,10.310309,0.04347826086956528,1.9428346997729282,-2.069461326087742,0.0,0.033015014193432245,,0.3075175925117975
13,repaired,-51.36360859624598,58,15.141641482945909,58,106.61575246655822,7.0412281645051475,10.010882134021562,1,10.010882134021562,False,7.116192994430115,1,7.116192994430115,False,4.160195995681076,1,4.160195995681076,False,12.260907999999999,-0.19999999999999998,1.8806458319429507,-2.678112528341117,0.0,0.0,,0.21752598791569017
13,repaired,-49.36360859624598,58,15.157206521544188,50,111.78555153374927,7.375076098280989,10.067370299964603,1,10.067370299964603,False,7.225780465416092,1,7.225780465416092,False,4.74726551830201,1,4.74726551830201,False,12.260907999999999,-0.039999999999999994,1.899892084900592,-2.151436907729878,0.1254137679896717,0.2116016329222664,14.768820999999999,0.1633100661478584
13,repaired,-47.36360859624598,58,15.40267286653296,53,109.00033486051808,7.076715567812571,9.998088191662898,1,9.998088191662898,False,6.969082379849652,1,6.969082379849652,False,4.2042658006312355,1,4.2042658006312355,False,11.982250999999998,-0.33333333333333326,1.7689665252617126,-2.9797824280749534,0.0,0.5575925245584249,,0.2060651234904675
13,repaired,-45.36360859624598,58,14.87144162826367,56,110.22889441652991,7.412118957387173,10.483293890662377,1,10.483293890662377,False,7.117937922205933,1,7.117937922205933,False,4.522736678828091,1,4.522736678828091,False,12.539565,-0.03999999999999993,2.071899173328975,-2.1436310905124554,0.08759449100571842,0.02462884931687679,15.326135,0.18356897006162476
13,repaired,-43.36360859624598,58,15.236482850695303,53,112.06389252296367,7.354971197821401,10.354718407260082,1,10.354718407260082,False,7.55792722801587,1,7.55792722801587,False,3.8765565550132015,1,3.8765565550132015,False,12.539565,-0.3846153846153845,1.3808470320512836,-3.369040737707517,0.23055482092973686,0.0,,0.09430407555122013
13,repaired,-41.36360859624598,58,15.012526250052067,53,104.31365442610196,6.948441101026563,9.612930951249089,1,9.612930951249089,False,7.285619338675401,1,7.285619338675401,False,3.9964440004322284,1,3.9964440004322284,False,11.982250999999998,-0.11999999999999997,1.8429907237420586,-2.2023551170804905,0.18434778246679545,0.0,,0.2056728432337958
13,repaired,-39.36360859624598,58,14.927946161989839,54,102.5033704416057,6.866542076806525,10.291097859867719,1,10.291097859867719,False,6.818825091427755,1,6.818825091427755,False,3.7062058011142955,1,3.7062058011142955,False,12.539565,-0.4166666666666666,1.5994431848318487,-3.691079389762681,0.13654923186518134,0.0,,0.24052113230916378
13,repaired,-37.36360859624598,59,14.447993345283177,59,105.73234020257705,7.318133229698323,10.533229453203553,1,10.533229453203553,False,7.694760369938721,1,7.694760369938721,False,3.677889556395457,1,3.677889556395457,False,13.096878999999998,-0.2592592592592592,1.731862768354721,-2.469210286908428,0.0,0.0,,0.18265659647374277
13,repaired,-35.36360859624598,59,14.698109094731997,59,108.75290050387704,7.399108266440583,10.598696665860714,1,10.598696665860714,False,7.345006368905507,1,7.345006368905507,False,4.042926334581047,1,4.042926334581047,False,11.982250999999998,-0.35999999999999993,1.4595585968664102,-3.1904710603476754,0.0,0.0,,0.153903918808075
13,repaired,-33.36360859624598,59,14.691134996213489,51,106.26641619307384,7.233370071166256,10.582923762831879,1,10.582923762831879,False,7.203460953221949,1,7.203460953221949,False,4.153405419333247,1,4.153405419333247,False,12.260907999999999,-0.11999999999999993,1.9005970749459036,-2.2149608546927744,0.515003795696924,0.12598897119531463,16.162106,0.16904263985525686
13,repaired,-31.36360859624598,59,14.632964614145465,53,93.79520739946581,6.409856776992094,9.903333174247585,1,9.903333174247585,False,5.932635935952112,1,5.932635935952112,False,3.232092885278224,1,3.232092885278224,False,11.703593999999999,0.0,2.8323367058458153,-2.270852594360485,0.8213714537379685,0.0,,0.4294971493176875
13,repaired,-29.36360859624598,59,14.67513020321655,58,70.19722198297491,4.783413912579039,5.7892574144388265,1,5.7892574144388265,False,4.019712411963801,1,4.019712411963801,False,2.1459120628955985,1,2.1459120628955985,False,12.539565,0.14285714285714293,4.062475880764647,-3.3633505220964777,0.0,0.0005661591837650632,,1.105994403911677
13,repaired,-27.36360859624598,59,14.217463620147662,59,62.2164591679031,4.3760589673488415,5.399080218697181,1,5.399080218697181,False,3.70011664182287,1,3.70011664182287,False,2.015914411833146,1,2.015914411833146,False,6.966425,0.3846153846153847,6.481614465191224,-2.940861882784408,0.0,0.0,,1.2609954319189773
13,repaired,-25.36360859624598,59,14.532632313366399,59,93.94001101639716,6.464074022570279,9.66638673836938,1,9.66638673836938,False,5.805348466801949,1,5.805348466801949,False,3.372163533058971,1,3.372163533058971,False,12.539565,-0.09999999999999996,2.5573577034977153,-2.7492676976166535,0.0,0.0,,0.4971421651099845
13,repaired,-23.36360859624598,59,14.019926157322464,55,101.43938983356065,7.235372618605405,9.597590331111448,1,9.597590331111448,False,7.4281774859820064,1,7.4281774859820064,False,4.3087432158092795,1,4.3087432158092795,False,11.424937,-0.3846153846153845,1.3714326877439766,-2.910139757509141,0.01980621881854153,0.1092431265289338,15.326134999999999,0.18234700029494982
13,repaired,-21.36360859624598,59,13.948595806852577,59,101.44703508118293,7.272920979712143,10.22412538147644,1,10.22412538147644,False,7.179071201725388,1,7.179071201725388,False,3.9129430132502074,1,3.9129430132502074,False,12.539565,-0.24999999999999994,1.350004885142641,-2.5107815462994663,0.0,0.0,,0.16326831038152337
13,repaired,-19.36360859624598,59,13.855809173311732,56,103.46131508945085,7.466999133383861,10.42725546776305,1,10.42725546776305,False,7.430793895412293,1,7.430793895412293,False,4.333946391499601,1,4.333946391499601,False,11.982250999999998,-0.3076923076923076,1.603171032552526,-2.5428606090680046,0.07709698509790303,0.0,,0.19367225767414667
13,repaired,-17.36360859624598,59,13.703744192259716,57,103.34575672275604,7.541424830531265,10.387436527728614,1,10.387436527728614,False,7.581893826994397,1,7.581893826994397,False,4.443115843881304,1,4.443115843881304,False,12.539565,-0.3076923076923076,1.287318525138594,-2.661049038536924,0.0,0.2605358141595836,,0.13230684364593712
13,repaired,-15.363608596245982,59,14.163327902081576,52,108.09285895333313,7.631882824477063,10.834079060637677,1,10.834079060637677,False,7.69752532538611,1,7.69752532538611,False,4.451283981169759,1,4.451283981169759,False,12.539565,-0.48148148148148157,1.2964225330054697,-3.508243165807206,0.0,1.260204694522714,,0.052118983770515576
13,repaired,-13.363608596245982,59,13.985149773018497,53,110.99581298807315,7.936691046542598,10.98925608505518,1,10.98925608505518,False,8.067322936288,1,8.067322936288,False,4.9668357821946785,1,4.9668357821946785,False,13.096878999999998,-0.07142857142857147,1.752541814186349,-1.5903487240653416,0.039098458150598814,1.5923175476022366,15.883448999999999,-0.01901329489851981
13,repaired,-11.363608596245982,59,13.988006321588673,54,107.96092804447885,7.718106895466237,11.146068445990915,1,11.146068445990915,False,7.643384729905849,1,7.643384729905849,False,4.586175757934331,1,4.586175757934331,False,12.539565,0.07692307692307691,1.9995672993348343,-1.531844371553568,0.010652702477570872,0.7558436551313311,14.768820999999999,0.07590772819854096
13,repaired,-9.363608596245982,60,13.946751603079129,54,100.90754283246655,7.235200403955601,10.337650406340611,1,10.337650406340611,False,7.392115827009717,1,7.392115827009717,False,4.048096381638681,2,4.155909541164606,False,12.260907999999999,-0.03999999999999993,1.783495608247183,-1.612107433748996,0.36971112894038893,0.034095256485668496,13.654193,0.18289390329236527
13,repaired,-7.363608596245982,60,13.985440086603042,58,100.85553922813395,7.211466968761725,10.297959619345477,1,10.297959619345477,False,7.729735056714929,1,7.729735056714929,False,4.101752178065138,1,4.101752178065138,False,12.260907999999999,-0.2592592592592592,1.6731479717870208,-2.343685472247413,0.19379547934758692,0.0,,0.2111901546018171
13,repaired,-5.363608596245982,60,13.756523829111963,60,106.11049016631594,7.713466823774316,10.54532960288229,1,10.54532960288229,False,7.954665467540509,1,7.954665467540509,False,4.439055733309288,1,4.439055733309288,False,12.539565,-0.11111111111111109,1.791038344735538,-1.8314539539996653,0.0,0.0,,0.1640592317101068
13,repaired,-3.3636085962459816,60,14.296214912924604,57,101.67150925266968,7.111778178485045,10.140673329864171,1,10.140673329864171,False,7.006652530030511,1,7.006652530030511,False,3.669191489960568,1,3.669191489960568,False,12.539565,-0.4166666666666666,1.512846449879524,-3.5068738378060433,0.12327374742713913,0.062009282749299524,14.211507,0.2808156001828162
13,repaired,-1.3636085962459816,60,13.991336590110828,59,97.05735538960451,6.936960937542258,9.929737667472402,1,9.929737667472402,False,7.146939870032011,1,7.146939870032011,False,3.5816595112760288,1,3.5816595112760288,False,11.982250999999998,-0.2799999999999999,1.5698508813628602,-2.9271978670094367,0.0,0.03808401170257261,,0.27355326093838334
13,repaired,0.6363914037540184,60,13.59747118614831,57,101.25275002569266,7.446439756301042,10.610519134485141,1,10.610519134485141,False,7.413433899691142,1,7.413433899691142,False,4.270130142083784,1,4.270130142083784,False,12.260907999999999,-0.0769230769230769,1.6979395358382718,-2.03074312056946,0.0,0.1140620023933894,,0.17569611600842958
13,repaired,2.6363914037540184,60,14.073686440098907,57,106.83114452467582,7.590843023210415,10.901267010186132,1,10.901267010186132,False,7.5144670754536005,1,7.5144670754536005,False,4.041021430707027,1,4.041021430707027,False,12.539565,-0.3076923076923076,1.4068043869670592,-2.5110303074506555,0.0,0.13343660813287417,,0.11876145730598149
13,repaired,4.636391403754018,60,13.901570287101526,55,106.6778602556703,7.6737992940733175,10.899203353860333,1,10.899203353860333,False,7.782559807069557,1,7.782559807069557,False,4.334016357888903,1,4.334016357888903,False,12.818221999999999,-0.03703703703703709,1.7617852810948782,-1.753331651815635,0.06674848458460332,0.11938985520783735,14.768820999999999,0.11219131608603135
13,repaired,6.636391403754018,60,13.830941533588957,55,103.02052177852748,7.44855449850166,10.436400589340543,1,10.436400589340543,False,7.44220311361652,1,7.44220311361652,False,4.114392299293889,1,4.114392299293889,False,12.539565,-0.1538461538461538,1.6839509711705072,-2.110931410682244,0.14343878136561716,0.0,,0.17712423081958803
13,repaired,8.636391403754018,60,13.935854906198292,55,105.82400532144516,7.593650051162451,11.004774130477266,1,11.004774130477266,False,7.3236936625858,1,7.3236936625858,False,4.26715574563828,1,4.26715574563828,False,13.096878999999998,0.040000000000000056,2.125268873732314,-1.712357653553235,0.3044310536666729,0.0,,0.1752207617704553
13,repaired,10.636391403754018,60,14.061326088837404,60,104.5261064450802,7.433588111441234,10.177698285646585,1,10.177698285646585,False,7.462717562952509,1,7.462717562952509,False,4.433679639001841,1,4.433679639001841,False,11.982250999999998,-0.6153846153846152,1.1191516433010302,-5.224361904014455,0.0,0.0,,0.19104236720359133
13,repaired,12.636391403754018,60,14.003450001081506,60,107.2774625761461,7.660788060646549,10.339263159385862,1,10.339263159385862,False,7.801250498256243,1,7.801250498256243,False,4.7549311210611815,1,4.7549311210611815,False,12.539565,-0.11111111111111109,1.4900241462181762,-1.6709331101351919,0.0,0.0,,0.1268674111931805
13,repaired,14.636391403754018,60,14.186483864543533,57,106.02418219081942,7.473605384052004,10.36657658129256,1,10.36657658129256,False,7.833588350454468,1,7.833588350454468,False,4.287219551687417,1,4.287219551687417,False,12.260907999999999,-0.2592592592592592,1.496599339113492,-2.2285696244700164,0.0,0.2339558544921793,,0.124451699506896
13,repaired,16.63639140375402,60,13.87165225726336,59,104.84513455674892,7.558229734446433,10.676042832611653,1,10.676042832611653,False,7.613809363086422,1,7.613809363086422,False,4.500080183140719,1,4.500080183140719,False,12.818221999999999,-0.2307692307692307,1.497279466235669,-2.2477739257176075,0.0,0.012610434117671675,,0.14308437290041698
13,repaired,18.63639140375402,60,14.089768766858798,57,105.6529803918056,7.498560277321009,10.471498989228174,1,10.471498989228174,False,7.155914741572504,1,7.155914741572504,False,4.6917057519590255,1,4.6917057519590255,False,13.096878999999998,-0.19999999999999998,1.5807978896699844,-2.196431642760908,0.2722022182611604,0.0,,0.19952183466208326
13,repaired,20.63639140375402,61,14.529240771922845,61,103.99660355007254,7.1577452106817345,10.204900739525371,1,10.204900739525371,False,7.273034578711045,1,7.273034578711045,False,3.9844788022996362,1,3.9844788022996362,False,11.982250999999998,-0.11999999999999997,1.7644758458793155,-2.096918292249386,0.0,0.0,,0.27095040956036653
13,repaired,22.63639140375402,61,14.493114548579081,61,107.71391169074005,7.4320748193700314,10.503739443422418,1,10.503739443422418,False,7.753004456062094,1,7.753004456062094,False,4.417741294532062,1,4.417741294532062,False,12.260907999999999,-0.25925925925925924,1.6712764310202297,-2.201167942384051,0.0,0.0,,0.18658260060090207
13,repaired,24.63639140375402,61,14.733597301108475,58,109.781137446365,7.451074927784654,10.690657782272124,1,10.690657782272124,False,7.754180307419059,1,7.754180307419059,False,3.8916467956271266,1,3.8916467956271266,False,12.539565,-0.40740740740740733,1.2705778419282947,-3.3587337434450477,0.11225261665376916,0.0,,0.1276396627297456
13,repaired,26.63639140375402,61,14.170504616350922,56,111.53981586044986,7.871266329622969,10.916523169124297,1,10.916523169124297,False,7.935216683566774,1,7.935216683566774,False,5.4281398820066045,1,5.4281398820066045,False,12.818221999999999,-0.21428571428571425,1.5737559945268103,-1.8815246877515845,0.18306642222556177,0.0,,0.14116131472316676
13,repaired,28.63639140375402,61,13.81842608100212,61,111.06994551248258,8.037814499379493,11.111579587539202,1,11.111579587539202,False,7.7959851501806,1,7.7959851501806,False,4.716351123372204,1,4.716351123372204,False,13.654193,-0.40740740740740733,1.2592564483169395,-2.886916488711745,0.0,0.0,,0.143969433844468
13,repaired,30.63639140375402,61,13.795010827674266,60,106.12296580564485,7.692851214929882,10.853088494655658,1,10.853088494655658,False,7.486629111060155,1,7.486629111060155,False,4.434653917559508,1,4.434653917559508,False,13.375535999999999,-0.3076923076923076,1.4095323277837197,-2.802148688827776,0.06719069529489538,0.0,,0.18798685550513067
13,repaired,32.63639140375402,61,14.118393508132934,56,106.2674901515151,7.526882579827475,10.912086788110273,1,10.912086788110273,False,7.4124198062059,1,7.4124198062059,False,4.155090899157205,1,4.155090899157205,False,13.096878999999998,-0.27999999999999997,1.5673068804638957,-2.606507011860495,0.10128084364729972,0.021761051452866234,14.490164,0.19155737819300037
13,repaired,34.63639140375402,61,14.354067780509123,58,106.78242654441325,7.439175303979636,10.41387628456671,1,10.41387628456671,False,7.358343754470124,1,7.358343754470124,False,4.1692065978627415,1,4.1692065978627415,False,12.818221999999999,-0.27999999999999997,1.627701302448843,-2.6544205359281006,0.19712245111739318,0.0,,0.2362603507422422
13,repaired,36.63639140375402,61,14.538534608224435,61,110.92222738879126,7.629532850308219,10.724117394615686,1,10.724117394615686,False,7.592400009084884,1,7.592400009084884,False,4.686571996630434,1,4.686571996630434,False,12.539565,-0.3333333333333334,1.451938015320984,-2.993534904778881,0.0,0.0,,0.1721002052857546
13,repaired,38.63639140375402,61,14.032336413613258,57,107.89713682213011,7.689178312277016,11.186695689144662,1,11.186695689144662,False,7.973304618162458,1,7.973304618162458,False,3.9418174928240166,1,3.9418174928240166,False,12.818221999999999,-0.28571428571428575,1.469724034898134,-2.564799967484795,0.09684792731627359,0.0,,0.11019256797388963
13,repaired,40.63639140375402,61,14.613481893031933,55,111.38462674267808,7.622045694379586,11.044697276070014,1,11.044697276070014,False,7.853409239685394,1,7.853409239685394,False,4.149646170822246,1,4.149646170822246,False,12.539565,-0.28571428571428575,1.5955990352842742,-2.6803205897767066,0.08666359585058812,0.08815832289014272,14.490164,0.1364613277009407
13,repaired,42.63639140375402,61,14.699800564164658,55,113.28497080201431,7.706565154236291,10.828014374994835,1,10.828014374994835,False,7.773836201075379,1,7.773836201075379,False,4.672637474704193,1,4.672637474704193,False,12.539565,-0.18518518518518529,1.5918014985201123,-2.0709908591134263,0.06131809275254702,0.2198697899390777,15.604792,0.09608274731798921
13,repaired,44.63639140375402,61,14.698267401875782,61,109.96502942715452,7.48149604443316,10.596891785396949,1,10.596891785396949,False,7.478040111784413,1,7.478040111784413,False,4.129514902232287,1,4.129514902232287,False,12.818221999999999,-0.0769230769230769,1.9363753967633917,-2.009228419619955,0.0,0.0,,0.21993402660125805
13,repaired,46.63639140375402,61,14.516039272798341,50,106.73226608685299,7.352712684296671,10.608467463352966,1,10.608467463352966,False,7.618884790050206,1,7.618884790050206,False,3.998843631267852,1,3.998843631267852,False,11.982250999999998,-0.0769230769230769,1.795913339041776,-1.9136749940779796,0.130181910884467,0.3694061152139454,14.490164,0.15946192402156764
13,repaired,48.63639140375402,62,15.009290901010392,60,113.71972986428543,7.5766224143626975,10.558751881609918,1,10.558751881609918,False,7.792023515008761,1,7.792023515008761,False,4.67304570984894,1,4.67304570984894,False,11.703593999999999,-0.18518518518518529,1.591217663776288,-1.8690643716620197,0.0,0.16725458186189207,,0.1435441866747515
13,repaired,50.63639140375402,62,14.28935791466987,51,112.05193020529299,7.841635073767536,10.3764436276223,1,10.3764436276223,False,7.8577946157948455,1,7.8577946157948455,False,5.389866680597667,1,5.389866680597667,False,12.539565,-0.4074074074074075,1.0803768074628,-2.974781013051425,0.10520224318849984,0.42238919645075573,16.71942,0.12415968306577671
13,repaired,52.63639140375402,62,14.735255820094912,53,110.68885312155876,7.511837899048149,10.702618745471295,1,10.702618745471295,False,7.476213996631036,1,7.476213996631036,False,4.566033586058228,1,4.566033586058228,False,12.260907999999999,-0.3076923076923076,1.5156875143253268,-2.5077928750985587,0.008614430133852727,0.5728051390281431,16.440763,0.1826065416966259
13,repaired,54.63639140375402,62,14.884507520966304,50,110.98860663004598,7.4566529308213605,10.36368279578987,1,10.36368279578987,False,7.716372483902749,1,7.716372483902749,False,3.8994837008649723,1,3.8994837008649723,False,12.260907999999999,-0.33333333333333326,1.3966560153257686,-3.1954293791272743,0.2277558248297773,0.4182106923548979,15.604792,0.15300109254145736
13,repaired,56.63639140375402,62,14.861459996089057,55,106.83015237205983,7.188402243129091,10.572084420232596,1,10.572084420232596,False,7.216243736629487,1,7.216243736629487,False,3.7204568560087186,1,3.7204568560087186,False,11.982250999999998,-0.2799999999999999,1.6004219658191918,-2.794022101349371,0.1399774700782449,0.11558017797203163,16.71942,0.22057567701504885
13,repaired,58.63639140375402,62,14.868334580435825,57,109.71248859024718,7.378935952558532,10.465078598323512,1,10.465078598323512,False,7.227536884225227,1,7.227536884225227,False,4.483017023235643,1,4.483017023235643,False,12.539565,-0.52,1.2870666985004033,-4.524336753243158,0.005646174694574154,0.1172230363131692,15.326134999999999,0.2640136041519753
13,repaired,60.63639140375402,62,15.58073893337448,58,116.1984494623159,7.457826612665643,10.837111528380646,1,10.837111528380646,False,7.260991065980747,1,7.260991065980747,False,4.2417945960888455,1,4.2417945960888455,False,12.818221999999999,-0.35999999999999993,1.5670772416615681,-3.3363770631219674,0.09740716166051852,0.2856217926648904,16.998077000000002,0.2366594912158367
13,repaired,62.63639140375402,62,15.550593436214202,60,116.41126854422967,7.485969524039595,10.952020840529833,1,10.952020840529833,False,7.630299253161677,1,7.630299253161677,False,4.102949838586956,1,4.102949838586956,False,12.539565,-0.3076923076923076,1.563183979466987,-3.0545053054162583,0.21224604606499714,0.0,,0.16918845504637292
13,repaired,64.63639140375402,62,14.886286083073289,50,112.19878295972035,7.537056746967797,10.446948944067824,1,10.446948944067824,False,7.845902171890399,1,7.845902171890399,False,4.4579470670409,1,4.4579470670409,False,11.982250999999998,-0.33333333333333326,1.4750375377388012,-2.9275560180703133,0.11529961081167499,0.27335855793948066,15.604792,0.15945699583518652
13,repaired,66.63639140375402,62,15.328587244486538,54,110.50395355510018,7.20901096706396,10.40525114944018,1,10.40525114944018,False,7.598766668293736,1,7.598766668293736,False,3.8299168876972196,1,3.8299168876972196,False,12.539565,-0.3846153846153845,1.6395945555698497,-3.1442494793667164,0.2056863028829018,0.377872493594559,16.998077000000002,0.25162303156792803
13,repaired,68.63639140375402,62,15.76044588151843,53,111.75355174079914,7.090760793249354,10.53921131189558,1,10.53921131189558,False,7.012766194539801,1,7.012766194539801,False,3.3574281956459577,1,3.3574281956459577,False,12.818221999999999,-0.24999999999999994,1.7519611349884683,-2.93004793085048,0.0,0.16908744745739404,,0.26655152446968683
13,repaired,70.63639140375402,62,15.783724151441916,51,111.21478517774766,7.046168832568433,10.466915904203024,1,10.466915904203024,False,7.401617954468601,1,7.401617954468601,False,3.31215442475061,1,3.31215442475061,False,12.260907999999999,-0.35999999999999993,1.650790272294287,-3.1332795571649816,0.022026561362036946,0.29867601727124965,15.326135,0.2102903354098583
13,repaired,72.63639140375402,62,15.71419213545237,53,102.09296165193774,6.496863521326593,10.198609415242732,1,10.198609415242732,False,6.9107958944967605,1,6.9107958944967605,False,2.7394306402097164,1,2.7394306402097164,False,11.982250999999998,-0.33333333333333326,1.921451650770829,-3.4627760510354975,0.28022037461217614,0.2619761134363642,15.047478,0.3923407500997873
19,raw,-70.14375434637893,60,15.928390356661188,56,97.06664914580516,6.093939624301854,9.303215494947311,1,9.303215494947311,False,5.938245768832703,1,5.938245768832703,False,2.9207110002681653,1,2.9207110002681653,False,11.703593999999999,-0.14285714285714285,2.5523564072910103,-3.167584475243016,0.44498249189390404,0.0,,0.47417149129389924
19,raw,-68.14375434637893,60,15.626391967253241,52,94.99631185710929,6.079222385831875,9.310107838634629,1,9.310107838634629,False,5.845912974614564,1,5.845912974614564,False,2.9430962150306192,1,2.9430962150306192,False,11.146279999999999,-0.09999999999999998,2.5891767007463815,-3.1009705207252165,0.2409599146384771,0.22245686008169446,15.047477999999998,0.4807347159385034
19,raw,-66.14375434637893,60,13.10228290897806,51,88.02592958028478,6.718365813942767,9.716053399836404,1,9.716053399836404,False,6.7449623638921254,1,6.7449623638921254,False,3.721327658640261,1,3.721327658640261,False,10.867622999999998,-0.13043478260869562,1.8457868052357735,-2.1396716625008687,0.48630173423023537,0.463811853342547,16.440763,0.28939548681500765
19,raw,-64.14375434637893,60,19.088129716374667,55,96.04991921147223,5.031918822778967,8.99428250135185,1,8.99428250135185,False,5.140623532698443,1,5.140623532698443,False,0.8169173051778715,1,0.8169173051778715,False,10.588966,-0.6470588235294118,1.6347019357059454,-9.690343015571703,0.05430505491684569,0.4819152259270143,16.440763,0.5284447758718591
19,raw,-62.14375434637893,60,13.28981020933729,54,79.42298421471452,5.976231636394078,9.232032893662637,1,9.232032893662637,False,6.192998981879693,1,6.192998981879693,False,2.221907416014453,1,2.221907416014453,False,10.867622999999998,0.42857142857142866,3.95442079804009,-1.2517119610672272,0.0,0.38492560306132556,,0.3723326936409208
19,raw,-60.14375434637893,60,11.40619853933082,60,69.11613979553677,6.059524525827838,9.568534481777565,1,9.568534481777565,False,5.73183865112407,1,5.73183865112407,False,2.5012022358513604,1,2.5012022358513604,False,11.703593999999999,0.3,2.7876488235454304,-1.6577426372307904,0.0,0.0,,0.5210110842066209
19,raw,-58.14375434637893,60,12.38018517098736,59,65.12704370695238,5.260587205074759,8.834719802422823,1,8.834719802422823,False,4.510750789524085,1,4.510750789524085,False,1.61296564324998,1,1.61296564324998,False,11.703593999999999,0.33333333333333326,4.073678743070566,-2.1626440106172766,0.00816386195576493,0.0,,0.7491739632606398
19,raw,-56.14375434637893,60,6.649264215575434,59,46.28652226945601,6.961149499975213,10.067922180547326,1,10.067922180547326,False,6.9603474665970335,1,6.9603474665970335,False,3.780950170612642,1,3.780950170612642,False,11.146279999999999,0.08333333333333345,1.0565500018842575,-0.8960320423726663,0.017790423344069474,0.0,,0.2831162019955726
19,raw,-54.14375434637893,60,6.846399020607078,58,46.86487533434288,6.845186088815974,9.497170871241831,1,9.497170871241831,False,6.832047281310843,1,6.832047281310843,False,3.7938695560876243,1,3.7938695560876243,False,10.588966,-0.08333333333333338,0.9494126851465695,-1.055293811101747,0.0,0.008862640980439672,,0.3353935227405425
19,raw,-52.14375434637893,60,10.18579626384108,56,61.62627365125776,6.050216601133783,8.581839228290141,1,8.581839228290141,False,6.0805019481795615,1,6.0805019481795615,False,3.2369445458406343,1,3.2369445458406343,False,9.752994999999999,-0.33333333333333337,1.308688945159374,-2.659955265095324,0.014261775146933497,0.39110279928435215,14.211507000000001,0.5049086392337627
19,raw,-50.14375434637893,61,20.2158999962781,61,91.69870298929052,4.535969361056047,7.711173304302383,1,7.711173304302383,False,3.92457657989158,1,3.92457657989158,False,1.1954022673384237,1,1.1954022673384237,False,10.310309,-0.3846153846153846,4.178285418022747,-7.942867288975831,0.0,0.0,,0.9451153457379818
19,raw,-48.14375434637893,61,16.22649834437332,60,92.43306419948925,5.69642705639823,8.722718246043026,1,8.722718246043026,False,5.516377471706465,1,5.516377471706465,False,2.4070124091501954,1,2.4070124091501954,False,11.146279999999999,0.11111111111111109,3.321517332380881,-2.477286704412698,0.0,0.02504462855418521,,0.5902293615197036
19,raw,-46.14375434637893,61,15.978492829739007,58,90.1716308743674,5.643312660036425,8.88115391259094,1,8.88115391259094,False,5.455567287751648,1,5.455567287751648,False,2.1924354983949508,1,2.1924354983949508,False,10.588966,0.0,3.0342067503760446,-2.9731289789517716,0.22150230423620612,0.0,,0.5993648826270525
19,raw,-44.14375434637893,61,15.891386927664351,59,89.824934780521,5.6524289031154495,9.049582821214102,1,9.049582821214102,False,5.503246873151841,1,5.503246873151841,False,2.032653712398268,1,2.032653712398268,False,10.588966,-0.05263157894736841,2.8313345521754925,-3.037925872508881,0.08272971729959659,0.0,,0.5606335031435611
19,raw,-42.14375434637893,61,16.374242094854143,61,91.09247105277389,5.563156482302231,9.055441616686,1,9.055441616686,False,5.169370566285339,1,5.169370566285339,False,1.817625181529935,1,1.817625181529935,False,11.982250999999998,0.0,3.3878241932115136,-3.024266774125422,0.0,0.0,,0.6269802766234647
19,raw,-40.14375434637893,61,12.068793317218148,61,80.40549521997951,6.662264661146169,9.70331671139255,1,9.70331671139255,False,6.46231625110069,1,6.46231625110069,False,3.5680889328169814,1,3.5680889328169814,False,11.146279999999999,0.04347826086956514,1.9999510880906815,-1.8248528141338314,0.0,0.0,,0.4106119883039804
19,raw,-38.14375434637893,61,13.739999191332586,60,79.10159364042768,5.757030443664527,8.312588826438711,1,8.312588826438711,False,5.652433938429475,1,5.652433938429475,False,2.7414419712843086,1,2.7414419712843086,False,10.867622999999998,-0.05263157894736841,2.372586458414593,-2.608812320256299,0.0,0.0508887103482095,,0.6269486895618025
19,raw,-36.14375434637893,61,12.569314347926454,59,74.77553147963921,5.949054133726463,8.461302058480232,1,8.461302058480232,False,5.819959320798162,1,5.819959320798162,False,3.1348494411216903,1,3.1348494411216903,False,10.867622999999998,0.0,1.9520067619586055,-2.4739768088697573,0.0,0.009826838220006934,,0.5852793591532227
19,raw,-34.14375434637893,61,12.404459453556276,61,72.00857290555024,5.805055284767436,8.884213362078462,1,8.884213362078462,False,5.571903732153389,1,5.571903732153389,False,2.390274826319506,1,2.390274826319506,False,11.146279999999999,0.368421052631579,3.4828117470564446,-1.667648805613905,0.0,0.0,,0.5771666714796864
19,raw,-32.14375434637893,61,10.571673451699972,61,70.29384770274923,6.649264000057216,9.47957361931986,1,9.47957361931986,False,6.395309995542243,1,6.395309995542243,False,3.5224321240563317,1,3.5224321240563317,False,11.424937,0.3636363636363636,2.310897105436242,-1.3510245649978345,0.0,0.0,,0.45441693251322857
19,raw,-30.143754346378927,61,11.864761219901006,57,76.01653606574502,6.406916638005401,8.795410151437,1,8.795410151437,False,6.286507989340629,1,6.286507989340629,False,3.7090368017207687,1,3.7090368017207687,False,11.146279999999999,0.23809523809523805,2.2984630061616227,-1.5715563971790154,0.07521339407975955,0.006829635854588672,16.162106,0.4915909133756407
19,raw,-28.143754346378927,61,16.997878309598008,61,93.3260420159596,5.49045241506772,8.852852339119908,1,8.852852339119908,False,5.0485667929511155,1,5.0485667929511155,False,2.0965531645202566,1,2.0965531645202566,False,11.146279999999999,-0.17647058823529407,2.8836459855798906,-4.52241579405188,0.0,0.0,,0.6656338742228293
19,raw,-26.143754346378927,61,12.372916900165832,61,82.75830013868718,6.688665316872692,9.539388754180285,1,9.539388754180285,False,6.698820783366733,1,6.698820783366733,False,3.472868902189698,1,3.472868902189698,False,11.146279999999999,-0.04347826086956528,1.728190476472751,-2.1225261525636174,0.0,0.0,,0.3701780189331481
19,raw,-24.143754346378927,61,12.051522086569909,61,84.50872938894365,7.012286811731383,9.681907740453305,1,9.681907740453305,False,7.14748742104608,1,7.14748742104608,False,4.074300868691987,1,4.074300868691987,False,10.867622999999998,0.35999999999999993,2.5877255949398044,-1.2469735038846537,0.0,0.0,,0.30611290005987346
19,raw,-22.143754346378927,62,13.684884370833732,62,95.44935937725064,6.974802036375228,9.673924914264573,1,9.673924914264573,False,7.221768803625,1,7.221768803625,False,4.488962971318142,1,4.488962971318142,False,10.867622999999998,-0.08333333333333338,1.5153918515976257,-2.10080952982993,0.0,0.0,,0.29988167727507287
19,raw,-20.143754346378927,62,16.725183815257353,58,110.89529504089614,6.6304380427635845,9.704339424633318,1,9.704339424633318,False,6.808422623869392,1,6.808422623869392,False,3.4631950934855262,1,3.4631950934855262,False,11.424937,-0.13043478260869557,2.19629876463938,-2.933958985027899,0.13448099345926884,0.0,,0.35509417297694706
19,raw,-18.143754346378927,62,20.092222753987578,60,122.9946031666219,6.12150306477226,9.13484033053944,1,9.13484033053944,False,6.080448067975572,1,6.080448067975572,False,2.9187787986737286,1,2.9187787986737286,False,10.588966,-0.4285714285714286,2.5157552628501927,-5.944594298198525,0.0,0.12563817063408347,,0.5231350256577764
19,raw,-16.143754346378927,62,19.100276893018492,62,117.13381124189698,6.13257137045545,9.30968129770043,1,9.30968129770043,False,6.0753067943903485,1,6.0753067943903485,False,2.7041564610362823,1,2.7041564610362823,False,11.424937,-0.23809523809523805,2.601984896193488,-4.3245028369364835,0.0,0.0,,0.4954965061274049
19,raw,-14.143754346378927,62,16.369653208384467,54,102.94128189547206,6.28854384299027,8.94922888315337,1,8.94922888315337,False,6.423158046912233,1,6.423158046912233,False,3.318729191869891,1,3.318729191869891,False,11.146279999999999,0.09090909090909095,2.820969424916491,-2.4491144786609995,0.3404463431941366,0.17880183125462892,14.211507,0.4689769549396325
19,raw,-12.143754346378927,62,16.678260279959822,58,95.61889445327822,5.733145594817913,8.712821532051297,1,8.712821532051297,False,5.762088204438735,1,5.762088204438735,False,2.5348192757532884,1,2.5348192757532884,False,10.310309,0.09999999999999998,3.3524675812004294,-2.7158071251528217,0.16486961005344197,0.0,,0.5850554955278876
19,raw,-10.143754346378927,62,12.318523275568975,55,82.42744949287543,6.691341782529386,9.368453825583291,1,9.368453825583291,False,6.882997341094071,1,6.882997341094071,False,3.768664452089591,1,3.768664452089591,False,10.310309,6.640320206234167e-17,1.7831352826919709,-1.8625377388984643,0.19776287884884575,0.13635247896111405,15.604792,0.36885350004342776
19,raw,-8.143754346378927,62,13.52338212753792,59,88.73155811921652,6.561343699556545,8.960838572289207,1,8.960838572289207,False,6.628352719233306,1,6.628352719233306,False,4.025377540549259,1,4.025377540549259,False,10.310309,-0.3043478260869566,1.6431496860827697,-2.8704419141063915,0.0910861876393002,0.0,,0.4455036467063838
19,raw,-6.143754346378927,62,16.3823773789745,62,98.12618787541206,5.989740414681775,8.77417156281441,1,8.77417156281441,False,5.852363241100241,1,5.852363241100241,False,3.132150671495715,1,3.132150671495715,False,10.310309,-0.30000000000000004,2.086908250147409,-4.478779882824272,0.0,0.0,,0.5783923036397679
19,raw,-4.143754346378927,62,17.86340326774748,62,98.92335311019846,5.537766327472738,8.631989638621384,1,8.631989638621384,False,5.646784926946841,1,5.646784926946841,False,2.089027592031342,1,2.089027592031342,False,11.424937,-0.26315789473684204,2.5837284541519363,-4.4554649127340165,0.0,0.0,,0.6185427174779732
19,raw,-2.143754346378927,62,13.352880114987364,62,85.2917716828811,6.387518718688191,8.808981519074507,1,8.808981519074507,False,6.177165486183204,1,6.177165486183204,False,3.400805816681471,1,3.400805816681471,False,11.703593999999999,-0.14285714285714285,2.0046648853484945,-2.5142054268545793,0.0,0.0,,0.5363445586923042
19,raw,-0.1437543463789268,62,11.1398750967237,57,73.56669888922413,6.603906978352074,9.229772558370769,1,9.229772558370769,False,6.511237585290504,1,6.511237585290504,False,3.9092526526992915,1,3.9092526526992915,False,11.146279999999999,-0.1304347826086957,1.525411109503843,-2.004298624125932,0.0889936615426651,0.0,,0.4416004883085443
19,raw,1.8562456536210732,62,16.11111977366787,57,94.61465658492786,5.8726306994233095,9.233207693155883,1,9.233207693155883,False,5.787417033609218,1,5.787417033609218,False,2.3001982620801122,1,2.3001982620801122,False,11.146279999999999,-0.19999999999999996,2.4109636960096603,-3.4297178483882846,0.14968582133735853,0.0,,0.5230842918706612
19,raw,3.856245653621073,63,15.870829677794802,60,103.8317173151311,6.54229926368652,9.526484037027856,1,9.526484037027856,False,6.775181642316202,1,6.775181642316202,False,3.232135615276502,1,3.232135615276502,False,11.146279999999999,-0.04347826086956521,2.1934122267951626,-2.348271571696639,0.0,0.36323723111216816,,0.3838858809382257
19,raw,5.856245653621073,63,13.425810336598772,59,86.72765278393481,6.459770442869668,9.204507578699914,1,9.204507578699914,False,6.95364515109527,1,6.95364515109527,False,2.7833883005447326,1,2.7833883005447326,False,10.310309,-0.5833333333333333,0.9226226178299699,-4.870335814031901,0.07279522755633579,0.6630884821816414,12.260908,0.33600804516101557
19,raw,7.856245653621073,63,7.291369349759354,52,52.69994313700467,7.227715482379724,9.46835406853479,1,9.46835406853479,False,7.353731004269267,1,7.353731004269267,False,4.9772164914887345,1,4.9772164914887345,False,10.310309,-0.1538461538461538,0.8203354949829439,-1.1247591581368719,0.10489964649996866,0.3622725362563703,13.932849999999998,0.2856573757349875
19,raw,9.856245653621073,63,5.9934358725190435,62,46.7512376113057,7.800406745931551,10.343411073290598,1,10.343411073290598,False,7.655337819255263,1,7.655337819255263,False,4.662968445755343,1,4.662968445755343,False,10.867622999999998,0.11111111111111116,0.8699739732442636,-0.6845955423771198,0.0,0.09959583639794775,,0.25684849256905945
19,raw,11.856245653621073,63,10.932336731394841,51,59.22195567651668,5.417136073612383,8.796756366665212,1,8.796756366665212,False,5.238184029130868,1,5.238184029130868,False,2.009498683209918,1,2.009498683209918,False,10.031652,0.33333333333333337,3.407609013940261,-1.5047428544629933,0.16586856678032513,0.019539508466546313,16.440763,0.637588106741223
19,raw,13.856245653621073,63,13.119724996471238,59,75.1078169891961,5.724801168423695,8.785807639806658,1,8.785807639806658,False,5.739739221960679,1,5.739739221960679,False,2.3812409407139725,1,2.3812409407139725,False,10.588966,0.36842105263157904,3.3989344753240758,-1.6040322353381762,0.016761797410371083,0.12506994560734092,16.162105999999998,0.5694934868889887
19,raw,15.856245653621073,63,15.099269714553529,59,95.20300958675985,6.305140009188511,8.709916963966682,1,8.709916963966682,False,6.402034831231082,1,6.402034831231082,False,3.720452881330478,1,3.720452881330478,False,10.867622999999998,-0.3636363636363637,1.7158425887204287,-3.534420289692736,0.24416380799713888,0.0,,0.5008331442911008
19,raw,17.856245653621073,63,17.36282956223264,54,107.59448158687806,6.196828760037818,8.805804970683678,1,8.805804970683678,False,6.308576951733311,1,6.308576951733311,False,3.826798502025639,1,3.826798502025639,False,10.588966,-0.3636363636363637,1.874145825429304,-4.2714073594078314,0.6349414335755018,0.026796799422430115,13.096879,0.4864482702409382
19,raw,19.856245653621073,63,19.48938968867182,58,104.9587970141313,5.385432724716796,8.648762232108776,1,8.648762232108776,False,5.432467719769548,1,5.432467719769548,False,1.724514922925328,1,1.724514922925328,False,10.588966,-0.36842105263157904,2.493067513484911,-5.642318068853435,0.3570633550587331,0.0,,0.6028849490316281
19,raw,21.856245653621073,63,12.533271120781198,61,83.24887421696482,6.642230381415057,9.149716334236707,1,9.149716334236707,False,6.7814565056602465,1,6.7814565056602465,False,3.896271583040086,1,3.896271583040086,False,10.310309,-0.16666666666666655,1.6937260778226864,-2.1928913870938835,0.0,0.09107322594439261,,0.42801366163417215
19,raw,23.856245653621073,63,14.124086326994622,59,92.99902406759159,6.584427616379507,9.52896567549297,1,9.52896567549297,False,6.6319617809870035,1,6.6319617809870035,False,3.4605883850273043,1,3.4605883850273043,False,11.146279999999999,-0.13043478260869557,1.927438169675619,-2.6717261529106815,0.0,0.17761111155923953,,0.4372603205141665
19,raw,25.856245653621073,63,17.202367625602985,56,104.73472590883509,6.0883901674647465,9.096588023728689,1,9.096588023728689,False,5.967493610830958,1,5.967493610830958,False,3.111183005602466,1,3.111183005602466,False,10.867622999999998,-0.20000000000000012,2.517143708047575,-3.8881844433494264,0.013179380187466512,0.2527758855870661,17.276733999999998,0.548412905897911
19,raw,27.856245653621073,63,15.476241403015747,51,100.35921702535713,6.484728068780371,9.049086373844359,1,9.049086373844359,False,6.731335688747134,1,6.731335688747134,False,3.8373372032315163,1,3.8373372032315163,False,10.588966,0.1304347826086957,2.7863588270050412,-1.8586801663060086,0.5386448172281199,0.05566596596527273,14.490164,0.4144706850389253
19,raw,29.856245653621073,63,19.083438922924497,60,106.00077526423657,5.5545950440253336,8.688790549285649,1,8.688790549285649,False,6.310865856528232,1,6.310865856528232,False,1.0264753577593022,1,1.0264753577593022,False,9.752994999999999,-0.8181818181818179,1.1629533868582738,-15.97611827285366,0.5166451776287735,0.014616009980156986,16.440763,0.4272180450695608
19,raw,31.856245653621073,63,13.580237004311234,53,99.09650041031593,7.297111263879737,9.526832235363063,1,9.526832235363063,False,7.737811373935394,1,7.737811373935394,False,4.9430112251980525,1,4.9430112251980525,False,10.588966,0.11111111111111109,1.8489188820139453,-1.2495383576359422,0.20809308710618082,0.17246598581904926,15.604792,0.23645887795207798
19,raw,33.85624565362107,63,14.205104568852962,49,106.46795896516403,7.495049293661141,9.925542003553105,1,9.925542003553105,False,7.817254308315591,1,7.817254308315591,False,5.770028026414337,1,5.770028026414337,False,10.867622999999998,0.2592592592592593,2.163128670927632,-0.9671515766373732,0.16902196661382593,0.46207580426708833,15.604792,0.16189098162778176
19,raw,35.85624565362107,63,13.93289838828061,56,92.50925256433106,6.639627304118105,9.647300661874118,1,9.647300661874118,False,6.764446813241136,1,6.764446813241136,False,3.60989136766535,1,3.60989136766535,False,11.146279999999999,0.21739130434782614,2.5575383902433817,-1.6909185093382815,0.20850396022646012,0.04064337481293341,12.818221999999999,0.378183138268069
19,raw,37.85624565362107,63,14.042136984948215,57,85.37958616357638,6.080241650903624,8.94726173985179,1,8.94726173985179,False,6.195063162571129,1,6.195063162571129,False,3.053796114282535,1,3.053796114282535,False,10.588966,0.04761904761904761,2.302320118906099,-2.333845409016099,0.0,0.2506288577928456,,0.5143332747179539
19,raw,39.85624565362107,63,16.318077092250256,49,92.57380620341432,5.673083028108702,8.837300051251262,1,8.837300051251262,False,5.67041549158289,1,5.67041549158289,False,2.324558220886841,1,2.324558220886841,False,10.588966,-0.05263157894736841,2.71219637283517,-3.106854828018798,0.29454153646223613,0.2645933420660145,15.047478,0.5736191856724533
19,raw,41.85624565362107,63,15.311399385377317,54,96.91785769338323,6.329784447131701,8.86875464148331,1,8.86875464148331,False,6.069536687461547,1,6.069536687461547,False,3.7761573456295463,1,3.7761573456295463,False,10.588966,-0.33333333333333337,1.8535924980446399,-3.9331924031289542,0.04034311107640902,0.22209295439450016,15.604792,0.5697712512284887
19,raw,43.85624565362107,63,12.806423703593278,52,82.42375558910526,6.436125923740791,8.671353972633582,1,8.671353972633582,False,6.524596948300147,1,6.524596948300147,False,4.132348401130564,1,4.132348401130564,False,10.031651999999998,0.2727272727272727,2.6172665622051476,-1.4528762964116078,0.2660603218440885,0.2814416451485793,15.604792,0.4863705651872927
19,raw,45.85624565362107,63,12.3605881994439,57,86.98246075986027,7.037081031772711,9.58621376196387,1,9.58621376196387,False,7.281531503972143,1,7.281531503972143,False,4.51882463138177,1,4.51882463138177,False,10.310309,0.44000000000000006,3.149094503834214,-1.0610964321178817,0.07230217302693792,0.07430223995758081,14.768820999999999,0.3095513299218227
19,raw,47.85624565362107,63,19.0803277528573,41,98.03989098419744,5.138270801952857,8.283060177562925,1,8.283060177562925,False,6.048727642699834,1,6.048727642699834,False,0.7422473197080515,1,0.7422473197080515,False,9.752994999999999,-0.8095238095238095,1.0768496942010004,-16.21786182979471,1.6247114971505001,0.1845672762948768,14.211507,0.45569651007299566
19,raw,49.85624565362107,63,16.463916688360968,40,93.96890609996423,5.7075669100290565,7.99523484086775,1,7.99523484086775,False,5.971799608168264,1,5.971799608168264,False,3.427500181381052,1,3.427500181381052,False,9.195680999999999,-0.19999999999999993,1.8127214067234743,-3.6661308984568723,4.196552212561727,0.2086714827253038,16.998077000000002,0.3930032809148635
19,raw,51.85624565362107,63,13.880373860742486,49,84.0122453018337,6.052592397344817,8.53807485512133,1,8.53807485512133,False,6.187126589885749,1,6.187126589885749,False,3.449469659533821,1,3.449469659533821,False,10.310309,-0.33333333333333337,1.7042165469552935,-3.332196608987139,2.33684968260633,0.13748342342321943,15.883448999999999,0.4617133036556704
19,raw,53.85624565362107,63,12.412890637246583,49,74.61437889962644,6.011039739263935,8.80256531006749,1,8.80256531006749,False,6.174039995311617,1,6.174039995311617,False,2.948867708512547,1,2.948867708512547,False,10.031652,0.33333333333333337,3.018243648720815,-1.547399082108912,0.45798385942550923,0.9130850898236405,17.276733999999998,0.5079796102352554
19,raw,55.85624565362107,63,13.274896759433522,53,75.93762596187992,5.720392959584899,8.845356666581269,1,8.845356666581269,False,5.771223353943964,1,5.771223353943964,False,2.1918897134437088,1,2.1918897134437088,False,10.588966,0.20000000000000012,2.966015519208985,-1.8018442336309501,0.2845531958401011,0.3339871463657345,13.932849999999998,0.5625509928337568
19,raw,57.85624565362107,63,11.236910369519997,57,76.74090079043958,6.82935951848459,9.71683024078266,1,9.71683024078266,False,7.016693465352748,1,7.016693465352748,False,3.9945445366097694,1,3.9945445366097694,False,11.146279999999999,-0.08333333333333338,1.5088607078140954,-1.7727068363005367,0.028227252310617863,0.32307626793278044,13.932849999999998,0.35062077463673463
19,raw,59.85624565362107,62,18.822071276222992,53,99.80786123584969,5.302703393857195,8.267662329848303,1,8.267662329848303,False,5.0902346613718885,1,5.0902346613718885,False,1.9933022167122294,1,1.9933022167122294,False,10.588966,-0.411764705882353,2.4848451002997516,-5.943776128015194,0.7007810142384137,0.14318724761524113,14.211507,0.6426209167673669
19,raw,61.85624565362107,62,14.94230634339931,54,95.17131540891552,6.369252056658374,9.210232825686973,1,9.210232825686973,False,6.407175190574264,1,6.407175190574264,False,3.4964032406525174,1,3.4964032406525174,False,10.588966,-0.0909090909090909,2.1991879464307518,-2.628314935088178,0.3352050660176418,0.0,,0.4520474315598224
19,raw,63.85624565362107,62,13.515395100402523,49,89.55786770264079,6.626359572719671,9.648254273338548,1,9.648254273338548,False,6.836251751411762,1,6.836251751411762,False,3.4675969772332715,1,3.4675969772332715,False,11.146279999999999,0.04347826086956514,2.026344176728756,-1.9405646643839618,0.31054133666715966,0.13250042965147782,15.604792,0.3433483533808729
19,raw,65.85624565362107,62,15.278282842067556,55,93.15166364791752,6.0969982432470555,9.36787679616746,1,9.36787679616746,False,6.228693503832133,1,6.228693503832133,False,2.4302501034120603,1,2.4302501034120603,False,10.867622999999998,-7.243985679528182e-17,2.419068040636235,-2.5213652447330825,0.29647238857018565,0.04727366324494586,16.162106,0.45466202384243626
19,raw,67.85624565362107,62,13.727389236999414,56,87.38691302601602,6.365880031323231,8.80098533187899,1,8.80098533187899,False,6.44644061105212,1,6.44644061105212,False,3.467907502995425,1,3.467907502995425,False,10.588966,-7.243985679528182e-17,1.9398173376366894,-2.2899690847900267,0.2922347971159482,0.0,,0.4828420108364597
19,raw,69.85624565362107,62,13.63553539695433,52,84.37344696433018,6.187761940259131,8.815520265394042,1,8.815520265394042,False,6.283030937292976,1,6.283030937292976,False,3.274632575279769,1,3.274632575279769,False,10.867622999999998,-0.04761904761904761,2.0990574008354326,-2.259647860290896,0.1217061469460021,0.14138949156695665,14.490164,0.48330742571693985
19,raw,71.85624565362107,62,14.166698911539648,54,96.04053787337102,6.7793166547176416,9.353006859710746,1,9.353006859710746,False,6.825115874899888,1,6.825115874899888,False,4.020644102346965,1,4.020644102346965,False,11.424937,0.08333333333333338,2.3956722740824015,-1.839674058185397,0.0,0.3595232407381471,,0.37796227644107516
19,raw,73.85624565362107,62,20.441684323892932,43,117.29936017748877,5.738243401028618,9.072469700046646,1,9.072469700046646,False,5.506560279171484,1,5.506560279171484,False,2.3782433781168546,1,2.3782433781168546,False,11.146279999999999,-0.5789473684210527,2.595922979387533,-9.939835177195155,0.3601060097061318,1.1201929241531667,15.883448999999999,0.5978756893817457
19,raw,75.85624565362107,62,12.631226359475178,44,85.81703989489397,6.794038635094148,9.218383142475965,1,9.218383142475965,False,7.16305543961359,1,7.16305543961359,False,4.316114406086106,1,4.316114406086106,False,10.867622999999998,-0.33333333333333326,1.183120577117848,-2.43413001567223,1.1622818353671724,0.2750781152356154,12.539565,0.2903736343016624
19,repaired,-70.14375434637893,60,15.928390356661188,56,97.06664914580516,6.093939624301854,9.303215494947311,1,9.303215494947311,False,5.938245768832703,1,5.938245768832703,False,2.9207110002681653,1,2.9207110002681653,False,11.703593999999999,-0.14285714285714285,2.5523564072910103,-3.167584475243016,0.44498249189390404,0.0,,0.47417149129389924
19,repaired,-68.14375434637893,60,15.626391967253241,52,94.99631185710929,6.079222385831875,9.310107838634629,1,9.310107838634629,False,5.845912974614564,1,5.845912974614564,False,2.9430962150306192,1,2.9430962150306192,False,11.146279999999999,-0.09999999999999998,2.5891767007463815,-3.1009705207252165,0.2409599146384771,0.22245686008169446,15.047477999999998,0.4807347159385034
19,repaired,-66.14375434637893,60,13.10228290897806,51,88.02592958028478,6.718365813942767,9.716053399836404,1,9.716053399836404,False,6.7449623638921254,1,6.7449623638921254,False,3.721327658640261,1,3.721327658640261,False,10.867622999999998,-0.13043478260869562,1.8457868052357735,-2.1396716625008687,0.48630173423023537,0.463811853342547,16.440763,0.28939548681500765
19,repaired,-64.14375434637893,60,19.088129716374667,55,96.04991921147223,5.031918822778967,8.99428250135185,1,8.99428250135185,False,5.140623532698443,1,5.140623532698443,False,0.8169173051778715,1,0.8169173051778715,False,10.588966,-0.6470588235294118,1.6347019357059454,-9.690343015571703,0.05430505491684569,0.4819152259270143,16.440763,0.5284447758718591
19,repaired,-62.14375434637893,60,13.28981020933729,54,79.42298421471452,5.976231636394078,9.232032893662637,1,9.232032893662637,False,6.192998981879693,1,6.192998981879693,False,2.221907416014453,1,2.221907416014453,False,10.867622999999998,0.42857142857142866,3.95442079804009,-1.2517119610672272,0.0,0.38492560306132556,,0.3723326936409208
19,repaired,-60.14375434637893,60,11.40619853933082,60,69.11613979553677,6.059524525827838,9.568534481777565,1,9.568534481777565,False,5.73183865112407,1,5.73183865112407,False,2.5012022358513604,1,2.5012022358513604,False,11.703593999999999,0.3,2.7876488235454304,-1.6577426372307904,0.0,0.0,,0.5210110842066209
19,repaired,-58.14375434637893,60,12.38018517098736,59,65.12704370695238,5.260587205074759,8.834719802422823,1,8.834719802422823,False,4.510750789524085,1,4.510750789524085,False,1.61296564324998,1,1.61296564324998,False,11.703593999999999,0.33333333333333326,4.073678743070566,-2.1626440106172766,0.00816386195576493,0.0,,0.7491739632606398
19,repaired,-56.14375434637893,60,6.649264215575434,59,46.28652226945601,6.961149499975213,10.067922180547326,1,10.067922180547326,False,6.9603474665970335,1,6.9603474665970335,False,3.780950170612642,1,3.780950170612642,False,11.146279999999999,0.08333333333333345,1.0565500018842575,-0.8960320423726663,0.017790423344069474,0.0,,0.2831162019955726
19,repaired,-54.14375434637893,60,6.846399020607078,58,46.86487533434288,6.845186088815974,9.497170871241831,1,9.497170871241831,False,6.832047281310843,1,6.832047281310843,False,3.7938695560876243,1,3.7938695560876243,False,10.588966,-0.08333333333333338,0.9494126851465695,-1.055293811101747,0.0,0.008862640980439672,,0.3353935227405425
19,repaired,-52.14375434637893,60,10.18579626384108,56,61.62627365125776,6.050216601133783,8.581839228290141,1,8.581839228290141,False,6.0805019481795615,1,6.0805019481795615,False,3.2369445458406343,1,3.2369445458406343,False,9.752994999999999,-0.33333333333333337,1.308688945159374,-2.659955265095324,0.014261775146933497,0.39110279928435215,14.211507000000001,0.5049086392337627
19,repaired,-50.14375434637893,61,20.2158999962781,61,91.69870298929052,4.535969361056047,7.711173304302383,1,7.711173304302383,False,3.92457657989158,1,3.92457657989158,False,1.1954022673384237,1,1.1954022673384237,False,10.310309,-0.3846153846153846,4.178285418022747,-7.942867288975831,0.0,0.0,,0.9451153457379818
19,repaired,-48.14375434637893,61,16.22649834437332,60,92.43306419948925,5.69642705639823,8.722718246043026,1,8.722718246043026,False,5.516377471706465,1,5.516377471706465,False,2.4070124091501954,1,2.4070124091501954,False,11.146279999999999,0.11111111111111109,3.321517332380881,-2.477286704412698,0.0,0.02504462855418521,,0.5902293615197036
19,repaired,-46.14375434637893,61,15.978492829739007,58,90.1716308743674,5.643312660036425,8.88115391259094,1,8.88115391259094,False,5.455567287751648,1,5.455567287751648,False,2.1924354983949508,1,2.1924354983949508,False,10.588966,0.0,3.0342067503760446,-2.9731289789517716,0.22150230423620612,0.0,,0.5993648826270525
19,repaired,-44.14375434637893,61,15.891386927664351,59,89.824934780521,5.6524289031154495,9.049582821214102,1,9.049582821214102,False,5.503246873151841,1,5.503246873151841,False,2.032653712398268,1,2.032653712398268,False,10.588966,-0.05263157894736841,2.8313345521754925,-3.037925872508881,0.08272971729959659,0.0,,0.5606335031435611
19,repaired,-42.14375434637893,61,16.374242094854143,61,91.09247105277389,5.563156482302231,9.055441616686,1,9.055441616686,False,5.169370566285339,1,5.169370566285339,False,1.817625181529935,1,1.817625181529935,False,11.982250999999998,0.0,3.3878241932115136,-3.024266774125422,0.0,0.0,,0.6269802766234647
19,repaired,-40.14375434637893,61,12.068793317218148,61,80.40549521997951,6.662264661146169,9.70331671139255,1,9.70331671139255,False,6.46231625110069,1,6.46231625110069,False,3.5680889328169814,1,3.5680889328169814,False,11.146279999999999,0.04347826086956514,1.9999510880906815,-1.8248528141338314,0.0,0.0,,0.4106119883039804
19,repaired,-38.14375434637893,61,13.739999191332586,60,79.10159364042768,5.757030443664527,8.312588826438711,1,8.312588826438711,False,5.652433938429475,1,5.652433938429475,False,2.7414419712843086,1,2.7414419712843086,False,10.867622999999998,-0.05263157894736841,2.372586458414593,-2.608812320256299,0.0,0.0508887103482095,,0.6269486895618025
19,repaired,-36.14375434637893,61,12.569314347926454,59,74.77553147963921,5.949054133726463,8.461302058480232,1,8.461302058480232,False,5.819959320798162,1,5.819959320798162,False,3.1348494411216903,1,3.1348494411216903,False,10.867622999999998,0.0,1.9520067619586055,-2.4739768088697573,0.0,0.009826838220006934,,0.5852793591532227
19,repaired,-34.14375434637893,61,12.404459453556276,61,72.00857290555024,5.805055284767436,8.884213362078462,1,8.884213362078462,False,5.571903732153389,1,5.571903732153389,False,2.390274826319506,1,2.390274826319506,False,11.146279999999999,0.368421052631579,3.4828117470564446,-1.667648805613905,0.0,0.0,,0.5771666714796864
19,repaired,-32.14375434637893,61,10.571673451699972,61,70.29384770274923,6.649264000057216,9.47957361931986,1,9.47957361931986,False,6.395309995542243,1,6.395309995542243,False,3.5224321240563317,1,3.5224321240563317,False,11.424937,0.3636363636363636,2.310897105436242,-1.3510245649978345,0.0,0.0,,0.45441693251322857
19,repaired,-30.143754346378927,61,11.864761219901006,57,76.01653606574502,6.406916638005401,8.795410151437,1,8.795410151437,False,6.286507989340629,1,6.286507989340629,False,3.7090368017207687,1,3.7090368017207687,False,11.146279999999999,0.23809523809523805,2.2984630061616227,-1.5715563971790154,0.07521339407975955,0.006829635854588672,16.162106,0.4915909133756407
19,repaired,-28.143754346378927,61,16.997878309598008,61,93.3260420159596,5.49045241506772,8.852852339119908,1,8.852852339119908,False,5.0485667929511155,1,5.0485667929511155,False,2.0965531645202566,1,2.0965531645202566,False,11.146279999999999,-0.17647058823529407,2.8836459855798906,-4.52241579405188,0.0,0.0,,0.6656338742228293
19,repaired,-26.143754346378927,61,12.372916900165832,61,82.75830013868718,6.688665316872692,9.539388754180285,1,9.539388754180285,False,6.698820783366733,1,6.698820783366733,False,3.472868902189698,1,3.472868902189698,False,11.146279999999999,-0.04347826086956528,1.728190476472751,-2.1225261525636174,0.0,0.0,,0.3701780189331481
19,repaired,-24.143754346378927,61,12.051522086569909,61,84.50872938894365,7.012286811731383,9.681907740453305,1,9.681907740453305,False,7.14748742104608,1,7.14748742104608,False,4.074300868691987,1,4.074300868691987,False,10.867622999999998,0.35999999999999993,2.5877255949398044,-1.2469735038846537,0.0,0.0,,0.30611290005987346
19,repaired,-22.143754346378927,62,13.684884370833732,62,95.44935937725064,6.974802036375228,9.673924914264573,1,9.673924914264573,False,7.221768803625,1,7.221768803625,False,4.488962971318142,1,4.488962971318142,False,10.867622999999998,-0.08333333333333338,1.5153918515976257,-2.10080952982993,0.0,0.0,,0.29988167727507287
19,repaired,-20.143754346378927,62,16.725183815257353,58,110.89529504089614,6.6304380427635845,9.704339424633318,1,9.704339424633318,False,6.808422623869392,1,6.808422623869392,False,3.4631950934855262,1,3.4631950934855262,False,11.424937,-0.13043478260869557,2.19629876463938,-2.933958985027899,0.13448099345926884,0.0,,0.35509417297694706
19,repaired,-18.143754346378927,62,20.092222753987578,60,122.9946031666219,6.12150306477226,9.13484033053944,1,9.13484033053944,False,6.080448067975572,1,6.080448067975572,False,2.9187787986737286,1,2.9187787986737286,False,10.588966,-0.4285714285714286,2.5157552628501927,-5.944594298198525,0.0,0.12563817063408347,,0.5231350256577764
19,repaired,-16.143754346378927,62,19.100276893018492,62,117.13381124189698,6.13257137045545,9.30968129770043,1,9.30968129770043,False,6.0753067943903485,1,6.0753067943903485,False,2.7041564610362823,1,2.7041564610362823,False,11.424937,-0.23809523809523805,2.601984896193488,-4.3245028369364835,0.0,0.0,,0.4954965061274049
19,repaired,-14.143754346378927,62,16.369653208384467,54,102.94128189547206,6.28854384299027,8.94922888315337,1,8.94922888315337,False,6.423158046912233,1,6.423158046912233,False,3.318729191869891,1,3.318729191869891,False,11.146279999999999,0.09090909090909095,2.820969424916491,-2.4491144786609995,0.3404463431941366,0.17880183125462892,14.211507,0.4689769549396325
19,repaired,-12.143754346378927,62,16.678260279959822,58,95.61889445327822,5.733145594817913,8.712821532051297,1,8.712821532051297,False,5.762088204438735,1,5.762088204438735,False,2.5348192757532884,1,2.5348192757532884,False,10.310309,0.09999999999999998,3.3524675812004294,-2.7158071251528217,0.16486961005344197,0.0,,0.5850554955278876
19,repaired,-10.143754346378927,62,12.318523275568975,55,82.42744949287543,6.691341782529386,9.368453825583291,1,9.368453825583291,False,6.882997341094071,1,6.882997341094071,False,3.768664452089591,1,3.768664452089591,False,10.310309,6.640320206234167e-17,1.7831352826919709,-1.8625377388984643,0.19776287884884575,0.13635247896111405,15.604792,0.36885350004342776
19,repaired,-8.143754346378927,62,13.52338212753792,59,88.73155811921652,6.561343699556545,8.960838572289207,1,8.960838572289207,False,6.628352719233306,1,6.628352719233306,False,4.025377540549259,1,4.025377540549259,False,10.310309,-0.3043478260869566,1.6431496860827697,-2.8704419141063915,0.0910861876393002,0.0,,0.4455036467063838
19,repaired,-6.143754346378927,62,16.3823773789745,62,98.12618787541206,5.989740414681775,8.77417156281441,1,8.77417156281441,False,5.852363241100241,1,5.852363241100241,False,3.132150671495715,1,3.132150671495715,False,10.310309,-0.30000000000000004,2.086908250147409,-4.478779882824272,0.0,0.0,,0.5783923036397679
19,repaired,-4.143754346378927,62,17.86340326774748,62,98.92335311019846,5.537766327472738,8.631989638621384,1,8.631989638621384,False,5.646784926946841,1,5.646784926946841,False,2.089027592031342,1,2.089027592031342,False,11.424937,-0.26315789473684204,2.5837284541519363,-4.4554649127340165,0.0,0.0,,0.6185427174779732
19,repaired,-2.143754346378927,62,13.352880114987364,62,85.2917716828811,6.387518718688191,8.808981519074507,1,8.808981519074507,False,6.177165486183204,1,6.177165486183204,False,3.400805816681471,1,3.400805816681471,False,11.703593999999999,-0.14285714285714285,2.0046648853484945,-2.5142054268545793,0.0,0.0,,0.5363445586923042
19,repaired,-0.1437543463789268,62,11.1398750967237,57,73.56669888922413,6.603906978352074,9.229772558370769,1,9.229772558370769,False,6.511237585290504,1,6.511237585290504,False,3.9092526526992915,1,3.9092526526992915,False,11.146279999999999,-0.1304347826086957,1.525411109503843,-2.004298624125932,0.0889936615426651,0.0,,0.4416004883085443
19,repaired,1.8562456536210732,62,16.11111977366787,57,94.61465658492786,5.8726306994233095,9.233207693155883,1,9.233207693155883,False,5.787417033609218,1,5.787417033609218,False,2.3001982620801122,1,2.3001982620801122,False,11.146279999999999,-0.19999999999999996,2.4109636960096603,-3.4297178483882846,0.14968582133735853,0.0,,0.5230842918706612
19,repaired,3.856245653621073,63,15.870829677794802,60,103.8317173151311,6.54229926368652,9.526484037027856,1,9.526484037027856,False,6.775181642316202,1,6.775181642316202,False,3.232135615276502,1,3.232135615276502,False,11.146279999999999,-0.04347826086956521,2.1934122267951626,-2.348271571696639,0.0,0.36323723111216816,,0.3838858809382257
19,repaired,5.856245653621073,63,13.425810336598772,59,86.72765278393481,6.459770442869668,9.204507578699914,1,9.204507578699914,False,6.95364515109527,1,6.95364515109527,False,2.7833883005447326,1,2.7833883005447326,False,10.310309,-0.5833333333333333,0.9226226178299699,-4.870335814031901,0.07279522755633579,0.6630884821816414,12.260908,0.33600804516101557
19,repaired,7.856245653621073,63,7.291369349759354,52,52.69994313700467,7.227715482379724,9.46835406853479,1,9.46835406853479,False,7.353731004269267,1,7.353731004269267,False,4.9772164914887345,1,4.9772164914887345,False,10.310309,-0.1538461538461538,0.8203354949829439,-1.1247591581368719,0.10489964649996866,0.3622725362563703,13.932849999999998,0.2856573757349875
19,repaired,9.856245653621073,63,5.9934358725190435,62,46.7512376113057,7.800406745931551,10.343411073290598,1,10.343411073290598,False,7.655337819255263,1,7.655337819255263,False,4.662968445755343,1,4.662968445755343,False,10.867622999999998,0.11111111111111116,0.8699739732442636,-0.6845955423771198,0.0,0.09959583639794775,,0.25684849256905945
19,repaired,11.856245653621073,63,10.932336731394841,51,59.22195567651668,5.417136073612383,8.796756366665212,1,8.796756366665212,False,5.238184029130868,1,5.238184029130868,False,2.009498683209918,1,2.009498683209918,False,10.031652,0.33333333333333337,3.407609013940261,-1.5047428544629933,0.16586856678032513,0.019539508466546313,16.440763,0.637588106741223
19,repaired,13.856245653621073,63,13.119724996471238,59,75.1078169891961,5.724801168423695,8.785807639806658,1,8.785807639806658,False,5.739739221960679,1,5.739739221960679,False,2.3812409407139725,1,2.3812409407139725,False,10.588966,0.36842105263157904,3.3989344753240758,-1.6040322353381762,0.016761797410371083,0.12506994560734092,16.162105999999998,0.5694934868889887
19,repaired,15.856245653621073,63,15.099269714553529,59,95.20300958675985,6.305140009188511,8.709916963966682,1,8.709916963966682,False,6.402034831231082,1,6.402034831231082,False,3.720452881330478,1,3.720452881330478,False,10.867622999999998,-0.3636363636363637,1.7158425887204287,-3.534420289692736,0.24416380799713888,0.0,,0.5008331442911008
19,repaired,17.856245653621073,63,17.36282956223264,54,107.59448158687806,6.196828760037818,8.805804970683678,1,8.805804970683678,False,6.308576951733311,1,6.308576951733311,False,3.826798502025639,1,3.826798502025639,False,10.588966,-0.3636363636363637,1.874145825429304,-4.2714073594078314,0.6349414335755018,0.026796799422430115,13.096879,0.4864482702409382
19,repaired,19.856245653621073,63,19.48938968867182,58,104.9587970141313,5.385432724716796,8.648762232108776,1,8.648762232108776,False,5.432467719769548,1,5.432467719769548,False,1.724514922925328,1,1.724514922925328,False,10.588966,-0.36842105263157904,2.493067513484911,-5.642318068853435,0.3570633550587331,0.0,,0.6028849490316281
19,repaired,21.856245653621073,63,12.533271120781198,61,83.24887421696482,6.642230381415057,9.149716334236707,1,9.149716334236707,False,6.7814565056602465,1,6.7814565056602465,False,3.896271583040086,1,3.896271583040086,False,10.310309,-0.16666666666666655,1.6937260778226864,-2.1928913870938835,0.0,0.09107322594439261,,0.42801366163417215
19,repaired,23.856245653621073,63,14.124086326994622,59,92.99902406759159,6.584427616379507,9.52896567549297,1,9.52896567549297,False,6.6319617809870035,1,6.6319617809870035,False,3.4605883850273043,1,3.4605883850273043,False,11.146279999999999,-0.13043478260869557,1.927438169675619,-2.6717261529106815,0.0,0.17761111155923953,,0.4372603205141665
19,repaired,25.856245653621073,63,17.202367625602985,56,104.73472590883509,6.0883901674647465,9.096588023728689,1,9.096588023728689,False,5.967493610830958,1,5.967493610830958,False,3.111183005602466,1,3.111183005602466,False,10.867622999999998,-0.20000000000000012,2.517143708047575,-3.8881844433494264,0.013179380187466512,0.2527758855870661,17.276733999999998,0.548412905897911
19,repaired,27.856245653621073,63,15.476241403015747,51,100.35921702535713,6.484728068780371,9.049086373844359,1,9.049086373844359,False,6.731335688747134,1,6.731335688747134,False,3.8373372032315163,1,3.8373372032315163,False,10.588966,0.1304347826086957,2.7863588270050412,-1.8586801663060086,0.5386448172281199,0.05566596596527273,14.490164,0.4144706850389253
19,repaired,29.856245653621073,63,19.083438922924497,60,106.00077526423657,5.5545950440253336,8.688790549285649,1,8.688790549285649,False,6.310865856528232,1,6.310865856528232,False,1.0264753577593022,1,1.0264753577593022,False,9.752994999999999,-0.8181818181818179,1.1629533868582738,-15.97611827285366,0.5166451776287735,0.014616009980156986,16.440763,0.4272180450695608
19,repaired,31.856245653621073,63,13.580237004311234,53,99.09650041031593,7.297111263879737,9.526832235363063,1,9.526832235363063,False,7.737811373935394,1,7.737811373935394,False,4.9430112251980525,1,4.9430112251980525,False,10.588966,0.11111111111111109,1.8489188820139453,-1.2495383576359422,0.20809308710618082,0.17246598581904926,15.604792,0.23645887795207798
19,repaired,33.85624565362107,63,14.205104568852962,49,106.46795896516403,7.495049293661141,9.925542003553105,1,9.925542003553105,False,7.817254308315591,1,7.817254308315591,False,5.770028026414337,1,5.770028026414337,False,10.867622999999998,0.2592592592592593,2.163128670927632,-0.9671515766373732,0.16902196661382593,0.46207580426708833,15.604792,0.16189098162778176
19,repaired,35.85624565362107,63,13.93289838828061,56,92.50925256433106,6.639627304118105,9.647300661874118,1,9.647300661874118,False,6.764446813241136,1,6.764446813241136,False,3.60989136766535,1,3.60989136766535,False,11.146279999999999,0.21739130434782614,2.5575383902433817,-1.6909185093382815,0.20850396022646012,0.04064337481293341,12.818221999999999,0.378183138268069
19,repaired,37.85624565362107,63,14.042136984948215,57,85.37958616357638,6.080241650903624,8.94726173985179,1,8.94726173985179,False,6.195063162571129,1,6.195063162571129,False,3.053796114282535,1,3.053796114282535,False,10.588966,0.04761904761904761,2.302320118906099,-2.333845409016099,0.0,0.2506288577928456,,0.5143332747179539
19,repaired,39.85624565362107,63,16.318077092250256,49,92.57380620341432,5.673083028108702,8.837300051251262,1,8.837300051251262,False,5.67041549158289,1,5.67041549158289,False,2.324558220886841,1,2.324558220886841,False,10.588966,-0.05263157894736841,2.71219637283517,-3.106854828018798,0.29454153646223613,0.2645933420660145,15.047478,0.5736191856724533
19,repaired,41.85624565362107,63,15.311399385377317,54,96.91785769338323,6.329784447131701,8.86875464148331,1,8.86875464148331,False,6.069536687461547,1,6.069536687461547,False,3.7761573456295463,1,3.7761573456295463,False,10.588966,-0.33333333333333337,1.8535924980446399,-3.9331924031289542,0.04034311107640902,0.22209295439450016,15.604792,0.5697712512284887
19,repaired,43.85624565362107,63,12.806423703593278,52,82.42375558910526,6.436125923740791,8.671353972633582,1,8.671353972633582,False,6.524596948300147,1,6.524596948300147,False,4.132348401130564,1,4.132348401130564,False,10.031651999999998,0.2727272727272727,2.6172665622051476,-1.4528762964116078,0.2660603218440885,0.2814416451485793,15.604792,0.4863705651872927
19,repaired,45.85624565362107,63,12.3605881994439,57,86.98246075986027,7.037081031772711,9.58621376196387,1,9.58621376196387,False,7.281531503972143,1,7.281531503972143,False,4.51882463138177,1,4.51882463138177,False,10.310309,0.44000000000000006,3.149094503834214,-1.0610964321178817,0.07230217302693792,0.07430223995758081,14.768820999999999,0.3095513299218227
19,repaired,47.85624565362107,63,19.0803277528573,41,98.03989098419744,5.138270801952857,8.283060177562925,1,8.283060177562925,False,6.048727642699834,1,6.048727642699834,False,0.7422473197080515,1,0.7422473197080515,False,9.752994999999999,-0.8095238095238095,1.0768496942010004,-16.21786182979471,1.6247114971505001,0.1845672762948768,14.211507,0.45569651007299566
19,repaired,49.85624565362107,63,16.463916688360968,40,93.96890609996423,5.7075669100290565,7.99523484086775,1,7.99523484086775,False,5.971799608168264,1,5.971799608168264,False,3.427500181381052,1,3.427500181381052,False,9.195680999999999,-0.19999999999999993,1.8127214067234743,-3.6661308984568723,4.196552212561727,0.2086714827253038,16.998077000000002,0.3930032809148635
19,repaired,51.85624565362107,63,13.880373860742486,49,84.0122453018337,6.052592397344817,8.53807485512133,1,8.53807485512133,False,6.187126589885749,1,6.187126589885749,False,3.449469659533821,1,3.449469659533821,False,10.310309,-0.33333333333333337,1.7042165469552935,-3.332196608987139,2.33684968260633,0.13748342342321943,15.883448999999999,0.4617133036556704
19,repaired,53.85624565362107,63,12.412890637246583,49,74.61437889962644,6.011039739263935,8.80256531006749,1,8.80256531006749,False,6.174039995311617,1,6.174039995311617,False,2.948867708512547,1,2.948867708512547,False,10.031652,0.33333333333333337,3.018243648720815,-1.547399082108912,0.45798385942550923,0.9130850898236405,17.276733999999998,0.5079796102352554
19,repaired,55.85624565362107,63,13.274896759433522,53,75.93762596187992,5.720392959584899,8.845356666581269,1,8.845356666581269,False,5.771223353943964,1,5.771223353943964,False,2.1918897134437088,1,2.1918897134437088,False,10.588966,0.20000000000000012,2.966015519208985,-1.8018442336309501,0.2845531958401011,0.3339871463657345,13.932849999999998,0.5625509928337568
19,repaired,57.85624565362107,63,11.236910369519997,57,76.74090079043958,6.82935951848459,9.71683024078266,1,9.71683024078266,False,7.016693465352748,1,7.016693465352748,False,3.9945445366097694,1,3.9945445366097694,False,11.146279999999999,-0.08333333333333338,1.5088607078140954,-1.7727068363005367,0.028227252310617863,0.32307626793278044,13.932849999999998,0.35062077463673463
19,repaired,59.85624565362107,62,18.822071276222992,53,99.80786123584969,5.302703393857195,8.267662329848303,1,8.267662329848303,False,5.0902346613718885,1,5.0902346613718885,False,1.9933022167122294,1,1.9933022167122294,False,10.588966,-0.411764705882353,2.4848451002997516,-5.943776128015194,0.7007810142384137,0.14318724761524113,14.211507,0.6426209167673669
19,repaired,61.85624565362107,62,14.94230634339931,54,95.17131540891552,6.369252056658374,9.210232825686973,1,9.210232825686973,False,6.407175190574264,1,6.407175190574264,False,3.4964032406525174,1,3.4964032406525174,False,10.588966,-0.0909090909090909,2.1991879464307518,-2.628314935088178,0.3352050660176418,0.0,,0.4520474315598224
19,repaired,63.85624565362107,62,13.515395100402523,49,89.55786770264079,6.626359572719671,9.648254273338548,1,9.648254273338548,False,6.836251751411762,1,6.836251751411762,False,3.4675969772332715,1,3.4675969772332715,False,11.146279999999999,0.04347826086956514,2.026344176728756,-1.9405646643839618,0.31054133666715966,0.13250042965147782,15.604792,0.3433483533808729
19,repaired,65.85624565362107,62,15.278282842067556,55,93.15166364791752,6.0969982432470555,9.36787679616746,1,9.36787679616746,False,6.228693503832133,1,6.228693503832133,False,2.4302501034120603,1,2.4302501034120603,False,10.867622999999998,-7.243985679528182e-17,2.419068040636235,-2.5213652447330825,0.29647238857018565,0.04727366324494586,16.162106,0.45466202384243626
19,repaired,67.85624565362107,62,13.727389236999414,56,87.38691302601602,6.365880031323231,8.80098533187899,1,8.80098533187899,False,6.44644061105212,1,6.44644061105212,False,3.467907502995425,1,3.467907502995425,False,10.588966,-7.243985679528182e-17,1.9398173376366894,-2.2899690847900267,0.2922347971159482,0.0,,0.4828420108364597
19,repaired,69.85624565362107,62,13.63553539695433,52,84.37344696433018,6.187761940259131,8.815520265394042,1,8.815520265394042,False,6.283030937292976,1,6.283030937292976,False,3.274632575279769,1,3.274632575279769,False,10.867622999999998,-0.04761904761904761,2.0990574008354326,-2.259647860290896,0.1217061469460021,0.14138949156695665,14.490164,0.48330742571693985
19,repaired,71.85624565362107,62,14.166698911539648,54,96.04053787337102,6.7793166547176416,9.353006859710746,1,9.353006859710746,False,6.825115874899888,1,6.825115874899888,False,4.020644102346965,1,4.020644102346965,False,11.424937,0.08333333333333338,2.3956722740824015,-1.839674058185397,0.0,0.3595232407381471,,0.37796227644107516
19,repaired,73.85624565362107,62,20.441684323892932,43,117.29936017748877,5.738243401028618,9.072469700046646,1,9.072469700046646,False,5.506560279171484,1,5.506560279171484,False,2.3782433781168546,1,2.3782433781168546,False,11.146279999999999,-0.5789473684210527,2.595922979387533,-9.939835177195155,0.3601060097061318,1.1201929241531667,15.883448999999999,0.5978756893817457
19,repaired,75.85624565362107,62,12.631226359475178,44,85.81703989489397,6.794038635094148,9.218383142475965,1,9.218383142475965,False,7.16305543961359,1,7.16305543961359,False,4.316114406086106,1,4.316114406086106,False,10.867622999999998,-0.33333333333333326,1.183120577117848,-2.43413001567223,1.1622818353671724,0.2750781152356154,12.539565,0.2903736343016624
33,raw,-58.88554547985051,62,3.930539514071162,60,21.690932230505926,5.518563584681778,7.969517085383755,1,7.969517085383755,False,5.317279590002017,1,5.317279590002017,False,2.014162396016611,2,2.729328424876263,False,7.802395999999999,0.44444444444444453,1.458307249478277,-0.3286520259940669,0.10575768943126451,0.0,,0.7255314040205709
33,raw,-56.88554547985051,62,4.409871770999216,55,23.322804645899634,5.288771614466923,7.771144803905342,1,7.771144803905342,False,5.43517060079925,1,5.43517060079925,False,1.4179383300955672,3,2.12636930608536,False,8.081052999999999,0.36842105263157904,1.4433214800141847,-0.4807899768023037,0.24700699096740308,0.07824953108951385,12.260908,0.7024564882872538
33,raw,-54.88554547985051,62,4.171374224212201,49,22.235654108932554,5.330534474674696,6.906435934970286,1,6.906435934970286,False,5.396112452863765,1,5.396112452863765,False,3.2244358668613504,1,3.2244358668613504,False,6.966425,0.5789473684210527,1.840974186965096,-0.47783657890645964,0.23566606396708828,0.33632055134062616,13.096879000000001,0.7420250968021967
33,raw,-52.88554547985051,63,4.481151462139307,57,24.8538728458499,5.546313945385955,6.414296190960908,1,6.414296190960908,False,5.1750964248446945,1,5.1750964248446945,False,3.5829506519684817,1,3.5829506519684817,False,6.409110999999999,0.0588235294117647,0.6456457096286604,-0.5423078345526194,0.1655786610073399,0.10249538204598382,12.260908,0.8374399895520623
33,raw,-50.88554547985051,63,4.778709274056196,53,29.01155033878969,6.07100132587989,8.27881343587136,1,8.27881343587136,False,5.814626507308192,1,5.814626507308192,False,3.1701467993231063,1,3.1701467993231063,False,8.359709999999998,0.36842105263157904,1.3096324235833394,-0.5557671384848529,0.3762730649286876,0.0035769920121817775,13.375536,0.618038675736649
33,raw,-48.88554547985051,63,4.2688606988789255,47,25.228737130114062,5.909946215096584,7.909849521121463,1,7.909849521121463,False,6.22607978650417,1,6.22607978650417,False,3.345707213777265,1,3.345707213777265,False,7.802395999999999,-0.0909090909090909,0.5127563967996659,-0.636846153348868,0.19253991344041452,0.09816281587900065,11.424937,0.5612549652534441
33,raw,-46.88554547985051,63,4.6254441701465385,55,24.754010105799427,5.351704440746757,6.927808592299531,1,6.927808592299531,False,5.270344944136841,1,5.270344944136841,False,2.943823713526667,1,2.943823713526667,False,6.966425,0.44444444444444453,1.5931050834893747,-0.568868620941787,0.1722330130163856,0.13037308421069335,11.982251,0.8328429174799641
33,raw,-44.88554547985051,63,4.372650170117451,50,24.212649394277932,5.537293964137902,6.623041753549432,1,6.623041753549432,False,5.507739721807811,1,5.507739721807811,False,3.8302464280333552,2,3.991296594459084,False,6.687767999999999,0.33333333333333326,0.7603728510415015,-0.40912803119331964,0.1280835578286246,0.03226815097093571,15.604792,0.7702247869304206
33,raw,-42.88554547985051,63,4.701491282136622,51,26.130140201976065,5.557840828346928,7.348208891767071,1,7.348208891767071,False,5.383464395611549,1,5.383464395611549,False,3.2480941929147047,1,3.2480941929147047,False,7.523739,0.0,0.5932741642667761,-0.8545792247470134,0.2115191527159266,0.041230592140312015,13.375536,0.7487887953402202
33,raw,-40.88554547985051,63,4.870095725915706,55,26.74201336089463,5.49106524099512,7.764507611076884,1,7.764507611076884,False,5.256881794111884,1,5.256881794111884,False,3.1711221738642,1,3.1711221738642,False,7.802395999999999,0.2941176470588235,1.2742942541516593,-0.609887894411129,0.3321305541873073,0.0806730794936282,15.047478,0.7747254694509467
33,raw,-38.88554547985051,63,4.245727301141784,51,27.112787111969975,6.385899326289434,8.503122149538061,2,9.255988086127285,False,5.8874259859410945,1,5.8874259859410945,False,4.038004422412726,1,4.038004422412726,False,8.638366999999999,0.09999999999999998,0.7106245044194357,-0.5584309540961131,0.1808555550399954,0.05926216064227242,13.654193,0.5407132758305343
33,raw,-36.88554547985051,63,4.1970053739466175,53,24.42785800454641,5.820306582446876,8.030151224606062,1,8.030151224606062,False,5.71550962674322,1,5.71550962674322,False,4.019261482451401,1,4.019261482451401,False,8.081052999999999,0.30000000000000004,0.9905065432064295,-0.45793876362665303,0.12314911072943543,0.04703999007607577,12.539565,0.6250615601270834
33,raw,-34.88554547985051,63,3.8973564752099152,56,19.32927393759673,4.959585827097235,6.7475615663757935,1,6.7475615663757935,False,4.124019719608892,1,4.124019719608892,False,2.598319492134971,1,2.598319492134971,False,6.687767999999999,0.2857142857142857,0.9776891144346896,-0.7224001478310748,0.328346816396675,0.046404356008787895,11.14628,1.037062991094414
33,raw,-32.88554547985051,63,3.8699568644600775,61,19.294906486865944,4.9858195227087885,6.5639940729660635,1,6.5639940729660635,False,4.602736672802764,1,4.602736672802764,False,3.235828314171111,1,3.235828314171111,False,6.409111,0.3333333333333334,0.7958954231542821,-0.5754206618490771,0.008550084206969299,0.03686768889028936,14.211507000000001,1.025538363518204
33,raw,-30.885545479850506,63,4.325060637345847,54,24.071602023783193,5.56561029825357,7.584571733222308,1,7.584571733222308,False,5.162003239534921,1,5.162003239534921,False,3.573840796633112,1,3.573840796633112,False,7.802396,0.0588235294117647,0.5905183180675974,-0.7232263479280208,0.017376501744842544,0.23177751647087338,14.211507,0.7794533844061886
33,raw,-28.885545479850506,63,4.220971436553451,55,23.015515872812863,5.452658521566713,8.091035597265954,1,8.091035597265954,False,5.354061579416474,1,5.354061579416474,False,2.627185097577261,1,2.627185097577261,False,8.081052999999999,0.0,0.5941424316075108,-0.697614719751268,0.18502807359031323,0.0,,0.649619523236388
33,raw,-26.885545479850506,63,4.499822608252126,53,23.698036275424013,5.266437888454693,7.049445910182418,1,7.049445910182418,False,4.715598368397963,1,4.715598368397963,False,3.1345986943008946,1,3.1345986943008946,False,7.245082,-0.12499999999999997,0.6207255047605245,-1.1101789020793713,0.15720292886547454,0.053671870021624046,15.604792,0.891428813199952
33,raw,-24.885545479850506,63,4.957877693908508,56,26.687705497112248,5.382889039377085,6.6693412365845095,2,7.344316019252785,False,5.04430725067227,1,5.04430725067227,False,3.702988050695236,1,3.702988050695236,False,6.966425,-0.411764705882353,0.3628760935104789,-1.7838711414295256,0.17196421365383688,0.31586330102407306,8.081053,0.8257291053999456
33,raw,-22.885545479850506,63,4.701413773470656,54,25.750588943017934,5.4772011534752565,7.380131843710235,1,7.380131843710235,False,5.268541286231324,1,5.268541286231324,False,3.471692415759019,1,3.471692415759019,False,7.523738999999999,0.44444444444444436,1.6061996737957391,-0.489279612030625,0.12975254377299336,0.06256912654657787,16.440763,0.7643588083996734
33,raw,-20.885545479850506,63,4.3997774299889185,51,23.120964734603028,5.255030533365244,6.907856208728424,1,6.907856208728424,False,4.938773528204376,1,4.938773528204376,False,2.969415531985078,1,2.969415531985078,False,6.966425,0.2941176470588235,1.256352256208655,-0.6710058989856147,0.08982575653459277,0.324072773410805,11.703593999999999,0.8583814105505229
33,raw,-18.885545479850506,63,4.308832332178272,56,22.421665713514376,5.203652401619305,7.019592787317924,1,7.019592787317924,False,4.878289446111415,1,4.878289446111415,False,2.946185592689311,1,2.946185592689311,False,6.966425,-0.12499999999999997,0.6818418725410602,-0.9372313944526831,0.05887466109982742,0.0,,0.8911443667845237
33,raw,-16.885545479850506,63,3.834882644051408,48,14.94093637792263,3.8960609136497846,6.025747943444625,1,6.025747943444625,False,2.771792619041501,1,2.771792619041501,False,1.6462611464626993,1,1.6462611464626993,False,5.8517969999999995,-0.11111111111111109,1.2857751161680904,-1.3243414429817688,0.11657644347914459,0.12531746572532773,10.588966,1.3639759968826928
33,raw,-14.885545479850506,63,2.4930675767178103,59,10.926535413517124,4.38276744503741,6.635725065812188,1,6.635725065812188,False,2.5592749124751717,1,2.5592749124751717,False,1.2923904614446997,1,1.2923904614446997,False,3.0652269999999997,0.25000000000000017,1.1881789610068814,-0.8173109051260818,0.09941435411035178,0.0881636043432756,12.539565,1.35969813096352
33,raw,-12.885545479850506,63,3.7607402590545718,55,18.17518835184606,4.8328752053765065,6.815049698665021,1,6.815049698665021,False,4.146591644799468,1,4.146591644799468,False,2.2275975213514023,1,2.2275975213514023,False,6.687767999999999,0.28571428571428564,1.3100104079577441,-0.7765916196872313,0.07182389904164897,0.2288016865374151,11.14628,1.0576459789352533
33,raw,-10.885545479850506,63,4.348609882928718,52,20.898633618256298,4.8058193723695,6.564422667691531,1,6.564422667691531,False,4.625889553478487,1,4.625889553478487,False,2.4000018382970945,1,2.4000018382970945,False,6.687767999999999,0.12499999999999997,1.1615911348455343,-0.8022974206547951,0.12931090987922747,0.17059868075348714,13.096879,0.9787187991634935
33,raw,-8.885545479850506,63,4.17114749935993,55,23.54594725366374,5.644956755251861,6.870033428177955,1,6.870033428177955,False,5.496907405883912,1,5.496907405883912,False,3.970529235900867,1,3.970529235900867,False,6.966425,0.4736842105263159,1.1507860916446915,-0.4318881733200458,0.05887472918519036,0.5166157946757566,10.867622999999998,0.7427885400581322
33,raw,-6.8855454798505065,63,4.253005538603694,47,20.953123192793946,4.926662569001279,6.550492299168464,1,6.550492299168464,False,4.877176107182353,1,4.877176107182353,False,2.998494836260466,1,2.998494836260466,False,6.687767999999999,-0.0588235294117647,0.8500451563584462,-0.8903782710786978,0.04544798079511279,0.7300372097132719,12.818222,0.8589037182720837
33,raw,-4.8855454798505065,63,4.141638833559648,52,20.861212899551436,5.036946420946531,6.520452928620573,1,6.520452928620573,False,5.1107420813120985,1,5.1107420813120985,False,3.3728367410227826,1,3.3728367410227826,False,6.687767999999999,0.22222222222222218,0.9842219219779244,-0.6021531729798093,0.12395132525029072,0.12895728696011655,8.35971,0.8630990363146424
33,raw,-2.8855454798505065,63,4.084875870395837,47,22.602934934631215,5.5333223460816985,7.2238507485611265,1,7.2238507485611265,False,5.509721858609565,1,5.509721858609565,False,3.7077153174284194,1,3.7077153174284194,False,7.245082,0.05263157894736841,0.6590441339744686,-0.639639523280449,0.08751517595060848,0.2738001648536159,10.031652,0.7147646683856218
33,raw,-0.8855454798505065,63,4.241038477688313,59,21.592582603894574,5.091343244700804,6.323837498230348,1,6.323837498230348,False,4.927373005832674,1,4.927373005832674,False,2.915886806197286,1,2.915886806197286,False,6.409110999999999,-0.0588235294117647,0.6767049508816017,-0.8885674486751053,0.11550211534347113,0.14445747532882147,13.375536,0.9362547637564904
33,repaired,-58.88554547985051,62,3.930539514071162,60,21.690932230505926,5.518563584681778,7.969517085383755,1,7.969517085383755,False,5.317279590002017,1,5.317279590002017,False,2.014162396016611,2,2.729328424876263,False,7.802395999999999,0.44444444444444453,1.458307249478277,-0.3286520259940669,0.10575768943126451,0.0,,0.7255314040205709
33,repaired,-56.88554547985051,62,4.409871770999216,55,23.322804645899634,5.288771614466923,7.771144803905342,1,7.771144803905342,False,5.43517060079925,1,5.43517060079925,False,1.4179383300955672,3,2.12636930608536,False,8.081052999999999,0.36842105263157904,1.4433214800141847,-0.4807899768023037,0.24700699096740308,0.07824953108951385,12.260908,0.7024564882872538
33,repaired,-54.88554547985051,62,4.171374224212201,49,22.235654108932554,5.330534474674696,6.906435934970286,1,6.906435934970286,False,5.396112452863765,1,5.396112452863765,False,3.2244358668613504,1,3.2244358668613504,False,6.966425,0.5789473684210527,1.840974186965096,-0.47783657890645964,0.23566606396708828,0.33632055134062616,13.096879000000001,0.7420250968021967
33,repaired,-52.88554547985051,63,4.481151462139307,57,24.8538728458499,5.546313945385955,6.414296190960908,1,6.414296190960908,False,5.1750964248446945,1,5.1750964248446945,False,3.5829506519684817,1,3.5829506519684817,False,6.409110999999999,0.0588235294117647,0.6456457096286604,-0.5423078345526194,0.1655786610073399,0.10249538204598382,12.260908,0.8374399895520623
33,repaired,-50.88554547985051,63,4.778709274056196,53,29.01155033878969,6.07100132587989,8.27881343587136,1,8.27881343587136,False,5.814626507308192,1,5.814626507308192,False,3.1701467993231063,1,3.1701467993231063,False,8.359709999999998,0.36842105263157904,1.3096324235833394,-0.5557671384848529,0.3762730649286876,0.0035769920121817775,13.375536,0.618038675736649
33,repaired,-48.88554547985051,63,4.2688606988789255,47,25.228737130114062,5.909946215096584,7.909849521121463,1,7.909849521121463,False,6.22607978650417,1,6.22607978650417,False,3.345707213777265,1,3.345707213777265,False,7.802395999999999,-0.0909090909090909,0.5127563967996659,-0.636846153348868,0.19253991344041452,0.09816281587900065,11.424937,0.5612549652534441
33,repaired,-46.88554547985051,63,4.6254441701465385,55,24.754010105799427,5.351704440746757,6.927808592299531,1,6.927808592299531,False,5.270344944136841,1,5.270344944136841,False,2.943823713526667,1,2.943823713526667,False,6.966425,0.44444444444444453,1.5931050834893747,-0.568868620941787,0.1722330130163856,0.13037308421069335,11.982251,0.8328429174799641
33,repaired,-44.88554547985051,63,4.372650170117451,50,24.212649394277932,5.537293964137902,6.623041753549432,1,6.623041753549432,False,5.507739721807811,1,5.507739721807811,False,3.8302464280333552,2,3.991296594459084,False,6.687767999999999,0.33333333333333326,0.7603728510415015,-0.40912803119331964,0.1280835578286246,0.03226815097093571,15.604792,0.7702247869304206
33,repaired,-42.88554547985051,63,4.701491282136622,51,26.130140201976065,5.557840828346928,7.348208891767071,1,7.348208891767071,False,5.383464395611549,1,5.383464395611549,False,3.2480941929147047,1,3.2480941929147047,False,7.523739,0.0,0.5932741642667761,-0.8545792247470134,0.2115191527159266,0.041230592140312015,13.375536,0.7487887953402202
33,repaired,-40.88554547985051,63,4.870095725915706,55,26.74201336089463,5.49106524099512,7.764507611076884,1,7.764507611076884,False,5.256881794111884,1,5.256881794111884,False,3.1711221738642,1,3.1711221738642,False,7.802395999999999,0.2941176470588235,1.2742942541516593,-0.609887894411129,0.3321305541873073,0.0806730794936282,15.047478,0.7747254694509467
33,repaired,-38.88554547985051,63,4.245727301141784,51,27.112787111969975,6.385899326289434,8.503122149538061,2,9.255988086127285,False,5.8874259859410945,1,5.8874259859410945,False,4.038004422412726,1,4.038004422412726,False,8.638366999999999,0.09999999999999998,0.7106245044194357,-0.5584309540961131,0.1808555550399954,0.05926216064227242,13.654193,0.5407132758305343
33,repaired,-36.88554547985051,63,4.1970053739466175,53,24.42785800454641,5.820306582446876,8.030151224606062,1,8.030151224606062,False,5.71550962674322,1,5.71550962674322,False,4.019261482451401,1,4.019261482451401,False,8.081052999999999,0.30000000000000004,0.9905065432064295,-0.45793876362665303,0.12314911072943543,0.04703999007607577,12.539565,0.6250615601270834
33,repaired,-34.88554547985051,63,3.8973564752099152,56,19.32927393759673,4.959585827097235,6.7475615663757935,1,6.7475615663757935,False,4.124019719608892,1,4.124019719608892,False,2.598319492134971,1,2.598319492134971,False,6.687767999999999,0.2857142857142857,0.9776891144346896,-0.7224001478310748,0.328346816396675,0.046404356008787895,11.14628,1.037062991094414
33,repaired,-32.88554547985051,63,3.8699568644600775,61,19.294906486865944,4.9858195227087885,6.5639940729660635,1,6.5639940729660635,False,4.602736672802764,1,4.602736672802764,False,3.235828314171111,1,3.235828314171111,False,6.409111,0.3333333333333334,0.7958954231542821,-0.5754206618490771,0.008550084206969299,0.03686768889028936,14.211507000000001,1.025538363518204
33,repaired,-30.885545479850506,63,4.325060637345847,54,24.071602023783193,5.56561029825357,7.584571733222308,1,7.584571733222308,False,5.162003239534921,1,5.162003239534921,False,3.573840796633112,1,3.573840796633112,False,7.802396,0.0588235294117647,0.5905183180675974,-0.7232263479280208,0.017376501744842544,0.23177751647087338,14.211507,0.7794533844061886
33,repaired,-28.885545479850506,63,4.220971436553451,55,23.015515872812863,5.452658521566713,8.091035597265954,1,8.091035597265954,False,5.354061579416474,1,5.354061579416474,False,2.627185097577261,1,2.627185097577261,False,8.081052999999999,0.0,0.5941424316075108,-0.697614719751268,0.18502807359031323,0.0,,0.649619523236388
33,repaired,-26.885545479850506,63,4.499822608252126,53,23.698036275424013,5.266437888454693,7.049445910182418,1,7.049445910182418,False,4.715598368397963,1,4.715598368397963,False,3.1345986943008946,1,3.1345986943008946,False,7.245082,-0.12499999999999997,0.6207255047605245,-1.1101789020793713,0.15720292886547454,0.053671870021624046,15.604792,0.891428813199952
33,repaired,-24.885545479850506,63,4.957877693908508,56,26.687705497112248,5.382889039377085,6.6693412365845095,2,7.344316019252785,False,5.04430725067227,1,5.04430725067227,False,3.702988050695236,1,3.702988050695236,False,6.966425,-0.411764705882353,0.3628760935104789,-1.7838711414295256,0.17196421365383688,0.31586330102407306,8.081053,0.8257291053999456
33,repaired,-22.885545479850506,63,4.701413773470656,54,25.750588943017934,5.4772011534752565,7.380131843710235,1,7.380131843710235,False,5.268541286231324,1,5.268541286231324,False,3.471692415759019,1,3.471692415759019,False,7.523738999999999,0.44444444444444436,1.6061996737957391,-0.489279612030625,0.12975254377299336,0.06256912654657787,16.440763,0.7643588083996734
33,repaired,-20.885545479850506,63,4.3997774299889185,51,23.120964734603028,5.255030533365244,6.907856208728424,1,6.907856208728424,False,4.938773528204376,1,4.938773528204376,False,2.969415531985078,1,2.969415531985078,False,6.966425,0.2941176470588235,1.256352256208655,-0.6710058989856147,0.08982575653459277,0.324072773410805,11.703593999999999,0.8583814105505229
33,repaired,-18.885545479850506,63,4.308832332178272,56,22.421665713514376,5.203652401619305,7.019592787317924,1,7.019592787317924,False,4.878289446111415,1,4.878289446111415,False,2.946185592689311,1,2.946185592689311,False,6.966425,-0.12499999999999997,0.6818418725410602,-0.9372313944526831,0.05887466109982742,0.0,,0.8911443667845237
33,repaired,-16.885545479850506,63,3.834882644051408,48,14.94093637792263,3.8960609136497846,6.025747943444625,1,6.025747943444625,False,2.771792619041501,1,2.771792619041501,False,1.6462611464626993,1,1.6462611464626993,False,5.8517969999999995,-0.11111111111111109,1.2857751161680904,-1.3243414429817688,0.11657644347914459,0.12531746572532773,10.588966,1.3639759968826928
33,repaired,-14.885545479850506,63,2.4930675767178103,59,10.926535413517124,4.38276744503741,6.635725065812188,1,6.635725065812188,False,2.5592749124751717,1,2.5592749124751717,False,1.2923904614446997,1,1.2923904614446997,False,3.0652269999999997,0.25000000000000017,1.1881789610068814,-0.8173109051260818,0.09941435411035178,0.0881636043432756,12.539565,1.35969813096352
33,repaired,-12.885545479850506,63,3.7607402590545718,55,18.17518835184606,4.8328752053765065,6.815049698665021,1,6.815049698665021,False,4.146591644799468,1,4.146591644799468,False,2.2275975213514023,1,2.2275975213514023,False,6.687767999999999,0.28571428571428564,1.3100104079577441,-0.7765916196872313,0.07182389904164897,0.2288016865374151,11.14628,1.0576459789352533
33,repaired,-10.885545479850506,63,4.348609882928718,52,20.898633618256298,4.8058193723695,6.564422667691531,1,6.564422667691531,False,4.625889553478487,1,4.625889553478487,False,2.4000018382970945,1,2.4000018382970945,False,6.687767999999999,0.12499999999999997,1.1615911348455343,-0.8022974206547951,0.12931090987922747,0.17059868075348714,13.096879,0.9787187991634935
33,repaired,-8.885545479850506,63,4.17114749935993,55,23.54594725366374,5.644956755251861,6.870033428177955,1,6.870033428177955,False,5.496907405883912,1,5.496907405883912,False,3.970529235900867,1,3.970529235900867,False,6.966425,0.4736842105263159,1.1507860916446915,-0.4318881733200458,0.05887472918519036,0.5166157946757566,10.867622999999998,0.7427885400581322
33,repaired,-6.8855454798505065,63,4.253005538603694,47,20.953123192793946,4.926662569001279,6.550492299168464,1,6.550492299168464,False,4.877176107182353,1,4.877176107182353,False,2.998494836260466,1,2.998494836260466,False,6.687767999999999,-0.0588235294117647,0.8500451563584462,-0.8903782710786978,0.04544798079511279,0.7300372097132719,12.818222,0.8589037182720837
33,repaired,-4.8855454798505065,63,4.141638833559648,52,20.861212899551436,5.036946420946531,6.520452928620573,1,6.520452928620573,False,5.1107420813120985,1,5.1107420813120985,False,3.3728367410227826,1,3.3728367410227826,False,6.687767999999999,0.22222222222222218,0.9842219219779244,-0.6021531729798093,0.12395132525029072,0.12895728696011655,8.35971,0.8630990363146424
33,repaired,-2.8855454798505065,63,4.084875870395837,47,22.602934934631215,5.5333223460816985,7.2238507485611265,1,7.2238507485611265,False,5.509721858609565,1,5.509721858609565,False,3.7077153174284194,1,3.7077153174284194,False,7.245082,0.05263157894736841,0.6590441339744686,-0.639639523280449,0.08751517595060848,0.2738001648536159,10.031652,0.7147646683856218
33,repaired,-0.8855454798505065,63,4.241038477688313,59,21.592582603894574,5.091343244700804,6.323837498230348,1,6.323837498230348,False,4.927373005832674,1,4.927373005832674,False,2.915886806197286,1,2.915886806197286,False,6.409110999999999,-0.0588235294117647,0.6767049508816017,-0.8885674486751053,0.11550211534347113,0.14445747532882147,13.375536,0.9362547637564904
34,raw,-71.82559118519949,60,4.6874338767175345,55,28.377546519762838,6.053961989888326,9.212684699899885,1,9.212684699899885,False,5.359128526901497,1,5.359128526901497,False,2.5850345445054757,1,2.5850345445054757,False,9.474338,0.11111111111111109,0.9384634390845199,-0.7444025192919104,0.0007282097465647792,0.15982547025472493,16.162106,0.53679428335284
34,raw,-69.82559118519949,60,4.546983149950127,52,26.705618098735613,5.873260845276836,8.23022418192981,1,8.23022418192981,False,6.091980760912502,1,6.091980760912502,False,2.8080190617146012,1,2.8080190617146012,False,8.359709999999998,0.09999999999999998,0.8094844804356442,-0.6073148956757944,0.3355319139274861,0.0,,0.49002562762468843
34,raw,-67.82559118519949,60,4.795707592915726,52,27.515904225818332,5.737610914073482,8.37606039083806,1,8.37606039083806,False,5.996917573780603,1,5.996917573780603,False,2.640081981722994,1,2.640081981722994,False,8.638366999999999,0.23809523809523805,1.0360186628223607,-0.634173188496524,0.14101955599825317,0.13102018409034916,13.932849999999998,0.5285362128289759
34,raw,-65.82559118519949,60,6.425447736496533,50,33.37145794868857,5.19363931001084,7.891042350868734,1,7.891042350868734,False,5.271525865650009,1,5.271525865650009,False,2.0942520222206378,1,2.0942520222206378,False,8.638366999999999,0.0,1.2869476606596502,-1.056538926664587,0.08804567772849535,0.0,,0.6641959836630362
34,raw,-63.825591185199485,60,4.981164527696084,52,27.33080787033105,5.486830984675836,7.700185151530965,1,7.700185151530965,False,5.055151608839521,1,5.055151608839521,False,2.9380886172954317,1,2.9380886172954317,False,7.802396,-0.0588235294117647,0.9734611351919105,-1.0099448053008022,0.3270157055254377,0.0,,0.7106253267151493
34,raw,-61.825591185199485,60,4.137529231213926,54,24.103166772384593,5.825497640124918,7.26144755632779,1,7.26144755632779,False,5.470148071281599,1,5.470148071281599,False,3.259021091197746,1,3.259021091197746,False,7.245081999999999,0.05263157894736841,0.7914515056962076,-0.7328806408719859,0.0,0.3636807774571081,,0.7065704119451048
34,raw,-59.825591185199485,60,5.300786763581533,49,25.59931785401368,4.829343075992219,6.542182182474951,1,6.542182182474951,False,4.509634782722724,1,4.509634782722724,False,2.4984990610082276,1,2.4984990610082276,False,6.687767999999999,-0.06666666666666665,0.9952212259697212,-1.286615668024464,0.01212576964843213,0.6287441011611415,13.654193,0.8554571735743625
34,raw,-57.825591185199485,60,5.905817592494292,54,32.08209335444891,5.432286529679153,7.133302520156461,1,7.133302520156461,False,5.005190900852744,1,5.005190900852744,False,3.299867034677442,1,3.299867034677442,False,7.802396,-0.2941176470588235,0.8754000699473726,-1.4729751430601397,0.5120406742830198,0.14394223012226073,11.14628,0.7913219711334425
34,raw,-55.825591185199485,60,6.461524168796495,57,34.53502571675239,5.34471818329278,8.007864865855339,1,8.007864865855339,False,5.108461473600197,1,5.108461473600197,False,2.3983314915755902,1,2.3983314915755902,False,8.917023999999998,-0.17647058823529407,0.8911492881431547,-1.5925465494199915,0.09031927638528847,0.014452145166864352,15.326135,0.6903006707247172
34,raw,-53.825591185199485,60,3.210783998207313,59,21.723281385881727,6.765724943817633,8.759391450316354,2,9.391191714484581,False,3.8326691614031856,2,7.253886276809611,False,2.2628107726490816,1,2.2628107726490816,False,8.638366999999999,0.0,0.4876177551011409,-0.8131622229198922,0.0,0.09664578747855164,,0.31914400305054796
34,raw,-51.825591185199485,61,3.4661275408527183,56,18.838728357288073,5.435093814422498,5.793400103729475,2,8.642973440811902,False,3.783745402094256,2,4.032394553090229,False,2.2193518914450117,1,2.2193518914450117,False,5.57314,-0.07692307692307704,0.8239899001077045,-0.9011708087853187,0.3812313523109071,0.0,,0.7494916190963996
34,raw,-49.825591185199485,61,3.5025692944338385,61,23.234542500240458,6.633571115113693,9.809168264975341,3,9.935905107688603,False,4.539173003270303,2,5.907722923605652,False,1.9023032532608142,1,1.9023032532608142,False,9.752994999999999,-0.25000000000000006,0.679540038411095,-1.0851624078429152,0.0,0.0,,0.49201258781690116
34,raw,-47.825591185199485,61,3.0671707834197868,61,21.097747258816348,6.8785694532774295,8.30814313357008,3,10.66540279762444,False,6.122500181070457,1,6.122500181070457,False,3.2240170589118327,1,3.2240170589118327,False,7.245081999999999,-0.4285714285714286,0.3601004125919645,-0.7559182912901182,0.0,0.0,,0.6552537013900634
34,raw,-45.825591185199485,61,4.069370682318437,61,27.267809094559745,6.700743486711438,8.490617720136498,2,10.232271496800532,False,6.096263510173285,1,6.096263510173285,False,3.7433070760736378,1,3.7433070760736378,False,8.638366999999999,0.14285714285714285,0.9102306142513262,-0.3482010842159717,0.0,0.0,,0.4947001571768531
34,raw,-43.825591185199485,61,4.1973878867525425,58,29.43424816282352,7.012515630428515,9.136806102413374,1,9.136806102413374,False,6.641212204111435,1,6.641212204111435,False,4.741316954222564,1,4.741316954222564,False,9.752994999999999,0.30434782608695654,0.8213204367321214,-0.2626846703744144,0.15076157043787766,0.0,,0.35502301437755596
34,raw,-41.825591185199485,61,4.08133021713735,52,30.096090457494284,7.374088558461147,9.203905274214147,1,9.203905274214147,False,7.458422573820187,1,7.458422573820187,False,5.544495308665235,1,5.544495308665235,False,9.195680999999999,0.2799999999999999,0.6663456937392623,-0.21871609528927738,0.13760627454186053,0.05011738701967025,13.654193,0.20072019565041652
34,raw,-39.825591185199485,61,4.625211825232876,58,33.18281030395031,7.174333102523273,9.279309532551245,3,10.284196958267362,False,6.96806981783066,1,6.96806981783066,False,3.6372976064633713,1,3.6372976064633713,False,9.474338,-0.24999999999999994,0.5359380232150066,-0.8531590986095918,0.02428943093035687,0.0,,0.37585697960974196
34,raw,-37.825591185199485,61,5.225260528464749,50,32.200071000875745,6.162385746215903,8.672932297082161,1,8.672932297082161,False,5.765461346668001,1,5.765461346668001,False,3.3204938853718593,1,3.3204938853718593,False,9.195680999999999,-0.19999999999999996,0.8220820630024661,-1.1127371135789244,0.1794462772143784,0.0,,0.5775228545544748
34,raw,-35.825591185199485,61,5.827191490594148,46,33.235671403670906,5.703548863516437,8.643949577688897,1,8.643949577688897,False,5.702442471160125,1,5.702442471160125,False,2.2566404042482002,1,2.2566404042482002,False,9.195680999999999,0.05263157894736841,0.9553262681251455,-0.9627169808080794,0.12660270535164264,1.4046544789261761,14.211507,0.36586341532734185
34,raw,-33.825591185199485,61,5.894227121485783,47,31.585587230934784,5.35873263447861,8.396838510511532,1,8.396838510511532,False,5.2205171519052165,1,5.2205171519052165,False,2.393387621675445,1,2.393387621675445,False,8.917023999999998,0.11111111111111109,1.4055860607936936,-0.917975569688212,0.15237376821203405,1.4922794578030674,13.932849999999998,0.5262856584742408
34,raw,-31.825591185199485,61,5.903356788441278,47,35.45201109249186,6.005398684678282,8.909312814330388,1,8.909312814330388,False,6.184956653559636,1,6.184956653559636,False,3.336840857737747,1,3.336840857737747,False,9.195680999999999,-0.42857142857142866,0.7454083669900873,-1.8859226875072732,0.26235510772994947,0.9360421665318388,14.490164,0.48027719890352916
34,raw,-29.825591185199485,61,6.607238302805109,52,37.26975953986806,5.640746985627135,8.66370751097799,1,8.66370751097799,False,5.656500794484092,1,5.656500794484092,False,2.650358737822597,1,2.650358737822597,False,9.195680999999999,-0.36842105263157904,0.9499986126554729,-1.8749923984898338,0.2770456495580914,0.07174973090652734,16.71942,0.6167634544640543
34,raw,-27.825591185199485,61,7.700866576176599,60,41.919856825827424,5.443524622996416,8.679390263403338,1,8.679390263403338,False,5.077717485357339,1,5.077717485357339,False,2.069921663180792,1,2.069921663180792,False,9.752994999999999,-0.3333333333333334,1.2748690771205013,-2.415454076035689,0.0,0.03813994896427353,,0.7164242157399977
34,raw,-25.825591185199485,62,6.586472865221433,52,35.26318564146559,5.353880045215986,7.837587414928423,1,7.837587414928423,False,5.7482493374451415,1,5.7482493374451415,False,2.355830394841352,1,2.355830394841352,False,8.359709999999998,-0.05263157894736841,1.1820719809286984,-1.13760277150588,0.2013221224027283,0.0,,0.6684116199765947
34,raw,-23.825591185199485,62,4.250602826193372,50,24.471155493378625,5.7571023438324325,8.219568098281618,1,8.219568098281618,False,6.169788371810922,1,6.169788371810922,False,2.722245666390549,1,2.722245666390549,False,8.359709999999998,0.04761904761904761,0.5935591645161636,-0.6877608873434948,0.16073829052051888,0.2920036576181118,11.982251,0.5104864332819967
34,raw,-21.825591185199485,62,2.4527093552820265,47,11.4160796540264,4.65447715174296,6.944834452698726,1,6.944834452698726,False,4.234583096839521,1,4.234583096839521,False,2.082288897570856,1,2.082288897570856,False,6.130454,-0.14285714285714274,0.534076882019607,-0.6499848305187296,0.19911444090613334,0.19320436725983708,13.932849999999998,0.9279114802873922
34,raw,-19.825591185199485,62,2.342293433187485,49,9.502594799299986,4.056961721644107,4.756045695181397,2,5.571746196839833,False,3.6874372016580965,1,3.6874372016580965,False,2.213848040044274,1,2.213848040044274,False,4.458512,-0.3333333333333334,0.3608077783867074,-0.9060885781705296,0.20431310509986875,0.5113965592927529,11.424937,1.1618764263045125
34,raw,-17.825591185199485,62,3.300263790119049,56,18.85691753539956,5.7137606975105895,8.328477004901657,1,8.328477004901657,False,6.164617897303346,1,6.164617897303346,False,2.0539400075327476,1,2.0539400075327476,False,7.523739,-0.23809523809523805,0.3833836530901483,-0.7480484904094157,0.12987005378335942,0.19360560015607914,13.096879000000001,0.5971008770012652
34,raw,-15.825591185199485,62,6.362727276443823,55,30.618969183366055,4.8122397602556415,7.456375874253979,1,7.456375874253979,False,4.329017851722875,1,4.329017851722875,False,1.3197488057512554,1,1.3197488057512554,False,8.081052999999999,-0.6000000000000001,0.9109513622673694,-3.7203955548894103,0.07671610912903862,0.23510662882389582,13.654193,0.8989653830607712
34,raw,-13.825591185199485,62,4.615569917317317,49,27.085847115133625,5.868364600763449,7.973510468384419,1,7.973510468384419,False,5.730455467206692,1,5.730455467206692,False,3.7935137274447968,1,3.7935137274447968,False,8.359709999999998,-0.30000000000000004,0.5419306003682878,-1.0868483486405325,0.19209885647108715,0.16505021398138903,13.375536,0.5959988712577068
34,raw,-11.825591185199485,62,4.706304564319442,56,29.188574352795765,6.2020156056382625,8.17826398396108,1,8.17826398396108,False,6.16592848806351,1,6.16592848806351,False,4.090657946585461,1,4.090657946585461,False,8.359709999999998,-0.42857142857142866,0.46367549365867455,-1.3326743114746342,0.08765934297907539,0.03693745765451737,13.375536,0.5496533390177001
34,raw,-9.825591185199485,62,6.809236868305425,60,36.376739017619606,5.342263710481329,7.934716373248085,1,7.934716373248085,False,5.032842614691244,1,5.032842614691244,False,2.183866043963893,1,2.183866043963893,False,8.917023999999998,-0.2941176470588236,0.9196555480792872,-1.8595604552013405,0.05547589058650868,0.0,,0.7750210954905553
34,raw,-7.825591185199485,62,7.6123876329832445,55,40.32704144710542,5.297554905424794,8.343559913207349,1,8.343559913207349,False,4.5634469865004705,1,4.5634469865004705,False,2.163918097357649,1,2.163918097357649,False,9.474338,-0.3333333333333333,1.3937594165014457,-2.389150909878978,0.24906755160066707,0.11094307970943723,12.539565,0.8541639345822717
34,raw,-5.825591185199485,62,4.148001787691633,51,24.7035960138574,5.955541313207817,8.498254219373282,1,8.498254219373282,False,5.179216507260909,1,5.179216507260909,False,3.326708207342114,1,3.326708207342114,False,8.638366999999999,-0.2941176470588236,0.5458580719382505,-1.1232900135694088,0.04039355219119219,0.2844598260780658,13.654193,0.7166095320236994
34,raw,-3.8255911851994853,62,4.4703177598614685,55,25.091985170590178,5.6130204872433405,7.65272351197814,2,7.659528587606496,False,5.764319367952956,1,5.764319367952956,False,1.611286450879212,1,1.611286450879212,False,7.802395999999999,-0.5999999999999999,0.3363009893691818,-2.0648048133337142,0.18363551745759554,0.047230490366921125,12.818221999999999,0.5998160236614984
34,raw,-1.8255911851994853,62,4.347578270464255,55,29.939341493063587,6.8864410553479285,9.251248869172084,2,9.264588704384128,False,6.981928943766512,1,6.981928943766512,False,3.5992298971444217,2,4.145713106571437,False,9.474338,-0.5,0.26775873623487917,-1.0301982537615209,0.13875051665076737,0.18683616778190323,15.326135,0.28421311229095875
34,raw,0.17440881480051473,62,5.233529580181711,48,33.1283536193172,6.330021281386732,8.747801618914487,1,8.747801618914487,False,6.536076392239007,1,6.536076392239007,False,3.1003397683683014,1,3.1003397683683014,False,9.195680999999999,-0.3043478260869566,0.5686618453903671,-1.1119135181272382,0.15908363208891185,0.282165917709894,12.260908,0.40355575243263025
34,raw,2.1744088148005147,63,6.234624607276786,45,30.9202565348389,4.959441583499687,7.371092081397,1,7.371092081397,False,4.717268220655353,1,4.717268220655353,False,2.8248766689041194,1,2.8248766689041194,False,8.359709999999998,-0.37500000000000006,0.8650354297699787,-2.0664772505033726,0.1996369652502563,0.24740942254753584,14.768820999999999,0.88441299336049
34,raw,4.174408814800515,63,6.203032683397478,42,26.256082325394715,4.232781554685269,7.112144884349906,1,7.112144884349906,False,3.3781865844685735,1,3.3781865844685735,False,1.6788298399351744,1,1.6788298399351744,False,8.081052999999999,0.2727272727272727,2.722841953823201,-1.416758671562909,0.19916809350373244,0.34058359593135534,11.703593999999999,1.0964880035493418
34,raw,6.174408814800515,63,4.695085180327052,40,21.43960561716713,4.5663933227455695,7.035410221422684,1,7.035410221422684,False,3.6140649058422287,2,4.812734239163608,False,1.7998453004521844,1,1.7998453004521844,False,7.523738999999999,0.0,1.4137702080090413,-1.302647946176675,0.21211444264827517,0.4437965789587273,12.539565,0.8919005422658183
34,raw,8.174408814800515,63,5.1736818642685805,44,24.77313467624723,4.788298802703728,6.981555857171372,1,6.981555857171372,False,5.254340625192231,1,5.254340625192231,False,1.7049749874792304,2,1.893820327055119,False,7.523739,-0.44444444444444453,0.7104311441731147,-1.675327580119933,0.3094783206477325,0.3175742855591676,15.883448999999999,0.826126913574705
34,raw,10.174408814800515,63,6.910857046194969,45,31.047717361153406,4.492600144036823,6.6091519685197735,1,6.6091519685197735,False,4.0511076026015145,1,4.0511076026015145,False,1.8463696591882273,1,1.8463696591882273,False,7.523738999999999,-5.691703033915e-17,1.6159715079044001,-1.7498021124718397,0.31114473129856957,0.3010953208848285,10.588966,1.0092494926274536
34,raw,12.174408814800515,63,6.197388952009767,41,27.219268939009517,4.392054323165001,5.9629935868330906,1,5.9629935868330906,False,4.681303588382961,1,4.681303588382961,False,2.2693297480224817,1,2.2693297480224817,False,6.687767999999999,-0.6250000000000001,0.8136365219953731,-3.6676493966545163,0.6766361402861198,0.6905527854044565,13.654193,0.9714772890191945
34,raw,14.174408814800515,63,4.6468559485913055,54,21.553959194308607,4.638396247433211,7.066090565915123,1,7.066090565915123,False,3.7844970756373337,1,3.7844970756373337,False,2.3000122790354194,1,2.3000122790354194,False,7.245081999999999,-0.07692307692307697,1.175443956891489,-1.225014892420981,0.41754186000666693,0.0,,1.0714217284231533
34,raw,16.174408814800515,63,5.812229618090765,58,29.490639695321487,5.073894466166797,7.558638732245656,1,7.558638732245656,False,4.567466818494778,1,4.567466818494778,False,2.21720332790586,1,2.21720332790586,False,7.802396,0.24999999999999994,1.8007107457037679,-1.0652796012716903,0.0,0.11127896607410538,,0.8727030944999173
34,raw,18.174408814800515,63,6.164114539590708,57,33.28982745316938,5.400585475716971,7.492573108054694,1,7.492573108054694,False,5.398942415181963,1,5.398942415181963,False,2.9148206425304855,1,2.9148206425304855,False,7.802396,0.11111111111111109,1.4542449124388148,-0.8644443537548252,0.1734064673045355,0.14862584625034725,12.260908,0.7735882161056117
34,raw,20.174408814800515,63,6.004752972457368,44,31.985516915299105,5.326699876249771,7.7442397610862415,1,7.7442397610862415,False,5.404463631491932,1,5.404463631491932,False,2.751739408719022,1,2.751739408719022,False,8.359709999999998,0.11111111111111109,1.1868124721074074,-0.9181803418799613,0.5167258505690716,0.21449873890677734,13.096879,0.6991129394582359
34,raw,22.174408814800515,63,5.4248995138390175,45,30.868721648360122,5.6901923380540875,7.91273681422769,1,7.91273681422769,False,5.50111595006533,1,5.50111595006533,False,3.15016876557685,1,3.15016876557685,False,8.359709999999998,0.05263157894736841,0.9959252310326469,-0.8782314202333709,0.7039910780869264,0.21367469315249837,14.768820999999999,0.6007527714653634
34,raw,24.174408814800515,63,6.433439426946154,51,33.079653730070646,5.141830292443276,8.004145484771263,1,8.004145484771263,False,4.724015006204237,1,4.724015006204237,False,2.6830335515505066,1,2.6830335515505066,False,8.638366999999999,0.0,1.3523352013364762,-1.339045328540784,0.611493089755846,0.10622928039733355,14.211507,0.8008286131583545
34,raw,26.174408814800515,63,5.326259331070301,42,29.842770117251007,5.6029510135125475,8.554573965196846,1,8.554573965196846,False,5.367364465042977,1,5.367364465042977,False,2.7099068680402745,1,2.7099068680402745,False,8.917023999999998,0.11111111111111109,1.2276436773110821,-0.9638970872871957,0.16958180366126044,0.6816740307442257,14.490164,0.5957054352718387
34,raw,28.174408814800515,63,5.075555220112413,44,28.71610479131175,5.65772679952751,8.544534261646218,1,8.544534261646218,False,5.698039818983198,1,5.698039818983198,False,2.796132893713386,1,2.796132893713386,False,8.638366999999999,0.0,0.9261692725996492,-0.8605091381230882,0.0856462885415583,1.9222180135268363,13.932849999999998,0.1729445802355194
34,raw,30.174408814800515,63,3.500029167073113,39,20.96248585642672,5.989231762304576,8.63533191646694,1,8.63533191646694,False,6.629858649351094,1,6.629858649351094,False,1.5203583057960697,3,2.5021305371057068,False,8.35971,-0.6521739130434783,0.13546056406903947,-1.366656085113116,0.22345672530168384,2.2421376068483276,13.932849999999998,-0.12914564424955388
34,raw,32.174408814800515,63,3.5202477951035913,40,17.68367223660598,5.0234168916184485,8.12453327534122,1,8.12453327534122,False,4.683685815428792,1,4.683685815428792,False,2.199583837255328,1,2.199583837255328,False,8.081052999999999,-0.75,0.40448240019505216,-2.4311718428936016,0.2654158823958675,1.6095384876504264,13.932849999999998,0.26901890731716716
34,raw,34.174408814800515,63,3.947475307472806,45,23.500496876694108,5.9532980059954435,8.486757167829145,1,8.486757167829145,False,6.2228131392137795,1,6.2228131392137795,False,2.387707936508137,3,3.038670709772551,False,8.359709999999998,-0.5238095238095238,0.33967772741168784,-1.2536475879846956,0.28926098757049573,0.5894118282560876,14.490164,0.39620496379566034
34,raw,36.174408814800515,63,4.707714631349397,52,30.280718387768417,6.432148241553226,8.501956988914474,2,8.660170752246334,False,6.367234603024219,1,6.367234603024219,False,4.429769351663498,1,4.429769351663498,False,9.195680999999999,-0.7142857142857143,0.26575834836283735,-2.097217294490305,0.11200866902087361,0.23140209943134096,12.260908,0.4458925404983024
34,raw,38.174408814800515,63,6.1694892440844615,53,32.18851422968506,5.217370993968199,7.687295205563694,1,7.687295205563694,False,5.037897360287351,1,5.037897360287351,False,2.7067814254259135,1,2.7067814254259135,False,8.081052999999999,-0.0588235294117647,1.1991295439829455,-1.1922469198648828,0.22572734801926134,0.2675547340459358,15.883448999999999,0.8087777838315835
34,raw,40.174408814800515,63,5.823469433807699,53,32.659485111511735,5.608252173851834,7.891023288447808,1,7.891023288447808,False,5.725130525063637,1,5.725130525063637,False,2.7267438101860035,1,2.7267438101860035,False,8.359709999999998,0.0,0.92615975425921,-1.0014452444546902,0.18136244865939405,0.0,,0.7070547957915689
34,raw,42.174408814800515,63,4.548112003171572,53,30.88759677097475,6.79130081876516,8.944972339014516,1,8.944972339014516,False,6.784258811981058,1,6.784258811981058,False,4.1597031058954475,2,4.933635174472872,False,9.195680999999999,-0.4782608695652174,0.3033208823188661,-1.0691937977553199,0.07087016701850268,0.04895087104183931,13.096879,0.37424065739698514
34,raw,44.174408814800515,63,5.623076034778015,56,33.886494707518295,6.026326960178842,8.937026569092758,1,8.937026569092758,False,5.652842206628762,1,5.652842206628762,False,3.2773886968466233,1,3.2773886968466233,False,9.474338,-0.36842105263157904,0.7063377467958122,-1.33966536571764,0.1550045946225677,0.0,,0.5698913864562244
34,raw,46.174408814800515,63,7.083513601532146,51,39.025948022251086,5.509405390823259,7.952648834159353,1,7.952648834159353,False,5.536226855077533,1,5.536226855077533,False,3.0027124031038155,1,3.0027124031038155,False,8.638366999999999,-0.26315789473684204,0.8731466425067981,-1.3386813231401058,0.23682223458261376,0.20233868748069586,13.932849999999998,0.6610986859651111
34,raw,48.174408814800515,63,6.2360535687557395,54,34.424259971610724,5.520199528766923,8.226021313749293,1,8.226021313749293,False,5.105300351058718,1,5.105300351058718,False,2.8009722212820582,1,2.8009722212820582,False,8.917023999999998,0.2941176470588235,1.8385650027470437,-0.9342734282881956,0.11730889671749646,0.17613034741899336,15.883448999999999,0.721876189060916
34,raw,50.174408814800515,63,6.851856525089213,43,35.13393184573091,5.127651420761976,8.244314903451945,1,8.244314903451945,False,4.7505086179868306,1,4.7505086179868306,False,2.0408519933104485,1,2.0408519933104485,False,8.638366999999999,0.12499999999999997,1.806560873867604,-1.284523423918482,0.13011457670955648,0.1861019373072344,12.539565,0.733026706570537
34,raw,52.174408814800515,63,4.69763402409924,59,28.998918450872075,6.17309017733295,9.031375658047793,1,9.031375658047793,False,6.132919636865106,1,6.132919636865106,False,3.014095829129917,1,3.014095829129917,False,9.474338,-0.04761904761904761,0.6660597684674172,-0.7791104140610708,0.22981482675635367,0.11929400198328755,15.047478,0.5434317120811185
34,raw,54.174408814800515,63,6.448246670703819,58,36.236993719722605,5.619666177529679,7.946973162284888,1,7.946973162284888,False,5.500940381773129,1,5.500940381773129,False,2.865023439630024,1,2.865023439630024,False,8.917023999999998,-0.2631578947368422,0.9371487821710843,-1.4888991899331319,0.14201596839969782,0.01648172606076652,15.326134999999999,0.7493835764312224
34,raw,56.174408814800515,63,7.955485179864864,48,39.82142050711548,5.005530097385199,7.1288603083013555,1,7.1288603083013555,False,5.179427076031272,1,5.179427076031272,False,2.444072929083042,1,2.444072929083042,False,8.081052999999999,-0.5555555555555556,0.95653816601547,-3.043617304993613,0.19715209505868445,0.45010890590616776,13.096879,0.8031444395938476
34,raw,58.174408814800515,62,6.487608165209451,48,36.679532495185846,5.653783576493426,7.775924879685217,1,7.775924879685217,False,4.921230272802314,1,4.921230272802314,False,3.492538038360278,1,3.492538038360278,False,9.474338,-0.2941176470588236,0.8585612007298229,-1.673466605379236,0.21396241980294395,0.3886974773477717,15.604792,0.7439693123949546
34,raw,60.174408814800515,62,7.863335546377161,46,44.12780169974461,5.611842638468533,8.372654941104615,1,8.372654941104615,False,5.55024337868571,1,5.55024337868571,False,3.1350506583463074,1,3.1350506583463074,False,9.195680999999999,-0.4736842105263159,1.0634597579028322,-2.6457338216762243,0.2882100806222891,0.595810103187251,13.096879,0.6682535354158483
34,raw,62.174408814800515,62,4.986946017598761,41,29.374697903325718,5.890318002172756,7.852726559372993,1,7.852726559372993,False,5.977069030345691,1,5.977069030345691,False,3.870188993564092,1,3.870188993564092,False,8.081052999999999,-0.04761904761904761,0.8470506548578747,-0.8649046617303908,0.3723847192340347,0.36665116164764333,15.047477999999998,0.5687457573313454
34,raw,64.17440881480051,62,3.680227866749079,37,17.309663059855996,4.703421550673287,7.21197263025533,1,7.21197263025533,False,4.58969328902082,1,4.58969328902082,False,1.9765615324785013,1,1.9765615324785013,False,7.245081999999999,0.2500000000000001,1.0985443091497205,-0.5803767978082985,0.26105197563839866,0.4359722165764659,15.326134999999999,0.725227931553474
34,raw,66.17440881480051,62,4.4318844660156085,34,20.12536325470111,4.541039688427255,6.628402216884325,1,6.628402216884325,False,4.279508731681429,1,4.279508731681429,False,2.309266019923019,1,2.309266019923019,False,7.245082,-0.14285714285714274,0.9398314932587423,-1.0856275708313812,0.24773877843895614,0.6651576319625838,14.768820999999999,0.8794181190572806
34,raw,68.17440881480051,62,4.270610074730505,30,19.705202844911756,4.614142359076237,6.377959441802318,1,6.377959441802318,False,4.728855441034222,1,4.728855441034222,False,2.8476985961689385,1,2.8476985961689385,False,6.409111,-9.960480309351251e-17,0.7337496896782738,-0.9468347760931347,0.2783340573855737,0.5730397988224931,14.768820999999999,0.8665322649140919
34,raw,70.17440881480051,62,3.938056341304053,38,18.772326740056734,4.766901515136891,6.8674295062594926,1,6.8674295062594926,False,4.750635236559406,1,4.750635236559406,False,2.590619745963617,1,2.590619745963617,False,6.687767999999999,0.25,0.8947003531552363,-0.7483429718889824,0.6563941114753861,0.3048802334636221,12.260908,0.8204711118367137
34,raw,72.17440881480051,62,4.404440359552398,39,18.76247975327777,4.259900968481841,6.33549439444791,1,6.33549439444791,False,4.236403240828986,1,4.236403240828986,False,1.953062022469573,1,1.953062022469573,False,6.409111,-0.14285714285714274,0.88091102239613,-1.172568756104213,0.30688736687460866,0.2449670878980621,13.93285,1.0092347350402784
34,repaired,-71.82559118519949,60,4.6874338767175345,55,28.377546519762838,6.053961989888326,9.212684699899885,1,9.212684699899885,False,5.359128526901497,1,5.359128526901497,False,2.5850345445054757,1,2.5850345445054757,False,9.474338,0.11111111111111109,0.9384634390845199,-0.7444025192919104,0.0007282097465647792,0.15982547025472493,16.162106,0.53679428335284
34,repaired,-69.82559118519949,60,4.546983149950127,52,26.705618098735613,5.873260845276836,8.23022418192981,1,8.23022418192981,False,6.091980760912502,1,6.091980760912502,False,2.8080190617146012,1,2.8080190617146012,False,8.359709999999998,0.09999999999999998,0.8094844804356442,-0.6073148956757944,0.3355319139274861,0.0,,0.49002562762468843
34,repaired,-67.82559118519949,60,4.795707592915726,52,27.515904225818332,5.737610914073482,8.37606039083806,1,8.37606039083806,False,5.996917573780603,1,5.996917573780603,False,2.640081981722994,1,2.640081981722994,False,8.638366999999999,0.23809523809523805,1.0360186628223607,-0.634173188496524,0.14101955599825317,0.13102018409034916,13.932849999999998,0.5285362128289759
34,repaired,-65.82559118519949,60,6.425447736496533,50,33.37145794868857,5.19363931001084,7.891042350868734,1,7.891042350868734,False,5.271525865650009,1,5.271525865650009,False,2.0942520222206378,1,2.0942520222206378,False,8.638366999999999,0.0,1.2869476606596502,-1.056538926664587,0.08804567772849535,0.0,,0.6641959836630362
34,repaired,-63.825591185199485,60,4.981164527696084,52,27.33080787033105,5.486830984675836,7.700185151530965,1,7.700185151530965,False,5.055151608839521,1,5.055151608839521,False,2.9380886172954317,1,2.9380886172954317,False,7.802396,-0.0588235294117647,0.9734611351919105,-1.0099448053008022,0.3270157055254377,0.0,,0.7106253267151493
34,repaired,-61.825591185199485,60,4.137529231213926,54,24.103166772384593,5.825497640124918,7.26144755632779,1,7.26144755632779,False,5.470148071281599,1,5.470148071281599,False,3.259021091197746,1,3.259021091197746,False,7.245081999999999,0.05263157894736841,0.7914515056962076,-0.7328806408719859,0.0,0.3636807774571081,,0.7065704119451048
34,repaired,-59.825591185199485,60,5.300786763581533,49,25.59931785401368,4.829343075992219,6.542182182474951,1,6.542182182474951,False,4.509634782722724,1,4.509634782722724,False,2.4984990610082276,1,2.4984990610082276,False,6.687767999999999,-0.06666666666666665,0.9952212259697212,-1.286615668024464,0.01212576964843213,0.6287441011611415,13.654193,0.8554571735743625
34,repaired,-57.825591185199485,60,5.905817592494292,54,32.08209335444891,5.432286529679153,7.133302520156461,1,7.133302520156461,False,5.005190900852744,1,5.005190900852744,False,3.299867034677442,1,3.299867034677442,False,7.802396,-0.2941176470588235,0.8754000699473726,-1.4729751430601397,0.5120406742830198,0.14394223012226073,11.14628,0.7913219711334425
34,repaired,-55.825591185199485,60,6.461524168796495,57,34.53502571675239,5.34471818329278,8.007864865855339,1,8.007864865855339,False,5.108461473600197,1,5.108461473600197,False,2.3983314915755902,1,2.3983314915755902,False,8.917023999999998,-0.17647058823529407,0.8911492881431547,-1.5925465494199915,0.09031927638528847,0.014452145166864352,15.326135,0.6903006707247172
34,repaired,-53.825591185199485,60,3.210783998207313,59,21.723281385881727,6.765724943817633,8.759391450316354,2,9.391191714484581,False,3.8326691614031856,2,7.253886276809611,False,2.2628107726490816,1,2.2628107726490816,False,8.638366999999999,0.0,0.4876177551011409,-0.8131622229198922,0.0,0.09664578747855164,,0.31914400305054796
34,repaired,-51.825591185199485,61,3.4661275408527183,56,18.838728357288073,5.435093814422498,5.793400103729475,2,8.642973440811902,False,3.783745402094256,2,4.032394553090229,False,2.2193518914450117,1,2.2193518914450117,False,5.57314,-0.07692307692307704,0.8239899001077045,-0.9011708087853187,0.3812313523109071,0.0,,0.7494916190963996
34,repaired,-49.825591185199485,61,3.5025692944338385,61,23.234542500240458,6.633571115113693,9.809168264975341,3,9.935905107688603,False,4.539173003270303,2,5.907722923605652,False,1.9023032532608142,1,1.9023032532608142,False,9.752994999999999,-0.25000000000000006,0.679540038411095,-1.0851624078429152,0.0,0.0,,0.49201258781690116
34,repaired,-47.825591185199485,61,3.0671707834197868,61,21.097747258816348,6.8785694532774295,8.30814313357008,3,10.66540279762444,False,6.122500181070457,1,6.122500181070457,False,3.2240170589118327,1,3.2240170589118327,False,7.245081999999999,-0.4285714285714286,0.3601004125919645,-0.7559182912901182,0.0,0.0,,0.6552537013900634
34,repaired,-45.825591185199485,61,4.069370682318437,61,27.267809094559745,6.700743486711438,8.490617720136498,2,10.232271496800532,False,6.096263510173285,1,6.096263510173285,False,3.7433070760736378,1,3.7433070760736378,False,8.638366999999999,0.14285714285714285,0.9102306142513262,-0.3482010842159717,0.0,0.0,,0.4947001571768531
34,repaired,-43.825591185199485,61,4.1973878867525425,58,29.43424816282352,7.012515630428515,9.136806102413374,1,9.136806102413374,False,6.641212204111435,1,6.641212204111435,False,4.741316954222564,1,4.741316954222564,False,9.752994999999999,0.30434782608695654,0.8213204367321214,-0.2626846703744144,0.15076157043787766,0.0,,0.35502301437755596
34,repaired,-41.825591185199485,61,4.08133021713735,52,30.096090457494284,7.374088558461147,9.203905274214147,1,9.203905274214147,False,7.458422573820187,1,7.458422573820187,False,5.544495308665235,1,5.544495308665235,False,9.195680999999999,0.2799999999999999,0.6663456937392623,-0.21871609528927738,0.13760627454186053,0.05011738701967025,13.654193,0.20072019565041652
34,repaired,-39.825591185199485,61,4.625211825232876,58,33.18281030395031,7.174333102523273,9.279309532551245,3,10.284196958267362,False,6.96806981783066,1,6.96806981783066,False,3.6372976064633713,1,3.6372976064633713,False,9.474338,-0.24999999999999994,0.5359380232150066,-0.8531590986095918,0.02428943093035687,0.0,,0.37585697960974196
34,repaired,-37.825591185199485,61,5.225260528464749,50,32.200071000875745,6.162385746215903,8.672932297082161,1,8.672932297082161,False,5.765461346668001,1,5.765461346668001,False,3.3204938853718593,1,3.3204938853718593,False,9.195680999999999,-0.19999999999999996,0.8220820630024661,-1.1127371135789244,0.1794462772143784,0.0,,0.5775228545544748
34,repaired,-35.825591185199485,61,5.827191490594148,46,33.235671403670906,5.703548863516437,8.643949577688897,1,8.643949577688897,False,5.702442471160125,1,5.702442471160125,False,2.2566404042482002,1,2.2566404042482002,False,9.195680999999999,0.05263157894736841,0.9553262681251455,-0.9627169808080794,0.12660270535164264,1.4046544789261761,14.211507,0.36586341532734185
34,repaired,-33.825591185199485,61,5.894227121485783,47,31.585587230934784,5.35873263447861,8.396838510511532,1,8.396838510511532,False,5.2205171519052165,1,5.2205171519052165,False,2.393387621675445,1,2.393387621675445,False,8.917023999999998,0.11111111111111109,1.4055860607936936,-0.917975569688212,0.15237376821203405,1.4922794578030674,13.932849999999998,0.5262856584742408
34,repaired,-31.825591185199485,61,5.903356788441278,47,35.45201109249186,6.005398684678282,8.909312814330388,1,8.909312814330388,False,6.184956653559636,1,6.184956653559636,False,3.336840857737747,1,3.336840857737747,False,9.195680999999999,-0.42857142857142866,0.7454083669900873,-1.8859226875072732,0.26235510772994947,0.9360421665318388,14.490164,0.48027719890352916
34,repaired,-29.825591185199485,61,6.607238302805109,52,37.26975953986806,5.640746985627135,8.66370751097799,1,8.66370751097799,False,5.656500794484092,1,5.656500794484092,False,2.650358737822597,1,2.650358737822597,False,9.195680999999999,-0.36842105263157904,0.9499986126554729,-1.8749923984898338,0.2770456495580914,0.07174973090652734,16.71942,0.6167634544640543
34,repaired,-27.825591185199485,61,7.700866576176599,60,41.919856825827424,5.443524622996416,8.679390263403338,1,8.679390263403338,False,5.077717485357339,1,5.077717485357339,False,2.069921663180792,1,2.069921663180792,False,9.752994999999999,-0.3333333333333334,1.2748690771205013,-2.415454076035689,0.0,0.03813994896427353,,0.7164242157399977
34,repaired,-25.825591185199485,62,6.586472865221433,52,35.26318564146559,5.353880045215986,7.837587414928423,1,7.837587414928423,False,5.7482493374451415,1,5.7482493374451415,False,2.355830394841352,1,2.355830394841352,False,8.359709999999998,-0.05263157894736841,1.1820719809286984,-1.13760277150588,0.2013221224027283,0.0,,0.6684116199765947
34,repaired,-23.825591185199485,62,4.250602826193372,50,24.471155493378625,5.7571023438324325,8.219568098281618,1,8.219568098281618,False,6.169788371810922,1,6.169788371810922,False,2.722245666390549,1,2.722245666390549,False,8.359709999999998,0.04761904761904761,0.5935591645161636,-0.6877608873434948,0.16073829052051888,0.2920036576181118,11.982251,0.5104864332819967
34,repaired,-21.825591185199485,62,2.4527093552820265,47,11.4160796540264,4.65447715174296,6.944834452698726,1,6.944834452698726,False,4.234583096839521,1,4.234583096839521,False,2.082288897570856,1,2.082288897570856,False,6.130454,-0.14285714285714274,0.534076882019607,-0.6499848305187296,0.19911444090613334,0.19320436725983708,13.932849999999998,0.9279114802873922
34,repaired,-19.825591185199485,62,2.342293433187485,49,9.502594799299986,4.056961721644107,4.756045695181397,2,5.571746196839833,False,3.6874372016580965,1,3.6874372016580965,False,2.213848040044274,1,2.213848040044274,False,4.458512,-0.3333333333333334,0.3608077783867074,-0.9060885781705296,0.20431310509986875,0.5113965592927529,11.424937,1.1618764263045125
34,repaired,-17.825591185199485,62,3.300263790119049,56,18.85691753539956,5.7137606975105895,8.328477004901657,1,8.328477004901657,False,6.164617897303346,1,6.164617897303346,False,2.0539400075327476,1,2.0539400075327476,False,7.523739,-0.23809523809523805,0.3833836530901483,-0.7480484904094157,0.12987005378335942,0.19360560015607914,13.096879000000001,0.5971008770012652
34,repaired,-15.825591185199485,62,6.362727276443823,55,30.618969183366055,4.8122397602556415,7.456375874253979,1,7.456375874253979,False,4.329017851722875,1,4.329017851722875,False,1.3197488057512554,1,1.3197488057512554,False,8.081052999999999,-0.6000000000000001,0.9109513622673694,-3.7203955548894103,0.07671610912903862,0.23510662882389582,13.654193,0.8989653830607712
34,repaired,-13.825591185199485,62,4.615569917317317,49,27.085847115133625,5.868364600763449,7.973510468384419,1,7.973510468384419,False,5.730455467206692,1,5.730455467206692,False,3.7935137274447968,1,3.7935137274447968,False,8.359709999999998,-0.30000000000000004,0.5419306003682878,-1.0868483486405325,0.19209885647108715,0.16505021398138903,13.375536,0.5959988712577068
34,repaired,-11.825591185199485,62,4.706304564319442,56,29.188574352795765,6.2020156056382625,8.17826398396108,1,8.17826398396108,False,6.16592848806351,1,6.16592848806351,False,4.090657946585461,1,4.090657946585461,False,8.359709999999998,-0.42857142857142866,0.46367549365867455,-1.3326743114746342,0.08765934297907539,0.03693745765451737,13.375536,0.5496533390177001
34,repaired,-9.825591185199485,62,6.809236868305425,60,36.376739017619606,5.342263710481329,7.934716373248085,1,7.934716373248085,False,5.032842614691244,1,5.032842614691244,False,2.183866043963893,1,2.183866043963893,False,8.917023999999998,-0.2941176470588236,0.9196555480792872,-1.8595604552013405,0.05547589058650868,0.0,,0.7750210954905553
34,repaired,-7.825591185199485,62,7.6123876329832445,55,40.32704144710542,5.297554905424794,8.343559913207349,1,8.343559913207349,False,4.5634469865004705,1,4.5634469865004705,False,2.163918097357649,1,2.163918097357649,False,9.474338,-0.3333333333333333,1.3937594165014457,-2.389150909878978,0.24906755160066707,0.11094307970943723,12.539565,0.8541639345822717
34,repaired,-5.825591185199485,62,4.148001787691633,51,24.7035960138574,5.955541313207817,8.498254219373282,1,8.498254219373282,False,5.179216507260909,1,5.179216507260909,False,3.326708207342114,1,3.326708207342114,False,8.638366999999999,-0.2941176470588236,0.5458580719382505,-1.1232900135694088,0.04039355219119219,0.2844598260780658,13.654193,0.7166095320236994
34,repaired,-3.8255911851994853,62,4.4703177598614685,55,25.091985170590178,5.6130204872433405,7.65272351197814,2,7.659528587606496,False,5.764319367952956,1,5.764319367952956,False,1.611286450879212,1,1.611286450879212,False,7.802395999999999,-0.5999999999999999,0.3363009893691818,-2.0648048133337142,0.18363551745759554,0.047230490366921125,12.818221999999999,0.5998160236614984
34,repaired,-1.8255911851994853,62,4.347578270464255,55,29.939341493063587,6.8864410553479285,9.251248869172084,2,9.264588704384128,False,6.981928943766512,1,6.981928943766512,False,3.5992298971444217,2,4.145713106571437,False,9.474338,-0.5,0.26775873623487917,-1.0301982537615209,0.13875051665076737,0.18683616778190323,15.326135,0.28421311229095875
34,repaired,0.17440881480051473,62,5.233529580181711,48,33.1283536193172,6.330021281386732,8.747801618914487,1,8.747801618914487,False,6.536076392239007,1,6.536076392239007,False,3.1003397683683014,1,3.1003397683683014,False,9.195680999999999,-0.3043478260869566,0.5686618453903671,-1.1119135181272382,0.15908363208891185,0.282165917709894,12.260908,0.40355575243263025
34,repaired,2.1744088148005147,63,6.234624607276786,45,30.9202565348389,4.959441583499687,7.371092081397,1,7.371092081397,False,4.717268220655353,1,4.717268220655353,False,2.8248766689041194,1,2.8248766689041194,False,8.359709999999998,-0.37500000000000006,0.8650354297699787,-2.0664772505033726,0.1996369652502563,0.24740942254753584,14.768820999999999,0.88441299336049
34,repaired,4.174408814800515,63,6.203032683397478,42,26.256082325394715,4.232781554685269,7.112144884349906,1,7.112144884349906,False,3.3781865844685735,1,3.3781865844685735,False,1.6788298399351744,1,1.6788298399351744,False,8.081052999999999,0.2727272727272727,2.722841953823201,-1.416758671562909,0.19916809350373244,0.34058359593135534,11.703593999999999,1.0964880035493418
34,repaired,6.174408814800515,63,4.695085180327052,40,21.43960561716713,4.5663933227455695,7.035410221422684,1,7.035410221422684,False,3.6140649058422287,2,4.812734239163608,False,1.7998453004521844,1,1.7998453004521844,False,7.523738999999999,0.0,1.4137702080090413,-1.302647946176675,0.21211444264827517,0.4437965789587273,12.539565,0.8919005422658183
34,repaired,8.174408814800515,63,5.1736818642685805,44,24.77313467624723,4.788298802703728,6.981555857171372,1,6.981555857171372,False,5.254340625192231,1,5.254340625192231,False,1.7049749874792304,2,1.893820327055119,False,7.523739,-0.44444444444444453,0.7104311441731147,-1.675327580119933,0.3094783206477325,0.3175742855591676,15.883448999999999,0.826126913574705
34,repaired,10.174408814800515,63,6.910857046194969,45,31.047717361153406,4.492600144036823,6.6091519685197735,1,6.6091519685197735,False,4.0511076026015145,1,4.0511076026015145,False,1.8463696591882273,1,1.8463696591882273,False,7.523738999999999,-5.691703033915e-17,1.6159715079044001,-1.7498021124718397,0.31114473129856957,0.3010953208848285,10.588966,1.0092494926274536
34,repaired,12.174408814800515,63,6.197388952009767,41,27.219268939009517,4.392054323165001,5.9629935868330906,1,5.9629935868330906,False,4.681303588382961,1,4.681303588382961,False,2.2693297480224817,1,2.2693297480224817,False,6.687767999999999,-0.6250000000000001,0.8136365219953731,-3.6676493966545163,0.6766361402861198,0.6905527854044565,13.654193,0.9714772890191945
34,repaired,14.174408814800515,63,4.6468559485913055,54,21.553959194308607,4.638396247433211,7.066090565915123,1,7.066090565915123,False,3.7844970756373337,1,3.7844970756373337,False,2.3000122790354194,1,2.3000122790354194,False,7.245081999999999,-0.07692307692307697,1.175443956891489,-1.225014892420981,0.41754186000666693,0.0,,1.0714217284231533
34,repaired,16.174408814800515,63,5.812229618090765,58,29.490639695321487,5.073894466166797,7.558638732245656,1,7.558638732245656,False,4.567466818494778,1,4.567466818494778,False,2.21720332790586,1,2.21720332790586,False,7.802396,0.24999999999999994,1.8007107457037679,-1.0652796012716903,0.0,0.11127896607410538,,0.8727030944999173
34,repaired,18.174408814800515,63,6.164114539590708,57,33.28982745316938,5.400585475716971,7.492573108054694,1,7.492573108054694,False,5.398942415181963,1,5.398942415181963,False,2.9148206425304855,1,2.9148206425304855,False,7.802396,0.11111111111111109,1.4542449124388148,-0.8644443537548252,0.1734064673045355,0.14862584625034725,12.260908,0.7735882161056117
34,repaired,20.174408814800515,63,6.004752972457368,44,31.985516915299105,5.326699876249771,7.7442397610862415,1,7.7442397610862415,False,5.404463631491932,1,5.404463631491932,False,2.751739408719022,1,2.751739408719022,False,8.359709999999998,0.11111111111111109,1.1868124721074074,-0.9181803418799613,0.5167258505690716,0.21449873890677734,13.096879,0.6991129394582359
34,repaired,22.174408814800515,63,5.4248995138390175,45,30.868721648360122,5.6901923380540875,7.91273681422769,1,7.91273681422769,False,5.50111595006533,1,5.50111595006533,False,3.15016876557685,1,3.15016876557685,False,8.359709999999998,0.05263157894736841,0.9959252310326469,-0.8782314202333709,0.7039910780869264,0.21367469315249837,14.768820999999999,0.6007527714653634
34,repaired,24.174408814800515,63,6.433439426946154,51,33.079653730070646,5.141830292443276,8.004145484771263,1,8.004145484771263,False,4.724015006204237,1,4.724015006204237,False,2.6830335515505066,1,2.6830335515505066,False,8.638366999999999,0.0,1.3523352013364762,-1.339045328540784,0.611493089755846,0.10622928039733355,14.211507,0.8008286131583545
34,repaired,26.174408814800515,63,5.326259331070301,42,29.842770117251007,5.6029510135125475,8.554573965196846,1,8.554573965196846,False,5.367364465042977,1,5.367364465042977,False,2.7099068680402745,1,2.7099068680402745,False,8.917023999999998,0.11111111111111109,1.2276436773110821,-0.9638970872871957,0.16958180366126044,0.6816740307442257,14.490164,0.5957054352718387
34,repaired,28.174408814800515,63,5.075555220112413,44,28.71610479131175,5.65772679952751,8.544534261646218,1,8.544534261646218,False,5.698039818983198,1,5.698039818983198,False,2.796132893713386,1,2.796132893713386,False,8.638366999999999,0.0,0.9261692725996492,-0.8605091381230882,0.0856462885415583,1.9222180135268363,13.932849999999998,0.1729445802355194
34,repaired,30.174408814800515,63,3.500029167073113,39,20.96248585642672,5.989231762304576,8.63533191646694,1,8.63533191646694,False,6.629858649351094,1,6.629858649351094,False,1.5203583057960697,3,2.5021305371057068,False,8.35971,-0.6521739130434783,0.13546056406903947,-1.366656085113116,0.22345672530168384,2.2421376068483276,13.932849999999998,-0.12914564424955388
34,repaired,32.174408814800515,63,3.5202477951035913,40,17.68367223660598,5.0234168916184485,8.12453327534122,1,8.12453327534122,False,4.683685815428792,1,4.683685815428792,False,2.199583837255328,1,2.199583837255328,False,8.081052999999999,-0.75,0.40448240019505216,-2.4311718428936016,0.2654158823958675,1.6095384876504264,13.932849999999998,0.26901890731716716
34,repaired,34.174408814800515,63,3.947475307472806,45,23.500496876694108,5.9532980059954435,8.486757167829145,1,8.486757167829145,False,6.2228131392137795,1,6.2228131392137795,False,2.387707936508137,3,3.038670709772551,False,8.359709999999998,-0.5238095238095238,0.33967772741168784,-1.2536475879846956,0.28926098757049573,0.5894118282560876,14.490164,0.39620496379566034
34,repaired,36.174408814800515,63,4.707714631349397,52,30.280718387768417,6.432148241553226,8.501956988914474,2,8.660170752246334,False,6.367234603024219,1,6.367234603024219,False,4.429769351663498,1,4.429769351663498,False,9.195680999999999,-0.7142857142857143,0.26575834836283735,-2.097217294490305,0.11200866902087361,0.23140209943134096,12.260908,0.4458925404983024
34,repaired,38.174408814800515,63,6.1694892440844615,53,32.18851422968506,5.217370993968199,7.687295205563694,1,7.687295205563694,False,5.037897360287351,1,5.037897360287351,False,2.7067814254259135,1,2.7067814254259135,False,8.081052999999999,-0.0588235294117647,1.1991295439829455,-1.1922469198648828,0.22572734801926134,0.2675547340459358,15.883448999999999,0.8087777838315835
34,repaired,40.174408814800515,63,5.823469433807699,53,32.659485111511735,5.608252173851834,7.891023288447808,1,7.891023288447808,False,5.725130525063637,1,5.725130525063637,False,2.7267438101860035,1,2.7267438101860035,False,8.359709999999998,0.0,0.92615975425921,-1.0014452444546902,0.18136244865939405,0.0,,0.7070547957915689
34,repaired,42.174408814800515,63,4.548112003171572,53,30.88759677097475,6.79130081876516,8.944972339014516,1,8.944972339014516,False,6.784258811981058,1,6.784258811981058,False,4.1597031058954475,2,4.933635174472872,False,9.195680999999999,-0.4782608695652174,0.3033208823188661,-1.0691937977553199,0.07087016701850268,0.04895087104183931,13.096879,0.37424065739698514
34,repaired,44.174408814800515,63,5.623076034778015,56,33.886494707518295,6.026326960178842,8.937026569092758,1,8.937026569092758,False,5.652842206628762,1,5.652842206628762,False,3.2773886968466233,1,3.2773886968466233,False,9.474338,-0.36842105263157904,0.7063377467958122,-1.33966536571764,0.1550045946225677,0.0,,0.5698913864562244
34,repaired,46.174408814800515,63,7.083513601532146,51,39.025948022251086,5.509405390823259,7.952648834159353,1,7.952648834159353,False,5.536226855077533,1,5.536226855077533,False,3.0027124031038155,1,3.0027124031038155,False,8.638366999999999,-0.26315789473684204,0.8731466425067981,-1.3386813231401058,0.23682223458261376,0.20233868748069586,13.932849999999998,0.6610986859651111
34,repaired,48.174408814800515,63,6.2360535687557395,54,34.424259971610724,5.520199528766923,8.226021313749293,1,8.226021313749293,False,5.105300351058718,1,5.105300351058718,False,2.8009722212820582,1,2.8009722212820582,False,8.917023999999998,0.2941176470588235,1.8385650027470437,-0.9342734282881956,0.11730889671749646,0.17613034741899336,15.883448999999999,0.721876189060916
34,repaired,50.174408814800515,63,6.851856525089213,43,35.13393184573091,5.127651420761976,8.244314903451945,1,8.244314903451945,False,4.7505086179868306,1,4.7505086179868306,False,2.0408519933104485,1,2.0408519933104485,False,8.638366999999999,0.12499999999999997,1.806560873867604,-1.284523423918482,0.13011457670955648,0.1861019373072344,12.539565,0.733026706570537
34,repaired,52.174408814800515,63,4.69763402409924,59,28.998918450872075,6.17309017733295,9.031375658047793,1,9.031375658047793,False,6.132919636865106,1,6.132919636865106,False,3.014095829129917,1,3.014095829129917,False,9.474338,-0.04761904761904761,0.6660597684674172,-0.7791104140610708,0.22981482675635367,0.11929400198328755,15.047478,0.5434317120811185
34,repaired,54.174408814800515,63,6.448246670703819,58,36.236993719722605,5.619666177529679,7.946973162284888,1,7.946973162284888,False,5.500940381773129,1,5.500940381773129,False,2.865023439630024,1,2.865023439630024,False,8.917023999999998,-0.2631578947368422,0.9371487821710843,-1.4888991899331319,0.14201596839969782,0.01648172606076652,15.326134999999999,0.7493835764312224
34,repaired,56.174408814800515,63,7.955485179864864,48,39.82142050711548,5.005530097385199,7.1288603083013555,1,7.1288603083013555,False,5.179427076031272,1,5.179427076031272,False,2.444072929083042,1,2.444072929083042,False,8.081052999999999,-0.5555555555555556,0.95653816601547,-3.043617304993613,0.19715209505868445,0.45010890590616776,13.096879,0.8031444395938476
34,repaired,58.174408814800515,62,6.487608165209451,48,36.679532495185846,5.653783576493426,7.775924879685217,1,7.775924879685217,False,4.921230272802314,1,4.921230272802314,False,3.492538038360278,1,3.492538038360278,False,9.474338,-0.2941176470588236,0.8585612007298229,-1.673466605379236,0.21396241980294395,0.3886974773477717,15.604792,0.7439693123949546
34,repaired,60.174408814800515,62,7.863335546377161,46,44.12780169974461,5.611842638468533,8.372654941104615,1,8.372654941104615,False,5.55024337868571,1,5.55024337868571,False,3.1350506583463074,1,3.1350506583463074,False,9.195680999999999,-0.4736842105263159,1.0634597579028322,-2.6457338216762243,0.2882100806222891,0.595810103187251,13.096879,0.6682535354158483
34,repaired,62.174408814800515,62,4.986946017598761,41,29.374697903325718,5.890318002172756,7.852726559372993,1,7.852726559372993,False,5.977069030345691,1,5.977069030345691,False,3.870188993564092,1,3.870188993564092,False,8.081052999999999,-0.04761904761904761,0.8470506548578747,-0.8649046617303908,0.3723847192340347,0.36665116164764333,15.047477999999998,0.5687457573313454
34,repaired,64.17440881480051,62,3.680227866749079,37,17.309663059855996,4.703421550673287,7.21197263025533,1,7.21197263025533,False,4.58969328902082,1,4.58969328902082,False,1.9765615324785013,1,1.9765615324785013,False,7.245081999999999,0.2500000000000001,1.0985443091497205,-0.5803767978082985,0.26105197563839866,0.4359722165764659,15.326134999999999,0.725227931553474
34,repaired,66.17440881480051,62,4.4318844660156085,34,20.12536325470111,4.541039688427255,6.628402216884325,1,6.628402216884325,False,4.279508731681429,1,4.279508731681429,False,2.309266019923019,1,2.309266019923019,False,7.245082,-0.14285714285714274,0.9398314932587423,-1.0856275708313812,0.24773877843895614,0.6651576319625838,14.768820999999999,0.8794181190572806
34,repaired,68.17440881480051,62,4.270610074730505,30,19.705202844911756,4.614142359076237,6.377959441802318,1,6.377959441802318,False,4.728855441034222,1,4.728855441034222,False,2.8476985961689385,1,2.8476985961689385,False,6.409111,-9.960480309351251e-17,0.7337496896782738,-0.9468347760931347,0.2783340573855737,0.5730397988224931,14.768820999999999,0.8665322649140919
34,repaired,70.17440881480051,62,3.938056341304053,38,18.772326740056734,4.766901515136891,6.8674295062594926,1,6.8674295062594926,False,4.750635236559406,1,4.750635236559406,False,2.590619745963617,1,2.590619745963617,False,6.687767999999999,0.25,0.8947003531552363,-0.7483429718889824,0.6563941114753861,0.3048802334636221,12.260908,0.8204711118367137
34,repaired,72.17440881480051,62,4.404440359552398,39,18.76247975327777,4.259900968481841,6.33549439444791,1,6.33549439444791,False,4.236403240828986,1,4.236403240828986,False,1.953062022469573,1,1.953062022469573,False,6.409111,-0.14285714285714274,0.88091102239613,-1.172568756104213,0.30688736687460866,0.2449670878980621,13.93285,1.0092347350402784
43,raw,-58.9875755671746,57,12.845837748701085,48,52.489116055428156,4.086079637798292,6.40009819252255,1,6.40009819252255,False,3.87073763863986,1,3.87073763863986,False,1.5847176297982142,1,1.5847176297982142,False,8.081052999999999,0.0769230769230769,3.7741658570649848,-3.0777314551846238,0.326100859821692,0.10197632618390601,15.047478,0.9421765223162396
43,raw,-56.9875755671746,57,9.983107128317346,53,51.123776860403375,5.121028573898545,6.73682706469751,1,6.73682706469751,False,4.962366078219748,1,4.962366078219748,False,2.7429363942194662,1,2.7429363942194662,False,8.081052999999999,0.0588235294117647,2.223393759111038,-1.8515667270389427,0.0,0.3036221904351662,,0.754411534600236
43,raw,-54.9875755671746,58,9.226096284693591,53,52.8735283580244,5.730866742171702,7.324772811238265,1,7.324772811238265,False,5.527615859735131,1,5.527615859735131,False,3.6297283265052576,1,3.6297283265052576,False,8.081052999999999,0.15789473684210523,2.0703034921419734,-1.0747208894715863,0.19624967323785583,0.01681698641105614,11.424937,0.6303141897397138
43,raw,-52.9875755671746,58,7.780078182728548,56,46.87135281553486,6.024534935855442,7.893242477449526,1,7.893242477449526,False,5.769122405271194,1,5.769122405271194,False,3.8329071774569643,1,3.8329071774569643,False,8.359709999999998,-0.30000000000000004,0.9411484847762904,-2.0027611387375455,0.3066308395373175,0.046559822000136544,13.654193,0.5649391606519155
43,raw,-50.9875755671746,58,5.632354160768451,51,30.851435846595354,5.477538337608041,7.9284071117067185,1,7.9284071117067185,False,5.132605959209087,1,5.132605959209087,False,2.6740460090498503,1,2.6740460090498503,False,8.359709999999998,-0.3333333333333334,0.8979046304435412,-1.6952294285703773,0.4929131103713914,0.0,,0.6041510901409293
43,raw,-48.9875755671746,58,2.3978878621885507,47,16.179479149665344,6.747387734344818,8.620458647986357,2,8.94938675583871,False,7.095231093958586,1,7.095231093958586,False,5.358611486109465,1,5.358611486109465,False,8.081052999999999,0.52,0.705114065627987,-0.13848912918217096,0.2845582350450842,0.0,,0.15190592080881637
43,raw,-46.9875755671746,58,3.4616799643772582,42,16.605592027979874,4.796974936695845,6.762094431040677,1,6.762094431040677,False,4.726603426758829,1,4.726603426758829,False,2.641230952455272,1,2.641230952455272,False,6.687767999999999,0.25000000000000006,0.9883241865334517,-0.609177316459525,0.2569120883661827,0.2622986801575278,12.260908,0.8008382146266738
43,raw,-44.9875755671746,58,6.859033959009121,56,27.407090645620737,3.995765410903441,5.992933442530086,1,5.992933442530086,False,3.615887550039683,1,3.615887550039683,False,1.7605571699064737,1,1.7605571699064737,False,6.966425,0.3333333333333333,2.4509992199778776,-1.6371520600300455,0.0,0.019421981152550744,,1.1450372707499885
43,raw,-42.9875755671746,58,10.43033779558411,55,38.530675760799646,3.694096635787996,5.63594869542594,1,5.63594869542594,False,3.472058680594285,1,3.472058680594285,False,1.3461001873608944,1,1.3461001873608944,False,6.687767999999999,0.27272727272727265,4.282273657173573,-2.403902235984642,0.06758356816700675,0.0,,1.195534768456109
43,raw,-40.9875755671746,58,11.445873341086722,51,39.51446866041738,3.4522895267916445,5.07042368590289,1,5.07042368590289,False,3.440387116511384,1,3.440387116511384,False,1.075159126222323,1,1.075159126222323,False,5.5731399999999995,-0.6363636363636362,1.9030266270357057,-6.5001129302760665,0.06067076130030606,0.09907318688112328,9.195681,1.270199750521137
43,raw,-38.9875755671746,58,7.128663095389097,48,34.08977648253556,4.782071480497547,6.23898392167577,1,6.23898392167577,False,4.781712665217586,1,4.781712665217586,False,2.7131995069864203,1,2.7131995069864203,False,6.409110999999999,-0.2500000000000001,1.1669680423050368,-1.7105248123318169,0.12065839840600351,0.14595853710814238,11.14628,0.8579182352797201
43,raw,-36.9875755671746,58,4.794021833992481,55,25.175522176628828,5.251440867064752,7.423294651907472,1,7.423294651907472,False,5.43141302438562,1,5.43141302438562,False,2.648049383934982,1,2.648049383934982,False,8.081052999999999,0.3333333333333334,1.1510722933590924,-0.6418941976826691,0.13694813155085023,0.0,,0.6704090374970251
43,raw,-34.9875755671746,59,2.4833620865646346,55,13.354680358789022,5.377661369254152,7.177990649354599,1,7.177990649354599,False,4.722496013663702,1,4.722496013663702,False,2.654831393377024,1,2.654831393377024,False,6.966425,0.5000000000000001,0.7558676662734365,-0.34708396617882775,0.07296558730306839,0.0,,0.7843120776570822
43,raw,-32.9875755671746,59,2.006597504295975,53,11.286498096461521,5.62469457491997,7.724685463146297,1,7.724685463146297,False,5.829041822169519,1,5.829041822169519,False,2.694374245135359,1,2.694374245135359,False,6.409110999999999,0.29999999999999993,0.4826264413369835,-0.18354243993598976,0.06008300163112088,0.01860644689795387,12.260908,0.5503563154797916
43,raw,-30.987575567174602,59,6.006680632450207,53,27.61129933335156,4.596765005981104,7.112208768946559,1,7.112208768946559,False,4.247248688965337,1,4.247248688965337,False,2.11566530053546,1,2.11566530053546,False,7.802395999999999,0.14285714285714282,1.7438543593289983,-1.1843693938738487,0.06657820377049503,0.012673524583484481,13.654193,0.9144523172637908
43,raw,-28.987575567174602,59,8.386639977104425,48,40.392498876189435,4.816291027927893,6.840883904389909,1,6.840883904389909,False,4.819917746345981,1,4.819917746345981,False,2.687755709563163,1,2.687755709563163,False,7.802395999999999,0.0,1.803446690687246,-1.762111455140971,0.17992288582213853,0.0,,0.8250137542180387
43,raw,-26.987575567174602,59,10.409667183010857,55,48.299535993946634,4.6398732202287984,6.68571287219209,1,6.68571287219209,False,4.504873703454935,1,4.504873703454935,False,2.1690688988647406,1,2.1690688988647406,False,8.081052999999999,-0.3333333333333333,1.7565724269685412,-3.4881121482752593,0.04894720623106878,0.0,,0.9070305172371965
43,raw,-24.987575567174602,59,6.621337937290202,59,35.44281540141979,5.352817774457959,7.082917169924595,1,7.082917169924595,False,5.137109734562371,1,5.137109734562371,False,3.236261944763226,1,3.236261944763226,False,7.802396,-0.17647058823529407,1.118777329264102,-1.4150068958994306,0.0,0.0,,0.7737448231192587
43,raw,-22.987575567174602,59,9.405911330934739,59,36.12982096227265,3.841182389573106,6.475038706499274,1,6.475038706499274,False,2.948170874719483,1,2.948170874719483,False,0.7814242640609004,1,0.7814242640609004,False,7.802396,-0.5555555555555556,2.469976955519108,-6.821747003395967,0.0,0.0,,1.242391203625219
43,raw,-20.987575567174602,59,6.096463676656275,59,32.56371911983816,5.341411160133143,7.184106315334389,1,7.184106315334389,False,5.158558274343195,1,5.158558274343195,False,2.5573552883593083,1,2.5573552883593083,False,7.802396,0.44444444444444453,2.1222994113379126,-0.7584284792647229,0.0,0.0,,0.7571850878876243
43,raw,-18.987575567174602,59,4.932596378463988,54,26.51008639586394,5.374469014251514,7.357204709158996,1,7.357204709158996,False,5.453245510903484,1,5.453245510903484,False,2.587925824190911,1,2.587925824190911,False,7.523739,0.5555555555555556,1.7988687716265348,-0.5640045831995683,0.03165218137851527,0.24992953939933263,14.211507000000001,0.6489165610234862
43,raw,-16.987575567174602,59,3.4964509448192773,54,19.159215669016042,5.479618038801438,7.1043145133103085,1,7.1043145133103085,False,5.334801491223977,1,5.334801491223977,False,3.20171239630865,1,3.20171239630865,False,6.966425,0.3333333333333334,0.9137401774944628,-0.4155024258568424,0.14694961037136678,0.0,,0.6892346466764083
43,raw,-14.987575567174602,59,4.128166931541086,46,14.718078346330655,3.5652817801232297,5.920407771973947,1,5.920407771973947,False,3.1719186972179747,1,3.1719186972179747,False,1.0659512429870484,1,1.0659512429870484,False,6.130453999999999,0.6000000000000001,2.686050874572239,-0.7600736964314386,1.5950641209371637,0.0,,0.6758359181467657
43,raw,-12.987575567174602,60,3.6211967239960994,26,15.544631277721466,4.2926779356431926,5.920325094301701,1,5.920325094301701,False,4.582788668638904,1,4.582788668638904,False,2.6145714497168786,1,2.6145714497168786,False,6.130453999999999,0.12499999999999997,0.7656540726602697,-0.7519778373940499,1.521551081365129,0.4473259815934244,13.932849999999998,0.5679953818386383
43,raw,-10.987575567174602,60,6.765321197362222,52,34.3603060058672,5.078887609839453,6.485307490850641,1,6.485307490850641,False,5.039985607594305,1,5.039985607594305,False,3.1848796193490445,1,3.1848796193490445,False,7.245081999999999,0.17647058823529407,1.5842472320006755,-1.0543740208738712,0.551061613086542,0.0,,0.8256440299188386
43,raw,-8.987575567174602,60,10.707875545571655,48,49.119031742288385,4.587187396159272,6.570814964832779,1,6.570814964832779,False,4.742594996493945,1,4.742594996493945,False,1.9746717234386937,1,1.9746717234386937,False,8.081052999999999,0.37499999999999994,3.439309425906404,-1.6830792016115728,0.13215028608338403,0.019161756136911373,15.883448999999999,0.8857334765152717
43,raw,-6.987575567174602,60,8.942714602382704,55,37.69681139818417,4.215365587999442,6.410975849161325,1,6.410975849161325,False,4.139544010409091,1,4.139544010409091,False,1.644305037510184,1,1.644305037510184,False,7.523739,0.2307692307692307,3.001246792944969,-1.786716648562496,0.33456172610394297,0.20730993085062716,13.096879,1.0091688102604335
43,raw,-4.987575567174602,60,3.1118343783702174,53,18.34562622902303,5.895437866661564,7.050383946312332,1,7.050383946312332,False,5.593402530928499,1,5.593402530928499,False,4.252676037584966,1,4.252676037584966,False,6.966425,-0.3,0.2883126686262408,-0.7865625652204432,0.0,0.20019834699136987,,0.6537296358310556
43,raw,-2.987575567174602,60,1.6685267043440384,46,9.802167949681603,5.874744422226799,7.2252034679042865,1,7.2252034679042865,False,6.064086878701879,1,6.064086878701879,False,3.288612248801626,1,3.288612248801626,False,6.130453999999999,-0.23809523809523805,0.18590525107273687,-0.33414548426268387,0.1661323930461453,0.47242855904562275,11.982251,0.3970638596752445
43,raw,-0.987575567174602,60,2.82536092782176,53,15.379119960372565,5.443240829492623,7.75343748352459,1,7.75343748352459,False,5.174288591240186,1,5.174288591240186,False,2.616851634985918,1,2.616851634985918,False,7.523738999999999,-0.44444444444444453,0.44863943318891136,-0.9090847285876419,0.11098776341609455,0.12217618939969277,12.818221999999999,0.7138964225330541
43,raw,1.012424432825398,60,7.9131810071210005,55,28.131572730305493,3.555027075077664,6.131538533879135,1,6.131538533879135,False,2.6821521718548165,1,2.6821521718548165,False,0.9831530516507574,1,0.9831530516507574,False,8.359709999999998,-0.25000000000000017,2.6037410255829427,-3.536042564467048,0.10726688778603892,0.33840440334082583,11.982251,1.3410720119175539
43,raw,3.012424432825398,60,4.739348798294738,41,22.611054026690947,4.7709200122233275,6.361261908254328,1,6.361261908254328,False,4.7986608863528675,1,4.7986608863528675,False,2.8919402564638474,1,2.8919402564638474,False,6.409111,0.12499999999999997,1.061498371509968,-0.8169010648014494,0.21905307213568623,0.4593644465354728,12.818221999999999,0.834164223413617
43,raw,5.012424432825398,60,9.68619632549153,41,33.145495278278794,3.421930979351362,5.5341879582167195,1,5.5341879582167195,False,2.9569270093583917,1,2.9569270093583917,False,1.472702043187517,1,1.472702043187517,False,6.966425,0.20000000000000012,4.068899367855059,-3.1257745841237052,0.2381214441794074,0.2407612801382664,10.588966,1.418771126429523
43,raw,7.012424432825398,61,6.239019550785228,59,29.829030853017553,4.7810446193045415,6.646011022168068,1,6.646011022168068,False,4.373570972426746,1,4.373570972426746,False,2.2572043211334623,1,2.2572043211334623,False,7.245082,0.06666666666666665,1.5079899096568397,-1.3997820516624382,0.20604108397870788,0.0,,0.9831782898085197
43,raw,9.012424432825398,61,8.04428750847104,52,32.10720476115509,3.9913049760273465,6.319970369801126,1,6.319970369801126,False,3.740527133379903,1,3.740527133379903,False,1.3622205465352253,1,1.3622205465352253,False,7.523739,-6.640320206234167e-17,2.174691694565251,-2.1666337756146907,0.2054586590520553,0.43138013897257277,14.768820999999999,1.076631378959515
43,raw,11.012424432825398,61,8.008419047111271,61,33.63328773166923,4.199741239040325,6.213522499960156,1,6.213522499960156,False,3.643541334366371,1,3.643541334366371,False,1.695927577786843,1,1.695927577786843,False,7.245082,0.16666666666666663,2.7431383960235856,-2.012431736767583,0.0,0.0,,1.1944234075833053
43,raw,13.012424432825398,61,7.728935919765647,56,31.554205863530335,4.082606737990281,5.752990854102457,1,5.752990854102457,False,3.8100783252355823,1,3.8100783252355823,False,1.9549616275665227,1,1.9549616275665227,False,6.409110999999999,0.2307692307692307,2.7618160094280295,-1.7313643181392504,0.07479946991208465,0.5147696687282555,13.096879,1.1882206235057873
43,raw,15.012424432825398,61,9.406028257141514,58,35.15060012097969,3.7370289733386293,5.308068912156211,1,5.308068912156211,False,3.265245359237099,1,3.265245359237099,False,1.576778983294529,1,1.576778983294529,False,6.966425,0.09090909090909088,3.05241411018806,-3.022247349233243,0.0,0.19439261788715206,,1.3871795413954544
43,raw,17.012424432825398,61,5.67776197900951,49,25.24123386156134,4.445630858580777,6.372605792640291,1,6.372605792640291,False,4.2653215377298315,1,4.2653215377298315,False,2.338631318448197,1,2.338631318448197,False,6.966425,0.0,1.251363660200936,-1.3865912912583616,0.10548573383332224,0.4657908753337943,13.654193,1.0123173123314322
43,raw,19.012424432825398,61,4.931748936435786,60,24.42692547904618,4.952994524636064,6.7541522395058,1,6.7541522395058,False,4.810917255968976,1,4.810917255968976,False,2.4727134416763343,1,2.4727134416763343,False,6.966425,0.24999999999999994,1.2302842752165035,-0.8766865612052325,0.007425614549174727,0.0,,0.9204366676588459
43,raw,21.012424432825398,61,5.696653053380176,55,27.507161435206115,4.828653101646135,6.806421185330082,1,6.806421185330082,False,4.601953018933399,1,4.601953018933399,False,2.4248422492507555,1,2.4248422492507555,False,7.802395999999999,0.37500000000000006,1.9676684606973431,-0.9692624772908649,0.09067929596803395,0.0,,0.9366211042085989
43,raw,23.012424432825398,61,9.074913265437868,55,34.99790421694516,3.8565552301459376,5.960130328747253,1,5.960130328747253,False,3.18875594767852,1,3.18875594767852,False,1.3140567381441732,1,1.3140567381441732,False,7.523739,0.39999999999999997,4.514523735102192,-2.443193271672068,0.1356497072829702,0.0,,1.3004274461177945
43,raw,25.012424432825398,61,3.555445688393236,53,17.149498153463057,4.8234454007967695,6.810402562585066,1,6.810402562585066,False,4.350151373853334,1,4.350151373853334,False,2.1325655431597226,1,2.1325655431597226,False,6.409110999999999,0.19999999999999996,0.8955949599266837,-0.7422576784392588,0.12408632419857168,0.16108491462204927,11.703593999999999,0.9515578759348507
43,raw,27.012424432825398,62,1.5716432120168635,50,8.743855457195489,5.563511737485663,6.502809080083516,2,6.812206303750599,False,5.084394579992448,1,5.084394579992448,False,4.032366059886176,1,4.032366059886176,False,5.015826,0.17647058823529413,0.25769581931885127,-0.18104008617811387,0.1486414286780297,0.1310275398991975,13.93285,0.7321632082469611
43,raw,29.012424432825398,62,1.6574448183508874,62,10.900566685573947,6.576729773978065,7.983799779875676,2,8.141695884268223,False,4.745440926949944,2,5.97603907688118,False,3.867259459126787,1,3.867259459126787,False,6.687767999999999,-0.6250000000000001,0.10799753706172954,-0.530898070892754,0.0,0.0,,0.6674516633297466
43,raw,31.012424432825398,62,2.7535866272484997,57,16.96360774872135,6.1605498737013065,8.616337461108099,1,8.616337461108099,False,5.15333599219154,2,5.980999094096331,False,2.958230161170021,1,2.958230161170021,False,7.523739,0.411764705882353,0.940095929472733,-0.3018199315785675,0.15800765339284834,0.0,,0.6170678887497146
43,raw,33.0124244328254,62,5.429095432305795,53,23.75379682500355,4.375277082745082,6.359830809114595,1,6.359830809114595,False,4.164147340169524,1,4.164147340169524,False,2.1098628075951376,1,2.1098628075951376,False,6.687767999999999,0.0,1.4067982461285942,-1.2655865614553927,0.1269281295101663,0.19395755859510438,16.440763,1.0918096963686246
43,raw,35.0124244328254,62,7.4815045751173885,57,34.672655733170274,4.634449579632348,6.30036594141056,1,6.30036594141056,False,4.364115689423828,1,4.364115689423828,False,2.2251048918682463,1,2.2251048918682463,False,7.523739,0.06666666666666665,1.797800216734967,-1.7499991501220404,0.142706382748184,0.03060458205031236,16.162106,1.051814823210769
43,raw,37.0124244328254,62,8.513475862881982,55,41.12632859179842,4.830732976069815,6.652941630168261,1,6.652941630168261,False,4.793403177085662,1,4.793403177085662,False,2.7638328384736375,1,2.7638328384736375,False,7.802395999999999,0.24999999999999994,2.429900537910692,-1.394370979213403,0.7104424377532769,0.0,,0.8958350924012454
43,raw,39.0124244328254,62,9.118130650558296,46,43.16909081714963,4.73442336719604,6.321784899727451,1,6.321784899727451,False,4.734478833617077,1,4.734478833617077,False,2.8224863541116356,1,2.8224863541116356,False,7.523738999999999,-0.24999999999999994,1.5856077117084064,-2.4241089759264964,0.6060640411894656,0.06585300225853974,15.604792,0.940676607717927
43,raw,41.0124244328254,62,10.4042990840108,45,43.37014378032445,4.168482992475212,6.0440671365187,1,6.0440671365187,False,3.974347717243742,1,3.974347717243742,False,1.980379858564433,1,1.980379858564433,False,7.523738999999999,0.14285714285714282,3.252859017983657,-2.448830253644008,0.2495093526380774,0.014325075721051544,14.211507000000001,1.1272358807932954
43,raw,43.0124244328254,62,7.7801226219955755,46,36.56830091206605,4.700221666003306,6.8335721237410425,1,6.8335721237410425,False,4.791270895958116,1,4.791270895958116,False,2.4771103079127377,1,2.4771103079127377,False,7.523738999999999,0.625,3.275832142236112,-1.1193961276494837,0.18255188789317803,0.24280926637089184,13.375536,0.9108217846181208
43,raw,45.0124244328254,62,4.259511966217462,50,20.3934059065342,4.787732976987967,6.494701030806718,1,6.494701030806718,False,5.183049628143324,1,5.183049628143324,False,2.3380904702279306,1,2.3380904702279306,False,6.687767999999999,0.33333333333333326,1.280001030898443,-0.6169984952569958,0.4438565517262345,0.08921689351537325,11.14628,0.8534875550210118
43,raw,47.0124244328254,62,1.2817711638793006,40,4.820390109933706,3.760725974942922,4.803189677991577,3,5.9197358948882695,False,3.0684789115303137,1,3.0684789115303137,False,1.5133888808980385,2,1.902128698213936,False,2.7865699999999998,-0.6000000000000001,0.1026063738035248,-1.1033936325458513,0.18311144295983167,0.4907976041237125,8.35971,0.9660083569406007
43,raw,49.0124244328254,63,0.7385470562963354,34,2.6601555607195944,3.6018768716779377,4.0697162430136675,3,5.3066743855070735,False,3.242553238911062,1,3.242553238911062,False,1.6247609136873182,2,1.7859091455594647,False,0.5573139999999999,0.27272727272727265,0.24042020160500682,-0.1837235818070479,0.15122557419366367,1.3251447918944008,10.867623,-0.3919862133091935
43,raw,51.0124244328254,63,2.4455234155020604,30,6.474575146066261,2.647521223891878,3.3854168807758755,1,3.3854168807758755,False,2.6563530151411183,1,2.6563530151411183,False,1.3311696683538314,1,1.3311696683538314,False,3.0652269999999997,0.5000000000000001,0.629210067343892,-0.5260996979192759,0.19832390999700403,0.9996756206533303,10.867623,1.4280918772181015
43,raw,53.0124244328254,63,6.822660976948711,42,18.838171973239685,2.7611179914826507,4.049949179362384,1,4.049949179362384,False,2.3593352384118402,1,2.3593352384118402,False,1.1244613609414569,1,1.1244613609414569,False,5.015826,0.14285714285714282,3.4794774778670616,-2.603313298451353,0.133329281614125,1.0370160943526592,10.310309,1.761581623236851
43,raw,55.0124244328254,63,5.059973620587016,49,17.93695285976041,3.544870824381791,5.332511031851516,1,5.332511031851516,False,3.2172847442490493,1,3.2172847442490493,False,1.5509320144107286,1,1.5509320144107286,False,5.5731399999999995,0.27272727272727276,2.1742997967823983,-1.3103461301768666,0.2385094464065336,0.1666123480135603,16.440762999999997,1.4110322293723545
43,raw,57.0124244328254,63,2.5534466423623288,49,12.916831637172983,5.058586861726211,7.532034005692699,1,7.532034005692699,False,4.40238294860618,1,4.40238294860618,False,2.4056791561120248,1,2.4056791561120248,False,6.130453999999999,0.06666666666666665,0.5438101356822334,-0.6302065270914088,0.07928336498727118,0.1341178874782869,13.932849999999998,0.9476926907737109
43,raw,59.0124244328254,63,2.212706829553991,45,12.564232899424558,5.678218520235279,8.193408135457355,2,8.257950608964219,False,5.204841378733092,1,5.204841378733092,False,2.702181388514315,1,2.702181388514315,False,7.802396,0.0588235294117647,0.4455673212091826,-0.41756925710859083,0.1571291672657066,0.1893647769566651,15.326134999999999,0.5745748113132367
43,raw,61.0124244328254,63,3.0926271646672885,43,15.92184023434864,5.148321923914015,7.505568718450489,2,7.608297152760225,False,4.648938491615423,1,4.648938491615423,False,2.8378573762759585,1,2.8378573762759585,False,7.245081999999999,0.19999999999999996,0.6493982428671217,-0.5342545864299528,0.13109736518563528,0.2650170006266285,15.883448999999999,0.7664547809335179
43,raw,63.0124244328254,63,8.16781982420307,47,29.55654640753074,3.6186579826293555,5.347552190712954,1,5.347552190712954,False,3.218689516135332,1,3.218689516135332,False,1.2881010429046258,1,1.2881010429046258,False,7.245081999999999,0.09090909090909088,2.198750186288194,-2.5359628877662934,0.13917735826548622,0.14276153760932622,13.654193,1.3855573672261905
43,raw,65.0124244328254,63,5.954110800618716,46,25.14599302291846,4.223299475768143,6.065010728092306,1,6.065010728092306,False,3.9141202591263355,1,3.9141202591263355,False,2.0852791061759337,1,2.0852791061759337,False,6.687767999999999,0.0769230769230769,1.5046050810999543,-1.4104342181042948,0.28752929470150707,0.3866194222337479,13.93285,1.15387357076601
43,raw,67.0124244328254,63,7.114562021240953,52,27.476368267399618,3.8619901246720834,5.6179063745971485,1,5.6179063745971485,False,3.5274164117309446,1,3.5274164117309446,False,1.3912724447420615,1,1.3912724447420615,False,6.687767999999999,0.16666666666666669,2.5086210238091677,-1.6214619957344167,0.08414513439017152,0.33113895671969923,11.982251,1.2702283284493874
43,raw,69.0124244328254,63,6.065021496881215,42,26.038684825313975,4.293255158073836,5.986370129713672,1,5.986370129713672,False,4.088877502414281,1,4.088877502414281,False,2.237035067500498,1,2.237035067500498,False,6.687767999999999,0.5714285714285713,2.6281218589217437,-1.036498704837554,0.6038080234945981,0.8057556008454888,13.93285,1.0643334924238614
43,raw,71.0124244328254,63,7.140115151422993,50,30.116991281109478,4.217997979361341,6.085917897476005,1,6.085917897476005,False,3.8409563721918567,1,3.8409563721918567,False,1.8715554814743847,1,1.8715554814743847,False,7.523739,0.16666666666666669,1.9559121737498548,-1.7359087112729112,0.032323917480398104,0.16761734969832207,14.768820999999999,1.2063935420782763
43,raw,73.0124244328254,63,5.29073712522249,48,25.337545256579592,4.789038777940433,6.5813797489048085,1,6.5813797489048085,False,4.722721108570704,1,4.722721108570704,False,2.8000171184126215,1,2.8000171184126215,False,7.245081999999999,0.0,1.0067215620422967,-1.1222619820873965,0.13076160791823366,0.30222238720834826,11.14628,0.9354009701567386
43,raw,75.0124244328254,63,9.438699672504788,42,36.64824592566722,3.8827642786881595,5.925918357695835,1,5.925918357695835,False,3.5729070637914457,1,3.5729070637914457,False,1.9494561118187161,1,1.9494561118187161,False,6.966425,-0.16666666666666669,1.990355842711659,-3.2356601434923573,0.45125656845506035,0.30955404103329665,14.211507,1.2352121281711264
43,repaired,-58.9875755671746,57,12.845837748701085,48,52.489116055428156,4.086079637798292,6.40009819252255,1,6.40009819252255,False,3.87073763863986,1,3.87073763863986,False,1.5847176297982142,1,1.5847176297982142,False,8.081052999999999,0.0769230769230769,3.7741658570649848,-3.0777314551846238,0.326100859821692,0.10197632618390601,15.047478,0.9421765223162396
43,repaired,-56.9875755671746,57,9.983107128317346,53,51.123776860403375,5.121028573898545,6.73682706469751,1,6.73682706469751,False,4.962366078219748,1,4.962366078219748,False,2.7429363942194662,1,2.7429363942194662,False,8.081052999999999,0.0588235294117647,2.223393759111038,-1.8515667270389427,0.0,0.3036221904351662,,0.754411534600236
43,repaired,-54.9875755671746,58,9.226096284693591,53,52.8735283580244,5.730866742171702,7.324772811238265,1,7.324772811238265,False,5.527615859735131,1,5.527615859735131,False,3.6297283265052576,1,3.6297283265052576,False,8.081052999999999,0.15789473684210523,2.0703034921419734,-1.0747208894715863,0.19624967323785583,0.01681698641105614,11.424937,0.6303141897397138
43,repaired,-52.9875755671746,58,7.780078182728548,56,46.87135281553486,6.024534935855442,7.893242477449526,1,7.893242477449526,False,5.769122405271194,1,5.769122405271194,False,3.8329071774569643,1,3.8329071774569643,False,8.359709999999998,-0.30000000000000004,0.9411484847762904,-2.0027611387375455,0.3066308395373175,0.046559822000136544,13.654193,0.5649391606519155
43,repaired,-50.9875755671746,58,5.632354160768451,51,30.851435846595354,5.477538337608041,7.9284071117067185,1,7.9284071117067185,False,5.132605959209087,1,5.132605959209087,False,2.6740460090498503,1,2.6740460090498503,False,8.359709999999998,-0.3333333333333334,0.8979046304435412,-1.6952294285703773,0.4929131103713914,0.0,,0.6041510901409293
43,repaired,-48.9875755671746,58,2.3978878621885507,47,16.179479149665344,6.747387734344818,8.620458647986357,2,8.94938675583871,False,7.095231093958586,1,7.095231093958586,False,5.358611486109465,1,5.358611486109465,False,8.081052999999999,0.52,0.705114065627987,-0.13848912918217096,0.2845582350450842,0.0,,0.15190592080881637
43,repaired,-46.9875755671746,58,3.4616799643772582,42,16.605592027979874,4.796974936695845,6.762094431040677,1,6.762094431040677,False,4.726603426758829,1,4.726603426758829,False,2.641230952455272,1,2.641230952455272,False,6.687767999999999,0.25000000000000006,0.9883241865334517,-0.609177316459525,0.2569120883661827,0.2622986801575278,12.260908,0.8008382146266738
43,repaired,-44.9875755671746,58,6.859033959009121,56,27.407090645620737,3.995765410903441,5.992933442530086,1,5.992933442530086,False,3.615887550039683,1,3.615887550039683,False,1.7605571699064737,1,1.7605571699064737,False,6.966425,0.3333333333333333,2.4509992199778776,-1.6371520600300455,0.0,0.019421981152550744,,1.1450372707499885
43,repaired,-42.9875755671746,58,10.43033779558411,55,38.530675760799646,3.694096635787996,5.63594869542594,1,5.63594869542594,False,3.472058680594285,1,3.472058680594285,False,1.3461001873608944,1,1.3461001873608944,False,6.687767999999999,0.27272727272727265,4.282273657173573,-2.403902235984642,0.06758356816700675,0.0,,1.195534768456109
43,repaired,-40.9875755671746,58,11.445873341086722,51,39.51446866041738,3.4522895267916445,5.07042368590289,1,5.07042368590289,False,3.440387116511384,1,3.440387116511384,False,1.075159126222323,1,1.075159126222323,False,5.5731399999999995,-0.6363636363636362,1.9030266270357057,-6.5001129302760665,0.06067076130030606,0.09907318688112328,9.195681,1.270199750521137
43,repaired,-38.9875755671746,58,7.128663095389097,48,34.08977648253556,4.782071480497547,6.23898392167577,1,6.23898392167577,False,4.781712665217586,1,4.781712665217586,False,2.7131995069864203,1,2.7131995069864203,False,6.409110999999999,-0.2500000000000001,1.1669680423050368,-1.7105248123318169,0.12065839840600351,0.14595853710814238,11.14628,0.8579182352797201
43,repaired,-36.9875755671746,58,4.794021833992481,55,25.175522176628828,5.251440867064752,7.423294651907472,1,7.423294651907472,False,5.43141302438562,1,5.43141302438562,False,2.648049383934982,1,2.648049383934982,False,8.081052999999999,0.3333333333333334,1.1510722933590924,-0.6418941976826691,0.13694813155085023,0.0,,0.6704090374970251
43,repaired,-34.9875755671746,59,2.4833620865646346,55,13.354680358789022,5.377661369254152,7.177990649354599,1,7.177990649354599,False,4.722496013663702,1,4.722496013663702,False,2.654831393377024,1,2.654831393377024,False,6.966425,0.5000000000000001,0.7558676662734365,-0.34708396617882775,0.07296558730306839,0.0,,0.7843120776570822
43,repaired,-32.9875755671746,59,2.006597504295975,53,11.286498096461521,5.62469457491997,7.724685463146297,1,7.724685463146297,False,5.829041822169519,1,5.829041822169519,False,2.694374245135359,1,2.694374245135359,False,6.409110999999999,0.29999999999999993,0.4826264413369835,-0.18354243993598976,0.06008300163112088,0.01860644689795387,12.260908,0.5503563154797916
43,repaired,-30.987575567174602,59,6.006680632450207,53,27.61129933335156,4.596765005981104,7.112208768946559,1,7.112208768946559,False,4.247248688965337,1,4.247248688965337,False,2.11566530053546,1,2.11566530053546,False,7.802395999999999,0.14285714285714282,1.7438543593289983,-1.1843693938738487,0.06657820377049503,0.012673524583484481,13.654193,0.9144523172637908
43,repaired,-28.987575567174602,59,8.386639977104425,48,40.392498876189435,4.816291027927893,6.840883904389909,1,6.840883904389909,False,4.819917746345981,1,4.819917746345981,False,2.687755709563163,1,2.687755709563163,False,7.802395999999999,0.0,1.803446690687246,-1.762111455140971,0.17992288582213853,0.0,,0.8250137542180387
43,repaired,-26.987575567174602,59,10.409667183010857,55,48.299535993946634,4.6398732202287984,6.68571287219209,1,6.68571287219209,False,4.504873703454935,1,4.504873703454935,False,2.1690688988647406,1,2.1690688988647406,False,8.081052999999999,-0.3333333333333333,1.7565724269685412,-3.4881121482752593,0.04894720623106878,0.0,,0.9070305172371965
43,repaired,-24.987575567174602,59,6.621337937290202,59,35.44281540141979,5.352817774457959,7.082917169924595,1,7.082917169924595,False,5.137109734562371,1,5.137109734562371,False,3.236261944763226,1,3.236261944763226,False,7.802396,-0.17647058823529407,1.118777329264102,-1.4150068958994306,0.0,0.0,,0.7737448231192587
43,repaired,-22.987575567174602,59,9.405911330934739,59,36.12982096227265,3.841182389573106,6.475038706499274,1,6.475038706499274,False,2.948170874719483,1,2.948170874719483,False,0.7814242640609004,1,0.7814242640609004,False,7.802396,-0.5555555555555556,2.469976955519108,-6.821747003395967,0.0,0.0,,1.242391203625219
43,repaired,-20.987575567174602,59,6.096463676656275,59,32.56371911983816,5.341411160133143,7.184106315334389,1,7.184106315334389,False,5.158558274343195,1,5.158558274343195,False,2.5573552883593083,1,2.5573552883593083,False,7.802396,0.44444444444444453,2.1222994113379126,-0.7584284792647229,0.0,0.0,,0.7571850878876243
43,repaired,-18.987575567174602,59,4.932596378463988,54,26.51008639586394,5.374469014251514,7.357204709158996,1,7.357204709158996,False,5.453245510903484,1,5.453245510903484,False,2.587925824190911,1,2.587925824190911,False,7.523739,0.5555555555555556,1.7988687716265348,-0.5640045831995683,0.03165218137851527,0.24992953939933263,14.211507000000001,0.6489165610234862
43,repaired,-16.987575567174602,59,3.4964509448192773,54,19.159215669016042,5.479618038801438,7.1043145133103085,1,7.1043145133103085,False,5.334801491223977,1,5.334801491223977,False,3.20171239630865,1,3.20171239630865,False,6.966425,0.3333333333333334,0.9137401774944628,-0.4155024258568424,0.14694961037136678,0.0,,0.6892346466764083
43,repaired,-14.987575567174602,59,4.128166931541086,46,14.718078346330655,3.5652817801232297,5.920407771973947,1,5.920407771973947,False,3.1719186972179747,1,3.1719186972179747,False,1.0659512429870484,1,1.0659512429870484,False,6.130453999999999,0.6000000000000001,2.686050874572239,-0.7600736964314386,1.5950641209371637,0.0,,0.6758359181467657
43,repaired,-12.987575567174602,60,3.6211967239960994,26,15.544631277721466,4.2926779356431926,5.920325094301701,1,5.920325094301701,False,4.582788668638904,1,4.582788668638904,False,2.6145714497168786,1,2.6145714497168786,False,6.130453999999999,0.12499999999999997,0.7656540726602697,-0.7519778373940499,1.521551081365129,0.4473259815934244,13.932849999999998,0.5679953818386383
43,repaired,-10.987575567174602,60,6.765321197362222,52,34.3603060058672,5.078887609839453,6.485307490850641,1,6.485307490850641,False,5.039985607594305,1,5.039985607594305,False,3.1848796193490445,1,3.1848796193490445,False,7.245081999999999,0.17647058823529407,1.5842472320006755,-1.0543740208738712,0.551061613086542,0.0,,0.8256440299188386
43,repaired,-8.987575567174602,60,10.707875545571655,48,49.119031742288385,4.587187396159272,6.570814964832779,1,6.570814964832779,False,4.742594996493945,1,4.742594996493945,False,1.9746717234386937,1,1.9746717234386937,False,8.081052999999999,0.37499999999999994,3.439309425906404,-1.6830792016115728,0.13215028608338403,0.019161756136911373,15.883448999999999,0.8857334765152717
43,repaired,-6.987575567174602,60,8.942714602382704,55,37.69681139818417,4.215365587999442,6.410975849161325,1,6.410975849161325,False,4.139544010409091,1,4.139544010409091,False,1.644305037510184,1,1.644305037510184,False,7.523739,0.2307692307692307,3.001246792944969,-1.786716648562496,0.33456172610394297,0.20730993085062716,13.096879,1.0091688102604335
43,repaired,-4.987575567174602,60,3.1118343783702174,53,18.34562622902303,5.895437866661564,7.050383946312332,1,7.050383946312332,False,5.593402530928499,1,5.593402530928499,False,4.252676037584966,1,4.252676037584966,False,6.966425,-0.3,0.2883126686262408,-0.7865625652204432,0.0,0.20019834699136987,,0.6537296358310556
43,repaired,-2.987575567174602,60,1.6685267043440384,46,9.802167949681603,5.874744422226799,7.2252034679042865,1,7.2252034679042865,False,6.064086878701879,1,6.064086878701879,False,3.288612248801626,1,3.288612248801626,False,6.130453999999999,-0.23809523809523805,0.18590525107273687,-0.33414548426268387,0.1661323930461453,0.47242855904562275,11.982251,0.3970638596752445
43,repaired,-0.987575567174602,60,2.82536092782176,53,15.379119960372565,5.443240829492623,7.75343748352459,1,7.75343748352459,False,5.174288591240186,1,5.174288591240186,False,2.616851634985918,1,2.616851634985918,False,7.523738999999999,-0.44444444444444453,0.44863943318891136,-0.9090847285876419,0.11098776341609455,0.12217618939969277,12.818221999999999,0.7138964225330541
43,repaired,1.012424432825398,60,7.9131810071210005,55,28.131572730305493,3.555027075077664,6.131538533879135,1,6.131538533879135,False,2.6821521718548165,1,2.6821521718548165,False,0.9831530516507574,1,0.9831530516507574,False,8.359709999999998,-0.25000000000000017,2.6037410255829427,-3.536042564467048,0.10726688778603892,0.33840440334082583,11.982251,1.3410720119175539
43,repaired,3.012424432825398,60,4.739348798294738,41,22.611054026690947,4.7709200122233275,6.361261908254328,1,6.361261908254328,False,4.7986608863528675,1,4.7986608863528675,False,2.8919402564638474,1,2.8919402564638474,False,6.409111,0.12499999999999997,1.061498371509968,-0.8169010648014494,0.21905307213568623,0.4593644465354728,12.818221999999999,0.834164223413617
43,repaired,5.012424432825398,60,9.68619632549153,41,33.145495278278794,3.421930979351362,5.5341879582167195,1,5.5341879582167195,False,2.9569270093583917,1,2.9569270093583917,False,1.472702043187517,1,1.472702043187517,False,6.966425,0.20000000000000012,4.068899367855059,-3.1257745841237052,0.2381214441794074,0.2407612801382664,10.588966,1.418771126429523
43,repaired,7.012424432825398,61,6.239019550785228,59,29.829030853017553,4.7810446193045415,6.646011022168068,1,6.646011022168068,False,4.373570972426746,1,4.373570972426746,False,2.2572043211334623,1,2.2572043211334623,False,7.245082,0.06666666666666665,1.5079899096568397,-1.3997820516624382,0.20604108397870788,0.0,,0.9831782898085197
43,repaired,9.012424432825398,61,8.04428750847104,52,32.10720476115509,3.9913049760273465,6.319970369801126,1,6.319970369801126,False,3.740527133379903,1,3.740527133379903,False,1.3622205465352253,1,1.3622205465352253,False,7.523739,-6.640320206234167e-17,2.174691694565251,-2.1666337756146907,0.2054586590520553,0.43138013897257277,14.768820999999999,1.076631378959515
43,repaired,11.012424432825398,61,8.008419047111271,61,33.63328773166923,4.199741239040325,6.213522499960156,1,6.213522499960156,False,3.643541334366371,1,3.643541334366371,False,1.695927577786843,1,1.695927577786843,False,7.245082,0.16666666666666663,2.7431383960235856,-2.012431736767583,0.0,0.0,,1.1944234075833053
43,repaired,13.012424432825398,61,7.728935919765647,56,31.554205863530335,4.082606737990281,5.752990854102457,1,5.752990854102457,False,3.8100783252355823,1,3.8100783252355823,False,1.9549616275665227,1,1.9549616275665227,False,6.409110999999999,0.2307692307692307,2.7618160094280295,-1.7313643181392504,0.07479946991208465,0.5147696687282555,13.096879,1.1882206235057873
43,repaired,15.012424432825398,61,9.406028257141514,58,35.15060012097969,3.7370289733386293,5.308068912156211,1,5.308068912156211,False,3.265245359237099,1,3.265245359237099,False,1.576778983294529,1,1.576778983294529,False,6.966425,0.09090909090909088,3.05241411018806,-3.022247349233243,0.0,0.19439261788715206,,1.3871795413954544
43,repaired,17.012424432825398,61,5.67776197900951,49,25.24123386156134,4.445630858580777,6.372605792640291,1,6.372605792640291,False,4.2653215377298315,1,4.2653215377298315,False,2.338631318448197,1,2.338631318448197,False,6.966425,0.0,1.251363660200936,-1.3865912912583616,0.10548573383332224,0.4657908753337943,13.654193,1.0123173123314322
43,repaired,19.012424432825398,61,4.931748936435786,60,24.42692547904618,4.952994524636064,6.7541522395058,1,6.7541522395058,False,4.810917255968976,1,4.810917255968976,False,2.4727134416763343,1,2.4727134416763343,False,6.966425,0.24999999999999994,1.2302842752165035,-0.8766865612052325,0.007425614549174727,0.0,,0.9204366676588459
43,repaired,21.012424432825398,61,5.696653053380176,55,27.507161435206115,4.828653101646135,6.806421185330082,1,6.806421185330082,False,4.601953018933399,1,4.601953018933399,False,2.4248422492507555,1,2.4248422492507555,False,7.802395999999999,0.37500000000000006,1.9676684606973431,-0.9692624772908649,0.09067929596803395,0.0,,0.9366211042085989
43,repaired,23.012424432825398,61,9.074913265437868,55,34.99790421694516,3.8565552301459376,5.960130328747253,1,5.960130328747253,False,3.18875594767852,1,3.18875594767852,False,1.3140567381441732,1,1.3140567381441732,False,7.523739,0.39999999999999997,4.514523735102192,-2.443193271672068,0.1356497072829702,0.0,,1.3004274461177945
43,repaired,25.012424432825398,61,3.555445688393236,53,17.149498153463057,4.8234454007967695,6.810402562585066,1,6.810402562585066,False,4.350151373853334,1,4.350151373853334,False,2.1325655431597226,1,2.1325655431597226,False,6.409110999999999,0.19999999999999996,0.8955949599266837,-0.7422576784392588,0.12408632419857168,0.16108491462204927,11.703593999999999,0.9515578759348507
43,repaired,27.012424432825398,62,1.5716432120168635,50,8.743855457195489,5.563511737485663,6.502809080083516,2,6.812206303750599,False,5.084394579992448,1,5.084394579992448,False,4.032366059886176,1,4.032366059886176,False,5.015826,0.17647058823529413,0.25769581931885127,-0.18104008617811387,0.1486414286780297,0.1310275398991975,13.93285,0.7321632082469611
43,repaired,29.012424432825398,62,1.6574448183508874,62,10.900566685573947,6.576729773978065,7.983799779875676,2,8.141695884268223,False,4.745440926949944,2,5.97603907688118,False,3.867259459126787,1,3.867259459126787,False,6.687767999999999,-0.6250000000000001,0.10799753706172954,-0.530898070892754,0.0,0.0,,0.6674516633297466
43,repaired,31.012424432825398,62,2.7535866272484997,57,16.96360774872135,6.1605498737013065,8.616337461108099,1,8.616337461108099,False,5.15333599219154,2,5.980999094096331,False,2.958230161170021,1,2.958230161170021,False,7.523739,0.411764705882353,0.940095929472733,-0.3018199315785675,0.15800765339284834,0.0,,0.6170678887497146
43,repaired,33.0124244328254,62,5.429095432305795,53,23.75379682500355,4.375277082745082,6.359830809114595,1,6.359830809114595,False,4.164147340169524,1,4.164147340169524,False,2.1098628075951376,1,2.1098628075951376,False,6.687767999999999,0.0,1.4067982461285942,-1.2655865614553927,0.1269281295101663,0.19395755859510438,16.440763,1.0918096963686246
43,repaired,35.0124244328254,62,7.4815045751173885,57,34.672655733170274,4.634449579632348,6.30036594141056,1,6.30036594141056,False,4.364115689423828,1,4.364115689423828,False,2.2251048918682463,1,2.2251048918682463,False,7.523739,0.06666666666666665,1.797800216734967,-1.7499991501220404,0.142706382748184,0.03060458205031236,16.162106,1.051814823210769
43,repaired,37.0124244328254,62,8.513475862881982,55,41.12632859179842,4.830732976069815,6.652941630168261,1,6.652941630168261,False,4.793403177085662,1,4.793403177085662,False,2.7638328384736375,1,2.7638328384736375,False,7.802395999999999,0.24999999999999994,2.429900537910692,-1.394370979213403,0.7104424377532769,0.0,,0.8958350924012454
43,repaired,39.0124244328254,62,9.118130650558296,46,43.16909081714963,4.73442336719604,6.321784899727451,1,6.321784899727451,False,4.734478833617077,1,4.734478833617077,False,2.8224863541116356,1,2.8224863541116356,False,7.523738999999999,-0.24999999999999994,1.5856077117084064,-2.4241089759264964,0.6060640411894656,0.06585300225853974,15.604792,0.940676607717927
43,repaired,41.0124244328254,62,10.4042990840108,45,43.37014378032445,4.168482992475212,6.0440671365187,1,6.0440671365187,False,3.974347717243742,1,3.974347717243742,False,1.980379858564433,1,1.980379858564433,False,7.523738999999999,0.14285714285714282,3.252859017983657,-2.448830253644008,0.2495093526380774,0.014325075721051544,14.211507000000001,1.1272358807932954
43,repaired,43.0124244328254,62,7.7801226219955755,46,36.56830091206605,4.700221666003306,6.8335721237410425,1,6.8335721237410425,False,4.791270895958116,1,4.791270895958116,False,2.4771103079127377,1,2.4771103079127377,False,7.523738999999999,0.625,3.275832142236112,-1.1193961276494837,0.18255188789317803,0.24280926637089184,13.375536,0.9108217846181208
43,repaired,45.0124244328254,62,4.259511966217462,50,20.3934059065342,4.787732976987967,6.494701030806718,1,6.494701030806718,False,5.183049628143324,1,5.183049628143324,False,2.3380904702279306,1,2.3380904702279306,False,6.687767999999999,0.33333333333333326,1.280001030898443,-0.6169984952569958,0.4438565517262345,0.08921689351537325,11.14628,0.8534875550210118
43,repaired,47.0124244328254,62,1.2817711638793006,40,4.820390109933706,3.760725974942922,4.803189677991577,3,5.9197358948882695,False,3.0684789115303137,1,3.0684789115303137,False,1.5133888808980385,2,1.902128698213936,False,2.7865699999999998,-0.6000000000000001,0.1026063738035248,-1.1033936325458513,0.18311144295983167,0.4907976041237125,8.35971,0.9660083569406007
43,repaired,49.0124244328254,63,0.7385470562963354,34,2.6601555607195944,3.6018768716779377,4.0697162430136675,3,5.3066743855070735,False,3.242553238911062,1,3.242553238911062,False,1.6247609136873182,2,1.7859091455594647,False,0.5573139999999999,0.27272727272727265,0.24042020160500682,-0.1837235818070479,0.15122557419366367,1.3251447918944008,10.867623,-0.3919862133091935
43,repaired,51.0124244328254,63,2.4455234155020604,30,6.474575146066261,2.647521223891878,3.3854168807758755,1,3.3854168807758755,False,2.6563530151411183,1,2.6563530151411183,False,1.3311696683538314,1,1.3311696683538314,False,3.0652269999999997,0.5000000000000001,0.629210067343892,-0.5260996979192759,0.19832390999700403,0.9996756206533303,10.867623,1.4280918772181015
43,repaired,53.0124244328254,63,6.822660976948711,42,18.838171973239685,2.7611179914826507,4.049949179362384,1,4.049949179362384,False,2.3593352384118402,1,2.3593352384118402,False,1.1244613609414569,1,1.1244613609414569,False,5.015826,0.14285714285714282,3.4794774778670616,-2.603313298451353,0.133329281614125,1.0370160943526592,10.310309,1.761581623236851
43,repaired,55.0124244328254,63,5.059973620587016,49,17.93695285976041,3.544870824381791,5.332511031851516,1,5.332511031851516,False,3.2172847442490493,1,3.2172847442490493,False,1.5509320144107286,1,1.5509320144107286,False,5.5731399999999995,0.27272727272727276,2.1742997967823983,-1.3103461301768666,0.2385094464065336,0.1666123480135603,16.440762999999997,1.4110322293723545
43,repaired,57.0124244328254,63,2.5534466423623288,49,12.916831637172983,5.058586861726211,7.532034005692699,1,7.532034005692699,False,4.40238294860618,1,4.40238294860618,False,2.4056791561120248,1,2.4056791561120248,False,6.130453999999999,0.06666666666666665,0.5438101356822334,-0.6302065270914088,0.07928336498727118,0.1341178874782869,13.932849999999998,0.9476926907737109
43,repaired,59.0124244328254,63,2.212706829553991,45,12.564232899424558,5.678218520235279,8.193408135457355,2,8.257950608964219,False,5.204841378733092,1,5.204841378733092,False,2.702181388514315,1,2.702181388514315,False,7.802396,0.0588235294117647,0.4455673212091826,-0.41756925710859083,0.1571291672657066,0.1893647769566651,15.326134999999999,0.5745748113132367
43,repaired,61.0124244328254,63,3.0926271646672885,43,15.92184023434864,5.148321923914015,7.505568718450489,2,7.608297152760225,False,4.648938491615423,1,4.648938491615423,False,2.8378573762759585,1,2.8378573762759585,False,7.245081999999999,0.19999999999999996,0.6493982428671217,-0.5342545864299528,0.13109736518563528,0.2650170006266285,15.883448999999999,0.7664547809335179
43,repaired,63.0124244328254,63,8.16781982420307,47,29.55654640753074,3.6186579826293555,5.347552190712954,1,5.347552190712954,False,3.218689516135332,1,3.218689516135332,False,1.2881010429046258,1,1.2881010429046258,False,7.245081999999999,0.09090909090909088,2.198750186288194,-2.5359628877662934,0.13917735826548622,0.14276153760932622,13.654193,1.3855573672261905
43,repaired,65.0124244328254,63,5.954110800618716,46,25.14599302291846,4.223299475768143,6.065010728092306,1,6.065010728092306,False,3.9141202591263355,1,3.9141202591263355,False,2.0852791061759337,1,2.0852791061759337,False,6.687767999999999,0.0769230769230769,1.5046050810999543,-1.4104342181042948,0.28752929470150707,0.3866194222337479,13.93285,1.15387357076601
43,repaired,67.0124244328254,63,7.114562021240953,52,27.476368267399618,3.8619901246720834,5.6179063745971485,1,5.6179063745971485,False,3.5274164117309446,1,3.5274164117309446,False,1.3912724447420615,1,1.3912724447420615,False,6.687767999999999,0.16666666666666669,2.5086210238091677,-1.6214619957344167,0.08414513439017152,0.33113895671969923,11.982251,1.2702283284493874
43,repaired,69.0124244328254,63,6.065021496881215,42,26.038684825313975,4.293255158073836,5.986370129713672,1,5.986370129713672,False,4.088877502414281,1,4.088877502414281,False,2.237035067500498,1,2.237035067500498,False,6.687767999999999,0.5714285714285713,2.6281218589217437,-1.036498704837554,0.6038080234945981,0.8057556008454888,13.93285,1.0643334924238614
43,repaired,71.0124244328254,63,7.140115151422993,50,30.116991281109478,4.217997979361341,6.085917897476005,1,6.085917897476005,False,3.8409563721918567,1,3.8409563721918567,False,1.8715554814743847,1,1.8715554814743847,False,7.523739,0.16666666666666669,1.9559121737498548,-1.7359087112729112,0.032323917480398104,0.16761734969832207,14.768820999999999,1.2063935420782763
43,repaired,73.0124244328254,63,5.29073712522249,48,25.337545256579592,4.789038777940433,6.5813797489048085,1,6.5813797489048085,False,4.722721108570704,1,4.722721108570704,False,2.8000171184126215,1,2.8000171184126215,False,7.245081999999999,0.0,1.0067215620422967,-1.1222619820873965,0.13076160791823366,0.30222238720834826,11.14628,0.9354009701567386
43,repaired,75.0124244328254,63,9.438699672504788,42,36.64824592566722,3.8827642786881595,5.925918357695835,1,5.925918357695835,False,3.5729070637914457,1,3.5729070637914457,False,1.9494561118187161,1,1.9494561118187161,False,6.966425,-0.16666666666666669,1.990355842711659,-3.2356601434923573,0.45125656845506035,0.30955404103329665,14.211507,1.2352121281711264
44,raw,-78.05098307534013,61,1.6532960940033212,47,8.975309174331153,5.428736695674504,6.197778056264739,2,8.658283215171704,False,3.8388742219899634,2,4.610645089074701,False,2.570646539847323,1,2.570646539847323,False,3.901198,0.5384615384615385,0.5495668948868244,-0.27498558554402974,0.05736734519168597,0.21269297889418476,11.14628,0.7168543648015522
44,raw,-76.05098307534013,61,3.3844111162125516,53,12.424708906175415,3.671158284127059,6.697407920616426,1,6.697407920616426,False,2.7722235695022635,1,2.7722235695022635,False,1.2034814345608573,1,1.2034814345608573,False,4.458512,-0.33333333333333337,1.0049193493752764,-1.7974547220024537,0.17325531636286712,0.03788604906319486,11.703593999999999,1.3957552739707129
44,raw,-74.05098307534013,61,2.5124008770611113,57,11.923787443415431,4.745973284869777,6.776685844606542,1,6.776685844606542,False,4.127486275347692,1,4.127486275347692,False,2.250025386940628,2,2.738892329877636,False,5.8517969999999995,-0.14285714285714288,0.3022470071143967,-0.746815718176144,0.008496306898614643,0.02409598226947285,15.604792,1.0020375608374108
44,raw,-72.05098307534013,61,1.5316777831716033,52,6.6584286738197065,4.347147126487844,6.55134736304967,1,6.55134736304967,False,3.152326017234195,1,3.152326017234195,False,2.0064349695825126,1,2.0064349695825126,False,3.0652269999999997,-0.4000000000000001,0.3652623677444829,-0.47788051975828166,0.14584956807302066,0.0,,1.161717490307087
44,raw,-70.05098307534013,61,2.0002159079108246,45,10.226868590800667,5.112882339528223,6.597400668009337,1,6.597400668009337,False,4.961426783873119,1,4.961426783873119,False,2.8642432052483917,1,2.8642432052483917,False,5.5731399999999995,-0.411764705882353,0.24016482004400536,-0.7004164488806145,0.05688280530677381,0.721677901562518,10.310309,0.5135730087080842
44,raw,-68.05098307534013,61,3.2884834364116884,43,16.256674390923482,4.943517188173026,7.306767472836485,1,7.306767472836485,False,4.969979949166088,1,4.969979949166088,False,2.0837099816481985,1,2.0837099816481985,False,6.966425,0.2941176470588235,0.9500088439633816,-0.44324232272968744,0.13093827939609506,1.342810690146997,11.424937,0.35952899879491107
44,raw,-66.05098307534013,61,3.7620485635279546,49,16.672377098654366,4.4317283036398205,6.2898900429002085,1,6.2898900429002085,False,4.270706977400767,1,4.270706977400767,False,2.0091326750336345,1,2.0091326750336345,False,6.130453999999999,0.14285714285714282,0.8764563827027364,-0.790961217024956,0.07402097675211172,0.4292975953741293,13.375536,0.9568923160716087
44,raw,-64.05098307534013,61,3.164112664491637,59,14.673558336186662,4.637495529428056,7.049267198287405,1,7.049267198287405,False,4.723907366598908,1,4.723907366598908,False,1.7491871834470936,1,1.7491871834470936,False,6.409110999999999,0.37499999999999994,0.9073933232493548,-0.5788323107115801,0.0,0.2063649920577597,,0.9936025829423754
44,raw,-62.05098307534013,61,2.4672191637302343,59,13.81443777379288,5.599193609094125,8.024877009459841,1,8.024877009459841,False,4.338109928307389,2,5.26071577968291,False,1.8575610194376617,2,2.037297516409914,False,7.245082,-0.14285714285714282,0.48347616244216873,-0.4014693566975535,0.006291873837054764,0.0,,0.7271757522774884
44,raw,-60.05098307534013,61,1.0259955035408246,58,6.436995253958552,6.273902011991052,6.433432901682715,3,11.251904836071041,False,4.218344148297102,2,4.853434655877717,False,2.260207049877373,1,2.260207049877373,False,2.7865699999999998,0.0,0.2640392623072081,-0.1308412050517141,0.2603723127161964,0.0,,0.619946381800045
44,raw,-58.05098307534013,61,1.6277709340708164,52,7.263169441939698,4.462034116665037,5.231417671836938,2,5.284010510620301,False,4.014481875714373,1,4.014481875714373,False,1.9339152928277374,1,1.9339152928277374,False,4.179855,-0.3846153846153846,0.305443456605457,-0.3223771631506627,0.08443876259811853,0.20021278628778127,6.687768,1.1633064150019181
44,raw,-56.05098307534013,61,3.486410278978904,48,15.348730884484143,4.402445396925419,6.761345307610467,1,6.761345307610467,False,3.8066922831728722,1,3.8066922831728722,False,1.8468052243943869,1,1.8468052243943869,False,6.687767999999999,0.38461538461538464,1.245045874034475,-0.6810027651551025,0.6165685939277831,0.7360071218250477,13.654193,0.7609391143255451
44,raw,-54.05098307534013,61,2.2293267041298668,35,9.844364030400321,4.415846278682915,6.1861828796820095,1,6.1861828796820095,False,4.004285185114247,1,4.004285185114247,False,2.6872454168751307,1,2.6872454168751307,False,5.5731399999999995,0.3846153846153846,0.6987542900132475,-0.3884306006815567,1.2379455816188734,0.6848514521974648,10.031652,0.49797315963629607
44,raw,-52.05098307534013,61,3.645906259418438,56,14.963586993500392,4.104216051865044,5.717480803638267,1,5.717480803638267,False,3.1582307565714176,1,3.1582307565714176,False,1.7363148540410722,1,1.7363148540410722,False,5.8517969999999995,0.0909090909090909,1.3333694714298983,-1.1372364778176967,0.2755583785481783,0.2647354537586953,16.440763,1.4145449423492427
44,raw,-50.05098307534013,62,3.6465397744458907,54,18.209201287986886,4.993556196916531,6.4687124660495705,1,6.4687124660495705,False,4.352020091578181,1,4.352020091578181,False,2.4011856838690964,1,2.4011856838690964,False,6.409110999999999,0.19999999999999996,1.045853928286756,-0.5796574169993384,0.0,0.2917834054014532,,0.9889221898165252
44,raw,-48.05098307534013,62,3.3695033981970433,56,16.46567114435819,4.886675927725331,6.542981758577366,1,6.542981758577366,False,4.618154709409831,1,4.618154709409831,False,2.7416447781122844,1,2.7416447781122844,False,6.409110999999999,0.3333333333333334,1.0610123591646765,-0.561869535926317,0.013714422416232934,0.2995640229284662,13.93285,0.9596211009133024
44,raw,-46.05098307534013,62,2.923210994614725,62,14.642836878296647,5.009161810513289,5.883476598839872,2,6.466144436390236,False,4.0019018234677635,1,4.0019018234677635,False,2.669605945108215,1,2.669605945108215,False,5.015826,0.5384615384615384,1.350366586880574,-0.373414145139677,0.0,0.0,,1.201175665447136
44,raw,-44.05098307534013,62,2.599969688584938,60,15.124851308079327,5.817318322780598,7.631838913529153,2,8.020115813988891,False,4.723113825846614,1,4.723113825846614,False,1.4009043659840619,4,2.7071234301478144,False,7.245082,0.37500000000000006,0.7796721077973975,-0.19249006444246625,0.0,0.09423378119587558,,0.8135988981753711
44,raw,-42.05098307534013,62,1.7827346748860866,46,9.823614374257742,5.510418635283152,7.387484874814693,3,8.620858845880504,False,5.345025510792653,1,5.345025510792653,False,1.4515587948653028,1,1.4515587948653028,False,6.130453999999999,0.7777777777777778,0.8091071594466437,-0.1448878982470255,0.2918340794467156,0.0,,0.4280991600482532
44,raw,-40.05098307534013,62,2.411739089224432,56,10.944403979783692,4.537971801627678,6.341155410183129,1,6.341155410183129,False,3.7450353422978804,1,3.7450353422978804,False,1.234926240326282,1,1.234926240326282,False,5.5731399999999995,0.33333333333333326,0.9176822365245537,-0.40031424917190545,0.0,0.19174046612201587,,1.080154292780228
44,raw,-38.05098307534013,62,2.2552540387052677,57,10.58800857988211,4.694818587249108,5.067933138438402,2,5.120289177993627,False,3.705980083667618,1,3.705980083667618,False,2.2801846945523625,1,2.2801846945523625,False,4.458512,0.23076923076923078,0.7891645796078688,-0.4033889505592108,0.09125597368150117,0.31174578861912017,6.687767999999999,1.20742448893761
44,raw,-36.05098307534013,62,2.058213262032419,49,9.737562758313443,4.731075704321288,6.676600343998632,1,6.676600343998632,False,5.427754858480471,1,5.427754858480471,False,1.5016498378116219,1,1.5016498378116219,False,5.5731399999999995,-0.4736842105263159,0.15943787604584397,-0.7595768521756557,0.19968704818698618,0.1241849611282004,12.539565,0.8073864586441379
44,raw,-34.05098307534013,62,3.329241532130402,48,17.35143187562711,5.2118272910418195,6.393526316872984,1,6.393526316872984,False,5.245278840321111,1,5.245278840321111,False,2.497167550450384,1,2.497167550450384,False,6.130453999999999,-0.3333333333333334,0.3091998054265257,-0.9940023851112606,0.11061349920269437,0.2907335702185773,11.424937,0.7702292859654835
44,raw,-32.05098307534013,62,3.5126879212920765,52,17.094530137695386,4.866509784167642,6.150574580405844,1,6.150574580405844,False,4.393545685961877,1,4.393545685961877,False,2.873078688871317,1,2.873078688871317,False,6.130453999999999,-0.4666666666666666,0.48058557191809886,-1.3696375626508548,0.0,0.7673523591433905,,0.8914866875059941
44,raw,-30.050983075340127,62,4.376666133903152,51,14.951801860219211,3.4162536969401076,5.030368652239445,1,5.030368652239445,False,2.898381975352924,1,2.898381975352924,False,0.8839378490206006,1,0.8839378490206006,False,5.294483,0.0,1.5598033846384258,-1.440530867697946,0.09420937819764288,1.0358208747211273,10.867623,1.1344518714944007
44,raw,-28.050983075340127,62,4.350874364247206,57,18.343219991634395,4.2159847552408385,5.414070583669602,1,5.414070583669602,False,3.8049856755735627,1,3.8049856755735627,False,2.3044596857927147,1,2.3044596857927147,False,5.5731399999999995,6.640320206234167e-17,1.1114146876748174,-1.0585158181292034,0.0,0.171445917957423,,1.2839367292020936
44,raw,-26.050983075340127,62,3.8988724199918927,59,20.463390706839093,5.248540732420694,6.258036707703944,1,6.258036707703944,False,5.063149809491,1,5.063149809491,False,3.067484255002225,1,3.067484255002225,False,6.409110999999999,-0.411764705882353,0.5481788059928278,-0.6006580628383748,0.033039632578754086,0.0,,0.9150282101365976
44,raw,-24.050983075340127,62,3.184042667229006,58,17.476843240547193,5.488884750328066,7.191172387123098,1,7.191172387123098,False,5.375708482186817,1,5.375708482186817,False,3.1052266245945286,1,3.1052266245945286,False,6.687767999999999,0.4736842105263159,1.162770728510177,-0.38287046216538106,0.0606927306698262,0.020566817738955804,16.71942,0.7776966761868406
44,raw,-22.050983075340127,62,3.800797647504791,57,17.97936619641802,4.730419207721149,6.283913820763648,1,6.283913820763648,False,4.56706208376671,1,4.56706208376671,False,2.4036954335506424,1,2.4036954335506424,False,6.130453999999999,0.12499999999999997,0.8309554361400301,-0.7194543707438654,0.0,0.3041614472742349,,0.983775021485102
44,raw,-20.050983075340127,63,4.627706325841213,54,19.419788196412505,4.196417583365648,5.355570498649941,2,6.019890320937106,False,3.8830992901218515,1,3.8830992901218515,False,2.14426558391089,1,2.14426558391089,False,6.409110999999999,-0.38461538461538464,0.8292155956294663,-1.793853780154402,0.0,0.21417261589363115,,1.2004767203880302
44,raw,-18.050983075340127,63,3.173593710180863,45,15.348129805312597,4.836198709392422,7.025604479783439,1,7.025604479783439,False,4.4590091067828155,1,4.4590091067828155,False,2.4309005863005098,1,2.4309005863005098,False,6.966425,-0.06666666666666665,0.6397060619735867,-0.7312899333382562,0.40898315962858567,0.12152536866569248,12.539565,0.9058436371420048
44,raw,-16.050983075340127,63,2.4878386806917883,47,13.440818637683062,5.402608594358538,8.01031941158432,1,8.01031941158432,False,4.535305325982355,1,4.535305325982355,False,3.0920748308972263,1,3.0920748308972263,False,5.5731399999999995,0.3333333333333334,0.8163920256751307,-0.3049786759433554,0.8391602938673871,0.015154793129050033,16.71942,0.6165180759893066
44,raw,-14.050983075340127,63,2.640141993745964,55,13.380576253143246,5.068127504065879,6.577202869394325,2,7.314207780771992,False,4.9703686761006995,1,4.9703686761006995,False,2.5513408699613467,1,2.5513408699613467,False,5.294483,-0.17647058823529407,0.4250281903660104,-0.5812438918515971,0.6293957073586347,0.07495529739595914,9.195681,0.8393748051429891
44,raw,-12.050983075340127,63,1.8166758709742798,61,7.915651821997792,4.357217458804383,5.5158697035814335,1,5.5158697035814335,False,3.41116235438558,1,3.41116235438558,False,1.9200299991303504,1,1.9200299991303504,False,3.6225409999999996,0.09090909090909083,0.49212802643056974,-0.4957896792157428,0.2036133711962987,0.0,,1.3223632414873485
44,raw,-10.050983075340127,63,3.4610226982187315,62,15.60312672171461,4.508241662137899,5.815122537380649,1,5.815122537380649,False,3.622024032370115,1,3.622024032370115,False,1.5062581650307019,1,1.5062581650307019,False,5.5731399999999995,-0.16666666666666663,0.5948523820999332,-1.0373642833210308,0.13392659626753767,0.0,,1.2989132275718356
44,raw,-8.050983075340127,63,2.776303835992673,54,12.05107465432097,4.340690128395866,6.7840399182867195,2,7.281649004856081,False,3.279183784192864,1,3.279183784192864,False,0.7106248516490581,2,1.2470503483726363,False,5.015826,0.8,2.359131800659036,-0.33873600973842904,0.2663693763918902,0.09730667597358264,12.539565,1.0770712823646127
44,raw,-6.0509830753401275,63,3.070700544796693,62,14.55254761596381,4.739162091407163,6.792134152865842,1,6.792134152865842,False,5.010151632838367,1,5.010151632838367,False,1.2066472589265878,1,1.2066472589265878,False,6.130453999999999,0.7647058823529412,2.198935559915603,-0.27602865445325564,0.006058050832997491,0.0,,0.9512232545279977
44,raw,-4.0509830753401275,63,3.3840900592336394,58,16.884860794844233,4.989483287766868,6.832188308875327,1,6.832188308875327,False,3.9574214898310065,2,4.697108126713637,False,1.874447768739469,1,1.874447768739469,False,6.687767999999999,0.3846153846153846,1.3585305738618685,-0.6737398082048661,0.07385795262902357,0.002677244439492441,10.031652,0.9709197076903211
44,raw,-2.0509830753401275,63,2.912600311745594,55,14.144664811558894,4.856370012225138,6.89613851873647,1,6.89613851873647,False,4.534715846640916,1,4.534715846640916,False,2.0341975279936313,1,2.0341975279936313,False,6.687767999999999,0.46666666666666673,1.0589873812850226,-0.44012280779697205,0.04532663916746312,0.10062741527741237,9.752995,0.9462628067509259
44,raw,-0.05098307534012747,63,2.8483207908135237,44,14.767777788948004,5.184731241150019,6.911881747613519,1,6.911881747613519,False,5.670928096587508,1,5.670928096587508,False,2.9066922318075616,1,2.9066922318075616,False,6.687767999999999,0.5789473684210527,1.0393818161374082,-0.25610772191563724,0.10378754117312168,0.9138053179492843,13.654193,0.5106771723849015
44,raw,1.9490169246598725,63,2.774272030393724,39,12.20211320362601,4.398311726443888,5.524556527467262,1,5.524556527467262,False,4.467119048668457,1,4.467119048668457,False,2.0147480624036596,1,2.0147480624036596,False,5.294483,0.19999999999999996,0.6653610983197074,-0.422297225511481,0.19054838222734555,2.4196874632194625,9.752994999999999,-0.05429564964207294
44,raw,3.9490169246598725,63,1.1831642443179964,37,5.58497161539133,4.720368826401307,5.8563720003285,2,7.746537365048943,False,4.507226680656737,1,4.507226680656737,False,1.8567820337715972,2,2.0994621428408173,False,3.6225409999999996,-0.06666666666666665,0.1740599040208815,-0.24868814882761192,0.17492150671976645,1.6944359752664824,14.490164,-0.42521919784431966
44,raw,5.9490169246598725,63,1.5519314674984703,48,8.519070644965065,5.489334305912875,8.083456699543406,2,8.419841471878712,False,4.267475965694452,1,4.267475965694452,False,1.7106615926564288,2,3.141019891255012,False,4.179855,-0.42857142857142855,0.1754642453000415,-0.4558888874737063,0.0,0.5522975849273276,,0.40210492427278904
44,raw,7.9490169246598725,63,3.2319550769643524,51,14.904609399786475,4.611638789789673,5.62354250089408,3,6.7820961009665455,False,3.7569554630690765,1,3.7569554630690765,False,2.536182643276496,1,2.536182643276496,False,5.5731399999999995,0.3333333333333333,1.1615183799500213,-0.45861736801225844,0.23062621289423527,0.3581548653446921,11.14628,1.114704462533887
44,raw,9.949016924659873,63,4.0603072418464405,50,16.013426378763413,3.9438952337708426,4.4234897136757345,4,4.7474332045424115,False,3.527104285901421,1,3.527104285901421,False,1.7606381255038241,1,1.7606381255038241,False,4.458512,0.16666666666666669,1.4888404952210872,-0.904532320298623,0.1819196534566768,0.12736782052469048,10.588966,1.3490117385785654
44,raw,11.949016924659873,63,3.2813826249197113,49,12.078151173463004,3.6808115828182433,4.9279604770361,2,5.407803325408718,False,3.0741905455249476,1,3.0741905455249476,False,1.3198649438488594,1,1.3198649438488594,False,4.458512,-7.968384247481001e-17,1.1912345558285369,-1.1130456697582114,0.10741790869985371,0.15569915685132818,10.310309,1.470960246033115
44,raw,13.949016924659873,63,2.2435240630648954,57,11.501981611362062,5.12674760245233,6.383618871774798,1,6.383618871774798,False,4.024392276476306,1,4.024392276476306,False,2.7544433882265835,1,2.7544433882265835,False,4.737169,-0.0769230769230769,0.43089641398029616,-0.4332676991109392,0.010404794105988711,0.28852806536685355,16.71942,1.1381809010776358
44,raw,15.949016924659873,63,3.94771796473799,43,17.0868190309512,4.328277547579378,5.866399093986812,1,5.866399093986812,False,4.884830976715264,1,4.884830976715264,False,1.8689134370620994,1,1.8689134370620994,False,6.130453999999999,0.5000000000000001,1.3806222471417562,-0.5346791201135875,0.1743528540671031,0.1253316940243471,14.768820999999999,0.975320617908878
44,raw,17.949016924659873,63,3.0937984182898055,63,15.714802319257346,5.079452567547759,6.4748816316761015,2,6.616469121864721,False,4.87654188906987,1,4.87654188906987,False,1.1450430691596813,2,2.187367814944821,False,6.130453999999999,-0.6250000000000001,0.10290806606760632,-1.2384648097143522,0.0,0.0,,0.920951237802589
44,raw,19.949016924659873,63,4.044628955377846,58,12.573152837923853,3.1086047636597804,3.998619897333484,2,4.179911850899747,False,2.5247262905823353,1,2.5247262905823353,False,0.9618248034425345,1,0.9618248034425345,False,4.179855,-0.4999999999999999,0.9478935515014534,-3.385620734214159,0.0986771727803415,0.12565673043667827,13.096879,1.7343567648787213
44,raw,21.949016924659873,63,4.125972008989727,56,15.072122650086914,3.652987130607662,4.241354381128971,1,4.241354381128971,False,3.0108814082757895,1,3.0108814082757895,False,2.1847144094770394,1,2.1847144094770394,False,4.179855,-0.20000000000000004,1.1738203243892102,-1.0265522693469076,0.11302397450305071,0.02490339801187766,11.14628,1.6302302103849518
44,raw,23.949016924659873,63,3.750108973347045,44,15.574570282277364,4.153098054741795,5.7357460829077525,1,5.7357460829077525,False,3.7731205489017854,1,3.7731205489017854,False,2.1228910769830027,1,2.1228910769830027,False,5.5731399999999995,0.16666666666666663,1.1985500851542883,-0.8909188061522307,0.18669585119967838,0.12339065393188312,13.375536,1.200807944570515
44,raw,25.949016924659873,63,3.033395427597827,54,14.755042417411522,4.864200124774426,6.40332285911,1,6.40332285911,False,4.971406028890653,1,4.971406028890653,False,2.949863854897975,1,2.949863854897975,False,6.130453999999999,0.17647058823529407,0.6399487105148699,-0.46611242030327693,0.471006977349388,0.003129909655640971,11.703593999999999,0.8643055634542579
44,raw,27.949016924659873,63,3.447257485544556,48,16.577665556453592,4.808943232691205,6.3146240123648685,1,6.3146240123648685,False,5.104704917717827,1,5.104704917717827,False,2.635081304265298,1,2.635081304265298,False,6.130453999999999,-0.22222222222222218,0.530263197016465,-0.9782588084093885,0.17778724466323798,0.11845609222359253,11.703593999999999,0.9043095822741462
44,raw,29.949016924659873,63,4.093477986160842,59,20.106919338389883,4.911940263601514,6.234005594640156,2,6.304760488615002,False,4.595913181762472,1,4.595913181762472,False,2.453409941133229,1,2.453409941133229,False,6.409110999999999,0.06666666666666665,0.7814724594357395,-0.6722353454524911,0.0,0.11228390459596202,,0.9968694288289099
44,repaired,-78.05098307534013,61,1.6532960940033212,47,8.975309174331153,5.428736695674504,6.197778056264739,2,8.658283215171704,False,3.8388742219899634,2,4.610645089074701,False,2.570646539847323,1,2.570646539847323,False,3.901198,0.5384615384615385,0.5495668948868244,-0.27498558554402974,0.05736734519168597,0.21269297889418476,11.14628,0.7168543648015522
44,repaired,-76.05098307534013,61,3.3844111162125516,53,12.424708906175415,3.671158284127059,6.697407920616426,1,6.697407920616426,False,2.7722235695022635,1,2.7722235695022635,False,1.2034814345608573,1,1.2034814345608573,False,4.458512,-0.33333333333333337,1.0049193493752764,-1.7974547220024537,0.17325531636286712,0.03788604906319486,11.703593999999999,1.3957552739707129
44,repaired,-74.05098307534013,61,2.5124008770611113,57,11.923787443415431,4.745973284869777,6.776685844606542,1,6.776685844606542,False,4.127486275347692,1,4.127486275347692,False,2.250025386940628,2,2.738892329877636,False,5.8517969999999995,-0.14285714285714288,0.3022470071143967,-0.746815718176144,0.008496306898614643,0.02409598226947285,15.604792,1.0020375608374108
44,repaired,-72.05098307534013,61,1.5316777831716033,52,6.6584286738197065,4.347147126487844,6.55134736304967,1,6.55134736304967,False,3.152326017234195,1,3.152326017234195,False,2.0064349695825126,1,2.0064349695825126,False,3.0652269999999997,-0.4000000000000001,0.3652623677444829,-0.47788051975828166,0.14584956807302066,0.0,,1.161717490307087
44,repaired,-70.05098307534013,61,2.0002159079108246,45,10.226868590800667,5.112882339528223,6.597400668009337,1,6.597400668009337,False,4.961426783873119,1,4.961426783873119,False,2.8642432052483917,1,2.8642432052483917,False,5.5731399999999995,-0.411764705882353,0.24016482004400536,-0.7004164488806145,0.05688280530677381,0.721677901562518,10.310309,0.5135730087080842
44,repaired,-68.05098307534013,61,3.2884834364116884,43,16.256674390923482,4.943517188173026,7.306767472836485,1,7.306767472836485,False,4.969979949166088,1,4.969979949166088,False,2.0837099816481985,1,2.0837099816481985,False,6.966425,0.2941176470588235,0.9500088439633816,-0.44324232272968744,0.13093827939609506,1.342810690146997,11.424937,0.35952899879491107
44,repaired,-66.05098307534013,61,3.7620485635279546,49,16.672377098654366,4.4317283036398205,6.2898900429002085,1,6.2898900429002085,False,4.270706977400767,1,4.270706977400767,False,2.0091326750336345,1,2.0091326750336345,False,6.130453999999999,0.14285714285714282,0.8764563827027364,-0.790961217024956,0.07402097675211172,0.4292975953741293,13.375536,0.9568923160716087
44,repaired,-64.05098307534013,61,3.164112664491637,59,14.673558336186662,4.637495529428056,7.049267198287405,1,7.049267198287405,False,4.723907366598908,1,4.723907366598908,False,1.7491871834470936,1,1.7491871834470936,False,6.409110999999999,0.37499999999999994,0.9073933232493548,-0.5788323107115801,0.0,0.2063649920577597,,0.9936025829423754
44,repaired,-62.05098307534013,61,2.4672191637302343,59,13.81443777379288,5.599193609094125,8.024877009459841,1,8.024877009459841,False,4.338109928307389,2,5.26071577968291,False,1.8575610194376617,2,2.037297516409914,False,7.245082,-0.14285714285714282,0.48347616244216873,-0.4014693566975535,0.006291873837054764,0.0,,0.7271757522774884
44,repaired,-60.05098307534013,61,1.0259955035408246,58,6.436995253958552,6.273902011991052,6.433432901682715,3,11.251904836071041,False,4.218344148297102,2,4.853434655877717,False,2.260207049877373,1,2.260207049877373,False,2.7865699999999998,0.0,0.2640392623072081,-0.1308412050517141,0.2603723127161964,0.0,,0.619946381800045
44,repaired,-58.05098307534013,61,1.6277709340708164,52,7.263169441939698,4.462034116665037,5.231417671836938,2,5.284010510620301,False,4.014481875714373,1,4.014481875714373,False,1.9339152928277374,1,1.9339152928277374,False,4.179855,-0.3846153846153846,0.305443456605457,-0.3223771631506627,0.08443876259811853,0.20021278628778127,6.687768,1.1633064150019181
44,repaired,-56.05098307534013,61,3.486410278978904,48,15.348730884484143,4.402445396925419,6.761345307610467,1,6.761345307610467,False,3.8066922831728722,1,3.8066922831728722,False,1.8468052243943869,1,1.8468052243943869,False,6.687767999999999,0.38461538461538464,1.245045874034475,-0.6810027651551025,0.6165685939277831,0.7360071218250477,13.654193,0.7609391143255451
44,repaired,-54.05098307534013,61,2.2293267041298668,35,9.844364030400321,4.415846278682915,6.1861828796820095,1,6.1861828796820095,False,4.004285185114247,1,4.004285185114247,False,2.6872454168751307,1,2.6872454168751307,False,5.5731399999999995,0.3846153846153846,0.6987542900132475,-0.3884306006815567,1.2379455816188734,0.6848514521974648,10.031652,0.49797315963629607
44,repaired,-52.05098307534013,61,3.645906259418438,56,14.963586993500392,4.104216051865044,5.717480803638267,1,5.717480803638267,False,3.1582307565714176,1,3.1582307565714176,False,1.7363148540410722,1,1.7363148540410722,False,5.8517969999999995,0.0909090909090909,1.3333694714298983,-1.1372364778176967,0.2755583785481783,0.2647354537586953,16.440763,1.4145449423492427
44,repaired,-50.05098307534013,62,3.6465397744458907,54,18.209201287986886,4.993556196916531,6.4687124660495705,1,6.4687124660495705,False,4.352020091578181,1,4.352020091578181,False,2.4011856838690964,1,2.4011856838690964,False,6.409110999999999,0.19999999999999996,1.045853928286756,-0.5796574169993384,0.0,0.2917834054014532,,0.9889221898165252
44,repaired,-48.05098307534013,62,3.3695033981970433,56,16.46567114435819,4.886675927725331,6.542981758577366,1,6.542981758577366,False,4.618154709409831,1,4.618154709409831,False,2.7416447781122844,1,2.7416447781122844,False,6.409110999999999,0.3333333333333334,1.0610123591646765,-0.561869535926317,0.013714422416232934,0.2995640229284662,13.93285,0.9596211009133024
44,repaired,-46.05098307534013,62,2.923210994614725,62,14.642836878296647,5.009161810513289,5.883476598839872,2,6.466144436390236,False,4.0019018234677635,1,4.0019018234677635,False,2.669605945108215,1,2.669605945108215,False,5.015826,0.5384615384615384,1.350366586880574,-0.373414145139677,0.0,0.0,,1.201175665447136
44,repaired,-44.05098307534013,62,2.599969688584938,60,15.124851308079327,5.817318322780598,7.631838913529153,2,8.020115813988891,False,4.723113825846614,1,4.723113825846614,False,1.4009043659840619,4,2.7071234301478144,False,7.245082,0.37500000000000006,0.7796721077973975,-0.19249006444246625,0.0,0.09423378119587558,,0.8135988981753711
44,repaired,-42.05098307534013,62,1.7827346748860866,46,9.823614374257742,5.510418635283152,7.387484874814693,3,8.620858845880504,False,5.345025510792653,1,5.345025510792653,False,1.4515587948653028,1,1.4515587948653028,False,6.130453999999999,0.7777777777777778,0.8091071594466437,-0.1448878982470255,0.2918340794467156,0.0,,0.4280991600482532
44,repaired,-40.05098307534013,62,2.411739089224432,56,10.944403979783692,4.537971801627678,6.341155410183129,1,6.341155410183129,False,3.7450353422978804,1,3.7450353422978804,False,1.234926240326282,1,1.234926240326282,False,5.5731399999999995,0.33333333333333326,0.9176822365245537,-0.40031424917190545,0.0,0.19174046612201587,,1.080154292780228
44,repaired,-38.05098307534013,62,2.2552540387052677,57,10.58800857988211,4.694818587249108,5.067933138438402,2,5.120289177993627,False,3.705980083667618,1,3.705980083667618,False,2.2801846945523625,1,2.2801846945523625,False,4.458512,0.23076923076923078,0.7891645796078688,-0.4033889505592108,0.09125597368150117,0.31174578861912017,6.687767999999999,1.20742448893761
44,repaired,-36.05098307534013,62,2.058213262032419,49,9.737562758313443,4.731075704321288,6.676600343998632,1,6.676600343998632,False,5.427754858480471,1,5.427754858480471,False,1.5016498378116219,1,1.5016498378116219,False,5.5731399999999995,-0.4736842105263159,0.15943787604584397,-0.7595768521756557,0.19968704818698618,0.1241849611282004,12.539565,0.8073864586441379
44,repaired,-34.05098307534013,62,3.329241532130402,48,17.35143187562711,5.2118272910418195,6.393526316872984,1,6.393526316872984,False,5.245278840321111,1,5.245278840321111,False,2.497167550450384,1,2.497167550450384,False,6.130453999999999,-0.3333333333333334,0.3091998054265257,-0.9940023851112606,0.11061349920269437,0.2907335702185773,11.424937,0.7702292859654835
44,repaired,-32.05098307534013,62,3.5126879212920765,52,17.094530137695386,4.866509784167642,6.150574580405844,1,6.150574580405844,False,4.393545685961877,1,4.393545685961877,False,2.873078688871317,1,2.873078688871317,False,6.130453999999999,-0.4666666666666666,0.48058557191809886,-1.3696375626508548,0.0,0.7673523591433905,,0.8914866875059941
44,repaired,-30.050983075340127,62,4.376666133903152,51,14.951801860219211,3.4162536969401076,5.030368652239445,1,5.030368652239445,False,2.898381975352924,1,2.898381975352924,False,0.8839378490206006,1,0.8839378490206006,False,5.294483,0.0,1.5598033846384258,-1.440530867697946,0.09420937819764288,1.0358208747211273,10.867623,1.1344518714944007
44,repaired,-28.050983075340127,62,4.350874364247206,57,18.343219991634395,4.2159847552408385,5.414070583669602,1,5.414070583669602,False,3.8049856755735627,1,3.8049856755735627,False,2.3044596857927147,1,2.3044596857927147,False,5.5731399999999995,6.640320206234167e-17,1.1114146876748174,-1.0585158181292034,0.0,0.171445917957423,,1.2839367292020936
44,repaired,-26.050983075340127,62,3.8988724199918927,59,20.463390706839093,5.248540732420694,6.258036707703944,1,6.258036707703944,False,5.063149809491,1,5.063149809491,False,3.067484255002225,1,3.067484255002225,False,6.409110999999999,-0.411764705882353,0.5481788059928278,-0.6006580628383748,0.033039632578754086,0.0,,0.9150282101365976
44,repaired,-24.050983075340127,62,3.184042667229006,58,17.476843240547193,5.488884750328066,7.191172387123098,1,7.191172387123098,False,5.375708482186817,1,5.375708482186817,False,3.1052266245945286,1,3.1052266245945286,False,6.687767999999999,0.4736842105263159,1.162770728510177,-0.38287046216538106,0.0606927306698262,0.020566817738955804,16.71942,0.7776966761868406
44,repaired,-22.050983075340127,62,3.800797647504791,57,17.97936619641802,4.730419207721149,6.283913820763648,1,6.283913820763648,False,4.56706208376671,1,4.56706208376671,False,2.4036954335506424,1,2.4036954335506424,False,6.130453999999999,0.12499999999999997,0.8309554361400301,-0.7194543707438654,0.0,0.3041614472742349,,0.983775021485102
44,repaired,-20.050983075340127,63,4.627706325841213,54,19.419788196412505,4.196417583365648,5.355570498649941,2,6.019890320937106,False,3.8830992901218515,1,3.8830992901218515,False,2.14426558391089,1,2.14426558391089,False,6.409110999999999,-0.38461538461538464,0.8292155956294663,-1.793853780154402,0.0,0.21417261589363115,,1.2004767203880302
44,repaired,-18.050983075340127,63,3.173593710180863,45,15.348129805312597,4.836198709392422,7.025604479783439,1,7.025604479783439,False,4.4590091067828155,1,4.4590091067828155,False,2.4309005863005098,1,2.4309005863005098,False,6.966425,-0.06666666666666665,0.6397060619735867,-0.7312899333382562,0.40898315962858567,0.12152536866569248,12.539565,0.9058436371420048
44,repaired,-16.050983075340127,63,2.4878386806917883,47,13.440818637683062,5.402608594358538,8.01031941158432,1,8.01031941158432,False,4.535305325982355,1,4.535305325982355,False,3.0920748308972263,1,3.0920748308972263,False,5.5731399999999995,0.3333333333333334,0.8163920256751307,-0.3049786759433554,0.8391602938673871,0.015154793129050033,16.71942,0.6165180759893066
44,repaired,-14.050983075340127,63,2.640141993745964,55,13.380576253143246,5.068127504065879,6.577202869394325,2,7.314207780771992,False,4.9703686761006995,1,4.9703686761006995,False,2.5513408699613467,1,2.5513408699613467,False,5.294483,-0.17647058823529407,0.4250281903660104,-0.5812438918515971,0.6293957073586347,0.07495529739595914,9.195681,0.8393748051429891
44,repaired,-12.050983075340127,63,1.8166758709742798,61,7.915651821997792,4.357217458804383,5.5158697035814335,1,5.5158697035814335,False,3.41116235438558,1,3.41116235438558,False,1.9200299991303504,1,1.9200299991303504,False,3.6225409999999996,0.09090909090909083,0.49212802643056974,-0.4957896792157428,0.2036133711962987,0.0,,1.3223632414873485
44,repaired,-10.050983075340127,63,3.4610226982187315,62,15.60312672171461,4.508241662137899,5.815122537380649,1,5.815122537380649,False,3.622024032370115,1,3.622024032370115,False,1.5062581650307019,1,1.5062581650307019,False,5.5731399999999995,-0.16666666666666663,0.5948523820999332,-1.0373642833210308,0.13392659626753767,0.0,,1.2989132275718356
44,repaired,-8.050983075340127,63,2.776303835992673,54,12.05107465432097,4.340690128395866,6.7840399182867195,2,7.281649004856081,False,3.279183784192864,1,3.279183784192864,False,0.7106248516490581,2,1.2470503483726363,False,5.015826,0.8,2.359131800659036,-0.33873600973842904,0.2663693763918902,0.09730667597358264,12.539565,1.0770712823646127
44,repaired,-6.0509830753401275,63,3.070700544796693,62,14.55254761596381,4.739162091407163,6.792134152865842,1,6.792134152865842,False,5.010151632838367,1,5.010151632838367,False,1.2066472589265878,1,1.2066472589265878,False,6.130453999999999,0.7647058823529412,2.198935559915603,-0.27602865445325564,0.006058050832997491,0.0,,0.9512232545279977
44,repaired,-4.0509830753401275,63,3.3840900592336394,58,16.884860794844233,4.989483287766868,6.832188308875327,1,6.832188308875327,False,3.9574214898310065,2,4.697108126713637,False,1.874447768739469,1,1.874447768739469,False,6.687767999999999,0.3846153846153846,1.3585305738618685,-0.6737398082048661,0.07385795262902357,0.002677244439492441,10.031652,0.9709197076903211
44,repaired,-2.0509830753401275,63,2.912600311745594,55,14.144664811558894,4.856370012225138,6.89613851873647,1,6.89613851873647,False,4.534715846640916,1,4.534715846640916,False,2.0341975279936313,1,2.0341975279936313,False,6.687767999999999,0.46666666666666673,1.0589873812850226,-0.44012280779697205,0.04532663916746312,0.10062741527741237,9.752995,0.9462628067509259
44,repaired,-0.05098307534012747,63,2.8483207908135237,44,14.767777788948004,5.184731241150019,6.911881747613519,1,6.911881747613519,False,5.670928096587508,1,5.670928096587508,False,2.9066922318075616,1,2.9066922318075616,False,6.687767999999999,0.5789473684210527,1.0393818161374082,-0.25610772191563724,0.10378754117312168,0.9138053179492843,13.654193,0.5106771723849015
44,repaired,1.9490169246598725,63,2.774272030393724,39,12.20211320362601,4.398311726443888,5.524556527467262,1,5.524556527467262,False,4.467119048668457,1,4.467119048668457,False,2.0147480624036596,1,2.0147480624036596,False,5.294483,0.19999999999999996,0.6653610983197074,-0.422297225511481,0.19054838222734555,2.4196874632194625,9.752994999999999,-0.05429564964207294
44,repaired,3.9490169246598725,63,1.1831642443179964,37,5.58497161539133,4.720368826401307,5.8563720003285,2,7.746537365048943,False,4.507226680656737,1,4.507226680656737,False,1.8567820337715972,2,2.0994621428408173,False,3.6225409999999996,-0.06666666666666665,0.1740599040208815,-0.24868814882761192,0.17492150671976645,1.6944359752664824,14.490164,-0.42521919784431966
44,repaired,5.9490169246598725,63,1.5519314674984703,48,8.519070644965065,5.489334305912875,8.083456699543406,2,8.419841471878712,False,4.267475965694452,1,4.267475965694452,False,1.7106615926564288,2,3.141019891255012,False,4.179855,-0.42857142857142855,0.1754642453000415,-0.4558888874737063,0.0,0.5522975849273276,,0.40210492427278904
44,repaired,7.9490169246598725,63,3.2319550769643524,51,14.904609399786475,4.611638789789673,5.62354250089408,3,6.7820961009665455,False,3.7569554630690765,1,3.7569554630690765,False,2.536182643276496,1,2.536182643276496,False,5.5731399999999995,0.3333333333333333,1.1615183799500213,-0.45861736801225844,0.23062621289423527,0.3581548653446921,11.14628,1.114704462533887
44,repaired,9.949016924659873,63,4.0603072418464405,50,16.013426378763413,3.9438952337708426,4.4234897136757345,4,4.7474332045424115,False,3.527104285901421,1,3.527104285901421,False,1.7606381255038241,1,1.7606381255038241,False,4.458512,0.16666666666666669,1.4888404952210872,-0.904532320298623,0.1819196534566768,0.12736782052469048,10.588966,1.3490117385785654
44,repaired,11.949016924659873,63,3.2813826249197113,49,12.078151173463004,3.6808115828182433,4.9279604770361,2,5.407803325408718,False,3.0741905455249476,1,3.0741905455249476,False,1.3198649438488594,1,1.3198649438488594,False,4.458512,-7.968384247481001e-17,1.1912345558285369,-1.1130456697582114,0.10741790869985371,0.15569915685132818,10.310309,1.470960246033115
44,repaired,13.949016924659873,63,2.2435240630648954,57,11.501981611362062,5.12674760245233,6.383618871774798,1,6.383618871774798,False,4.024392276476306,1,4.024392276476306,False,2.7544433882265835,1,2.7544433882265835,False,4.737169,-0.0769230769230769,0.43089641398029616,-0.4332676991109392,0.010404794105988711,0.28852806536685355,16.71942,1.1381809010776358
44,repaired,15.949016924659873,63,3.94771796473799,43,17.0868190309512,4.328277547579378,5.866399093986812,1,5.866399093986812,False,4.884830976715264,1,4.884830976715264,False,1.8689134370620994,1,1.8689134370620994,False,6.130453999999999,0.5000000000000001,1.3806222471417562,-0.5346791201135875,0.1743528540671031,0.1253316940243471,14.768820999999999,0.975320617908878
44,repaired,17.949016924659873,63,3.0937984182898055,63,15.714802319257346,5.079452567547759,6.4748816316761015,2,6.616469121864721,False,4.87654188906987,1,4.87654188906987,False,1.1450430691596813,2,2.187367814944821,False,6.130453999999999,-0.6250000000000001,0.10290806606760632,-1.2384648097143522,0.0,0.0,,0.920951237802589
44,repaired,19.949016924659873,63,4.044628955377846,58,12.573152837923853,3.1086047636597804,3.998619897333484,2,4.179911850899747,False,2.5247262905823353,1,2.5247262905823353,False,0.9618248034425345,1,0.9618248034425345,False,4.179855,-0.4999999999999999,0.9478935515014534,-3.385620734214159,0.0986771727803415,0.12565673043667827,13.096879,1.7343567648787213
44,repaired,21.949016924659873,63,4.125972008989727,56,15.072122650086914,3.652987130607662,4.241354381128971,1,4.241354381128971,False,3.0108814082757895,1,3.0108814082757895,False,2.1847144094770394,1,2.1847144094770394,False,4.179855,-0.20000000000000004,1.1738203243892102,-1.0265522693469076,0.11302397450305071,0.02490339801187766,11.14628,1.6302302103849518
44,repaired,23.949016924659873,63,3.750108973347045,44,15.574570282277364,4.153098054741795,5.7357460829077525,1,5.7357460829077525,False,3.7731205489017854,1,3.7731205489017854,False,2.1228910769830027,1,2.1228910769830027,False,5.5731399999999995,0.16666666666666663,1.1985500851542883,-0.8909188061522307,0.18669585119967838,0.12339065393188312,13.375536,1.200807944570515
44,repaired,25.949016924659873,63,3.033395427597827,54,14.755042417411522,4.864200124774426,6.40332285911,1,6.40332285911,False,4.971406028890653,1,4.971406028890653,False,2.949863854897975,1,2.949863854897975,False,6.130453999999999,0.17647058823529407,0.6399487105148699,-0.46611242030327693,0.471006977349388,0.003129909655640971,11.703593999999999,0.8643055634542579
44,repaired,27.949016924659873,63,3.447257485544556,48,16.577665556453592,4.808943232691205,6.3146240123648685,1,6.3146240123648685,False,5.104704917717827,1,5.104704917717827,False,2.635081304265298,1,2.635081304265298,False,6.130453999999999,-0.22222222222222218,0.530263197016465,-0.9782588084093885,0.17778724466323798,0.11845609222359253,11.703593999999999,0.9043095822741462
44,repaired,29.949016924659873,63,4.093477986160842,59,20.106919338389883,4.911940263601514,6.234005594640156,2,6.304760488615002,False,4.595913181762472,1,4.595913181762472,False,2.453409941133229,1,2.453409941133229,False,6.409110999999999,0.06666666666666665,0.7814724594357395,-0.6722353454524911,0.0,0.11228390459596202,,0.9968694288289099
48,raw,-43.35879487901245,61,7.017688526355827,48,30.501851774422267,4.346424276293919,6.322761751536523,1,6.322761751536523,False,4.145725942372061,1,4.145725942372061,False,2.066984773508306,1,2.066984773508306,False,7.245081999999999,0.2857142857142857,2.3573659704139445,-1.301625479913742,0.38780709208717407,0.0,,1.0363527522144063
48,raw,-41.35879487901245,61,2.724217839759983,51,13.850386064705331,5.084169798229358,6.888549467204099,1,6.888549467204099,False,4.650766446000556,1,4.650766446000556,False,3.135751049701393,1,3.135751049701393,False,6.130453999999999,-0.06666666666666665,0.3783374624517301,-0.5428806300783942,0.21812571199025926,0.0567319479387145,10.310309,0.8660965324879751
48,raw,-39.35879487901245,61,1.1989410517536805,54,6.8949177699153585,5.750839676254494,7.125487251665588,4,8.993128563671887,False,5.206329334035753,1,5.206329334035753,False,1.6798998826568214,1,1.6798998826568214,False,4.458512,0.5555555555555556,0.42481200308609357,-0.13896622900659453,0.08448483974201006,0.019451141260978105,12.818221999999999,0.6914646795829813
48,raw,-37.35879487901245,61,3.412722645593899,48,15.41240781376941,4.516161849152341,6.411790990260144,1,6.411790990260144,False,4.4803027202891545,1,4.4803027202891545,False,2.2518085397136445,1,2.2518085397136445,False,6.409110999999999,-0.06666666666666665,0.6355626944192162,-0.798328253607763,0.08969634960051298,0.1220324778698651,13.654193,0.9261233279079433
48,raw,-35.35879487901245,61,9.23409891943539,48,27.94439048309395,3.0262173631558396,5.026280383367995,1,5.026280383367995,False,2.400194262639176,1,2.400194262639176,False,0.9801818226452614,1,0.9801818226452614,False,6.409111,0.0,4.041610781888241,-3.8972729740930765,0.1126430890965142,0.6919637625967799,14.768820999999999,1.604784748188866
48,raw,-33.35879487901245,61,2.4276653630827436,54,11.543235398138586,4.7548709034100725,6.400410557304161,1,6.400410557304161,False,4.3608092057253245,1,4.3608092057253245,False,2.29469313640961,1,2.29469313640961,False,5.294483,-0.06666666666666665,0.541894557981685,-0.5495282684325915,0.1023442165173028,0.057127476845144715,9.474338,1.01423810372904
48,raw,-31.35879487901245,61,1.8070580789722817,52,11.645519955589464,6.444463568217219,7.5546305481018035,1,7.5546305481018035,False,6.546692696431874,1,6.546692696431874,False,4.206181459363941,2,4.820614150328678,False,6.687767999999999,0.47826086956521746,0.5205196537552165,-0.11727531827941615,0.08392746267226331,0.012749120185735215,13.932849999999998,0.43902470226338014
48,raw,-29.35879487901245,61,3.1531422892212375,51,18.729753788434472,5.940028095928504,7.867914976771472,1,7.867914976771472,False,5.916275788875582,1,5.916275788875582,False,3.1172199998949424,1,3.1172199998949424,False,7.802396,-0.19999999999999996,0.45469665166640216,-0.709294075436599,0.11974194574556861,0.09950217917052137,12.260908,0.5840679777585666
48,raw,-27.35879487901245,61,5.221598365550361,56,27.91723332204065,5.3464918914915724,7.592984381155402,1,7.592984381155402,False,5.119352632653868,1,5.119352632653868,False,2.303352664261788,1,2.303352664261788,False,8.081052999999999,0.17647058823529407,1.308581258274734,-0.924539963556401,0.05159151862829327,0.1791331718040755,12.539565,0.7522235841057343
48,raw,-25.35879487901245,61,4.899956620950135,57,23.546816839079202,4.8055153668918225,7.0655748728274705,1,7.0655748728274705,False,4.009445415348035,1,4.009445415348035,False,2.0059052709803886,1,2.0059052709803886,False,7.523739,0.14285714285714282,1.4169291696774073,-1.1899563589374167,0.0,0.21586957455402522,,1.0326340954509334
48,raw,-23.35879487901245,61,2.949280477626222,47,14.935736067667529,5.0641965662380155,6.81367898080117,2,6.833769301258344,False,5.107457829364456,1,5.107457829364456,False,2.8616113137837353,1,2.8616113137837353,False,6.409110999999999,0.17647058823529407,0.6432822971550737,-0.5330720376920705,0.25109340916568446,0.09232065741935704,14.490164,0.7880507528725104
48,raw,-21.35879487901245,61,2.6153283149036817,45,14.80461232838934,5.660708922862164,7.140947164646621,1,7.140947164646621,False,5.979121092265679,1,5.979121092265679,False,3.789467507469597,1,3.789467507469597,False,6.687767999999999,0.0,0.46895201930486774,-0.3374892647370673,0.33381809571968524,0.45141898210844184,13.654193,0.5910107972473682
48,raw,-19.35879487901245,61,3.8634453125807986,56,23.005488947977668,5.954656294231301,7.777072495179853,1,7.777072495179853,False,6.428684143808225,1,6.428684143808225,False,2.8836332482902955,1,2.8836332482902955,False,7.802396,0.1818181818181818,0.6781615035934121,-0.6280508380526273,0.096683369190454,0.11311646438145945,14.211507,0.6133213238300381
48,raw,-17.35879487901245,61,7.848040329327134,56,40.09918275893948,5.109451668984664,7.317691643731783,1,7.317691643731783,False,5.1360050088544575,1,5.1360050088544575,False,2.3510529144618246,1,2.3510529144618246,False,8.359709999999998,0.3333333333333334,2.3248976340772476,-1.2910308619018849,0.3402965095689954,0.04950509844978998,15.047477999999998,0.7844881762750257
48,raw,-15.35879487901245,61,7.9194833391797586,42,44.426179672886114,5.609732070916567,7.646141787030473,1,7.646141787030473,False,6.028589970530431,1,6.028589970530431,False,2.621478902851156,2,2.9921757791410237,False,8.081052999999999,0.33333333333333326,1.9403436510419438,-0.7107390334985987,0.30782394406227365,0.21634766047885057,12.260908,0.5476385954148538
48,raw,-13.35879487901245,61,3.2949201487086435,51,19.975576048327085,6.06253722299036,7.519740467953259,1,7.519740467953259,False,6.578065961120951,1,6.578065961120951,False,3.9213788317123264,1,3.9213788317123264,False,7.523739,0.0,0.3533047663640232,-0.43403737388772806,0.17220650403751367,0.23216671632846292,10.588966,0.46387767063079327
48,raw,-11.35879487901245,62,1.7241134604722765,51,11.396501468769298,6.610064668045408,8.85236733749192,2,8.950685091923507,False,6.2978979076405786,2,6.562742024674025,False,3.434983380998859,1,3.434983380998859,False,6.687767999999999,0.23809523809523805,0.17547449905035,-0.24513105946270086,0.28788910590334815,0.27567170249549544,16.440763,0.3118881129901206
48,raw,-9.35879487901245,62,2.212700922186643,55,12.625492899272823,5.705919301012455,7.53774129557881,1,7.53774129557881,False,6.23171520723649,2,6.54715894417607,False,1.3967935049595246,2,1.6984069575241991,False,6.966425,-0.9047619047619048,0.10034172921398729,-2.799874942359832,0.09007334695429764,0.1223660017242646,15.326135,0.5006768914365934
48,raw,-7.35879487901245,62,4.258300606361573,61,23.712718522761982,5.568587263974979,7.409995743440318,2,9.602577410719704,False,4.0919136992609015,1,4.0919136992609015,False,2.03855259617344,1,2.03855259617344,False,7.523739,0.5714285714285715,2.0876501993382863,-0.7580124533393222,0.0,0.068309558279058,,1.0082859035236549
48,raw,-5.35879487901245,62,6.481163696661903,60,31.82920842278903,4.911032942923898,6.554079150713538,1,6.554079150713538,False,4.369850267785425,1,4.369850267785425,False,2.635630215332005,1,2.635630215332005,False,7.523739,0.19999999999999996,1.8691144470784076,-1.2516672675650173,0.0,0.0468420621465393,,1.040658980663489
48,raw,-3.35879487901245,62,10.22935532125637,57,40.40130764932778,3.9495458296745998,6.295962990358454,1,6.295962990358454,False,3.274958577799116,1,3.274958577799116,False,1.4299671522452173,1,1.4299671522452173,False,8.359709999999998,-0.09090909090909095,3.1906795146135187,-3.5015465134788184,0.18950214930300213,0.23945029091320127,12.539565,1.3183561576506821
48,raw,-1.35879487901245,62,7.07675525200334,59,29.01622457319896,4.100215923814072,6.37894680126874,1,6.37894680126874,False,3.8182287731300137,1,3.8182287731300137,False,1.137910342745959,1,1.137910342745959,False,8.081052999999999,0.5384615384615384,3.980801311432655,-1.2325634800866443,0.0,0.02249140699045783,,1.0905194727339524
48,raw,0.64120512098755,62,3.5334583703519886,38,19.63466500405865,5.556784018967436,7.45781662764173,1,7.45781662764173,False,6.254712347050084,1,6.254712347050084,False,3.511399561358108,1,3.511399561358108,False,7.523738999999999,0.047619047619047686,0.5136455235236407,-0.5141704178399213,0.8591730063607184,0.2105388623901676,16.440763,0.4276965555075392
48,raw,2.64120512098755,62,4.953657494275658,52,23.041553017426274,4.6514223165514785,6.664565092921984,1,6.664565092921984,False,4.092112214852913,1,4.092112214852913,False,1.7895882639634426,1,1.7895882639634426,False,6.966425,-0.5714285714285715,0.8377524935166515,-1.6993584383210985,0.5960419929642731,0.1530613969585252,12.539565,1.0448155055493236
48,raw,4.64120512098755,62,3.6434370073137528,52,19.334044843765067,5.306540172083213,6.744006366055617,1,6.744006366055617,False,5.208175646161072,1,5.208175646161072,False,3.506080275886455,1,3.506080275886455,False,6.687767999999999,-0.3333333333333334,0.4784412028217292,-0.9775598879628057,0.27887642687614767,0.4381653664320612,14.490164,0.7888431786277508
48,raw,6.64120512098755,62,6.55816066379884,56,26.381832009603656,4.022748658054662,6.646964371922921,1,6.646964371922921,False,3.316783474862521,1,3.316783474862521,False,1.3397163124182474,1,1.3397163124182474,False,7.523739,0.0,2.266423344752563,-2.144499983750541,0.121737457798311,0.25289794643215213,12.260908,1.2124310072407647
48,raw,8.64120512098755,62,4.473564356376127,48,21.10941248532237,4.718700973919226,6.7746238213706,1,6.7746238213706,False,4.4291763263048445,1,4.4291763263048445,False,2.227846904087454,1,2.227846904087454,False,6.966425,-0.06666666666666665,0.9881653636750608,-1.0631676605340061,0.13548762175084209,0.18795836171493174,9.752994999999999,0.9582916133404901
48,raw,10.64120512098755,62,2.9571596375051894,53,16.44252950018779,5.560244124682949,8.590274734347297,1,8.590274734347297,False,4.720240585744291,1,4.720240585744291,False,2.7305508658756685,1,2.7305508658756685,False,8.35971,0.0,0.668802070249333,-0.6364952948749488,0.113505816858637,0.32867050667027087,10.310309,0.7835883154415801
48,raw,12.64120512098755,62,2.997669982625268,60,16.239764740453598,5.417462507407606,7.034240369134668,1,7.034240369134668,False,4.80094024336754,1,4.80094024336754,False,2.9078501100900533,1,2.9078501100900533,False,6.409110999999999,-0.24999999999999994,0.4593971778782656,-0.8598140923960426,0.026990761954764048,0.0,,0.9029806379663965
48,raw,14.64120512098755,62,3.8448422632170183,60,18.341866593712172,4.770512114160269,6.586913699907598,1,6.586913699907598,False,4.348529889761985,1,4.348529889761985,False,1.958669230101664,1,1.958669230101664,False,6.687767999999999,0.06666666666666665,0.7497592071565068,-0.8906835299465875,0.03089445811943024,0.0,,1.0153461873629253
48,raw,16.64120512098755,62,2.820644466782532,52,15.593745001300867,5.528433372210297,7.669271967128768,2,8.072571279002357,False,5.454578440943558,1,5.454578440943558,False,2.6856455369328023,1,2.6856455369328023,False,6.966424999999999,0.2631578947368421,0.7290256340181037,-0.42052572183477865,0.4235868449535238,0.35931024281104595,10.588966,0.6369508115008604
48,raw,18.64120512098755,62,2.3875856484614477,59,11.45498271476863,4.797726407071588,6.0231051277942065,2,6.444494809376865,False,3.800804100862544,1,3.800804100862544,False,1.7935379517235024,1,1.7935379517235024,False,4.737169,0.3333333333333334,0.8101823007691905,-0.4320994866973269,0.027689223209013555,0.060645245274298015,11.424937,1.233704070007929
48,raw,20.64120512098755,62,2.5083267631025503,51,14.279624075453698,5.692888297293143,9.408061742295224,1,9.408061742295224,False,5.137985348779935,1,5.137985348779935,False,2.1506792098142786,1,2.1506792098142786,False,7.523739,0.2941176470588236,0.5502863086995571,-0.40896442744179473,0.19248940716567237,0.10747913410049183,12.260908,0.6551285176996846
48,raw,22.64120512098755,62,8.116173617747233,58,28.702615245917492,3.5364713222934157,6.285342197304793,1,6.285342197304793,False,2.353837784333904,1,2.353837784333904,False,1.0027278516271863,1,1.0027278516271863,False,7.802396,-0.14285714285714282,3.4035952719220792,-4.561468411703033,0.12198140250592515,0.006810213199736927,16.440763,1.4776337638583015
48,raw,24.64120512098755,62,3.143062721672641,51,15.295463957851,4.8664202124834555,6.885774954957364,1,6.885774954957364,False,5.334534385013335,1,5.334534385013335,False,0.48676630381294306,2,0.6638282151867831,False,6.687767999999999,0.33333333333333326,0.3336203934801907,-0.18487663457700432,0.0777152049548178,0.4947675352307409,13.096879,0.6116721414206823
48,raw,26.64120512098755,63,1.4297129479773674,54,8.420127518980372,5.8893832715807966,5.889065193134466,6,9.826296838220443,False,4.272615862050987,2,4.891819863048282,False,2.038454883300686,1,2.038454883300686,False,4.179855,-0.5714285714285715,0.2477695831252923,-0.6051792108419175,0.18688975160145482,0.14685795998983583,12.260908,0.6515982260889108
48,raw,28.64120512098755,63,1.710159969418196,49,11.373463733408952,6.650526229589069,7.678309552302524,2,8.286123184379912,False,6.333267466311296,2,6.684137460287421,False,4.950906929569778,1,4.950906929569778,False,6.966425,0.7142857142857143,0.6583043548013828,-0.06768062730859463,0.16842318403643516,0.5753153744385844,9.474338,0.242540255843094
48,raw,30.64120512098755,63,2.4889346176765486,57,14.918685953371755,5.994004763089572,7.613992625792929,1,7.613992625792929,False,5.067978879192824,2,5.634660713499186,False,3.0306502467414305,1,3.0306502467414305,False,7.245081999999999,0.17647058823529413,0.5802665334243972,-0.3505525737627217,0.029991294638674913,0.13463556037206403,13.932849999999998,0.7454536471684334
48,raw,32.64120512098755,63,5.495544016948239,59,27.968855904329093,5.089369827277015,7.168934762351007,1,7.168934762351007,False,4.673954640762352,1,4.673954640762352,False,2.435306393612919,1,2.435306393612919,False,7.802396,0.12499999999999997,1.4884810715833225,-1.0173503362562721,0.028835520069284148,0.07187950375306629,11.982251,0.9580236718667593
48,raw,34.64120512098755,63,7.421582327406643,58,35.66834226961341,4.806029320445086,6.76700991452069,1,6.76700991452069,False,4.744303003928899,1,4.744303003928899,False,2.5615855113978174,1,2.5615855113978174,False,7.523739,0.12499999999999997,1.9626287924791679,-1.225969864886594,0.14127456363121874,0.0,,0.9470625509603608
48,repaired,-43.35879487901245,61,7.017688526355827,48,30.501851774422267,4.346424276293919,6.322761751536523,1,6.322761751536523,False,4.145725942372061,1,4.145725942372061,False,2.066984773508306,1,2.066984773508306,False,7.245081999999999,0.2857142857142857,2.3573659704139445,-1.301625479913742,0.38780709208717407,0.0,,1.0363527522144063
48,repaired,-41.35879487901245,61,2.724217839759983,51,13.850386064705331,5.084169798229358,6.888549467204099,1,6.888549467204099,False,4.650766446000556,1,4.650766446000556,False,3.135751049701393,1,3.135751049701393,False,6.130453999999999,-0.06666666666666665,0.3783374624517301,-0.5428806300783942,0.21812571199025926,0.0567319479387145,10.310309,0.8660965324879751
48,repaired,-39.35879487901245,61,1.1989410517536805,54,6.8949177699153585,5.750839676254494,7.125487251665588,4,8.993128563671887,False,5.206329334035753,1,5.206329334035753,False,1.6798998826568214,1,1.6798998826568214,False,4.458512,0.5555555555555556,0.42481200308609357,-0.13896622900659453,0.08448483974201006,0.019451141260978105,12.818221999999999,0.6914646795829813
48,repaired,-37.35879487901245,61,1.0456435347621569,48,6.340636145179504,6.063860134344685,7.811685960770436,2,8.956118574739437,False,6.67863074370139,1,6.67863074370139,False,0.7496386321155137,2,1.462672358106928,False,4.737169,-0.7391304347826088,-0.016769215342723742,-0.5479669269902553,0.08969634960051298,0.1220324778698651,13.654193,0.2677993847263129
48,repaired,-35.35879487901245,61,0.9540253727976611,48,6.707775557597825,7.031024277611613,7.128147850942657,4,9.374497178921256,False,6.713340782189123,1,6.713340782189123,False,5.226695631943088,2,5.806275165997567,False,6.409111,-0.9130434782608697,-0.006964684490781133,-0.4665782238088804,0.1126430890965142,0.6919637625967799,14.768820999999999,-0.20369017732506414
48,repaired,-33.35879487901245,61,1.9101805514064625,54,8.976152327782394,4.699111987698372,6.690526626203429,3,7.006683039997682,False,1.978341457860714,2,3.662694021732568,False,1.126709682805189,2,1.7609178838019977,False,5.294483,0.6666666666666667,1.492581341191497,-0.5878759405877184,0.1023442165173028,0.057127476845144715,9.474338,0.9869929171646061
48,repaired,-31.35879487901245,61,1.8070580789722817,52,11.645519955589464,6.444463568217219,7.5546305481018035,1,7.5546305481018035,False,6.546692696431874,1,6.546692696431874,False,4.206181459363941,2,4.820614150328678,False,6.687767999999999,0.47826086956521746,0.5205196537552165,-0.11727531827941615,0.08392746267226331,0.012749120185735215,13.932849999999998,0.43902470226338014
48,repaired,-29.35879487901245,61,1.8996428583671034,51,11.072659139951881,5.828810974221611,9.319407943546858,2,10.156695861316347,False,4.007372630215303,2,5.971877661909621,False,1.0436007702841847,2,1.732655947653145,False,7.802396,,,,0.11974194574556861,0.09950217917052137,,0.429304102688643
48,repaired,-27.35879487901245,61,1.370131166854514,56,11.211220107228453,8.182588921735626,8.840968417979257,4,11.809761487111142,False,8.055710271697793,2,8.114216083122242,False,4.725190367699292,1,4.725190367699292,False,8.081052999999999,0.7857142857142856,0.5998052643908242,-0.07170576667495081,0.05159151862829327,0.1791331718040755,12.539565,-0.0795759970604417
48,repaired,-25.35879487901245,61,2.4542104370717936,57,14.398343431981395,5.866792518884638,7.8035904902765125,3,8.540171486878899,False,6.587762495291777,1,6.587762495291777,False,0.9599694181264249,2,1.4510232674306727,False,7.523739,-0.5652173913043479,0.03660665793576099,-0.6921380622176485,0.0,0.21586957455402522,,0.4874904448102982
48,repaired,-23.35879487901245,61,2.625371081190944,47,12.897895004170632,4.912789318270305,6.968318958439637,2,7.146692588822549,False,5.450383657106724,1,5.450383657106724,False,1.0693054490914955,2,1.780617617398331,False,6.409110999999999,0.4736842105263159,0.9512411409621495,-0.09952586962792724,0.25109340916568446,0.09232065741935704,14.490164,0.6989802643892036
48,repaired,-21.35879487901245,61,2.6153283149036817,45,14.80461232838934,5.660708922862164,7.140947164646621,1,7.140947164646621,False,5.979121092265679,1,5.979121092265679,False,3.789467507469597,1,3.789467507469597,False,6.687767999999999,0.0,0.46895201930486774,-0.3374892647370673,0.33381809571968524,0.45141898210844184,13.654193,0.5910107972473682
48,repaired,-19.35879487901245,61,2.7156558890233837,56,15.606392004832784,5.746822367264368,7.988829107822879,1,7.988829107822879,False,2.569016670384587,2,4.126053790361096,False,1.3306858008450007,2,2.2203442906227586,False,7.802396,0.75,3.9763514704003793,-0.4341343350035082,0.096683369190454,0.11311646438145945,14.211507,0.6251730530554102
48,repaired,-17.35879487901245,61,1.5414683918325898,56,11.306340442527283,7.334785781163913,9.053860551975335,3,9.668142118016874,False,8.322767295424942,1,8.322767295424942,False,0.40906003132719215,2,0.666105569401044,False,8.359709999999998,0.9310344827586208,1.8529587273051888,-0.018991344583230495,0.3402965095689954,0.04950509844978998,15.047477999999998,-0.1393360876458563
48,repaired,-15.35879487901245,61,1.0408163672164608,42,8.719041416791095,8.377117896511496,8.719133865445363,3,9.228790584781162,False,8.309883210376796,1,8.309883210376796,False,7.952911409520381,1,7.952911409520381,False,8.081052999999999,1.0,,-0.020515824556915994,0.30782394406227365,0.21634766047885057,12.260908,-0.08036358340189678
48,repaired,-13.35879487901245,61,1.492564781260766,51,7.663540062091353,5.134477349531172,7.890555423493533,1,7.890555423493533,False,7.4669216103539675,1,7.4669216103539675,False,0.3238900955603401,2,0.5524240359650903,False,7.523739,-0.9230769230769231,-0.00820036366961214,-1.519725242810437,0.17220650403751367,0.23216671632846292,10.588966,0.29127943461675754
48,repaired,-11.35879487901245,62,1.7241134604722765,51,11.396501468769298,6.610064668045408,8.85236733749192,2,8.950685091923507,False,6.2978979076405786,2,6.562742024674025,False,3.434983380998859,1,3.434983380998859,False,6.687767999999999,0.23809523809523805,0.17547449905035,-0.24513105946270086,0.28788910590334815,0.27567170249549544,16.440763,0.3118881129901206
48,repaired,-9.35879487901245,62,2.212700922186643,55,12.625492899272823,5.705919301012455,7.53774129557881,1,7.53774129557881,False,6.23171520723649,2,6.54715894417607,False,1.3967935049595246,2,1.6984069575241991,False,6.966425,-0.9047619047619048,0.10034172921398729,-2.799874942359832,0.09007334695429764,0.1223660017242646,15.326135,0.5006768914365934
48,repaired,-7.35879487901245,62,4.258300606361573,61,23.712718522761982,5.568587263974979,7.409995743440318,2,9.602577410719704,False,4.0919136992609015,1,4.0919136992609015,False,2.03855259617344,1,2.03855259617344,False,7.523739,0.5714285714285715,2.0876501993382863,-0.7580124533393222,0.0,0.068309558279058,,1.0082859035236549
48,repaired,-5.35879487901245,62,6.481163696661903,60,31.82920842278903,4.911032942923898,6.554079150713538,1,6.554079150713538,False,4.369850267785425,1,4.369850267785425,False,2.635630215332005,1,2.635630215332005,False,7.523739,0.19999999999999996,1.8691144470784076,-1.2516672675650173,0.0,0.0468420621465393,,1.040658980663489
48,repaired,-3.35879487901245,62,10.22935532125637,57,40.40130764932778,3.9495458296745998,6.295962990358454,1,6.295962990358454,False,3.274958577799116,1,3.274958577799116,False,1.4299671522452173,1,1.4299671522452173,False,8.359709999999998,-0.09090909090909095,3.1906795146135187,-3.5015465134788184,0.18950214930300213,0.23945029091320127,12.539565,1.3183561576506821
48,repaired,-1.35879487901245,62,7.07675525200334,59,29.01622457319896,4.100215923814072,6.37894680126874,1,6.37894680126874,False,3.8182287731300137,1,3.8182287731300137,False,1.137910342745959,1,1.137910342745959,False,8.081052999999999,0.5384615384615384,3.980801311432655,-1.2325634800866443,0.0,0.02249140699045783,,1.0905194727339524
48,repaired,0.64120512098755,62,3.5334583703519886,38,19.63466500405865,5.556784018967436,7.45781662764173,1,7.45781662764173,False,6.254712347050084,1,6.254712347050084,False,3.511399561358108,1,3.511399561358108,False,7.523738999999999,0.047619047619047686,0.5136455235236407,-0.5141704178399213,0.8591730063607184,0.2105388623901676,16.440763,0.4276965555075392
48,repaired,2.64120512098755,62,4.953657494275658,52,23.041553017426274,4.6514223165514785,6.664565092921984,1,6.664565092921984,False,4.092112214852913,1,4.092112214852913,False,1.7895882639634426,1,1.7895882639634426,False,6.966425,-0.5714285714285715,0.8377524935166515,-1.6993584383210985,0.5960419929642731,0.1530613969585252,12.539565,1.0448155055493236
48,repaired,4.64120512098755,62,3.6434370073137528,52,19.334044843765067,5.306540172083213,6.744006366055617,1,6.744006366055617,False,5.208175646161072,1,5.208175646161072,False,3.506080275886455,1,3.506080275886455,False,6.687767999999999,-0.3333333333333334,0.4784412028217292,-0.9775598879628057,0.27887642687614767,0.4381653664320612,14.490164,0.7888431786277508
48,repaired,6.64120512098755,62,6.55816066379884,56,26.381832009603656,4.022748658054662,6.646964371922921,1,6.646964371922921,False,3.316783474862521,1,3.316783474862521,False,1.3397163124182474,1,1.3397163124182474,False,7.523739,0.0,2.266423344752563,-2.144499983750541,0.121737457798311,0.25289794643215213,12.260908,1.2124310072407647
48,repaired,8.64120512098755,62,4.473564356376127,48,21.10941248532237,4.718700973919226,6.7746238213706,1,6.7746238213706,False,4.4291763263048445,1,4.4291763263048445,False,2.227846904087454,1,2.227846904087454,False,6.966425,-0.06666666666666665,0.9881653636750608,-1.0631676605340061,0.13548762175084209,0.18795836171493174,9.752994999999999,0.9582916133404901
48,repaired,10.64120512098755,62,2.9571596375051894,53,16.44252950018779,5.560244124682949,8.590274734347297,1,8.590274734347297,False,4.720240585744291,1,4.720240585744291,False,2.7305508658756685,1,2.7305508658756685,False,8.35971,0.0,0.668802070249333,-0.6364952948749488,0.113505816858637,0.32867050667027087,10.310309,0.7835883154415801
48,repaired,12.64120512098755,62,2.997669982625268,60,16.239764740453598,5.417462507407606,7.034240369134668,1,7.034240369134668,False,4.80094024336754,1,4.80094024336754,False,2.9078501100900533,1,2.9078501100900533,False,6.409110999999999,-0.24999999999999994,0.4593971778782656,-0.8598140923960426,0.026990761954764048,0.0,,0.9029806379663965
48,repaired,14.64120512098755,62,3.8448422632170183,60,18.341866593712172,4.770512114160269,6.586913699907598,1,6.586913699907598,False,4.348529889761985,1,4.348529889761985,False,1.958669230101664,1,1.958669230101664,False,6.687767999999999,0.06666666666666665,0.7497592071565068,-0.8906835299465875,0.03089445811943024,0.0,,1.0153461873629253
48,repaired,16.64120512098755,62,2.820644466782532,52,15.593745001300867,5.528433372210297,7.669271967128768,2,8.072571279002357,False,5.454578440943558,1,5.454578440943558,False,2.6856455369328023,1,2.6856455369328023,False,6.966424999999999,0.2631578947368421,0.7290256340181037,-0.42052572183477865,0.4235868449535238,0.35931024281104595,10.588966,0.6369508115008604
48,repaired,18.64120512098755,62,2.3875856484614477,59,11.45498271476863,4.797726407071588,6.0231051277942065,2,6.444494809376865,False,3.800804100862544,1,3.800804100862544,False,1.7935379517235024,1,1.7935379517235024,False,4.737169,0.3333333333333334,0.8101823007691905,-0.4320994866973269,0.027689223209013555,0.060645245274298015,11.424937,1.233704070007929
48,repaired,20.64120512098755,62,2.1053396883479225,51,11.749148899225483,5.580642859796719,9.520783968091557,1,9.520783968091557,False,3.5796308947406352,3,4.955940677022679,False,1.0908218457586296,1,1.0908218457586296,False,7.523739,0.6666666666666666,1.454771936312341,-0.3531725582679834,0.19248940716567237,0.10747913410049183,12.260908,0.46808790813015644
48,repaired,22.64120512098755,62,0.8832244035270251,58,7.93231430219115,8.981085973750991,8.828533666670356,6,11.550183557267882,False,8.159869450211412,1,8.159869450211412,False,7.814875133807619,1,7.814875133807619,False,7.802396,0.9285714285714285,0.5148469874099275,-0.021879697207983863,0.12198140250592515,0.006810213199736927,16.440763,-0.0794820327825817
48,repaired,24.64120512098755,62,1.3274274147470289,51,7.033255724697478,5.298410780553167,7.5719265608232735,4,8.209194253045736,False,6.833826838870601,1,6.833826838870601,False,0.6496459511667476,2,0.8788866870566139,False,3.9011979999999995,0.8260869565217391,0.5499509302731022,-0.010842616529641401,0.0777152049548178,0.4947675352307409,13.096879,0.13593891380018044
48,repaired,26.64120512098755,63,1.4297129479773674,54,8.420127518980372,5.8893832715807966,5.889065193134466,6,9.826296838220443,False,4.272615862050987,2,4.891819863048282,False,2.038454883300686,1,2.038454883300686,False,4.179855,-0.5714285714285715,0.2477695831252923,-0.6051792108419175,0.18688975160145482,0.14685795998983583,12.260908,0.6515982260889108
48,repaired,28.64120512098755,63,1.710159969418196,49,11.373463733408952,6.650526229589069,7.678309552302524,2,8.286123184379912,False,6.333267466311296,2,6.684137460287421,False,4.950906929569778,1,4.950906929569778,False,6.966425,0.7142857142857143,0.6583043548013828,-0.06768062730859463,0.16842318403643516,0.5753153744385844,9.474338,0.242540255843094
48,repaired,30.64120512098755,63,2.4889346176765486,57,14.918685953371755,5.994004763089572,7.613992625792929,1,7.613992625792929,False,5.067978879192824,2,5.634660713499186,False,3.0306502467414305,1,3.0306502467414305,False,7.245081999999999,0.17647058823529413,0.5802665334243972,-0.3505525737627217,0.029991294638674913,0.13463556037206403,13.932849999999998,0.7454536471684334
48,repaired,32.64120512098755,63,5.495544016948239,59,27.968855904329093,5.089369827277015,7.168934762351007,1,7.168934762351007,False,4.673954640762352,1,4.673954640762352,False,2.435306393612919,1,2.435306393612919,False,7.802396,0.12499999999999997,1.4884810715833225,-1.0173503362562721,0.028835520069284148,0.07187950375306629,11.982251,0.9580236718667593
48,repaired,34.64120512098755,63,7.421582327406643,58,35.66834226961341,4.806029320445086,6.76700991452069,1,6.76700991452069,False,4.744303003928899,1,4.744303003928899,False,2.5615855113978174,1,2.5615855113978174,False,7.523739,0.12499999999999997,1.9626287924791679,-1.225969864886594,0.14127456363121874,0.0,,0.9470625509603608
51,raw,-71.56382593533405,62,5.8853854117740845,39,31.169902156937862,5.296153093828062,7.371571460968875,1,7.371571460968875,False,5.4649410708458355,1,5.4649410708458355,False,3.4237334926349092,1,3.4237334926349092,False,8.081052999999999,-0.05263157894736841,0.9754161780254387,-0.9862482529657766,0.14122393594160654,0.740974463936884,13.096879,0.6682155146812285
51,raw,-69.56382593533405,62,5.332585440509589,45,29.591559514244246,5.549195572085655,7.7223107647505245,1,7.7223107647505245,False,5.702806716377966,1,5.702806716377966,False,3.8659518992054505,1,3.8659518992054505,False,8.081052999999999,0.4000000000000001,1.6026086439055482,-0.47280273800486483,0.1963665611412952,0.5487944686714324,9.752994999999999,0.5954659121614726
51,raw,-67.56382593533405,62,5.174558842745534,40,28.52922208968778,5.513363159389768,7.378596939686249,1,7.378596939686249,False,5.811017415601386,1,5.811017415601386,False,3.684453159114022,1,3.684453159114022,False,7.802395999999999,0.09999999999999998,0.9456837924896538,-0.802746308050813,0.29272787034863834,0.29339751207381526,11.14628,0.6498768795982637
51,raw,-65.56382593533405,62,5.238830865252157,53,30.752924312191787,5.870188426232305,8.226816812089751,1,8.226816812089751,False,5.996439154859239,1,5.996439154859239,False,3.293472300930962,1,3.293472300930962,False,8.638366999999999,0.0,0.8259963914218281,-0.8116718696988234,0.21827334757754818,0.07505835542024425,16.162106,0.5866362339199725
51,raw,-63.56382593533405,62,5.159871826738588,37,29.95366105340489,5.805117270197344,8.455777562453214,1,8.455777562453214,False,6.078416670994299,1,6.078416670994299,False,2.92377326582194,2,3.3760679216586524,False,8.917023999999998,0.42857142857142866,1.6412640648836523,-0.44815230422356866,0.20077636674202354,0.27886583197434245,13.93285,0.5173041577578679
51,raw,-61.56382593533405,62,5.143135091007301,40,29.827318202000153,5.7994428834180916,7.739104249021961,1,7.739104249021961,False,5.831864243139428,1,5.831864243139428,False,4.162304589732335,1,4.162304589732335,False,8.359709999999998,0.30000000000000004,1.1609255611974125,-0.510870860324944,0.19611610533627993,0.1753887007823505,10.867623,0.5975229733274491
51,raw,-59.56382593533405,62,4.9091427336951785,46,27.214846217254596,5.543706446027413,7.435828248097865,1,7.435828248097865,False,5.413002523765094,1,5.413002523765094,False,3.8759445295657144,1,3.8759445295657144,False,7.802395999999999,0.5555555555555556,1.9423391528175684,-0.311401291636374,0.28603446457938886,0.26627397081305304,13.654193,0.7132246334814402
51,raw,-57.56382593533405,62,4.811309744041352,44,26.540432296598357,5.516259336549223,7.904069687290316,1,7.904069687290316,False,5.760268704660532,1,5.760268704660532,False,2.8617950076750844,1,2.8617950076750844,False,8.359709999999998,0.4000000000000001,1.1901319888390334,-0.4877528199673594,0.5045143354310789,0.2379065033750078,11.982251,0.5376391130534525
51,raw,-55.56382593533405,63,5.011408375875681,38,25.360776774222938,5.060608689626388,7.458108448036459,1,7.458108448036459,False,5.153032592592144,1,5.153032592592144,False,2.203943617635246,1,2.203943617635246,False,8.081052999999999,0.411764705882353,1.526312565547425,-0.5720295656682592,0.2868346576353677,0.2651513898283923,15.604792,0.7267592383897243
51,raw,-53.56382593533405,63,4.389280638912171,47,23.81399458525484,5.425489173359589,7.491915107807327,2,7.720808383978548,False,4.90744151078971,2,5.218409070950377,False,3.2872104845666508,1,3.2872104845666508,False,8.35971,0.12500000000000003,0.9986267618082366,-0.6350661126269354,0.26586511917406797,0.3477415284391238,11.424937,0.7608074991016189
51,raw,-51.56382593533405,63,4.393756491246333,35,22.533990855097517,5.128638990347306,6.896215546512023,1,6.896215546512023,False,5.035593457659076,1,5.035593457659076,False,3.1217838821123256,1,3.1217838821123256,False,7.802396,0.0588235294117647,0.8994321236247835,-0.6886871105146571,0.4600017538220669,1.7109404998052313,14.768820999999999,0.5282807854670301
51,raw,-49.56382593533405,63,4.325498693696836,34,20.10065271188483,4.647013936491467,6.877949164729366,1,6.877949164729366,False,4.8163056768800825,1,4.8163056768800825,False,2.12535698584778,1,2.12535698584778,False,7.245081999999999,-0.0588235294117647,0.9183528301889483,-0.9553198531098525,0.4250198457756641,3.303996465341104,14.768820999999999,-0.015844401882214598
51,raw,-47.56382593533405,63,4.032077966214987,41,21.19897490874601,5.257580603940062,7.1856209433453095,1,7.1856209433453095,False,5.166475608592458,1,5.166475608592458,False,3.191048070989388,1,3.191048070989388,False,7.523738999999999,0.5294117647058825,1.6891124165465883,-0.4147888777301808,0.20037193654372887,2.94012494263103,11.424937,-0.06017545942956682
51,raw,-45.56382593533405,63,3.953489213976515,38,22.03288720191398,5.573023223137308,7.61487249614801,1,7.61487249614801,False,5.707549006525644,1,5.707549006525644,False,3.879100808885598,1,3.879100808885598,False,7.802395999999999,0.26315789473684204,0.9824609402555267,-0.4095379597783421,0.3339804402655272,0.9466403598811408,10.310309,0.5238254639452394
51,raw,-43.56382593533405,63,3.5939086352486727,35,18.550070338995845,5.161530862821256,6.967679238616276,1,6.967679238616276,False,5.617082398766099,1,5.617082398766099,False,3.017733569845368,1,3.017733569845368,False,6.966425,0.05263157894736841,0.6353513600016631,-0.4319444428763741,0.24955884388792351,0.2605770968581367,11.982251,0.7064313206435997
51,raw,-41.56382593533405,63,3.846886523922718,36,19.961616551530213,5.189031812452607,6.754450687056753,1,6.754450687056753,False,5.442493382510741,1,5.442493382510741,False,3.968341561481262,1,3.968341561481262,False,6.687767999999999,0.05263157894736841,0.6945446833861526,-0.44956767182924884,0.33310975677781623,0.3024426369718332,12.260908,0.7353073337854428
51,raw,-39.56382593533405,63,4.073023325261164,39,21.09335877278323,5.178796458630817,7.210228428265759,1,7.210228428265759,False,4.943346178919972,1,4.943346178919972,False,3.565775767535457,1,3.565775767535457,False,7.523739,-0.0588235294117647,0.5759999030166721,-0.7842159879866859,0.260963552554239,0.323957770583008,10.588966,0.832676223347331
51,raw,-37.56382593533405,63,4.439586524132226,45,27.924228492192853,6.28982639270692,8.585066032530337,1,8.585066032530337,False,6.105924449148955,1,6.105924449148955,False,3.763430483390839,1,3.763430483390839,False,8.917023999999998,0.33333333333333337,1.2039628741287753,-0.4514893666484544,0.14166941975769304,0.13820099834693228,15.047477999999998,0.5318984091858807
51,raw,-35.56382593533405,63,4.502695163345988,40,27.797530085986978,6.173531424528063,8.725044233691815,1,8.725044233691815,False,6.618326929481085,1,6.618326929481085,False,3.601370385304865,1,3.601370385304865,False,8.917024,0.39130434782608703,1.0225895240633323,-0.48851217230409116,0.35139893030084074,0.2841060269673743,15.047477999999998,0.4181511585005975
51,raw,-33.56382593533405,63,4.311925125750702,49,25.913036198861096,6.009621095716421,7.821233454799602,1,7.821233454799602,False,6.403363563804556,1,6.403363563804556,False,3.126435948369357,1,3.126435948369357,False,8.081052999999999,0.5454545454545454,0.8457855980965486,-0.40703215634554873,0.3489506389180557,0.05442954474441817,12.539565,0.5331570000846974
51,raw,-31.56382593533405,63,4.071382597647297,47,24.590828659088796,6.039920854723635,7.7176533870611,1,7.7176533870611,False,6.259449874390864,1,6.259449874390864,False,3.672066495152714,2,3.7761529090911257,False,7.802395999999999,7.243985679528182e-17,0.4959930294782429,-0.652706779226613,0.8384206116726237,0.2947447970856163,12.260908,0.510554932813537
51,raw,-29.56382593533405,63,4.044523441794754,44,23.461282847328683,5.800753335952419,7.661502223304884,1,7.661502223304884,False,6.071649812767909,1,6.071649812767909,False,4.129441543446495,1,4.129441543446495,False,7.802395999999999,0.42857142857142866,1.0670836566903343,-0.41152356883395813,0.4019883088072866,0.25742351133822944,9.474338,0.58612860199225
51,raw,-27.56382593533405,63,4.617845832000889,43,23.198164067476306,5.023589983605984,7.262697034960735,1,7.262697034960735,False,5.617088239556335,1,5.617088239556335,False,1.865490894364359,1,1.865490894364359,False,7.523739,0.2631578947368422,1.0808890378786775,-0.49198099312315713,0.46686229361832854,0.2697706318456868,11.982251,0.6815614821971419
51,raw,-25.56382593533405,63,4.182045292684533,33,25.610733778352976,6.123973315916186,8.130393357175944,1,8.130393357175944,False,6.333577210419631,1,6.333577210419631,False,4.127902831749518,1,4.127902831749518,False,8.359709999999998,0.1818181818181818,0.6868472092801761,-0.5326418272485586,0.2935660556314928,0.4198508662823215,11.982251,0.5009398446719174
51,raw,-23.56382593533405,63,4.103637014783221,40,24.400264593871416,5.946009480363454,7.910253840165911,1,7.910253840165911,False,6.137230254334298,1,6.137230254334298,False,4.268347598737306,1,4.268347598737306,False,8.081052999999999,0.42857142857142866,0.953023759341438,-0.3801049857947674,0.4781145425244058,0.32614640791519384,13.93285,0.5344969391306368
51,raw,-21.56382593533405,63,4.1356410961887455,49,23.72357281081397,5.736371280543842,7.533437650727935,1,7.533437650727935,False,5.778580470578042,1,5.778580470578042,False,3.581713320480871,1,3.581713320480871,False,7.523739,0.36842105263157904,0.9663073639331873,-0.36576938414948873,0.5005460068339376,0.25614343095371644,10.867623,0.6215643409505617
51,raw,-19.56382593533405,63,4.150668359917056,53,21.456711807649956,5.169459457386938,6.991866864816997,1,6.991866864816997,False,5.181209363800175,1,5.181209363800175,False,2.7824979714827003,2,2.948203188175453,False,6.966425,0.44444444444444453,1.5685556577615196,-0.4370740772028457,0.6477754828281244,0.29334750910627516,8.917024,0.7832689392927138
51,raw,-17.56382593533405,63,4.406218299555253,51,24.35854187492958,5.5282194886686025,7.871038958319431,1,7.871038958319431,False,5.957339341739735,1,5.957339341739735,False,2.5493676977075417,1,2.5493676977075417,False,8.081052999999999,0.5000000000000001,1.557555117596327,-0.5134707891136439,0.3462151726111289,0.25322134793449935,12.539565,0.6262760313052684
51,raw,-15.563825935334052,63,4.159269527567398,61,24.766015395691944,5.954414646981694,8.32732275081629,1,8.32732275081629,False,5.736970748712107,1,5.736970748712107,False,3.331584954773118,1,3.331584954773118,False,8.35971,-0.09999999999999998,0.6313244684658893,-0.7320826634398694,0.09252204088416109,0.0,,0.6151937097782794
51,raw,-13.563825935334052,63,4.041717753166494,52,24.00168084022389,5.938485145683345,7.868258659508928,1,7.868258659508928,False,5.89572162305845,1,5.89572162305845,False,3.9619124826300185,1,3.9619124826300185,False,8.081052999999999,0.4000000000000001,1.1623592353765813,-0.34270737310633415,0.06796015337694852,0.339321870767304,11.424937,0.5891520040532294
51,raw,-11.563825935334052,63,4.333765693119166,55,25.818863446688397,5.957604834908746,7.668225853782777,1,7.668225853782777,False,5.756915388103612,1,5.756915388103612,False,4.127109726570687,1,4.127109726570687,False,8.359709999999998,0.26315789473684204,0.8381736677762739,-0.46061837939149863,0.27929612011463856,0.07870390282460926,11.14628,0.683279791723848
51,raw,-9.563825935334052,63,4.183069528045243,59,25.86439046545109,6.1831127338535,7.8706749404214165,1,7.8706749404214165,False,5.975260346790272,1,5.975260346790272,False,4.179493837819118,1,4.179493837819118,False,8.081052999999999,-0.19999999999999996,0.39021701600328923,-0.7480987446333979,0.036194458949891754,0.20311488882345985,11.424937,0.6241910255578219
51,raw,-7.563825935334052,63,4.010922808337249,56,22.132863995404744,5.518147581748164,7.127235535598363,1,7.127235535598363,False,5.5364455375593185,1,5.5364455375593185,False,3.006389003701072,1,3.006389003701072,False,7.245082,0.36842105263157904,1.22513162893919,-0.4473791167722472,0.0,0.16861890757867112,,0.7411387459390966
51,raw,-5.563825935334052,63,3.842782695110434,62,22.399978744955508,5.829103678815171,7.158589839840235,1,7.158589839840235,False,5.800189322541964,1,5.800189322541964,False,3.5916107170542757,1,3.5916107170542757,False,7.245082,0.19999999999999996,0.8993758508681344,-0.3699391456527206,0.06445140419579863,0.0,,0.7102562459394577
51,raw,-3.5638259353340516,63,4.494582890197058,50,22.904224667023573,5.095962234221778,7.144703373282942,1,7.144703373282942,False,4.67117852950275,1,4.67117852950275,False,2.8801164879330123,1,2.8801164879330123,False,7.523739,0.6000000000000001,2.2221906438488404,-0.42785134571913513,0.20337483019415561,0.13224704400231108,10.031652,0.8235694065186994
51,raw,-1.5638259353340516,63,4.217139906588095,43,20.296238267261906,4.8127969943692746,6.424640451821148,1,6.424640451821148,False,5.094533953838372,1,5.094533953838372,False,2.677955159573712,1,2.677955159573712,False,6.687767999999999,0.17647058823529407,0.7892330153638639,-0.7219944952611536,0.1847104405977376,0.9731950897502248,9.195681,0.7779989568308247
51,raw,0.43617406466594844,62,4.600694575351669,52,24.356305203324347,5.2940495841245,6.768557820335001,1,6.768557820335001,False,5.016552530364443,1,5.016552530364443,False,3.6817868512691296,1,3.6817868512691296,False,7.245081999999999,0.411764705882353,1.2469309084507607,-0.46807330880555,0.0,0.3910070576413299,,0.7999482667941604
51,raw,2.4361740646659484,62,4.771945805219781,57,24.914334911387613,5.22100122849994,7.311242935103148,1,7.311242935103148,False,5.119774043355581,1,5.119774043355581,False,2.6811791927074475,2,2.9830686651161167,False,7.802396,0.5294117647058825,1.4009617658902533,-0.4912588763982529,0.0,0.1756962052419085,,0.7582682961914192
51,raw,4.436174064665948,62,4.189154361588822,51,23.73782668702776,5.66649606056166,7.304971298701886,1,7.304971298701886,False,6.001306148189035,1,6.001306148189035,False,3.0500219250922016,1,3.0500219250922016,False,7.523739,0.4000000000000001,1.0610649969892996,-0.45914837019769944,0.5825742266772892,0.23139780912772265,10.867623,0.5817485124078323
51,raw,6.436174064665948,62,4.207700566927495,55,25.389585954056653,6.0340762252948,7.755769740985466,1,7.755769740985466,False,5.847686089365485,1,5.847686089365485,False,3.8711730743741675,1,3.8711730743741675,False,8.081052999999999,0.7000000000000001,2.0877222302585627,-0.39823050082501243,0.40845847604592567,0.3483959116035337,12.260907999999999,0.6175096375520297
51,raw,8.436174064665948,62,4.156535787540246,48,23.888005115379276,5.747094777094585,7.254510596627739,1,7.254510596627739,False,5.67071382812004,1,5.67071382812004,False,3.835303845504636,1,3.835303845504636,False,7.245082,0.4736842105263159,1.18153991739976,-0.4239869699662771,0.0672435903079706,0.891469925192881,11.982251,0.6123585044833183
51,raw,10.436174064665948,62,4.223805695585584,56,24.28927213705371,5.750565695396239,7.511045524066125,1,7.511045524066125,False,6.053479233811899,1,6.053479233811899,False,3.547809382962667,1,3.547809382962667,False,7.523739,0.23809523809523805,0.8574230188170994,-0.5325697467527593,0.07540207361226081,0.07041692559802407,9.752995,0.6304180738472414
51,raw,12.436174064665948,62,3.8663335324710557,57,22.009589511410606,5.692625668883721,7.453581691489251,1,7.453581691489251,False,5.631034795606336,1,5.631034795606336,False,3.6500769815243586,1,3.6500769815243586,False,7.802395999999999,0.15789473684210523,0.6334259118783688,-0.49317013637616514,0.12407394710702226,0.02034285688862568,12.818221999999999,0.6848933778085396
51,raw,14.436174064665948,62,4.052526416112274,57,22.42543875430108,5.5336934177999915,6.850736428059685,1,6.850736428059685,False,5.47269386246831,1,5.47269386246831,False,3.347580467742016,1,3.347580467742016,False,6.966425,0.22222222222222232,1.0307593835732378,-0.43086516047739826,0.03946678093544575,0.09981827502773588,11.14628,0.7866047201004589
51,raw,16.43617406466595,62,3.941172442079931,53,19.726808204797997,5.00531466072753,6.909118283121346,1,6.909118283121346,False,5.0715575059467,1,5.0715575059467,False,2.628008333766886,1,2.628008333766886,False,6.966425,-0.0588235294117647,0.5416068499975458,-0.7791943461011511,0.0,0.24739544880092593,,0.8082690501427007
51,raw,18.43617406466595,62,4.257202443099244,45,21.191158201310394,4.977719167586315,6.756174343256119,1,6.756174343256119,False,5.25939009043719,1,5.25939009043719,False,2.440855892512422,1,2.440855892512422,False,6.966425,0.44444444444444453,1.3502272387258398,-0.5245559043461823,0.09508125162203558,0.6737405577963735,12.260908,0.7431111988978736
51,raw,20.43617406466595,62,3.8038722021948197,43,20.483127289496863,5.384809531108374,7.063038943761112,1,7.063038943761112,False,5.569075179993657,1,5.569075179993657,False,3.5686794110380506,1,3.5686794110380506,False,7.245081999999999,0.36842105263157904,1.0577137149321212,-0.39324795787064637,0.07870127075998487,0.5054542470072758,14.490164,0.6760474597718947
51,raw,22.43617406466595,62,4.111027047449209,54,23.13648827104407,5.6279095233391105,7.33600864852417,1,7.33600864852417,False,5.3506005728835575,1,5.3506005728835575,False,3.10381302288185,1,3.10381302288185,False,7.245081999999999,0.33333333333333326,0.792287596504583,-0.5194608267364611,0.11046410847460202,0.07306628394905917,13.93285,0.7052904505074257
51,raw,24.43617406466595,62,4.267958463568066,57,26.189541156035055,6.136315847399385,7.566689098324458,2,7.979604635420884,False,5.936942056251587,1,5.936942056251587,False,3.742225950396014,1,3.742225950396014,False,7.802395999999999,0.09999999999999998,0.7289807000511148,-0.6304339760897698,0.02020180804450582,0.08054155498363048,14.490164,0.6224687856294077
51,raw,26.43617406466595,62,4.156064744081049,58,26.492657405214466,6.374457338025007,8.16989483250791,1,8.16989483250791,False,5.666089290700832,1,5.666089290700832,False,4.377213345847833,1,4.377213345847833,False,8.081052999999999,0.05263157894736841,0.6337126929988505,-0.38294285025623037,0.0,0.07065919831820872,,0.595974561051818
51,raw,28.43617406466595,61,4.300985334837419,54,27.99355194146437,6.508636919712388,9.099057352961836,2,9.322227577118685,False,5.875695790559533,1,5.875695790559533,False,4.522905035931741,1,4.522905035931741,False,9.474338,-0.09999999999999998,0.3549474773836726,-0.6136272111337189,0.11406739559291934,0.12808392408188765,11.424937,0.45818025966520054
51,raw,30.43617406466595,61,4.163889891821803,54,24.887091912541116,5.976885210490618,8.124071690838514,1,8.124071690838514,False,6.081908669241105,1,6.081908669241105,False,3.285512455402632,1,3.285512455402632,False,8.359709999999998,-0.3999999999999999,0.4433185855106327,-0.9033807630833068,0.08562212886855473,0.08265822456442525,15.047478,0.5140565487752924
51,raw,32.43617406466595,61,3.5579282206259304,60,21.339143158074904,5.997631721283237,7.362537153971337,1,7.362537153971337,False,5.512050745010184,1,5.512050745010184,False,3.9364951075119325,2,4.27799895974958,False,7.245082,0.368421052631579,0.8882187176960955,-0.31986938363762096,0.0,0.05475034683952092,,0.6993344766330575
51,raw,34.43617406466595,61,3.9643131447913476,55,20.90766799959342,5.273969849496803,7.203649250599437,1,7.203649250599437,False,5.600793875821502,1,5.600793875821502,False,2.166761607000056,3,2.5461514140415646,False,7.245081999999999,0.36842105263157904,0.9388042861985328,-0.48298536821822163,0.072619370091725,0.332000977425019,11.146279999999999,0.6739773832486948
51,raw,36.43617406466595,61,4.148666112168431,56,23.888617958196317,5.75814425945938,7.971379558998452,1,7.971379558998452,False,5.691202112301274,1,5.691202112301274,False,2.4139373292480863,2,3.080953364275576,False,8.081052999999999,0.36842105263157904,1.0887949347122394,-0.44231749456645414,0.0,0.10613954088793288,,0.593280798262291
51,raw,38.43617406466595,61,4.29441953313621,55,27.287217937247483,6.35411089361352,8.63448477367061,1,8.63448477367061,False,6.517302527354277,1,6.517302527354277,False,2.702590515771884,1,2.702590515771884,False,8.917023999999998,0.5454545454545455,1.270149122977745,-0.41196420737737954,0.07841825074341946,0.13712270959872933,13.654193,0.4583192084823355
51,raw,40.43617406466595,61,4.249820591315584,61,26.821639190500633,6.311240348665558,8.047799386755129,1,8.047799386755129,False,6.022405064647277,1,6.022405064647277,False,3.460985223658806,1,3.460985223658806,False,8.081052999999999,0.0,0.6782528685199004,-0.63328352117754,0.0,0.0,,0.6001478306454723
51,raw,42.43617406466595,61,4.635950249208819,52,28.055028601153477,6.05162417477224,7.994040370007223,1,7.994040370007223,False,5.784511606649529,1,5.784511606649529,False,3.645393578125832,1,3.645393578125832,False,8.081052999999999,0.30000000000000004,1.0303600166588966,-0.5548008626361703,0.15878813160629,0.26359229031695863,15.604792,0.5723371680362757
51,raw,44.43617406466595,61,4.382101914485695,53,26.93971400024338,6.1476694348869705,7.951789821186341,1,7.951789821186341,False,6.14363706042915,1,6.14363706042915,False,3.574094505167116,1,3.574094505167116,False,8.638366999999999,0.5238095238095238,1.2856441670621266,-0.4797202040702774,0.2158934756302573,0.0,,0.5586936168232367
51,raw,46.43617406466595,61,4.333860173396904,56,27.642436048622645,6.378248245825694,8.171719383984644,1,8.171719383984644,False,6.3101281027543745,1,6.3101281027543745,False,4.438501358542683,1,4.438501358542683,False,8.359709999999998,0.45454545454545464,1.2018075080451156,-0.3796407710772984,0.05618312638254643,0.06002115250384532,14.211507,0.4999513548946216
51,raw,48.43617406466595,61,4.477465702132585,55,25.31742709390179,5.654410056528915,7.90350651377998,1,7.90350651377998,False,5.907776794496909,1,5.907776794496909,False,3.3529541828526117,1,3.3529541828526117,False,8.359709999999998,0.19999999999999996,0.7743827296107938,-0.555422493855764,0.021536231359029913,0.09149612630725178,12.260908,0.5918114837533969
51,raw,50.43617406466595,61,4.4173976081089945,57,26.450195804933113,5.987732631624245,7.476482809319856,1,7.476482809319856,False,6.22486797713697,1,6.22486797713697,False,3.322397958074583,1,3.322397958074583,False,7.802396,0.0,0.6374798093776955,-0.625472021178951,0.0,0.09716900942163574,,0.5762122306772244
51,raw,52.43617406466595,61,4.195428663401524,46,23.445652187900638,5.588380608738948,7.302801823464021,1,7.302801823464021,False,5.484838228255441,1,5.484838228255441,False,3.472149076781444,1,3.472149076781444,False,7.523739,0.05263157894736841,0.617097781020133,-0.8127059535501233,0.46984609995092325,0.14449371544806294,14.490164,0.6656372620363421
51,raw,54.43617406466595,61,4.241560226428081,55,24.745910116919198,5.834152716430557,7.3591395731593225,1,7.3591395731593225,False,5.8633030051140445,1,5.8633030051140445,False,3.801397631106595,1,3.801397631106595,False,7.523738999999999,0.4000000000000001,1.1997928390115917,-0.3333268571351408,0.09843694972792455,0.0,,0.6206735363511869
51,raw,56.43617406466595,60,4.516193584381047,56,26.10897193579328,5.781189722710163,7.54048098890632,1,7.54048098890632,False,5.579112680643187,1,5.579112680643187,False,3.954899561811084,1,3.954899561811084,False,8.081052999999999,0.15789473684210523,0.7114124978590948,-0.5874513349326255,0.21687213977313244,0.0,,0.6415791097857788
51,raw,58.43617406466595,60,5.383423818606007,59,30.560639933019015,5.676803640723283,7.97688813554488,1,7.97688813554488,False,5.7035397361529245,1,5.7035397361529245,False,2.500146871778367,1,2.500146871778367,False,8.081052999999999,0.15789473684210523,1.0770001496083148,-0.7980905994581015,0.0,0.07434282752917637,,0.6058778015160884
51,raw,60.43617406466595,60,5.735403526921372,51,32.26983149532858,5.626427389783027,7.882747174518647,1,7.882747174518647,False,5.528722686274854,1,5.528722686274854,False,2.4972224288419587,1,2.4972224288419587,False,8.359709999999998,0.33333333333333326,1.0098620567606362,-0.6042641914166413,0.1359502515750004,0.026896106198638643,12.818221999999999,0.5864050670704477
51,raw,62.43617406466595,60,5.669319619884333,42,32.214748216861885,5.682295297635581,8.427178593907104,2,8.717251725058953,False,5.56610464340204,1,5.56610464340204,False,2.539208451953088,1,2.539208451953088,False,9.474338,0.05263157894736841,1.1184500784320535,-0.7531093514836936,0.2019329696236718,0.26257229044130925,13.932849999999998,0.5384836673999653
51,raw,64.43617406466595,60,5.0843691066164824,42,29.071201576561943,5.717759857113931,7.918749434937608,1,7.918749434937608,False,6.352249520263221,1,6.352249520263221,False,2.966098338923036,1,2.966098338923036,False,8.359709999999998,0.1818181818181818,0.8744295678974308,-0.566533790557065,0.2222107106659759,0.07848034196116419,12.818221999999999,0.44711832243595623
51,raw,66.43617406466595,60,6.149260635621046,43,30.386786812031588,4.941535025529563,6.71299791474932,1,6.71299791474932,False,5.193005106451471,1,5.193005106451471,False,2.559501113102164,1,2.559501113102164,False,7.245081999999999,0.17647058823529407,1.2251875889927435,-0.8779510471235574,0.2592516541893651,0.41136901181637553,11.703593999999999,0.7609734570327827
51,raw,68.43617406466595,60,5.514063877509463,43,28.06976943484716,5.090577486658612,6.781484158413128,1,6.781484158413128,False,4.963501150577073,1,4.963501150577073,False,3.1352094558529373,1,3.1352094558529373,False,7.245082,-0.0588235294117647,0.993673597629211,-1.039653565071003,0.10205325538299746,0.512186855822681,10.588966,0.7466201721904645
51,raw,70.43617406466595,60,5.948556505007247,40,30.55420861150426,5.136407225145295,7.4919242482536745,1,7.4919242482536745,False,4.977880189229506,1,4.977880189229506,False,2.776729058937304,1,2.776729058937304,False,8.359709999999998,0.12499999999999997,1.3108865585390188,-0.8404541974460426,0.18846108709316364,0.4653467666491667,12.818221999999999,0.7029495059046007
51,raw,72.43617406466595,60,5.751162782139822,53,31.550739626265607,5.485975762022614,7.53216006849982,1,7.53216006849982,False,5.294740678616871,1,5.294740678616871,False,3.190954039476888,1,3.190954039476888,False,8.081052999999999,0.22222222222222232,1.3104541201593973,-0.7981152942960783,0.07837204878738462,0.22307073644047465,13.932849999999998,0.7134927350832373
51,raw,74.43617406466595,60,6.032338897567883,41,31.495749022486223,5.2211504620843945,7.033258525080161,1,7.033258525080161,False,5.351115208867569,1,5.351115208867569,False,3.0294431581370675,1,3.0294431581370675,False,7.523739,0.15789473684210523,1.3861875195175564,-0.7808519283062363,0.2778955823580154,0.34459991002117846,10.588966,0.682569776131113
51,repaired,-71.56382593533405,62,5.8853854117740845,39,31.169902156937862,5.296153093828062,7.371571460968875,1,7.371571460968875,False,5.4649410708458355,1,5.4649410708458355,False,3.4237334926349092,1,3.4237334926349092,False,8.081052999999999,-0.05263157894736841,0.9754161780254387,-0.9862482529657766,0.14122393594160654,0.740974463936884,13.096879,0.6682155146812285
51,repaired,-69.56382593533405,62,5.332585440509589,45,29.591559514244246,5.549195572085655,7.7223107647505245,1,7.7223107647505245,False,5.702806716377966,1,5.702806716377966,False,3.8659518992054505,1,3.8659518992054505,False,8.081052999999999,0.4000000000000001,1.6026086439055482,-0.47280273800486483,0.1963665611412952,0.5487944686714324,9.752994999999999,0.5954659121614726
51,repaired,-67.56382593533405,62,5.174558842745534,40,28.52922208968778,5.513363159389768,7.378596939686249,1,7.378596939686249,False,5.811017415601386,1,5.811017415601386,False,3.684453159114022,1,3.684453159114022,False,7.802395999999999,0.09999999999999998,0.9456837924896538,-0.802746308050813,0.29272787034863834,0.29339751207381526,11.14628,0.6498768795982637
51,repaired,-65.56382593533405,62,5.238830865252157,53,30.752924312191787,5.870188426232305,8.226816812089751,1,8.226816812089751,False,5.996439154859239,1,5.996439154859239,False,3.293472300930962,1,3.293472300930962,False,8.638366999999999,0.0,0.8259963914218281,-0.8116718696988234,0.21827334757754818,0.07505835542024425,16.162106,0.5866362339199725
51,repaired,-63.56382593533405,62,5.159871826738588,37,29.95366105340489,5.805117270197344,8.455777562453214,1,8.455777562453214,False,6.078416670994299,1,6.078416670994299,False,2.92377326582194,2,3.3760679216586524,False,8.917023999999998,0.42857142857142866,1.6412640648836523,-0.44815230422356866,0.20077636674202354,0.27886583197434245,13.93285,0.5173041577578679
51,repaired,-61.56382593533405,62,5.143135091007301,40,29.827318202000153,5.7994428834180916,7.739104249021961,1,7.739104249021961,False,5.831864243139428,1,5.831864243139428,False,4.162304589732335,1,4.162304589732335,False,8.359709999999998,0.30000000000000004,1.1609255611974125,-0.510870860324944,0.19611610533627993,0.1753887007823505,10.867623,0.5975229733274491
51,repaired,-59.56382593533405,62,4.9091427336951785,46,27.214846217254596,5.543706446027413,7.435828248097865,1,7.435828248097865,False,5.413002523765094,1,5.413002523765094,False,3.8759445295657144,1,3.8759445295657144,False,7.802395999999999,0.5555555555555556,1.9423391528175684,-0.311401291636374,0.28603446457938886,0.26627397081305304,13.654193,0.7132246334814402
51,repaired,-57.56382593533405,62,4.811309744041352,44,26.540432296598357,5.516259336549223,7.904069687290316,1,7.904069687290316,False,5.760268704660532,1,5.760268704660532,False,2.8617950076750844,1,2.8617950076750844,False,8.359709999999998,0.4000000000000001,1.1901319888390334,-0.4877528199673594,0.5045143354310789,0.2379065033750078,11.982251,0.5376391130534525
51,repaired,-55.56382593533405,63,5.011408375875681,38,25.360776774222938,5.060608689626388,7.458108448036459,1,7.458108448036459,False,5.153032592592144,1,5.153032592592144,False,2.203943617635246,1,2.203943617635246,False,8.081052999999999,0.411764705882353,1.526312565547425,-0.5720295656682592,0.2868346576353677,0.2651513898283923,15.604792,0.7267592383897243
51,repaired,-53.56382593533405,63,4.389280638912171,47,23.81399458525484,5.425489173359589,7.491915107807327,2,7.720808383978548,False,4.90744151078971,2,5.218409070950377,False,3.2872104845666508,1,3.2872104845666508,False,8.35971,0.12500000000000003,0.9986267618082366,-0.6350661126269354,0.26586511917406797,0.3477415284391238,11.424937,0.7608074991016189
51,repaired,-51.56382593533405,63,4.393756491246333,35,22.533990855097517,5.128638990347306,6.896215546512023,1,6.896215546512023,False,5.035593457659076,1,5.035593457659076,False,3.1217838821123256,1,3.1217838821123256,False,7.802396,0.0588235294117647,0.8994321236247835,-0.6886871105146571,0.4600017538220669,1.7109404998052313,14.768820999999999,0.5282807854670301
51,repaired,-49.56382593533405,63,4.325498693696836,34,20.10065271188483,4.647013936491467,6.877949164729366,1,6.877949164729366,False,4.8163056768800825,1,4.8163056768800825,False,2.12535698584778,1,2.12535698584778,False,7.245081999999999,-0.0588235294117647,0.9183528301889483,-0.9553198531098525,0.4250198457756641,3.303996465341104,14.768820999999999,-0.015844401882214598
51,repaired,-47.56382593533405,63,4.032077966214987,41,21.19897490874601,5.257580603940062,7.1856209433453095,1,7.1856209433453095,False,5.166475608592458,1,5.166475608592458,False,3.191048070989388,1,3.191048070989388,False,7.523738999999999,0.5294117647058825,1.6891124165465883,-0.4147888777301808,0.20037193654372887,2.94012494263103,11.424937,-0.06017545942956682
51,repaired,-45.56382593533405,63,3.953489213976515,38,22.03288720191398,5.573023223137308,7.61487249614801,1,7.61487249614801,False,5.707549006525644,1,5.707549006525644,False,3.879100808885598,1,3.879100808885598,False,7.802395999999999,0.26315789473684204,0.9824609402555267,-0.4095379597783421,0.3339804402655272,0.9466403598811408,10.310309,0.5238254639452394
51,repaired,-43.56382593533405,63,3.5939086352486727,35,18.550070338995845,5.161530862821256,6.967679238616276,1,6.967679238616276,False,5.617082398766099,1,5.617082398766099,False,3.017733569845368,1,3.017733569845368,False,6.966425,0.05263157894736841,0.6353513600016631,-0.4319444428763741,0.24955884388792351,0.2605770968581367,11.982251,0.7064313206435997
51,repaired,-41.56382593533405,63,3.846886523922718,36,19.961616551530213,5.189031812452607,6.754450687056753,1,6.754450687056753,False,5.442493382510741,1,5.442493382510741,False,3.968341561481262,1,3.968341561481262,False,6.687767999999999,0.05263157894736841,0.6945446833861526,-0.44956767182924884,0.33310975677781623,0.3024426369718332,12.260908,0.7353073337854428
51,repaired,-39.56382593533405,63,4.073023325261164,39,21.09335877278323,5.178796458630817,7.210228428265759,1,7.210228428265759,False,4.943346178919972,1,4.943346178919972,False,3.565775767535457,1,3.565775767535457,False,7.523739,-0.0588235294117647,0.5759999030166721,-0.7842159879866859,0.260963552554239,0.323957770583008,10.588966,0.832676223347331
51,repaired,-37.56382593533405,63,4.439586524132226,45,27.924228492192853,6.28982639270692,8.585066032530337,1,8.585066032530337,False,6.105924449148955,1,6.105924449148955,False,3.763430483390839,1,3.763430483390839,False,8.917023999999998,0.33333333333333337,1.2039628741287753,-0.4514893666484544,0.14166941975769304,0.13820099834693228,15.047477999999998,0.5318984091858807
51,repaired,-35.56382593533405,63,4.502695163345988,40,27.797530085986978,6.173531424528063,8.725044233691815,1,8.725044233691815,False,6.618326929481085,1,6.618326929481085,False,3.601370385304865,1,3.601370385304865,False,8.917024,0.39130434782608703,1.0225895240633323,-0.48851217230409116,0.35139893030084074,0.2841060269673743,15.047477999999998,0.4181511585005975
51,repaired,-33.56382593533405,63,4.311925125750702,49,25.913036198861096,6.009621095716421,7.821233454799602,1,7.821233454799602,False,6.403363563804556,1,6.403363563804556,False,3.126435948369357,1,3.126435948369357,False,8.081052999999999,0.5454545454545454,0.8457855980965486,-0.40703215634554873,0.3489506389180557,0.05442954474441817,12.539565,0.5331570000846974
51,repaired,-31.56382593533405,63,4.071382597647297,47,24.590828659088796,6.039920854723635,7.7176533870611,1,7.7176533870611,False,6.259449874390864,1,6.259449874390864,False,3.672066495152714,2,3.7761529090911257,False,7.802395999999999,7.243985679528182e-17,0.4959930294782429,-0.652706779226613,0.8384206116726237,0.2947447970856163,12.260908,0.510554932813537
51,repaired,-29.56382593533405,63,4.044523441794754,44,23.461282847328683,5.800753335952419,7.661502223304884,1,7.661502223304884,False,6.071649812767909,1,6.071649812767909,False,4.129441543446495,1,4.129441543446495,False,7.802395999999999,0.42857142857142866,1.0670836566903343,-0.41152356883395813,0.4019883088072866,0.25742351133822944,9.474338,0.58612860199225
51,repaired,-27.56382593533405,63,4.617845832000889,43,23.198164067476306,5.023589983605984,7.262697034960735,1,7.262697034960735,False,5.617088239556335,1,5.617088239556335,False,1.865490894364359,1,1.865490894364359,False,7.523739,0.2631578947368422,1.0808890378786775,-0.49198099312315713,0.46686229361832854,0.2697706318456868,11.982251,0.6815614821971419
51,repaired,-25.56382593533405,63,4.182045292684533,33,25.610733778352976,6.123973315916186,8.130393357175944,1,8.130393357175944,False,6.333577210419631,1,6.333577210419631,False,4.127902831749518,1,4.127902831749518,False,8.359709999999998,0.1818181818181818,0.6868472092801761,-0.5326418272485586,0.2935660556314928,0.4198508662823215,11.982251,0.5009398446719174
51,repaired,-23.56382593533405,63,4.103637014783221,40,24.400264593871416,5.946009480363454,7.910253840165911,1,7.910253840165911,False,6.137230254334298,1,6.137230254334298,False,4.268347598737306,1,4.268347598737306,False,8.081052999999999,0.42857142857142866,0.953023759341438,-0.3801049857947674,0.4781145425244058,0.32614640791519384,13.93285,0.5344969391306368
51,repaired,-21.56382593533405,63,4.1356410961887455,49,23.72357281081397,5.736371280543842,7.533437650727935,1,7.533437650727935,False,5.778580470578042,1,5.778580470578042,False,3.581713320480871,1,3.581713320480871,False,7.523739,0.36842105263157904,0.9663073639331873,-0.36576938414948873,0.5005460068339376,0.25614343095371644,10.867623,0.6215643409505617
51,repaired,-19.56382593533405,63,4.150668359917056,53,21.456711807649956,5.169459457386938,6.991866864816997,1,6.991866864816997,False,5.181209363800175,1,5.181209363800175,False,2.7824979714827003,2,2.948203188175453,False,6.966425,0.44444444444444453,1.5685556577615196,-0.4370740772028457,0.6477754828281244,0.29334750910627516,8.917024,0.7832689392927138
51,repaired,-17.56382593533405,63,4.406218299555253,51,24.35854187492958,5.5282194886686025,7.871038958319431,1,7.871038958319431,False,5.957339341739735,1,5.957339341739735,False,2.5493676977075417,1,2.5493676977075417,False,8.081052999999999,0.5000000000000001,1.557555117596327,-0.5134707891136439,0.3462151726111289,0.25322134793449935,12.539565,0.6262760313052684
51,repaired,-15.563825935334052,63,4.159269527567398,61,24.766015395691944,5.954414646981694,8.32732275081629,1,8.32732275081629,False,5.736970748712107,1,5.736970748712107,False,3.331584954773118,1,3.331584954773118,False,8.35971,-0.09999999999999998,0.6313244684658893,-0.7320826634398694,0.09252204088416109,0.0,,0.6151937097782794
51,repaired,-13.563825935334052,63,4.041717753166494,52,24.00168084022389,5.938485145683345,7.868258659508928,1,7.868258659508928,False,5.89572162305845,1,5.89572162305845,False,3.9619124826300185,1,3.9619124826300185,False,8.081052999999999,0.4000000000000001,1.1623592353765813,-0.34270737310633415,0.06796015337694852,0.339321870767304,11.424937,0.5891520040532294
51,repaired,-11.563825935334052,63,4.333765693119166,55,25.818863446688397,5.957604834908746,7.668225853782777,1,7.668225853782777,False,5.756915388103612,1,5.756915388103612,False,4.127109726570687,1,4.127109726570687,False,8.359709999999998,0.26315789473684204,0.8381736677762739,-0.46061837939149863,0.27929612011463856,0.07870390282460926,11.14628,0.683279791723848
51,repaired,-9.563825935334052,63,4.183069528045243,59,25.86439046545109,6.1831127338535,7.8706749404214165,1,7.8706749404214165,False,5.975260346790272,1,5.975260346790272,False,4.179493837819118,1,4.179493837819118,False,8.081052999999999,-0.19999999999999996,0.39021701600328923,-0.7480987446333979,0.036194458949891754,0.20311488882345985,11.424937,0.6241910255578219
51,repaired,-7.563825935334052,63,4.010922808337249,56,22.132863995404744,5.518147581748164,7.127235535598363,1,7.127235535598363,False,5.5364455375593185,1,5.5364455375593185,False,3.006389003701072,1,3.006389003701072,False,7.245082,0.36842105263157904,1.22513162893919,-0.4473791167722472,0.0,0.16861890757867112,,0.7411387459390966
51,repaired,-5.563825935334052,63,3.842782695110434,62,22.399978744955508,5.829103678815171,7.158589839840235,1,7.158589839840235,False,5.800189322541964,1,5.800189322541964,False,3.5916107170542757,1,3.5916107170542757,False,7.245082,0.19999999999999996,0.8993758508681344,-0.3699391456527206,0.06445140419579863,0.0,,0.7102562459394577
51,repaired,-3.5638259353340516,63,4.494582890197058,50,22.904224667023573,5.095962234221778,7.144703373282942,1,7.144703373282942,False,4.67117852950275,1,4.67117852950275,False,2.8801164879330123,1,2.8801164879330123,False,7.523739,0.6000000000000001,2.2221906438488404,-0.42785134571913513,0.20337483019415561,0.13224704400231108,10.031652,0.8235694065186994
51,repaired,-1.5638259353340516,63,4.217139906588095,43,20.296238267261906,4.8127969943692746,6.424640451821148,1,6.424640451821148,False,5.094533953838372,1,5.094533953838372,False,2.677955159573712,1,2.677955159573712,False,6.687767999999999,0.17647058823529407,0.7892330153638639,-0.7219944952611536,0.1847104405977376,0.9731950897502248,9.195681,0.7779989568308247
51,repaired,0.43617406466594844,62,4.600694575351669,52,24.356305203324347,5.2940495841245,6.768557820335001,1,6.768557820335001,False,5.016552530364443,1,5.016552530364443,False,3.6817868512691296,1,3.6817868512691296,False,7.245081999999999,0.411764705882353,1.2469309084507607,-0.46807330880555,0.0,0.3910070576413299,,0.7999482667941604
51,repaired,2.4361740646659484,62,4.771945805219781,57,24.914334911387613,5.22100122849994,7.311242935103148,1,7.311242935103148,False,5.119774043355581,1,5.119774043355581,False,2.6811791927074475,2,2.9830686651161167,False,7.802396,0.5294117647058825,1.4009617658902533,-0.4912588763982529,0.0,0.1756962052419085,,0.7582682961914192
51,repaired,4.436174064665948,62,4.189154361588822,51,23.73782668702776,5.66649606056166,7.304971298701886,1,7.304971298701886,False,6.001306148189035,1,6.001306148189035,False,3.0500219250922016,1,3.0500219250922016,False,7.523739,0.4000000000000001,1.0610649969892996,-0.45914837019769944,0.5825742266772892,0.23139780912772265,10.867623,0.5817485124078323
51,repaired,6.436174064665948,62,4.207700566927495,55,25.389585954056653,6.0340762252948,7.755769740985466,1,7.755769740985466,False,5.847686089365485,1,5.847686089365485,False,3.8711730743741675,1,3.8711730743741675,False,8.081052999999999,0.7000000000000001,2.0877222302585627,-0.39823050082501243,0.40845847604592567,0.3483959116035337,12.260907999999999,0.6175096375520297
51,repaired,8.436174064665948,62,4.156535787540246,48,23.888005115379276,5.747094777094585,7.254510596627739,1,7.254510596627739,False,5.67071382812004,1,5.67071382812004,False,3.835303845504636,1,3.835303845504636,False,7.245082,0.4736842105263159,1.18153991739976,-0.4239869699662771,0.0672435903079706,0.891469925192881,11.982251,0.6123585044833183
51,repaired,10.436174064665948,62,4.223805695585584,56,24.28927213705371,5.750565695396239,7.511045524066125,1,7.511045524066125,False,6.053479233811899,1,6.053479233811899,False,3.547809382962667,1,3.547809382962667,False,7.523739,0.23809523809523805,0.8574230188170994,-0.5325697467527593,0.07540207361226081,0.07041692559802407,9.752995,0.6304180738472414
51,repaired,12.436174064665948,62,3.8663335324710557,57,22.009589511410606,5.692625668883721,7.453581691489251,1,7.453581691489251,False,5.631034795606336,1,5.631034795606336,False,3.6500769815243586,1,3.6500769815243586,False,7.802395999999999,0.15789473684210523,0.6334259118783688,-0.49317013637616514,0.12407394710702226,0.02034285688862568,12.818221999999999,0.6848933778085396
51,repaired,14.436174064665948,62,4.052526416112274,57,22.42543875430108,5.5336934177999915,6.850736428059685,1,6.850736428059685,False,5.47269386246831,1,5.47269386246831,False,3.347580467742016,1,3.347580467742016,False,6.966425,0.22222222222222232,1.0307593835732378,-0.43086516047739826,0.03946678093544575,0.09981827502773588,11.14628,0.7866047201004589
51,repaired,16.43617406466595,62,3.941172442079931,53,19.726808204797997,5.00531466072753,6.909118283121346,1,6.909118283121346,False,5.0715575059467,1,5.0715575059467,False,2.628008333766886,1,2.628008333766886,False,6.966425,-0.0588235294117647,0.5416068499975458,-0.7791943461011511,0.0,0.24739544880092593,,0.8082690501427007
51,repaired,18.43617406466595,62,4.257202443099244,45,21.191158201310394,4.977719167586315,6.756174343256119,1,6.756174343256119,False,5.25939009043719,1,5.25939009043719,False,2.440855892512422,1,2.440855892512422,False,6.966425,0.44444444444444453,1.3502272387258398,-0.5245559043461823,0.09508125162203558,0.6737405577963735,12.260908,0.7431111988978736
51,repaired,20.43617406466595,62,3.8038722021948197,43,20.483127289496863,5.384809531108374,7.063038943761112,1,7.063038943761112,False,5.569075179993657,1,5.569075179993657,False,3.5686794110380506,1,3.5686794110380506,False,7.245081999999999,0.36842105263157904,1.0577137149321212,-0.39324795787064637,0.07870127075998487,0.5054542470072758,14.490164,0.6760474597718947
51,repaired,22.43617406466595,62,4.111027047449209,54,23.13648827104407,5.6279095233391105,7.33600864852417,1,7.33600864852417,False,5.3506005728835575,1,5.3506005728835575,False,3.10381302288185,1,3.10381302288185,False,7.245081999999999,0.33333333333333326,0.792287596504583,-0.5194608267364611,0.11046410847460202,0.07306628394905917,13.93285,0.7052904505074257
51,repaired,24.43617406466595,62,4.267958463568066,57,26.189541156035055,6.136315847399385,7.566689098324458,2,7.979604635420884,False,5.936942056251587,1,5.936942056251587,False,3.742225950396014,1,3.742225950396014,False,7.802395999999999,0.09999999999999998,0.7289807000511148,-0.6304339760897698,0.02020180804450582,0.08054155498363048,14.490164,0.6224687856294077
51,repaired,26.43617406466595,62,4.156064744081049,58,26.492657405214466,6.374457338025007,8.16989483250791,1,8.16989483250791,False,5.666089290700832,1,5.666089290700832,False,4.377213345847833,1,4.377213345847833,False,8.081052999999999,0.05263157894736841,0.6337126929988505,-0.38294285025623037,0.0,0.07065919831820872,,0.595974561051818
51,repaired,28.43617406466595,61,4.300985334837419,54,27.99355194146437,6.508636919712388,9.099057352961836,2,9.322227577118685,False,5.875695790559533,1,5.875695790559533,False,4.522905035931741,1,4.522905035931741,False,9.474338,-0.09999999999999998,0.3549474773836726,-0.6136272111337189,0.11406739559291934,0.12808392408188765,11.424937,0.45818025966520054
51,repaired,30.43617406466595,61,4.163889891821803,54,24.887091912541116,5.976885210490618,8.124071690838514,1,8.124071690838514,False,6.081908669241105,1,6.081908669241105,False,3.285512455402632,1,3.285512455402632,False,8.359709999999998,-0.3999999999999999,0.4433185855106327,-0.9033807630833068,0.08562212886855473,0.08265822456442525,15.047478,0.5140565487752924
51,repaired,32.43617406466595,61,3.5579282206259304,60,21.339143158074904,5.997631721283237,7.362537153971337,1,7.362537153971337,False,5.512050745010184,1,5.512050745010184,False,3.9364951075119325,2,4.27799895974958,False,7.245082,0.368421052631579,0.8882187176960955,-0.31986938363762096,0.0,0.05475034683952092,,0.6993344766330575
51,repaired,34.43617406466595,61,3.9643131447913476,55,20.90766799959342,5.273969849496803,7.203649250599437,1,7.203649250599437,False,5.600793875821502,1,5.600793875821502,False,2.166761607000056,3,2.5461514140415646,False,7.245081999999999,0.36842105263157904,0.9388042861985328,-0.48298536821822163,0.072619370091725,0.332000977425019,11.146279999999999,0.6739773832486948
51,repaired,36.43617406466595,61,4.148666112168431,56,23.888617958196317,5.75814425945938,7.971379558998452,1,7.971379558998452,False,5.691202112301274,1,5.691202112301274,False,2.4139373292480863,2,3.080953364275576,False,8.081052999999999,0.36842105263157904,1.0887949347122394,-0.44231749456645414,0.0,0.10613954088793288,,0.593280798262291
51,repaired,38.43617406466595,61,4.29441953313621,55,27.287217937247483,6.35411089361352,8.63448477367061,1,8.63448477367061,False,6.517302527354277,1,6.517302527354277,False,2.702590515771884,1,2.702590515771884,False,8.917023999999998,0.5454545454545455,1.270149122977745,-0.41196420737737954,0.07841825074341946,0.13712270959872933,13.654193,0.4583192084823355
51,repaired,40.43617406466595,61,4.249820591315584,61,26.821639190500633,6.311240348665558,8.047799386755129,1,8.047799386755129,False,6.022405064647277,1,6.022405064647277,False,3.460985223658806,1,3.460985223658806,False,8.081052999999999,0.0,0.6782528685199004,-0.63328352117754,0.0,0.0,,0.6001478306454723
51,repaired,42.43617406466595,61,4.635950249208819,52,28.055028601153477,6.05162417477224,7.994040370007223,1,7.994040370007223,False,5.784511606649529,1,5.784511606649529,False,3.645393578125832,1,3.645393578125832,False,8.081052999999999,0.30000000000000004,1.0303600166588966,-0.5548008626361703,0.15878813160629,0.26359229031695863,15.604792,0.5723371680362757
51,repaired,44.43617406466595,61,4.382101914485695,53,26.93971400024338,6.1476694348869705,7.951789821186341,1,7.951789821186341,False,6.14363706042915,1,6.14363706042915,False,3.574094505167116,1,3.574094505167116,False,8.638366999999999,0.5238095238095238,1.2856441670621266,-0.4797202040702774,0.2158934756302573,0.0,,0.5586936168232367
51,repaired,46.43617406466595,61,4.333860173396904,56,27.642436048622645,6.378248245825694,8.171719383984644,1,8.171719383984644,False,6.3101281027543745,1,6.3101281027543745,False,4.438501358542683,1,4.438501358542683,False,8.359709999999998,0.45454545454545464,1.2018075080451156,-0.3796407710772984,0.05618312638254643,0.06002115250384532,14.211507,0.4999513548946216
51,repaired,48.43617406466595,61,4.477465702132585,55,25.31742709390179,5.654410056528915,7.90350651377998,1,7.90350651377998,False,5.907776794496909,1,5.907776794496909,False,3.3529541828526117,1,3.3529541828526117,False,8.359709999999998,0.19999999999999996,0.7743827296107938,-0.555422493855764,0.021536231359029913,0.09149612630725178,12.260908,0.5918114837533969
51,repaired,50.43617406466595,61,4.4173976081089945,57,26.450195804933113,5.987732631624245,7.476482809319856,1,7.476482809319856,False,6.22486797713697,1,6.22486797713697,False,3.322397958074583,1,3.322397958074583,False,7.802396,0.0,0.6374798093776955,-0.625472021178951,0.0,0.09716900942163574,,0.5762122306772244
51,repaired,52.43617406466595,61,4.195428663401524,46,23.445652187900638,5.588380608738948,7.302801823464021,1,7.302801823464021,False,5.484838228255441,1,5.484838228255441,False,3.472149076781444,1,3.472149076781444,False,7.523739,0.05263157894736841,0.617097781020133,-0.8127059535501233,0.46984609995092325,0.14449371544806294,14.490164,0.6656372620363421
51,repaired,54.43617406466595,61,4.241560226428081,55,24.745910116919198,5.834152716430557,7.3591395731593225,1,7.3591395731593225,False,5.8633030051140445,1,5.8633030051140445,False,3.801397631106595,1,3.801397631106595,False,7.523738999999999,0.4000000000000001,1.1997928390115917,-0.3333268571351408,0.09843694972792455,0.0,,0.6206735363511869
51,repaired,56.43617406466595,60,4.516193584381047,56,26.10897193579328,5.781189722710163,7.54048098890632,1,7.54048098890632,False,5.579112680643187,1,5.579112680643187,False,3.954899561811084,1,3.954899561811084,False,8.081052999999999,0.15789473684210523,0.7114124978590948,-0.5874513349326255,0.21687213977313244,0.0,,0.6415791097857788
51,repaired,58.43617406466595,60,5.383423818606007,59,30.560639933019015,5.676803640723283,7.97688813554488,1,7.97688813554488,False,5.7035397361529245,1,5.7035397361529245,False,2.500146871778367,1,2.500146871778367,False,8.081052999999999,0.15789473684210523,1.0770001496083148,-0.7980905994581015,0.0,0.07434282752917637,,0.6058778015160884
51,repaired,60.43617406466595,60,5.735403526921372,51,32.26983149532858,5.626427389783027,7.882747174518647,1,7.882747174518647,False,5.528722686274854,1,5.528722686274854,False,2.4972224288419587,1,2.4972224288419587,False,8.359709999999998,0.33333333333333326,1.0098620567606362,-0.6042641914166413,0.1359502515750004,0.026896106198638643,12.818221999999999,0.5864050670704477
51,repaired,62.43617406466595,60,5.669319619884333,42,32.214748216861885,5.682295297635581,8.427178593907104,2,8.717251725058953,False,5.56610464340204,1,5.56610464340204,False,2.539208451953088,1,2.539208451953088,False,9.474338,0.05263157894736841,1.1184500784320535,-0.7531093514836936,0.2019329696236718,0.26257229044130925,13.932849999999998,0.5384836673999653
51,repaired,64.43617406466595,60,5.0843691066164824,42,29.071201576561943,5.717759857113931,7.918749434937608,1,7.918749434937608,False,6.352249520263221,1,6.352249520263221,False,2.966098338923036,1,2.966098338923036,False,8.359709999999998,0.1818181818181818,0.8744295678974308,-0.566533790557065,0.2222107106659759,0.07848034196116419,12.818221999999999,0.44711832243595623
51,repaired,66.43617406466595,60,6.149260635621046,43,30.386786812031588,4.941535025529563,6.71299791474932,1,6.71299791474932,False,5.193005106451471,1,5.193005106451471,False,2.559501113102164,1,2.559501113102164,False,7.245081999999999,0.17647058823529407,1.2251875889927435,-0.8779510471235574,0.2592516541893651,0.41136901181637553,11.703593999999999,0.7609734570327827
51,repaired,68.43617406466595,60,5.514063877509463,43,28.06976943484716,5.090577486658612,6.781484158413128,1,6.781484158413128,False,4.963501150577073,1,4.963501150577073,False,3.1352094558529373,1,3.1352094558529373,False,7.245082,-0.0588235294117647,0.993673597629211,-1.039653565071003,0.10205325538299746,0.512186855822681,10.588966,0.7466201721904645
51,repaired,70.43617406466595,60,5.948556505007247,40,30.55420861150426,5.136407225145295,7.4919242482536745,1,7.4919242482536745,False,4.977880189229506,1,4.977880189229506,False,2.776729058937304,1,2.776729058937304,False,8.359709999999998,0.12499999999999997,1.3108865585390188,-0.8404541974460426,0.18846108709316364,0.4653467666491667,12.818221999999999,0.7029495059046007
51,repaired,72.43617406466595,60,5.751162782139822,53,31.550739626265607,5.485975762022614,7.53216006849982,1,7.53216006849982,False,5.294740678616871,1,5.294740678616871,False,3.190954039476888,1,3.190954039476888,False,8.081052999999999,0.22222222222222232,1.3104541201593973,-0.7981152942960783,0.07837204878738462,0.22307073644047465,13.932849999999998,0.7134927350832373
51,repaired,74.43617406466595,60,6.032338897567883,41,31.495749022486223,5.2211504620843945,7.033258525080161,1,7.033258525080161,False,5.351115208867569,1,5.351115208867569,False,3.0294431581370675,1,3.0294431581370675,False,7.523739,0.15789473684210523,1.3861875195175564,-0.7808519283062363,0.2778955823580154,0.34459991002117846,10.588966,0.682569776131113
60,raw,87.16573571961027,60,2.9527464735438738,44,16.966334279353713,5.745950230190536,8.799214948943149,1,8.799214948943149,False,5.824191973857754,1,5.824191973857754,False,1.5169831847512634,2,1.6855877509797232,False,6.687767999999999,0.39999999999999997,0.7951261067823158,-0.2910382493400662,0.24080809701748326,0.4787210864868149,12.260908,0.31846283835078654
60,raw,89.16573571961027,61,3.635198502258382,47,23.849126127630278,6.560611783046761,9.346052767187285,1,9.346052767187285,False,7.709237040955642,1,7.709237040955642,False,2.7540623168005762,1,2.7540623168005762,False,8.638366999999999,0.40740740740740733,0.7490104089665132,-0.32383045756602147,0.04995135436181548,0.5653749582236618,10.867623,0.1364765868141852
60,raw,91.16573571961027,61,4.797818645563021,54,32.71651044536804,6.8190385802981455,9.159500730830757,1,9.159500730830757,False,7.326543754206332,1,7.326543754206332,False,4.524273690099734,1,4.524273690099734,False,8.917023999999998,0.44,0.9070555526511916,-0.40715918361566317,0.18472716590895508,0.34083911629100294,16.162105999999998,0.23714987366837892
60,raw,93.16573571961027,61,8.007669987214596,49,51.10413540903067,6.381898291341403,9.680750719756247,1,9.680750719756247,False,6.617642307964809,1,6.617642307964809,False,2.5359786195202165,1,2.5359786195202165,False,10.310309,0.1818181818181818,1.5108258581212948,-0.9572318687290352,0.2115778262803926,0.23652917708938526,16.440763,0.3260121705040924
60,raw,95.16573571961027,61,10.691231204262042,50,70.15157847881868,6.5615996079902255,9.662675018558774,1,9.662675018558774,False,7.085079502590027,1,7.085079502590027,False,2.2954236753577373,1,2.2954236753577373,False,11.146279999999999,-0.03999999999999993,0.9183700961237038,-1.421087498156655,0.2034615335586421,0.5651943451306864,12.818221999999999,0.2110044671866318
60,raw,97.16573571961027,61,6.911757310958201,48,43.94145022248385,6.35749321707479,9.03236792312311,1,9.03236792312311,False,6.565434041747199,1,6.565434041747199,False,3.7522987781053594,1,3.7522987781053594,False,9.195680999999999,-0.2727272727272728,0.9884481118607913,-1.2811488338277726,0.14970549507882175,0.45294684941665075,16.162106,0.4130333031319189
60,repaired,87.16573571961027,60,2.9527464735438738,44,16.966334279353713,5.745950230190536,8.799214948943149,1,8.799214948943149,False,5.824191973857754,1,5.824191973857754,False,1.5169831847512634,2,1.6855877509797232,False,6.687767999999999,0.39999999999999997,0.7951261067823158,-0.2910382493400662,0.24080809701748326,0.4787210864868149,12.260908,0.31846283835078654
60,repaired,89.16573571961027,61,3.635198502258382,47,23.849126127630278,6.560611783046761,9.346052767187285,1,9.346052767187285,False,7.709237040955642,1,7.709237040955642,False,2.7540623168005762,1,2.7540623168005762,False,8.638366999999999,0.40740740740740733,0.7490104089665132,-0.32383045756602147,0.04995135436181548,0.5653749582236618,10.867623,0.1364765868141852
60,repaired,91.16573571961027,61,4.797818645563021,54,32.71651044536804,6.8190385802981455,9.159500730830757,1,9.159500730830757,False,7.326543754206332,1,7.326543754206332,False,4.524273690099734,1,4.524273690099734,False,8.917023999999998,0.44,0.9070555526511916,-0.40715918361566317,0.18472716590895508,0.34083911629100294,16.162105999999998,0.23714987366837892
60,repaired,93.16573571961027,61,8.007669987214596,49,51.10413540903067,6.381898291341403,9.680750719756247,1,9.680750719756247,False,6.617642307964809,1,6.617642307964809,False,2.5359786195202165,1,2.5359786195202165,False,10.310309,0.1818181818181818,1.5108258581212948,-0.9572318687290352,0.2115778262803926,0.23652917708938526,16.440763,0.3260121705040924
60,repaired,95.16573571961027,61,10.691231204262042,50,70.15157847881868,6.5615996079902255,9.662675018558774,1,9.662675018558774,False,7.085079502590027,1,7.085079502590027,False,2.2954236753577373,1,2.2954236753577373,False,11.146279999999999,-0.03999999999999993,0.9183700961237038,-1.421087498156655,0.2034615335586421,0.5651943451306864,12.818221999999999,0.2110044671866318
60,repaired,97.16573571961027,61,6.911757310958201,48,43.94145022248385,6.35749321707479,9.03236792312311,1,9.03236792312311,False,6.565434041747199,1,6.565434041747199,False,3.7522987781053594,1,3.7522987781053594,False,9.195680999999999,-0.2727272727272728,0.9884481118607913,-1.2811488338277726,0.14970549507882175,0.45294684941665075,16.162106,0.4130333031319189
68,raw,-74.11306114307808,61,10.825179019641123,51,72.67443853026413,6.713462973536435,9.460391035305557,1,9.460391035305557,False,6.547624412963551,1,6.547624412963551,False,3.698112881344243,1,3.698112881344243,False,11.703593999999999,-0.13043478260869557,1.6167948603285571,-1.6947156561116463,0.10797373833018221,1.1207330362249839,14.211507,0.334088910984885
68,raw,-72.11306114307808,61,10.322831942576695,59,78.6710998776229,7.621077269808357,11.00717337241732,1,11.00717337241732,False,7.310383371001963,1,7.310383371001963,False,4.451855858410903,1,4.451855858410903,False,11.982250999999998,-0.19999999999999998,1.0552846771860822,-1.5968816659806615,0.0,0.029581154796093384,,0.17075744630772186
68,raw,-70.11306114307808,61,9.988832336166924,55,72.06855255590271,7.214912627471133,9.816681762841288,1,9.816681762841288,False,7.185925721278258,1,7.185925721278258,False,4.3765371776820094,1,4.3765371776820094,False,11.703593999999999,0.12000000000000005,1.4869427275828024,-1.2070462694768929,0.0,0.1090861422044786,,0.28736308464480603
68,raw,-68.11306114307808,61,9.626725266631349,50,67.78642905869206,7.041483700969101,9.758491615987875,1,9.758491615987875,False,7.100354470095219,1,7.100354470095219,False,4.724091474776507,1,4.724091474776507,False,11.146279999999999,-0.08333333333333325,1.3399911683557721,-1.2718235773701174,0.18454769915517505,0.15840133774370682,13.654193,0.29290030612052104
68,raw,-66.11306114307808,61,8.220609579801367,56,65.67656810135662,7.9892576656028895,10.469691129515851,1,10.469691129515851,False,8.012198000286487,1,8.012198000286487,False,5.8639585640455305,1,5.8639585640455305,False,11.424937,-0.28571428571428575,0.7198037281523216,-1.198134481745516,0.14584775954349355,0.016609162866729473,15.326134999999999,0.09450589019209917
68,raw,-64.11306114307808,61,7.453874454960244,54,62.716246476808614,8.41391236943541,10.766038349757853,1,10.766038349757853,False,8.52015100022884,1,8.52015100022884,False,5.852078003862383,1,5.852078003862383,False,11.982250999999998,-0.0344827586206897,0.713802591296719,-0.8219277053601676,0.08954224726472115,0.0,,0.007894429246463906
68,raw,-62.113061143078085,61,8.836936487103374,60,65.34190359278271,7.394180515854413,10.180337004018572,1,10.180337004018572,False,7.751802129119804,1,7.751802129119804,False,4.277422825678152,1,4.277422825678152,False,11.424937,0.03703703703703703,1.1303097012770973,-1.1333302706279675,0.0,0.16991829286363214,,0.16320555382715035
68,raw,-60.113061143078085,61,9.382439336071876,59,67.38758154964295,7.182309326590961,10.00208311400371,1,10.00208311400371,False,7.034026069053809,1,7.034026069053809,False,4.142688100635835,1,4.142688100635835,False,12.260907999999999,-0.08333333333333325,1.0890751110965247,-1.3789112808525164,0.23019068760526581,0.0,,0.2901797231800637
68,raw,-58.113061143078085,61,9.178676227813876,57,64.87308228684758,7.067803752600463,9.617141147701727,1,9.617141147701727,False,7.161385568977922,1,7.161385568977922,False,4.417384876516395,1,4.417384876516395,False,10.867622999999998,0.040000000000000056,1.1862781419937505,-1.1404524558164444,0.07627301800648059,0.2347824374792248,12.818221999999999,0.25638533359684296
68,raw,-56.113061143078085,61,9.126431434025138,60,67.8860389301677,7.438399052347575,10.066050613872946,1,10.066050613872946,False,7.432940558772179,1,7.432940558772179,False,4.866805734616917,1,4.866805734616917,False,11.424937,0.0,1.22307034454242,-1.1344822192758865,0.0066987929923106575,0.0,,0.21832368907421074
68,raw,-54.113061143078085,61,8.663573958996388,55,63.55641672716973,7.336050575429298,10.41655962275082,1,10.41655962275082,False,7.358206778034347,1,7.358206778034347,False,4.261748008451352,1,4.261748008451352,False,11.424937,-0.0769230769230769,1.191516131554722,-1.2583801929957472,0.11186777627191032,0.06911705173406492,14.490164,0.2371686785050608
68,raw,-52.113061143078085,61,8.587894216072762,51,60.878192071640676,7.08883814121784,10.04311255806795,1,10.04311255806795,False,7.050811536156665,1,7.050811536156665,False,4.2199536939363025,1,4.2199536939363025,False,11.424937,6.640320206234167e-17,1.238254495458866,-1.0938854925144488,0.08635722891281852,0.148178670587602,15.326135,0.26127234108274444
68,raw,-50.113061143078085,62,8.298747529234797,55,58.710367430601174,7.074605803318695,9.538437015956951,1,9.538437015956951,False,6.572008814708173,1,6.572008814708173,False,5.102096287604901,1,5.102096287604901,False,10.867622999999998,0.0909090909090909,1.0146820796202465,-0.7837261841840273,0.128469764042556,0.24501155390406704,14.768820999999999,0.3659747429407077
68,raw,-48.113061143078085,62,8.469097091404773,58,60.99046936373227,7.201531486234945,10.280130683503515,1,10.280130683503515,False,6.962562362663732,1,6.962562362663732,False,4.512210166941392,1,4.512210166941392,False,10.867622999999998,6.640320206234167e-17,0.8857615633757074,-1.3257481521898498,0.35785221675466894,0.13654783749742122,13.375536,0.28199439432889645
68,raw,-46.113061143078085,62,8.713873477258767,53,65.62477216425033,7.5310678236855395,10.778793767886427,1,10.778793767886427,False,7.639028946174801,1,7.639028946174801,False,4.591862268855769,1,4.591862268855769,False,11.982250999999998,-0.1538461538461538,0.959155007371275,-1.2291714115708956,0.09803431401392225,0.13859193902878442,15.883448999999999,0.1447369383738708
68,raw,-44.113061143078085,62,9.173273509392025,57,68.53912608594989,7.471610436097467,10.783450503394626,1,10.783450503394626,False,7.677267153845003,1,7.677267153845003,False,4.746859314377045,1,4.746859314377045,False,11.982250999999998,-0.18518518518518529,0.9561939951122783,-1.3620388208236838,0.402169752389387,0.0,,0.1775730463961811
68,raw,-42.113061143078085,62,8.596549055103688,54,65.69338720492122,7.641832412498093,10.301301996481033,1,10.301301996481033,False,7.990673105835541,1,7.990673105835541,False,5.361251090323505,1,5.361251090323505,False,11.146279999999999,0.0714285714285713,1.174550056547615,-0.777976415977996,0.11995850308712955,0.02217594841534273,13.932849999999998,0.09612464326389968
68,raw,-40.113061143078085,62,8.313265092740007,62,63.081103116445036,7.58800572491474,10.460330756047448,1,10.460330756047448,False,7.552989760507661,1,7.552989760507661,False,4.378051479530383,1,4.378051479530383,False,11.703593999999999,0.0,1.008132490809145,-1.1400862664174005,0.0,0.0,,0.2283477471688073
68,raw,-38.113061143078085,62,8.3227591954801,57,61.9420741747549,7.442492654166208,10.682917248908321,1,10.682917248908321,False,6.669449310467231,1,6.669449310467231,False,4.665680742835962,1,4.665680742835962,False,11.982250999999998,0.04347826086956521,1.186247606533021,-1.2209547777912035,0.0,0.1631029192501515,,0.3451800544164654
68,raw,-36.113061143078085,62,8.30542163347601,61,62.67515229268432,7.546293861838935,10.489353272251188,1,10.489353272251188,False,7.247254107761874,1,7.247254107761874,False,4.7607065673778575,1,4.7607065673778575,False,12.260907999999999,-0.03999999999999993,0.941537022338785,-1.1861329902501998,0.06642536772621742,0.0,,0.23701572465652213
68,raw,-34.113061143078085,62,8.204283319355918,61,60.00830901814037,7.314265814853814,9.968784335581116,1,9.968784335581116,False,7.2440422284138775,1,7.2440422284138775,False,4.2974098763648865,1,4.2974098763648865,False,11.146279999999999,-0.2799999999999999,0.9031083646512964,-1.482212455712594,0.0,0.01803858539307786,,0.3190478171396153
68,raw,-32.113061143078085,62,7.4131878854950966,57,52.01393203934291,7.016405471270355,10.274986225949512,1,10.274986225949512,False,7.170842948072028,1,7.170842948072028,False,3.5805494456795426,1,3.5805494456795426,False,11.424937,0.039999999999999994,1.149452954544099,-1.073504743743512,0.15013767145085302,0.09487308579958756,14.490164,0.2975011134132223
68,raw,-30.113061143078085,62,7.370004791747099,56,41.411447529400434,5.61891731410715,8.23435769720911,1,8.23435769720911,False,5.072350764361957,1,5.072350764361957,False,3.005064227033587,1,3.005064227033587,False,9.752994999999999,-0.2941176470588236,1.217684761428977,-1.9670905420629132,0.16575320594600282,0.0,,0.7923371100297081
68,raw,-28.113061143078085,62,8.199854747266667,61,52.73595095202174,6.4313274536479685,8.674068574074605,1,8.674068574074605,False,5.942580425152331,1,5.942580425152331,False,3.7786088345890803,1,3.7786088345890803,False,10.310308999999998,-0.4285714285714286,0.9386916106503833,-2.5777860195330935,0.012710071709880498,0.0,,0.6029683139740073
68,raw,-26.113061143078085,62,8.04319303155528,57,56.32433667495908,7.0027334236522565,10.219582409411526,1,10.219582409411526,False,7.140974233238282,1,7.140974233238282,False,3.8154218291842033,1,3.8154218291842033,False,11.424937,0.19999999999999998,1.3703150260794024,-0.9064202878908745,0.4908313799377807,0.0,,0.3145145563418712
68,raw,-24.113061143078085,62,7.972964486149585,54,53.57279801352138,6.719307242191606,9.18232761159615,1,9.18232761159615,False,6.298948301761307,2,6.694358041402718,False,3.412585382807947,1,3.412585382807947,False,10.867622999999998,0.42857142857142866,1.9089998267538397,-0.790045289336464,0.36897355639930274,0.0,,0.4113156070300873
68,raw,-22.113061143078085,62,8.183430119067884,61,59.027080969601826,7.212999941438393,10.002372166649906,1,10.002372166649906,False,7.10480621892669,1,7.10480621892669,False,3.9276999945746454,1,3.9276999945746454,False,11.982250999999998,0.20000000000000004,1.369515747094844,-0.9188128758143715,0.02967226036814784,0.0,,0.3329074547039619
68,raw,-20.113061143078085,63,8.44156622763385,62,62.58696369082376,7.414141168014829,10.539223175706717,1,10.539223175706717,False,7.4179919742060605,1,7.4179919742060605,False,4.6202898679213025,1,4.6202898679213025,False,11.146279999999999,0.0,1.0300488802399532,-1.1490493455361024,0.030646423544676886,0.0,,0.24823720972910326
68,raw,-18.113061143078085,63,8.125238684781005,50,59.15181155654822,7.280009098974857,10.114512934482681,1,10.114512934482681,False,7.338422857397599,1,7.338422857397599,False,4.3391354944235125,1,4.3391354944235125,False,11.146279999999999,0.0769230769230769,1.1698541604590498,-1.0011431320694841,0.2503654508666117,0.5134403272531806,15.326134999999999,0.25271961424261247
68,raw,-16.113061143078085,63,8.161378155518015,53,56.28377258451528,6.896356413341916,9.695120164513224,1,9.695120164513224,False,7.21588357304366,1,7.21588357304366,False,4.512206573683938,1,4.512206573683938,False,10.588966,0.03999999999999999,1.167205630506273,-1.1816447709427305,0.06127529713771304,0.5903911257314736,11.982251,0.2998720079522868
68,raw,-14.113061143078085,63,5.518037709366227,58,43.3106120366329,7.848915559804562,11.252167734130108,1,11.252167734130108,False,8.397760179731389,1,8.397760179731389,False,4.308106852128196,1,4.308106852128196,False,11.703593999999999,-0.24137931034482757,0.5719956547112987,-0.6602856888260835,0.14770565859044232,0.1915387085802374,16.71942,0.18768767804609876
68,raw,-12.113061143078085,63,2.6906027653868234,62,20.601002123886666,7.656649427744454,11.67879495009742,1,11.67879495009742,False,6.832004165508504,2,8.053911851519144,False,2.6203157563488064,1,2.6203157563488064,False,11.146279999999999,0.16666666666666663,0.5045339409796192,-0.3272418997639398,0.07847920540538082,0.0,,0.1616836896464663
68,raw,-10.113061143078085,63,2.7247431077167565,56,19.484545014133072,7.15096588700447,11.952404216125862,1,11.952404216125862,False,3.6449862804122946,2,6.814419413141735,False,2.582262286471705,1,2.582262286471705,False,11.146279999999999,-0.16666666666666688,0.6196602006406173,-0.72685307806804,0.12432065346089408,0.0857660470834782,13.932849999999998,0.25253525902223534
68,raw,-8.113061143078085,63,7.430272608975459,60,53.643073164518206,7.219529617220183,10.69083854121304,1,10.69083854121304,False,7.149780892573353,1,7.149780892573353,False,4.467941747553484,1,4.467941747553484,False,11.982250999999998,0.08333333333333325,0.856028644053277,-0.9486921340487355,0.006351499965928917,0.014800869286079852,15.326134999999999,0.3179736832430845
68,raw,-6.113061143078085,63,7.7121912268914246,63,59.98317036494994,7.7777078654113625,10.532880071058795,1,10.532880071058795,False,7.529224704102245,1,7.529224704102245,False,5.236833943830996,1,5.236833943830996,False,11.146279999999999,-0.2307692307692307,0.633071206740904,-1.3818943044654326,0.0,0.0,,0.24460670626780417
68,raw,-4.113061143078085,63,7.976186197682572,55,55.92138032932959,7.011042488649171,10.37487804103477,1,10.37487804103477,False,6.805999324201531,1,6.805999324201531,False,3.3414088712193735,1,3.3414088712193735,False,11.424937,-0.08333333333333325,1.0527714795025995,-1.2658568013516303,0.7724721759860691,0.0,,0.33304594125081227
68,raw,-2.1130611430780846,63,6.988234088935514,63,49.09310647798049,7.025109040881975,10.80558003709609,1,10.80558003709609,False,6.9727641810564505,1,6.9727641810564505,False,3.4227084838007262,1,3.4227084838007262,False,11.424937,-0.24999999999999994,0.9071955888695616,-1.4335331151743864,0.0,0.0,,0.36429573554071387
68,raw,-0.11306114307808457,63,7.575783883997938,58,53.399430844787844,7.048700393576642,10.117204885454107,1,10.117204885454107,False,6.518154937849691,1,6.518154937849691,False,3.7893536653461535,1,3.7893536653461535,False,11.424937,-0.18181818181818177,0.9256707561226193,-1.3345078845354335,0.13422663185052042,0.04500398766399648,15.883448999999999,0.367205109060297
68,raw,1.8869388569219154,63,7.510905566523096,57,58.54974831898961,7.795298156849695,10.072404744217897,1,10.072404744217897,False,8.088245095486595,1,8.088245095486595,False,5.082477565527835,1,5.082477565527835,False,10.867622999999998,0.07142857142857147,1.1779742518271898,-0.6740824689770485,0.06611480452018094,0.4074415051097042,15.604792,0.18289769497859593
68,raw,3.8869388569219154,63,7.740310867651146,63,63.224322892829285,8.168189104272393,11.011059726529874,1,11.011059726529874,False,7.795046697688353,1,7.795046697688353,False,5.279674170461557,1,5.279674170461557,False,13.096878999999998,-0.11111111111111109,0.7178323852469272,-1.0610161077039872,0.0,0.0,,0.17563560149756854
68,raw,5.886938856921915,63,7.595553218322229,58,57.38305055035862,7.554821735951694,10.361794825881507,1,10.361794825881507,False,7.653833941081551,1,7.653833941081551,False,4.563412925173807,1,4.563412925173807,False,11.146279999999999,0.0769230769230769,1.150422252005704,-0.818792189218508,0.05759514651398571,0.20286764500945637,15.883448999999999,0.24962844334691578
68,raw,7.886938856921915,63,7.712930304199785,58,57.15210855585472,7.409908595275999,9.870622950917483,1,9.870622950917483,False,7.01563150395325,1,7.01563150395325,False,4.460994009365356,1,4.460994009365356,False,12.260907999999999,6.640320206234167e-17,0.9739084269162769,-1.102202877473566,0.0,0.15758331997123254,,0.31564981406074255
68,raw,9.886938856921915,63,7.674166084057802,57,54.23986951358597,7.067851922864045,10.108626459414634,1,10.108626459414634,False,6.834176659762237,1,6.834176659762237,False,3.553943152126841,1,3.553943152126841,False,11.424937,-0.08333333333333338,0.9760619671380129,-1.3544972011750054,0.14874088150127343,0.0,,0.37969380844629896
68,raw,11.886938856921915,63,7.555064367136317,56,54.059468689635096,7.155394853389698,10.191632302808218,1,10.191632302808218,False,7.123290719079776,1,7.123290719079776,False,4.105697580486427,1,4.105697580486427,False,11.146279999999999,-0.040000000000000056,0.9894354429776565,-1.1926166382794474,0.0,0.13306469860116693,,0.32335209195116404
68,raw,13.886938856921915,63,8.024395180581864,61,52.3279511006611,6.521108435348357,9.126054071959551,1,9.126054071959551,False,6.628273590457727,1,6.628273590457727,False,4.00079879400748,1,4.00079879400748,False,10.867622999999998,-0.30434782608695654,0.9060787776091938,-1.634579329157338,0.07652060489327697,0.0,,0.4379764692102696
68,raw,15.886938856921915,63,8.061933325001547,56,48.69498078626601,6.040112070296322,8.10691977390883,1,8.10691977390883,False,6.25994744392548,1,6.25994744392548,False,3.650339033052493,1,3.650339033052493,False,8.638366999999999,-0.8181818181818182,0.5217485627423624,-6.49777885336764,0.0,0.6020390676106613,,0.5024108297281195
68,raw,17.886938856921915,63,7.6892531949723875,36,37.264944135274526,4.846367155608841,6.714604157888996,1,6.714604157888996,False,4.989948363672056,1,4.989948363672056,False,2.590125524794222,1,2.590125524794222,False,7.802396,-0.5294117647058825,0.9052267117733569,-3.3467205104579416,0.5374309176733639,0.7089506713913271,13.375536,0.8061221370330212
68,raw,19.886938856921915,63,7.990439968951092,34,32.06213228442139,4.0125615621927,5.638216417019224,1,5.638216417019224,False,4.03130425265338,1,4.03130425265338,False,2.1995048062485933,1,2.1995048062485933,False,6.409111,-0.6923076923076924,1.115538981336343,-3.8295119911093556,0.2364605843091322,0.6908318407358648,12.260907999999999,1.1196496866338617
68,raw,21.886938856921915,63,7.914323519027974,47,40.2452308412549,5.085113180487947,6.3268033705573865,1,6.3268033705573865,False,4.849903096089006,1,4.849903096089006,False,3.447878082082478,1,3.447878082082478,False,8.081052999999999,-0.375,1.0726094567022117,-1.7550407005214705,1.782644699996944,0.06788544952726223,14.211507,0.7843502943775255
68,raw,23.886938856921915,63,7.688103575299535,52,51.165305866641006,6.6551270239159805,8.553486123918958,1,8.553486123918958,False,6.627753724376117,1,6.627753724376117,False,4.744112520757408,1,4.744112520757408,False,9.474338,0.1304347826086957,1.0889120305817483,-0.9961816469368079,0.07185145631898383,0.3219957051635215,15.604792,0.47276465022348846
68,raw,25.886938856921915,63,7.52830902806613,57,54.30012654970467,7.212791922763733,9.810470104225931,1,9.810470104225931,False,7.34831922002806,1,7.34831922002806,False,4.622648467160594,1,4.622648467160594,False,10.588966,-0.0769230769230769,0.9154018964401269,-1.0266809272121047,0.03794975250545745,0.09641773630243228,16.162105999999998,0.2825687012842388
68,raw,27.886938856921915,63,6.288962497508355,58,46.1881799587291,7.344324278770712,10.152457988430783,1,10.152457988430783,False,7.871316238401842,1,7.871316238401842,False,4.041337289651477,1,4.041337289651477,False,10.588966,-0.48148148148148157,0.6247925139439179,-1.383118340258721,0.0,0.3887897231658722,,0.24675815478224805
68,raw,29.886938856921915,63,6.681705805855978,53,46.77093940988721,6.999850153368956,10.299135859892996,1,10.299135859892996,False,7.55952465494526,1,7.55952465494526,False,3.420625801574337,1,3.420625801574337,False,10.867622999999998,-0.3076923076923076,0.7633665308727006,-1.0736864399049164,0.0744296227861464,0.23664146648430304,15.326134999999999,0.28327751562313014
68,raw,31.886938856921915,63,8.036063940538165,60,54.598768973218334,6.79421783813755,9.127356177831807,1,9.127356177831807,False,6.831249409358721,1,6.831249409358721,False,4.182970959907941,1,4.182970959907941,False,10.867622999999998,-0.08333333333333338,1.0887021067158307,-1.0068917172710063,0.011136062045934873,0.14784970524509491,17.276733999999998,0.42939640201731977
68,raw,33.886938856921915,63,8.097525226123771,61,54.676644535941655,6.752266033027844,9.051215504920815,1,9.051215504920815,False,6.682701069251122,1,6.682701069251122,False,4.211581207767323,1,4.211581207767323,False,10.588966,-0.21739130434782614,1.075965494351812,-1.2649397098200574,0.0,0.22188704768621736,,0.4994631758646847
68,raw,35.886938856921915,63,7.881609371194127,62,56.989967635562515,7.230752623169915,9.902093039429259,1,9.902093039429259,False,7.10486772017525,1,7.10486772017525,False,4.137497201346464,1,4.137497201346464,False,11.424937,-0.35999999999999993,0.8319829476571573,-1.7443260285794018,0.0,0.10442044631784943,,0.37354220950330813
68,raw,37.886938856921915,63,7.987029470263998,63,58.55387093595221,7.331119930626325,9.820237105000455,1,9.820237105000455,False,7.115871436884013,1,7.115871436884013,False,4.7879898577466875,1,4.7879898577466875,False,11.424937,0.08333333333333325,1.1252537204558462,-0.5850222998345816,0.0,0.0,,0.2836981594789081
68,raw,39.886938856921915,63,8.13226252720141,52,60.369389281579835,7.423443239768971,10.448024892303987,1,10.448024892303987,False,7.405974466727894,1,7.405974466727894,False,4.5248377224573355,1,4.5248377224573355,False,11.703593999999999,-0.0769230769230769,0.8476323696029153,-1.2460359408300241,0.0,0.26445426100236735,,0.2502067355980467
68,raw,41.886938856921915,62,8.486074404031177,57,66.2169069539143,7.80300805781988,10.797212501607614,1,10.797212501607614,False,7.838965444399582,1,7.838965444399582,False,4.797536282322463,1,4.797536282322463,False,11.703593999999999,-0.2592592592592592,0.7868297836265289,-1.4153563421823487,0.0,0.17047814179444254,,0.16541924555187093
68,raw,43.886938856921915,62,8.312150009819462,59,61.830458892767055,7.438563887769634,10.123154764589566,2,10.333670692334477,False,7.476967055212189,1,7.476967055212189,False,4.729688498720855,1,4.729688498720855,False,11.424937,-0.03999999999999999,0.9844686804639615,-0.9596805036764205,0.13068006321881792,0.0833542482642296,15.326134999999999,0.22472877653570986
68,raw,45.886938856921915,62,8.517740737051941,58,63.096636118343056,7.407672769831371,10.256330345325935,1,10.256330345325935,False,7.141445395986277,1,7.141445395986277,False,4.541902731689591,1,4.541902731689591,False,11.424937,-0.11999999999999997,0.9513731175838034,-1.3983138858462343,0.0650308877687203,0.0,,0.2854934546551859
68,raw,47.886938856921915,62,8.858744738926974,60,67.02576430405583,7.566056623071227,10.393162235732792,1,10.393162235732792,False,7.667932918426095,1,7.667932918426095,False,4.572287923123714,1,4.572287923123714,False,11.424937,-0.1538461538461538,0.9679553647588123,-1.2678680716241804,0.011792245211202267,0.03262804340739532,16.440763,0.23096850564223778
68,raw,49.886938856921915,62,8.668425307341302,60,61.927739645917896,7.1440587477256345,10.09743321233464,1,10.09743321233464,False,7.27100829711407,1,7.27100829711407,False,4.06818508516217,1,4.06818508516217,False,11.146279999999999,-0.11999999999999997,0.9622628466876585,-1.190024806206537,0.0,0.025393669713306845,,0.25482982741679344
68,raw,51.886938856921915,62,8.44445783755324,59,63.356638795880926,7.502747957853306,10.095280856020118,1,10.095280856020118,False,7.715354973163507,1,7.715354973163507,False,4.879480509788094,1,4.879480509788094,False,11.424937,-0.18518518518518515,0.8394959936668224,-1.3542983709409697,0.025269141563249765,0.008665354188088004,14.490164,0.19586351523006193
68,raw,53.886938856921915,62,8.682568567544761,54,64.16984196107732,7.390651909268266,10.240868115316466,1,10.240868115316466,False,7.596484968209572,1,7.596484968209572,False,4.340371636390371,1,4.340371636390371,False,11.146279999999999,-0.2307692307692307,0.8598366905206483,-1.2961467708106273,0.09306809719426766,0.11581103514314828,15.047478,0.19728804470503453
68,raw,55.886938856921915,62,8.737319374409587,58,66.82830623118895,7.64860518054541,10.386844591386449,1,10.386844591386449,False,7.922723245884303,1,7.922723245884303,False,4.7027106433255685,1,4.7027106433255685,False,12.260907999999999,-0.18518518518518517,1.023584750329362,-1.1982272208719704,0.0,0.2770955770929696,,0.20186466128391958
68,raw,57.886938856921915,62,9.030102700188468,53,64.24103084259313,7.114097477679002,9.965907173972788,1,9.965907173972788,False,7.185916157891467,1,7.185916157891467,False,4.338691569841428,1,4.338691569841428,False,11.703593999999999,0.03999999999999999,1.2572401812684588,-1.1764286763125293,0.0,0.4328382107602037,,0.2769642155168394
68,raw,59.886938856921915,62,9.405788072409775,50,65.68540793586475,6.983509242414395,9.936273762585772,1,9.936273762585772,False,7.017920128282399,1,7.017920128282399,False,4.1725171967791,1,4.1725171967791,False,11.146279999999999,-0.08333333333333338,1.263482514001085,-1.2489687541692656,0.09988192673133864,0.28777298016985187,14.768820999999999,0.2865709113868353
68,raw,61.886938856921915,62,9.033267540110105,57,68.37784277670247,7.569558022397399,10.38470683872789,1,10.38470683872789,False,7.536648991846627,1,7.536648991846627,False,4.686741093445363,1,4.686741093445363,False,11.424937,0.0,1.1991335426122787,-0.923207606627861,0.12329141960199921,0.0,,0.18781018168377442
68,raw,63.886938856921915,62,9.34199287654438,60,67.51159098666957,7.226679775808418,9.990410600972389,1,9.990410600972389,False,7.107409197782365,1,7.107409197782365,False,4.399775125247163,1,4.399775125247163,False,11.703593999999999,0.08333333333333338,1.3310772017041028,-1.067164967750734,0.0,0.013598089888215696,,0.30326764384931687
68,raw,65.88693885692192,62,9.283907560658417,52,66.74298885931152,7.189105279563781,9.86715343687781,1,9.86715343687781,False,7.3001759056387465,1,7.3001759056387465,False,4.371002089986119,1,4.371002089986119,False,11.703593999999999,-0.2799999999999999,1.0783624509539789,-1.601032653273608,0.002718215559460894,0.4307495423726316,15.604792,0.2812495834265872
68,raw,67.88693885692192,62,9.483447964173335,52,67.81903608494522,7.151305763594914,9.953418622132482,1,9.953418622132482,False,6.724319742546907,1,6.724319742546907,False,4.3627226654314075,1,4.3627226654314075,False,11.424937,0.04347826086956528,1.266209452110974,-1.3511954696835562,0.14051125066653597,0.5422889253203064,14.211507,0.30616970633643836
68,raw,69.88693885692192,62,9.745428261992046,51,70.8685164946044,7.271975596085122,9.646021696858696,1,9.646021696858696,False,7.4168056098188515,1,7.4168056098188515,False,4.713490690978876,1,4.713490690978876,False,11.146279999999999,-0.11999999999999997,1.063475931820012,-1.3790830933733633,0.06734040559412131,0.5930510603528882,14.211507,0.21863456148447225
68,raw,71.88693885692192,62,10.205089597452464,55,73.22743331862783,7.175579657517939,10.536775436394066,1,10.536775436394066,False,7.279541152978721,1,7.279541152978721,False,3.851139631478745,1,3.851139631478745,False,11.703593999999999,-0.11999999999999993,1.0483024886507892,-1.5722269151764323,0.2709789129921426,0.9081141079466957,15.883448999999999,0.19380490811301157
68,repaired,-74.11306114307808,61,10.825179019641123,51,72.67443853026413,6.713462973536435,9.460391035305557,1,9.460391035305557,False,6.547624412963551,1,6.547624412963551,False,3.698112881344243,1,3.698112881344243,False,11.703593999999999,-0.13043478260869557,1.6167948603285571,-1.6947156561116463,0.10797373833018221,1.1207330362249839,14.211507,0.334088910984885
68,repaired,-72.11306114307808,61,10.322831942576695,59,78.6710998776229,7.621077269808357,11.00717337241732,1,11.00717337241732,False,7.310383371001963,1,7.310383371001963,False,4.451855858410903,1,4.451855858410903,False,11.982250999999998,-0.19999999999999998,1.0552846771860822,-1.5968816659806615,0.0,0.029581154796093384,,0.17075744630772186
68,repaired,-70.11306114307808,61,9.988832336166924,55,72.06855255590271,7.214912627471133,9.816681762841288,1,9.816681762841288,False,7.185925721278258,1,7.185925721278258,False,4.3765371776820094,1,4.3765371776820094,False,11.703593999999999,0.12000000000000005,1.4869427275828024,-1.2070462694768929,0.0,0.1090861422044786,,0.28736308464480603
68,repaired,-68.11306114307808,61,9.626725266631349,50,67.78642905869206,7.041483700969101,9.758491615987875,1,9.758491615987875,False,7.100354470095219,1,7.100354470095219,False,4.724091474776507,1,4.724091474776507,False,11.146279999999999,-0.08333333333333325,1.3399911683557721,-1.2718235773701174,0.18454769915517505,0.15840133774370682,13.654193,0.29290030612052104
68,repaired,-66.11306114307808,61,8.220609579801367,56,65.67656810135662,7.9892576656028895,10.469691129515851,1,10.469691129515851,False,8.012198000286487,1,8.012198000286487,False,5.8639585640455305,1,5.8639585640455305,False,11.424937,-0.28571428571428575,0.7198037281523216,-1.198134481745516,0.14584775954349355,0.016609162866729473,15.326134999999999,0.09450589019209917
68,repaired,-64.11306114307808,61,7.453874454960244,54,62.716246476808614,8.41391236943541,10.766038349757853,1,10.766038349757853,False,8.52015100022884,1,8.52015100022884,False,5.852078003862383,1,5.852078003862383,False,11.982250999999998,-0.0344827586206897,0.713802591296719,-0.8219277053601676,0.08954224726472115,0.0,,0.007894429246463906
68,repaired,-62.113061143078085,61,8.836936487103374,60,65.34190359278271,7.394180515854413,10.180337004018572,1,10.180337004018572,False,7.751802129119804,1,7.751802129119804,False,4.277422825678152,1,4.277422825678152,False,11.424937,0.03703703703703703,1.1303097012770973,-1.1333302706279675,0.0,0.16991829286363214,,0.16320555382715035
68,repaired,-60.113061143078085,61,9.382439336071876,59,67.38758154964295,7.182309326590961,10.00208311400371,1,10.00208311400371,False,7.034026069053809,1,7.034026069053809,False,4.142688100635835,1,4.142688100635835,False,12.260907999999999,-0.08333333333333325,1.0890751110965247,-1.3789112808525164,0.23019068760526581,0.0,,0.2901797231800637
68,repaired,-58.113061143078085,61,9.178676227813876,57,64.87308228684758,7.067803752600463,9.617141147701727,1,9.617141147701727,False,7.161385568977922,1,7.161385568977922,False,4.417384876516395,1,4.417384876516395,False,10.867622999999998,0.040000000000000056,1.1862781419937505,-1.1404524558164444,0.07627301800648059,0.2347824374792248,12.818221999999999,0.25638533359684296
68,repaired,-56.113061143078085,61,9.126431434025138,60,67.8860389301677,7.438399052347575,10.066050613872946,1,10.066050613872946,False,7.432940558772179,1,7.432940558772179,False,4.866805734616917,1,4.866805734616917,False,11.424937,0.0,1.22307034454242,-1.1344822192758865,0.0066987929923106575,0.0,,0.21832368907421074
68,repaired,-54.113061143078085,61,8.663573958996388,55,63.55641672716973,7.336050575429298,10.41655962275082,1,10.41655962275082,False,7.358206778034347,1,7.358206778034347,False,4.261748008451352,1,4.261748008451352,False,11.424937,-0.0769230769230769,1.191516131554722,-1.2583801929957472,0.11186777627191032,0.06911705173406492,14.490164,0.2371686785050608
68,repaired,-52.113061143078085,61,8.587894216072762,51,60.878192071640676,7.08883814121784,10.04311255806795,1,10.04311255806795,False,7.050811536156665,1,7.050811536156665,False,4.2199536939363025,1,4.2199536939363025,False,11.424937,6.640320206234167e-17,1.238254495458866,-1.0938854925144488,0.08635722891281852,0.148178670587602,15.326135,0.26127234108274444
68,repaired,-50.113061143078085,62,8.298747529234797,55,58.710367430601174,7.074605803318695,9.538437015956951,1,9.538437015956951,False,6.572008814708173,1,6.572008814708173,False,5.102096287604901,1,5.102096287604901,False,10.867622999999998,0.0909090909090909,1.0146820796202465,-0.7837261841840273,0.128469764042556,0.24501155390406704,14.768820999999999,0.3659747429407077
68,repaired,-48.113061143078085,62,8.469097091404773,58,60.99046936373227,7.201531486234945,10.280130683503515,1,10.280130683503515,False,6.962562362663732,1,6.962562362663732,False,4.512210166941392,1,4.512210166941392,False,10.867622999999998,6.640320206234167e-17,0.8857615633757074,-1.3257481521898498,0.35785221675466894,0.13654783749742122,13.375536,0.28199439432889645
68,repaired,-46.113061143078085,62,8.713873477258767,53,65.62477216425033,7.5310678236855395,10.778793767886427,1,10.778793767886427,False,7.639028946174801,1,7.639028946174801,False,4.591862268855769,1,4.591862268855769,False,11.982250999999998,-0.1538461538461538,0.959155007371275,-1.2291714115708956,0.09803431401392225,0.13859193902878442,15.883448999999999,0.1447369383738708
68,repaired,-44.113061143078085,62,9.173273509392025,57,68.53912608594989,7.471610436097467,10.783450503394626,1,10.783450503394626,False,7.677267153845003,1,7.677267153845003,False,4.746859314377045,1,4.746859314377045,False,11.982250999999998,-0.18518518518518529,0.9561939951122783,-1.3620388208236838,0.402169752389387,0.0,,0.1775730463961811
68,repaired,-42.113061143078085,62,8.596549055103688,54,65.69338720492122,7.641832412498093,10.301301996481033,1,10.301301996481033,False,7.990673105835541,1,7.990673105835541,False,5.361251090323505,1,5.361251090323505,False,11.146279999999999,0.0714285714285713,1.174550056547615,-0.777976415977996,0.11995850308712955,0.02217594841534273,13.932849999999998,0.09612464326389968
68,repaired,-40.113061143078085,62,8.313265092740007,62,63.081103116445036,7.58800572491474,10.460330756047448,1,10.460330756047448,False,7.552989760507661,1,7.552989760507661,False,4.378051479530383,1,4.378051479530383,False,11.703593999999999,0.0,1.008132490809145,-1.1400862664174005,0.0,0.0,,0.2283477471688073
68,repaired,-38.113061143078085,62,8.3227591954801,57,61.9420741747549,7.442492654166208,10.682917248908321,1,10.682917248908321,False,6.669449310467231,1,6.669449310467231,False,4.665680742835962,1,4.665680742835962,False,11.982250999999998,0.04347826086956521,1.186247606533021,-1.2209547777912035,0.0,0.1631029192501515,,0.3451800544164654
68,repaired,-36.113061143078085,62,8.30542163347601,61,62.67515229268432,7.546293861838935,10.489353272251188,1,10.489353272251188,False,7.247254107761874,1,7.247254107761874,False,4.7607065673778575,1,4.7607065673778575,False,12.260907999999999,-0.03999999999999993,0.941537022338785,-1.1861329902501998,0.06642536772621742,0.0,,0.23701572465652213
68,repaired,-34.113061143078085,62,8.204283319355918,61,60.00830901814037,7.314265814853814,9.968784335581116,1,9.968784335581116,False,7.2440422284138775,1,7.2440422284138775,False,4.2974098763648865,1,4.2974098763648865,False,11.146279999999999,-0.2799999999999999,0.9031083646512964,-1.482212455712594,0.0,0.01803858539307786,,0.3190478171396153
68,repaired,-32.113061143078085,62,7.4131878854950966,57,52.01393203934291,7.016405471270355,10.274986225949512,1,10.274986225949512,False,7.170842948072028,1,7.170842948072028,False,3.5805494456795426,1,3.5805494456795426,False,11.424937,0.039999999999999994,1.149452954544099,-1.073504743743512,0.15013767145085302,0.09487308579958756,14.490164,0.2975011134132223
68,repaired,-30.113061143078085,62,7.370004791747099,56,41.411447529400434,5.61891731410715,8.23435769720911,1,8.23435769720911,False,5.072350764361957,1,5.072350764361957,False,3.005064227033587,1,3.005064227033587,False,9.752994999999999,-0.2941176470588236,1.217684761428977,-1.9670905420629132,0.16575320594600282,0.0,,0.7923371100297081
68,repaired,-28.113061143078085,62,8.199854747266667,61,52.73595095202174,6.4313274536479685,8.674068574074605,1,8.674068574074605,False,5.942580425152331,1,5.942580425152331,False,3.7786088345890803,1,3.7786088345890803,False,10.310308999999998,-0.4285714285714286,0.9386916106503833,-2.5777860195330935,0.012710071709880498,0.0,,0.6029683139740073
68,repaired,-26.113061143078085,62,8.04319303155528,57,56.32433667495908,7.0027334236522565,10.219582409411526,1,10.219582409411526,False,7.140974233238282,1,7.140974233238282,False,3.8154218291842033,1,3.8154218291842033,False,11.424937,0.19999999999999998,1.3703150260794024,-0.9064202878908745,0.4908313799377807,0.0,,0.3145145563418712
68,repaired,-24.113061143078085,62,7.972964486149585,54,53.57279801352138,6.719307242191606,9.18232761159615,1,9.18232761159615,False,6.298948301761307,2,6.694358041402718,False,3.412585382807947,1,3.412585382807947,False,10.867622999999998,0.42857142857142866,1.9089998267538397,-0.790045289336464,0.36897355639930274,0.0,,0.4113156070300873
68,repaired,-22.113061143078085,62,8.183430119067884,61,59.027080969601826,7.212999941438393,10.002372166649906,1,10.002372166649906,False,7.10480621892669,1,7.10480621892669,False,3.9276999945746454,1,3.9276999945746454,False,11.982250999999998,0.20000000000000004,1.369515747094844,-0.9188128758143715,0.02967226036814784,0.0,,0.3329074547039619
68,repaired,-20.113061143078085,63,8.44156622763385,62,62.58696369082376,7.414141168014829,10.539223175706717,1,10.539223175706717,False,7.4179919742060605,1,7.4179919742060605,False,4.6202898679213025,1,4.6202898679213025,False,11.146279999999999,0.0,1.0300488802399532,-1.1490493455361024,0.030646423544676886,0.0,,0.24823720972910326
68,repaired,-18.113061143078085,63,8.125238684781005,50,59.15181155654822,7.280009098974857,10.114512934482681,1,10.114512934482681,False,7.338422857397599,1,7.338422857397599,False,4.3391354944235125,1,4.3391354944235125,False,11.146279999999999,0.0769230769230769,1.1698541604590498,-1.0011431320694841,0.2503654508666117,0.5134403272531806,15.326134999999999,0.25271961424261247
68,repaired,-16.113061143078085,63,8.161378155518015,53,56.28377258451528,6.896356413341916,9.695120164513224,1,9.695120164513224,False,7.21588357304366,1,7.21588357304366,False,4.512206573683938,1,4.512206573683938,False,10.588966,0.03999999999999999,1.167205630506273,-1.1816447709427305,0.06127529713771304,0.5903911257314736,11.982251,0.2998720079522868
68,repaired,-14.113061143078085,63,5.518037709366227,58,43.3106120366329,7.848915559804562,11.252167734130108,1,11.252167734130108,False,8.397760179731389,1,8.397760179731389,False,4.308106852128196,1,4.308106852128196,False,11.703593999999999,-0.24137931034482757,0.5719956547112987,-0.6602856888260835,0.14770565859044232,0.1915387085802374,16.71942,0.18768767804609876
68,repaired,-12.113061143078085,63,2.6906027653868234,62,20.601002123886666,7.656649427744454,11.67879495009742,1,11.67879495009742,False,6.832004165508504,2,8.053911851519144,False,2.6203157563488064,1,2.6203157563488064,False,11.146279999999999,0.16666666666666663,0.5045339409796192,-0.3272418997639398,0.07847920540538082,0.0,,0.1616836896464663
68,repaired,-10.113061143078085,63,2.7247431077167565,56,19.484545014133072,7.15096588700447,11.952404216125862,1,11.952404216125862,False,3.6449862804122946,2,6.814419413141735,False,2.582262286471705,1,2.582262286471705,False,11.146279999999999,-0.16666666666666688,0.6196602006406173,-0.72685307806804,0.12432065346089408,0.0857660470834782,13.932849999999998,0.25253525902223534
68,repaired,-8.113061143078085,63,7.430272608975459,60,53.643073164518206,7.219529617220183,10.69083854121304,1,10.69083854121304,False,7.149780892573353,1,7.149780892573353,False,4.467941747553484,1,4.467941747553484,False,11.982250999999998,0.08333333333333325,0.856028644053277,-0.9486921340487355,0.006351499965928917,0.014800869286079852,15.326134999999999,0.3179736832430845
68,repaired,-6.113061143078085,63,7.7121912268914246,63,59.98317036494994,7.7777078654113625,10.532880071058795,1,10.532880071058795,False,7.529224704102245,1,7.529224704102245,False,5.236833943830996,1,5.236833943830996,False,11.146279999999999,-0.2307692307692307,0.633071206740904,-1.3818943044654326,0.0,0.0,,0.24460670626780417
68,repaired,-4.113061143078085,63,7.976186197682572,55,55.92138032932959,7.011042488649171,10.37487804103477,1,10.37487804103477,False,6.805999324201531,1,6.805999324201531,False,3.3414088712193735,1,3.3414088712193735,False,11.424937,-0.08333333333333325,1.0527714795025995,-1.2658568013516303,0.7724721759860691,0.0,,0.33304594125081227
68,repaired,-2.1130611430780846,63,6.988234088935514,63,49.09310647798049,7.025109040881975,10.80558003709609,1,10.80558003709609,False,6.9727641810564505,1,6.9727641810564505,False,3.4227084838007262,1,3.4227084838007262,False,11.424937,-0.24999999999999994,0.9071955888695616,-1.4335331151743864,0.0,0.0,,0.36429573554071387
68,repaired,-0.11306114307808457,63,7.575783883997938,58,53.399430844787844,7.048700393576642,10.117204885454107,1,10.117204885454107,False,6.518154937849691,1,6.518154937849691,False,3.7893536653461535,1,3.7893536653461535,False,11.424937,-0.18181818181818177,0.9256707561226193,-1.3345078845354335,0.13422663185052042,0.04500398766399648,15.883448999999999,0.367205109060297
68,repaired,1.8869388569219154,63,7.510905566523096,57,58.54974831898961,7.795298156849695,10.072404744217897,1,10.072404744217897,False,8.088245095486595,1,8.088245095486595,False,5.082477565527835,1,5.082477565527835,False,10.867622999999998,0.07142857142857147,1.1779742518271898,-0.6740824689770485,0.06611480452018094,0.4074415051097042,15.604792,0.18289769497859593
68,repaired,3.8869388569219154,63,7.740310867651146,63,63.224322892829285,8.168189104272393,11.011059726529874,1,11.011059726529874,False,7.795046697688353,1,7.795046697688353,False,5.279674170461557,1,5.279674170461557,False,13.096878999999998,-0.11111111111111109,0.7178323852469272,-1.0610161077039872,0.0,0.0,,0.17563560149756854
68,repaired,5.886938856921915,63,7.595553218322229,58,57.38305055035862,7.554821735951694,10.361794825881507,1,10.361794825881507,False,7.653833941081551,1,7.653833941081551,False,4.563412925173807,1,4.563412925173807,False,11.146279999999999,0.0769230769230769,1.150422252005704,-0.818792189218508,0.05759514651398571,0.20286764500945637,15.883448999999999,0.24962844334691578
68,repaired,7.886938856921915,63,7.712930304199785,58,57.15210855585472,7.409908595275999,9.870622950917483,1,9.870622950917483,False,7.01563150395325,1,7.01563150395325,False,4.460994009365356,1,4.460994009365356,False,12.260907999999999,6.640320206234167e-17,0.9739084269162769,-1.102202877473566,0.0,0.15758331997123254,,0.31564981406074255
68,repaired,9.886938856921915,63,7.674166084057802,57,54.23986951358597,7.067851922864045,10.108626459414634,1,10.108626459414634,False,6.834176659762237,1,6.834176659762237,False,3.553943152126841,1,3.553943152126841,False,11.424937,-0.08333333333333338,0.9760619671380129,-1.3544972011750054,0.14874088150127343,0.0,,0.37969380844629896
68,repaired,11.886938856921915,63,7.555064367136317,56,54.059468689635096,7.155394853389698,10.191632302808218,1,10.191632302808218,False,7.123290719079776,1,7.123290719079776,False,4.105697580486427,1,4.105697580486427,False,11.146279999999999,-0.040000000000000056,0.9894354429776565,-1.1926166382794474,0.0,0.13306469860116693,,0.32335209195116404
68,repaired,13.886938856921915,63,8.024395180581864,61,52.3279511006611,6.521108435348357,9.126054071959551,1,9.126054071959551,False,6.628273590457727,1,6.628273590457727,False,4.00079879400748,1,4.00079879400748,False,10.867622999999998,-0.30434782608695654,0.9060787776091938,-1.634579329157338,0.07652060489327697,0.0,,0.4379764692102696
68,repaired,15.886938856921915,63,8.061933325001547,56,48.69498078626601,6.040112070296322,8.10691977390883,1,8.10691977390883,False,6.25994744392548,1,6.25994744392548,False,3.650339033052493,1,3.650339033052493,False,8.638366999999999,-0.8181818181818182,0.5217485627423624,-6.49777885336764,0.0,0.6020390676106613,,0.5024108297281195
68,repaired,17.886938856921915,63,7.6892531949723875,36,37.264944135274526,4.846367155608841,6.714604157888996,1,6.714604157888996,False,4.989948363672056,1,4.989948363672056,False,2.590125524794222,1,2.590125524794222,False,7.802396,-0.5294117647058825,0.9052267117733569,-3.3467205104579416,0.5374309176733639,0.7089506713913271,13.375536,0.8061221370330212
68,repaired,19.886938856921915,63,7.990439968951092,34,32.06213228442139,4.0125615621927,5.638216417019224,1,5.638216417019224,False,4.03130425265338,1,4.03130425265338,False,2.1995048062485933,1,2.1995048062485933,False,6.409111,-0.6923076923076924,1.115538981336343,-3.8295119911093556,0.2364605843091322,0.6908318407358648,12.260907999999999,1.1196496866338617
68,repaired,21.886938856921915,63,7.914323519027974,47,40.2452308412549,5.085113180487947,6.3268033705573865,1,6.3268033705573865,False,4.849903096089006,1,4.849903096089006,False,3.447878082082478,1,3.447878082082478,False,8.081052999999999,-0.375,1.0726094567022117,-1.7550407005214705,1.782644699996944,0.06788544952726223,14.211507,0.7843502943775255
68,repaired,23.886938856921915,63,7.688103575299535,52,51.165305866641006,6.6551270239159805,8.553486123918958,1,8.553486123918958,False,6.627753724376117,1,6.627753724376117,False,4.744112520757408,1,4.744112520757408,False,9.474338,0.1304347826086957,1.0889120305817483,-0.9961816469368079,0.07185145631898383,0.3219957051635215,15.604792,0.47276465022348846
68,repaired,25.886938856921915,63,7.52830902806613,57,54.30012654970467,7.212791922763733,9.810470104225931,1,9.810470104225931,False,7.34831922002806,1,7.34831922002806,False,4.622648467160594,1,4.622648467160594,False,10.588966,-0.0769230769230769,0.9154018964401269,-1.0266809272121047,0.03794975250545745,0.09641773630243228,16.162105999999998,0.2825687012842388
68,repaired,27.886938856921915,63,6.288962497508355,58,46.1881799587291,7.344324278770712,10.152457988430783,1,10.152457988430783,False,7.871316238401842,1,7.871316238401842,False,4.041337289651477,1,4.041337289651477,False,10.588966,-0.48148148148148157,0.6247925139439179,-1.383118340258721,0.0,0.3887897231658722,,0.24675815478224805
68,repaired,29.886938856921915,63,6.681705805855978,53,46.77093940988721,6.999850153368956,10.299135859892996,1,10.299135859892996,False,7.55952465494526,1,7.55952465494526,False,3.420625801574337,1,3.420625801574337,False,10.867622999999998,-0.3076923076923076,0.7633665308727006,-1.0736864399049164,0.0744296227861464,0.23664146648430304,15.326134999999999,0.28327751562313014
68,repaired,31.886938856921915,63,8.036063940538165,60,54.598768973218334,6.79421783813755,9.127356177831807,1,9.127356177831807,False,6.831249409358721,1,6.831249409358721,False,4.182970959907941,1,4.182970959907941,False,10.867622999999998,-0.08333333333333338,1.0887021067158307,-1.0068917172710063,0.011136062045934873,0.14784970524509491,17.276733999999998,0.42939640201731977
68,repaired,33.886938856921915,63,8.097525226123771,61,54.676644535941655,6.752266033027844,9.051215504920815,1,9.051215504920815,False,6.682701069251122,1,6.682701069251122,False,4.211581207767323,1,4.211581207767323,False,10.588966,-0.21739130434782614,1.075965494351812,-1.2649397098200574,0.0,0.22188704768621736,,0.4994631758646847
68,repaired,35.886938856921915,63,7.881609371194127,62,56.989967635562515,7.230752623169915,9.902093039429259,1,9.902093039429259,False,7.10486772017525,1,7.10486772017525,False,4.137497201346464,1,4.137497201346464,False,11.424937,-0.35999999999999993,0.8319829476571573,-1.7443260285794018,0.0,0.10442044631784943,,0.37354220950330813
68,repaired,37.886938856921915,63,7.987029470263998,63,58.55387093595221,7.331119930626325,9.820237105000455,1,9.820237105000455,False,7.115871436884013,1,7.115871436884013,False,4.7879898577466875,1,4.7879898577466875,False,11.424937,0.08333333333333325,1.1252537204558462,-0.5850222998345816,0.0,0.0,,0.2836981594789081
68,repaired,39.886938856921915,63,8.13226252720141,52,60.369389281579835,7.423443239768971,10.448024892303987,1,10.448024892303987,False,7.405974466727894,1,7.405974466727894,False,4.5248377224573355,1,4.5248377224573355,False,11.703593999999999,-0.0769230769230769,0.8476323696029153,-1.2460359408300241,0.0,0.26445426100236735,,0.2502067355980467
68,repaired,41.886938856921915,62,8.486074404031177,57,66.2169069539143,7.80300805781988,10.797212501607614,1,10.797212501607614,False,7.838965444399582,1,7.838965444399582,False,4.797536282322463,1,4.797536282322463,False,11.703593999999999,-0.2592592592592592,0.7868297836265289,-1.4153563421823487,0.0,0.17047814179444254,,0.16541924555187093
68,repaired,43.886938856921915,62,8.312150009819462,59,61.830458892767055,7.438563887769634,10.123154764589566,2,10.333670692334477,False,7.476967055212189,1,7.476967055212189,False,4.729688498720855,1,4.729688498720855,False,11.424937,-0.03999999999999999,0.9844686804639615,-0.9596805036764205,0.13068006321881792,0.0833542482642296,15.326134999999999,0.22472877653570986
68,repaired,45.886938856921915,62,8.517740737051941,58,63.096636118343056,7.407672769831371,10.256330345325935,1,10.256330345325935,False,7.141445395986277,1,7.141445395986277,False,4.541902731689591,1,4.541902731689591,False,11.424937,-0.11999999999999997,0.9513731175838034,-1.3983138858462343,0.0650308877687203,0.0,,0.2854934546551859
68,repaired,47.886938856921915,62,8.858744738926974,60,67.02576430405583,7.566056623071227,10.393162235732792,1,10.393162235732792,False,7.667932918426095,1,7.667932918426095,False,4.572287923123714,1,4.572287923123714,False,11.424937,-0.1538461538461538,0.9679553647588123,-1.2678680716241804,0.011792245211202267,0.03262804340739532,16.440763,0.23096850564223778
68,repaired,49.886938856921915,62,8.668425307341302,60,61.927739645917896,7.1440587477256345,10.09743321233464,1,10.09743321233464,False,7.27100829711407,1,7.27100829711407,False,4.06818508516217,1,4.06818508516217,False,11.146279999999999,-0.11999999999999997,0.9622628466876585,-1.190024806206537,0.0,0.025393669713306845,,0.25482982741679344
68,repaired,51.886938856921915,62,8.44445783755324,59,63.356638795880926,7.502747957853306,10.095280856020118,1,10.095280856020118,False,7.715354973163507,1,7.715354973163507,False,4.879480509788094,1,4.879480509788094,False,11.424937,-0.18518518518518515,0.8394959936668224,-1.3542983709409697,0.025269141563249765,0.008665354188088004,14.490164,0.19586351523006193
68,repaired,53.886938856921915,62,8.682568567544761,54,64.16984196107732,7.390651909268266,10.240868115316466,1,10.240868115316466,False,7.596484968209572,1,7.596484968209572,False,4.340371636390371,1,4.340371636390371,False,11.146279999999999,-0.2307692307692307,0.8598366905206483,-1.2961467708106273,0.09306809719426766,0.11581103514314828,15.047478,0.19728804470503453
68,repaired,55.886938856921915,62,8.737319374409587,58,66.82830623118895,7.64860518054541,10.386844591386449,1,10.386844591386449,False,7.922723245884303,1,7.922723245884303,False,4.7027106433255685,1,4.7027106433255685,False,12.260907999999999,-0.18518518518518517,1.023584750329362,-1.1982272208719704,0.0,0.2770955770929696,,0.20186466128391958
68,repaired,57.886938856921915,62,9.030102700188468,53,64.24103084259313,7.114097477679002,9.965907173972788,1,9.965907173972788,False,7.185916157891467,1,7.185916157891467,False,4.338691569841428,1,4.338691569841428,False,11.703593999999999,0.03999999999999999,1.2572401812684588,-1.1764286763125293,0.0,0.4328382107602037,,0.2769642155168394
68,repaired,59.886938856921915,62,9.405788072409775,50,65.68540793586475,6.983509242414395,9.936273762585772,1,9.936273762585772,False,7.017920128282399,1,7.017920128282399,False,4.1725171967791,1,4.1725171967791,False,11.146279999999999,-0.08333333333333338,1.263482514001085,-1.2489687541692656,0.09988192673133864,0.28777298016985187,14.768820999999999,0.2865709113868353
68,repaired,61.886938856921915,62,9.033267540110105,57,68.37784277670247,7.569558022397399,10.38470683872789,1,10.38470683872789,False,7.536648991846627,1,7.536648991846627,False,4.686741093445363,1,4.686741093445363,False,11.424937,0.0,1.1991335426122787,-0.923207606627861,0.12329141960199921,0.0,,0.18781018168377442
68,repaired,63.886938856921915,62,9.34199287654438,60,67.51159098666957,7.226679775808418,9.990410600972389,1,9.990410600972389,False,7.107409197782365,1,7.107409197782365,False,4.399775125247163,1,4.399775125247163,False,11.703593999999999,0.08333333333333338,1.3310772017041028,-1.067164967750734,0.0,0.013598089888215696,,0.30326764384931687
68,repaired,65.88693885692192,62,9.283907560658417,52,66.74298885931152,7.189105279563781,9.86715343687781,1,9.86715343687781,False,7.3001759056387465,1,7.3001759056387465,False,4.371002089986119,1,4.371002089986119,False,11.703593999999999,-0.2799999999999999,1.0783624509539789,-1.601032653273608,0.002718215559460894,0.4307495423726316,15.604792,0.2812495834265872
68,repaired,67.88693885692192,62,9.483447964173335,52,67.81903608494522,7.151305763594914,9.953418622132482,1,9.953418622132482,False,6.724319742546907,1,6.724319742546907,False,4.3627226654314075,1,4.3627226654314075,False,11.424937,0.04347826086956528,1.266209452110974,-1.3511954696835562,0.14051125066653597,0.5422889253203064,14.211507,0.30616970633643836
68,repaired,69.88693885692192,62,9.745428261992046,51,70.8685164946044,7.271975596085122,9.646021696858696,1,9.646021696858696,False,7.4168056098188515,1,7.4168056098188515,False,4.713490690978876,1,4.713490690978876,False,11.146279999999999,-0.11999999999999997,1.063475931820012,-1.3790830933733633,0.06734040559412131,0.5930510603528882,14.211507,0.21863456148447225
68,repaired,71.88693885692192,62,10.205089597452464,55,73.22743331862783,7.175579657517939,10.536775436394066,1,10.536775436394066,False,7.279541152978721,1,7.279541152978721,False,3.851139631478745,1,3.851139631478745,False,11.703593999999999,-0.11999999999999993,1.0483024886507892,-1.5722269151764323,0.2709789129921426,0.9081141079466957,15.883448999999999,0.19380490811301157
94,raw,-70.34747188182037,59,9.7035787864082,46,50.46392575969305,5.2005478463654935,7.446776384359081,1,7.446776384359081,False,4.881535528779445,1,4.881535528779445,False,3.129168182663486,1,3.129168182663486,False,8.35971,-0.12499999999999997,1.687449352606119,-2.058624022655246,0.21641425025174804,0.0864314269007163,11.703593999999999,0.7873336515441907
94,raw,-68.34747188182037,59,11.02160039883632,45,55.97816703989245,5.078950879565795,7.565959756388465,1,7.565959756388465,False,4.83811596474828,1,4.83811596474828,False,2.617540183066616,1,2.617540183066616,False,9.474338,-0.12499999999999997,2.1660901420136907,-2.5551810180551753,0.4360371154837549,0.11598116114879946,13.654193,0.7704483630456251
94,raw,-66.34747188182037,59,10.727122924610638,49,56.789668490634334,5.294026076679421,7.591680294477353,1,7.591680294477353,False,5.008494035469756,1,5.008494035469756,False,3.1985939526195386,1,3.1985939526195386,False,8.359709999999998,-0.0588235294117647,1.9219978013022845,-2.3426288023233317,0.2502727301785175,0.23718712084590882,12.539565,0.6973985504886095
94,raw,-64.34747188182037,60,10.308103902598436,40,54.364732288991284,5.2739798514533005,7.441779388171193,1,7.441779388171193,False,5.345220083597677,1,5.345220083597677,False,3.1053475148724274,1,3.1053475148724274,False,8.638366999999999,0.11111111111111109,2.257169924198014,-1.7531546484159215,0.26452582036511574,0.16524200485063817,13.096879,0.6910885335775653
94,raw,-62.34747188182037,60,9.99947662725816,47,52.29436801011315,5.22971050980417,7.291265672108062,1,7.291265672108062,False,5.044080452843848,1,5.044080452843848,False,3.2544169453896084,1,3.2544169453896084,False,8.359709999999998,0.2941176470588236,2.842360674470888,-1.4423092984432628,0.23371024332082344,0.09795411192052213,13.932849999999998,0.7611990983649819
94,raw,-60.34747188182037,60,9.91344014402318,42,51.431783187325806,5.1880863191910285,7.165121575873386,1,7.165121575873386,False,5.242483734498971,1,5.242483734498971,False,3.142724081833759,1,3.142724081833759,False,7.802396,0.11111111111111109,2.174498423800967,-1.6238936403178523,0.4308348990462444,0.19467374625712602,10.867623,0.7286770995851606
94,raw,-58.34747188182037,60,11.295515298698252,49,54.30989306966724,4.808093445362884,7.204785151107538,1,7.204785151107538,False,4.821411095391202,1,4.821411095391202,False,2.2646250649679383,1,2.2646250649679383,False,8.359709999999998,-0.24999999999999994,2.014779305596896,-2.950808272083072,0.4856561434506509,0.17923386904532038,11.14628,0.7937388727018859
94,raw,-56.34747188182037,60,9.440948794915075,56,47.696062624011276,5.052041236543993,7.025041824738401,1,7.025041824738401,False,4.7042108052664835,1,4.7042108052664835,False,2.541736506814389,1,2.541736506814389,False,10.031651999999998,0.0,1.874195170369355,-2.29251045219928,0.15887242095280069,0.0019716261595865356,15.047477999999998,0.8632326313731722
94,raw,-54.34747188182037,60,8.819993562995927,50,39.89667444430693,4.523435777968419,6.558139049173967,1,6.558139049173967,False,4.4328599107906435,1,4.4328599107906435,False,2.392468783492755,1,2.392468783492755,False,7.523739,0.06666666666666665,2.0745655420145996,-1.9148585818069725,0.07915244566973015,0.111574791304402,10.310309,0.9429176079636903
94,raw,-52.34747188182037,60,8.487242203308673,52,39.682557923010336,4.675553845693299,6.719067897794718,1,6.719067897794718,False,4.59145073787603,1,4.59145073787603,False,2.268010499914815,1,2.268010499914815,False,7.523739,0.0,1.8908818969441434,-1.9070577772292714,0.14827267438860187,0.23527725611482075,15.326135,0.8919931874624952
94,raw,-50.34747188182037,60,9.32644507929721,53,44.87877577512996,4.811991642426717,7.279633054989393,1,7.279633054989393,False,4.8797641067155215,1,4.8797641067155215,False,1.972659430668116,1,1.972659430668116,False,8.081052999999999,0.0588235294117647,1.8168103259057895,-1.8981682804501867,0.19902040174247124,0.1238383273045781,13.375536,0.7656469841006859
94,raw,-48.34747188182037,60,8.780019636231238,49,44.82388740244034,5.1052149379566405,7.293162960141781,1,7.293162960141781,False,5.271133797015645,1,5.271133797015645,False,2.6941782509081236,1,2.6941782509081236,False,8.081052999999999,0.22222222222222218,1.9480663569955818,-1.5595641247014345,0.23309002244357324,0.09363205382560814,15.604792,0.7486519170959195
94,raw,-46.34747188182037,60,11.101818808529188,45,50.75852458156977,4.572090885015485,6.789733380389935,1,6.789733380389935,False,4.39325643000924,1,4.39325643000924,False,2.279591851620912,1,2.279591851620912,False,8.081052999999999,-0.06666666666666665,2.626503231196243,-2.683659116841897,0.2071433367282548,0.127283346761855,15.604792,0.9260925994927098
94,raw,-44.34747188182037,60,9.822999003399001,48,44.9391711660982,4.574893181863108,6.727605645089547,1,6.727605645089547,False,4.3503253820165755,1,4.3503253820165755,False,2.0925993588064475,1,2.0925993588064475,False,8.359709999999998,0.0,2.340650551932291,-2.419655885902359,0.21788193804857453,0.08266603219505858,14.490164,0.9467867324176256
94,raw,-42.34747188182037,60,5.595438526962089,51,32.010348882690344,5.720793594361871,7.76140232680829,1,7.76140232680829,False,5.501081254836199,1,5.501081254836199,False,3.68280111089861,1,3.68280111089861,False,8.359709999999998,0.1578947368421054,1.2087661427360585,-0.7777210004505056,0.12051730225295337,0.136782594204894,13.096879,0.6330768216662968
94,raw,-40.34747188182037,60,8.671629197065997,50,37.042564840828334,4.271696125263463,6.824796440835307,1,6.824796440835307,False,4.123035812652998,1,4.123035812652998,False,1.2778019625512527,1,1.2778019625512527,False,7.802396,0.42857142857142855,3.649019894752176,-1.5116581035057186,0.1584936031846746,0.19256195439033016,11.982251,0.8973906998653882
94,raw,-38.34747188182037,60,7.122669839072849,57,36.031075846623416,5.058647482011261,7.29500755441128,1,7.29500755441128,False,5.735671064048053,1,5.735671064048053,False,1.8520501460970953,1,1.8520501460970953,False,8.081052999999999,0.4000000000000001,2.1095150883481066,-0.7722400672148377,0.09014774333745605,0.0874499995251794,12.818221999999999,0.653244566216782
94,raw,-36.34747188182037,60,5.356633219988396,55,33.29965288863916,6.216526598158851,7.852598483462644,1,7.852598483462644,False,6.222642477282794,1,6.222642477282794,False,4.388084177845431,1,4.388084177845431,False,8.081052999999999,0.0909090909090909,0.6200392758269575,-0.8023627820451094,0.05863913545336112,0.00690699694951941,14.768820999999999,0.5001754246010343
94,raw,-34.34747188182037,60,7.783743415368811,46,45.95713767277884,5.904246224514235,7.581284817168221,1,7.581284817168221,False,5.7438444136779845,1,5.7438444136779845,False,4.029002348299504,1,4.029002348299504,False,8.638366999999999,0.36842105263157887,2.102642219484768,-0.6867460206288505,0.090177318761921,0.35161363669809703,13.096879,0.6164398415115606
94,raw,-32.34747188182037,60,9.071484465499095,50,48.15227886491547,5.308092523120055,7.468917630084466,1,7.468917630084466,False,5.096284463082287,1,5.096284463082287,False,3.1563846495470296,1,3.1563846495470296,False,8.638366999999999,-0.2941176470588236,1.3812437575764358,-2.3597133184926298,0.36017257736294106,0.0,,0.7442729359811998
94,raw,-30.34747188182037,60,9.543782911869616,41,44.97325576238058,4.712309173173593,6.6661596101244545,1,6.6661596101244545,False,4.530521092388237,1,4.530521092388237,False,2.6644343540492184,1,2.6644343540492184,False,7.523739,0.0,2.248191747119385,-1.8391633729383132,1.2187849682272978,0.05022032918634703,12.539565,0.8445305082653087
94,raw,-28.34747188182037,61,7.151906458705849,55,39.783360184493496,5.562623115136824,7.625494314434068,1,7.625494314434068,False,5.5847772729043115,1,5.5847772729043115,False,3.1506223083925455,1,3.1506223083925455,False,8.638366999999999,-0.05263157894736841,1.0680721221502374,-1.4217765955763533,0.17154376975646507,0.1323499989171663,11.982251,0.6635478932121974
94,raw,-26.34747188182037,61,7.221044304930738,48,37.28528000776882,5.1634193661309284,7.343427801142845,1,7.343427801142845,False,5.273837102938611,1,5.273837102938611,False,2.2835159382059,1,2.2835159382059,False,7.802395999999999,-0.11111111111111109,1.199097839040385,-1.6224073140323445,0.0,0.5437254186287118,,0.721391889944673
94,raw,-24.34747188182037,61,5.919142463212196,59,35.8317465125243,6.053536764019555,7.880326695611899,1,7.880326695611899,False,6.126459863164822,1,6.126459863164822,False,3.6920247309460557,1,3.6920247309460557,False,8.638366999999999,0.33333333333333337,1.465559584273691,-0.7097643965913458,0.0,0.0658186931346347,,0.57878039963925
94,raw,-22.34747188182037,61,6.87104112611422,59,36.645511773788996,5.333327380986458,7.691460115542335,1,7.691460115542335,False,5.130848086827717,1,5.130848086827717,False,2.619810094638064,1,2.619810094638064,False,8.359709999999998,0.2941176470588236,1.935585242363012,-1.0510876646274994,0.08969476757336022,0.0,,0.7638477519512239
94,raw,-20.34747188182037,61,7.600678078748391,49,41.44753905173419,5.453137025711182,7.320858761749298,1,7.320858761749298,False,5.335247559737605,1,5.335247559737605,False,3.3374309600301553,1,3.3374309600301553,False,8.359709999999998,0.15789473684210523,1.758221810701403,-1.140117583804991,0.0361450635634761,0.26529949426135113,12.260908,0.740205240603865
94,raw,-18.34747188182037,61,9.781262583421823,60,53.99872005745613,5.520628814216489,7.572986924623585,1,7.572986924623585,False,5.385882572276818,1,5.385882572276818,False,3.278897679404094,1,3.278897679404094,False,8.638366999999999,0.0,1.5772383748796746,-1.8721964032695257,0.0,0.025353703532406333,,0.7120010218983368
94,raw,-16.34747188182037,61,10.246254538481548,61,58.054306831622156,5.665905196244086,7.50922208738014,1,7.50922208738014,False,5.5185238689456355,1,5.5185238689456355,False,3.594416149723364,1,3.594416149723364,False,8.359709999999998,-0.05263157894736841,1.7455516710102452,-1.7903589694657298,0.0,0.0,,0.6993562849657939
94,raw,-14.347471881820368,61,8.975966073270412,50,49.193673220397656,5.480599282442903,7.225398029587737,1,7.225398029587737,False,5.370766863366903,1,5.370766863366903,False,3.5895375121082567,1,3.5895375121082567,False,8.35971,0.15789473684210523,1.9156066457077199,-1.41809776749127,0.15248490238441947,0.144084780844522,13.654193,0.7290400347340187
94,raw,-12.347471881820368,61,9.324914528679656,50,37.24122687977369,3.9937338583892408,6.554417799630932,1,6.554417799630932,False,3.698816256176244,1,3.698816256176244,False,1.0626710175875986,1,1.0626710175875986,False,7.802396,0.16666666666666663,2.9532274696081027,-2.3306039079939036,0.6641688711035056,0.06164131788639139,10.031652000000001,1.053320651967195
94,raw,-10.347471881820368,61,5.871053905029493,56,29.539051208099206,5.0313030140626545,7.014313453659352,1,7.014313453659352,False,4.756223025138981,1,4.756223025138981,False,2.388958722743194,1,2.388958722743194,False,7.523739,0.12499999999999997,1.4071078735139189,-1.1110743277695803,0.0,0.18285748259917997,,0.8811511787387419
94,raw,-8.347471881820368,61,8.041988345041823,51,33.86713593476357,4.211288860626599,6.672832219231314,1,6.672832219231314,False,4.048062867254094,1,4.048062867254094,False,1.353778922180984,1,1.353778922180984,False,7.802395999999999,0.2307692307692307,2.712633452592605,-1.568199097056813,0.2120160915216925,0.0,,1.011054968977602
94,raw,-6.347471881820368,61,7.856705515391873,57,35.716364915386244,4.545972207487631,6.659594119296078,1,6.659594119296078,False,4.17983690830723,1,4.17983690830723,False,2.155562772832073,1,2.155562772832073,False,8.081052999999999,-0.42857142857142855,1.1369611476846824,-3.52677737120404,0.0,0.09304246011495697,,1.0134598405869357
94,raw,-4.347471881820368,61,7.6320277803331,54,39.12891788433099,5.126935987466126,6.925192371163016,1,6.925192371163016,False,4.9727901495038145,1,4.9727901495038145,False,3.1066291467059024,1,3.1066291467059024,False,7.802395999999999,0.0588235294117647,1.6071328902670015,-1.173645055927686,0.12179211619012822,0.03289321550747172,12.260908,0.8408054985416131
94,raw,-2.3474718818203684,61,8.76046585573033,56,44.41448301218745,5.06987684714682,7.202661570838169,1,7.202661570838169,False,4.787704577024187,1,4.787704577024187,False,2.652199032940959,1,2.652199032940959,False,8.081052999999999,0.12499999999999997,2.1955304354889305,-1.5939992582389086,0.17240916902138131,0.009122908002248837,13.375536,0.8405574369050366
94,raw,-0.34747188182036837,61,10.808744303167485,56,49.987059682418575,4.624687038601695,6.6967393791962895,1,6.6967393791962895,False,4.17818362320971,1,4.17818362320971,False,2.038559636326889,1,2.038559636326889,False,8.081052999999999,0.28571428571428564,3.729923192931806,-2.3449379913335027,0.05501521575969594,0.014054819166831947,13.096879,1.0623607629955831
94,raw,1.6525281181796316,61,8.220526870007939,55,40.89703410575822,4.97498940791355,7.216809838497961,1,7.216809838497961,False,4.675073372207443,1,4.675073372207443,False,2.5410807263763564,1,2.5410807263763564,False,8.359709999999998,-0.12499999999999997,1.698497179939438,-2.0997587979709813,0.030407053989661578,0.06399230410138784,12.539565,0.8882845265130696
94,raw,3.6525281181796316,61,7.612710544649189,54,42.04357684939036,5.522813011581255,7.433481720596728,1,7.433481720596728,False,5.307545885110175,1,5.307545885110175,False,3.450528400260243,1,3.450528400260243,False,8.359709999999998,0.22222222222222218,1.8199777069449938,-0.949534413033791,0.08296407154275098,0.11257099844885433,12.818222,0.7337655048956523
94,raw,5.652528118179632,61,10.892467878505746,51,51.174258122782,4.698132571385853,6.359179842923099,1,6.359179842923099,False,4.679596287238306,1,4.679596287238306,False,2.7520860981720436,1,2.7520860981720436,False,8.081052999999999,0.5000000000000001,4.043671354142287,-1.2900444650471883,0.27027415721818243,0.1719282238344098,13.096879,0.9317205078951202
94,raw,7.652528118179632,62,8.969592886506044,56,45.82402468971709,5.108818791391889,7.316585713365541,1,7.316585713365541,False,4.958806001313992,1,4.958806001313992,False,2.6586019297850445,1,2.6586019297850445,False,8.359709999999998,-0.411764705882353,1.318606680112318,-2.8984498351228276,0.0,0.2918137397458347,,0.8330446618457605
94,raw,9.652528118179632,62,8.344176298684294,55,36.490767788140204,4.3732019173533105,7.235867144510906,1,7.235867144510906,False,3.978690350844151,1,3.978690350844151,False,1.3127487045771504,1,1.3127487045771504,False,8.638366999999999,0.2307692307692307,2.6845833275297424,-1.8192553989055618,0.06203462696581063,0.11986922021765803,13.096879,0.9850023756671815
94,raw,11.652528118179632,62,4.951391703251328,57,28.156622619915037,5.686607787751069,7.888736067807313,1,7.888736067807313,False,5.211228026748965,1,5.211228026748965,False,3.100742377386789,1,3.100742377386789,False,8.359709999999998,0.11111111111111127,1.1292257227008724,-0.8124940685999251,0.09649679016246125,0.0,,0.7541748910291841
94,raw,13.652528118179632,62,6.81465660301598,59,34.359873495695815,5.042055014259865,7.364640097584861,1,7.364640097584861,False,5.252680610410415,1,5.252680610410415,False,2.1276927002362194,1,2.1276927002362194,False,8.081052999999999,0.5555555555555556,2.8154952143294665,-0.8028297926311319,0.0,0.09295705413780814,,0.7787208604651144
94,raw,15.652528118179632,62,9.126293187301464,58,43.20445849347225,4.734064269772523,7.073758357944563,1,7.073758357944563,False,4.3522074923676435,1,4.3522074923676435,False,2.2933680151057203,1,2.2933680151057203,False,8.359709999999998,0.42857142857142866,3.24051262724636,-1.528129938415502,0.11292172283826593,0.0,,0.9669104635701435
94,raw,17.65252811817963,62,10.693092982470617,48,52.55203127154166,4.9145772282810185,7.105600314253659,1,7.105600314253659,False,4.853660058891031,1,4.853660058891031,False,2.548125867811126,1,2.548125867811126,False,8.081052999999999,-0.2941176470588235,1.5192057598689592,-3.207915770557064,0.0,0.7173705094916493,,0.8313566410815684
94,raw,19.65252811817963,62,10.09482091102652,55,50.746828637289454,5.027016237787731,7.2405903892010635,1,7.2405903892010635,False,4.803319428296582,1,4.803319428296582,False,2.7305252145328622,1,2.7305252145328622,False,8.638366999999999,0.12499999999999997,2.2527801552100755,-1.9283989280455422,0.13191188720558866,0.0,,0.8762490488365628
94,raw,21.65252811817963,62,11.460446787466902,58,52.78196181320229,4.6055762739481,7.096628001271105,1,7.096628001271105,False,4.445043463457917,1,4.445043463457917,False,1.7880053799498599,1,1.7880053799498599,False,8.081052999999999,0.06666666666666665,2.8839571053134936,-2.419092463366101,0.12958930632349752,0.05716020998552278,15.883448999999999,0.9302049995789196
94,raw,23.65252811817963,62,9.894886265276897,57,47.77272677999385,4.828021818465741,7.0403151235995685,1,7.0403151235995685,False,4.250421710507924,1,4.250421710507924,False,2.469491728357804,1,2.469491728357804,False,8.359709999999998,-0.5714285714285714,1.5284826809400442,-4.812568393895516,0.2912961603583712,0.02391877233797776,11.14628,0.9667686481519268
94,raw,25.65252811817963,62,9.821265079859455,51,43.26489819290527,4.405226601777498,6.997006563182353,1,6.997006563182353,False,4.410070436684434,1,4.410070436684434,False,1.4798693423657505,1,1.4798693423657505,False,8.081052999999999,0.42857142857142855,4.035831097173098,-1.5601088507598873,0.19664040556295334,0.22033129397366008,11.14628,0.9407288906008037
94,raw,27.65252811817963,62,6.305911744031228,58,38.38788616412776,6.087602827689948,8.097930217936554,2,8.310792287048844,False,5.762540674746968,1,5.762540674746968,False,3.1734227634377623,1,3.1734227634377623,False,8.638366999999999,0.15789473684210523,1.1767394334026935,-0.9284100046348588,0.12072498957656251,0.0,,0.6177304207229547
94,raw,29.65252811817963,62,7.823686011297279,58,42.184643125414,5.391914126474406,7.431375967161999,1,7.431375967161999,False,5.13674905263262,1,5.13674905263262,False,2.9195595788843867,1,2.9195595788843867,False,8.359709999999998,0.11111111111111109,1.7868895321732952,-1.3516762259993063,0.1504572782661369,0.0,,0.7973172279380313
94,raw,31.65252811817963,62,10.994800034435261,53,43.5716248171579,3.9629301743272602,6.269980317189356,1,6.269980317189356,False,3.6437243111848687,1,3.6437243111848687,False,1.354967320703032,1,1.354967320703032,False,7.802396,0.16666666666666663,3.6888700252977067,-2.727194139219453,0.09103402481326993,0.218821263764927,16.998077000000002,1.1357877361801478
94,raw,33.65252811817963,62,8.753797762041028,58,41.880648953339424,4.784283358126675,7.019654044948254,1,7.019654044948254,False,4.374186700867794,1,4.374186700867794,False,1.8297732221153196,1,1.8297732221153196,False,8.359709999999998,0.14285714285714282,2.2579868449500724,-1.8233106625117967,0.0,0.34349927186992535,,1.014260786634264
94,raw,35.65252811817963,62,4.6862148511091535,47,27.607683917293848,5.891254412024994,7.990147787547786,1,7.990147787547786,False,5.911431495124475,1,5.911431495124475,False,4.126100057089812,1,4.126100057089812,False,8.359709999999998,7.968384247481e-17,0.6808288842806893,-0.7699138511320989,0.13822852970916452,0.2840419610622303,15.326134999999999,0.5734892161477291
94,raw,37.65252811817963,62,7.74429877112017,56,30.637259572874346,3.9561050623622616,6.583293282158079,1,6.583293282158079,False,3.7569878484967125,1,3.7569878484967125,False,0.5915575508104118,1,0.5915575508104118,False,8.081052999999999,0.1666666666666667,2.5806979421229643,-1.199764787890242,0.12450045439433147,0.1994359638426565,13.375536,1.04016644601324
94,raw,39.65252811817963,62,6.6227295371924715,55,32.397240438037564,4.891825984452251,7.038574769054244,1,7.038574769054244,False,4.77797150593554,1,4.77797150593554,False,2.531105540455051,1,2.531105540455051,False,7.802396,0.0,1.395015686258241,-1.4256413967490515,0.16458156152027437,0.0,,0.8940182587226535
94,raw,41.65252811817963,62,10.713131498056027,48,52.491100376079494,4.899697197369823,7.203164790345584,1,7.203164790345584,False,4.678176723944908,1,4.678176723944908,False,2.7095721163209356,1,2.7095721163209356,False,8.638366999999999,0.12499999999999997,2.7159853389325446,-1.8824828642348965,0.33794932397452676,0.20327425432372814,12.818221999999999,0.8765457061473002
94,raw,43.65252811817963,63,10.73739622981454,51,53.922408321043356,5.021925908938421,7.02818628648817,1,7.02818628648817,False,4.885781675173978,1,4.885781675173978,False,2.729427717834674,1,2.729427717834674,False,7.802396,0.17647058823529407,2.728531587937053,-1.9661467525971326,0.3540862877303573,0.1929156537415064,12.260908,0.8879777436878094
94,raw,45.65252811817963,63,9.344675121527953,54,52.188838809625594,5.584874608363289,7.346142673682206,1,7.346142673682206,False,5.488547842526932,1,5.488547842526932,False,3.3274715460958926,1,3.3274715460958926,False,8.359709999999998,0.05263157894736841,1.745232897436285,-1.5605613466457,0.14075054756597447,0.09724192946632422,12.260908,0.7676586064035013
94,raw,47.65252811817963,63,9.226774202971406,56,51.41732764375955,5.572622296013381,7.450135105518866,1,7.450135105518866,False,5.591728570734341,1,5.591728570734341,False,3.3358448593237675,1,3.3358448593237675,False,8.081052999999999,-0.15789473684210523,1.1590171270694316,-2.0319814236981504,0.19368628931349566,0.01761337073828771,13.096879,0.7119018756232802
94,raw,49.65252811817963,63,5.996147836471244,52,36.72859433175271,6.125365039926638,7.813703375723314,1,7.813703375723314,False,6.195455889071136,1,6.195455889071136,False,4.398018579238155,1,4.398018579238155,False,8.359709999999998,-0.14285714285714285,0.5741545695627414,-1.1165008852198213,0.07981413623228589,0.10761636679049874,10.310309,0.5657288680140782
94,raw,51.65252811817963,63,7.240334234840889,50,36.76393513758771,5.077657183376648,7.453765356205949,1,7.453765356205949,False,4.901097306366394,1,4.901097306366394,False,2.4420215247922057,1,2.4420215247922057,False,8.638366999999999,-0.0588235294117647,1.4835907920900804,-1.634320651506595,0.09934628722300248,0.1284685447276946,16.440762999999997,0.8488491823737693
94,raw,53.65252811817963,63,9.161500060475214,46,42.31382079780542,4.6186563901644035,6.777995983479741,1,6.777995983479741,False,4.714059182989807,1,4.714059182989807,False,2.2967638693004337,1,2.2967638693004337,False,7.802396,0.12499999999999997,2.359685021805381,-1.8806299693159043,0.22221872184750976,0.37942067616830577,14.211507,0.9592389203068953
94,raw,55.65252811817963,63,6.440751898361807,43,34.495618950616695,5.355837252385174,7.326133281741675,1,7.326133281741675,False,5.583081434640713,1,5.583081434640713,False,2.975621284548868,1,2.975621284548868,False,7.802396,0.05263157894736841,1.259320647379586,-0.985137478569483,0.5168357242990974,0.40103684580113536,15.047477999999998,0.7068304303501107
94,raw,57.65252811817963,63,11.071864610841454,39,38.70519045492805,3.495815006356593,6.286223258608035,1,6.286223258608035,False,2.7892889603998117,1,2.7892889603998117,False,1.0122253147954168,1,1.0122253147954168,False,7.802396,0.11111111111111127,4.849159442433521,-3.9552516601264585,0.3135283485543193,0.22705544738943445,16.162105999999998,1.3218517582153617
94,raw,59.65252811817963,63,6.464481587576251,46,34.08749319381038,5.273043589345409,7.768843288429659,1,7.768843288429659,False,5.078831594467083,1,5.078831594467083,False,2.8941504732201917,1,2.8941504732201917,False,8.359709999999998,-0.0588235294117647,1.2368167914704151,-1.3351362537315938,0.3967301158677702,0.18651664844154026,13.096879,0.7719593100174218
94,raw,61.65252811817963,63,9.569387344469522,45,46.826317931986026,4.893345440661733,7.388245700440447,1,7.388245700440447,False,4.893690906598345,1,4.893690906598345,False,1.961055068942076,1,1.961055068942076,False,8.917023999999998,0.2941176470588236,2.9496346948311882,-1.3498705206799682,0.2617158847767746,0.5594888242522755,14.490164,0.7995766937324055
94,raw,63.65252811817963,63,9.9965535347317,47,51.22290861552521,5.124056849949136,7.261204840400204,1,7.261204840400204,False,5.196237226479571,1,5.196237226479571,False,2.818721709671124,1,2.818721709671124,False,8.638366999999999,0.0588235294117647,1.7101261880540803,-1.8700405778554194,0.16728797580655547,0.3311447244274325,14.490164,0.7887389925185007
94,raw,65.65252811817963,63,9.74958010951429,47,49.833880470959805,5.1113873532182765,7.446834455263329,1,7.446834455263329,False,5.097731339052398,1,5.097731339052398,False,2.7255912285777812,1,2.7255912285777812,False,8.638366999999999,-0.17647058823529407,1.7294076424314424,-2.5468846417381363,0.38992687042065627,0.14217909309406862,16.998077,0.8254533440832218
94,raw,67.65252811817963,63,9.54337665382581,35,42.99377366230864,4.505090307325659,6.6233375969761,1,6.6233375969761,False,4.445490314593518,1,4.445490314593518,False,2.395046578936118,1,2.395046578936118,False,7.802395999999999,0.19999999999999996,2.708259248674336,-1.7617952648799353,0.4143905175472016,0.2837812166176419,13.375536,0.9723020686933282
94,raw,69.65252811817963,63,9.843785100064213,44,48.02392996817267,4.878604061344188,7.009109088924985,1,7.009109088924985,False,4.904742810266486,1,4.904742810266486,False,2.6280648651345073,1,2.6280648651345073,False,8.081052999999999,0.0588235294117647,2.2182637265567164,-1.9965602456605693,0.27646117396087494,0.24838511597913804,15.604792,0.8862534209402381
94,raw,71.65252811817963,63,11.33085574441496,41,51.16930392264464,4.5159258115051255,6.379744643027529,1,6.379744643027529,False,4.406158880312983,1,4.406158880312983,False,2.4578615327673834,1,2.4578615327673834,False,7.802396,0.06666666666666665,2.980438695596324,-2.3581214979944454,0.37042044576888755,0.29137049252672387,12.539565,1.0310015409373652
94,raw,73.65252811817963,63,8.547358360870975,36,42.57897735105021,4.9815364646430265,6.8147716430131675,1,6.8147716430131675,False,5.125743972474405,1,5.125743972474405,False,3.1383644201449106,1,3.1383644201449106,False,7.523739,0.0588235294117647,1.5161348855225878,-1.5313604107058925,0.3283131391486291,0.632034524035388,10.588966,0.830973290021231
94,repaired,-70.34747188182037,59,9.7035787864082,46,50.46392575969305,5.2005478463654935,7.446776384359081,1,7.446776384359081,False,4.881535528779445,1,4.881535528779445,False,3.129168182663486,1,3.129168182663486,False,8.35971,-0.12499999999999997,1.687449352606119,-2.058624022655246,0.21641425025174804,0.0864314269007163,11.703593999999999,0.7873336515441907
94,repaired,-68.34747188182037,59,11.02160039883632,45,55.97816703989245,5.078950879565795,7.565959756388465,1,7.565959756388465,False,4.83811596474828,1,4.83811596474828,False,2.617540183066616,1,2.617540183066616,False,9.474338,-0.12499999999999997,2.1660901420136907,-2.5551810180551753,0.4360371154837549,0.11598116114879946,13.654193,0.7704483630456251
94,repaired,-66.34747188182037,59,10.727122924610638,49,56.789668490634334,5.294026076679421,7.591680294477353,1,7.591680294477353,False,5.008494035469756,1,5.008494035469756,False,3.1985939526195386,1,3.1985939526195386,False,8.359709999999998,-0.0588235294117647,1.9219978013022845,-2.3426288023233317,0.2502727301785175,0.23718712084590882,12.539565,0.6973985504886095
94,repaired,-64.34747188182037,60,10.308103902598436,40,54.364732288991284,5.2739798514533005,7.441779388171193,1,7.441779388171193,False,5.345220083597677,1,5.345220083597677,False,3.1053475148724274,1,3.1053475148724274,False,8.638366999999999,0.11111111111111109,2.257169924198014,-1.7531546484159215,0.26452582036511574,0.16524200485063817,13.096879,0.6910885335775653
94,repaired,-62.34747188182037,60,9.99947662725816,47,52.29436801011315,5.22971050980417,7.291265672108062,1,7.291265672108062,False,5.044080452843848,1,5.044080452843848,False,3.2544169453896084,1,3.2544169453896084,False,8.359709999999998,0.2941176470588236,2.842360674470888,-1.4423092984432628,0.23371024332082344,0.09795411192052213,13.932849999999998,0.7611990983649819
94,repaired,-60.34747188182037,60,9.91344014402318,42,51.431783187325806,5.1880863191910285,7.165121575873386,1,7.165121575873386,False,5.242483734498971,1,5.242483734498971,False,3.142724081833759,1,3.142724081833759,False,7.802396,0.11111111111111109,2.174498423800967,-1.6238936403178523,0.4308348990462444,0.19467374625712602,10.867623,0.7286770995851606
94,repaired,-58.34747188182037,60,11.295515298698252,49,54.30989306966724,4.808093445362884,7.204785151107538,1,7.204785151107538,False,4.821411095391202,1,4.821411095391202,False,2.2646250649679383,1,2.2646250649679383,False,8.359709999999998,-0.24999999999999994,2.014779305596896,-2.950808272083072,0.4856561434506509,0.17923386904532038,11.14628,0.7937388727018859
94,repaired,-56.34747188182037,60,9.440948794915075,56,47.696062624011276,5.052041236543993,7.025041824738401,1,7.025041824738401,False,4.7042108052664835,1,4.7042108052664835,False,2.541736506814389,1,2.541736506814389,False,10.031651999999998,0.0,1.874195170369355,-2.29251045219928,0.15887242095280069,0.0019716261595865356,15.047477999999998,0.8632326313731722
94,repaired,-54.34747188182037,60,8.819993562995927,50,39.89667444430693,4.523435777968419,6.558139049173967,1,6.558139049173967,False,4.4328599107906435,1,4.4328599107906435,False,2.392468783492755,1,2.392468783492755,False,7.523739,0.06666666666666665,2.0745655420145996,-1.9148585818069725,0.07915244566973015,0.111574791304402,10.310309,0.9429176079636903
94,repaired,-52.34747188182037,60,8.487242203308673,52,39.682557923010336,4.675553845693299,6.719067897794718,1,6.719067897794718,False,4.59145073787603,1,4.59145073787603,False,2.268010499914815,1,2.268010499914815,False,7.523739,0.0,1.8908818969441434,-1.9070577772292714,0.14827267438860187,0.23527725611482075,15.326135,0.8919931874624952
94,repaired,-50.34747188182037,60,9.32644507929721,53,44.87877577512996,4.811991642426717,7.279633054989393,1,7.279633054989393,False,4.8797641067155215,1,4.8797641067155215,False,1.972659430668116,1,1.972659430668116,False,8.081052999999999,0.0588235294117647,1.8168103259057895,-1.8981682804501867,0.19902040174247124,0.1238383273045781,13.375536,0.7656469841006859
94,repaired,-48.34747188182037,60,8.780019636231238,49,44.82388740244034,5.1052149379566405,7.293162960141781,1,7.293162960141781,False,5.271133797015645,1,5.271133797015645,False,2.6941782509081236,1,2.6941782509081236,False,8.081052999999999,0.22222222222222218,1.9480663569955818,-1.5595641247014345,0.23309002244357324,0.09363205382560814,15.604792,0.7486519170959195
94,repaired,-46.34747188182037,60,11.101818808529188,45,50.75852458156977,4.572090885015485,6.789733380389935,1,6.789733380389935,False,4.39325643000924,1,4.39325643000924,False,2.279591851620912,1,2.279591851620912,False,8.081052999999999,-0.06666666666666665,2.626503231196243,-2.683659116841897,0.2071433367282548,0.127283346761855,15.604792,0.9260925994927098
94,repaired,-44.34747188182037,60,9.822999003399001,48,44.9391711660982,4.574893181863108,6.727605645089547,1,6.727605645089547,False,4.3503253820165755,1,4.3503253820165755,False,2.0925993588064475,1,2.0925993588064475,False,8.359709999999998,0.0,2.340650551932291,-2.419655885902359,0.21788193804857453,0.08266603219505858,14.490164,0.9467867324176256
94,repaired,-42.34747188182037,60,5.595438526962089,51,32.010348882690344,5.720793594361871,7.76140232680829,1,7.76140232680829,False,5.501081254836199,1,5.501081254836199,False,3.68280111089861,1,3.68280111089861,False,8.359709999999998,0.1578947368421054,1.2087661427360585,-0.7777210004505056,0.12051730225295337,0.136782594204894,13.096879,0.6330768216662968
94,repaired,-40.34747188182037,60,8.671629197065997,50,37.042564840828334,4.271696125263463,6.824796440835307,1,6.824796440835307,False,4.123035812652998,1,4.123035812652998,False,1.2778019625512527,1,1.2778019625512527,False,7.802396,0.42857142857142855,3.649019894752176,-1.5116581035057186,0.1584936031846746,0.19256195439033016,11.982251,0.8973906998653882
94,repaired,-38.34747188182037,60,7.122669839072849,57,36.031075846623416,5.058647482011261,7.29500755441128,1,7.29500755441128,False,5.735671064048053,1,5.735671064048053,False,1.8520501460970953,1,1.8520501460970953,False,8.081052999999999,0.4000000000000001,2.1095150883481066,-0.7722400672148377,0.09014774333745605,0.0874499995251794,12.818221999999999,0.653244566216782
94,repaired,-36.34747188182037,60,5.356633219988396,55,33.29965288863916,6.216526598158851,7.852598483462644,1,7.852598483462644,False,6.222642477282794,1,6.222642477282794,False,4.388084177845431,1,4.388084177845431,False,8.081052999999999,0.0909090909090909,0.6200392758269575,-0.8023627820451094,0.05863913545336112,0.00690699694951941,14.768820999999999,0.5001754246010343
94,repaired,-34.34747188182037,60,7.783743415368811,46,45.95713767277884,5.904246224514235,7.581284817168221,1,7.581284817168221,False,5.7438444136779845,1,5.7438444136779845,False,4.029002348299504,1,4.029002348299504,False,8.638366999999999,0.36842105263157887,2.102642219484768,-0.6867460206288505,0.090177318761921,0.35161363669809703,13.096879,0.6164398415115606
94,repaired,-32.34747188182037,60,9.071484465499095,50,48.15227886491547,5.308092523120055,7.468917630084466,1,7.468917630084466,False,5.096284463082287,1,5.096284463082287,False,3.1563846495470296,1,3.1563846495470296,False,8.638366999999999,-0.2941176470588236,1.3812437575764358,-2.3597133184926298,0.36017257736294106,0.0,,0.7442729359811998
94,repaired,-30.34747188182037,60,9.543782911869616,41,44.97325576238058,4.712309173173593,6.6661596101244545,1,6.6661596101244545,False,4.530521092388237,1,4.530521092388237,False,2.6644343540492184,1,2.6644343540492184,False,7.523739,0.0,2.248191747119385,-1.8391633729383132,1.2187849682272978,0.05022032918634703,12.539565,0.8445305082653087
94,repaired,-28.34747188182037,61,7.151906458705849,55,39.783360184493496,5.562623115136824,7.625494314434068,1,7.625494314434068,False,5.5847772729043115,1,5.5847772729043115,False,3.1506223083925455,1,3.1506223083925455,False,8.638366999999999,-0.05263157894736841,1.0680721221502374,-1.4217765955763533,0.17154376975646507,0.1323499989171663,11.982251,0.6635478932121974
94,repaired,-26.34747188182037,61,7.221044304930738,48,37.28528000776882,5.1634193661309284,7.343427801142845,1,7.343427801142845,False,5.273837102938611,1,5.273837102938611,False,2.2835159382059,1,2.2835159382059,False,7.802395999999999,-0.11111111111111109,1.199097839040385,-1.6224073140323445,0.0,0.5437254186287118,,0.721391889944673
94,repaired,-24.34747188182037,61,5.919142463212196,59,35.8317465125243,6.053536764019555,7.880326695611899,1,7.880326695611899,False,6.126459863164822,1,6.126459863164822,False,3.6920247309460557,1,3.6920247309460557,False,8.638366999999999,0.33333333333333337,1.465559584273691,-0.7097643965913458,0.0,0.0658186931346347,,0.57878039963925
94,repaired,-22.34747188182037,61,6.87104112611422,59,36.645511773788996,5.333327380986458,7.691460115542335,1,7.691460115542335,False,5.130848086827717,1,5.130848086827717,False,2.619810094638064,1,2.619810094638064,False,8.359709999999998,0.2941176470588236,1.935585242363012,-1.0510876646274994,0.08969476757336022,0.0,,0.7638477519512239
94,repaired,-20.34747188182037,61,7.600678078748391,49,41.44753905173419,5.453137025711182,7.320858761749298,1,7.320858761749298,False,5.335247559737605,1,5.335247559737605,False,3.3374309600301553,1,3.3374309600301553,False,8.359709999999998,0.15789473684210523,1.758221810701403,-1.140117583804991,0.0361450635634761,0.26529949426135113,12.260908,0.740205240603865
94,repaired,-18.34747188182037,61,9.781262583421823,60,53.99872005745613,5.520628814216489,7.572986924623585,1,7.572986924623585,False,5.385882572276818,1,5.385882572276818,False,3.278897679404094,1,3.278897679404094,False,8.638366999999999,0.0,1.5772383748796746,-1.8721964032695257,0.0,0.025353703532406333,,0.7120010218983368
94,repaired,-16.34747188182037,61,10.246254538481548,61,58.054306831622156,5.665905196244086,7.50922208738014,1,7.50922208738014,False,5.5185238689456355,1,5.5185238689456355,False,3.594416149723364,1,3.594416149723364,False,8.359709999999998,-0.05263157894736841,1.7455516710102452,-1.7903589694657298,0.0,0.0,,0.6993562849657939
94,repaired,-14.347471881820368,61,8.975966073270412,50,49.193673220397656,5.480599282442903,7.225398029587737,1,7.225398029587737,False,5.370766863366903,1,5.370766863366903,False,3.5895375121082567,1,3.5895375121082567,False,8.35971,0.15789473684210523,1.9156066457077199,-1.41809776749127,0.15248490238441947,0.144084780844522,13.654193,0.7290400347340187
94,repaired,-12.347471881820368,61,9.324914528679656,50,37.24122687977369,3.9937338583892408,6.554417799630932,1,6.554417799630932,False,3.698816256176244,1,3.698816256176244,False,1.0626710175875986,1,1.0626710175875986,False,7.802396,0.16666666666666663,2.9532274696081027,-2.3306039079939036,0.6641688711035056,0.06164131788639139,10.031652000000001,1.053320651967195
94,repaired,-10.347471881820368,61,5.871053905029493,56,29.539051208099206,5.0313030140626545,7.014313453659352,1,7.014313453659352,False,4.756223025138981,1,4.756223025138981,False,2.388958722743194,1,2.388958722743194,False,7.523739,0.12499999999999997,1.4071078735139189,-1.1110743277695803,0.0,0.18285748259917997,,0.8811511787387419
94,repaired,-8.347471881820368,61,8.041988345041823,51,33.86713593476357,4.211288860626599,6.672832219231314,1,6.672832219231314,False,4.048062867254094,1,4.048062867254094,False,1.353778922180984,1,1.353778922180984,False,7.802395999999999,0.2307692307692307,2.712633452592605,-1.568199097056813,0.2120160915216925,0.0,,1.011054968977602
94,repaired,-6.347471881820368,61,7.856705515391873,57,35.716364915386244,4.545972207487631,6.659594119296078,1,6.659594119296078,False,4.17983690830723,1,4.17983690830723,False,2.155562772832073,1,2.155562772832073,False,8.081052999999999,-0.42857142857142855,1.1369611476846824,-3.52677737120404,0.0,0.09304246011495697,,1.0134598405869357
94,repaired,-4.347471881820368,61,7.6320277803331,54,39.12891788433099,5.126935987466126,6.925192371163016,1,6.925192371163016,False,4.9727901495038145,1,4.9727901495038145,False,3.1066291467059024,1,3.1066291467059024,False,7.802395999999999,0.0588235294117647,1.6071328902670015,-1.173645055927686,0.12179211619012822,0.03289321550747172,12.260908,0.8408054985416131
94,repaired,-2.3474718818203684,61,8.76046585573033,56,44.41448301218745,5.06987684714682,7.202661570838169,1,7.202661570838169,False,4.787704577024187,1,4.787704577024187,False,2.652199032940959,1,2.652199032940959,False,8.081052999999999,0.12499999999999997,2.1955304354889305,-1.5939992582389086,0.17240916902138131,0.009122908002248837,13.375536,0.8405574369050366
94,repaired,-0.34747188182036837,61,10.808744303167485,56,49.987059682418575,4.624687038601695,6.6967393791962895,1,6.6967393791962895,False,4.17818362320971,1,4.17818362320971,False,2.038559636326889,1,2.038559636326889,False,8.081052999999999,0.28571428571428564,3.729923192931806,-2.3449379913335027,0.05501521575969594,0.014054819166831947,13.096879,1.0623607629955831
94,repaired,1.6525281181796316,61,8.220526870007939,55,40.89703410575822,4.97498940791355,7.216809838497961,1,7.216809838497961,False,4.675073372207443,1,4.675073372207443,False,2.5410807263763564,1,2.5410807263763564,False,8.359709999999998,-0.12499999999999997,1.698497179939438,-2.0997587979709813,0.030407053989661578,0.06399230410138784,12.539565,0.8882845265130696
94,repaired,3.6525281181796316,61,7.612710544649189,54,42.04357684939036,5.522813011581255,7.433481720596728,1,7.433481720596728,False,5.307545885110175,1,5.307545885110175,False,3.450528400260243,1,3.450528400260243,False,8.359709999999998,0.22222222222222218,1.8199777069449938,-0.949534413033791,0.08296407154275098,0.11257099844885433,12.818222,0.7337655048956523
94,repaired,5.652528118179632,61,10.892467878505746,51,51.174258122782,4.698132571385853,6.359179842923099,1,6.359179842923099,False,4.679596287238306,1,4.679596287238306,False,2.7520860981720436,1,2.7520860981720436,False,8.081052999999999,0.5000000000000001,4.043671354142287,-1.2900444650471883,0.27027415721818243,0.1719282238344098,13.096879,0.9317205078951202
94,repaired,7.652528118179632,62,8.969592886506044,56,45.82402468971709,5.108818791391889,7.316585713365541,1,7.316585713365541,False,4.958806001313992,1,4.958806001313992,False,2.6586019297850445,1,2.6586019297850445,False,8.359709999999998,-0.411764705882353,1.318606680112318,-2.8984498351228276,0.0,0.2918137397458347,,0.8330446618457605
94,repaired,9.652528118179632,62,8.344176298684294,55,36.490767788140204,4.3732019173533105,7.235867144510906,1,7.235867144510906,False,3.978690350844151,1,3.978690350844151,False,1.3127487045771504,1,1.3127487045771504,False,8.638366999999999,0.2307692307692307,2.6845833275297424,-1.8192553989055618,0.06203462696581063,0.11986922021765803,13.096879,0.9850023756671815
94,repaired,11.652528118179632,62,4.951391703251328,57,28.156622619915037,5.686607787751069,7.888736067807313,1,7.888736067807313,False,5.211228026748965,1,5.211228026748965,False,3.100742377386789,1,3.100742377386789,False,8.359709999999998,0.11111111111111127,1.1292257227008724,-0.8124940685999251,0.09649679016246125,0.0,,0.7541748910291841
94,repaired,13.652528118179632,62,6.81465660301598,59,34.359873495695815,5.042055014259865,7.364640097584861,1,7.364640097584861,False,5.252680610410415,1,5.252680610410415,False,2.1276927002362194,1,2.1276927002362194,False,8.081052999999999,0.5555555555555556,2.8154952143294665,-0.8028297926311319,0.0,0.09295705413780814,,0.7787208604651144
94,repaired,15.652528118179632,62,9.126293187301464,58,43.20445849347225,4.734064269772523,7.073758357944563,1,7.073758357944563,False,4.3522074923676435,1,4.3522074923676435,False,2.2933680151057203,1,2.2933680151057203,False,8.359709999999998,0.42857142857142866,3.24051262724636,-1.528129938415502,0.11292172283826593,0.0,,0.9669104635701435
94,repaired,17.65252811817963,62,10.693092982470617,48,52.55203127154166,4.9145772282810185,7.105600314253659,1,7.105600314253659,False,4.853660058891031,1,4.853660058891031,False,2.548125867811126,1,2.548125867811126,False,8.081052999999999,-0.2941176470588235,1.5192057598689592,-3.207915770557064,0.0,0.7173705094916493,,0.8313566410815684
94,repaired,19.65252811817963,62,10.09482091102652,55,50.746828637289454,5.027016237787731,7.2405903892010635,1,7.2405903892010635,False,4.803319428296582,1,4.803319428296582,False,2.7305252145328622,1,2.7305252145328622,False,8.638366999999999,0.12499999999999997,2.2527801552100755,-1.9283989280455422,0.13191188720558866,0.0,,0.8762490488365628
94,repaired,21.65252811817963,62,11.460446787466902,58,52.78196181320229,4.6055762739481,7.096628001271105,1,7.096628001271105,False,4.445043463457917,1,4.445043463457917,False,1.7880053799498599,1,1.7880053799498599,False,8.081052999999999,0.06666666666666665,2.8839571053134936,-2.419092463366101,0.12958930632349752,0.05716020998552278,15.883448999999999,0.9302049995789196
94,repaired,23.65252811817963,62,9.894886265276897,57,47.77272677999385,4.828021818465741,7.0403151235995685,1,7.0403151235995685,False,4.250421710507924,1,4.250421710507924,False,2.469491728357804,1,2.469491728357804,False,8.359709999999998,-0.5714285714285714,1.5284826809400442,-4.812568393895516,0.2912961603583712,0.02391877233797776,11.14628,0.9667686481519268
94,repaired,25.65252811817963,62,9.821265079859455,51,43.26489819290527,4.405226601777498,6.997006563182353,1,6.997006563182353,False,4.410070436684434,1,4.410070436684434,False,1.4798693423657505,1,1.4798693423657505,False,8.081052999999999,0.42857142857142855,4.035831097173098,-1.5601088507598873,0.19664040556295334,0.22033129397366008,11.14628,0.9407288906008037
94,repaired,27.65252811817963,62,6.305911744031228,58,38.38788616412776,6.087602827689948,8.097930217936554,2,8.310792287048844,False,5.762540674746968,1,5.762540674746968,False,3.1734227634377623,1,3.1734227634377623,False,8.638366999999999,0.15789473684210523,1.1767394334026935,-0.9284100046348588,0.12072498957656251,0.0,,0.6177304207229547
94,repaired,29.65252811817963,62,7.823686011297279,58,42.184643125414,5.391914126474406,7.431375967161999,1,7.431375967161999,False,5.13674905263262,1,5.13674905263262,False,2.9195595788843867,1,2.9195595788843867,False,8.359709999999998,0.11111111111111109,1.7868895321732952,-1.3516762259993063,0.1504572782661369,0.0,,0.7973172279380313
94,repaired,31.65252811817963,62,10.994800034435261,53,43.5716248171579,3.9629301743272602,6.269980317189356,1,6.269980317189356,False,3.6437243111848687,1,3.6437243111848687,False,1.354967320703032,1,1.354967320703032,False,7.802396,0.16666666666666663,3.6888700252977067,-2.727194139219453,0.09103402481326993,0.218821263764927,16.998077000000002,1.1357877361801478
94,repaired,33.65252811817963,62,8.753797762041028,58,41.880648953339424,4.784283358126675,7.019654044948254,1,7.019654044948254,False,4.374186700867794,1,4.374186700867794,False,1.8297732221153196,1,1.8297732221153196,False,8.359709999999998,0.14285714285714282,2.2579868449500724,-1.8233106625117967,0.0,0.34349927186992535,,1.014260786634264
94,repaired,35.65252811817963,62,4.6862148511091535,47,27.607683917293848,5.891254412024994,7.990147787547786,1,7.990147787547786,False,5.911431495124475,1,5.911431495124475,False,4.126100057089812,1,4.126100057089812,False,8.359709999999998,7.968384247481e-17,0.6808288842806893,-0.7699138511320989,0.13822852970916452,0.2840419610622303,15.326134999999999,0.5734892161477291
94,repaired,37.65252811817963,62,7.74429877112017,56,30.637259572874346,3.9561050623622616,6.583293282158079,1,6.583293282158079,False,3.7569878484967125,1,3.7569878484967125,False,0.5915575508104118,1,0.5915575508104118,False,8.081052999999999,0.1666666666666667,2.5806979421229643,-1.199764787890242,0.12450045439433147,0.1994359638426565,13.375536,1.04016644601324
94,repaired,39.65252811817963,62,6.6227295371924715,55,32.397240438037564,4.891825984452251,7.038574769054244,1,7.038574769054244,False,4.77797150593554,1,4.77797150593554,False,2.531105540455051,1,2.531105540455051,False,7.802396,0.0,1.395015686258241,-1.4256413967490515,0.16458156152027437,0.0,,0.8940182587226535
94,repaired,41.65252811817963,62,10.713131498056027,48,52.491100376079494,4.899697197369823,7.203164790345584,1,7.203164790345584,False,4.678176723944908,1,4.678176723944908,False,2.7095721163209356,1,2.7095721163209356,False,8.638366999999999,0.12499999999999997,2.7159853389325446,-1.8824828642348965,0.33794932397452676,0.20327425432372814,12.818221999999999,0.8765457061473002
94,repaired,43.65252811817963,63,10.73739622981454,51,53.922408321043356,5.021925908938421,7.02818628648817,1,7.02818628648817,False,4.885781675173978,1,4.885781675173978,False,2.729427717834674,1,2.729427717834674,False,7.802396,0.17647058823529407,2.728531587937053,-1.9661467525971326,0.3540862877303573,0.1929156537415064,12.260908,0.8879777436878094
94,repaired,45.65252811817963,63,9.344675121527953,54,52.188838809625594,5.584874608363289,7.346142673682206,1,7.346142673682206,False,5.488547842526932,1,5.488547842526932,False,3.3274715460958926,1,3.3274715460958926,False,8.359709999999998,0.05263157894736841,1.745232897436285,-1.5605613466457,0.14075054756597447,0.09724192946632422,12.260908,0.7676586064035013
94,repaired,47.65252811817963,63,9.226774202971406,56,51.41732764375955,5.572622296013381,7.450135105518866,1,7.450135105518866,False,5.591728570734341,1,5.591728570734341,False,3.3358448593237675,1,3.3358448593237675,False,8.081052999999999,-0.15789473684210523,1.1590171270694316,-2.0319814236981504,0.19368628931349566,0.01761337073828771,13.096879,0.7119018756232802
94,repaired,49.65252811817963,63,5.996147836471244,52,36.72859433175271,6.125365039926638,7.813703375723314,1,7.813703375723314,False,6.195455889071136,1,6.195455889071136,False,4.398018579238155,1,4.398018579238155,False,8.359709999999998,-0.14285714285714285,0.5741545695627414,-1.1165008852198213,0.07981413623228589,0.10761636679049874,10.310309,0.5657288680140782
94,repaired,51.65252811817963,63,7.240334234840889,50,36.76393513758771,5.077657183376648,7.453765356205949,1,7.453765356205949,False,4.901097306366394,1,4.901097306366394,False,2.4420215247922057,1,2.4420215247922057,False,8.638366999999999,-0.0588235294117647,1.4835907920900804,-1.634320651506595,0.09934628722300248,0.1284685447276946,16.440762999999997,0.8488491823737693
94,repaired,53.65252811817963,63,9.161500060475214,46,42.31382079780542,4.6186563901644035,6.777995983479741,1,6.777995983479741,False,4.714059182989807,1,4.714059182989807,False,2.2967638693004337,1,2.2967638693004337,False,7.802396,0.12499999999999997,2.359685021805381,-1.8806299693159043,0.22221872184750976,0.37942067616830577,14.211507,0.9592389203068953
94,repaired,55.65252811817963,63,6.440751898361807,43,34.495618950616695,5.355837252385174,7.326133281741675,1,7.326133281741675,False,5.583081434640713,1,5.583081434640713,False,2.975621284548868,1,2.975621284548868,False,7.802396,0.05263157894736841,1.259320647379586,-0.985137478569483,0.5168357242990974,0.40103684580113536,15.047477999999998,0.7068304303501107
94,repaired,57.65252811817963,63,11.071864610841454,39,38.70519045492805,3.495815006356593,6.286223258608035,1,6.286223258608035,False,2.7892889603998117,1,2.7892889603998117,False,1.0122253147954168,1,1.0122253147954168,False,7.802396,0.11111111111111127,4.849159442433521,-3.9552516601264585,0.3135283485543193,0.22705544738943445,16.162105999999998,1.3218517582153617
94,repaired,59.65252811817963,63,6.464481587576251,46,34.08749319381038,5.273043589345409,7.768843288429659,1,7.768843288429659,False,5.078831594467083,1,5.078831594467083,False,2.8941504732201917,1,2.8941504732201917,False,8.359709999999998,-0.0588235294117647,1.2368167914704151,-1.3351362537315938,0.3967301158677702,0.18651664844154026,13.096879,0.7719593100174218
94,repaired,61.65252811817963,63,9.569387344469522,45,46.826317931986026,4.893345440661733,7.388245700440447,1,7.388245700440447,False,4.893690906598345,1,4.893690906598345,False,1.961055068942076,1,1.961055068942076,False,8.917023999999998,0.2941176470588236,2.9496346948311882,-1.3498705206799682,0.2617158847767746,0.5594888242522755,14.490164,0.7995766937324055
94,repaired,63.65252811817963,63,9.9965535347317,47,51.22290861552521,5.124056849949136,7.261204840400204,1,7.261204840400204,False,5.196237226479571,1,5.196237226479571,False,2.818721709671124,1,2.818721709671124,False,8.638366999999999,0.0588235294117647,1.7101261880540803,-1.8700405778554194,0.16728797580655547,0.3311447244274325,14.490164,0.7887389925185007
94,repaired,65.65252811817963,63,9.74958010951429,47,49.833880470959805,5.1113873532182765,7.446834455263329,1,7.446834455263329,False,5.097731339052398,1,5.097731339052398,False,2.7255912285777812,1,2.7255912285777812,False,8.638366999999999,-0.17647058823529407,1.7294076424314424,-2.5468846417381363,0.38992687042065627,0.14217909309406862,16.998077,0.8254533440832218
94,repaired,67.65252811817963,63,9.54337665382581,35,42.99377366230864,4.505090307325659,6.6233375969761,1,6.6233375969761,False,4.445490314593518,1,4.445490314593518,False,2.395046578936118,1,2.395046578936118,False,7.802395999999999,0.19999999999999996,2.708259248674336,-1.7617952648799353,0.4143905175472016,0.2837812166176419,13.375536,0.9723020686933282
94,repaired,69.65252811817963,63,9.843785100064213,44,48.02392996817267,4.878604061344188,7.009109088924985,1,7.009109088924985,False,4.904742810266486,1,4.904742810266486,False,2.6280648651345073,1,2.6280648651345073,False,8.081052999999999,0.0588235294117647,2.2182637265567164,-1.9965602456605693,0.27646117396087494,0.24838511597913804,15.604792,0.8862534209402381
94,repaired,71.65252811817963,63,11.33085574441496,41,51.16930392264464,4.5159258115051255,6.379744643027529,1,6.379744643027529,False,4.406158880312983,1,4.406158880312983,False,2.4578615327673834,1,2.4578615327673834,False,7.802396,0.06666666666666665,2.980438695596324,-2.3581214979944454,0.37042044576888755,0.29137049252672387,12.539565,1.0310015409373652
94,repaired,73.65252811817963,63,8.547358360870975,36,42.57897735105021,4.9815364646430265,6.8147716430131675,1,6.8147716430131675,False,5.125743972474405,1,5.125743972474405,False,3.1383644201449106,1,3.1383644201449106,False,7.523739,0.0588235294117647,1.5161348855225878,-1.5313604107058925,0.3283131391486291,0.632034524035388,10.588966,0.830973290021231
95,raw,-63.76736986655423,57,2.705674985063048,51,13.520472313238866,4.997079245615234,6.289514274017513,2,6.7510098233924865,False,4.157091719506271,1,4.157091719506271,False,2.4397619632172374,1,2.4397619632172374,False,5.8517969999999995,-0.14285714285714288,0.5982919114944854,-0.45210413092381624,0.14949195780049324,0.2105342024296484,15.047478,0.857497827199245
95,raw,-61.76736986655423,57,2.8680640786473512,48,15.352653968322233,5.352967558368821,6.394766923694554,2,6.956292109225509,False,4.843589612759493,1,4.843589612759493,False,3.3602940753673294,1,3.3602940753673294,False,6.130453999999999,0.37500000000000006,0.63870926070024,-0.3283968359145333,0.0,0.10966415192752231,,0.7134775918587474
95,raw,-59.76736986655423,57,2.777081055461952,52,11.900960259997321,4.285420562929037,5.738060206502221,1,5.738060206502221,False,4.035971329202973,1,4.035971329202973,False,1.7926339033103114,1,1.7926339033103114,False,5.294483,0.0769230769230769,0.6553029672034385,-0.6459180844816489,0.18070857783655658,0.15940203658804536,14.490164,1.02419478905794
95,raw,-57.76736986655423,57,2.764882443869582,40,10.712475269597757,3.8744776630015227,5.106841110534868,1,5.106841110534868,False,4.0439789807985465,1,4.0439789807985465,False,1.7398371630057397,1,1.7398371630057397,False,5.015826,0.3846153846153845,0.8577724362582826,-0.47101353330106943,0.36190278471748893,0.2943078807174814,11.703593999999999,1.006085849849143
95,raw,-55.76736986655423,57,2.663622079682592,39,11.50266961569248,4.318431546063466,5.581132369216345,1,5.581132369216345,False,4.707173195948323,1,4.707173195948323,False,2.367264760963331,1,2.367264760963331,False,5.294483,0.12499999999999997,0.5807971186036164,-0.4123937455312293,0.2172914671304601,0.7452832641130882,8.638366999999999,0.7534049720608996
95,raw,-53.76736986655423,57,2.671651259656905,33,9.868079776746434,3.6936257084742783,5.093207072965283,1,5.093207072965283,False,3.3459793155248008,1,3.3459793155248008,False,2.107194513242921,1,2.107194513242921,False,4.737169,0.0909090909090909,0.8544122932671638,-0.6351628790401797,0.3083061875182329,0.6193655514915162,10.588966,1.1504018405259997
95,raw,-51.76736986655423,57,2.3689385567037107,37,8.539406200580904,3.6047394207062795,4.576754326739529,1,4.576754326739529,False,3.431095007187551,1,3.431095007187551,False,1.9897663225049982,1,1.9897663225049982,False,4.179855,-6.640320206234167e-17,0.6909463085558755,-0.6181921493647982,0.36456644651858305,0.2508096471735358,6.130453999999999,1.1412386191367645
95,raw,-49.76736986655423,57,2.410197998753283,28,9.043652642007443,3.75224468972484,4.7670095694578585,1,4.7670095694578585,False,4.1001310514874785,1,4.1001310514874785,False,1.2589742586818784,2,2.127590526106564,False,4.458512,0.42857142857142866,1.0555602591061597,-0.16077685029194802,0.6713059472013163,0.804084244230351,7.802396,0.916214633818544
95,raw,-47.76736986655423,57,2.4814995774829014,38,8.050956910811703,3.2443918120583186,4.442204878934419,1,4.442204878934419,False,3.307838841598791,1,3.307838841598791,False,1.245120345840555,1,1.245120345840555,False,3.901198,-0.6363636363636364,0.4709508401554147,-1.0446420098991447,0.44552031047583296,0.43622575040231926,8.081053,1.2741183368679367
95,raw,-45.76736986655423,57,2.8509102609157764,32,12.178402401253983,4.271759293237805,5.4997381659490525,2,6.673285936496965,False,4.173276500535755,1,4.173276500535755,False,2.07380519690367,1,2.07380519690367,False,5.015826,0.2857142857142857,0.9809568687628741,-0.4887698115966678,0.5653778690218052,0.21076242064473982,10.588966,0.7705689540612293
95,raw,-43.76736986655423,57,3.6413313271036296,32,14.95695153603809,4.107550286541785,5.877462824330671,1,5.877462824330671,False,4.14969909284233,1,4.14969909284233,False,1.2699976270173035,2,1.8230695442011269,False,5.8517969999999995,-0.14285714285714282,0.48161633679106847,-0.8539194637681408,0.5189367008786164,0.10091472507575402,9.195681,0.8247754767713186
95,raw,-41.76736986655423,57,3.933271166737842,41,18.367660626639026,4.669818033896887,6.090787831822489,3,6.61951719737929,False,3.6738821945651736,2,4.252838950432421,False,2.2006900792746285,1,2.2006900792746285,False,6.130453999999999,-0.33333333333333337,0.8627578768269752,-0.7754228100463328,0.5658054869109079,0.0,,0.8146156920160782
95,raw,-39.76736986655423,57,3.2466230288265905,46,14.655976792020104,4.514221904388183,5.671012167509154,1,5.671012167509154,False,4.193784063667408,1,4.193784063667408,False,2.9140635130976564,1,2.9140635130976564,False,5.5731399999999995,0.14285714285714282,0.6573044752584565,-0.531300936571305,0.220954786235852,0.22348723429173387,10.310309,0.9607020748496353
95,raw,-37.76736986655423,58,2.7158400176106836,45,11.759383872215508,4.329925104557915,5.568807516822773,1,5.568807516822773,False,3.8429703876293537,1,3.8429703876293537,False,2.840220305109392,1,2.840220305109392,False,5.294483,0.0769230769230769,0.7662610682684383,-0.24741127842354235,0.37745301797809117,0.17829633475704615,9.752995,0.9841391883718131
95,raw,-35.76736986655423,58,3.1769320794911615,47,14.349952833283544,4.516921506103437,5.85355574518568,1,5.85355574518568,False,3.846295127717508,1,3.846295127717508,False,2.657425802904044,1,2.657425802904044,False,5.8517969999999995,-0.2307692307692307,0.5549094868636992,-0.9762490001511809,0.1452255346265332,0.03371414145169462,10.310309,1.0478213037651374
95,raw,-33.76736986655423,58,2.618633337733595,45,13.56705082028402,5.180966202785071,6.241400124340307,1,6.241400124340307,False,5.173186233170486,1,5.173186233170486,False,3.795345105831876,1,3.795345105831876,False,5.8517969999999995,0.0,0.4297937069590345,-0.395937317017178,0.1700559152001146,0.03290294116807772,11.982250999999998,0.7459843309664176
95,raw,-31.767369866554233,58,2.6866455347888913,50,13.187191193830659,4.908422426059591,6.5123706260991625,1,6.5123706260991625,False,4.783481808207391,1,4.783481808207391,False,2.824827110026075,1,2.824827110026075,False,6.130453999999999,-0.24999999999999994,0.34365126656149486,-0.7908347618451296,0.18468878359585275,0.21745658517891103,12.818221999999999,0.8006944860785568
95,raw,-29.767369866554233,58,2.691485784125631,41,10.714699318230354,3.980960769484867,5.08846089119523,1,5.08846089119523,False,3.766120145085851,1,3.766120145085851,False,2.1365779857429095,1,2.1365779857429095,False,4.458512,-0.38461538461538464,0.45908973262111824,-1.177064469144279,0.1872326519240743,0.16618761304595353,8.917024,1.1353777565397432
95,raw,-27.767369866554233,58,1.8308041578645013,47,8.19763303349647,4.477613292651906,6.211696438747129,2,6.950935021315426,False,3.496132660956637,1,3.496132660956637,False,2.4748652458635494,1,2.4748652458635494,False,3.901198,0.3333333333333333,0.7372370921778717,-0.2298076887714722,0.2249000765955267,0.13802824043040102,12.818221999999999,0.949532085657684
95,raw,-25.767369866554233,58,2.980821480656795,43,9.214916911264082,3.091401806871596,4.53704830553591,2,5.53311029354081,False,2.6595516533585406,1,2.6595516533585406,False,0.5855842346881766,1,0.5855842346881766,False,4.179855,-0.33333333333333326,0.7568570339682507,-1.7214709991797423,0.4127093145791715,0.28548115102547783,12.539565,1.2143103652806209
95,raw,-23.767369866554233,58,2.474051752571742,39,9.158187697287033,3.7016960893268402,4.650612040993019,1,4.650612040993019,False,3.5515027422248213,1,3.5515027422248213,False,1.9465525121356322,2,2.280533517494637,False,4.179855,-0.2727272727272728,0.371404673308975,-0.3670920703021492,0.390325390925337,0.29548386820806594,8.081053,1.1281758360686616
95,raw,-21.767369866554233,58,2.755126316114393,49,12.858753964193111,4.6672103159059715,6.028795607803927,1,6.028795607803927,False,4.589929970551081,1,4.589929970551081,False,1.625865990865563,2,2.5165417506416317,False,5.5731399999999995,-0.06666666666666665,0.5321046299786224,-0.478410210797679,0.3602049320941464,0.0,,0.8321924021927342
95,raw,-19.767369866554233,58,2.2632180094787824,50,12.16609219844963,5.375572369738907,7.068470759701517,2,7.0699570565209235,False,5.490855871683575,1,5.490855871683575,False,1.3691625545585686,1,1.3691625545585686,False,6.409110999999999,-0.4736842105263159,0.19423410748981132,-0.6816040292785779,0.2891597897292291,0.0,,0.49910854142296535
95,raw,-17.767369866554233,58,2.8579440829863163,47,11.591409040252909,4.055855784323408,6.002152608469018,1,6.002152608469018,False,3.667004235083467,1,3.667004235083467,False,1.7435337064331105,1,1.7435337064331105,False,5.294483,0.3333333333333333,1.1536478345770018,-0.608792564296594,0.27564372886950145,0.09664420517777228,11.424937,1.0481712292049399
95,raw,-15.767369866554233,58,2.815058591112204,53,14.053149201559613,4.992133821274157,6.3591463293025825,2,6.693239047809856,False,4.125106335016652,2,4.167229424837014,False,2.2725426674596516,2,2.907877013068254,False,5.851797,-0.14285714285714288,0.5373352404655142,-0.41690908834370544,0.15848565631642017,0.6319332516063246,10.031652,0.8739951461531527
95,raw,-13.767369866554233,58,2.864540729296482,53,14.337523587549883,5.005173583644982,6.305676166843178,2,6.434258998498993,False,4.133756861360661,1,4.133756861360661,False,2.4131614490286326,1,2.4131614490286326,False,6.130453999999999,-0.14285714285714282,0.624507210193666,-0.7271173759112176,0.16562210310232334,0.0,,0.9919696136802938
95,raw,-11.767369866554233,59,2.9742546414780557,55,15.91144015912865,5.349723570145111,7.789030721716918,4,9.128756898645484,False,4.113427294627104,1,4.113427294627104,False,2.149545340030384,1,2.149545340030384,False,6.687767999999999,0.0769230769230769,0.7606901271678123,-0.6785035938548581,0.06476460910425769,0.0,,0.9675913532419851
95,raw,-9.767369866554233,59,3.160649806245736,56,15.88803592433604,5.026825778971087,6.269675203242176,2,6.505255717476896,False,4.357920089534271,1,4.357920089534271,False,2.185142640328667,1,2.185142640328667,False,5.8517969999999995,-0.06666666666666665,0.6991312217806984,-0.8140600062179525,0.15373905445229846,0.0,,1.0127241429067944
95,raw,-7.767369866554233,59,3.202263801594646,57,17.873964001086115,5.5816650683761075,6.5134521994825265,1,6.5134521994825265,False,5.23609176207984,1,5.23609176207984,False,3.0312875662396395,1,3.0312875662396395,False,6.409111,0.0,0.47536381331130095,-0.6579664108744004,0.009086623320658703,0.011629382605794353,11.982251,0.7836356475422149
95,raw,-5.767369866554233,59,3.404244279731409,57,18.84368321632972,5.535349894989459,7.4424096434910885,3,7.79024282656715,False,4.76882199899735,1,4.76882199899735,False,2.9406760138428973,1,2.9406760138428973,False,7.245081999999999,0.2500000000000001,0.8915989111128602,-0.48947505206189423,0.0933162936244544,0.0,,0.7672151087567388
95,raw,-3.7673698665542332,59,3.3630169473680303,53,17.177175672289035,5.107668483720329,6.378503198692942,2,6.689758050488798,False,4.588340196373061,1,4.588340196373061,False,2.808809818818168,1,2.808809818818168,False,6.130453999999999,-0.33333333333333326,0.4771372906054561,-1.0965516281946135,0.020583138066739642,0.10182337652687558,11.424937,0.8847930338175916
95,raw,-1.7673698665542332,59,2.9862059179461067,56,13.967274680217141,4.677264416455159,5.830592186830507,1,5.830592186830507,False,3.711888077363006,1,3.711888077363006,False,2.1223759726612625,1,2.1223759726612625,False,5.5731399999999995,0.0769230769230769,0.9180886791016908,-0.698871724407496,0.02406664132171652,0.0,,1.1459366064042416
95,raw,0.23263013344576677,59,2.829176347620783,59,14.685463651313576,5.190720494911329,6.560614431040548,1,6.560614431040548,False,4.499930759148159,1,4.499930759148159,False,2.725338685831013,1,2.725338685831013,False,6.130453999999999,-0.06666666666666665,0.6140361738808682,-0.5898913990548804,0.0,0.0,,0.9806808446809474
95,raw,2.2326301334457668,59,2.6449521931219313,58,15.60723058126929,5.900760936948172,7.861438905297218,3,9.176059885810428,False,4.443097489687989,1,4.443097489687989,False,2.462358431482546,1,2.462358431482546,False,7.523738999999999,0.19999999999999996,0.8083265211283295,-0.37730727762511435,0.011027059088584108,0.0,,0.7936743193363971
95,raw,4.232630133445767,59,1.5864906617808658,54,8.215137420960646,5.178182020774707,7.491609166818283,3,8.16235058259961,False,3.8328131456358676,2,4.745898122020223,False,1.0557200861318126,1,1.0557200861318126,False,5.015826,0.2307692307692307,0.5262793140739441,-0.3313130534704618,0.03878678000847953,0.002749712088638917,9.474338,0.7812272162860349
95,raw,6.232630133445767,59,2.50183840801249,59,11.678856689697334,4.668109919607178,5.422147192407321,3,5.524801620307157,False,3.1368557598774864,2,3.8533972171845705,False,1.722103991976149,1,1.722103991976149,False,5.015826,-0.19999999999999996,0.7503300031886393,-0.8373784308396437,0.0,0.0,,1.2446634880908607
95,raw,8.232630133445767,59,1.9273134022854908,36,5.433544390751663,2.8192324010761998,2.995853379476691,2,3.642759792077529,False,2.0052010875748616,1,2.0052010875748616,False,1.1971272669929416,1,1.1971272669929416,False,2.229256,0.0,1.0039744205786478,-0.7328227421777714,0.4178292854931519,0.7669664893265357,7.245082,1.3488409667785537
95,raw,10.232630133445767,59,2.8326055549034823,36,5.926817120196115,2.0923552557242884,2.938013833692831,1,2.938013833692831,False,1.3626679170287344,2,1.4224369976464577,False,0.535124126340332,1,0.535124126340332,False,2.507913,-0.33333333333333315,1.8409961670386439,-0.7336232063655678,0.23291386225939253,0.6641673211787771,10.588966,1.76916343139614
95,raw,12.232630133445767,59,2.915256230573528,55,12.278054886715204,4.211655482612484,6.052415713476794,4,6.507696000911728,False,1.8274416667233293,2,2.498189992184769,False,1.3279997367220133,1,1.3279997367220133,False,5.294483,-0.20000000000000012,0.4219317341390175,-1.7642857206322489,0.10036857188532985,0.0,,1.3843629998258868
95,raw,14.232630133445767,60,2.653779717537728,57,11.364141548675427,4.282247495364643,5.169890935643224,2,5.781271433417145,False,3.4898452128262396,1,3.4898452128262396,False,0.7649261183377146,2,1.523324854772706,False,4.737169,0.09090909090909088,0.7362337998575688,-0.6076304387818633,0.0,0.15628315652813263,,1.3067564978227406
95,raw,16.232630133445767,60,2.34719188596001,50,10.893404277677213,4.641036952640015,5.9259750880627315,1,5.9259750880627315,False,4.655497977090509,1,4.655497977090509,False,2.5258891392099754,1,2.5258891392099754,False,5.5731399999999995,0.24999999999999994,0.7038984432724394,-0.34691519907729074,0.13453744043249996,0.01435220245902417,15.883448999999999,0.9294622060347453
95,raw,18.232630133445767,60,2.5377174916647363,42,10.715401921550397,4.222456580271715,5.530959899129227,1,5.530959899129227,False,4.32793637596202,1,4.32793637596202,False,2.4341049100797676,1,2.4341049100797676,False,5.294483,-0.19999999999999996,0.421110668779992,-0.7397534099796587,0.10729227535382968,0.23769967557690022,12.818221999999999,1.019444836539852
95,raw,20.232630133445767,60,2.413207802107035,29,9.608423238001931,3.9815979500864227,5.896912298379053,1,5.896912298379053,False,3.8841161068295413,1,3.8841161068295413,False,2.0112581271515646,1,2.0112581271515646,False,5.294483,0.0769230769230769,0.6918817061492587,-0.564713464804448,0.7606719321427231,0.20790202236243813,10.310309,0.8663873085366676
95,raw,22.232630133445767,60,2.3074137668148156,44,10.143424094258332,4.396014377716247,6.127533317941536,1,6.127533317941536,False,4.247304554434489,1,4.247304554434489,False,2.1299359754059513,1,2.1299359754059513,False,5.5731399999999995,0.19999999999999996,0.6690821078895095,-0.4339672983615798,0.30300423133199794,0.2159377064446943,9.752995,0.8806011582960364
95,raw,24.232630133445767,60,2.7293981600578467,55,11.467910119896228,4.201625943667075,5.847252615878764,1,5.847252615878764,False,3.375881394280773,1,3.375881394280773,False,1.4538713475982254,1,1.4538713475982254,False,5.294483,0.0909090909090909,0.9004296062589633,-0.73475546247582,0.0,0.1256615780314447,,1.187000050513048
95,raw,26.232630133445767,60,2.8122174337182066,39,13.005642822164766,4.624693192719882,6.102388083929701,1,6.102388083929701,False,4.669291148465824,1,4.669291148465824,False,2.6838594541285445,1,2.6838594541285445,False,5.5731399999999995,0.12499999999999997,0.6859671248377535,-0.4970479516363607,0.21874462621922747,0.7191616448683944,10.588966,0.8552430853372328
95,raw,28.232630133445767,60,2.6924803568105347,44,11.27132506999382,4.186223695739654,5.546680530173814,1,5.546680530173814,False,4.096596833797894,1,4.096596833797894,False,1.7547062702195875,1,1.7547062702195875,False,5.015826,-0.14285714285714282,0.5486584912361451,-0.8143870232817557,0.02531681088160142,1.02041868506468,12.539565,0.8868854891327389
95,raw,30.232630133445767,60,2.6470509869382877,46,12.353243823916811,4.666794816145644,5.606795058358512,1,5.606795058358512,False,4.266472374492704,1,4.266472374492704,False,2.665014385433489,1,2.665014385433489,False,5.294483,-0.28571428571428564,0.4513073574443416,-0.6704190646402881,0.0032246160984453036,0.2999078579267928,11.14628,0.9807069216718505
95,raw,32.23263013344577,60,2.440650546285211,48,12.980390013994732,5.318413991610359,6.310878748146705,1,6.310878748146705,False,4.91227910656373,1,4.91227910656373,False,3.5029222111646394,1,3.5029222111646394,False,5.8517969999999995,-0.2941176470588235,0.31020048868302674,-0.6115765268279042,0.18320311399187386,0.11792365675963001,10.031652,0.8335048123540241
95,raw,34.23263013344577,60,3.1856637849547895,49,15.494488844613306,4.863817995417618,7.485174534663585,1,7.485174534663585,False,4.759372498858962,1,4.759372498858962,False,2.4048729989493407,1,2.4048729989493407,False,6.130453999999999,-0.2941176470588236,0.5299515332491258,-0.9742756608630184,0.16650646300563587,0.05872519667231682,13.654193,0.8412235709457363
95,raw,36.23263013344577,60,2.8223151434062967,41,12.7037658844685,4.501186167727579,5.536143970251903,1,5.536143970251903,False,4.485670098811258,1,4.485670098811258,False,3.1703324536123807,1,3.1703324536123807,False,5.294483,-0.06666666666666665,0.46815567933963875,-0.6212283717511355,0.23627478407479205,0.15630654602830762,9.195681,0.9831164643256517
95,raw,38.23263013344577,60,2.568040378501168,40,9.765604112386313,3.802745546425555,5.51172209416854,1,5.51172209416854,False,3.828931069926875,1,3.828931069926875,False,1.595493961687374,1,1.595493961687374,False,4.737169,0.0769230769230769,0.8394663654768699,-0.5635864911441505,0.2978301620874653,0.22037301387181596,14.490164,1.141473711537864
95,raw,40.23263013344577,61,2.897885952869334,52,11.542806964242699,3.983181930542718,5.736213181834885,1,5.736213181834885,False,3.7117552035326504,1,3.7117552035326504,False,1.8882989487507127,1,1.8882989487507127,False,5.294483,0.23076923076923078,1.0474438644464439,-0.6931405859373899,0.09847867193433497,0.22107945263953935,14.768820999999999,1.2235449670835272
95,raw,42.23263013344577,61,2.7823390986527046,35,12.721758893836526,4.572325098690091,5.718933338604664,1,5.718933338604664,False,4.616459916869848,1,4.616459916869848,False,2.861828788939541,1,2.861828788939541,False,5.5731399999999995,-0.12499999999999997,0.4976110369725394,-0.6024839851459437,0.1720791948413106,0.3284960082605698,13.096879,0.9220605196492953
95,raw,44.23263013344577,61,3.0167876147237553,40,11.665961838260689,3.8670146288468277,5.5664765077936895,1,5.5664765077936895,False,4.192734291387398,1,4.192734291387398,False,1.1856185672366197,1,1.1856185672366197,False,5.294483,-0.14285714285714282,0.5635458733282355,-0.7159393173268894,0.2992547649996485,0.2239287391680197,15.326135,0.9777428913432545
95,raw,46.23263013344577,61,2.847285095360759,42,12.321931932800117,4.3276073593322035,5.434183964450648,1,5.434183964450648,False,4.0602914291438745,1,4.0602914291438745,False,2.5226082684865907,1,2.5226082684865907,False,5.015826,0.14285714285714282,0.7236047768913454,-0.537534741728309,0.1216166940395801,0.2392859941438077,12.260908,1.0841406703663052
95,raw,48.23263013344577,61,2.7149176414160197,54,13.74914185042397,5.064294268334722,6.0383039297380705,1,6.0383039297380705,False,4.647076652173726,1,4.647076652173726,False,2.522244011949295,1,2.522244011949295,False,5.8517969999999995,0.12499999999999997,0.6495064058014678,-0.42831983401270324,0.0726258961435678,0.10556681983879479,14.211507,0.9577837174911814
95,raw,50.23263013344577,61,2.235235648386287,51,10.075225475115538,4.507455615424385,6.05002087630828,1,6.05002087630828,False,4.21490584331386,1,4.21490584331386,False,2.335372755530408,1,2.335372755530408,False,5.015826,0.14285714285714282,0.556891125055877,-0.4562341904787404,0.2119064519028428,0.23078380033770202,13.654193,0.9978558083481693
95,raw,52.23263013344577,61,2.3163666595908703,49,10.738909233284613,4.636100761000152,6.095861920760436,1,6.095861920760436,False,4.422786066768591,1,4.422786066768591,False,1.9641291384582211,1,1.9641291384582211,False,5.294483,-0.6000000000000001,0.21221333832304068,-1.1894783528416932,0.11010606835211076,0.12505728691563972,13.375536,0.8948556925056605
95,raw,54.23263013344577,61,2.452796450482428,43,11.289505344994826,4.602707796146048,6.675885570325292,1,6.675885570325292,False,4.116486100885789,1,4.116486100885789,False,2.396179563814104,1,2.396179563814104,False,6.409111,0.14285714285714282,0.7479523277940554,-0.47768494989850707,0.12223400055078248,0.2521357760058641,12.539565,0.9327520739968583
95,raw,56.23263013344577,61,2.7390043489606315,45,12.200952437911168,4.454521016931228,6.707380887202646,1,6.707380887202646,False,4.515374843776612,1,4.515374843776612,False,2.0633221983703907,1,2.0633221983703907,False,6.130453999999999,-0.19999999999999996,0.5828121840608309,-0.780447027418865,0.2247903314325701,0.31415268187315654,13.096879,0.8764296798317934
95,raw,58.23263013344577,61,2.3954915761203015,31,11.29557664704091,4.715348097919442,6.347931335351072,1,6.347931335351072,False,5.002717817663518,1,5.002717817663518,False,2.943627037299461,1,2.943627037299461,False,5.8517969999999995,0.2941176470588235,0.635457899774914,-0.381106648065896,0.305456714268784,0.4074010032526986,10.588966,0.8124474082604789
95,raw,60.23263013344577,61,3.016754682301931,32,11.971433413851887,3.9683151845535876,5.470611960038788,1,5.470611960038788,False,4.358998449506368,1,4.358998449506368,False,2.231112561766097,1,2.231112561766097,False,5.294483,-0.28571428571428564,0.49136974718393356,-0.9809544224643963,0.2783625051782613,0.29123103021553287,12.539565,1.036435129479418
95,raw,62.23263013344577,61,3.3636792646095146,44,13.187874245077362,3.9206693645948216,5.1590211583292405,1,5.1590211583292405,False,3.605124488890332,1,3.605124488890332,False,2.3813564958842157,1,2.3813564958842157,False,5.015826,-6.640320206234167e-17,0.72862586870665,-0.6729759278537736,0.33184938436506467,0.043679099716738334,8.35971,1.1447620596074406
95,raw,64.23263013344577,61,3.015113488894727,36,12.112682766980415,4.017322336818789,5.708923715218916,1,5.708923715218916,False,4.09263266050492,1,4.09263266050492,False,2.270042921259277,1,2.270042921259277,False,5.5731399999999995,-0.14285714285714282,0.5168643352278102,-0.7248681744013061,0.3204783583822238,0.29099127039738065,6.966425,1.0256184116187064
95,raw,66.23263013344577,62,3.2178589071302164,25,12.283378666437416,3.8172520986608776,5.213534683367488,1,5.213534683367488,False,3.9156738226288628,1,3.9156738226288628,False,2.4933546846668593,1,2.4933546846668593,False,5.015826,0.0769230769230769,0.7570124737171873,-0.7320176973986271,0.4900084123625316,1.0917050220920466,14.490164,1.028212885482264
95,raw,68.23263013344577,62,2.8031554619219334,35,11.944392641932469,4.261052518914884,5.645480957676121,1,5.645480957676121,False,4.460353550322772,1,4.460353550322772,False,2.593798819233772,1,2.593798819233772,False,5.5731399999999995,-0.06666666666666665,0.4227650952468948,-0.6528305618092354,0.23762257952093843,0.9790576421748249,12.818221999999999,0.8878459179610889
95,raw,70.23263013344577,62,2.758168121090666,40,13.154514076101611,4.769293784346948,7.099274926498616,1,7.099274926498616,False,4.666105735699856,2,4.985094315933656,False,1.7282271432319094,2,2.3465191389487727,False,6.409111,-0.33333333333333326,0.3980774819610105,-0.740678770068441,0.25058708938410784,0.5165028974777367,14.490164,0.7152355168853682
95,repaired,-63.76736986655423,57,2.705674985063048,51,13.520472313238866,4.997079245615234,6.289514274017513,2,6.7510098233924865,False,4.157091719506271,1,4.157091719506271,False,2.4397619632172374,1,2.4397619632172374,False,5.8517969999999995,-0.14285714285714288,0.5982919114944854,-0.45210413092381624,0.14949195780049324,0.2105342024296484,15.047478,0.857497827199245
95,repaired,-61.76736986655423,57,2.8680640786473512,48,15.352653968322233,5.352967558368821,6.394766923694554,2,6.956292109225509,False,4.843589612759493,1,4.843589612759493,False,3.3602940753673294,1,3.3602940753673294,False,6.130453999999999,0.37500000000000006,0.63870926070024,-0.3283968359145333,0.0,0.10966415192752231,,0.7134775918587474
95,repaired,-59.76736986655423,57,2.777081055461952,52,11.900960259997321,4.285420562929037,5.738060206502221,1,5.738060206502221,False,4.035971329202973,1,4.035971329202973,False,1.7926339033103114,1,1.7926339033103114,False,5.294483,0.0769230769230769,0.6553029672034385,-0.6459180844816489,0.18070857783655658,0.15940203658804536,14.490164,1.02419478905794
95,repaired,-57.76736986655423,57,2.764882443869582,40,10.712475269597757,3.8744776630015227,5.106841110534868,1,5.106841110534868,False,4.0439789807985465,1,4.0439789807985465,False,1.7398371630057397,1,1.7398371630057397,False,5.015826,0.3846153846153845,0.8577724362582826,-0.47101353330106943,0.36190278471748893,0.2943078807174814,11.703593999999999,1.006085849849143
95,repaired,-55.76736986655423,57,2.663622079682592,39,11.50266961569248,4.318431546063466,5.581132369216345,1,5.581132369216345,False,4.707173195948323,1,4.707173195948323,False,2.367264760963331,1,2.367264760963331,False,5.294483,0.12499999999999997,0.5807971186036164,-0.4123937455312293,0.2172914671304601,0.7452832641130882,8.638366999999999,0.7534049720608996
95,repaired,-53.76736986655423,57,2.671651259656905,33,9.868079776746434,3.6936257084742783,5.093207072965283,1,5.093207072965283,False,3.3459793155248008,1,3.3459793155248008,False,2.107194513242921,1,2.107194513242921,False,4.737169,0.0909090909090909,0.8544122932671638,-0.6351628790401797,0.3083061875182329,0.6193655514915162,10.588966,1.1504018405259997
95,repaired,-51.76736986655423,57,2.3689385567037107,37,8.539406200580904,3.6047394207062795,4.576754326739529,1,4.576754326739529,False,3.431095007187551,1,3.431095007187551,False,1.9897663225049982,1,1.9897663225049982,False,4.179855,-6.640320206234167e-17,0.6909463085558755,-0.6181921493647982,0.36456644651858305,0.2508096471735358,6.130453999999999,1.1412386191367645
95,repaired,-49.76736986655423,57,2.410197998753283,28,9.043652642007443,3.75224468972484,4.7670095694578585,1,4.7670095694578585,False,4.1001310514874785,1,4.1001310514874785,False,1.2589742586818784,2,2.127590526106564,False,4.458512,0.42857142857142866,1.0555602591061597,-0.16077685029194802,0.6713059472013163,0.804084244230351,7.802396,0.916214633818544
95,repaired,-47.76736986655423,57,2.4814995774829014,38,8.050956910811703,3.2443918120583186,4.442204878934419,1,4.442204878934419,False,3.307838841598791,1,3.307838841598791,False,1.245120345840555,1,1.245120345840555,False,3.901198,-0.6363636363636364,0.4709508401554147,-1.0446420098991447,0.44552031047583296,0.43622575040231926,8.081053,1.2741183368679367
95,repaired,-45.76736986655423,57,2.8509102609157764,32,12.178402401253983,4.271759293237805,5.4997381659490525,2,6.673285936496965,False,4.173276500535755,1,4.173276500535755,False,2.07380519690367,1,2.07380519690367,False,5.015826,0.2857142857142857,0.9809568687628741,-0.4887698115966678,0.5653778690218052,0.21076242064473982,10.588966,0.7705689540612293
95,repaired,-43.76736986655423,57,3.6413313271036296,32,14.95695153603809,4.107550286541785,5.877462824330671,1,5.877462824330671,False,4.14969909284233,1,4.14969909284233,False,1.2699976270173035,2,1.8230695442011269,False,5.8517969999999995,-0.14285714285714282,0.48161633679106847,-0.8539194637681408,0.5189367008786164,0.10091472507575402,9.195681,0.8247754767713186
95,repaired,-41.76736986655423,57,3.933271166737842,41,18.367660626639026,4.669818033896887,6.090787831822489,3,6.61951719737929,False,3.6738821945651736,2,4.252838950432421,False,2.2006900792746285,1,2.2006900792746285,False,6.130453999999999,-0.33333333333333337,0.8627578768269752,-0.7754228100463328,0.5658054869109079,0.0,,0.8146156920160782
95,repaired,-39.76736986655423,57,3.2466230288265905,46,14.655976792020104,4.514221904388183,5.671012167509154,1,5.671012167509154,False,4.193784063667408,1,4.193784063667408,False,2.9140635130976564,1,2.9140635130976564,False,5.5731399999999995,0.14285714285714282,0.6573044752584565,-0.531300936571305,0.220954786235852,0.22348723429173387,10.310309,0.9607020748496353
95,repaired,-37.76736986655423,58,2.7158400176106836,45,11.759383872215508,4.329925104557915,5.568807516822773,1,5.568807516822773,False,3.8429703876293537,1,3.8429703876293537,False,2.840220305109392,1,2.840220305109392,False,5.294483,0.0769230769230769,0.7662610682684383,-0.24741127842354235,0.37745301797809117,0.17829633475704615,9.752995,0.9841391883718131
95,repaired,-35.76736986655423,58,3.1769320794911615,47,14.349952833283544,4.516921506103437,5.85355574518568,1,5.85355574518568,False,3.846295127717508,1,3.846295127717508,False,2.657425802904044,1,2.657425802904044,False,5.8517969999999995,-0.2307692307692307,0.5549094868636992,-0.9762490001511809,0.1452255346265332,0.03371414145169462,10.310309,1.0478213037651374
95,repaired,-33.76736986655423,58,2.618633337733595,45,13.56705082028402,5.180966202785071,6.241400124340307,1,6.241400124340307,False,5.173186233170486,1,5.173186233170486,False,3.795345105831876,1,3.795345105831876,False,5.8517969999999995,0.0,0.4297937069590345,-0.395937317017178,0.1700559152001146,0.03290294116807772,11.982250999999998,0.7459843309664176
95,repaired,-31.767369866554233,58,2.6866455347888913,50,13.187191193830659,4.908422426059591,6.5123706260991625,1,6.5123706260991625,False,4.783481808207391,1,4.783481808207391,False,2.824827110026075,1,2.824827110026075,False,6.130453999999999,-0.24999999999999994,0.34365126656149486,-0.7908347618451296,0.18468878359585275,0.21745658517891103,12.818221999999999,0.8006944860785568
95,repaired,-29.767369866554233,58,2.691485784125631,41,10.714699318230354,3.980960769484867,5.08846089119523,1,5.08846089119523,False,3.766120145085851,1,3.766120145085851,False,2.1365779857429095,1,2.1365779857429095,False,4.458512,-0.38461538461538464,0.45908973262111824,-1.177064469144279,0.1872326519240743,0.16618761304595353,8.917024,1.1353777565397432
95,repaired,-27.767369866554233,58,1.8308041578645013,47,8.19763303349647,4.477613292651906,6.211696438747129,2,6.950935021315426,False,3.496132660956637,1,3.496132660956637,False,2.4748652458635494,1,2.4748652458635494,False,3.901198,0.3333333333333333,0.7372370921778717,-0.2298076887714722,0.2249000765955267,0.13802824043040102,12.818221999999999,0.949532085657684
95,repaired,-25.767369866554233,58,2.980821480656795,43,9.214916911264082,3.091401806871596,4.53704830553591,2,5.53311029354081,False,2.6595516533585406,1,2.6595516533585406,False,0.5855842346881766,1,0.5855842346881766,False,4.179855,-0.33333333333333326,0.7568570339682507,-1.7214709991797423,0.4127093145791715,0.28548115102547783,12.539565,1.2143103652806209
95,repaired,-23.767369866554233,58,2.474051752571742,39,9.158187697287033,3.7016960893268402,4.650612040993019,1,4.650612040993019,False,3.5515027422248213,1,3.5515027422248213,False,1.9465525121356322,2,2.280533517494637,False,4.179855,-0.2727272727272728,0.371404673308975,-0.3670920703021492,0.390325390925337,0.29548386820806594,8.081053,1.1281758360686616
95,repaired,-21.767369866554233,58,2.755126316114393,49,12.858753964193111,4.6672103159059715,6.028795607803927,1,6.028795607803927,False,4.589929970551081,1,4.589929970551081,False,1.625865990865563,2,2.5165417506416317,False,5.5731399999999995,-0.06666666666666665,0.5321046299786224,-0.478410210797679,0.3602049320941464,0.0,,0.8321924021927342
95,repaired,-19.767369866554233,58,2.2632180094787824,50,12.16609219844963,5.375572369738907,7.068470759701517,2,7.0699570565209235,False,5.490855871683575,1,5.490855871683575,False,1.3691625545585686,1,1.3691625545585686,False,6.409110999999999,-0.4736842105263159,0.19423410748981132,-0.6816040292785779,0.2891597897292291,0.0,,0.49910854142296535
95,repaired,-17.767369866554233,58,2.8579440829863163,47,11.591409040252909,4.055855784323408,6.002152608469018,1,6.002152608469018,False,3.667004235083467,1,3.667004235083467,False,1.7435337064331105,1,1.7435337064331105,False,5.294483,0.3333333333333333,1.1536478345770018,-0.608792564296594,0.27564372886950145,0.09664420517777228,11.424937,1.0481712292049399
95,repaired,-15.767369866554233,58,2.815058591112204,53,14.053149201559613,4.992133821274157,6.3591463293025825,2,6.693239047809856,False,4.125106335016652,2,4.167229424837014,False,2.2725426674596516,2,2.907877013068254,False,5.851797,-0.14285714285714288,0.5373352404655142,-0.41690908834370544,0.15848565631642017,0.6319332516063246,10.031652,0.8739951461531527
95,repaired,-13.767369866554233,58,2.864540729296482,53,14.337523587549883,5.005173583644982,6.305676166843178,2,6.434258998498993,False,4.133756861360661,1,4.133756861360661,False,2.4131614490286326,1,2.4131614490286326,False,6.130453999999999,-0.14285714285714282,0.624507210193666,-0.7271173759112176,0.16562210310232334,0.0,,0.9919696136802938
95,repaired,-11.767369866554233,59,2.9742546414780557,55,15.91144015912865,5.349723570145111,7.789030721716918,4,9.128756898645484,False,4.113427294627104,1,4.113427294627104,False,2.149545340030384,1,2.149545340030384,False,6.687767999999999,0.0769230769230769,0.7606901271678123,-0.6785035938548581,0.06476460910425769,0.0,,0.9675913532419851
95,repaired,-9.767369866554233,59,3.160649806245736,56,15.88803592433604,5.026825778971087,6.269675203242176,2,6.505255717476896,False,4.357920089534271,1,4.357920089534271,False,2.185142640328667,1,2.185142640328667,False,5.8517969999999995,-0.06666666666666665,0.6991312217806984,-0.8140600062179525,0.15373905445229846,0.0,,1.0127241429067944
95,repaired,-7.767369866554233,59,3.202263801594646,57,17.873964001086115,5.5816650683761075,6.5134521994825265,1,6.5134521994825265,False,5.23609176207984,1,5.23609176207984,False,3.0312875662396395,1,3.0312875662396395,False,6.409111,0.0,0.47536381331130095,-0.6579664108744004,0.009086623320658703,0.011629382605794353,11.982251,0.7836356475422149
95,repaired,-5.767369866554233,59,3.404244279731409,57,18.84368321632972,5.535349894989459,7.4424096434910885,3,7.79024282656715,False,4.76882199899735,1,4.76882199899735,False,2.9406760138428973,1,2.9406760138428973,False,7.245081999999999,0.2500000000000001,0.8915989111128602,-0.48947505206189423,0.0933162936244544,0.0,,0.7672151087567388
95,repaired,-3.7673698665542332,59,3.3630169473680303,53,17.177175672289035,5.107668483720329,6.378503198692942,2,6.689758050488798,False,4.588340196373061,1,4.588340196373061,False,2.808809818818168,1,2.808809818818168,False,6.130453999999999,-0.33333333333333326,0.4771372906054561,-1.0965516281946135,0.020583138066739642,0.10182337652687558,11.424937,0.8847930338175916
95,repaired,-1.7673698665542332,59,2.9862059179461067,56,13.967274680217141,4.677264416455159,5.830592186830507,1,5.830592186830507,False,3.711888077363006,1,3.711888077363006,False,2.1223759726612625,1,2.1223759726612625,False,5.5731399999999995,0.0769230769230769,0.9180886791016908,-0.698871724407496,0.02406664132171652,0.0,,1.1459366064042416
95,repaired,0.23263013344576677,59,2.829176347620783,59,14.685463651313576,5.190720494911329,6.560614431040548,1,6.560614431040548,False,4.499930759148159,1,4.499930759148159,False,2.725338685831013,1,2.725338685831013,False,6.130453999999999,-0.06666666666666665,0.6140361738808682,-0.5898913990548804,0.0,0.0,,0.9806808446809474
95,repaired,2.2326301334457668,59,2.6449521931219313,58,15.60723058126929,5.900760936948172,7.861438905297218,3,9.176059885810428,False,4.443097489687989,1,4.443097489687989,False,2.462358431482546,1,2.462358431482546,False,7.523738999999999,0.19999999999999996,0.8083265211283295,-0.37730727762511435,0.011027059088584108,0.0,,0.7936743193363971
95,repaired,4.232630133445767,59,1.5864906617808658,54,8.215137420960646,5.178182020774707,7.491609166818283,3,8.16235058259961,False,3.8328131456358676,2,4.745898122020223,False,1.0557200861318126,1,1.0557200861318126,False,5.015826,0.2307692307692307,0.5262793140739441,-0.3313130534704618,0.03878678000847953,0.002749712088638917,9.474338,0.7812272162860349
95,repaired,6.232630133445767,59,2.50183840801249,59,11.678856689697334,4.668109919607178,5.422147192407321,3,5.524801620307157,False,3.1368557598774864,2,3.8533972171845705,False,1.722103991976149,1,1.722103991976149,False,5.015826,-0.19999999999999996,0.7503300031886393,-0.8373784308396437,0.0,0.0,,1.2446634880908607
95,repaired,8.232630133445767,59,1.9273134022854908,36,5.433544390751663,2.8192324010761998,2.995853379476691,2,3.642759792077529,False,2.0052010875748616,1,2.0052010875748616,False,1.1971272669929416,1,1.1971272669929416,False,2.229256,0.0,1.0039744205786478,-0.7328227421777714,0.4178292854931519,0.7669664893265357,7.245082,1.3488409667785537
95,repaired,10.232630133445767,59,2.8326055549034823,36,5.926817120196115,2.0923552557242884,2.938013833692831,1,2.938013833692831,False,1.3626679170287344,2,1.4224369976464577,False,0.535124126340332,1,0.535124126340332,False,2.507913,-0.33333333333333315,1.8409961670386439,-0.7336232063655678,0.23291386225939253,0.6641673211787771,10.588966,1.76916343139614
95,repaired,12.232630133445767,59,2.915256230573528,55,12.278054886715204,4.211655482612484,6.052415713476794,4,6.507696000911728,False,1.8274416667233293,2,2.498189992184769,False,1.3279997367220133,1,1.3279997367220133,False,5.294483,-0.20000000000000012,0.4219317341390175,-1.7642857206322489,0.10036857188532985,0.0,,1.3843629998258868
95,repaired,14.232630133445767,60,2.653779717537728,57,11.364141548675427,4.282247495364643,5.169890935643224,2,5.781271433417145,False,3.4898452128262396,1,3.4898452128262396,False,0.7649261183377146,2,1.523324854772706,False,4.737169,0.09090909090909088,0.7362337998575688,-0.6076304387818633,0.0,0.15628315652813263,,1.3067564978227406
95,repaired,16.232630133445767,60,2.34719188596001,50,10.893404277677213,4.641036952640015,5.9259750880627315,1,5.9259750880627315,False,4.655497977090509,1,4.655497977090509,False,2.5258891392099754,1,2.5258891392099754,False,5.5731399999999995,0.24999999999999994,0.7038984432724394,-0.34691519907729074,0.13453744043249996,0.01435220245902417,15.883448999999999,0.9294622060347453
95,repaired,18.232630133445767,60,2.5377174916647363,42,10.715401921550397,4.222456580271715,5.530959899129227,1,5.530959899129227,False,4.32793637596202,1,4.32793637596202,False,2.4341049100797676,1,2.4341049100797676,False,5.294483,-0.19999999999999996,0.421110668779992,-0.7397534099796587,0.10729227535382968,0.23769967557690022,12.818221999999999,1.019444836539852
95,repaired,20.232630133445767,60,2.413207802107035,29,9.608423238001931,3.9815979500864227,5.896912298379053,1,5.896912298379053,False,3.8841161068295413,1,3.8841161068295413,False,2.0112581271515646,1,2.0112581271515646,False,5.294483,0.0769230769230769,0.6918817061492587,-0.564713464804448,0.7606719321427231,0.20790202236243813,10.310309,0.8663873085366676
95,repaired,22.232630133445767,60,2.3074137668148156,44,10.143424094258332,4.396014377716247,6.127533317941536,1,6.127533317941536,False,4.247304554434489,1,4.247304554434489,False,2.1299359754059513,1,2.1299359754059513,False,5.5731399999999995,0.19999999999999996,0.6690821078895095,-0.4339672983615798,0.30300423133199794,0.2159377064446943,9.752995,0.8806011582960364
95,repaired,24.232630133445767,60,2.7293981600578467,55,11.467910119896228,4.201625943667075,5.847252615878764,1,5.847252615878764,False,3.375881394280773,1,3.375881394280773,False,1.4538713475982254,1,1.4538713475982254,False,5.294483,0.0909090909090909,0.9004296062589633,-0.73475546247582,0.0,0.1256615780314447,,1.187000050513048
95,repaired,26.232630133445767,60,2.8122174337182066,39,13.005642822164766,4.624693192719882,6.102388083929701,1,6.102388083929701,False,4.669291148465824,1,4.669291148465824,False,2.6838594541285445,1,2.6838594541285445,False,5.5731399999999995,0.12499999999999997,0.6859671248377535,-0.4970479516363607,0.21874462621922747,0.7191616448683944,10.588966,0.8552430853372328
95,repaired,28.232630133445767,60,2.6924803568105347,44,11.27132506999382,4.186223695739654,5.546680530173814,1,5.546680530173814,False,4.096596833797894,1,4.096596833797894,False,1.7547062702195875,1,1.7547062702195875,False,5.015826,-0.14285714285714282,0.5486584912361451,-0.8143870232817557,0.02531681088160142,1.02041868506468,12.539565,0.8868854891327389
95,repaired,30.232630133445767,60,2.6470509869382877,46,12.353243823916811,4.666794816145644,5.606795058358512,1,5.606795058358512,False,4.266472374492704,1,4.266472374492704,False,2.665014385433489,1,2.665014385433489,False,5.294483,-0.28571428571428564,0.4513073574443416,-0.6704190646402881,0.0032246160984453036,0.2999078579267928,11.14628,0.9807069216718505
95,repaired,32.23263013344577,60,2.440650546285211,48,12.980390013994732,5.318413991610359,6.310878748146705,1,6.310878748146705,False,4.91227910656373,1,4.91227910656373,False,3.5029222111646394,1,3.5029222111646394,False,5.8517969999999995,-0.2941176470588235,0.31020048868302674,-0.6115765268279042,0.18320311399187386,0.11792365675963001,10.031652,0.8335048123540241
95,repaired,34.23263013344577,60,3.1856637849547895,49,15.494488844613306,4.863817995417618,7.485174534663585,1,7.485174534663585,False,4.759372498858962,1,4.759372498858962,False,2.4048729989493407,1,2.4048729989493407,False,6.130453999999999,-0.2941176470588236,0.5299515332491258,-0.9742756608630184,0.16650646300563587,0.05872519667231682,13.654193,0.8412235709457363
95,repaired,36.23263013344577,60,2.8223151434062967,41,12.7037658844685,4.501186167727579,5.536143970251903,1,5.536143970251903,False,4.485670098811258,1,4.485670098811258,False,3.1703324536123807,1,3.1703324536123807,False,5.294483,-0.06666666666666665,0.46815567933963875,-0.6212283717511355,0.23627478407479205,0.15630654602830762,9.195681,0.9831164643256517
95,repaired,38.23263013344577,60,2.568040378501168,40,9.765604112386313,3.802745546425555,5.51172209416854,1,5.51172209416854,False,3.828931069926875,1,3.828931069926875,False,1.595493961687374,1,1.595493961687374,False,4.737169,0.0769230769230769,0.8394663654768699,-0.5635864911441505,0.2978301620874653,0.22037301387181596,14.490164,1.141473711537864
95,repaired,40.23263013344577,61,2.897885952869334,52,11.542806964242699,3.983181930542718,5.736213181834885,1,5.736213181834885,False,3.7117552035326504,1,3.7117552035326504,False,1.8882989487507127,1,1.8882989487507127,False,5.294483,0.23076923076923078,1.0474438644464439,-0.6931405859373899,0.09847867193433497,0.22107945263953935,14.768820999999999,1.2235449670835272
95,repaired,42.23263013344577,61,2.7823390986527046,35,12.721758893836526,4.572325098690091,5.718933338604664,1,5.718933338604664,False,4.616459916869848,1,4.616459916869848,False,2.861828788939541,1,2.861828788939541,False,5.5731399999999995,-0.12499999999999997,0.4976110369725394,-0.6024839851459437,0.1720791948413106,0.3284960082605698,13.096879,0.9220605196492953
95,repaired,44.23263013344577,61,3.0167876147237553,40,11.665961838260689,3.8670146288468277,5.5664765077936895,1,5.5664765077936895,False,4.192734291387398,1,4.192734291387398,False,1.1856185672366197,1,1.1856185672366197,False,5.294483,-0.14285714285714282,0.5635458733282355,-0.7159393173268894,0.2992547649996485,0.2239287391680197,15.326135,0.9777428913432545
95,repaired,46.23263013344577,61,2.847285095360759,42,12.321931932800117,4.3276073593322035,5.434183964450648,1,5.434183964450648,False,4.0602914291438745,1,4.0602914291438745,False,2.5226082684865907,1,2.5226082684865907,False,5.015826,0.14285714285714282,0.7236047768913454,-0.537534741728309,0.1216166940395801,0.2392859941438077,12.260908,1.0841406703663052
95,repaired,48.23263013344577,61,2.7149176414160197,54,13.74914185042397,5.064294268334722,6.0383039297380705,1,6.0383039297380705,False,4.647076652173726,1,4.647076652173726,False,2.522244011949295,1,2.522244011949295,False,5.8517969999999995,0.12499999999999997,0.6495064058014678,-0.42831983401270324,0.0726258961435678,0.10556681983879479,14.211507,0.9577837174911814
95,repaired,50.23263013344577,61,2.235235648386287,51,10.075225475115538,4.507455615424385,6.05002087630828,1,6.05002087630828,False,4.21490584331386,1,4.21490584331386,False,2.335372755530408,1,2.335372755530408,False,5.015826,0.14285714285714282,0.556891125055877,-0.4562341904787404,0.2119064519028428,0.23078380033770202,13.654193,0.9978558083481693
95,repaired,52.23263013344577,61,2.3163666595908703,49,10.738909233284613,4.636100761000152,6.095861920760436,1,6.095861920760436,False,4.422786066768591,1,4.422786066768591,False,1.9641291384582211,1,1.9641291384582211,False,5.294483,-0.6000000000000001,0.21221333832304068,-1.1894783528416932,0.11010606835211076,0.12505728691563972,13.375536,0.8948556925056605
95,repaired,54.23263013344577,61,2.452796450482428,43,11.289505344994826,4.602707796146048,6.675885570325292,1,6.675885570325292,False,4.116486100885789,1,4.116486100885789,False,2.396179563814104,1,2.396179563814104,False,6.409111,0.14285714285714282,0.7479523277940554,-0.47768494989850707,0.12223400055078248,0.2521357760058641,12.539565,0.9327520739968583
95,repaired,56.23263013344577,61,2.7390043489606315,45,12.200952437911168,4.454521016931228,6.707380887202646,1,6.707380887202646,False,4.515374843776612,1,4.515374843776612,False,2.0633221983703907,1,2.0633221983703907,False,6.130453999999999,-0.19999999999999996,0.5828121840608309,-0.780447027418865,0.2247903314325701,0.31415268187315654,13.096879,0.8764296798317934
95,repaired,58.23263013344577,61,2.3954915761203015,31,11.29557664704091,4.715348097919442,6.347931335351072,1,6.347931335351072,False,5.002717817663518,1,5.002717817663518,False,2.943627037299461,1,2.943627037299461,False,5.8517969999999995,0.2941176470588235,0.635457899774914,-0.381106648065896,0.305456714268784,0.4074010032526986,10.588966,0.8124474082604789
95,repaired,60.23263013344577,61,3.016754682301931,32,11.971433413851887,3.9683151845535876,5.470611960038788,1,5.470611960038788,False,4.358998449506368,1,4.358998449506368,False,2.231112561766097,1,2.231112561766097,False,5.294483,-0.28571428571428564,0.49136974718393356,-0.9809544224643963,0.2783625051782613,0.29123103021553287,12.539565,1.036435129479418
95,repaired,62.23263013344577,61,3.3636792646095146,44,13.187874245077362,3.9206693645948216,5.1590211583292405,1,5.1590211583292405,False,3.605124488890332,1,3.605124488890332,False,2.3813564958842157,1,2.3813564958842157,False,5.015826,-6.640320206234167e-17,0.72862586870665,-0.6729759278537736,0.33184938436506467,0.043679099716738334,8.35971,1.1447620596074406
95,repaired,64.23263013344577,61,3.015113488894727,36,12.112682766980415,4.017322336818789,5.708923715218916,1,5.708923715218916,False,4.09263266050492,1,4.09263266050492,False,2.270042921259277,1,2.270042921259277,False,5.5731399999999995,-0.14285714285714282,0.5168643352278102,-0.7248681744013061,0.3204783583822238,0.29099127039738065,6.966425,1.0256184116187064
95,repaired,66.23263013344577,62,3.2178589071302164,25,12.283378666437416,3.8172520986608776,5.213534683367488,1,5.213534683367488,False,3.9156738226288628,1,3.9156738226288628,False,2.4933546846668593,1,2.4933546846668593,False,5.015826,0.0769230769230769,0.7570124737171873,-0.7320176973986271,0.4900084123625316,1.0917050220920466,14.490164,1.028212885482264
95,repaired,68.23263013344577,62,2.8031554619219334,35,11.944392641932469,4.261052518914884,5.645480957676121,1,5.645480957676121,False,4.460353550322772,1,4.460353550322772,False,2.593798819233772,1,2.593798819233772,False,5.5731399999999995,-0.06666666666666665,0.4227650952468948,-0.6528305618092354,0.23762257952093843,0.9790576421748249,12.818221999999999,0.8878459179610889
95,repaired,70.23263013344577,62,2.758168121090666,40,13.154514076101611,4.769293784346948,7.099274926498616,1,7.099274926498616,False,4.666105735699856,2,4.985094315933656,False,1.7282271432319094,2,2.3465191389487727,False,6.409111,-0.33333333333333326,0.3980774819610105,-0.740678770068441,0.25058708938410784,0.5165028974777367,14.490164,0.7152355168853682
101,raw,-76.9283283926873,55,5.439656087890081,48,32.71989730855028,6.015067272615314,8.628281273007442,2,8.980437644440762,False,5.857039775969078,1,5.857039775969078,False,3.0501954948602434,1,3.0501954948602434,False,9.474338,-0.09999999999999998,0.8861295401242901,-1.0727110791353056,0.06334769075751115,0.0,,0.3392217639094489
101,raw,-74.9283283926873,55,13.307446026896898,53,54.9770039415104,4.131296405816062,7.28291632537913,1,7.28291632537913,False,3.326411829433779,1,3.326411829433779,False,1.0329806609597076,1,1.0329806609597076,False,9.195680999999999,0.09090909090909088,4.752060738115763,-3.9705979781843825,0.012906984540965526,0.0,,0.9149947025452416
101,raw,-72.9283283926873,55,8.773088296555663,38,56.338793287400605,6.4217743379511365,8.31774227304333,1,8.31774227304333,False,6.398667025191627,1,6.398667025191627,False,4.808573321794915,1,4.808573321794915,False,9.195680999999999,0.4545454545454546,2.4964908993021915,-0.5775830019780054,0.3774689440823134,0.22624388611902402,11.982251,0.26150852696020627
101,raw,-70.9283283926873,55,10.010047982842613,38,56.47154288500169,5.64148573331465,7.6254482290866115,1,7.6254482290866115,False,6.003454194726922,1,6.003454194726922,False,4.393193614658945,1,4.393193614658945,False,8.638366999999999,-0.5238095238095238,0.6472965512364168,-3.520675710045177,0.23329310036093143,0.3204042441737443,13.375536,0.35926208293764256
101,raw,-68.9283283926873,55,8.787306837431002,44,53.35146583553633,6.0714240236015025,7.823860140669978,1,7.823860140669978,False,6.2526724593576715,1,6.2526724593576715,False,4.414098667257123,1,4.414098667257123,False,8.638366999999999,0.5238095238095238,2.6456548064339884,-0.6790815122808311,0.22878271001487935,0.10698813422169397,12.818221999999999,0.33550178148269355
101,raw,-66.9283283926873,56,11.033185036735993,47,61.66251198494779,5.5888224279423255,8.051718996000304,1,8.051718996000304,False,6.095708253031329,1,6.095708253031329,False,2.5286978482215248,1,2.5286978482215248,False,8.917023999999998,-0.42857142857142866,1.189213244675977,-3.1115981306671623,0.3233425509201972,0.03966629927410346,13.932849999999998,0.39508676404793724
101,raw,-64.9283283926873,56,11.303085677995034,55,66.4327319272566,5.877397891142994,8.163059253724152,1,8.163059253724152,False,5.786979375707578,1,5.786979375707578,False,3.1670082324972477,1,3.1670082324972477,False,9.752994999999999,-0.29999999999999993,1.3822716555505017,-3.0471228639785477,0.0,0.03222341718670585,,0.4782033840762481
101,raw,-62.928328392687305,56,10.438102058964894,51,63.00006276845153,6.0355860109973865,7.952688867104331,1,7.952688867104331,False,6.221743752292986,1,6.221743752292986,False,3.9294622199940514,1,3.9294622199940514,False,8.638366999999999,0.23809523809523805,1.7951502842803801,-1.2925622487615593,0.07444298195016871,0.05247782627952311,13.654193,0.38731989119077453
101,raw,-60.928328392687305,56,11.430964537381108,50,63.14157927691527,5.52373153380295,7.921181189622429,1,7.921181189622429,False,5.5105821146118315,1,5.5105821146118315,False,2.9543410760571405,1,2.9543410760571405,False,9.474338,0.15789473684210523,2.6708308579492477,-1.700356409835108,0.08088588246194879,0.055425242414495174,14.211507,0.5352683826373108
101,raw,-58.928328392687305,56,12.005546730932494,51,66.97657330150686,5.578802432124194,8.224435401177379,1,8.224435401177379,False,5.602667754932716,1,5.602667754932716,False,2.915651239274278,1,2.915651239274278,False,9.474338,0.19999999999999996,2.776293606900944,-1.8029695197755324,0.2357034457315434,0.24502197090127717,12.260908,0.4832111142077646
101,raw,-56.928328392687305,56,12.309115987993025,46,73.35849761995492,5.959688550462336,8.243310028495156,1,8.243310028495156,False,6.0207051924838115,1,6.0207051924838115,False,3.878359354977996,1,3.878359354977996,False,9.752994999999999,0.14285714285714285,2.552301999312543,-1.4968458239966986,0.2222291725288651,0.0,,0.3845304760752565
101,raw,-54.928328392687305,56,11.18921389372517,55,62.540690077600836,5.589373004360315,7.804944511223589,1,7.804944511223589,False,5.508403319018768,1,5.508403319018768,False,3.1280606728799634,1,3.1280606728799634,False,9.195680999999999,0.22222222222222218,2.6222204971885077,-1.538522333521059,0.13281569269849092,0.0,,0.5464707095551243
101,raw,-52.928328392687305,56,13.556369283053922,43,58.892563043026634,4.344272556564611,7.152193402280326,1,7.152193402280326,False,3.9540472498578767,1,3.9540472498578767,False,1.2502236605722423,1,1.2502236605722423,False,9.752994999999999,0.2307692307692307,4.349061774412324,-3.040137692785095,0.25167152469803555,0.0,,0.8278211674272303
101,raw,-50.928328392687305,56,9.800191252805874,56,53.6896151250108,5.4784252408991545,7.97668524079326,1,7.97668524079326,False,5.2124001712260615,1,5.2124001712260615,False,2.7606786365068343,1,2.7606786365068343,False,9.195680999999999,0.17647058823529407,2.3384831310468863,-1.5862291828797719,0.0,0.0,,0.6011977256946386
101,raw,-48.928328392687305,56,10.158638427394981,50,53.70621804181678,5.286753576836269,7.68871668199027,1,7.68871668199027,False,5.292832405131838,1,5.292832405131838,False,2.6402474764968162,1,2.6402474764968162,False,8.917023999999998,0.22222222222222218,2.1815666504761673,-1.7292060108682115,0.04447059271637005,0.06540730760815215,11.703593999999999,0.5862981336581587
101,raw,-46.928328392687305,56,10.838546657313548,41,59.00221802041344,5.44373889654296,7.710067282821951,1,7.710067282821951,False,5.614200314533129,1,5.614200314533129,False,3.193306068286418,1,3.193306068286418,False,8.638366999999999,0.2631578947368422,2.489535570161667,-1.4628757263349208,0.2720693827618437,0.15354801104409124,12.818221999999999,0.4975656399281564
101,raw,-44.928328392687305,56,13.844853658345597,46,66.84121978562194,4.82787477824516,6.981438173969348,1,6.981438173969348,False,5.072921981372348,1,5.072921981372348,False,2.1296258985085426,1,2.1296258985085426,False,8.359709999999998,-0.3333333333333334,1.7895287641050106,-4.499703246364079,0.2956505531158287,0.07522923185131127,12.818221999999999,0.6650016911605686
101,raw,-42.928328392687305,56,12.334172125917608,51,69.26784648503676,5.6159299365934165,7.810573484962475,1,7.810573484962475,False,5.707950474749763,1,5.707950474749763,False,3.553359771753016,1,3.553359771753016,False,8.917023999999998,0.6000000000000001,5.153521382978527,-1.2186787748325503,0.03901212929323587,0.0,,0.4785960105718267
101,raw,-40.928328392687305,56,12.492941243893346,46,64.59282473221779,5.17034567530615,7.5002915962320795,1,7.5002915962320795,False,5.268587695243955,1,5.268587695243955,False,2.558884569844772,1,2.558884569844772,False,8.638366999999999,-0.44444444444444453,1.7130659889326254,-4.1650603787835,0.22021676402452695,0.10648153801669898,12.260908,0.5956567520913559
101,raw,-38.928328392687305,56,10.434225857122122,52,60.97611024467309,5.843855699467386,7.812685832528334,1,7.812685832528334,False,5.912375581663605,1,5.912375581663605,False,3.7376147129804416,1,3.7376147129804416,False,8.638366999999999,0.4000000000000001,2.772693228744371,-1.1953203286282703,0.17702060576071074,0.23670169492067644,11.14628,0.4625098151457238
101,raw,-36.928328392687305,56,12.925690302998653,53,69.09183239683378,5.345310832706942,7.750004372527174,1,7.750004372527174,False,5.234329442793113,1,5.234329442793113,False,2.7932009821725376,1,2.7932009821725376,False,9.474338,0.0,2.4694631288411624,-2.642122350955405,0.1838189693185249,0.0,,0.5992368620254357
101,raw,-34.928328392687305,57,12.151735276057522,52,69.84887398826275,5.748057573792402,8.06497639055986,1,8.06497639055986,False,5.764356505026649,1,5.764356505026649,False,3.320368532430574,1,3.320368532430574,False,9.474338,0.0,2.268066864350132,-2.0743613498875315,0.03870895294009029,0.18368168732916296,14.768820999999999,0.5056696785537356
101,raw,-32.928328392687305,57,12.296972224356606,56,73.116531335076,5.945897087598046,7.9361311732958395,1,7.9361311732958395,False,6.0273431378485895,1,6.0273431378485895,False,3.933619607990947,1,3.933619607990947,False,8.917023999999998,-0.6190476190476191,1.0249076999016715,-5.45417921081282,0.049661551951801615,0.0,,0.4554849760994831
101,raw,-30.928328392687305,57,11.436170056289123,49,70.89026409788373,6.198776666397931,8.410348120864011,1,8.410348120864011,False,6.115033051803199,1,6.115033051803199,False,3.7338910121606874,1,3.7338910121606874,False,10.031652,0.33333333333333337,2.7201893862369326,-1.3818582756195756,0.5580983414434543,0.0,,0.41541386006815423
101,raw,-28.928328392687305,57,13.745284503942523,41,66.22156559446172,4.817766091015982,7.719541756563429,1,7.719541756563429,False,4.96105625110384,1,4.96105625110384,False,1.5863779838237988,1,1.5863779838237988,False,9.195680999999999,-0.0588235294117647,2.574216646882738,-2.722832773316546,1.6304930567616478,0.0,,0.4788715794353399
101,raw,-26.928328392687305,57,10.21908246669388,47,62.04699050202724,6.071679204493291,8.042655322872033,1,8.042655322872033,False,6.123902385218297,1,6.123902385218297,False,4.141206937560734,1,4.141206937560734,False,9.195680999999999,0.23809523809523805,1.7936153914043431,-1.2425468121377996,0.3988423144403073,0.0,,0.41934337181691234
101,raw,-24.928328392687305,57,10.786200781479348,57,57.152849313438416,5.298700670543219,7.439033657910533,1,7.439033657910533,False,5.453504764820677,1,5.453504764820677,False,2.8530719060370027,1,2.8530719060370027,False,8.359709999999998,0.5555555555555556,4.051163684035775,-1.1396192340496079,0.0,0.0,,0.5905081388504003
101,raw,-22.928328392687305,57,7.415770722995733,54,39.67258213029638,5.349758455621445,7.7102363946418375,1,7.7102363946418375,False,5.166210507823758,1,5.166210507823758,False,2.7300266282197727,1,2.7300266282197727,False,8.917024,-0.44444444444444453,0.9096390469905152,-2.661447523412914,0.03930535255681843,0.15286657365621767,14.211507,0.6302148548828209
101,raw,-20.928328392687305,57,3.7990951136312354,46,22.662334824475657,5.965192801612866,8.088170724268224,1,8.088170724268224,False,6.144483009231997,1,6.144483009231997,False,3.647334657799963,1,3.647334657799963,False,8.081052999999999,-0.2727272727272728,0.4389553441176683,-0.83074662785141,0.256531079889194,0.9969967184994002,14.211507,0.3111317202635972
101,raw,-18.928328392687305,57,4.8202676120271,49,28.619193753208418,5.937262421239926,7.350705421649864,1,7.350705421649864,False,5.668810333246341,1,5.668810333246341,False,4.0302454918635275,1,4.0302454918635275,False,7.523739,-0.09999999999999998,0.7470037050037969,-0.8095378119495029,0.036103685063687524,0.5065349960526268,13.096879000000001,0.54509545594687
101,raw,-16.928328392687305,57,8.845509795859442,54,55.42159282958651,6.265505788657789,7.594580721950146,1,7.594580721950146,False,6.13968432511941,1,6.13968432511941,False,4.722192810770817,1,4.722192810770817,False,8.359709999999998,0.33333333333333337,1.8756197253598024,-0.7020692660250233,0.19948487189782602,0.0,,0.45048623055661163
101,raw,-14.928328392687305,57,11.433563889090768,55,66.72428201109997,5.8358253523001995,7.5819537917600215,1,7.5819537917600215,False,6.065404129237834,1,6.065404129237834,False,3.731454240499443,1,3.731454240499443,False,8.359709999999998,0.23809523809523805,2.1237387815143745,-1.3391071940449386,0.054223298648755296,0.0,,0.46746662997892674
101,raw,-12.928328392687305,57,12.090611014725866,45,58.472930982988316,4.8362263008685575,7.0640720089702835,1,7.0640720089702835,False,4.876226370261506,1,4.876226370261506,False,2.4085460654605786,1,2.4085460654605786,False,8.359709999999998,0.2941176470588236,3.5487514464258707,-1.9989420161218683,0.20031124729022215,0.10070054669194416,10.588966,0.7281448490979741
101,raw,-10.928328392687305,57,8.81178671885852,42,48.00662256125955,5.448000966537048,7.623489681553125,1,7.623489681553125,False,5.606326314502678,1,5.606326314502678,False,3.189379942035087,1,3.189379942035087,False,8.638366999999999,0.36842105263157904,2.244989058417152,-1.1122864790765048,0.24471195841790885,0.130841194948583,11.703593999999999,0.5301435653676219
101,raw,-8.928328392687305,57,11.219114509519073,53,48.631335386158476,4.334685713823162,6.728102000962998,1,6.728102000962998,False,4.4808543367566065,1,4.4808543367566065,False,1.2505330305786468,1,1.2505330305786468,False,7.802396,-0.6000000000000001,1.4219041380545119,-5.826290465452217,0.1064909602923701,0.0,,0.8164402638312546
101,raw,-6.928328392687305,57,10.980284653352513,57,52.212050393676215,4.755072572525228,6.591189676575848,1,6.591189676575848,False,4.699104661077209,1,4.699104661077209,False,2.543500624375537,1,2.543500624375537,False,7.523739,0.0,2.3790986641020386,-2.27969393792804,0.0,0.0,,0.8210135984329079
101,raw,-4.928328392687305,57,13.118939803814703,57,59.62658052215437,4.545076158121883,6.637664469400113,1,6.637664469400113,False,4.440064819626472,1,4.440064819626472,False,2.240568486797871,1,2.240568486797871,False,8.081052999999999,0.06666666666666665,3.2596469356299327,-2.791938503199501,0.0,0.0,,0.8649950227769114
101,raw,-2.9283283926873054,57,12.839719181084924,54,61.08161344367529,4.757239047226113,7.134798796698224,1,7.134798796698224,False,4.48058082508164,1,4.48058082508164,False,2.0195828855908804,1,2.0195828855908804,False,8.359709999999998,0.19999999999999996,3.6307740820152374,-2.3026710483294752,0.1121309825065195,0.001699024532944567,13.096879,0.7884332265052866
101,raw,-0.9283283926873054,58,11.245640943047103,51,62.58764753760694,5.565502922828361,7.807488417673128,1,7.807488417673128,False,5.999291442174513,1,5.999291442174513,False,2.7705425748964236,1,2.7705425748964236,False,8.917023999999998,0.04761904761904761,1.983764323158878,-1.953417396363918,0.28147547063033185,0.2416939273433903,11.703593999999999,0.5374545235200681
101,raw,1.0716716073126946,58,9.36308308064808,48,55.33827004215256,5.910261562938331,8.049876770104483,1,8.049876770104483,False,6.002476899121547,1,6.002476899121547,False,4.059670629569861,1,4.059670629569861,False,8.917023999999998,-0.19999999999999996,0.9718531633581988,-1.8688128150817924,0.22074039477712473,0.20920001663042628,14.490164,0.4747446877113679
101,raw,3.0716716073126946,58,7.65459531165498,40,36.64060798962972,4.786746587875166,6.621132669524943,1,6.621132669524943,False,4.983386037053445,1,4.983386037053445,False,2.7452947979766806,1,2.7452947979766806,False,7.245082,0.2941176470588236,1.8449658054729905,-1.2259872882229903,0.12064598316348668,0.6209963237137732,13.654193,0.7505549689000859
101,raw,5.071671607312695,58,10.544258455453257,55,41.36742468394542,3.923218010893038,5.914416193316406,1,5.914416193316406,False,3.470234640713862,1,3.470234640713862,False,1.600891319828753,1,1.600891319828753,False,7.245082,0.16666666666666669,3.7256009718394725,-2.7191853472313596,0.0,0.1619455544796759,,1.1472106193513678
101,raw,7.071671607312695,58,11.47458917667505,45,49.81291098537509,4.341149841480355,6.838314323680569,1,6.838314323680569,False,3.7880355340975562,1,3.7880355340975562,False,1.857636635302725,1,1.857636635302725,False,8.917023999999998,0.1666666666666667,3.2034792220751678,-2.7501136003716344,0.13891812124349676,0.17380164566078787,11.982251,0.9971861102609316
101,raw,9.071671607312695,58,8.569695719774668,53,51.70309607870277,6.033247593540259,8.284048403606981,1,8.284048403606981,False,6.242880156218324,1,6.242880156218324,False,3.4350179742543165,1,3.4350179742543165,False,9.195680999999999,0.23809523809523805,1.688975427901111,-1.072658900766307,0.08455136977907023,0.08058509924723221,13.93285,0.4282369909713057
101,raw,11.071671607312695,58,12.791210243727559,56,77.08588868163802,6.0264734308029,8.357967488588585,1,8.357967488588585,False,6.34022717343297,1,6.34022717343297,False,2.6954013997417454,2,3.4193475436977336,False,9.752994999999999,0.5238095238095238,4.212886665842682,-0.6128861231966031,0.04763980590363484,0.0,,0.347044403071194
101,raw,13.071671607312695,58,10.0207373631319,50,65.36599602135044,6.523072469880683,8.162911268070367,1,8.162911268070367,False,6.704175348433368,1,6.704175348433368,False,4.953278307712646,1,4.953278307712646,False,8.638366999999999,0.21739130434782605,1.734063866288999,-0.963754070815544,0.14991065074165938,0.0,,0.333295250638398
101,raw,15.071671607312695,58,9.790679466226704,36,57.67400210743655,5.8907047571504165,8.04354794697025,1,8.04354794697025,False,6.094439162153073,1,6.094439162153073,False,3.895067251672891,1,3.895067251672891,False,8.917023999999998,0.23809523809523805,1.8630626636288379,-1.2563735696156393,0.2790109776069385,0.23748102402425178,12.818221999999999,0.44708253431915074
101,raw,17.071671607312695,58,13.617002701016801,52,61.62006860416334,4.525229961183902,7.289202304086419,1,7.289202304086419,False,4.604388116296887,1,4.604388116296887,False,1.3192185441574895,1,1.3192185441574895,False,8.638366999999999,0.19999999999999996,3.854437755345491,-2.2351992428070293,0.06184284004965313,0.05180547180899028,13.096879,0.7766920534825509
101,raw,19.071671607312695,58,9.304481876321987,52,50.3331367482977,5.409558255617144,7.385693507658544,1,7.385693507658544,False,5.39725908412273,1,5.39725908412273,False,3.1032551171822833,1,3.1032551171822833,False,8.917023999999998,0.4736842105263159,3.112163187065919,-1.216626103605216,0.03589959893954893,0.4466329932901105,15.047477999999998,0.6398720437046003
101,raw,21.071671607312695,58,9.996611247937178,47,49.45246175145785,4.9469225645503085,6.936801243518915,1,6.936801243518915,False,4.819624928062025,1,4.819624928062025,False,2.359525765463454,1,2.359525765463454,False,9.474338,0.37500000000000006,3.1351377063564643,-1.5559490380238983,0.5348958796065909,0.0,,0.7530058415626032
101,raw,23.071671607312695,58,10.30726161442637,45,64.05499984912092,6.214550696905521,8.203717965033006,1,8.203717965033006,False,6.097036609044168,1,6.097036609044168,False,4.232357774363733,1,4.232357774363733,False,9.474338,0.0,1.193783627390641,-1.394858731608037,0.1234381790338595,0.23315084674989325,10.867623,0.4342628522375379
101,raw,25.071671607312695,58,12.073233802156594,45,71.51183408673364,5.92317147655666,7.802660307298384,1,7.802660307298384,False,5.919811330430543,1,5.919811330430543,False,4.31663492983788,1,4.31663492983788,False,8.917023999999998,0.42857142857142866,3.554797869058779,-1.0460342275675438,1.518479689327238,0.01972687455063102,15.047478,0.43359671307970976
101,raw,27.071671607312695,58,13.290116762946163,49,61.711728521041785,4.643430123435686,6.609353024563182,1,6.609353024563182,False,4.78913303150887,1,4.78913303150887,False,2.092450153516747,1,2.092450153516747,False,8.638366999999999,0.12499999999999997,2.9720397718389475,-2.2086847218100534,0.8813207307105875,0.0,,0.7624402299227616
101,raw,29.071671607312695,58,12.495012134809496,53,67.08253730646017,5.3687452707290175,7.864432774069056,1,7.864432774069056,False,5.450432282696551,1,5.450432282696551,False,2.5600971415732903,1,2.5600971415732903,False,9.195680999999999,0.36842105263157904,3.815173316637851,-1.6845083473662583,0.0723227164856268,0.3227948416094667,13.375536,0.604405254008771
101,raw,31.071671607312695,59,9.810279747313878,53,60.492816147089506,6.166268211021491,7.528949968359912,2,7.96753645732719,False,6.141094713509604,1,6.141094713509604,False,4.437537367982241,1,4.437537367982241,False,8.917023999999998,0.42857142857142866,2.020935348173404,-0.9764646689869135,0.26212665670852575,0.4699240462686631,12.260908,0.46846356028530156
101,raw,33.071671607312695,59,8.613131115383094,48,51.30515989161858,5.956621257046385,8.381122374327138,1,8.381122374327138,False,5.953562544539377,1,5.953562544539377,False,3.3458015050600545,1,3.3458015050600545,False,9.474338,0.14285714285714285,1.6718355747838012,-1.219086199003734,0.15758961159126833,0.12903319896826526,14.768820999999999,0.48888062708766655
101,raw,35.071671607312695,59,11.37939219875615,55,56.5157103436114,4.966496395984048,7.913968097862502,1,7.913968097862502,False,5.362599855149259,1,5.362599855149259,False,1.2481628755092757,1,1.2481628755092757,False,9.474338,0.5555555555555556,4.6094653606336005,-1.3034157126707568,0.446694880392153,0.0,,0.6563898785255288
101,raw,37.071671607312695,59,5.118218912778727,44,34.7397542390104,6.78746939726927,8.690669665815111,1,8.690669665815111,False,7.087684329763309,1,7.087684329763309,False,4.852545884730862,1,4.852545884730862,False,8.917023999999998,-0.4166666666666666,0.3532240799492545,-1.1572305173317192,0.3665523824044678,0.1577896567183994,14.211507,0.2280638173691136
101,raw,39.071671607312695,59,4.2445069830364925,40,27.007438363532987,6.362915285914323,8.870329529667544,1,8.870329529667544,False,7.1014614674659775,1,7.1014614674659775,False,2.9392712564418892,3,3.382949018200253,False,8.917023999999998,-0.6,0.314077844519866,-1.5542546509367092,0.42975303382834085,0.7856520813101309,14.768820999999999,0.15903507218678328
101,raw,41.071671607312695,59,4.74699755670696,39,32.05266780816305,6.752198084213531,8.706821139945898,1,8.706821139945898,False,7.174668970439628,1,7.174668970439628,False,4.872528389140381,1,4.872528389140381,False,8.917023999999998,0.33333333333333337,0.8923983326242809,-0.40448070144319165,0.259083253922409,0.4417459711529079,14.490164,0.2198446590187918
101,raw,43.071671607312695,59,9.959004262175426,53,52.9249004039842,5.314276308224351,8.140072807599338,1,8.140072807599338,False,5.392091908571628,1,5.392091908571628,False,2.1403251784714086,1,2.1403251784714086,False,9.474338,0.36842105263157904,3.1581977608674507,-1.3732697149520607,0.07877340594979576,0.20120470629917991,16.162106,0.6102540250817168
101,raw,45.071671607312695,59,11.283562951094126,47,63.847768427629376,5.658475847067286,8.058901579773309,1,8.058901579773309,False,5.732224111001891,1,5.732224111001891,False,2.716549194670937,2,2.7953395611199223,False,9.474338,0.19999999999999996,2.5765931308257057,-1.2884927270700608,0.3451809555012525,0.046109728650106756,14.768820999999999,0.5160518119179847
101,raw,47.071671607312695,59,10.010316433684874,51,52.20399091901313,5.2150190520796995,7.642205191194138,1,7.642205191194138,False,5.282492018902506,1,5.282492018902506,False,2.4635972073370436,1,2.4635972073370436,False,8.638366999999999,0.22222222222222218,2.596188129416556,-1.5844708234186267,0.05725387379504198,0.3157692978078485,13.932849999999998,0.661972145188171
101,raw,49.071671607312695,59,8.2802806778867,46,46.476966115998664,5.612969888825139,7.785148285614697,1,7.785148285614697,False,5.5773090263719505,1,5.5773090263719505,False,3.3754905837866787,1,3.3754905837866787,False,8.638366999999999,-0.05263157894736841,1.4324585313702631,-1.4654268674289348,0.18054533948254703,0.35157846446308766,15.604792,0.5942275131912476
101,raw,51.071671607312695,59,12.676423422598067,49,66.67727748528843,5.259944012790221,7.41932972277257,1,7.41932972277257,False,5.339601614351437,1,5.339601614351437,False,2.802398563927031,1,2.802398563927031,False,8.917023999999998,-0.3333333333333334,1.7902251133986327,-3.5498770614099384,0.15038153728691342,0.07225653897619716,12.260908,0.6717732451816335
101,raw,53.071671607312695,59,13.590903474837505,39,77.41803199827112,5.696312400540887,7.886921546149038,1,7.886921546149038,False,5.956938987102106,1,5.956938987102106,False,3.580326588594181,1,3.580326588594181,False,8.917023999999998,-0.09999999999999998,1.9075850390130014,-2.436390607960089,0.12468993605410932,0.2740991296283068,14.211507000000001,0.5105635540741618
101,raw,55.071671607312695,59,13.448972679310513,50,82.10314137094217,6.104789066695564,8.102543519193834,1,8.102543519193834,False,6.439910166047847,1,6.439910166047847,False,4.491239230665112,1,4.491239230665112,False,8.917023999999998,0.04347826086956521,1.8902823065610532,-1.896056635778924,0.10164535681585489,0.4684247010560635,11.703593999999999,0.4021417536848968
101,raw,57.071671607312695,59,12.133627507890205,38,71.15957896981656,5.864658274991812,7.827862679146351,1,7.827862679146351,False,6.111600376381578,1,6.111600376381578,False,3.984072694395878,1,3.984072694395878,False,8.917023999999998,0.04761904761904761,1.8574849278351573,-1.760038155196197,0.7784499384763262,0.428377332434209,13.096879,0.4688004402498766
101,raw,59.071671607312695,59,11.412152827038577,52,55.26171925810031,4.8423570991066525,7.264327336851014,1,7.264327336851014,False,4.888889089530354,1,4.888889089530354,False,1.9438442983693045,1,1.9438442983693045,False,8.359709999999998,0.6250000000000001,5.482666489801849,-1.4290574252649135,0.08974788095942994,0.18705396306877256,14.211507,0.762286485466667
101,raw,61.071671607312695,59,5.1941235528458645,44,26.977393729721708,5.193829806944191,7.651213615831626,1,7.651213615831626,False,5.115352566362357,1,5.115352566362357,False,2.770044527956057,1,2.770044527956057,False,8.081052999999999,0.11111111111111109,1.1455104643459078,-0.9247479004676112,0.3707241596111841,0.10882838264449325,14.768820999999999,0.6843793757965784
101,raw,63.071671607312695,59,2.9488539821466158,45,16.60020752752386,5.62937589586574,7.56327038054912,3,7.945392933241788,False,5.466773137611337,1,5.466773137611337,False,3.094401287146051,1,3.094401287146051,False,7.245081999999999,0.36842105263157904,0.7959021992808982,-0.4226947706602504,0.53514155509028,0.1917287053767391,15.604792,0.5186157191244454
101,raw,65.0716716073127,60,4.744396379033056,31,18.785193152250912,3.959448505455499,5.709944364782952,1,5.709944364782952,False,4.045404423314185,1,4.045404423314185,False,2.1656538631987248,1,2.1656538631987248,False,6.130453999999999,-0.23076923076923062,0.9214123353206398,-1.389155682940493,0.41714503626542143,1.2730494836505755,15.326134999999999,0.9243473481884883
101,raw,67.0716716073127,60,10.15187181770647,29,35.21126271601842,3.4684502866362448,5.3503435024124135,1,5.3503435024124135,False,3.4590474640636373,1,3.4590474640636373,False,1.6120230032584897,1,1.6120230032584897,False,6.130453999999999,-0.1666666666666667,2.5493092364215113,-3.5564667215026566,0.26255945402514885,2.080640328740277,8.638366999999999,1.108989570279263
101,repaired,-76.9283283926873,55,5.439656087890081,48,32.71989730855028,6.015067272615314,8.628281273007442,2,8.980437644440762,False,5.857039775969078,1,5.857039775969078,False,3.0501954948602434,1,3.0501954948602434,False,9.474338,-0.09999999999999998,0.8861295401242901,-1.0727110791353056,0.06334769075751115,0.0,,0.3392217639094489
101,repaired,-74.9283283926873,55,13.307446026896898,53,54.9770039415104,4.131296405816062,7.28291632537913,1,7.28291632537913,False,3.326411829433779,1,3.326411829433779,False,1.0329806609597076,1,1.0329806609597076,False,9.195680999999999,0.09090909090909088,4.752060738115763,-3.9705979781843825,0.012906984540965526,0.0,,0.9149947025452416
101,repaired,-72.9283283926873,55,8.773088296555663,38,56.338793287400605,6.4217743379511365,8.31774227304333,1,8.31774227304333,False,6.398667025191627,1,6.398667025191627,False,4.808573321794915,1,4.808573321794915,False,9.195680999999999,0.4545454545454546,2.4964908993021915,-0.5775830019780054,0.3774689440823134,0.22624388611902402,11.982251,0.26150852696020627
101,repaired,-70.9283283926873,55,10.010047982842613,38,56.47154288500169,5.64148573331465,7.6254482290866115,1,7.6254482290866115,False,6.003454194726922,1,6.003454194726922,False,4.393193614658945,1,4.393193614658945,False,8.638366999999999,-0.5238095238095238,0.6472965512364168,-3.520675710045177,0.23329310036093143,0.3204042441737443,13.375536,0.35926208293764256
101,repaired,-68.9283283926873,55,8.787306837431002,44,53.35146583553633,6.0714240236015025,7.823860140669978,1,7.823860140669978,False,6.2526724593576715,1,6.2526724593576715,False,4.414098667257123,1,4.414098667257123,False,8.638366999999999,0.5238095238095238,2.6456548064339884,-0.6790815122808311,0.22878271001487935,0.10698813422169397,12.818221999999999,0.33550178148269355
101,repaired,-66.9283283926873,56,11.033185036735993,47,61.66251198494779,5.5888224279423255,8.051718996000304,1,8.051718996000304,False,6.095708253031329,1,6.095708253031329,False,2.5286978482215248,1,2.5286978482215248,False,8.917023999999998,-0.42857142857142866,1.189213244675977,-3.1115981306671623,0.3233425509201972,0.03966629927410346,13.932849999999998,0.39508676404793724
101,repaired,-64.9283283926873,56,11.303085677995034,55,66.4327319272566,5.877397891142994,8.163059253724152,1,8.163059253724152,False,5.786979375707578,1,5.786979375707578,False,3.1670082324972477,1,3.1670082324972477,False,9.752994999999999,-0.29999999999999993,1.3822716555505017,-3.0471228639785477,0.0,0.03222341718670585,,0.4782033840762481
101,repaired,-62.928328392687305,56,10.438102058964894,51,63.00006276845153,6.0355860109973865,7.952688867104331,1,7.952688867104331,False,6.221743752292986,1,6.221743752292986,False,3.9294622199940514,1,3.9294622199940514,False,8.638366999999999,0.23809523809523805,1.7951502842803801,-1.2925622487615593,0.07444298195016871,0.05247782627952311,13.654193,0.38731989119077453
101,repaired,-60.928328392687305,56,11.430964537381108,50,63.14157927691527,5.52373153380295,7.921181189622429,1,7.921181189622429,False,5.5105821146118315,1,5.5105821146118315,False,2.9543410760571405,1,2.9543410760571405,False,9.474338,0.15789473684210523,2.6708308579492477,-1.700356409835108,0.08088588246194879,0.055425242414495174,14.211507,0.5352683826373108
101,repaired,-58.928328392687305,56,12.005546730932494,51,66.97657330150686,5.578802432124194,8.224435401177379,1,8.224435401177379,False,5.602667754932716,1,5.602667754932716,False,2.915651239274278,1,2.915651239274278,False,9.474338,0.19999999999999996,2.776293606900944,-1.8029695197755324,0.2357034457315434,0.24502197090127717,12.260908,0.4832111142077646
101,repaired,-56.928328392687305,56,12.309115987993025,46,73.35849761995492,5.959688550462336,8.243310028495156,1,8.243310028495156,False,6.0207051924838115,1,6.0207051924838115,False,3.878359354977996,1,3.878359354977996,False,9.752994999999999,0.14285714285714285,2.552301999312543,-1.4968458239966986,0.2222291725288651,0.0,,0.3845304760752565
101,repaired,-54.928328392687305,56,11.18921389372517,55,62.540690077600836,5.589373004360315,7.804944511223589,1,7.804944511223589,False,5.508403319018768,1,5.508403319018768,False,3.1280606728799634,1,3.1280606728799634,False,9.195680999999999,0.22222222222222218,2.6222204971885077,-1.538522333521059,0.13281569269849092,0.0,,0.5464707095551243
101,repaired,-52.928328392687305,56,13.556369283053922,43,58.892563043026634,4.344272556564611,7.152193402280326,1,7.152193402280326,False,3.9540472498578767,1,3.9540472498578767,False,1.2502236605722423,1,1.2502236605722423,False,9.752994999999999,0.2307692307692307,4.349061774412324,-3.040137692785095,0.25167152469803555,0.0,,0.8278211674272303
101,repaired,-50.928328392687305,56,9.800191252805874,56,53.6896151250108,5.4784252408991545,7.97668524079326,1,7.97668524079326,False,5.2124001712260615,1,5.2124001712260615,False,2.7606786365068343,1,2.7606786365068343,False,9.195680999999999,0.17647058823529407,2.3384831310468863,-1.5862291828797719,0.0,0.0,,0.6011977256946386
101,repaired,-48.928328392687305,56,10.158638427394981,50,53.70621804181678,5.286753576836269,7.68871668199027,1,7.68871668199027,False,5.292832405131838,1,5.292832405131838,False,2.6402474764968162,1,2.6402474764968162,False,8.917023999999998,0.22222222222222218,2.1815666504761673,-1.7292060108682115,0.04447059271637005,0.06540730760815215,11.703593999999999,0.5862981336581587
101,repaired,-46.928328392687305,56,10.838546657313548,41,59.00221802041344,5.44373889654296,7.710067282821951,1,7.710067282821951,False,5.614200314533129,1,5.614200314533129,False,3.193306068286418,1,3.193306068286418,False,8.638366999999999,0.2631578947368422,2.489535570161667,-1.4628757263349208,0.2720693827618437,0.15354801104409124,12.818221999999999,0.4975656399281564
101,repaired,-44.928328392687305,56,13.844853658345597,46,66.84121978562194,4.82787477824516,6.981438173969348,1,6.981438173969348,False,5.072921981372348,1,5.072921981372348,False,2.1296258985085426,1,2.1296258985085426,False,8.359709999999998,-0.3333333333333334,1.7895287641050106,-4.499703246364079,0.2956505531158287,0.07522923185131127,12.818221999999999,0.6650016911605686
101,repaired,-42.928328392687305,56,12.334172125917608,51,69.26784648503676,5.6159299365934165,7.810573484962475,1,7.810573484962475,False,5.707950474749763,1,5.707950474749763,False,3.553359771753016,1,3.553359771753016,False,8.917023999999998,0.6000000000000001,5.153521382978527,-1.2186787748325503,0.03901212929323587,0.0,,0.4785960105718267
101,repaired,-40.928328392687305,56,12.492941243893346,46,64.59282473221779,5.17034567530615,7.5002915962320795,1,7.5002915962320795,False,5.268587695243955,1,5.268587695243955,False,2.558884569844772,1,2.558884569844772,False,8.638366999999999,-0.44444444444444453,1.7130659889326254,-4.1650603787835,0.22021676402452695,0.10648153801669898,12.260908,0.5956567520913559
101,repaired,-38.928328392687305,56,10.434225857122122,52,60.97611024467309,5.843855699467386,7.812685832528334,1,7.812685832528334,False,5.912375581663605,1,5.912375581663605,False,3.7376147129804416,1,3.7376147129804416,False,8.638366999999999,0.4000000000000001,2.772693228744371,-1.1953203286282703,0.17702060576071074,0.23670169492067644,11.14628,0.4625098151457238
101,repaired,-36.928328392687305,56,12.925690302998653,53,69.09183239683378,5.345310832706942,7.750004372527174,1,7.750004372527174,False,5.234329442793113,1,5.234329442793113,False,2.7932009821725376,1,2.7932009821725376,False,9.474338,0.0,2.4694631288411624,-2.642122350955405,0.1838189693185249,0.0,,0.5992368620254357
101,repaired,-34.928328392687305,57,12.151735276057522,52,69.84887398826275,5.748057573792402,8.06497639055986,1,8.06497639055986,False,5.764356505026649,1,5.764356505026649,False,3.320368532430574,1,3.320368532430574,False,9.474338,0.0,2.268066864350132,-2.0743613498875315,0.03870895294009029,0.18368168732916296,14.768820999999999,0.5056696785537356
101,repaired,-32.928328392687305,57,12.296972224356606,56,73.116531335076,5.945897087598046,7.9361311732958395,1,7.9361311732958395,False,6.0273431378485895,1,6.0273431378485895,False,3.933619607990947,1,3.933619607990947,False,8.917023999999998,-0.6190476190476191,1.0249076999016715,-5.45417921081282,0.049661551951801615,0.0,,0.4554849760994831
101,repaired,-30.928328392687305,57,11.436170056289123,49,70.89026409788373,6.198776666397931,8.410348120864011,1,8.410348120864011,False,6.115033051803199,1,6.115033051803199,False,3.7338910121606874,1,3.7338910121606874,False,10.031652,0.33333333333333337,2.7201893862369326,-1.3818582756195756,0.5580983414434543,0.0,,0.41541386006815423
101,repaired,-28.928328392687305,57,13.745284503942523,41,66.22156559446172,4.817766091015982,7.719541756563429,1,7.719541756563429,False,4.96105625110384,1,4.96105625110384,False,1.5863779838237988,1,1.5863779838237988,False,9.195680999999999,-0.0588235294117647,2.574216646882738,-2.722832773316546,1.6304930567616478,0.0,,0.4788715794353399
101,repaired,-26.928328392687305,57,10.21908246669388,47,62.04699050202724,6.071679204493291,8.042655322872033,1,8.042655322872033,False,6.123902385218297,1,6.123902385218297,False,4.141206937560734,1,4.141206937560734,False,9.195680999999999,0.23809523809523805,1.7936153914043431,-1.2425468121377996,0.3988423144403073,0.0,,0.41934337181691234
101,repaired,-24.928328392687305,57,10.786200781479348,57,57.152849313438416,5.298700670543219,7.439033657910533,1,7.439033657910533,False,5.453504764820677,1,5.453504764820677,False,2.8530719060370027,1,2.8530719060370027,False,8.359709999999998,0.5555555555555556,4.051163684035775,-1.1396192340496079,0.0,0.0,,0.5905081388504003
101,repaired,-22.928328392687305,57,7.415770722995733,54,39.67258213029638,5.349758455621445,7.7102363946418375,1,7.7102363946418375,False,5.166210507823758,1,5.166210507823758,False,2.7300266282197727,1,2.7300266282197727,False,8.917024,-0.44444444444444453,0.9096390469905152,-2.661447523412914,0.03930535255681843,0.15286657365621767,14.211507,0.6302148548828209
101,repaired,-20.928328392687305,57,3.7990951136312354,46,22.662334824475657,5.965192801612866,8.088170724268224,1,8.088170724268224,False,6.144483009231997,1,6.144483009231997,False,3.647334657799963,1,3.647334657799963,False,8.081052999999999,-0.2727272727272728,0.4389553441176683,-0.83074662785141,0.256531079889194,0.9969967184994002,14.211507,0.3111317202635972
101,repaired,-18.928328392687305,57,4.8202676120271,49,28.619193753208418,5.937262421239926,7.350705421649864,1,7.350705421649864,False,5.668810333246341,1,5.668810333246341,False,4.0302454918635275,1,4.0302454918635275,False,7.523739,-0.09999999999999998,0.7470037050037969,-0.8095378119495029,0.036103685063687524,0.5065349960526268,13.096879000000001,0.54509545594687
101,repaired,-16.928328392687305,57,8.845509795859442,54,55.42159282958651,6.265505788657789,7.594580721950146,1,7.594580721950146,False,6.13968432511941,1,6.13968432511941,False,4.722192810770817,1,4.722192810770817,False,8.359709999999998,0.33333333333333337,1.8756197253598024,-0.7020692660250233,0.19948487189782602,0.0,,0.45048623055661163
101,repaired,-14.928328392687305,57,11.433563889090768,55,66.72428201109997,5.8358253523001995,7.5819537917600215,1,7.5819537917600215,False,6.065404129237834,1,6.065404129237834,False,3.731454240499443,1,3.731454240499443,False,8.359709999999998,0.23809523809523805,2.1237387815143745,-1.3391071940449386,0.054223298648755296,0.0,,0.46746662997892674
101,repaired,-12.928328392687305,57,12.090611014725866,45,58.472930982988316,4.8362263008685575,7.0640720089702835,1,7.0640720089702835,False,4.876226370261506,1,4.876226370261506,False,2.4085460654605786,1,2.4085460654605786,False,8.359709999999998,0.2941176470588236,3.5487514464258707,-1.9989420161218683,0.20031124729022215,0.10070054669194416,10.588966,0.7281448490979741
101,repaired,-10.928328392687305,57,8.81178671885852,42,48.00662256125955,5.448000966537048,7.623489681553125,1,7.623489681553125,False,5.606326314502678,1,5.606326314502678,False,3.189379942035087,1,3.189379942035087,False,8.638366999999999,0.36842105263157904,2.244989058417152,-1.1122864790765048,0.24471195841790885,0.130841194948583,11.703593999999999,0.5301435653676219
101,repaired,-8.928328392687305,57,11.219114509519073,53,48.631335386158476,4.334685713823162,6.728102000962998,1,6.728102000962998,False,4.4808543367566065,1,4.4808543367566065,False,1.2505330305786468,1,1.2505330305786468,False,7.802396,-0.6000000000000001,1.4219041380545119,-5.826290465452217,0.1064909602923701,0.0,,0.8164402638312546
101,repaired,-6.928328392687305,57,10.980284653352513,57,52.212050393676215,4.755072572525228,6.591189676575848,1,6.591189676575848,False,4.699104661077209,1,4.699104661077209,False,2.543500624375537,1,2.543500624375537,False,7.523739,0.0,2.3790986641020386,-2.27969393792804,0.0,0.0,,0.8210135984329079
101,repaired,-4.928328392687305,57,13.118939803814703,57,59.62658052215437,4.545076158121883,6.637664469400113,1,6.637664469400113,False,4.440064819626472,1,4.440064819626472,False,2.240568486797871,1,2.240568486797871,False,8.081052999999999,0.06666666666666665,3.2596469356299327,-2.791938503199501,0.0,0.0,,0.8649950227769114
101,repaired,-2.9283283926873054,57,12.839719181084924,54,61.08161344367529,4.757239047226113,7.134798796698224,1,7.134798796698224,False,4.48058082508164,1,4.48058082508164,False,2.0195828855908804,1,2.0195828855908804,False,8.359709999999998,0.19999999999999996,3.6307740820152374,-2.3026710483294752,0.1121309825065195,0.001699024532944567,13.096879,0.7884332265052866
101,repaired,-0.9283283926873054,58,11.245640943047103,51,62.58764753760694,5.565502922828361,7.807488417673128,1,7.807488417673128,False,5.999291442174513,1,5.999291442174513,False,2.7705425748964236,1,2.7705425748964236,False,8.917023999999998,0.04761904761904761,1.983764323158878,-1.953417396363918,0.28147547063033185,0.2416939273433903,11.703593999999999,0.5374545235200681
101,repaired,1.0716716073126946,58,9.36308308064808,48,55.33827004215256,5.910261562938331,8.049876770104483,1,8.049876770104483,False,6.002476899121547,1,6.002476899121547,False,4.059670629569861,1,4.059670629569861,False,8.917023999999998,-0.19999999999999996,0.9718531633581988,-1.8688128150817924,0.22074039477712473,0.20920001663042628,14.490164,0.4747446877113679
101,repaired,3.0716716073126946,58,7.65459531165498,40,36.64060798962972,4.786746587875166,6.621132669524943,1,6.621132669524943,False,4.983386037053445,1,4.983386037053445,False,2.7452947979766806,1,2.7452947979766806,False,7.245082,0.2941176470588236,1.8449658054729905,-1.2259872882229903,0.12064598316348668,0.6209963237137732,13.654193,0.7505549689000859
101,repaired,5.071671607312695,58,10.544258455453257,55,41.36742468394542,3.923218010893038,5.914416193316406,1,5.914416193316406,False,3.470234640713862,1,3.470234640713862,False,1.600891319828753,1,1.600891319828753,False,7.245082,0.16666666666666669,3.7256009718394725,-2.7191853472313596,0.0,0.1619455544796759,,1.1472106193513678
101,repaired,7.071671607312695,58,11.47458917667505,45,49.81291098537509,4.341149841480355,6.838314323680569,1,6.838314323680569,False,3.7880355340975562,1,3.7880355340975562,False,1.857636635302725,1,1.857636635302725,False,8.917023999999998,0.1666666666666667,3.2034792220751678,-2.7501136003716344,0.13891812124349676,0.17380164566078787,11.982251,0.9971861102609316
101,repaired,9.071671607312695,58,8.569695719774668,53,51.70309607870277,6.033247593540259,8.284048403606981,1,8.284048403606981,False,6.242880156218324,1,6.242880156218324,False,3.4350179742543165,1,3.4350179742543165,False,9.195680999999999,0.23809523809523805,1.688975427901111,-1.072658900766307,0.08455136977907023,0.08058509924723221,13.93285,0.4282369909713057
101,repaired,11.071671607312695,58,12.791210243727559,56,77.08588868163802,6.0264734308029,8.357967488588585,1,8.357967488588585,False,6.34022717343297,1,6.34022717343297,False,2.6954013997417454,2,3.4193475436977336,False,9.752994999999999,0.5238095238095238,4.212886665842682,-0.6128861231966031,0.04763980590363484,0.0,,0.347044403071194
101,repaired,13.071671607312695,58,10.0207373631319,50,65.36599602135044,6.523072469880683,8.162911268070367,1,8.162911268070367,False,6.704175348433368,1,6.704175348433368,False,4.953278307712646,1,4.953278307712646,False,8.638366999999999,0.21739130434782605,1.734063866288999,-0.963754070815544,0.14991065074165938,0.0,,0.333295250638398
101,repaired,15.071671607312695,58,9.790679466226704,36,57.67400210743655,5.8907047571504165,8.04354794697025,1,8.04354794697025,False,6.094439162153073,1,6.094439162153073,False,3.895067251672891,1,3.895067251672891,False,8.917023999999998,0.23809523809523805,1.8630626636288379,-1.2563735696156393,0.2790109776069385,0.23748102402425178,12.818221999999999,0.44708253431915074
101,repaired,17.071671607312695,58,13.617002701016801,52,61.62006860416334,4.525229961183902,7.289202304086419,1,7.289202304086419,False,4.604388116296887,1,4.604388116296887,False,1.3192185441574895,1,1.3192185441574895,False,8.638366999999999,0.19999999999999996,3.854437755345491,-2.2351992428070293,0.06184284004965313,0.05180547180899028,13.096879,0.7766920534825509
101,repaired,19.071671607312695,58,9.304481876321987,52,50.3331367482977,5.409558255617144,7.385693507658544,1,7.385693507658544,False,5.39725908412273,1,5.39725908412273,False,3.1032551171822833,1,3.1032551171822833,False,8.917023999999998,0.4736842105263159,3.112163187065919,-1.216626103605216,0.03589959893954893,0.4466329932901105,15.047477999999998,0.6398720437046003
101,repaired,21.071671607312695,58,9.996611247937178,47,49.45246175145785,4.9469225645503085,6.936801243518915,1,6.936801243518915,False,4.819624928062025,1,4.819624928062025,False,2.359525765463454,1,2.359525765463454,False,9.474338,0.37500000000000006,3.1351377063564643,-1.5559490380238983,0.5348958796065909,0.0,,0.7530058415626032
101,repaired,23.071671607312695,58,10.30726161442637,45,64.05499984912092,6.214550696905521,8.203717965033006,1,8.203717965033006,False,6.097036609044168,1,6.097036609044168,False,4.232357774363733,1,4.232357774363733,False,9.474338,0.0,1.193783627390641,-1.394858731608037,0.1234381790338595,0.23315084674989325,10.867623,0.4342628522375379
101,repaired,25.071671607312695,58,12.073233802156594,45,71.51183408673364,5.92317147655666,7.802660307298384,1,7.802660307298384,False,5.919811330430543,1,5.919811330430543,False,4.31663492983788,1,4.31663492983788,False,8.917023999999998,0.42857142857142866,3.554797869058779,-1.0460342275675438,1.518479689327238,0.01972687455063102,15.047478,0.43359671307970976
101,repaired,27.071671607312695,58,13.290116762946163,49,61.711728521041785,4.643430123435686,6.609353024563182,1,6.609353024563182,False,4.78913303150887,1,4.78913303150887,False,2.092450153516747,1,2.092450153516747,False,8.638366999999999,0.12499999999999997,2.9720397718389475,-2.2086847218100534,0.8813207307105875,0.0,,0.7624402299227616
101,repaired,29.071671607312695,58,12.495012134809496,53,67.08253730646017,5.3687452707290175,7.864432774069056,1,7.864432774069056,False,5.450432282696551,1,5.450432282696551,False,2.5600971415732903,1,2.5600971415732903,False,9.195680999999999,0.36842105263157904,3.815173316637851,-1.6845083473662583,0.0723227164856268,0.3227948416094667,13.375536,0.604405254008771
101,repaired,31.071671607312695,59,9.810279747313878,53,60.492816147089506,6.166268211021491,7.528949968359912,2,7.96753645732719,False,6.141094713509604,1,6.141094713509604,False,4.437537367982241,1,4.437537367982241,False,8.917023999999998,0.42857142857142866,2.020935348173404,-0.9764646689869135,0.26212665670852575,0.4699240462686631,12.260908,0.46846356028530156
101,repaired,33.071671607312695,59,8.613131115383094,48,51.30515989161858,5.956621257046385,8.381122374327138,1,8.381122374327138,False,5.953562544539377,1,5.953562544539377,False,3.3458015050600545,1,3.3458015050600545,False,9.474338,0.14285714285714285,1.6718355747838012,-1.219086199003734,0.15758961159126833,0.12903319896826526,14.768820999999999,0.48888062708766655
101,repaired,35.071671607312695,59,11.37939219875615,55,56.5157103436114,4.966496395984048,7.913968097862502,1,7.913968097862502,False,5.362599855149259,1,5.362599855149259,False,1.2481628755092757,1,1.2481628755092757,False,9.474338,0.5555555555555556,4.6094653606336005,-1.3034157126707568,0.446694880392153,0.0,,0.6563898785255288
101,repaired,37.071671607312695,59,5.118218912778727,44,34.7397542390104,6.78746939726927,8.690669665815111,1,8.690669665815111,False,7.087684329763309,1,7.087684329763309,False,4.852545884730862,1,4.852545884730862,False,8.917023999999998,-0.4166666666666666,0.3532240799492545,-1.1572305173317192,0.3665523824044678,0.1577896567183994,14.211507,0.2280638173691136
101,repaired,39.071671607312695,59,4.2445069830364925,40,27.007438363532987,6.362915285914323,8.870329529667544,1,8.870329529667544,False,7.1014614674659775,1,7.1014614674659775,False,2.9392712564418892,3,3.382949018200253,False,8.917023999999998,-0.6,0.314077844519866,-1.5542546509367092,0.42975303382834085,0.7856520813101309,14.768820999999999,0.15903507218678328
101,repaired,41.071671607312695,59,4.74699755670696,39,32.05266780816305,6.752198084213531,8.706821139945898,1,8.706821139945898,False,7.174668970439628,1,7.174668970439628,False,4.872528389140381,1,4.872528389140381,False,8.917023999999998,0.33333333333333337,0.8923983326242809,-0.40448070144319165,0.259083253922409,0.4417459711529079,14.490164,0.2198446590187918
101,repaired,43.071671607312695,59,9.959004262175426,53,52.9249004039842,5.314276308224351,8.140072807599338,1,8.140072807599338,False,5.392091908571628,1,5.392091908571628,False,2.1403251784714086,1,2.1403251784714086,False,9.474338,0.36842105263157904,3.1581977608674507,-1.3732697149520607,0.07877340594979576,0.20120470629917991,16.162106,0.6102540250817168
101,repaired,45.071671607312695,59,11.283562951094126,47,63.847768427629376,5.658475847067286,8.058901579773309,1,8.058901579773309,False,5.732224111001891,1,5.732224111001891,False,2.716549194670937,2,2.7953395611199223,False,9.474338,0.19999999999999996,2.5765931308257057,-1.2884927270700608,0.3451809555012525,0.046109728650106756,14.768820999999999,0.5160518119179847
101,repaired,47.071671607312695,59,10.010316433684874,51,52.20399091901313,5.2150190520796995,7.642205191194138,1,7.642205191194138,False,5.282492018902506,1,5.282492018902506,False,2.4635972073370436,1,2.4635972073370436,False,8.638366999999999,0.22222222222222218,2.596188129416556,-1.5844708234186267,0.05725387379504198,0.3157692978078485,13.932849999999998,0.661972145188171
101,repaired,49.071671607312695,59,8.2802806778867,46,46.476966115998664,5.612969888825139,7.785148285614697,1,7.785148285614697,False,5.5773090263719505,1,5.5773090263719505,False,3.3754905837866787,1,3.3754905837866787,False,8.638366999999999,-0.05263157894736841,1.4324585313702631,-1.4654268674289348,0.18054533948254703,0.35157846446308766,15.604792,0.5942275131912476
101,repaired,51.071671607312695,59,12.676423422598067,49,66.67727748528843,5.259944012790221,7.41932972277257,1,7.41932972277257,False,5.339601614351437,1,5.339601614351437,False,2.802398563927031,1,2.802398563927031,False,8.917023999999998,-0.3333333333333334,1.7902251133986327,-3.5498770614099384,0.15038153728691342,0.07225653897619716,12.260908,0.6717732451816335
101,repaired,53.071671607312695,59,13.590903474837505,39,77.41803199827112,5.696312400540887,7.886921546149038,1,7.886921546149038,False,5.956938987102106,1,5.956938987102106,False,3.580326588594181,1,3.580326588594181,False,8.917023999999998,-0.09999999999999998,1.9075850390130014,-2.436390607960089,0.12468993605410932,0.2740991296283068,14.211507000000001,0.5105635540741618
101,repaired,55.071671607312695,59,13.448972679310513,50,82.10314137094217,6.104789066695564,8.102543519193834,1,8.102543519193834,False,6.439910166047847,1,6.439910166047847,False,4.491239230665112,1,4.491239230665112,False,8.917023999999998,0.04347826086956521,1.8902823065610532,-1.896056635778924,0.10164535681585489,0.4684247010560635,11.703593999999999,0.4021417536848968
101,repaired,57.071671607312695,59,12.133627507890205,38,71.15957896981656,5.864658274991812,7.827862679146351,1,7.827862679146351,False,6.111600376381578,1,6.111600376381578,False,3.984072694395878,1,3.984072694395878,False,8.917023999999998,0.04761904761904761,1.8574849278351573,-1.760038155196197,0.7784499384763262,0.428377332434209,13.096879,0.4688004402498766
101,repaired,59.071671607312695,59,11.412152827038577,52,55.26171925810031,4.8423570991066525,7.264327336851014,1,7.264327336851014,False,4.888889089530354,1,4.888889089530354,False,1.9438442983693045,1,1.9438442983693045,False,8.359709999999998,0.6250000000000001,5.482666489801849,-1.4290574252649135,0.08974788095942994,0.18705396306877256,14.211507,0.762286485466667
101,repaired,61.071671607312695,59,5.1941235528458645,44,26.977393729721708,5.193829806944191,7.651213615831626,1,7.651213615831626,False,5.115352566362357,1,5.115352566362357,False,2.770044527956057,1,2.770044527956057,False,8.081052999999999,0.11111111111111109,1.1455104643459078,-0.9247479004676112,0.3707241596111841,0.10882838264449325,14.768820999999999,0.6843793757965784
101,repaired,63.071671607312695,59,2.9488539821466158,45,16.60020752752386,5.62937589586574,7.56327038054912,3,7.945392933241788,False,5.466773137611337,1,5.466773137611337,False,3.094401287146051,1,3.094401287146051,False,7.245081999999999,0.36842105263157904,0.7959021992808982,-0.4226947706602504,0.53514155509028,0.1917287053767391,15.604792,0.5186157191244454
101,repaired,65.0716716073127,60,4.744396379033056,31,18.785193152250912,3.959448505455499,5.709944364782952,1,5.709944364782952,False,4.045404423314185,1,4.045404423314185,False,2.1656538631987248,1,2.1656538631987248,False,6.130453999999999,-0.23076923076923062,0.9214123353206398,-1.389155682940493,0.41714503626542143,1.2730494836505755,15.326134999999999,0.9243473481884883
101,repaired,67.0716716073127,60,10.15187181770647,29,35.21126271601842,3.4684502866362448,5.3503435024124135,1,5.3503435024124135,False,3.4590474640636373,1,3.4590474640636373,False,1.6120230032584897,1,1.6120230032584897,False,6.130453999999999,-0.1666666666666667,2.5493092364215113,-3.5564667215026566,0.26255945402514885,2.080640328740277,8.638366999999999,1.108989570279263
104,raw,-78.89240722619294,60,1.1954961385163345,32,4.516347426304844,3.7778017684857086,3.5637380641225587,3,7.1422023174045135,False,2.4053056676765663,1,2.4053056676765663,False,1.2999900068116452,1,1.2999900068116452,False,2.229256,-0.14285714285714304,0.3835468343630505,-0.4810126744663324,0.6395310072418305,0.1806783631585926,11.703593999999999,0.6805790831818328
104,raw,-76.89240722619294,60,1.9553189619644367,27,6.750316980435354,3.4522843135800003,3.4939036460744366,2,5.537076416128761,False,2.2646785266634417,2,3.1209139323009407,False,1.348679221624295,1,1.348679221624295,False,2.7865699999999998,0.42857142857142855,1.553032710505729,-0.5445313013176633,0.6745098749605127,0.39838917710940147,12.818221999999999,1.0169810498342287
104,raw,-74.89240722619294,60,0.6834384159544081,27,1.9899434639850704,2.9116646321470734,4.4226641575824,1,4.4226641575824,False,1.520747281571963,2,2.516059823800096,False,0.9732057085897341,1,0.9732057085897341,False,0.0,0.0,0.3224890177840414,-0.3028966141662035,0.2767073013655555,0.4646190242309192,6.687767999999999,0.6171742205347946
104,raw,-72.89240722619294,60,1.1684579727608515,39,5.270025552823719,4.510239713946764,5.352448734453137,2,7.894575874493163,False,3.8832350975022347,1,3.8832350975022347,False,1.433292890852186,2,1.4624109606804272,False,2.507913,-0.07692307692307686,0.290171535600057,-0.19640368931249602,0.2767992235985608,0.7168416054412288,13.096879,0.24176627535008016
104,raw,-70.89240722619294,60,1.6791374635401939,39,7.630714555037009,4.544425171092819,7.121441652105423,1,7.121441652105423,False,4.311413051335422,1,4.311413051335422,False,1.381481476794646,1,1.381481476794646,False,5.015826,0.4285714285714285,0.6992394572910513,-0.22389373950565455,0.19244739304574185,0.37366995515790014,10.031652,0.6988721865788347
104,raw,-68.89240722619294,60,1.719373415137683,49,11.08202794896455,6.445387518148365,8.239407501881088,1,8.239407501881088,False,7.042579236236106,1,7.042579236236106,False,3.4512501895467,2,3.9898219598421902,False,7.245082,0.24999999999999994,0.3003886906951419,-0.09839342522462897,0.2569070336741949,0.05625518115012999,13.096879,0.29485547531119544
104,raw,-66.89240722619294,60,2.9658381326921446,44,15.231469365526609,5.135637443470568,7.85592185400908,1,7.85592185400908,False,4.933358752368566,1,4.933358752368566,False,2.120400636513983,1,2.120400636513983,False,7.523738999999999,-0.2941176470588235,0.44696060215308225,-0.8664243438913356,0.18959864265824194,0.0,,0.7217212659639276
104,raw,-64.89240722619294,60,11.977890441808576,38,37.69041377331262,3.146665429644858,5.323239628404446,1,5.323239628404446,False,2.6126869464113036,1,2.6126869464113036,False,0.966519634423595,1,0.966519634423595,False,7.523739,-0.3333333333333334,3.7255215758881977,-6.920348474910856,0.22274004063685354,0.15846731506121828,14.768820999999999,1.4673480802199126
104,raw,-62.892407226192944,60,12.868658647570566,42,51.12760360689376,3.973032855024558,5.845010491480764,1,5.845010491480764,False,3.6497968299695156,1,3.6497968299695156,False,1.8410274223854755,1,1.8410274223854755,False,8.359709999999998,-0.16666666666666663,3.382153597442454,-3.8451681712666184,0.1485006186990425,0.07823612486224503,14.490164,1.1793814284494288
104,raw,-60.892407226192944,60,13.053209241644872,48,55.68602346070646,4.266079125051189,6.023127101529376,1,6.023127101529376,False,3.9544200812696033,1,3.9544200812696033,False,2.1817210196308023,1,2.1817210196308023,False,8.081052999999999,-0.3846153846153846,2.661655022334867,-4.472502510856797,0.24734664339092943,0.030085737229906862,13.096879,1.1054556927535975
104,raw,-58.892407226192944,60,12.223341109533498,43,54.910694536397976,4.492281941929185,6.275911750171111,1,6.275911750171111,False,4.396091394472693,1,4.396091394472693,False,2.641259346633572,1,2.641259346633572,False,7.523739,-0.14285714285714282,2.5248639961515895,-2.175987096210569,0.5486665635466085,0.3045218398841428,15.604792,0.9739058219949996
104,raw,-56.892407226192944,60,12.472224351373853,46,59.60961371839584,4.779389148161824,6.5602770336390295,1,6.5602770336390295,False,4.612949146806197,1,4.612949146806197,False,2.9499514144859833,1,2.9499514144859833,False,7.802395999999999,-0.12499999999999997,2.672025265049208,-2.446779386171327,0.37806547667357715,0.26846301294229935,10.031652,0.9279592538745952
104,raw,-54.892407226192944,60,12.035227923313894,40,52.329190439317095,4.348001614323253,6.051806915704871,1,6.051806915704871,False,4.195190451870861,1,4.195190451870861,False,2.6136166432093555,1,2.6136166432093555,False,7.245081999999999,-0.28571428571428564,2.270641219147044,-3.57829110039786,0.5165331936784023,0.09744501301592065,14.211507000000001,1.0578473731845353
104,raw,-52.892407226192944,60,11.927995954847354,45,57.36767564973025,4.80949824822978,6.20102526132278,1,6.20102526132278,False,4.71598879346454,1,4.71598879346454,False,3.467163764641701,1,3.467163764641701,False,6.966424999999999,-0.5000000000000001,1.255246875999303,-5.420578312359319,0.5098300423194132,0.033694886063427035,9.752994999999999,0.9054325062077319
104,raw,-50.892407226192944,61,11.869187531482648,40,60.1630295629531,5.068841435302336,6.596061303881646,1,6.596061303881646,False,5.099099435221451,1,5.099099435221451,False,3.528054457098153,1,3.528054457098153,False,7.523739,-0.411764705882353,1.4466566409137545,-3.5689049223140006,0.2960304198820144,0.20922109848424347,11.703593999999999,0.8256944533741036
104,raw,-48.892407226192944,61,11.967665331919381,50,55.74808805265884,4.6582258532891245,5.967994332708507,1,5.967994332708507,False,4.494986742752923,1,4.494986742752923,False,3.145441439091897,1,3.145441439091897,False,7.523738999999999,-0.06666666666666665,2.21682849361481,-2.2276356064143346,0.2598710859733097,0.02673876447203594,15.326134999999999,1.003697423465459
104,raw,-46.892407226192944,61,11.474453895329223,44,48.88238188450897,4.260105302650349,5.639217397359991,1,5.639217397359991,False,4.294856860514306,1,4.294856860514306,False,2.7072673853171807,1,2.7072673853171807,False,6.687767999999999,-0.28571428571428564,1.8781181328917147,-3.4683260478211806,0.180499806752899,0.5524247002444838,15.604792,1.0716352670412588
104,raw,-44.892407226192944,61,11.775786798303152,50,56.97352624969922,4.838192744616342,6.092954467401681,1,6.092954467401681,False,4.817916681352511,1,4.817916681352511,False,3.23301135940286,1,3.23301135940286,False,7.802395999999999,-0.5294117647058825,1.35834055326087,-5.163464672124512,0.14557831239168578,0.12687257134683894,15.604792,0.919886544940791
104,raw,-42.892407226192944,61,11.455266397853055,47,53.36241205584508,4.65833008177324,5.9215491955619495,1,5.9215491955619495,False,4.506756978095774,1,4.506756978095774,False,3.0601280317302697,1,3.0601280317302697,False,8.359709999999998,-0.19999999999999996,2.0860036028098548,-2.0652847414387856,0.11246275446836852,0.15026573772837196,13.096879,1.0179565839368305
104,raw,-40.892407226192944,61,10.726788178716294,45,52.37738111773004,4.882857780454297,6.164449942718447,1,6.164449942718447,False,5.012031617578274,1,5.012031617578274,False,3.306536325216294,1,3.306536325216294,False,6.966425,-0.411764705882353,1.244602310721803,-2.5017173312272916,0.3165225470056029,0.0,,0.8633182969535209
104,raw,-38.892407226192944,61,11.603393493498963,54,54.455985894219076,4.6931086086780684,6.178292987853725,1,6.178292987853725,False,4.556452563958651,1,4.556452563958651,False,2.976503142808343,1,2.976503142808343,False,7.802395999999999,-0.46666666666666673,1.6709762912325605,-4.028462317180619,0.20110822822344707,0.0900654945752086,16.440763,0.9994244685800273
104,raw,-36.892407226192944,61,11.41523082207149,59,52.715363978487986,4.617984936105031,6.085034049526051,1,6.085034049526051,False,4.4865519678490635,1,4.4865519678490635,False,2.520328468047314,1,2.520328468047314,False,7.802395999999999,-0.37499999999999994,1.831388863767576,-4.330773626401496,0.0,0.13279003638500486,,1.0238020799737415
104,raw,-34.892407226192944,61,11.683377221746445,42,60.10659252904195,5.14462482792772,6.764219412616876,1,6.764219412616876,False,4.994644431179278,1,4.994644431179278,False,3.4409770904900627,1,3.4409770904900627,False,8.081052999999999,-0.6470588235294118,1.1421433802521987,-6.510926837677687,0.13204164724352757,0.16129139094332276,13.654193,0.8414653293208083
104,raw,-32.892407226192944,61,11.18582495175797,51,65.02838317699084,5.813463330370725,7.44659057387642,1,7.44659057387642,False,5.70281120155336,1,5.70281120155336,False,4.232634379738615,1,4.232634379738615,False,8.359709999999998,-0.15789473684210523,1.333520892771879,-1.8940328701444606,0.06557858329780525,0.022750386172664665,15.326134999999999,0.6548993315325692
104,raw,-30.892407226192944,61,11.479745092558288,61,56.87769356090405,4.95461293803247,6.274756722656927,1,6.274756722656927,False,4.934429327457638,1,4.934429327457638,False,3.058427393920491,1,3.058427393920491,False,8.081052999999999,-0.0588235294117647,2.362759534364449,-2.0096952306763476,0.0,0.0,,0.8999785147437054
104,raw,-28.892407226192944,61,10.895682770311527,60,54.05227726487755,4.960889409533727,6.509470321557114,1,6.509470321557114,False,4.822920100624906,1,4.822920100624906,False,3.1803448352471206,1,3.1803448352471206,False,7.245082,-0.0588235294117647,2.1856112771090226,-1.9823718473874379,0.0,0.07054050796588902,,0.9100221383498271
104,raw,-26.892407226192944,61,10.93898039192078,49,50.95212547729874,4.657849603143135,6.209886161168009,1,6.209886161168009,False,4.55849077910737,1,4.55849077910737,False,3.0374541832245985,1,3.0374541832245985,False,7.802395999999999,-0.3333333333333334,1.64119054542025,-3.0847007677692844,0.08756541348218642,0.21137751104197178,9.752994999999999,0.9722164144237853
104,raw,-24.892407226192944,61,10.6654046397922,60,54.840377829004886,5.1418937847325195,6.123464516102742,1,6.123464516102742,False,4.9307755375974205,1,4.9307755375974205,False,3.7676348530206525,1,3.7676348530206525,False,7.802395999999999,0.0588235294117647,2.4354227872722896,-0.948610506855792,0.0,0.0022896256733707324,,0.8954143095769178
104,raw,-22.892407226192944,61,10.628599951629635,58,60.03698667320164,5.648626060480942,7.043658701474607,1,7.043658701474607,False,5.480874853982821,1,5.480874853982821,False,3.9942976187200525,1,3.9942976187200525,False,8.081052999999999,-0.44444444444444453,1.1405752376619183,-1.9649746300362592,0.09443865290947336,0.0,,0.744248735144669
104,raw,-20.892407226192944,61,10.69032029646759,61,55.37344219290526,5.179773912967074,6.838944955691055,1,6.838944955691055,False,5.004468095920593,1,5.004468095920593,False,3.314115560893116,1,3.314115560893116,False,7.802395999999999,-0.0588235294117647,1.7184763602922288,-2.215984998523918,0.0,0.0,,0.8627109620528143
104,raw,-18.892407226192944,61,11.214232862932027,56,52.48447185086402,4.680166043666552,6.133923383641338,1,6.133923383641338,False,4.17478424053699,1,4.17478424053699,False,2.736205840903959,1,2.736205840903959,False,8.359709999999998,0.2857142857142857,3.749693021244563,-1.3230650422801986,0.0,0.15360903830904277,,1.0559071349235127
104,raw,-16.892407226192944,62,10.15548982130057,61,54.53318803769408,5.3698235139100605,6.725605975314159,1,6.725605975314159,False,5.125040010404457,1,5.125040010404457,False,3.6220899931483963,1,3.6220899931483963,False,7.523739,-0.3333333333333334,1.5285727507486193,-2.270757856145111,0.0,0.0053417486991759085,,0.8613788826320461
104,raw,-14.892407226192944,62,11.035195863105175,61,54.21911244861897,4.913289543857933,6.529389245960322,1,6.529389245960322,False,4.6155696555293755,1,4.6155696555293755,False,2.9391522138681276,1,2.9391522138681276,False,8.081052999999999,-0.12499999999999997,2.222712301567547,-2.2823397520990127,0.0,0.08386762039838759,,0.9850756826574681
104,raw,-12.892407226192944,62,11.119906864053574,55,52.14698982365514,4.6895167793380095,5.828893215994006,1,5.828893215994006,False,4.603066524297791,1,4.603066524297791,False,3.3145457573719597,1,3.3145457573719597,False,7.245081999999999,0.0,2.270213577151152,-1.8787428964138506,0.007815401865448834,0.13884896081495252,12.818221999999999,1.019329955940297
104,raw,-10.892407226192944,62,10.794052771033726,53,52.261489091777406,4.841692939654993,6.417751745263123,1,6.417751745263123,False,4.749190873624958,1,4.749190873624958,False,3.2105436234303184,1,3.2105436234303184,False,7.523739,0.0,2.0144547517005025,-1.9453990087541528,0.2662688626189329,0.24664250069564195,11.424937,0.9330139835107867
104,raw,-8.892407226192944,62,10.573056174349926,58,57.94153944407811,5.480112702384331,6.775381510052204,1,6.775381510052204,False,5.248355498742228,1,5.248355498742228,False,3.894860421810672,1,3.894860421810672,False,8.359709999999998,-0.7777777777777778,0.8023661760650524,-8.40328752304844,0.0,0.16614329885318638,,0.8133195434690514
104,raw,-6.892407226192944,62,10.35112396786537,56,48.59328822220787,4.69449389004167,5.970841917544611,1,5.970841917544611,False,4.31537477889376,1,4.31537477889376,False,3.053474467580284,1,3.053474467580284,False,7.802395999999999,0.0,2.0137558506350417,-1.9295245176231204,0.17947424426586525,0.1220649760267912,14.211507,1.0944832282594095
104,raw,-4.892407226192944,62,10.289226786060174,57,53.04574373415451,5.155464529756579,6.750296255898518,1,6.750296255898518,False,4.599904626918903,1,4.599904626918903,False,3.3052119570104628,1,3.3052119570104628,False,8.917023999999998,0.06666666666666665,2.26074773069741,-1.2917758549283387,0.0,0.2503762073704545,,0.9742910293942265
104,raw,-2.892407226192944,62,10.890365416299751,58,52.99464352704971,4.866195164372716,6.415822415235157,1,6.415822415235157,False,4.656940639630834,1,4.656940639630834,False,2.8958280025450804,1,2.8958280025450804,False,8.917023999999998,-0.12499999999999997,2.2743287548936397,-2.2260875805814218,0.045030737420142096,0.01846648626155444,15.326134999999999,0.9763895425047235
104,raw,-0.8924072261929439,62,10.597939159128222,53,57.64275280675007,5.439053002781318,6.836003127569056,1,6.836003127569056,False,5.472017968623074,1,5.472017968623074,False,4.165634892553772,1,4.165634892553772,False,7.523739,-0.7777777777777778,0.694272404910545,-6.923924099285468,0.0,0.20023863044474455,,0.7427633820138199
104,raw,1.1075927738070561,62,10.325478173038219,62,53.86504105838509,5.216711531969233,6.388350199561788,1,6.388350199561788,False,5.0742066378989845,1,5.0742066378989845,False,3.607231868485415,1,3.607231868485415,False,7.802396,-0.17647058823529407,1.7257999926713268,-1.589637206027773,0.0,0.0,,0.8893785128823076
104,raw,3.107592773807056,62,10.701431143937953,54,57.30833158026287,5.355202571454788,6.8540333679005485,1,6.8540333679005485,False,5.227042207449565,1,5.227042207449565,False,3.629719139560097,1,3.629719139560097,False,8.638366999999999,-0.22222222222222232,1.3377423527552161,-2.7793710068537503,0.11571669548359739,0.004122672903246777,12.818221999999999,0.8113893131562859
104,raw,5.107592773807056,62,10.796161509528268,57,54.961286518163774,5.0908173677892,6.730000559606484,1,6.730000559606484,False,4.850436083222419,1,4.850436083222419,False,3.173014287823153,1,3.173014287823153,False,7.523739,-0.0588235294117647,1.9670664396744384,-2.4585496811805823,0.11783234126266447,0.0,,0.9180575053424498
104,raw,7.107592773807056,62,11.174124738090434,50,52.091581804889266,4.66180421517214,6.416571253108449,1,6.416571253108449,False,4.429869859656917,1,4.429869859656917,False,3.033988268461691,1,3.033988268461691,False,7.523738999999999,-0.42857142857142866,1.4693775209444384,-3.731527135577412,0.1743383883273448,0.1706449733549718,11.424937,1.0009381642588797
104,raw,9.107592773807056,62,10.885430626694998,62,54.11448259062327,4.971276235771056,6.528871956456008,1,6.528871956456008,False,4.788905568967819,1,4.788905568967819,False,3.096268191833648,1,3.096268191833648,False,8.081052999999999,-0.17647058823529407,1.8688069200706825,-2.6589253573247897,0.0,0.0,,0.9333761006023846
104,raw,11.107592773807056,62,10.64792362044923,59,54.90500948118572,5.156405270952658,6.671120653385023,1,6.671120653385023,False,5.030178308854737,1,5.030178308854737,False,3.6208119897025663,1,3.6208119897025663,False,7.523738999999999,0.17647058823529407,2.957427259481135,-0.9786144054352608,0.004060044124925458,0.08977449671703344,11.146279999999999,0.8710724541088207
104,raw,13.107592773807056,62,10.164199728305931,56,56.678004435834424,5.576238754733813,7.094954882574893,1,7.094954882574893,False,5.31399408919177,1,5.31399408919177,False,4.0013187154538326,1,4.0013187154538326,False,8.081052999999999,-0.5789473684210527,1.0094652108293538,-4.702858002406375,0.061203806202894326,0.026203600140722972,10.031652,0.7844311758779725
104,raw,15.107592773807056,62,10.366255688976988,60,53.55563235107076,5.166342984190465,6.316237468186065,1,6.316237468186065,False,4.919586057645274,1,4.919586057645274,False,3.486588694756444,1,3.486588694756444,False,8.081052999999999,-0.6470588235294118,1.1031582849433377,-6.26444620443396,0.0,0.023059175808560987,,0.9332515213026101
104,raw,17.107592773807056,63,10.927301238162908,51,56.69916944836976,5.188762367999108,6.702315116529968,1,6.702315116529968,False,4.9856643486816505,1,4.9856643486816505,False,3.33848057362833,1,3.33848057362833,False,8.359709999999998,0.41176470588235287,3.612449811556337,-1.171037133502566,0.22267087240054723,0.1603192926745998,15.326134999999999,0.9091352238151603
104,raw,19.107592773807056,63,10.903449157243386,48,58.23219543691743,5.34071325478072,7.065753942680126,1,7.065753942680126,False,5.250296800874377,1,5.250296800874377,False,3.758922761087461,1,3.758922761087461,False,8.359709999999998,0.11111111111111109,2.4600991506469043,-1.1851293408039376,0.18285103073249998,0.26017125781376926,11.703593999999999,0.7922137656854876
104,raw,21.107592773807056,63,11.062055112189226,53,55.07146682439058,4.978411901393223,6.261747513725831,1,6.261747513725831,False,4.902616354766357,1,4.902616354766357,False,3.369074496441807,1,3.369074496441807,False,7.802395999999999,-0.12499999999999997,1.8547253110402457,-1.8269842539439693,0.24326088313146918,0.23442253588681597,14.768820999999999,0.9549003340957554
104,raw,23.107592773807056,63,10.511061443972366,50,52.273641485637235,4.973202921919354,6.3458568177747425,1,6.3458568177747425,False,4.9236353130949535,1,4.9236353130949535,False,3.732492329839082,1,3.732492329839082,False,8.081052999999999,-0.2941176470588235,1.174369966529694,-2.765952372997991,0.12468342399466209,0.17858211131024235,14.490164,0.9042582254120028
104,raw,25.107592773807056,63,10.275348468790861,52,54.77851686672653,5.331061718549436,6.8524181886327025,1,6.8524181886327025,False,5.0760979279820155,1,5.0760979279820155,False,3.3944633214234847,1,3.3944633214234847,False,8.638366999999999,0.0588235294117647,2.114588572615264,-1.646865628771813,0.5244597145294084,0.008658904392650331,13.096879,0.8732184876161541
104,raw,27.107592773807056,63,10.634474753801722,58,52.03693071910466,4.893229983032492,6.488198148145978,1,6.488198148145978,False,4.616494519736301,1,4.616494519736301,False,3.1130456033014005,1,3.1130456033014005,False,7.523738999999999,0.24999999999999994,3.1515772111900087,-1.6756362003531569,0.0,0.21987669289936823,,1.0043814172335264
104,raw,29.107592773807056,63,10.528927163945601,53,57.03367952479598,5.41685573817031,6.761430576424514,1,6.761430576424514,False,5.035845472871668,1,5.035845472871668,False,4.037449929826132,1,4.037449929826132,False,7.802395999999999,0.17647058823529407,2.0295995925581556,-0.9807601267423299,0.07737137798866964,0.29442255499955794,9.195681,0.8775270331926477
104,raw,31.107592773807056,63,11.418324027157603,60,61.120481691279686,5.352841760831917,6.951790385099319,1,6.951790385099319,False,5.218732264251675,1,5.218732264251675,False,3.430919888510288,1,3.430919888510288,False,8.359709999999998,-0.11111111111111109,1.9158826507753008,-2.343991094220169,0.06409633744465162,0.06532209892573111,13.654193,0.8405495923149074
104,raw,33.107592773807056,63,10.805856401357968,61,57.2124390104482,5.294577022442972,6.661654005796599,1,6.661654005796599,False,5.0302581379933144,1,5.0302581379933144,False,3.4827679211613125,1,3.4827679211613125,False,8.359709999999998,0.0588235294117647,2.22246303703704,-1.5956441141880626,0.0,0.05282057023071752,,0.9064465358215199
104,raw,35.107592773807056,63,11.117299424965019,54,52.4161107860525,4.714824057751546,6.267979360464684,1,6.267979360464684,False,4.435896459987415,1,4.435896459987415,False,3.044428680580334,1,3.044428680580334,False,7.523739,0.06666666666666665,2.66753806562968,-1.7707257700629666,0.056727387277320185,0.11975325167392235,14.490164,1.0546822974077346
104,raw,37.107592773807056,63,10.935586636844853,42,52.46041144373016,4.797219681564893,6.647567027864001,1,6.647567027864001,False,4.885813887512658,1,4.885813887512658,False,2.8914078183489216,1,2.8914078183489216,False,7.802396,0.12499999999999997,2.1806537414143863,-1.2582806277659704,0.12615229791202046,0.4636159670242661,11.703593999999999,0.8891621205302546
104,raw,39.107592773807056,63,10.33398983692952,60,54.12440975224133,5.2375133521829556,6.832391933133203,1,6.832391933133203,False,5.009914644803076,1,5.009914644803076,False,3.583018643021938,1,3.583018643021938,False,8.081052999999999,0.17647058823529407,2.356374424056932,-1.3148344163698884,0.08297612410715438,0.0880450025954471,9.752995,0.8851661480665852
104,raw,41.107592773807056,63,11.085778485915446,53,63.19911231843277,5.700917837996461,7.4332160600681725,1,7.4332160600681725,False,5.517451514878649,1,5.517451514878649,False,4.021535655213007,1,4.021535655213007,False,8.359709999999998,0.0,2.007742145463822,-0.9310285350753447,0.13105062978568496,0.044020954321404626,12.818221999999999,0.7368458860734699
104,raw,43.107592773807056,63,11.414021382690994,42,55.72340301395887,4.882013196371059,6.747068335303796,1,6.747068335303796,False,4.741256188043005,1,4.741256188043005,False,2.8015762182446347,1,2.8015762182446347,False,8.359709999999998,-0.24999999999999994,1.8611935065348588,-3.2961245421933763,0.2989045828736768,0.2274113446245617,12.818221999999999,0.912209751229397
104,raw,45.107592773807056,63,11.510581934987211,50,57.24334197977702,4.973105817159593,6.695494985714742,1,6.695494985714742,False,4.7554192740672985,1,4.7554192740672985,False,3.178989375526231,1,3.178989375526231,False,7.523738999999999,-0.37499999999999994,1.741395729279515,-3.3383738684960202,0.1443122859955448,0.07376801827489854,12.539565,0.9499700328358337
104,raw,47.107592773807056,63,11.526785986970465,32,48.71216824550226,4.225997455020424,5.781659886230196,1,5.781659886230196,False,4.120462210333228,1,4.120462210333228,False,2.5464370457843932,1,2.5464370457843932,False,7.523739,-0.0769230769230769,2.582087846231982,-2.4335171095215373,0.6698653710792852,0.23868544552621263,12.818221999999999,1.1355067780668808
104,raw,49.107592773807056,63,11.579175736306304,42,50.32959082018845,4.34656075409417,5.836203049433981,1,5.836203049433981,False,4.116979141477427,1,4.116979141477427,False,2.800638679531967,1,2.800638679531967,False,7.245081999999999,-0.42857142857142866,2.0794680039024485,-3.647006713065239,0.11223294247470351,0.2505214203574336,10.588966,1.1789795926883233
104,raw,51.107592773807056,63,12.338651114520507,43,53.568114632066106,4.341488719867076,6.2341780990707525,1,6.2341780990707525,False,4.208426068802638,1,4.208426068802638,False,2.3038648270475743,1,2.3038648270475743,False,7.523738999999999,-0.14285714285714282,2.7172956543185935,-2.890708839974896,0.3513302023929973,0.39759649794233176,10.867623,1.091668532860443
104,raw,53.107592773807056,63,11.66019994326184,48,55.35993700085448,4.747769100893137,6.322828320576853,1,6.322828320576853,False,4.677698812923529,1,4.677698812923529,False,3.0247782312653353,1,3.0247782312653353,False,7.523738999999999,-0.5000000000000001,1.4309087639932372,-5.05786466635829,0.16786778900814314,0.4168523130877144,8.917024,0.9884729670316698
104,raw,55.107592773807056,63,12.261447441693186,44,53.84854573617833,4.3916956780383485,5.928109452978548,1,5.928109452978548,False,4.185088756031494,1,4.185088756031494,False,2.615587304558317,1,2.615587304558317,False,7.523739,-0.42857142857142866,1.9614727117958792,-5.329998762184402,0.20138304126836343,0.20453953651959347,11.982251,1.1480067861674195
104,raw,57.107592773807056,63,12.483546606991004,51,56.784824174693,4.548773354432186,6.224916653051957,1,6.224916653051957,False,4.359264641561144,1,4.359264641561144,False,2.6776151057625746,1,2.6776151057625746,False,7.802396,-0.6000000000000001,1.717118224180942,-7.071454576609184,0.27843697267039835,0.3462226645629669,11.14628,1.0692228656228882
104,raw,59.107592773807056,63,12.89366090348842,53,56.47413993810524,4.379992646062685,6.1736026760933385,1,6.1736026760933385,False,4.089331963638663,1,4.089331963638663,False,2.3388544425596445,1,2.3388544425596445,False,8.081052999999999,-0.3846153846153846,2.2500303909477446,-4.984539491794076,0.2703563772869247,0.12075080666231544,12.818221999999999,1.1301279839910536
104,raw,61.107592773807056,63,12.085969093622856,34,51.92826074163639,4.29657401399746,6.177033705641444,1,6.177033705641444,False,3.996823967792417,1,3.996823967792417,False,2.352135281193707,1,2.352135281193707,False,8.081052999999999,-0.3846153846153845,2.0064978867877112,-4.948576645207425,0.2520801482178602,0.256575395585347,16.162105999999998,1.1374297464119834
104,repaired,-78.89240722619294,60,1.1954961385163345,32,4.516347426304844,3.7778017684857086,3.5637380641225587,3,7.1422023174045135,False,2.4053056676765663,1,2.4053056676765663,False,1.2999900068116452,1,1.2999900068116452,False,2.229256,-0.14285714285714304,0.3835468343630505,-0.4810126744663324,0.6395310072418305,0.1806783631585926,11.703593999999999,0.6805790831818328
104,repaired,-76.89240722619294,60,1.9553189619644367,27,6.750316980435354,3.4522843135800003,3.4939036460744366,2,5.537076416128761,False,2.2646785266634417,2,3.1209139323009407,False,1.348679221624295,1,1.348679221624295,False,2.7865699999999998,0.42857142857142855,1.553032710505729,-0.5445313013176633,0.6745098749605127,0.39838917710940147,12.818221999999999,1.0169810498342287
104,repaired,-74.89240722619294,60,0.6834384159544081,27,1.9899434639850704,2.9116646321470734,4.4226641575824,1,4.4226641575824,False,1.520747281571963,2,2.516059823800096,False,0.9732057085897341,1,0.9732057085897341,False,0.0,0.0,0.3224890177840414,-0.3028966141662035,0.2767073013655555,0.4646190242309192,6.687767999999999,0.6171742205347946
104,repaired,-72.89240722619294,60,1.1684579727608515,39,5.270025552823719,4.510239713946764,5.352448734453137,2,7.894575874493163,False,3.8832350975022347,1,3.8832350975022347,False,1.433292890852186,2,1.4624109606804272,False,2.507913,-0.07692307692307686,0.290171535600057,-0.19640368931249602,0.2767992235985608,0.7168416054412288,13.096879,0.24176627535008016
104,repaired,-70.89240722619294,60,1.6791374635401939,39,7.630714555037009,4.544425171092819,7.121441652105423,1,7.121441652105423,False,4.311413051335422,1,4.311413051335422,False,1.381481476794646,1,1.381481476794646,False,5.015826,0.4285714285714285,0.6992394572910513,-0.22389373950565455,0.19244739304574185,0.37366995515790014,10.031652,0.6988721865788347
104,repaired,-68.89240722619294,60,1.719373415137683,49,11.08202794896455,6.445387518148365,8.239407501881088,1,8.239407501881088,False,7.042579236236106,1,7.042579236236106,False,3.4512501895467,2,3.9898219598421902,False,7.245082,0.24999999999999994,0.3003886906951419,-0.09839342522462897,0.2569070336741949,0.05625518115012999,13.096879,0.29485547531119544
104,repaired,-66.89240722619294,60,2.9658381326921446,44,15.231469365526609,5.135637443470568,7.85592185400908,1,7.85592185400908,False,4.933358752368566,1,4.933358752368566,False,2.120400636513983,1,2.120400636513983,False,7.523738999999999,-0.2941176470588235,0.44696060215308225,-0.8664243438913356,0.18959864265824194,0.0,,0.7217212659639276
104,repaired,-64.89240722619294,60,11.977890441808576,38,37.69041377331262,3.146665429644858,5.323239628404446,1,5.323239628404446,False,2.6126869464113036,1,2.6126869464113036,False,0.966519634423595,1,0.966519634423595,False,7.523739,-0.3333333333333334,3.7255215758881977,-6.920348474910856,0.22274004063685354,0.15846731506121828,14.768820999999999,1.4673480802199126
104,repaired,-62.892407226192944,60,12.868658647570566,42,51.12760360689376,3.973032855024558,5.845010491480764,1,5.845010491480764,False,3.6497968299695156,1,3.6497968299695156,False,1.8410274223854755,1,1.8410274223854755,False,8.359709999999998,-0.16666666666666663,3.382153597442454,-3.8451681712666184,0.1485006186990425,0.07823612486224503,14.490164,1.1793814284494288
104,repaired,-60.892407226192944,60,13.053209241644872,48,55.68602346070646,4.266079125051189,6.023127101529376,1,6.023127101529376,False,3.9544200812696033,1,3.9544200812696033,False,2.1817210196308023,1,2.1817210196308023,False,8.081052999999999,-0.3846153846153846,2.661655022334867,-4.472502510856797,0.24734664339092943,0.030085737229906862,13.096879,1.1054556927535975
104,repaired,-58.892407226192944,60,12.223341109533498,43,54.910694536397976,4.492281941929185,6.275911750171111,1,6.275911750171111,False,4.396091394472693,1,4.396091394472693,False,2.641259346633572,1,2.641259346633572,False,7.523739,-0.14285714285714282,2.5248639961515895,-2.175987096210569,0.5486665635466085,0.3045218398841428,15.604792,0.9739058219949996
104,repaired,-56.892407226192944,60,12.472224351373853,46,59.60961371839584,4.779389148161824,6.5602770336390295,1,6.5602770336390295,False,4.612949146806197,1,4.612949146806197,False,2.9499514144859833,1,2.9499514144859833,False,7.802395999999999,-0.12499999999999997,2.672025265049208,-2.446779386171327,0.37806547667357715,0.26846301294229935,10.031652,0.9279592538745952
104,repaired,-54.892407226192944,60,12.035227923313894,40,52.329190439317095,4.348001614323253,6.051806915704871,1,6.051806915704871,False,4.195190451870861,1,4.195190451870861,False,2.6136166432093555,1,2.6136166432093555,False,7.245081999999999,-0.28571428571428564,2.270641219147044,-3.57829110039786,0.5165331936784023,0.09744501301592065,14.211507000000001,1.0578473731845353
104,repaired,-52.892407226192944,60,11.927995954847354,45,57.36767564973025,4.80949824822978,6.20102526132278,1,6.20102526132278,False,4.71598879346454,1,4.71598879346454,False,3.467163764641701,1,3.467163764641701,False,6.966424999999999,-0.5000000000000001,1.255246875999303,-5.420578312359319,0.5098300423194132,0.033694886063427035,9.752994999999999,0.9054325062077319
104,repaired,-50.892407226192944,61,11.869187531482648,40,60.1630295629531,5.068841435302336,6.596061303881646,1,6.596061303881646,False,5.099099435221451,1,5.099099435221451,False,3.528054457098153,1,3.528054457098153,False,7.523739,-0.411764705882353,1.4466566409137545,-3.5689049223140006,0.2960304198820144,0.20922109848424347,11.703593999999999,0.8256944533741036
104,repaired,-48.892407226192944,61,11.967665331919381,50,55.74808805265884,4.6582258532891245,5.967994332708507,1,5.967994332708507,False,4.494986742752923,1,4.494986742752923,False,3.145441439091897,1,3.145441439091897,False,7.523738999999999,-0.06666666666666665,2.21682849361481,-2.2276356064143346,0.2598710859733097,0.02673876447203594,15.326134999999999,1.003697423465459
104,repaired,-46.892407226192944,61,11.474453895329223,44,48.88238188450897,4.260105302650349,5.639217397359991,1,5.639217397359991,False,4.294856860514306,1,4.294856860514306,False,2.7072673853171807,1,2.7072673853171807,False,6.687767999999999,-0.28571428571428564,1.8781181328917147,-3.4683260478211806,0.180499806752899,0.5524247002444838,15.604792,1.0716352670412588
104,repaired,-44.892407226192944,61,11.775786798303152,50,56.97352624969922,4.838192744616342,6.092954467401681,1,6.092954467401681,False,4.817916681352511,1,4.817916681352511,False,3.23301135940286,1,3.23301135940286,False,7.802395999999999,-0.5294117647058825,1.35834055326087,-5.163464672124512,0.14557831239168578,0.12687257134683894,15.604792,0.919886544940791
104,repaired,-42.892407226192944,61,11.455266397853055,47,53.36241205584508,4.65833008177324,5.9215491955619495,1,5.9215491955619495,False,4.506756978095774,1,4.506756978095774,False,3.0601280317302697,1,3.0601280317302697,False,8.359709999999998,-0.19999999999999996,2.0860036028098548,-2.0652847414387856,0.11246275446836852,0.15026573772837196,13.096879,1.0179565839368305
104,repaired,-40.892407226192944,61,10.726788178716294,45,52.37738111773004,4.882857780454297,6.164449942718447,1,6.164449942718447,False,5.012031617578274,1,5.012031617578274,False,3.306536325216294,1,3.306536325216294,False,6.966425,-0.411764705882353,1.244602310721803,-2.5017173312272916,0.3165225470056029,0.0,,0.8633182969535209
104,repaired,-38.892407226192944,61,11.603393493498963,54,54.455985894219076,4.6931086086780684,6.178292987853725,1,6.178292987853725,False,4.556452563958651,1,4.556452563958651,False,2.976503142808343,1,2.976503142808343,False,7.802395999999999,-0.46666666666666673,1.6709762912325605,-4.028462317180619,0.20110822822344707,0.0900654945752086,16.440763,0.9994244685800273
104,repaired,-36.892407226192944,61,11.41523082207149,59,52.715363978487986,4.617984936105031,6.085034049526051,1,6.085034049526051,False,4.4865519678490635,1,4.4865519678490635,False,2.520328468047314,1,2.520328468047314,False,7.802395999999999,-0.37499999999999994,1.831388863767576,-4.330773626401496,0.0,0.13279003638500486,,1.0238020799737415
104,repaired,-34.892407226192944,61,11.683377221746445,42,60.10659252904195,5.14462482792772,6.764219412616876,1,6.764219412616876,False,4.994644431179278,1,4.994644431179278,False,3.4409770904900627,1,3.4409770904900627,False,8.081052999999999,-0.6470588235294118,1.1421433802521987,-6.510926837677687,0.13204164724352757,0.16129139094332276,13.654193,0.8414653293208083
104,repaired,-32.892407226192944,61,11.18582495175797,51,65.02838317699084,5.813463330370725,7.44659057387642,1,7.44659057387642,False,5.70281120155336,1,5.70281120155336,False,4.232634379738615,1,4.232634379738615,False,8.359709999999998,-0.15789473684210523,1.333520892771879,-1.8940328701444606,0.06557858329780525,0.022750386172664665,15.326134999999999,0.6548993315325692
104,repaired,-30.892407226192944,61,11.479745092558288,61,56.87769356090405,4.95461293803247,6.274756722656927,1,6.274756722656927,False,4.934429327457638,1,4.934429327457638,False,3.058427393920491,1,3.058427393920491,False,8.081052999999999,-0.0588235294117647,2.362759534364449,-2.0096952306763476,0.0,0.0,,0.8999785147437054
104,repaired,-28.892407226192944,61,10.895682770311527,60,54.05227726487755,4.960889409533727,6.509470321557114,1,6.509470321557114,False,4.822920100624906,1,4.822920100624906,False,3.1803448352471206,1,3.1803448352471206,False,7.245082,-0.0588235294117647,2.1856112771090226,-1.9823718473874379,0.0,0.07054050796588902,,0.9100221383498271
104,repaired,-26.892407226192944,61,10.93898039192078,49,50.95212547729874,4.657849603143135,6.209886161168009,1,6.209886161168009,False,4.55849077910737,1,4.55849077910737,False,3.0374541832245985,1,3.0374541832245985,False,7.802395999999999,-0.3333333333333334,1.64119054542025,-3.0847007677692844,0.08756541348218642,0.21137751104197178,9.752994999999999,0.9722164144237853
104,repaired,-24.892407226192944,61,10.6654046397922,60,54.840377829004886,5.1418937847325195,6.123464516102742,1,6.123464516102742,False,4.9307755375974205,1,4.9307755375974205,False,3.7676348530206525,1,3.7676348530206525,False,7.802395999999999,0.0588235294117647,2.4354227872722896,-0.948610506855792,0.0,0.0022896256733707324,,0.8954143095769178
104,repaired,-22.892407226192944,61,10.628599951629635,58,60.03698667320164,5.648626060480942,7.043658701474607,1,7.043658701474607,False,5.480874853982821,1,5.480874853982821,False,3.9942976187200525,1,3.9942976187200525,False,8.081052999999999,-0.44444444444444453,1.1405752376619183,-1.9649746300362592,0.09443865290947336,0.0,,0.744248735144669
104,repaired,-20.892407226192944,61,10.69032029646759,61,55.37344219290526,5.179773912967074,6.838944955691055,1,6.838944955691055,False,5.004468095920593,1,5.004468095920593,False,3.314115560893116,1,3.314115560893116,False,7.802395999999999,-0.0588235294117647,1.7184763602922288,-2.215984998523918,0.0,0.0,,0.8627109620528143
104,repaired,-18.892407226192944,61,11.214232862932027,56,52.48447185086402,4.680166043666552,6.133923383641338,1,6.133923383641338,False,4.17478424053699,1,4.17478424053699,False,2.736205840903959,1,2.736205840903959,False,8.359709999999998,0.2857142857142857,3.749693021244563,-1.3230650422801986,0.0,0.15360903830904277,,1.0559071349235127
104,repaired,-16.892407226192944,62,10.15548982130057,61,54.53318803769408,5.3698235139100605,6.725605975314159,1,6.725605975314159,False,5.125040010404457,1,5.125040010404457,False,3.6220899931483963,1,3.6220899931483963,False,7.523739,-0.3333333333333334,1.5285727507486193,-2.270757856145111,0.0,0.0053417486991759085,,0.8613788826320461
104,repaired,-14.892407226192944,62,11.035195863105175,61,54.21911244861897,4.913289543857933,6.529389245960322,1,6.529389245960322,False,4.6155696555293755,1,4.6155696555293755,False,2.9391522138681276,1,2.9391522138681276,False,8.081052999999999,-0.12499999999999997,2.222712301567547,-2.2823397520990127,0.0,0.08386762039838759,,0.9850756826574681
104,repaired,-12.892407226192944,62,11.119906864053574,55,52.14698982365514,4.6895167793380095,5.828893215994006,1,5.828893215994006,False,4.603066524297791,1,4.603066524297791,False,3.3145457573719597,1,3.3145457573719597,False,7.245081999999999,0.0,2.270213577151152,-1.8787428964138506,0.007815401865448834,0.13884896081495252,12.818221999999999,1.019329955940297
104,repaired,-10.892407226192944,62,10.794052771033726,53,52.261489091777406,4.841692939654993,6.417751745263123,1,6.417751745263123,False,4.749190873624958,1,4.749190873624958,False,3.2105436234303184,1,3.2105436234303184,False,7.523739,0.0,2.0144547517005025,-1.9453990087541528,0.2662688626189329,0.24664250069564195,11.424937,0.9330139835107867
104,repaired,-8.892407226192944,62,10.573056174349926,58,57.94153944407811,5.480112702384331,6.775381510052204,1,6.775381510052204,False,5.248355498742228,1,5.248355498742228,False,3.894860421810672,1,3.894860421810672,False,8.359709999999998,-0.7777777777777778,0.8023661760650524,-8.40328752304844,0.0,0.16614329885318638,,0.8133195434690514
104,repaired,-6.892407226192944,62,10.35112396786537,56,48.59328822220787,4.69449389004167,5.970841917544611,1,5.970841917544611,False,4.31537477889376,1,4.31537477889376,False,3.053474467580284,1,3.053474467580284,False,7.802395999999999,0.0,2.0137558506350417,-1.9295245176231204,0.17947424426586525,0.1220649760267912,14.211507,1.0944832282594095
104,repaired,-4.892407226192944,62,10.289226786060174,57,53.04574373415451,5.155464529756579,6.750296255898518,1,6.750296255898518,False,4.599904626918903,1,4.599904626918903,False,3.3052119570104628,1,3.3052119570104628,False,8.917023999999998,0.06666666666666665,2.26074773069741,-1.2917758549283387,0.0,0.2503762073704545,,0.9742910293942265
104,repaired,-2.892407226192944,62,10.890365416299751,58,52.99464352704971,4.866195164372716,6.415822415235157,1,6.415822415235157,False,4.656940639630834,1,4.656940639630834,False,2.8958280025450804,1,2.8958280025450804,False,8.917023999999998,-0.12499999999999997,2.2743287548936397,-2.2260875805814218,0.045030737420142096,0.01846648626155444,15.326134999999999,0.9763895425047235
104,repaired,-0.8924072261929439,62,10.597939159128222,53,57.64275280675007,5.439053002781318,6.836003127569056,1,6.836003127569056,False,5.472017968623074,1,5.472017968623074,False,4.165634892553772,1,4.165634892553772,False,7.523739,-0.7777777777777778,0.694272404910545,-6.923924099285468,0.0,0.20023863044474455,,0.7427633820138199
104,repaired,1.1075927738070561,62,10.325478173038219,62,53.86504105838509,5.216711531969233,6.388350199561788,1,6.388350199561788,False,5.0742066378989845,1,5.0742066378989845,False,3.607231868485415,1,3.607231868485415,False,7.802396,-0.17647058823529407,1.7257999926713268,-1.589637206027773,0.0,0.0,,0.8893785128823076
104,repaired,3.107592773807056,62,10.701431143937953,54,57.30833158026287,5.355202571454788,6.8540333679005485,1,6.8540333679005485,False,5.227042207449565,1,5.227042207449565,False,3.629719139560097,1,3.629719139560097,False,8.638366999999999,-0.22222222222222232,1.3377423527552161,-2.7793710068537503,0.11571669548359739,0.004122672903246777,12.818221999999999,0.8113893131562859
104,repaired,5.107592773807056,62,10.796161509528268,57,54.961286518163774,5.0908173677892,6.730000559606484,1,6.730000559606484,False,4.850436083222419,1,4.850436083222419,False,3.173014287823153,1,3.173014287823153,False,7.523739,-0.0588235294117647,1.9670664396744384,-2.4585496811805823,0.11783234126266447,0.0,,0.9180575053424498
104,repaired,7.107592773807056,62,11.174124738090434,50,52.091581804889266,4.66180421517214,6.416571253108449,1,6.416571253108449,False,4.429869859656917,1,4.429869859656917,False,3.033988268461691,1,3.033988268461691,False,7.523738999999999,-0.42857142857142866,1.4693775209444384,-3.731527135577412,0.1743383883273448,0.1706449733549718,11.424937,1.0009381642588797
104,repaired,9.107592773807056,62,10.885430626694998,62,54.11448259062327,4.971276235771056,6.528871956456008,1,6.528871956456008,False,4.788905568967819,1,4.788905568967819,False,3.096268191833648,1,3.096268191833648,False,8.081052999999999,-0.17647058823529407,1.8688069200706825,-2.6589253573247897,0.0,0.0,,0.9333761006023846
104,repaired,11.107592773807056,62,10.64792362044923,59,54.90500948118572,5.156405270952658,6.671120653385023,1,6.671120653385023,False,5.030178308854737,1,5.030178308854737,False,3.6208119897025663,1,3.6208119897025663,False,7.523738999999999,0.17647058823529407,2.957427259481135,-0.9786144054352608,0.004060044124925458,0.08977449671703344,11.146279999999999,0.8710724541088207
104,repaired,13.107592773807056,62,10.164199728305931,56,56.678004435834424,5.576238754733813,7.094954882574893,1,7.094954882574893,False,5.31399408919177,1,5.31399408919177,False,4.0013187154538326,1,4.0013187154538326,False,8.081052999999999,-0.5789473684210527,1.0094652108293538,-4.702858002406375,0.061203806202894326,0.026203600140722972,10.031652,0.7844311758779725
104,repaired,15.107592773807056,62,10.366255688976988,60,53.55563235107076,5.166342984190465,6.316237468186065,1,6.316237468186065,False,4.919586057645274,1,4.919586057645274,False,3.486588694756444,1,3.486588694756444,False,8.081052999999999,-0.6470588235294118,1.1031582849433377,-6.26444620443396,0.0,0.023059175808560987,,0.9332515213026101
104,repaired,17.107592773807056,63,10.927301238162908,51,56.69916944836976,5.188762367999108,6.702315116529968,1,6.702315116529968,False,4.9856643486816505,1,4.9856643486816505,False,3.33848057362833,1,3.33848057362833,False,8.359709999999998,0.41176470588235287,3.612449811556337,-1.171037133502566,0.22267087240054723,0.1603192926745998,15.326134999999999,0.9091352238151603
104,repaired,19.107592773807056,63,10.903449157243386,48,58.23219543691743,5.34071325478072,7.065753942680126,1,7.065753942680126,False,5.250296800874377,1,5.250296800874377,False,3.758922761087461,1,3.758922761087461,False,8.359709999999998,0.11111111111111109,2.4600991506469043,-1.1851293408039376,0.18285103073249998,0.26017125781376926,11.703593999999999,0.7922137656854876
104,repaired,21.107592773807056,63,11.062055112189226,53,55.07146682439058,4.978411901393223,6.261747513725831,1,6.261747513725831,False,4.902616354766357,1,4.902616354766357,False,3.369074496441807,1,3.369074496441807,False,7.802395999999999,-0.12499999999999997,1.8547253110402457,-1.8269842539439693,0.24326088313146918,0.23442253588681597,14.768820999999999,0.9549003340957554
104,repaired,23.107592773807056,63,10.511061443972366,50,52.273641485637235,4.973202921919354,6.3458568177747425,1,6.3458568177747425,False,4.9236353130949535,1,4.9236353130949535,False,3.732492329839082,1,3.732492329839082,False,8.081052999999999,-0.2941176470588235,1.174369966529694,-2.765952372997991,0.12468342399466209,0.17858211131024235,14.490164,0.9042582254120028
104,repaired,25.107592773807056,63,10.275348468790861,52,54.77851686672653,5.331061718549436,6.8524181886327025,1,6.8524181886327025,False,5.0760979279820155,1,5.0760979279820155,False,3.3944633214234847,1,3.3944633214234847,False,8.638366999999999,0.0588235294117647,2.114588572615264,-1.646865628771813,0.5244597145294084,0.008658904392650331,13.096879,0.8732184876161541
104,repaired,27.107592773807056,63,10.634474753801722,58,52.03693071910466,4.893229983032492,6.488198148145978,1,6.488198148145978,False,4.616494519736301,1,4.616494519736301,False,3.1130456033014005,1,3.1130456033014005,False,7.523738999999999,0.24999999999999994,3.1515772111900087,-1.6756362003531569,0.0,0.21987669289936823,,1.0043814172335264
104,repaired,29.107592773807056,63,10.528927163945601,53,57.03367952479598,5.41685573817031,6.761430576424514,1,6.761430576424514,False,5.035845472871668,1,5.035845472871668,False,4.037449929826132,1,4.037449929826132,False,7.802395999999999,0.17647058823529407,2.0295995925581556,-0.9807601267423299,0.07737137798866964,0.29442255499955794,9.195681,0.8775270331926477
104,repaired,31.107592773807056,63,11.418324027157603,60,61.120481691279686,5.352841760831917,6.951790385099319,1,6.951790385099319,False,5.218732264251675,1,5.218732264251675,False,3.430919888510288,1,3.430919888510288,False,8.359709999999998,-0.11111111111111109,1.9158826507753008,-2.343991094220169,0.06409633744465162,0.06532209892573111,13.654193,0.8405495923149074
104,repaired,33.107592773807056,63,10.805856401357968,61,57.2124390104482,5.294577022442972,6.661654005796599,1,6.661654005796599,False,5.0302581379933144,1,5.0302581379933144,False,3.4827679211613125,1,3.4827679211613125,False,8.359709999999998,0.0588235294117647,2.22246303703704,-1.5956441141880626,0.0,0.05282057023071752,,0.9064465358215199
104,repaired,35.107592773807056,63,11.117299424965019,54,52.4161107860525,4.714824057751546,6.267979360464684,1,6.267979360464684,False,4.435896459987415,1,4.435896459987415,False,3.044428680580334,1,3.044428680580334,False,7.523739,0.06666666666666665,2.66753806562968,-1.7707257700629666,0.056727387277320185,0.11975325167392235,14.490164,1.0546822974077346
104,repaired,37.107592773807056,63,10.935586636844853,42,52.46041144373016,4.797219681564893,6.647567027864001,1,6.647567027864001,False,4.885813887512658,1,4.885813887512658,False,2.8914078183489216,1,2.8914078183489216,False,7.802396,0.12499999999999997,2.1806537414143863,-1.2582806277659704,0.12615229791202046,0.4636159670242661,11.703593999999999,0.8891621205302546
104,repaired,39.107592773807056,63,10.33398983692952,60,54.12440975224133,5.2375133521829556,6.832391933133203,1,6.832391933133203,False,5.009914644803076,1,5.009914644803076,False,3.583018643021938,1,3.583018643021938,False,8.081052999999999,0.17647058823529407,2.356374424056932,-1.3148344163698884,0.08297612410715438,0.0880450025954471,9.752995,0.8851661480665852
104,repaired,41.107592773807056,63,11.085778485915446,53,63.19911231843277,5.700917837996461,7.4332160600681725,1,7.4332160600681725,False,5.517451514878649,1,5.517451514878649,False,4.021535655213007,1,4.021535655213007,False,8.359709999999998,0.0,2.007742145463822,-0.9310285350753447,0.13105062978568496,0.044020954321404626,12.818221999999999,0.7368458860734699
104,repaired,43.107592773807056,63,11.414021382690994,42,55.72340301395887,4.882013196371059,6.747068335303796,1,6.747068335303796,False,4.741256188043005,1,4.741256188043005,False,2.8015762182446347,1,2.8015762182446347,False,8.359709999999998,-0.24999999999999994,1.8611935065348588,-3.2961245421933763,0.2989045828736768,0.2274113446245617,12.818221999999999,0.912209751229397
104,repaired,45.107592773807056,63,11.510581934987211,50,57.24334197977702,4.973105817159593,6.695494985714742,1,6.695494985714742,False,4.7554192740672985,1,4.7554192740672985,False,3.178989375526231,1,3.178989375526231,False,7.523738999999999,-0.37499999999999994,1.741395729279515,-3.3383738684960202,0.1443122859955448,0.07376801827489854,12.539565,0.9499700328358337
104,repaired,47.107592773807056,63,11.526785986970465,32,48.71216824550226,4.225997455020424,5.781659886230196,1,5.781659886230196,False,4.120462210333228,1,4.120462210333228,False,2.5464370457843932,1,2.5464370457843932,False,7.523739,-0.0769230769230769,2.582087846231982,-2.4335171095215373,0.6698653710792852,0.23868544552621263,12.818221999999999,1.1355067780668808
104,repaired,49.107592773807056,63,11.579175736306304,42,50.32959082018845,4.34656075409417,5.836203049433981,1,5.836203049433981,False,4.116979141477427,1,4.116979141477427,False,2.800638679531967,1,2.800638679531967,False,7.245081999999999,-0.42857142857142866,2.0794680039024485,-3.647006713065239,0.11223294247470351,0.2505214203574336,10.588966,1.1789795926883233
104,repaired,51.107592773807056,63,12.338651114520507,43,53.568114632066106,4.341488719867076,6.2341780990707525,1,6.2341780990707525,False,4.208426068802638,1,4.208426068802638,False,2.3038648270475743,1,2.3038648270475743,False,7.523738999999999,-0.14285714285714282,2.7172956543185935,-2.890708839974896,0.3513302023929973,0.39759649794233176,10.867623,1.091668532860443
104,repaired,53.107592773807056,63,11.66019994326184,48,55.35993700085448,4.747769100893137,6.322828320576853,1,6.322828320576853,False,4.677698812923529,1,4.677698812923529,False,3.0247782312653353,1,3.0247782312653353,False,7.523738999999999,-0.5000000000000001,1.4309087639932372,-5.05786466635829,0.16786778900814314,0.4168523130877144,8.917024,0.9884729670316698
104,repaired,55.107592773807056,63,12.261447441693186,44,53.84854573617833,4.3916956780383485,5.928109452978548,1,5.928109452978548,False,4.185088756031494,1,4.185088756031494,False,2.615587304558317,1,2.615587304558317,False,7.523739,-0.42857142857142866,1.9614727117958792,-5.329998762184402,0.20138304126836343,0.20453953651959347,11.982251,1.1480067861674195
104,repaired,57.107592773807056,63,12.483546606991004,51,56.784824174693,4.548773354432186,6.224916653051957,1,6.224916653051957,False,4.359264641561144,1,4.359264641561144,False,2.6776151057625746,1,2.6776151057625746,False,7.802396,-0.6000000000000001,1.717118224180942,-7.071454576609184,0.27843697267039835,0.3462226645629669,11.14628,1.0692228656228882
104,repaired,59.107592773807056,63,12.89366090348842,53,56.47413993810524,4.379992646062685,6.1736026760933385,1,6.1736026760933385,False,4.089331963638663,1,4.089331963638663,False,2.3388544425596445,1,2.3388544425596445,False,8.081052999999999,-0.3846153846153846,2.2500303909477446,-4.984539491794076,0.2703563772869247,0.12075080666231544,12.818221999999999,1.1301279839910536
104,repaired,61.107592773807056,63,12.085969093622856,34,51.92826074163639,4.29657401399746,6.177033705641444,1,6.177033705641444,False,3.996823967792417,1,3.996823967792417,False,2.352135281193707,1,2.352135281193707,False,8.081052999999999,-0.3846153846153845,2.0064978867877112,-4.948576645207425,0.2520801482178602,0.256575395585347,16.162105999999998,1.1374297464119834
116,raw,-75.72495503556839,58,9.56279423466847,47,60.77840071625614,6.3557156229413785,8.690503893441171,2,9.457526748793573,False,6.567767748666357,1,6.567767748666357,False,3.3409799357565833,1,3.3409799357565833,False,10.310309,0.3636363636363637,2.19494693398592,-0.8234984383061944,0.2585549279551569,0.0732150167506718,14.768820999999999,0.2943737457617979
116,raw,-73.72495503556839,58,9.314474722407505,48,67.93882565479053,7.293897689297764,9.823124766029707,1,9.823124766029707,False,7.319800707832707,1,7.319800707832707,False,5.2190586400800205,1,5.2190586400800205,False,10.588966,-0.30769230769230776,0.8531761548160927,-1.7843044232914689,0.25175861556753704,0.1330664043283108,13.932849999999998,0.13250990407833224
116,raw,-71.72495503556839,58,11.170531830441975,49,74.43635437106597,6.663635671151462,9.037689359300707,1,9.037689359300707,False,7.082491957688293,1,7.082491957688293,False,4.546640751781839,1,4.546640751781839,False,10.310309,-0.35999999999999993,1.0969171413667906,-2.2262305299637055,0.701748488388521,0.31888384936987757,12.818221999999999,0.20271517323857322
116,raw,-69.72495503556839,58,10.38340398785845,50,65.95943204835321,6.352390037552335,8.958915368275058,1,8.958915368275058,False,6.426219246727017,1,6.426219246727017,False,3.8244961101620536,1,3.8244961101620536,False,10.031651999999998,0.0909090909090909,2.0358246176388333,-1.254432773838108,0.17221591059815025,0.04621568956555376,13.375536,0.37374946032420814
116,raw,-67.72495503556839,58,10.824191756112437,50,50.593317885479294,4.67409660004491,7.460930721621741,1,7.460930721621741,False,4.506998861072883,1,4.506998861072883,False,1.1662202642551431,1,1.1662202642551431,False,10.031651999999998,-0.6000000000000001,1.4200665642637385,-5.558039246326488,0.04648202410924523,0.27220919376741826,12.539565,0.7198919872215132
116,raw,-65.72495503556839,58,5.090618591877556,40,23.738715927057132,4.6632281516698075,6.78513284715171,1,6.78513284715171,False,4.9273409838842985,1,4.9273409838842985,False,1.863984038924468,1,1.863984038924468,False,6.966425,0.375,1.3672022307834142,-0.6772722038014303,0.3646003200131494,0.4110380619087567,12.818221999999999,0.709476306011938
116,raw,-63.724955035568385,58,4.184100034954615,49,23.067895168841897,5.513227450617613,7.616376714491043,2,7.794078727087443,False,4.6206756465805014,2,4.72180686809275,False,2.921311362050063,1,2.921311362050063,False,7.245082,0.33333333333333315,0.7225639296989048,-0.6561517364159715,0.07034030023017064,0.20233202252901897,14.211507,0.6817426993678996
116,raw,-61.724955035568385,58,3.8583778908378683,49,23.801073034287572,6.16867339272438,9.407649976596565,1,9.407649976596565,False,5.066280537228618,1,5.066280537228618,False,2.589194307212432,1,2.589194307212432,False,9.195680999999999,0.2941176470588236,1.0697713526025767,-0.6258363455600728,0.31211190583042075,0.009363679597864235,15.326135,0.3849639695608952
116,raw,-59.724955035568385,58,5.496537107965532,52,30.708735044509947,5.586923992563814,9.732712265953625,1,9.732712265953625,False,4.682167726706721,1,4.682167726706721,False,1.897472213411615,1,1.897472213411615,False,10.310308999999998,0.5,2.306026528138971,-0.7830747259179993,0.1945209138958678,0.13917974973688066,15.883448999999999,0.5356158036635061
116,raw,-57.724955035568385,59,6.465477492300495,47,38.981853478024895,6.0292304047840215,9.215724997135277,1,9.215724997135277,False,6.382766199293274,1,6.382766199293274,False,2.7514870411051193,1,2.7514870411051193,False,9.752994999999999,0.3636363636363636,1.199605898462101,-0.7762824312840442,0.05144621096316912,0.5817228479055577,12.818221999999999,0.36961577428626385
116,raw,-55.724955035568385,59,7.5398770993704245,53,53.11950380192812,7.045141863965338,9.122913332999477,2,9.317613312019152,False,6.950807922266815,1,6.950807922266815,False,4.62267173530628,1,4.62267173530628,False,10.310308999999998,-0.49999999999999994,0.633643213219846,-2.0972537722640507,0.10177626338854692,0.0,,0.27598032205853396
116,raw,-53.724955035568385,59,12.170909456319166,56,73.12594324868103,6.008256286116224,8.553877392271584,1,8.553877392271584,False,5.56687485371895,1,5.56687485371895,False,3.520931194350296,1,3.520931194350296,False,10.031652,0.1578947368421053,2.505401113296699,-1.8800624389568992,0.2332060928693806,0.0,,0.5642664733992411
116,raw,-51.724955035568385,59,15.690457931859768,51,85.239088281838,5.432543055914158,8.116138824911536,1,8.116138824911536,False,5.103224687426115,1,5.103224687426115,False,2.88394647439132,1,2.88394647439132,False,10.031652,0.17647058823529407,3.6930339705978072,-2.6180775011842035,0.17671500387677355,0.0,,0.6985839073508034
116,raw,-49.724955035568385,59,16.27315580179949,54,93.63023404120781,5.753661747087443,8.174561412891705,1,8.174561412891705,False,5.495236211797764,1,5.495236211797764,False,3.5956838202185386,1,3.5956838202185386,False,10.588966,0.15789473684210523,3.815119139038213,-1.929371991345651,0.3827082394773324,0.0,,0.5624014509152989
116,raw,-47.724955035568385,59,15.167286054516456,46,87.83593612839485,5.791143900937993,8.078895134528942,1,8.078895134528942,False,5.758635033440539,1,5.758635033440539,False,3.3899886786712843,1,3.3899886786712843,False,9.752994999999999,0.0,2.6367042844526165,-2.6691423785516237,0.12330480197675742,0.2330414516188729,14.768820999999999,0.558205425631569
116,raw,-45.724955035568385,59,16.736075244212756,51,92.85835704157279,5.5483950500092725,7.544549169478088,1,7.544549169478088,False,5.203872092296891,1,5.203872092296891,False,2.955217218813188,1,2.955217218813188,False,11.146279999999999,-0.11111111111111109,2.519793409796762,-3.780840527405045,0.20471370331726546,0.0,,0.6970399757446445
116,raw,-43.724955035568385,59,16.36151223268058,54,93.69898013248084,5.726792169328085,8.162001978034063,1,8.162001978034063,False,5.707490660197214,1,5.707490660197214,False,3.0903374034312954,1,3.0903374034312954,False,10.588966,0.0,2.967260357793243,-2.9581536745560535,0.40363034705067424,0.05796437976575494,15.326135,0.590654793018895
116,raw,-41.724955035568385,59,16.008916330952836,58,98.27681569152065,6.1388799628807424,7.988988955964077,1,7.988988955964077,False,5.828657819172042,1,5.828657819172042,False,4.1257857836397935,1,4.1257857836397935,False,10.588966,0.19999999999999996,3.0405540397854147,-2.1567752081376725,0.0,0.021142999903760017,,0.5575645465972211
116,raw,-39.724955035568385,59,16.621129016508323,54,90.78813398214841,5.462212217471897,7.200696873031605,1,7.200696873031605,False,5.372804476878132,1,5.372804476878132,False,3.45423610217587,1,3.45423610217587,False,8.35971,0.0,2.526124589770227,-3.1143692135792036,0.0,0.33951615307757665,,0.6867721313544606
116,raw,-37.724955035568385,59,15.723981645461729,57,86.3502104978893,5.4916249869072935,6.844395245486654,1,6.844395245486654,False,5.328760485947585,1,5.328760485947585,False,3.645473870221929,1,3.645473870221929,False,10.031651999999998,0.11111111111111109,2.9292576554154044,-2.4746332930709594,0.0,0.10105703854821055,,0.7278251434320429
116,raw,-35.724955035568385,59,15.678838233604237,56,90.20966681266947,5.753593822999228,7.762146505449912,1,7.762146505449912,False,5.572043070406417,1,5.572043070406417,False,3.5804493254584777,1,3.5804493254584777,False,9.752994999999999,-0.05263157894736841,2.385173362932859,-3.056904840707078,0.08081955043149253,0.07102959486987695,13.654193,0.617604802212594
116,raw,-33.724955035568385,59,14.531930246205254,58,84.09217854569833,5.786717739555449,7.344923677183653,1,7.344923677183653,False,5.515991427827225,1,5.515991427827225,False,3.5884874890188554,1,3.5884874890188554,False,10.310309,0.33333333333333326,3.7517664937975743,-1.626573621591268,0.0642352595659906,0.0,,0.6687748230896113
116,raw,-31.724955035568385,59,15.370355100630455,47,85.89091447964189,5.588089144155092,7.672797070802908,1,7.672797070802908,False,5.427068781431252,1,5.427068781431252,False,3.137741032914568,1,3.137741032914568,False,10.588966,0.0,2.753750149571116,-2.881152595897827,0.250558478050014,0.17239479091966273,15.047478,0.6388541249853846
116,raw,-29.724955035568385,59,15.370648395591857,50,84.37881966090924,5.489607041242855,7.5515270880418806,1,7.5515270880418806,False,5.306045723870937,1,5.306045723870937,False,2.9744235671153456,1,2.9744235671153456,False,10.310309,0.0,2.987851815934382,-2.9285847984612587,0.6113578116865588,0.0,,0.6801102995667152
116,raw,-27.724955035568385,59,15.841947797226528,48,82.59424076727053,5.213641770851589,8.083479783315665,1,8.083479783315665,False,4.973796049205496,1,4.973796049205496,False,2.537616658713645,1,2.537616658713645,False,10.031652,-0.0588235294117647,3.119664990452595,-3.442074874983321,0.6440085154389903,0.0,,0.7024876563274093
116,raw,-25.724955035568385,59,15.745614672866298,49,94.35617906864529,5.992537035168592,8.297246585452164,1,8.297246585452164,False,5.736794084505452,1,5.736794084505452,False,3.7740348336182663,1,3.7740348336182663,False,10.031652,-0.36842105263157904,1.5544276065741904,-4.551060954268777,1.031683015448001,0.0,,0.5341905382731625
116,raw,-23.724955035568385,59,15.653960653523312,52,92.642989403351,5.918182078891286,7.590206929158539,1,7.590206929158539,False,5.703010086982935,1,5.703010086982935,False,3.8131287283730204,1,3.8131287283730204,False,10.031652,-0.05263157894736841,2.1250204567575506,-3.0293601364803053,0.40481708239104397,0.08767999716255157,12.260908,0.6054938586374784
116,raw,-21.724955035568385,60,15.651690569480836,60,85.22717187114408,5.445237464464585,7.639967016160789,1,7.639967016160789,False,5.273877773884552,1,5.273877773884552,False,2.7252524118858226,1,2.7252524118858226,False,10.310309,0.22222222222222218,3.6935479759393366,-2.437063959459789,0.0,0.0,,0.7012720133632865
116,raw,-19.724955035568385,60,15.085001391907598,50,88.8355921788569,5.889001258330215,8.259838956738388,1,8.259838956738388,False,5.519886787471414,1,5.519886787471414,False,3.4336947321562175,1,3.4336947321562175,False,10.867622999999998,-0.05263157894736841,2.534136822397033,-3.048997707777071,0.19470014426237547,0.06584799505720253,15.047477999999998,0.6243218952071418
116,raw,-17.724955035568385,60,15.281895058897309,53,89.90179268255886,5.882895566032364,8.158791279136935,1,8.158791279136935,False,5.445848246113554,1,5.445848246113554,False,3.7208959224786264,1,3.7208959224786264,False,10.310309,-0.05263157894736841,2.6357141553219434,-2.4859429027142323,0.3048102245407458,0.0,,0.6335304690048024
116,raw,-15.724955035568385,60,15.676929321713217,60,86.14471435926727,5.494999217732848,7.39762243122841,1,7.39762243122841,False,5.388621378390933,1,5.388621378390933,False,3.3922055994426166,1,3.3922055994426166,False,8.917024,0.11111111111111109,2.5705206842434487,-2.6554445489575067,0.0,0.0,,0.6950398875385206
116,raw,-13.724955035568385,60,15.437018912519452,59,71.52547008764195,4.633373223999529,6.248965763613234,1,6.248965763613234,False,4.522782473098988,1,4.522782473098988,False,2.607112845973311,1,2.607112845973311,False,7.523738999999999,0.06666666666666665,3.698914923404943,-3.0677429124684177,0.0163853090153733,0.0,,0.9683717087117157
116,raw,-11.724955035568385,60,14.85185859841657,53,78.73294538390343,5.301218353391644,7.763858040862376,1,7.763858040862376,False,5.047907514250063,1,5.047907514250063,False,2.7597753065628705,1,2.7597753065628705,False,9.752994999999999,-0.0588235294117647,2.898891614649435,-3.1079996658815587,0.054505068515148254,0.11069347980192784,13.654193,0.7352851385574657
116,raw,-9.724955035568385,60,15.07902537703144,53,86.29425822586037,5.722800782423569,7.921199195842185,1,7.921199195842185,False,5.436657815716007,1,5.436657815716007,False,3.4270302920235314,1,3.4270302920235314,False,10.310308999999998,0.22222222222222218,3.673334399306658,-1.6697604693773576,0.0,0.30709863062775267,,0.6546777077154285
116,raw,-7.724955035568385,60,14.81049397139494,52,90.30932194631384,6.0976576554933075,8.47199989142215,1,8.47199989142215,False,5.849934965742122,1,5.849934965742122,False,3.441324632190894,1,3.441324632190894,False,10.867622999999998,-0.30000000000000004,1.8605631800051812,-3.885080597109478,0.17980475500149484,0.0,,0.5583670201331471
116,raw,-5.724955035568385,60,14.779785297872536,56,97.9964007286263,6.630434661505692,8.732606884331172,1,8.732606884331172,False,6.087646676416224,1,6.087646676416224,False,4.279557928546259,1,4.279557928546259,False,11.703593999999999,0.047619047619047686,2.1278065860681012,-2.3509568373456933,0.20968264668494763,0.0,,0.5207570990702851
116,raw,-3.724955035568385,60,14.893864273577167,58,88.75987775916718,5.959492857514075,8.272571652067613,1,8.272571652067613,False,5.86606658428807,1,5.86606658428807,False,3.5814059242793945,1,3.5814059242793945,False,9.474338,-0.09999999999999998,2.080792897442028,-2.957503017291938,0.12796559394434853,0.0,,0.5676377501017282
116,raw,-1.7249550355683851,60,14.669196078858754,57,87.96686226852472,5.996706417695416,8.571130944201801,1,8.571130944201801,False,5.800590761014397,1,5.800590761014397,False,3.2863217556675375,1,3.2863217556675375,False,10.588966,0.29999999999999993,3.592397379407895,-1.8194019951795493,0.022035135044958364,0.0,,0.5604364220658705
116,raw,0.27504496443161486,60,14.385078485872397,56,82.77335987211876,5.754112496043075,7.9505783085531725,1,7.9505783085531725,False,5.410819973755976,1,5.410819973755976,False,3.172257027645095,1,3.172257027645095,False,10.310309,-0.22222222222222232,2.2447739335930397,-3.512425661154604,0.03644613526822639,0.10077731250687133,14.211507,0.6903124024470817
116,raw,2.275044964431615,60,14.504366630140613,60,81.82224473540435,5.641214595704902,7.798371279350606,1,7.798371279350606,False,5.455875822202877,1,5.455875822202877,False,2.9888265399696152,1,2.9888265399696152,False,10.310309,-0.2631578947368422,2.100646529891888,-3.691411541845232,0.0,0.0,,0.6787382514046986
116,raw,4.275044964431615,60,15.091440023149033,55,89.48212164049085,5.9293295738002865,8.244997679032268,1,8.244997679032268,False,5.815572953825218,1,5.815572953825218,False,3.127054528266253,1,3.127054528266253,False,10.867622999999998,-0.30000000000000004,2.0623681690089986,-3.9400552832795146,0.1128594173553588,0.0,,0.5987359271473122
116,raw,6.275044964431615,60,14.473214828983126,59,96.43295050159357,6.662856292886855,8.485619841174229,1,8.485619841174229,False,6.423058533300333,1,6.423058533300333,False,4.658621570611274,1,4.658621570611274,False,10.588966,-0.1818181818181818,1.3927130205830902,-2.874425645475548,0.046369171377831725,0.0,,0.452428077564047
116,raw,8.275044964431615,60,15.29519519237372,57,94.09028858041837,6.151623918296406,7.8089445840588905,1,7.8089445840588905,False,5.885650618369258,1,5.885650618369258,False,3.8507960207340024,1,3.8507960207340024,False,10.588966,0.09999999999999998,2.48410931829687,-2.4460688217263225,0.1756665904938766,0.0,,0.6030821752556103
116,raw,10.275044964431615,60,14.936812168031786,56,94.56418745990416,6.330948424342731,8.354041069558637,1,8.354041069558637,False,6.25359449948308,1,6.25359449948308,False,4.301635124684946,1,4.301635124684946,False,10.588966,-0.0909090909090909,2.045282594493269,-2.412660994946737,0.05343735098044782,0.24593371028463662,12.818221999999999,0.47092836261282445
116,raw,12.275044964431615,60,14.66421092889686,56,92.91831586197857,6.33640066366452,8.475130634770672,1,8.475130634770672,False,6.152304230655467,1,6.152304230655467,False,3.922531407681233,1,3.922531407681233,False,11.146279999999999,0.04761904761904761,2.538928202916403,-2.069827671603541,0.0,0.10534537672568559,,0.5011590537317764
116,raw,14.275044964431615,61,14.882702928528742,60,87.9173931579736,5.90735389802374,8.02108657498971,1,8.02108657498971,False,5.799843494272003,1,5.799843494272003,False,3.411152860934714,1,3.411152860934714,False,10.588966,-0.29999999999999993,1.8190494143843325,-3.5112660519129193,0.0,0.04390812064382362,,0.6020276142699497
116,raw,16.275044964431615,61,14.91181494929667,59,89.18876987719695,5.981080785971236,8.41266764940804,1,8.41266764940804,False,5.670162632928317,1,5.670162632928317,False,3.486698416699305,1,3.486698416699305,False,10.310309,0.05263157894736841,2.6186043639526404,-2.506147874322544,0.019147974609326435,0.30897096466559265,16.440762999999997,0.6174147446083782
116,raw,18.275044964431615,61,15.130872318725942,59,94.73154611385509,6.260811942522011,8.705206439990171,1,8.705206439990171,False,6.1563052978152495,1,6.1563052978152495,False,3.715155619872931,1,3.715155619872931,False,10.867622999999998,0.0,2.879032309475536,-2.5960548987575396,0.417819543786564,0.0,,0.5464611652173809
116,raw,20.275044964431615,61,15.26037451183497,59,95.78867741158672,6.276954562111117,8.764112903491732,1,8.764112903491732,False,6.010076210836586,1,6.010076210836586,False,3.6611026594290057,1,3.6611026594290057,False,10.588966,0.04761904761904761,2.796382766873825,-2.329382917521731,0.07077743895289816,0.0,,0.5353730291024302
116,raw,22.275044964431615,61,15.309951262137279,60,92.66852087501607,6.052829253884868,8.13609798859624,1,8.13609798859624,False,5.800247895513276,1,5.800247895513276,False,3.5670815859191514,1,3.5670815859191514,False,10.588966,0.19999999999999996,3.625346880649623,-2.1049284032396796,0.0005761552322136737,0.0,,0.631359846412641
116,raw,24.275044964431615,61,15.438053984378783,61,95.72379194431613,6.200508952823693,8.035631879810278,1,8.035631879810278,False,5.974645210459199,1,5.974645210459199,False,3.9299176048599938,1,3.9299176048599938,False,10.867622999999998,-0.04761904761904761,2.209615722388957,-2.7581649573357208,0.0,0.0,,0.5833131417501946
116,raw,26.275044964431615,61,15.155804822851923,61,97.00811902795841,6.400723693781644,8.51697623617357,1,8.51697623617357,False,5.844124062563206,1,5.844124062563206,False,4.061046733643531,1,4.061046733643531,False,11.146279999999999,0.0,2.508745888626315,-2.3189917980846904,0.0,0.0,,0.5828639244536092
116,raw,28.275044964431615,61,15.386124349480747,59,96.55560755449842,6.275498973057305,8.673750419570403,1,8.673750419570403,False,6.109498529591372,1,6.109498529591372,False,3.5766969469588252,1,3.5766969469588252,False,10.588966,0.14285714285714285,3.208389578931779,-2.0610930152301745,0.1616765017321479,0.0,,0.5394214549690088
116,raw,30.275044964431615,61,15.24962657545304,61,97.01318444630185,6.361676069003661,8.580289796301578,1,8.580289796301578,False,6.131129863301316,1,6.131129863301316,False,3.572105141259362,1,3.572105141259362,False,11.146279999999999,0.14285714285714285,3.0823571168796287,-2.183232792703926,0.0,0.0,,0.556068201732389
116,raw,32.275044964431615,61,15.327573580309709,61,95.50895773777408,6.231185727952919,8.56001354775665,1,8.56001354775665,False,6.183506639855866,1,6.183506639855866,False,3.864732620761021,1,3.864732620761021,False,10.031652,0.14285714285714285,2.8259187201710674,-2.15447065346593,0.0,0.0,,0.5210646712290284
116,raw,34.275044964431615,61,15.401378574389161,61,90.87813112267551,5.900649132396245,7.729289740603196,1,7.729289740603196,False,5.632425511789455,1,5.632425511789455,False,3.6630260943741098,1,3.6630260943741098,False,11.146279999999999,0.05263157894736841,2.290699265133826,-2.732508059555947,0.0,0.0,,0.6770160868136168
116,raw,36.275044964431615,61,15.767627788504917,61,92.94286865220523,5.894537206158775,7.69848367725654,1,7.69848367725654,False,5.706487907049254,1,5.706487907049254,False,3.3798152846171168,1,3.3798152846171168,False,10.588966,-0.05263157894736841,2.389978219366213,-2.6297491226289478,0.0,0.0,,0.6364782711485029
116,raw,38.275044964431615,61,15.282582220639776,61,89.49850584911734,5.856242391305169,8.068372977526192,1,8.068372977526192,False,5.383887181608235,1,5.383887181608235,False,2.8743326383300434,1,2.8743326383300434,False,11.146279999999997,0.0,2.7541185202818,-2.679562590045347,0.0,0.0,,0.7193909058100939
116,raw,40.275044964431615,61,14.794720251141973,61,88.55708726501813,5.9857223226767395,7.978090598775274,1,7.978090598775274,False,5.584620172836865,1,5.584620172836865,False,3.5805253747561006,1,3.5805253747561006,False,10.867622999999998,-0.15789473684210523,2.1885518330426352,-3.0872620701161746,0.0,0.0,,0.6700833097471436
116,raw,42.275044964431615,61,15.365611184969486,59,91.97486815226887,5.985760478062723,8.272080514274258,1,8.272080514274258,False,5.571050756032344,1,5.571050756032344,False,3.391031538524568,1,3.391031538524568,False,11.424937,-0.15789473684210523,2.5667349947704228,-2.941243936511278,0.0,0.05987401207456072,,0.6510467276798986
116,raw,44.275044964431615,61,15.63626718168751,55,83.62683568334717,5.348260854821357,7.375851205037216,1,7.375851205037216,False,4.942151544993269,1,4.942151544993269,False,3.022968569874607,1,3.022968569874607,False,10.310309,-0.0588235294117647,2.807394894762314,-3.636656293565601,0.20605022071743856,0.10529993635189748,16.162106,0.825473588793421
116,raw,46.275044964431615,61,10.751473465632598,55,58.007560939892436,5.395312663451695,8.114659620653054,1,8.114659620653054,False,4.637532477808355,1,4.637532477808355,False,3.2261474306460833,1,3.2261474306460833,False,9.752994999999999,0.25000000000000006,2.6686419277711813,-1.7064348415359105,0.1353619826637406,0.00801788640543785,14.490164,0.8329440572637874
116,raw,48.275044964431615,61,8.959228116085594,57,56.74733280358287,6.333953334852303,9.372306503457738,1,9.372306503457738,False,6.024967283741033,1,6.024967283741033,False,3.2985902915909096,1,3.2985902915909096,False,10.310309,-0.09999999999999996,1.3222719316369589,-1.6123597289162248,0.0,0.16765564905555844,,0.479156341317819
116,raw,50.275044964431615,62,15.780622473775287,55,83.9625540234883,5.320611031853768,8.129282750094795,1,8.129282750094795,False,4.797996624095038,1,4.797996624095038,False,2.1477370353525025,1,2.1477370353525025,False,11.146279999999999,0.17647058823529407,4.189878228462956,-2.7897764898471995,0.13972078004211244,0.274627545978547,14.490164,0.7408831627016926
116,raw,52.275044964431615,62,15.799127316489516,48,93.66315928038651,5.928375498476455,8.179197688756012,1,8.179197688756012,False,5.660232354900501,1,5.660232354900501,False,3.223057140208802,1,3.223057140208802,False,10.310309,0.05263157894736841,2.964298969660683,-2.7784223470364795,0.190075153475883,0.1957224144555591,16.162105999999998,0.6652114244386601
116,raw,54.275044964431615,62,16.199188928433124,60,96.71247384543351,5.970204698068676,8.606552268843943,1,8.606552268843943,False,5.612945789974755,1,5.612945789974755,False,3.0245038882409743,1,3.0245038882409743,False,11.982250999999998,-0.05263157894736841,2.696620173821673,-3.16603611298994,0.047476083408811764,0.08272828826681032,15.604792,0.6495965162620118
116,raw,56.275044964431615,62,16.3710132898493,56,88.63581862200867,5.414192576397608,8.82244217280363,1,8.82244217280363,False,4.999072603140775,1,4.999072603140775,False,2.14151510190068,1,2.14151510190068,False,11.424937,0.12499999999999997,3.7757628273710147,-3.120481346763013,0.327043530855437,0.0,,0.7513491329031596
116,raw,58.275044964431615,62,12.604053351434935,55,72.90821951068287,5.784505783798708,7.355002616840594,1,7.355002616840594,False,5.520222811607481,1,5.520222811607481,False,3.622214370579539,1,3.622214370579539,False,9.752994999999999,0.0,1.7804352961233811,-2.3015616694143475,0.26594314820948706,0.12374966652234332,16.998077000000002,0.7240958182639667
116,raw,60.275044964431615,62,14.999065813690233,43,72.5303958533551,4.835660884103447,7.274935977137055,1,7.274935977137055,False,4.710996352296204,1,4.710996352296204,False,2.3005111041103437,1,2.3005111041103437,False,9.474338,0.0,3.0307977325283306,-3.4832702929749475,0.24763745014690286,0.2271678320404296,13.096879,0.8558998582707806
116,raw,62.275044964431615,62,16.515470983326463,55,81.58720237747032,4.94004696928343,7.323738642197414,1,7.323738642197414,False,4.504295044261362,1,4.504295044261362,False,2.3083797562538866,1,2.3083797562538866,False,10.310309,0.06666666666666665,4.076882382668376,-3.6108471684875223,0.012415877103426039,0.28830577055108525,12.539565,0.9438624125226017
116,raw,64.27504496443161,62,15.428705990187828,52,81.97116467352126,5.312899521557566,8.244657133532028,1,8.244657133532028,False,4.845943920335491,1,4.845943920335491,False,2.5743253618439255,1,2.5743253618439255,False,10.588966,-0.12499999999999997,2.9586075179556013,-3.5935650015635097,0.1253175224415443,0.0943148829109785,12.818221999999999,0.78730363553652
116,raw,66.27504496443161,62,16.96934852133627,62,78.80727524079263,4.644095507950996,7.332709219691382,1,7.332709219691382,False,3.9396984724189497,1,3.9396984724189497,False,1.8043043468867686,1,1.8043043468867686,False,11.146279999999999,0.07692307692307697,4.799959067014854,-4.202789702020235,0.0,0.0,,1.0435639854783552
116,repaired,-75.72495503556839,58,9.56279423466847,47,60.77840071625614,6.3557156229413785,8.690503893441171,2,9.457526748793573,False,6.567767748666357,1,6.567767748666357,False,3.3409799357565833,1,3.3409799357565833,False,10.310309,0.3636363636363637,2.19494693398592,-0.8234984383061944,0.2585549279551569,0.0732150167506718,14.768820999999999,0.2943737457617979
116,repaired,-73.72495503556839,58,9.314474722407505,48,67.93882565479053,7.293897689297764,9.823124766029707,1,9.823124766029707,False,7.319800707832707,1,7.319800707832707,False,5.2190586400800205,1,5.2190586400800205,False,10.588966,-0.30769230769230776,0.8531761548160927,-1.7843044232914689,0.25175861556753704,0.1330664043283108,13.932849999999998,0.13250990407833224
116,repaired,-71.72495503556839,58,11.170531830441975,49,74.43635437106597,6.663635671151462,9.037689359300707,1,9.037689359300707,False,7.082491957688293,1,7.082491957688293,False,4.546640751781839,1,4.546640751781839,False,10.310309,-0.35999999999999993,1.0969171413667906,-2.2262305299637055,0.701748488388521,0.31888384936987757,12.818221999999999,0.20271517323857322
116,repaired,-69.72495503556839,58,10.38340398785845,50,65.95943204835321,6.352390037552335,8.958915368275058,1,8.958915368275058,False,6.426219246727017,1,6.426219246727017,False,3.8244961101620536,1,3.8244961101620536,False,10.031651999999998,0.0909090909090909,2.0358246176388333,-1.254432773838108,0.17221591059815025,0.04621568956555376,13.375536,0.37374946032420814
116,repaired,-67.72495503556839,58,10.824191756112437,50,50.593317885479294,4.67409660004491,7.460930721621741,1,7.460930721621741,False,4.506998861072883,1,4.506998861072883,False,1.1662202642551431,1,1.1662202642551431,False,10.031651999999998,-0.6000000000000001,1.4200665642637385,-5.558039246326488,0.04648202410924523,0.27220919376741826,12.539565,0.7198919872215132
116,repaired,-65.72495503556839,58,5.090618591877556,40,23.738715927057132,4.6632281516698075,6.78513284715171,1,6.78513284715171,False,4.9273409838842985,1,4.9273409838842985,False,1.863984038924468,1,1.863984038924468,False,6.966425,0.375,1.3672022307834142,-0.6772722038014303,0.3646003200131494,0.4110380619087567,12.818221999999999,0.709476306011938
116,repaired,-63.724955035568385,58,4.184100034954615,49,23.067895168841897,5.513227450617613,7.616376714491043,2,7.794078727087443,False,4.6206756465805014,2,4.72180686809275,False,2.921311362050063,1,2.921311362050063,False,7.245082,0.33333333333333315,0.7225639296989048,-0.6561517364159715,0.07034030023017064,0.20233202252901897,14.211507,0.6817426993678996
116,repaired,-61.724955035568385,58,3.8583778908378683,49,23.801073034287572,6.16867339272438,9.407649976596565,1,9.407649976596565,False,5.066280537228618,1,5.066280537228618,False,2.589194307212432,1,2.589194307212432,False,9.195680999999999,0.2941176470588236,1.0697713526025767,-0.6258363455600728,0.31211190583042075,0.009363679597864235,15.326135,0.3849639695608952
116,repaired,-59.724955035568385,58,5.496537107965532,52,30.708735044509947,5.586923992563814,9.732712265953625,1,9.732712265953625,False,4.682167726706721,1,4.682167726706721,False,1.897472213411615,1,1.897472213411615,False,10.310308999999998,0.5,2.306026528138971,-0.7830747259179993,0.1945209138958678,0.13917974973688066,15.883448999999999,0.5356158036635061
116,repaired,-57.724955035568385,59,6.465477492300495,47,38.981853478024895,6.0292304047840215,9.215724997135277,1,9.215724997135277,False,6.382766199293274,1,6.382766199293274,False,2.7514870411051193,1,2.7514870411051193,False,9.752994999999999,0.3636363636363636,1.199605898462101,-0.7762824312840442,0.05144621096316912,0.5817228479055577,12.818221999999999,0.36961577428626385
116,repaired,-55.724955035568385,59,7.5398770993704245,53,53.11950380192812,7.045141863965338,9.122913332999477,2,9.317613312019152,False,6.950807922266815,1,6.950807922266815,False,4.62267173530628,1,4.62267173530628,False,10.310308999999998,-0.49999999999999994,0.633643213219846,-2.0972537722640507,0.10177626338854692,0.0,,0.27598032205853396
116,repaired,-53.724955035568385,59,12.170909456319166,56,73.12594324868103,6.008256286116224,8.553877392271584,1,8.553877392271584,False,5.56687485371895,1,5.56687485371895,False,3.520931194350296,1,3.520931194350296,False,10.031652,0.1578947368421053,2.505401113296699,-1.8800624389568992,0.2332060928693806,0.0,,0.5642664733992411
116,repaired,-51.724955035568385,59,15.690457931859768,51,85.239088281838,5.432543055914158,8.116138824911536,1,8.116138824911536,False,5.103224687426115,1,5.103224687426115,False,2.88394647439132,1,2.88394647439132,False,10.031652,0.17647058823529407,3.6930339705978072,-2.6180775011842035,0.17671500387677355,0.0,,0.6985839073508034
116,repaired,-49.724955035568385,59,16.27315580179949,54,93.63023404120781,5.753661747087443,8.174561412891705,1,8.174561412891705,False,5.495236211797764,1,5.495236211797764,False,3.5956838202185386,1,3.5956838202185386,False,10.588966,0.15789473684210523,3.815119139038213,-1.929371991345651,0.3827082394773324,0.0,,0.5624014509152989
116,repaired,-47.724955035568385,59,15.167286054516456,46,87.83593612839485,5.791143900937993,8.078895134528942,1,8.078895134528942,False,5.758635033440539,1,5.758635033440539,False,3.3899886786712843,1,3.3899886786712843,False,9.752994999999999,0.0,2.6367042844526165,-2.6691423785516237,0.12330480197675742,0.2330414516188729,14.768820999999999,0.558205425631569
116,repaired,-45.724955035568385,59,16.736075244212756,51,92.85835704157279,5.5483950500092725,7.544549169478088,1,7.544549169478088,False,5.203872092296891,1,5.203872092296891,False,2.955217218813188,1,2.955217218813188,False,11.146279999999999,-0.11111111111111109,2.519793409796762,-3.780840527405045,0.20471370331726546,0.0,,0.6970399757446445
116,repaired,-43.724955035568385,59,16.36151223268058,54,93.69898013248084,5.726792169328085,8.162001978034063,1,8.162001978034063,False,5.707490660197214,1,5.707490660197214,False,3.0903374034312954,1,3.0903374034312954,False,10.588966,0.0,2.967260357793243,-2.9581536745560535,0.40363034705067424,0.05796437976575494,15.326135,0.590654793018895
116,repaired,-41.724955035568385,59,16.008916330952836,58,98.27681569152065,6.1388799628807424,7.988988955964077,1,7.988988955964077,False,5.828657819172042,1,5.828657819172042,False,4.1257857836397935,1,4.1257857836397935,False,10.588966,0.19999999999999996,3.0405540397854147,-2.1567752081376725,0.0,0.021142999903760017,,0.5575645465972211
116,repaired,-39.724955035568385,59,16.621129016508323,54,90.78813398214841,5.462212217471897,7.200696873031605,1,7.200696873031605,False,5.372804476878132,1,5.372804476878132,False,3.45423610217587,1,3.45423610217587,False,8.35971,0.0,2.526124589770227,-3.1143692135792036,0.0,0.33951615307757665,,0.6867721313544606
116,repaired,-37.724955035568385,59,15.723981645461729,57,86.3502104978893,5.4916249869072935,6.844395245486654,1,6.844395245486654,False,5.328760485947585,1,5.328760485947585,False,3.645473870221929,1,3.645473870221929,False,10.031651999999998,0.11111111111111109,2.9292576554154044,-2.4746332930709594,0.0,0.10105703854821055,,0.7278251434320429
116,repaired,-35.724955035568385,59,15.678838233604237,56,90.20966681266947,5.753593822999228,7.762146505449912,1,7.762146505449912,False,5.572043070406417,1,5.572043070406417,False,3.5804493254584777,1,3.5804493254584777,False,9.752994999999999,-0.05263157894736841,2.385173362932859,-3.056904840707078,0.08081955043149253,0.07102959486987695,13.654193,0.617604802212594
116,repaired,-33.724955035568385,59,14.531930246205254,58,84.09217854569833,5.786717739555449,7.344923677183653,1,7.344923677183653,False,5.515991427827225,1,5.515991427827225,False,3.5884874890188554,1,3.5884874890188554,False,10.310309,0.33333333333333326,3.7517664937975743,-1.626573621591268,0.0642352595659906,0.0,,0.6687748230896113
116,repaired,-31.724955035568385,59,15.370355100630455,47,85.89091447964189,5.588089144155092,7.672797070802908,1,7.672797070802908,False,5.427068781431252,1,5.427068781431252,False,3.137741032914568,1,3.137741032914568,False,10.588966,0.0,2.753750149571116,-2.881152595897827,0.250558478050014,0.17239479091966273,15.047478,0.6388541249853846
116,repaired,-29.724955035568385,59,15.370648395591857,50,84.37881966090924,5.489607041242855,7.5515270880418806,1,7.5515270880418806,False,5.306045723870937,1,5.306045723870937,False,2.9744235671153456,1,2.9744235671153456,False,10.310309,0.0,2.987851815934382,-2.9285847984612587,0.6113578116865588,0.0,,0.6801102995667152
116,repaired,-27.724955035568385,59,15.841947797226528,48,82.59424076727053,5.213641770851589,8.083479783315665,1,8.083479783315665,False,4.973796049205496,1,4.973796049205496,False,2.537616658713645,1,2.537616658713645,False,10.031652,-0.0588235294117647,3.119664990452595,-3.442074874983321,0.6440085154389903,0.0,,0.7024876563274093
116,repaired,-25.724955035568385,59,15.745614672866298,49,94.35617906864529,5.992537035168592,8.297246585452164,1,8.297246585452164,False,5.736794084505452,1,5.736794084505452,False,3.7740348336182663,1,3.7740348336182663,False,10.031652,-0.36842105263157904,1.5544276065741904,-4.551060954268777,1.031683015448001,0.0,,0.5341905382731625
116,repaired,-23.724955035568385,59,15.653960653523312,52,92.642989403351,5.918182078891286,7.590206929158539,1,7.590206929158539,False,5.703010086982935,1,5.703010086982935,False,3.8131287283730204,1,3.8131287283730204,False,10.031652,-0.05263157894736841,2.1250204567575506,-3.0293601364803053,0.40481708239104397,0.08767999716255157,12.260908,0.6054938586374784
116,repaired,-21.724955035568385,60,15.651690569480836,60,85.22717187114408,5.445237464464585,7.639967016160789,1,7.639967016160789,False,5.273877773884552,1,5.273877773884552,False,2.7252524118858226,1,2.7252524118858226,False,10.310309,0.22222222222222218,3.6935479759393366,-2.437063959459789,0.0,0.0,,0.7012720133632865
116,repaired,-19.724955035568385,60,15.085001391907598,50,88.8355921788569,5.889001258330215,8.259838956738388,1,8.259838956738388,False,5.519886787471414,1,5.519886787471414,False,3.4336947321562175,1,3.4336947321562175,False,10.867622999999998,-0.05263157894736841,2.534136822397033,-3.048997707777071,0.19470014426237547,0.06584799505720253,15.047477999999998,0.6243218952071418
116,repaired,-17.724955035568385,60,15.281895058897309,53,89.90179268255886,5.882895566032364,8.158791279136935,1,8.158791279136935,False,5.445848246113554,1,5.445848246113554,False,3.7208959224786264,1,3.7208959224786264,False,10.310309,-0.05263157894736841,2.6357141553219434,-2.4859429027142323,0.3048102245407458,0.0,,0.6335304690048024
116,repaired,-15.724955035568385,60,15.676929321713217,60,86.14471435926727,5.494999217732848,7.39762243122841,1,7.39762243122841,False,5.388621378390933,1,5.388621378390933,False,3.3922055994426166,1,3.3922055994426166,False,8.917024,0.11111111111111109,2.5705206842434487,-2.6554445489575067,0.0,0.0,,0.6950398875385206
116,repaired,-13.724955035568385,60,15.437018912519452,59,71.52547008764195,4.633373223999529,6.248965763613234,1,6.248965763613234,False,4.522782473098988,1,4.522782473098988,False,2.607112845973311,1,2.607112845973311,False,7.523738999999999,0.06666666666666665,3.698914923404943,-3.0677429124684177,0.0163853090153733,0.0,,0.9683717087117157
116,repaired,-11.724955035568385,60,14.85185859841657,53,78.73294538390343,5.301218353391644,7.763858040862376,1,7.763858040862376,False,5.047907514250063,1,5.047907514250063,False,2.7597753065628705,1,2.7597753065628705,False,9.752994999999999,-0.0588235294117647,2.898891614649435,-3.1079996658815587,0.054505068515148254,0.11069347980192784,13.654193,0.7352851385574657
116,repaired,-9.724955035568385,60,15.07902537703144,53,86.29425822586037,5.722800782423569,7.921199195842185,1,7.921199195842185,False,5.436657815716007,1,5.436657815716007,False,3.4270302920235314,1,3.4270302920235314,False,10.310308999999998,0.22222222222222218,3.673334399306658,-1.6697604693773576,0.0,0.30709863062775267,,0.6546777077154285
116,repaired,-7.724955035568385,60,14.81049397139494,52,90.30932194631384,6.0976576554933075,8.47199989142215,1,8.47199989142215,False,5.849934965742122,1,5.849934965742122,False,3.441324632190894,1,3.441324632190894,False,10.867622999999998,-0.30000000000000004,1.8605631800051812,-3.885080597109478,0.17980475500149484,0.0,,0.5583670201331471
116,repaired,-5.724955035568385,60,14.779785297872536,56,97.9964007286263,6.630434661505692,8.732606884331172,1,8.732606884331172,False,6.087646676416224,1,6.087646676416224,False,4.279557928546259,1,4.279557928546259,False,11.703593999999999,0.047619047619047686,2.1278065860681012,-2.3509568373456933,0.20968264668494763,0.0,,0.5207570990702851
116,repaired,-3.724955035568385,60,14.893864273577167,58,88.75987775916718,5.959492857514075,8.272571652067613,1,8.272571652067613,False,5.86606658428807,1,5.86606658428807,False,3.5814059242793945,1,3.5814059242793945,False,9.474338,-0.09999999999999998,2.080792897442028,-2.957503017291938,0.12796559394434853,0.0,,0.5676377501017282
116,repaired,-1.7249550355683851,60,14.669196078858754,57,87.96686226852472,5.996706417695416,8.571130944201801,1,8.571130944201801,False,5.800590761014397,1,5.800590761014397,False,3.2863217556675375,1,3.2863217556675375,False,10.588966,0.29999999999999993,3.592397379407895,-1.8194019951795493,0.022035135044958364,0.0,,0.5604364220658705
116,repaired,0.27504496443161486,60,14.385078485872397,56,82.77335987211876,5.754112496043075,7.9505783085531725,1,7.9505783085531725,False,5.410819973755976,1,5.410819973755976,False,3.172257027645095,1,3.172257027645095,False,10.310309,-0.22222222222222232,2.2447739335930397,-3.512425661154604,0.03644613526822639,0.10077731250687133,14.211507,0.6903124024470817
116,repaired,2.275044964431615,60,14.504366630140613,60,81.82224473540435,5.641214595704902,7.798371279350606,1,7.798371279350606,False,5.455875822202877,1,5.455875822202877,False,2.9888265399696152,1,2.9888265399696152,False,10.310309,-0.2631578947368422,2.100646529891888,-3.691411541845232,0.0,0.0,,0.6787382514046986
116,repaired,4.275044964431615,60,15.091440023149033,55,89.48212164049085,5.9293295738002865,8.244997679032268,1,8.244997679032268,False,5.815572953825218,1,5.815572953825218,False,3.127054528266253,1,3.127054528266253,False,10.867622999999998,-0.30000000000000004,2.0623681690089986,-3.9400552832795146,0.1128594173553588,0.0,,0.5987359271473122
116,repaired,6.275044964431615,60,14.473214828983126,59,96.43295050159357,6.662856292886855,8.485619841174229,1,8.485619841174229,False,6.423058533300333,1,6.423058533300333,False,4.658621570611274,1,4.658621570611274,False,10.588966,-0.1818181818181818,1.3927130205830902,-2.874425645475548,0.046369171377831725,0.0,,0.452428077564047
116,repaired,8.275044964431615,60,15.29519519237372,57,94.09028858041837,6.151623918296406,7.8089445840588905,1,7.8089445840588905,False,5.885650618369258,1,5.885650618369258,False,3.8507960207340024,1,3.8507960207340024,False,10.588966,0.09999999999999998,2.48410931829687,-2.4460688217263225,0.1756665904938766,0.0,,0.6030821752556103
116,repaired,10.275044964431615,60,14.936812168031786,56,94.56418745990416,6.330948424342731,8.354041069558637,1,8.354041069558637,False,6.25359449948308,1,6.25359449948308,False,4.301635124684946,1,4.301635124684946,False,10.588966,-0.0909090909090909,2.045282594493269,-2.412660994946737,0.05343735098044782,0.24593371028463662,12.818221999999999,0.47092836261282445
116,repaired,12.275044964431615,60,14.66421092889686,56,92.91831586197857,6.33640066366452,8.475130634770672,1,8.475130634770672,False,6.152304230655467,1,6.152304230655467,False,3.922531407681233,1,3.922531407681233,False,11.146279999999999,0.04761904761904761,2.538928202916403,-2.069827671603541,0.0,0.10534537672568559,,0.5011590537317764
116,repaired,14.275044964431615,61,14.882702928528742,60,87.9173931579736,5.90735389802374,8.02108657498971,1,8.02108657498971,False,5.799843494272003,1,5.799843494272003,False,3.411152860934714,1,3.411152860934714,False,10.588966,-0.29999999999999993,1.8190494143843325,-3.5112660519129193,0.0,0.04390812064382362,,0.6020276142699497
116,repaired,16.275044964431615,61,14.91181494929667,59,89.18876987719695,5.981080785971236,8.41266764940804,1,8.41266764940804,False,5.670162632928317,1,5.670162632928317,False,3.486698416699305,1,3.486698416699305,False,10.310309,0.05263157894736841,2.6186043639526404,-2.506147874322544,0.019147974609326435,0.30897096466559265,16.440762999999997,0.6174147446083782
116,repaired,18.275044964431615,61,15.130872318725942,59,94.73154611385509,6.260811942522011,8.705206439990171,1,8.705206439990171,False,6.1563052978152495,1,6.1563052978152495,False,3.715155619872931,1,3.715155619872931,False,10.867622999999998,0.0,2.879032309475536,-2.5960548987575396,0.417819543786564,0.0,,0.5464611652173809
116,repaired,20.275044964431615,61,15.26037451183497,59,95.78867741158672,6.276954562111117,8.764112903491732,1,8.764112903491732,False,6.010076210836586,1,6.010076210836586,False,3.6611026594290057,1,3.6611026594290057,False,10.588966,0.04761904761904761,2.796382766873825,-2.329382917521731,0.07077743895289816,0.0,,0.5353730291024302
116,repaired,22.275044964431615,61,15.309951262137279,60,92.66852087501607,6.052829253884868,8.13609798859624,1,8.13609798859624,False,5.800247895513276,1,5.800247895513276,False,3.5670815859191514,1,3.5670815859191514,False,10.588966,0.19999999999999996,3.625346880649623,-2.1049284032396796,0.0005761552322136737,0.0,,0.631359846412641
116,repaired,24.275044964431615,61,15.438053984378783,61,95.72379194431613,6.200508952823693,8.035631879810278,1,8.035631879810278,False,5.974645210459199,1,5.974645210459199,False,3.9299176048599938,1,3.9299176048599938,False,10.867622999999998,-0.04761904761904761,2.209615722388957,-2.7581649573357208,0.0,0.0,,0.5833131417501946
116,repaired,26.275044964431615,61,15.155804822851923,61,97.00811902795841,6.400723693781644,8.51697623617357,1,8.51697623617357,False,5.844124062563206,1,5.844124062563206,False,4.061046733643531,1,4.061046733643531,False,11.146279999999999,0.0,2.508745888626315,-2.3189917980846904,0.0,0.0,,0.5828639244536092
116,repaired,28.275044964431615,61,15.386124349480747,59,96.55560755449842,6.275498973057305,8.673750419570403,1,8.673750419570403,False,6.109498529591372,1,6.109498529591372,False,3.5766969469588252,1,3.5766969469588252,False,10.588966,0.14285714285714285,3.208389578931779,-2.0610930152301745,0.1616765017321479,0.0,,0.5394214549690088
116,repaired,30.275044964431615,61,15.24962657545304,61,97.01318444630185,6.361676069003661,8.580289796301578,1,8.580289796301578,False,6.131129863301316,1,6.131129863301316,False,3.572105141259362,1,3.572105141259362,False,11.146279999999999,0.14285714285714285,3.0823571168796287,-2.183232792703926,0.0,0.0,,0.556068201732389
116,repaired,32.275044964431615,61,15.327573580309709,61,95.50895773777408,6.231185727952919,8.56001354775665,1,8.56001354775665,False,6.183506639855866,1,6.183506639855866,False,3.864732620761021,1,3.864732620761021,False,10.031652,0.14285714285714285,2.8259187201710674,-2.15447065346593,0.0,0.0,,0.5210646712290284
116,repaired,34.275044964431615,61,15.401378574389161,61,90.87813112267551,5.900649132396245,7.729289740603196,1,7.729289740603196,False,5.632425511789455,1,5.632425511789455,False,3.6630260943741098,1,3.6630260943741098,False,11.146279999999999,0.05263157894736841,2.290699265133826,-2.732508059555947,0.0,0.0,,0.6770160868136168
116,repaired,36.275044964431615,61,15.767627788504917,61,92.94286865220523,5.894537206158775,7.69848367725654,1,7.69848367725654,False,5.706487907049254,1,5.706487907049254,False,3.3798152846171168,1,3.3798152846171168,False,10.588966,-0.05263157894736841,2.389978219366213,-2.6297491226289478,0.0,0.0,,0.6364782711485029
116,repaired,38.275044964431615,61,15.282582220639776,61,89.49850584911734,5.856242391305169,8.068372977526192,1,8.068372977526192,False,5.383887181608235,1,5.383887181608235,False,2.8743326383300434,1,2.8743326383300434,False,11.146279999999997,0.0,2.7541185202818,-2.679562590045347,0.0,0.0,,0.7193909058100939
116,repaired,40.275044964431615,61,14.794720251141973,61,88.55708726501813,5.9857223226767395,7.978090598775274,1,7.978090598775274,False,5.584620172836865,1,5.584620172836865,False,3.5805253747561006,1,3.5805253747561006,False,10.867622999999998,-0.15789473684210523,2.1885518330426352,-3.0872620701161746,0.0,0.0,,0.6700833097471436
116,repaired,42.275044964431615,61,15.365611184969486,59,91.97486815226887,5.985760478062723,8.272080514274258,1,8.272080514274258,False,5.571050756032344,1,5.571050756032344,False,3.391031538524568,1,3.391031538524568,False,11.424937,-0.15789473684210523,2.5667349947704228,-2.941243936511278,0.0,0.05987401207456072,,0.6510467276798986
116,repaired,44.275044964431615,61,15.63626718168751,55,83.62683568334717,5.348260854821357,7.375851205037216,1,7.375851205037216,False,4.942151544993269,1,4.942151544993269,False,3.022968569874607,1,3.022968569874607,False,10.310309,-0.0588235294117647,2.807394894762314,-3.636656293565601,0.20605022071743856,0.10529993635189748,16.162106,0.825473588793421
116,repaired,46.275044964431615,61,10.751473465632598,55,58.007560939892436,5.395312663451695,8.114659620653054,1,8.114659620653054,False,4.637532477808355,1,4.637532477808355,False,3.2261474306460833,1,3.2261474306460833,False,9.752994999999999,0.25000000000000006,2.6686419277711813,-1.7064348415359105,0.1353619826637406,0.00801788640543785,14.490164,0.8329440572637874
116,repaired,48.275044964431615,61,8.959228116085594,57,56.74733280358287,6.333953334852303,9.372306503457738,1,9.372306503457738,False,6.024967283741033,1,6.024967283741033,False,3.2985902915909096,1,3.2985902915909096,False,10.310309,-0.09999999999999996,1.3222719316369589,-1.6123597289162248,0.0,0.16765564905555844,,0.479156341317819
116,repaired,50.275044964431615,62,15.780622473775287,55,83.9625540234883,5.320611031853768,8.129282750094795,1,8.129282750094795,False,4.797996624095038,1,4.797996624095038,False,2.1477370353525025,1,2.1477370353525025,False,11.146279999999999,0.17647058823529407,4.189878228462956,-2.7897764898471995,0.13972078004211244,0.274627545978547,14.490164,0.7408831627016926
116,repaired,52.275044964431615,62,15.799127316489516,48,93.66315928038651,5.928375498476455,8.179197688756012,1,8.179197688756012,False,5.660232354900501,1,5.660232354900501,False,3.223057140208802,1,3.223057140208802,False,10.310309,0.05263157894736841,2.964298969660683,-2.7784223470364795,0.190075153475883,0.1957224144555591,16.162105999999998,0.6652114244386601
116,repaired,54.275044964431615,62,16.199188928433124,60,96.71247384543351,5.970204698068676,8.606552268843943,1,8.606552268843943,False,5.612945789974755,1,5.612945789974755,False,3.0245038882409743,1,3.0245038882409743,False,11.982250999999998,-0.05263157894736841,2.696620173821673,-3.16603611298994,0.047476083408811764,0.08272828826681032,15.604792,0.6495965162620118
116,repaired,56.275044964431615,62,16.3710132898493,56,88.63581862200867,5.414192576397608,8.82244217280363,1,8.82244217280363,False,4.999072603140775,1,4.999072603140775,False,2.14151510190068,1,2.14151510190068,False,11.424937,0.12499999999999997,3.7757628273710147,-3.120481346763013,0.327043530855437,0.0,,0.7513491329031596
116,repaired,58.275044964431615,62,12.604053351434935,55,72.90821951068287,5.784505783798708,7.355002616840594,1,7.355002616840594,False,5.520222811607481,1,5.520222811607481,False,3.622214370579539,1,3.622214370579539,False,9.752994999999999,0.0,1.7804352961233811,-2.3015616694143475,0.26594314820948706,0.12374966652234332,16.998077000000002,0.7240958182639667
116,repaired,60.275044964431615,62,14.999065813690233,43,72.5303958533551,4.835660884103447,7.274935977137055,1,7.274935977137055,False,4.710996352296204,1,4.710996352296204,False,2.3005111041103437,1,2.3005111041103437,False,9.474338,0.0,3.0307977325283306,-3.4832702929749475,0.24763745014690286,0.2271678320404296,13.096879,0.8558998582707806
116,repaired,62.275044964431615,62,16.515470983326463,55,81.58720237747032,4.94004696928343,7.323738642197414,1,7.323738642197414,False,4.504295044261362,1,4.504295044261362,False,2.3083797562538866,1,2.3083797562538866,False,10.310309,0.06666666666666665,4.076882382668376,-3.6108471684875223,0.012415877103426039,0.28830577055108525,12.539565,0.9438624125226017
116,repaired,64.27504496443161,62,15.428705990187828,52,81.97116467352126,5.312899521557566,8.244657133532028,1,8.244657133532028,False,4.845943920335491,1,4.845943920335491,False,2.5743253618439255,1,2.5743253618439255,False,10.588966,-0.12499999999999997,2.9586075179556013,-3.5935650015635097,0.1253175224415443,0.0943148829109785,12.818221999999999,0.78730363553652
116,repaired,66.27504496443161,62,16.96934852133627,62,78.80727524079263,4.644095507950996,7.332709219691382,1,7.332709219691382,False,3.9396984724189497,1,3.9396984724189497,False,1.8043043468867686,1,1.8043043468867686,False,11.146279999999999,0.07692307692307697,4.799959067014854,-4.202789702020235,0.0,0.0,,1.0435639854783552
