tag,target,canonical,differentiable,abs_error,passed,both_undefined
real_0,D,13.506645679473877,13.506645679473877,0.0,True,False
real_0,A_med,0.5698619732077966,0.5698619732077966,0.0,True,False
real_0,ilr_z1,-1.7610573920420676,-1.7610573920420667,8.881784197001252e-16,True,False
real_0,ilr_z2,-0.1063306799927708,-0.1063306799927699,8.881784197001252e-16,True,False
real_0,ilr_z3,-1.1676937470966033,-1.1676937470966033,0.0,True,False
real_0,ilr_z4,-1.6028149867022117,-1.6028149867022132,1.5543122344752192e-15,True,False
real_0,A2_8_16,0.03672077064640309,0.036720770646403035,5.551115123125783e-17,True,False
real_0,entropy_8_16,0.9336741740150308,0.933674174015031,2.220446049250313e-16,True,False
real_0,A2_16_32,0.14864368425916435,0.14864368425916438,2.7755575615628914e-17,True,False
real_0,entropy_16_32,0.7615871772849784,0.7615871772849783,1.1102230246251565e-16,True,False
real_1,D,8.637125968933105,8.637125968933105,0.0,True,False
real_1,A_med,0.2474479139721646,0.2474479139721646,0.0,True,False
real_1,ilr_z1,0.6003846747999098,0.6003846747999103,5.551115123125783e-16,True,False
real_1,ilr_z2,-0.06928914503355843,-0.06928914503355821,2.220446049250313e-16,True,False
real_1,ilr_z3,0.3096498898541372,0.30964988985413666,5.551115123125783e-16,True,False
real_1,ilr_z4,-0.5584016556074597,-0.5584016556074599,2.220446049250313e-16,True,False
real_1,A2_8_16,0.19612325721373297,0.19612325721373297,0.0,True,False
real_1,entropy_8_16,0.9344989266450389,0.9344989266450386,2.220446049250313e-16,True,False
real_1,A2_16_32,0.5246453649519288,0.5246453649519288,0.0,True,False
real_1,entropy_16_32,0.727685109468313,0.7276851094683132,2.220446049250313e-16,True,False
real_2,D,3.8969749212265015,3.8969749212265015,0.0,True,False
real_2,A_med,0.24253570528548113,0.24253570528548113,0.0,True,False
real_2,ilr_z1,1.104998029787216,1.104998029787217,1.1102230246251565e-15,True,False
real_2,ilr_z2,0.5182216181845283,0.5182216181845297,1.4432899320127035e-15,True,False
real_2,ilr_z3,0.14773833448522328,0.1477383344852231,1.6653345369377348e-16,True,False
real_2,ilr_z4,-0.5817022439876405,-0.5817022439876407,2.220446049250313e-16,True,False
real_2,A2_8_16,0.2995539380411224,0.29955393804112246,5.551115123125783e-17,True,False
real_2,entropy_8_16,0.9205390814978175,0.9205390814978176,1.1102230246251565e-16,True,False
real_2,A2_16_32,0.36181139875813806,0.361811398758138,5.551115123125783e-17,True,False
real_2,entropy_16_32,0.754089683483039,0.7540896834830388,1.1102230246251565e-16,True,False
real_3,D,2.1620235443115234,2.1620235443115234,0.0,True,False
real_3,A_med,0.350995647916628,0.350995647916628,0.0,True,False
real_3,ilr_z1,2.082066241546125,2.082066241546126,8.881784197001252e-16,True,False
real_3,ilr_z2,-0.8615461618228943,-0.8615461618228943,0.0,True,False
real_3,ilr_z3,0.48673061336086887,0.48673061336086854,3.3306690738754696e-16,True,False
real_3,ilr_z4,-0.6259762723856899,-0.6259762723856883,1.5543122344752192e-15,True,False
real_3,A2_8_16,0.6848565322463434,0.6848565322463437,3.3306690738754696e-16,True,False
real_3,entropy_8_16,0.47797720553050593,0.4779772055305065,5.551115123125783e-16,True,False
real_3,A2_16_32,0.20772404254520455,0.20772404254520463,8.326672684688674e-17,True,False
real_3,entropy_16_32,0.7395107891662104,0.7395107891662102,2.220446049250313e-16,True,False
real_4,D,4.774026870727539,4.774026870727539,0.0,True,False
real_4,A_med,0.38283747743170576,0.38283747743170576,0.0,True,False
real_4,ilr_z1,1.7102650316149939,1.7102650316149945,6.661338147750939e-16,True,False
real_4,ilr_z2,-0.7349798880860732,-0.734979888086071,2.220446049250313e-15,True,False
real_4,ilr_z3,-0.45048755615050534,-0.45048755615050534,0.0,True,False
real_4,ilr_z4,-0.7651652276805724,-0.7651652276805724,0.0,True,False
real_4,A2_8_16,0.7663973995223651,0.766397399522365,1.1102230246251565e-16,True,False
real_4,entropy_8_16,0.4797589507759083,0.47975895077590924,9.43689570931383e-16,True,False
real_4,A2_16_32,0.14721898630050503,0.147218986300505,2.7755575615628914e-17,True,False
real_4,entropy_16_32,0.7552230570593308,0.7552230570593307,1.1102230246251565e-16,True,False
real_5,D,0.7911836206912994,0.7911836206912994,0.0,True,False
real_5,A_med,0.7214708222399228,0.7214708222399228,0.0,True,False
real_5,ilr_z1,3.691202884258958,3.691202884258956,2.220446049250313e-15,True,False
real_5,ilr_z2,-1.940805301438366,-1.9408053014383666,6.661338147750939e-16,True,False
real_5,ilr_z3,0.9850647038769604,0.9850647038769605,1.1102230246251565e-16,True,False
real_5,ilr_z4,-0.33727685859778794,-0.33727685859778817,2.220446049250313e-16,True,False
real_5,A2_8_16,0.9554864475023206,0.9554864475023206,0.0,True,False
real_5,entropy_8_16,0.29775256631110847,0.297752566311109,5.551115123125783e-16,True,False
real_5,A2_16_32,0.4481311003001749,0.448131100300175,1.1102230246251565e-16,True,False
real_5,entropy_16_32,0.7113792641333744,0.7113792641333746,2.220446049250313e-16,True,False
real_6,D,6.117770195007324,6.117770195007324,0.0,True,False
real_6,A_med,0.8691893010855851,0.8691893010855851,0.0,True,False
real_6,ilr_z1,3.374157047922897,3.374157047922898,8.881784197001252e-16,True,False
real_6,ilr_z2,-1.94356293461084,-1.9435629346108407,6.661338147750939e-16,True,False
real_6,ilr_z3,1.4968804235478377,1.4968804235478383,6.661338147750939e-16,True,False
real_6,ilr_z4,0.9822989686850746,0.9822989686850755,8.881784197001252e-16,True,False
real_6,A2_8_16,0.9570384606388985,0.9570384606388989,3.3306690738754696e-16,True,False
real_6,entropy_8_16,0.30593128300973166,0.3059312830097304,1.27675647831893e-15,True,False
real_6,A2_16_32,0.32934981995209484,0.3293498199520949,5.551115123125783e-17,True,False
real_6,entropy_16_32,0.745539132652249,0.7455391326522491,1.1102230246251565e-16,True,False
real_7,D,2.632662534713745,2.632662534713745,0.0,True,False
real_7,A_med,1.092760064340996,1.092760064340996,0.0,True,False
real_7,ilr_z1,2.2203986280735353,2.2203986280735366,1.3322676295501878e-15,True,False
real_7,ilr_z2,-1.6695954016433885,-1.669595401643386,2.4424906541753444e-15,True,False
real_7,ilr_z3,0.4741676302328777,0.47416763023287745,2.7755575615628914e-16,True,False
real_7,ilr_z4,-0.5873939855573871,-0.5873939855573869,2.220446049250313e-16,True,False
real_7,A2_8_16,0.9327131526105767,0.9327131526105763,4.440892098500626e-16,True,False
real_7,entropy_8_16,0.3347323640142271,0.3347323640142267,4.440892098500626e-16,True,False
real_7,A2_16_32,0.07831705982491977,0.0783170598249197,6.938893903907228e-17,True,False
real_7,entropy_16_32,0.8154817845247797,0.8154817845247798,1.1102230246251565e-16,True,False
real_8,D,57.03376770019531,57.03376770019531,0.0,True,False
real_8,A_med,0.3400339414728189,0.3400339414728189,0.0,True,False
real_8,ilr_z1,1.7535050180301313,1.7535050180301317,4.440892098500626e-16,True,False
real_8,ilr_z2,-0.11120016116514486,-0.11120016116514497,1.1102230246251565e-16,True,False
real_8,ilr_z3,1.1746405611180333,1.1746405611180335,2.220446049250313e-16,True,False
real_8,ilr_z4,0.6565829832575614,0.6565829832575617,3.3306690738754696e-16,True,False
real_8,A2_8_16,0.2122197834193548,0.21221978341935482,2.7755575615628914e-17,True,False
real_8,entropy_8_16,0.9505772661012043,0.9505772661012045,2.220446049250313e-16,True,False
real_8,A2_16_32,0.1574855126624743,0.1574855126624742,8.326672684688674e-17,True,False
real_8,entropy_16_32,0.8371790564841007,0.837179056484101,2.220446049250313e-16,True,False
real_9,D,3.669000267982483,3.669000267982483,0.0,True,False
real_9,A_med,0.839902858973966,0.8399028589739661,1.1102230246251565e-16,True,False
real_9,ilr_z1,0.7037059434647864,0.7037059434647867,2.220446049250313e-16,True,False
real_9,ilr_z2,-0.7833634154851993,-0.783363415485199,2.220446049250313e-16,True,False
real_9,ilr_z3,0.9997244150802573,0.9997244150802573,0.0,True,False
real_9,ilr_z4,0.2369431581090661,0.23694315810906633,2.220446049250313e-16,True,False
real_9,A2_8_16,0.4145163931252033,0.4145163931252033,0.0,True,False
real_9,entropy_8_16,0.866742743252832,0.8667427432528321,1.1102230246251565e-16,True,False
real_9,A2_16_32,0.41750478219271714,0.41750478219271714,0.0,True,False
real_9,entropy_16_32,0.7623947258572057,0.762394725857206,3.3306690738754696e-16,True,False
real_10,D,46.23984718322754,46.23984718322754,0.0,True,False
real_10,A_med,2.2115242724700535,2.2115242724700535,0.0,True,False
real_10,ilr_z1,-1.0693823617288014,-1.0693823617288016,2.220446049250313e-16,True,False
real_10,ilr_z2,-0.47915754639556263,-0.4791575463955622,4.440892098500626e-16,True,False
real_10,ilr_z3,-0.7846029821962841,-0.7846029821962842,1.1102230246251565e-16,True,False
real_10,ilr_z4,0.659679389227135,0.6596793892271348,2.220446049250313e-16,True,False
real_10,A2_8_16,0.48339627495840126,0.48339627495840143,1.6653345369377348e-16,True,False
real_10,entropy_8_16,0.8710710101023688,0.8710710101023688,0.0,True,False
real_10,A2_16_32,0.5169843612886968,0.5169843612886968,0.0,True,False
real_10,entropy_16_32,0.6522315112686391,0.6522315112686394,3.3306690738754696e-16,True,False
real_11,D,17.736404418945312,17.736404418945312,0.0,True,False
real_11,A_med,0.730294028634613,0.730294028634613,0.0,True,False
real_11,ilr_z1,-0.6477430447006476,-0.6477430447006469,6.661338147750939e-16,True,False
real_11,ilr_z2,-1.0402091290257125,-1.040209129025713,4.440892098500626e-16,True,False
real_11,ilr_z3,-1.1914683288795629,-1.1914683288795636,6.661338147750939e-16,True,False
real_11,ilr_z4,-1.8476478954747517,-1.8476478954747526,8.881784197001252e-16,True,False
real_11,A2_8_16,0.814635835404978,0.8146358354049779,1.1102230246251565e-16,True,False
real_11,entropy_8_16,0.41376291424474265,0.4137629142447435,8.326672684688674e-16,True,False
real_11,A2_16_32,0.3546470817431268,0.3546470817431267,1.1102230246251565e-16,True,False
real_11,entropy_16_32,0.6910102390670603,0.6910102390670599,3.3306690738754696e-16,True,False
real_12,D,30.701452255249023,30.701452255249023,0.0,True,False
real_12,A_med,1.188968102091062,1.188968102091062,0.0,True,False
real_12,ilr_z1,-0.45505826486796114,-0.45505826486796047,6.661338147750939e-16,True,False
real_12,ilr_z2,-0.48734263155969915,-0.4873426315596989,2.220446049250313e-16,True,False
real_12,ilr_z3,0.6869775363330244,0.6869775363330244,0.0,True,False
real_12,ilr_z4,0.6925344746327072,0.6925344746327072,0.0,True,False
real_12,A2_8_16,0.5767620748559564,0.5767620748559561,3.3306690738754696e-16,True,False
real_12,entropy_8_16,0.8460415028747486,0.8460415028747489,3.3306690738754696e-16,True,False
real_12,A2_16_32,0.4679651508591732,0.4679651508591732,0.0,True,False
real_12,entropy_16_32,0.7682458269695638,0.7682458269695638,0.0,True,False
real_13,D,7.083702087402344,7.083702087402344,0.0,True,False
real_13,A_med,1.3308509546385214,1.3308509546385212,2.220446049250313e-16,True,False
real_13,ilr_z1,3.0600869399523143,3.060086939952315,8.881784197001252e-16,True,False
real_13,ilr_z2,-1.614473056844414,-1.6144730568444123,1.5543122344752192e-15,True,False
real_13,ilr_z3,0.7468216377069951,0.7468216377069953,2.220446049250313e-16,True,False
real_13,ilr_z4,-0.0535991796497234,-0.05359917964972384,4.440892098500626e-16,True,False
real_13,A2_8_16,0.9553992553647613,0.9553992553647614,1.1102230246251565e-16,True,False
real_13,entropy_8_16,0.3072768389189138,0.307276838918913,7.771561172376096e-16,True,False
real_13,A2_16_32,0.34760691548583983,0.34760691548583983,0.0,True,False
real_13,entropy_16_32,0.756633739150059,0.7566337391500592,1.1102230246251565e-16,True,False
real_14,D,6.098482370376587,6.098482370376587,0.0,True,False
real_14,A_med,1.69238254747746,1.69238254747746,0.0,True,False
real_14,ilr_z1,-0.5660781431101538,-0.5660781431101538,0.0,True,False
real_14,ilr_z2,-0.7364016366033703,-0.7364016366033701,2.220446049250313e-16,True,False
real_14,ilr_z3,0.39701586960949725,0.3970158696094975,2.220446049250313e-16,True,False
real_14,ilr_z4,-0.502038541508528,-0.5020385415085282,2.220446049250313e-16,True,False
real_14,A2_8_16,0.11743184301900414,0.11743184301900417,2.7755575615628914e-17,True,False
real_14,entropy_8_16,0.8807898326788057,0.8807898326788057,0.0,True,False
real_14,A2_16_32,0.21508428006852992,0.21508428006852995,2.7755575615628914e-17,True,False
real_14,entropy_16_32,0.7337771820648412,0.733777182064841,2.220446049250313e-16,True,False
real_15,D,46.040103912353516,46.040103912353516,0.0,True,False
real_15,A_med,0.6026683783055695,0.6026683783055695,0.0,True,False
real_15,ilr_z1,-0.4460481891914985,-0.4460481891914997,1.1657341758564144e-15,True,False
real_15,ilr_z2,-0.3389628473394497,-0.3389628473394499,2.220446049250313e-16,True,False
real_15,ilr_z3,-0.23194726870646049,-0.2319472687064603,1.942890293094024e-16,True,False
real_15,ilr_z4,-1.7498312827476878,-1.7498312827476878,0.0,True,False
real_15,A2_8_16,0.30983343989597123,0.3098334398959713,5.551115123125783e-17,True,False
real_15,entropy_8_16,0.8899661466723884,0.8899661466723884,0.0,True,False
real_15,A2_16_32,0.338270343883057,0.3382703438830569,1.1102230246251565e-16,True,False
real_15,entropy_16_32,0.6776020995416395,0.6776020995416401,5.551115123125783e-16,True,False
real_16,D,54.575416564941406,54.575416564941406,0.0,True,False
real_16,A_med,1.9279678704881542,1.9279678704881542,0.0,True,False
real_16,ilr_z1,0.503819970047946,0.5038199700479463,3.3306690738754696e-16,True,False
real_16,ilr_z2,-0.7097346951888869,-0.7097346951888867,2.220446049250313e-16,True,False
real_16,ilr_z3,1.1144419487077708,1.114441948707771,2.220446049250313e-16,True,False
real_16,ilr_z4,1.83118975872116,1.8311897587211605,4.440892098500626e-16,True,False
real_16,A2_8_16,0.6126238653005717,0.6126238653005716,1.1102230246251565e-16,True,False
real_16,entropy_8_16,0.822723822343662,0.822723822343662,0.0,True,False
real_16,A2_16_32,0.651110652809587,0.6511106528095867,3.3306690738754696e-16,True,False
real_16,entropy_16_32,0.6844924109616968,0.6844924109616969,1.1102230246251565e-16,True,False
real_17,D,5.391144275665283,5.391144275665283,0.0,True,False
real_17,A_med,0.8637443696690362,0.8637443696690362,0.0,True,False
real_17,ilr_z1,-0.08829611427288114,-0.08829611427288142,2.7755575615628914e-16,True,False
real_17,ilr_z2,-0.724579808766412,-0.724579808766412,0.0,True,False
real_17,ilr_z3,0.5637714881817464,0.5637714881817468,4.440892098500626e-16,True,False
real_17,ilr_z4,0.13627230811735788,0.13627230811735863,7.494005416219807e-16,True,False
real_17,A2_8_16,0.18322756185221728,0.18322756185221728,0.0,True,False
real_17,entropy_8_16,0.8920781841784104,0.8920781841784109,4.440892098500626e-16,True,False
real_17,A2_16_32,0.433580975657529,0.433580975657529,0.0,True,False
real_17,entropy_16_32,0.7395207141202675,0.7395207141202677,1.1102230246251565e-16,True,False
real_18,D,6.017935276031494,6.017935276031494,0.0,True,False
real_18,A_med,0.7175478934782686,0.7175478934782686,0.0,True,False
real_18,ilr_z1,0.21767164756038318,0.21767164756038293,2.498001805406602e-16,True,False
real_18,ilr_z2,-0.716092802014121,-0.7160928020141216,6.661338147750939e-16,True,False
real_18,ilr_z3,0.6033054324478799,0.6033054324478804,4.440892098500626e-16,True,False
real_18,ilr_z4,-0.15223696438456458,-0.1522369643845654,8.326672684688674e-16,True,False
real_18,A2_8_16,0.1760543368890682,0.17605433688906824,2.7755575615628914e-17,True,False
real_18,entropy_8_16,0.9140396191196739,0.9140396191196744,4.440892098500626e-16,True,False
real_18,A2_16_32,0.5892694189486222,0.5892694189486223,1.1102230246251565e-16,True,False
real_18,entropy_16_32,0.646810200340059,0.646810200340059,0.0,True,False
real_19,D,63.11563491821289,63.11563491821289,0.0,True,False
real_19,A_med,9.064103038694258,9.064103038694258,0.0,True,False
real_19,ilr_z1,-2.4535606470030062,-2.4535606470030107,4.440892098500626e-15,True,False
real_19,ilr_z2,-0.5077967197971742,-0.5077967197971778,3.552713678800501e-15,True,False
real_19,ilr_z3,-1.8037453384168267,-1.8037453384168274,6.661338147750939e-16,True,False
real_19,ilr_z4,-1.5364703840891316,-1.536470384089131,6.661338147750939e-16,True,False
real_19,A2_8_16,0.22740175093591639,0.22740175093591636,2.7755575615628914e-17,True,False
real_19,entropy_8_16,0.891137705691211,0.8911377056912113,3.3306690738754696e-16,True,False
real_19,A2_16_32,0.20806150315704827,0.2080615031570483,2.7755575615628914e-17,True,False
real_19,entropy_16_32,0.7581119696813389,0.7581119696813385,3.3306690738754696e-16,True,False
real_20,D,56.62374496459961,56.62374496459961,0.0,True,False
real_20,A_med,1.3445730667386213,1.3445730667386213,0.0,True,False
real_20,ilr_z1,-0.359555409747732,-0.3595554097477311,8.881784197001252e-16,True,False
real_20,ilr_z2,-0.9906309075698505,-0.9906309075698503,2.220446049250313e-16,True,False
real_20,ilr_z3,0.3283289710971924,0.32832897109719306,6.661338147750939e-16,True,False
real_20,ilr_z4,-0.10021643287274554,-0.10021643287274444,1.096345236817342e-15,True,False
real_20,A2_8_16,0.4099374185918524,0.40993741859185223,1.6653345369377348e-16,True,False
real_20,entropy_8_16,0.8939461590236412,0.893946159023641,1.1102230246251565e-16,True,False
real_20,A2_16_32,0.1983989873042302,0.1983989873042302,0.0,True,False
real_20,entropy_16_32,0.7621028849998367,0.7621028849998367,0.0,True,False
real_21,D,49.31291389465332,49.31291389465332,0.0,True,False
real_21,A_med,1.3731381680370502,1.3731381680370502,0.0,True,False
real_21,ilr_z1,-1.0531226439110548,-1.0531226439110541,6.661338147750939e-16,True,False
real_21,ilr_z2,-1.3097834428333022,-1.3097834428333022,0.0,True,False
real_21,ilr_z3,1.0358483854958105,1.0358483854958105,0.0,True,False
real_21,ilr_z4,0.9267653667963505,0.9267653667963509,4.440892098500626e-16,True,False
real_21,A2_8_16,0.373194618850939,0.37319461885093896,5.551115123125783e-17,True,False
real_21,entropy_8_16,0.8586780666095858,0.8586780666095855,3.3306690738754696e-16,True,False
real_21,A2_16_32,0.24867489716033242,0.24867489716033248,5.551115123125783e-17,True,False
real_21,entropy_16_32,0.721855902884194,0.721855902884194,0.0,True,False
real_22,D,63.91909408569336,63.91909408569336,0.0,True,False
real_22,A_med,6.507496998933839,6.507496998933839,0.0,True,False
real_22,ilr_z1,-2.39758431593546,-2.39758431593546,0.0,True,False
real_22,ilr_z2,-0.39810825534760497,-0.3981082553476041,8.881784197001252e-16,True,False
real_22,ilr_z3,-0.28552808748899333,-0.28552808748899405,7.216449660063518e-16,True,False
real_22,ilr_z4,-0.015231526657394733,-0.015231526657395203,4.701100619897147e-16,True,False
real_22,A2_8_16,0.19878310931441195,0.19878310931441195,0.0,True,False
real_22,entropy_8_16,0.9037557858154316,0.9037557858154311,4.440892098500626e-16,True,False
real_22,A2_16_32,0.39288494688273357,0.3928849468827334,1.6653345369377348e-16,True,False
real_22,entropy_16_32,0.6289821752321048,0.6289821752321048,0.0,True,False
real_23,D,65.08415985107422,65.08415985107422,0.0,True,False
real_23,A_med,6.829685811027613,6.829685811027612,8.881784197001252e-16,True,False
real_23,ilr_z1,-3.1491350695388713,-3.149135069538871,4.440892098500626e-16,True,False
real_23,ilr_z2,-0.6126869008028044,-0.6126869008028035,8.881784197001252e-16,True,False
real_23,ilr_z3,-0.7815358044467487,-0.7815358044467483,4.440892098500626e-16,True,False
real_23,ilr_z4,-0.6504853139139679,-0.6504853139139681,2.220446049250313e-16,True,False
real_23,A2_8_16,0.39352020883880784,0.39352020883880784,0.0,True,False
real_23,entropy_8_16,0.8812181089583156,0.8812181089583155,1.1102230246251565e-16,True,False
real_23,A2_16_32,0.44083715883109154,0.4408371588310917,1.6653345369377348e-16,True,False
real_23,entropy_16_32,0.6579685134015888,0.6579685134015888,0.0,True,False
real_24,D,16.00606060028076,16.00606060028076,0.0,True,False
real_24,A_med,0.5573334737748845,0.5573334737748845,0.0,True,False
real_24,ilr_z1,0.0955558902762104,0.09555589027621099,5.828670879282072e-16,True,False
real_24,ilr_z2,-0.5464013923450972,-0.546401392345097,2.220446049250313e-16,True,False
real_24,ilr_z3,-0.17500720681481302,-0.17500720681481238,6.38378239159465e-16,True,False
real_24,ilr_z4,-1.2444890222034886,-1.2444890222034886,0.0,True,False
real_24,A2_8_16,0.13979299705992654,0.1397929970599265,2.7755575615628914e-17,True,False
real_24,entropy_8_16,0.9474204100320134,0.9474204100320134,0.0,True,False
real_24,A2_16_32,0.015239866619204886,0.015239866619204933,4.683753385137379e-17,True,False
real_24,entropy_16_32,0.8023681910317061,0.8023681910317061,0.0,True,False
real_25,D,0.17148056626319885,0.17148056626319885,0.0,True,False
real_25,A_med,0.25353478961964515,0.25353478961964515,0.0,True,False
real_25,ilr_z1,1.5936867135270583,1.5936867135270567,1.5543122344752192e-15,True,False
real_25,ilr_z2,-0.5036461443379504,-0.5036461443379511,6.661338147750939e-16,True,False
real_25,ilr_z3,-0.15603591984446685,-0.1560359198444669,5.551115123125783e-17,True,False
real_25,ilr_z4,-1.185852515291271,-1.1858525152912704,4.440892098500626e-16,True,False
real_25,A2_8_16,0.6984861392748491,0.698486139274849,1.1102230246251565e-16,True,False
real_25,entropy_8_16,0.5816707058259681,0.5816707058259691,9.992007221626409e-16,True,False
real_25,A2_16_32,0.28500478929258427,0.2850047892925841,1.6653345369377348e-16,True,False
real_25,entropy_16_32,0.793422126501487,0.7934221265014871,1.1102230246251565e-16,True,False
real_26,D,48.2729434967041,48.2729434967041,0.0,True,False
real_26,A_med,1.754813660966502,1.754813660966502,0.0,True,False
real_26,ilr_z1,-0.805402564202215,-0.805402564202214,9.992007221626409e-16,True,False
real_26,ilr_z2,-0.6587406275693464,-0.6587406275693448,1.5543122344752192e-15,True,False
real_26,ilr_z3,0.1674302473802088,0.16743024738020842,3.885780586188048e-16,True,False
real_26,ilr_z4,-0.14238602043931128,-0.14238602043931198,6.938893903907228e-16,True,False
real_26,A2_8_16,0.3277592868738584,0.3277592868738583,1.1102230246251565e-16,True,False
real_26,entropy_8_16,0.9225450729133733,0.9225450729133735,2.220446049250313e-16,True,False
real_26,A2_16_32,0.31009828440345916,0.3100982844034592,5.551115123125783e-17,True,False
real_26,entropy_16_32,0.8200632454724791,0.820063245472479,1.1102230246251565e-16,True,False
real_27,D,9.989048480987549,9.989048480987549,0.0,True,False
real_27,A_med,0.32207122112315795,0.32207122112315795,0.0,True,False
real_27,ilr_z1,0.518099942796847,0.518099942796847,0.0,True,False
real_27,ilr_z2,-0.8482571589845281,-0.8482571589845277,4.440892098500626e-16,True,False
real_27,ilr_z3,-0.24470995317642813,-0.24470995317642844,3.0531133177191805e-16,True,False
real_27,ilr_z4,-0.353784258747753,-0.35378425874775293,5.551115123125783e-17,True,False
real_27,A2_8_16,0.4289387730949569,0.4289387730949568,1.1102230246251565e-16,True,False
real_27,entropy_8_16,0.7550180697432503,0.7550180697432503,0.0,True,False
real_27,A2_16_32,0.23545216021687806,0.235452160216878,5.551115123125783e-17,True,False
real_27,entropy_16_32,0.7939702951897054,0.7939702951897055,1.1102230246251565e-16,True,False
real_28,D,39.56353569030762,39.56353569030762,0.0,True,False
real_28,A_med,0.5222489243507809,0.5222489243507809,0.0,True,False
real_28,ilr_z1,-0.2516245196779827,-0.25162451967798316,4.440892098500626e-16,True,False
real_28,ilr_z2,-0.6824863239163869,-0.6824863239163869,0.0,True,False
real_28,ilr_z3,0.7338116968139898,0.7338116968139894,4.440892098500626e-16,True,False
real_28,ilr_z4,0.39990813584264234,0.3999081358426428,4.440892098500626e-16,True,False
real_28,A2_8_16,0.3652046962555679,0.36520469625556795,5.551115123125783e-17,True,False
real_28,entropy_8_16,0.8950148339178446,0.8950148339178446,0.0,True,False
real_28,A2_16_32,0.06947013413041761,0.06947013413041755,5.551115123125783e-17,True,False
real_28,entropy_16_32,0.816862662363664,0.816862662363664,0.0,True,False
real_29,D,17.576498985290527,17.576498985290527,0.0,True,False
real_29,A_med,0.3347003218409163,0.3347003218409163,0.0,True,False
real_29,ilr_z1,1.346765676238331,1.3467656762383309,2.220446049250313e-16,True,False
real_29,ilr_z2,-0.5972960389338273,-0.5972960389338267,6.661338147750939e-16,True,False
real_29,ilr_z3,0.3929375472045308,0.39293754720453056,2.220446049250313e-16,True,False
real_29,ilr_z4,0.3444010261431133,0.3444010261431135,2.220446049250313e-16,True,False
real_29,A2_8_16,0.6757951785952275,0.6757951785952275,0.0,True,False
real_29,entropy_8_16,0.6262326218701938,0.6262326218701934,4.440892098500626e-16,True,False
real_29,A2_16_32,0.18502786878217883,0.1850278687821789,5.551115123125783e-17,True,False
real_29,entropy_16_32,0.8010541631674892,0.8010541631674893,1.1102230246251565e-16,True,False
real_30,D,10.066497802734375,10.066497802734375,0.0,True,False
real_30,A_med,0.5314216325347324,0.5314216325347324,0.0,True,False
real_30,ilr_z1,1.6724032071369577,1.6724032071369594,1.7763568394002505e-15,True,False
real_30,ilr_z2,-0.2541646557020384,-0.25416465570203606,2.3314683517128287e-15,True,False
real_30,ilr_z3,0.3290485027796266,0.3290485027796267,1.1102230246251565e-16,True,False
real_30,ilr_z4,-0.36035129090265067,-0.3603512909026509,2.220446049250313e-16,True,False
real_30,A2_8_16,0.8450779829639314,0.8450779829639312,2.220446049250313e-16,True,False
real_30,entropy_8_16,0.42701720175174784,0.42701720175174734,4.996003610813204e-16,True,False
real_30,A2_16_32,0.5092059909120882,0.5092059909120882,0.0,True,False
real_30,entropy_16_32,0.5865722267292373,0.5865722267292373,0.0,True,False
real_31,D,48.365509033203125,48.365509033203125,0.0,True,False
real_31,A_med,0.8646365340298404,0.8646365340298404,0.0,True,False
real_31,ilr_z1,0.6713252162427729,0.6713252162427746,1.7763568394002505e-15,True,False
real_31,ilr_z2,-0.5635128269541649,-0.5635128269541646,3.3306690738754696e-16,True,False
real_31,ilr_z3,0.37866039228312265,0.37866039228312237,2.7755575615628914e-16,True,False
real_31,ilr_z4,0.48202175009155446,0.4820217500915554,9.43689570931383e-16,True,False
real_31,A2_8_16,0.6693348850193571,0.6693348850193572,1.1102230246251565e-16,True,False
real_31,entropy_8_16,0.6370850221099261,0.6370850221099258,3.3306690738754696e-16,True,False
real_31,A2_16_32,0.17070242885953016,0.17070242885953013,2.7755575615628914e-17,True,False
real_31,entropy_16_32,0.7899355667086515,0.7899355667086514,1.1102230246251565e-16,True,False
real_32,D,57.54034423828125,57.54034423828125,0.0,True,False
real_32,A_med,0.8677372999169544,0.8677372999169544,0.0,True,False
real_32,ilr_z1,-0.565884284435331,-0.5658842844353323,1.3322676295501878e-15,True,False
real_32,ilr_z2,-0.4825939650621933,-0.48259396506219576,2.4424906541753444e-15,True,False
real_32,ilr_z3,0.7043186880738525,0.7043186880738521,3.3306690738754696e-16,True,False
real_32,ilr_z4,0.31665147471847543,0.31665147471847543,0.0,True,False
real_32,A2_8_16,0.16596644916315456,0.16596644916315464,8.326672684688674e-17,True,False
real_32,entropy_8_16,0.9111624434698078,0.9111624434698079,1.1102230246251565e-16,True,False
real_32,A2_16_32,0.016918955271990742,0.016918955271990787,4.5102810375396984e-17,True,False
real_32,entropy_16_32,0.8127654769571924,0.8127654769571924,0.0,True,False
real_33,D,55.18541145324707,55.18541145324707,0.0,True,False
real_33,A_med,0.5843038896176586,0.5843038896176586,0.0,True,False
real_33,ilr_z1,-0.2612875819544632,-0.2612875819544627,4.996003610813204e-16,True,False
real_33,ilr_z2,-0.6896055104596677,-0.6896055104596671,5.551115123125783e-16,True,False
real_33,ilr_z3,-0.25791290743916734,-0.2579129074391674,5.551115123125783e-17,True,False
real_33,ilr_z4,-0.8547051457421744,-0.8547051457421734,9.992007221626409e-16,True,False
real_33,A2_8_16,0.4896822762180565,0.48968227621805666,1.6653345369377348e-16,True,False
real_33,entropy_8_16,0.67606108777259,0.6760610877725891,8.881784197001252e-16,True,False
real_33,A2_16_32,0.11654623140412326,0.11654623140412332,5.551115123125783e-17,True,False
real_33,entropy_16_32,0.780909761797037,0.780909761797037,0.0,True,False
real_34,D,8.413393497467041,8.413393497467041,0.0,True,False
real_34,A_med,3.099172881562403,3.099172881562403,0.0,True,False
real_34,ilr_z1,-0.6089312302151604,-0.6089312302151602,2.220446049250313e-16,True,False
real_34,ilr_z2,-0.6933615459710778,-0.6933615459710776,2.220446049250313e-16,True,False
real_34,ilr_z3,0.37141673405153053,0.37141673405153053,0.0,True,False
real_34,ilr_z4,-0.7012319459233151,-0.7012319459233155,4.440892098500626e-16,True,False
real_34,A2_8_16,0.22050184048978405,0.22050184048978408,2.7755575615628914e-17,True,False
real_34,entropy_8_16,0.9150234131798275,0.9150234131798275,0.0,True,False
real_34,A2_16_32,0.21900964298301848,0.21900964298301856,8.326672684688674e-17,True,False
real_34,entropy_16_32,0.7246231596036397,0.7246231596036403,6.661338147750939e-16,True,False
real_35,D,54.87403869628906,54.87403869628906,0.0,True,False
real_35,A_med,0.7647949042328561,0.7647949042328561,0.0,True,False
real_35,ilr_z1,-0.7076697354766781,-0.7076697354766789,7.771561172376096e-16,True,False
real_35,ilr_z2,-1.0783592347505078,-1.0783592347505075,2.220446049250313e-16,True,False
real_35,ilr_z3,0.9847506410048814,0.9847506410048813,1.1102230246251565e-16,True,False
real_35,ilr_z4,0.2527778325560823,0.2527778325560817,6.106226635438361e-16,True,False
real_35,A2_8_16,0.7921170240517623,0.7921170240517625,2.220446049250313e-16,True,False
real_35,entropy_8_16,0.6019932637175301,0.6019932637175304,2.220446049250313e-16,True,False
real_35,A2_16_32,0.8968670410471332,0.8968670410471336,3.3306690738754696e-16,True,False
real_35,entropy_16_32,0.3221197584802974,0.3221197584802977,3.3306690738754696e-16,True,False
real_36,D,34.34164047241211,34.34164047241211,0.0,True,False
real_36,A_med,1.8248260249942883,1.8248260249942885,2.220446049250313e-16,True,False
real_36,ilr_z1,-0.38185940449230493,-0.3818594044923045,4.440892098500626e-16,True,False
real_36,ilr_z2,-0.9537708285938596,-0.9537708285938589,7.771561172376096e-16,True,False
real_36,ilr_z3,0.673593622624693,0.6735936226246929,1.1102230246251565e-16,True,False
real_36,ilr_z4,-0.08452804267636875,-0.08452804267636944,6.938893903907228e-16,True,False
real_36,A2_8_16,0.7663044136600492,0.7663044136600492,0.0,True,False
real_36,entropy_8_16,0.5643106638256186,0.5643106638256186,0.0,True,False
real_36,A2_16_32,0.7623542306298341,0.762354230629834,1.1102230246251565e-16,True,False
real_36,entropy_16_32,0.4474832098583916,0.44748320985839163,5.551115123125783e-17,True,False
real_37,D,53.70109558105469,53.70109558105469,0.0,True,False
real_37,A_med,12.560357387242096,12.560357387242096,0.0,True,False
real_37,ilr_z1,-2.1941097912066865,-2.1941097912066856,8.881784197001252e-16,True,False
real_37,ilr_z2,-0.5734623435626784,-0.573462343562678,4.440892098500626e-16,True,False
real_37,ilr_z3,-1.050369989961102,-1.050369989961102,0.0,True,False
real_37,ilr_z4,-0.13186734945374598,-0.13186734945374573,2.498001805406602e-16,True,False
real_37,A2_8_16,0.3403376777563502,0.3403376777563503,1.1102230246251565e-16,True,False
real_37,entropy_8_16,0.8833305332666668,0.8833305332666668,0.0,True,False
real_37,A2_16_32,0.5787532916198199,0.5787532916198199,0.0,True,False
real_37,entropy_16_32,0.6920311054713827,0.6920311054713826,1.1102230246251565e-16,True,False
real_38,D,5.322521686553955,5.322521686553955,0.0,True,False
real_38,A_med,1.0998376844810436,1.0998376844810436,0.0,True,False
real_38,ilr_z1,-0.4278035863335741,-0.42780358633357407,5.551115123125783e-17,True,False
real_38,ilr_z2,-0.3138663330272986,-0.3138663330272986,0.0,True,False
real_38,ilr_z3,0.325241242886576,0.32524124288657535,6.661338147750939e-16,True,False
real_38,ilr_z4,0.27006571827461123,0.27006571827461184,6.106226635438361e-16,True,False
real_38,A2_8_16,0.0787764532597981,0.07877645325979811,1.3877787807814457e-17,True,False
real_38,entropy_8_16,0.9395803099613859,0.9395803099613862,3.3306690738754696e-16,True,False
real_38,A2_16_32,0.2592370460594325,0.2592370460594323,1.6653345369377348e-16,True,False
real_38,entropy_16_32,0.6865491045998381,0.6865491045998381,0.0,True,False
real_39,D,57.65474891662598,57.65474891662598,0.0,True,False
real_39,A_med,2.01277322504111,2.01277322504111,0.0,True,False
real_39,ilr_z1,-0.40671077802951433,-0.40671077802951555,1.2212453270876722e-15,True,False
real_39,ilr_z2,-0.763461741614128,-0.7634617416141296,1.5543122344752192e-15,True,False
real_39,ilr_z3,0.9486121749255072,0.9486121749255074,2.220446049250313e-16,True,False
real_39,ilr_z4,0.7763077458400466,0.776307745840046,5.551115123125783e-16,True,False
real_39,A2_8_16,0.38107501571153346,0.38107501571153335,1.1102230246251565e-16,True,False
real_39,entropy_8_16,0.8785112407454292,0.8785112407454297,5.551115123125783e-16,True,False
real_39,A2_16_32,0.2999349026199768,0.29993490261997685,5.551115123125783e-17,True,False
real_39,entropy_16_32,0.7581381975567303,0.7581381975567302,1.1102230246251565e-16,True,False
real_40,D,56.283456802368164,56.283456802368164,0.0,True,False
real_40,A_med,0.9623362754017651,0.9623362754017651,0.0,True,False
real_40,ilr_z1,-1.5929189804933477,-1.5929189804933468,8.881784197001252e-16,True,False
real_40,ilr_z2,-1.0979058918565299,-1.0979058918565285,1.3322676295501878e-15,True,False
real_40,ilr_z3,0.3497791055554897,0.3497791055554896,1.1102230246251565e-16,True,False
real_40,ilr_z4,-0.26385471767788915,-0.26385471767788954,3.885780586188048e-16,True,False
real_40,A2_8_16,0.5800957967821603,0.5800957967821605,2.220446049250313e-16,True,False
real_40,entropy_8_16,0.7334160088483925,0.7334160088483922,3.3306690738754696e-16,True,False
real_40,A2_16_32,0.7377146673949826,0.7377146673949826,0.0,True,False
real_40,entropy_16_32,0.5164847591567187,0.5164847591567188,1.1102230246251565e-16,True,False
real_41,D,39.722333908081055,39.722333908081055,0.0,True,False
real_41,A_med,0.7597134590061623,0.7597134590061623,0.0,True,False
real_41,ilr_z1,0.3886341584462419,0.38863415844624066,1.2212453270876722e-15,True,False
real_41,ilr_z2,-1.3418725347276172,-1.3418725347276206,3.3306690738754696e-15,True,False
real_41,ilr_z3,1.8073087436680897,1.807308743668089,6.661338147750939e-16,True,False
real_41,ilr_z4,-0.20054464873898978,-0.20054464873898978,0.0,True,False
real_41,A2_8_16,0.9018776320703372,0.9018776320703374,2.220446049250313e-16,True,False
real_41,entropy_8_16,0.4304818644961302,0.43048186449612996,2.220446049250313e-16,True,False
real_41,A2_16_32,0.8897412290399399,0.8897412290399401,2.220446049250313e-16,True,False
real_41,entropy_16_32,0.34661145968574214,0.34661145968574225,1.1102230246251565e-16,True,False
real_42,D,48.960649490356445,48.960649490356445,0.0,True,False
real_42,A_med,2.362876250095584,2.362876250095584,0.0,True,False
real_42,ilr_z1,-1.6266155261554995,-1.6266155261554995,0.0,True,False
real_42,ilr_z2,-0.5458449958898339,-0.5458449958898333,6.661338147750939e-16,True,False
real_42,ilr_z3,0.6606186008838998,0.6606186008838986,1.2212453270876722e-15,True,False
real_42,ilr_z4,-0.49644951518310576,-0.4964495151831051,6.661338147750939e-16,True,False
real_42,A2_8_16,0.583344535910139,0.5833445359101391,1.1102230246251565e-16,True,False
real_42,entropy_8_16,0.7033514574241619,0.7033514574241623,3.3306690738754696e-16,True,False
real_42,A2_16_32,0.6868187927596299,0.6868187927596303,4.440892098500626e-16,True,False
real_42,entropy_16_32,0.5082114189744553,0.5082114189744551,2.220446049250313e-16,True,False
real_43,D,52.191043853759766,52.191043853759766,0.0,True,False
real_43,A_med,4.802227944160921,4.802227944160921,0.0,True,False
real_43,ilr_z1,-1.7491680299232513,-1.7491680299232508,4.440892098500626e-16,True,False
real_43,ilr_z2,-0.47707879965582367,-0.4770787996558232,4.440892098500626e-16,True,False
real_43,ilr_z3,-0.09554936290503586,-0.09554936290503539,4.718447854656915e-16,True,False
real_43,ilr_z4,-0.44100454902226927,-0.44100454902226927,0.0,True,False
real_43,A2_8_16,0.2781051908557878,0.2781051908557877,5.551115123125783e-17,True,False
real_43,entropy_8_16,0.883508005081446,0.8835080050814463,3.3306690738754696e-16,True,False
real_43,A2_16_32,0.31266567030175446,0.3126656703017546,1.1102230246251565e-16,True,False
real_43,entropy_16_32,0.7537447790964441,0.7537447790964441,0.0,True,False
real_44,D,49.597900390625,49.597900390625,0.0,True,False
real_44,A_med,5.759937507256592,5.759937507256592,0.0,True,False
real_44,ilr_z1,-2.0254323389228364,-2.025432338922836,4.440892098500626e-16,True,False
real_44,ilr_z2,-0.5127189343514598,-0.5127189343514589,8.881784197001252e-16,True,False
real_44,ilr_z3,-1.0598064402704361,-1.0598064402704361,0.0,True,False
real_44,ilr_z4,-0.5062884582332015,-0.5062884582332015,0.0,True,False
real_44,A2_8_16,0.49690596015992183,0.4969059601599218,5.551115123125783e-17,True,False
real_44,entropy_8_16,0.8696355001505561,0.8696355001505561,0.0,True,False
real_44,A2_16_32,0.4745739121251881,0.4745739121251881,0.0,True,False
real_44,entropy_16_32,0.7087827617408848,0.708782761740885,1.1102230246251565e-16,True,False
real_45,D,52.31752395629883,52.31752395629883,0.0,True,False
real_45,A_med,0.6210842194186695,0.6210842194186695,0.0,True,False
real_45,ilr_z1,-0.793830516695096,-0.7938305166950966,6.661338147750939e-16,True,False
real_45,ilr_z2,-0.951083449308378,-0.9510834493083775,4.440892098500626e-16,True,False
real_45,ilr_z3,-0.21248130930241002,-0.21248130930241002,0.0,True,False
real_45,ilr_z4,-0.8751206866449143,-0.875120686644914,2.220446049250313e-16,True,False
real_45,A2_8_16,0.3052190068929357,0.3052190068929357,0.0,True,False
real_45,entropy_8_16,0.8767025281458419,0.8767025281458424,4.440892098500626e-16,True,False
real_45,A2_16_32,0.44393433355622985,0.44393433355622997,1.1102230246251565e-16,True,False
real_45,entropy_16_32,0.6187011076610365,0.6187011076610367,2.220446049250313e-16,True,False
real_46,D,45.29147720336914,45.29147720336914,0.0,True,False
real_46,A_med,1.5157645732237823,1.5157645732237823,0.0,True,False
real_46,ilr_z1,-1.3751683243964101,-1.3751683243964086,1.5543122344752192e-15,True,False
real_46,ilr_z2,-0.9484079357164765,-0.9484079357164754,1.1102230246251565e-15,True,False
real_46,ilr_z3,0.22744622262001354,0.22744622262001424,6.938893903907228e-16,True,False
real_46,ilr_z4,-0.10183698531378516,-0.10183698531378513,2.7755575615628914e-17,True,False
real_46,A2_8_16,0.6473069095335849,0.6473069095335849,0.0,True,False
real_46,entropy_8_16,0.7581581917096019,0.7581581917096019,0.0,True,False
real_46,A2_16_32,0.49326861978043307,0.49326861978043296,1.1102230246251565e-16,True,False
real_46,entropy_16_32,0.7378031637605074,0.7378031637605071,2.220446049250313e-16,True,False
real_47,D,51.06957817077637,51.06957817077637,0.0,True,False
real_47,A_med,0.7467460731843392,0.7467460731843392,0.0,True,False
real_47,ilr_z1,-0.31621451741437806,-0.316214517414377,1.0547118733938987e-15,True,False
real_47,ilr_z2,-0.9045281687227569,-0.9045281687227554,1.4432899320127035e-15,True,False
real_47,ilr_z3,0.23527157641667198,0.2352715764166724,4.163336342344337e-16,True,False
real_47,ilr_z4,-0.74447638910246,-0.7444763891024598,1.1102230246251565e-16,True,False
real_47,A2_8_16,0.513788694775703,0.513788694775703,0.0,True,False
real_47,entropy_8_16,0.7167726768323542,0.7167726768323538,4.440892098500626e-16,True,False
real_47,A2_16_32,0.4092674584581021,0.409267458458102,1.1102230246251565e-16,True,False
real_47,entropy_16_32,0.7244313446243151,0.7244313446243148,3.3306690738754696e-16,True,False
real_48,D,1.8694689869880676,1.8694689869880676,0.0,True,False
real_48,A_med,0.2192179934995302,0.2192179934995302,0.0,True,False
real_48,ilr_z1,1.8329610663971383,1.832961066397139,6.661338147750939e-16,True,False
real_48,ilr_z2,0.36407951363076085,0.3640795136307614,5.551115123125783e-16,True,False
real_48,ilr_z3,1.153553242384084,1.153553242384084,0.0,True,False
real_48,ilr_z4,0.4276189220614357,0.427618922061436,2.7755575615628914e-16,True,False
real_48,A2_8_16,0.14394220604146168,0.14394220604146168,0.0,True,False
real_48,entropy_8_16,0.9208177090259019,0.9208177090259017,2.220446049250313e-16,True,False
real_48,A2_16_32,0.2898229493468187,0.2898229493468188,1.1102230246251565e-16,True,False
real_48,entropy_16_32,0.7902027510447331,0.7902027510447333,1.1102230246251565e-16,True,False
real_49,D,1.8423005938529968,1.8423005938529968,0.0,True,False
real_49,A_med,0.219865856744249,0.219865856744249,0.0,True,False
real_49,ilr_z1,1.3394555938766302,1.3394555938766313,1.1102230246251565e-15,True,False
real_49,ilr_z2,0.40842979960849035,0.4084297996084916,1.2212453270876722e-15,True,False
real_49,ilr_z3,0.6582155212294217,0.6582155212294217,0.0,True,False
real_49,ilr_z4,-0.3515721834181133,-0.3515721834181131,2.220446049250313e-16,True,False
real_49,A2_8_16,0.15292133764190452,0.15292133764190452,0.0,True,False
real_49,entropy_8_16,0.8931434690263835,0.8931434690263832,3.3306690738754696e-16,True,False
real_49,A2_16_32,0.14797901084238874,0.14797901084238868,5.551115123125783e-17,True,False
real_49,entropy_16_32,0.7695591858491803,0.7695591858491805,2.220446049250313e-16,True,False
real_50,D,1.7471812963485718,1.7471812963485718,0.0,True,False
real_50,A_med,0.8600324569718569,0.8600324569718569,0.0,True,False
real_50,ilr_z1,3.878930932777051,3.8789309327770503,8.881784197001252e-16,True,False
real_50,ilr_z2,-1.7718920514165595,-1.771892051416559,4.440892098500626e-16,True,False
real_50,ilr_z3,0.99678985288989,0.9967898528898909,8.881784197001252e-16,True,False
real_50,ilr_z4,-0.0635569546271787,-0.06355695462717781,8.881784197001252e-16,True,False
real_50,A2_8_16,0.968531796740373,0.9685317967403729,1.1102230246251565e-16,True,False
real_50,entropy_8_16,0.28840012517224023,0.28840012517224073,4.996003610813204e-16,True,False
real_50,A2_16_32,0.539042527369383,0.5390425273693831,1.1102230246251565e-16,True,False
real_50,entropy_16_32,0.6466076748899541,0.646607674889954,1.1102230246251565e-16,True,False
real_51,D,32.744380950927734,32.744380950927734,0.0,True,False
real_51,A_med,1.2356609171223523,1.2356609171223523,0.0,True,False
real_51,ilr_z1,-2.014264137660998,-2.0142641376609967,1.3322676295501878e-15,True,False
real_51,ilr_z2,-0.7375842381192994,-0.7375842381192967,2.6645352591003757e-15,True,False
real_51,ilr_z3,-1.3279095498032416,-1.3279095498032423,6.661338147750939e-16,True,False
real_51,ilr_z4,-1.8953547595904563,-1.8953547595904563,0.0,True,False
real_51,A2_8_16,0.12792012603282002,0.12792012603282002,0.0,True,False
real_51,entropy_8_16,0.9174741956782942,0.9174741956782945,2.220446049250313e-16,True,False
real_51,A2_16_32,0.04590400523380051,0.04590400523380055,4.163336342344337e-17,True,False
real_51,entropy_16_32,0.7735511162635024,0.7735511162635024,0.0,True,False
real_52,D,29.101886749267578,29.101886749267578,0.0,True,False
real_52,A_med,0.4348008332600109,0.4348008332600109,0.0,True,False
real_52,ilr_z1,-0.6462180806241605,-0.6462180806241603,2.220446049250313e-16,True,False
real_52,ilr_z2,-0.47880699465240495,-0.47880699465240517,2.220446049250313e-16,True,False
real_52,ilr_z3,-0.414290804004057,-0.4142908040040576,6.106226635438361e-16,True,False
real_52,ilr_z4,-0.7727939042093109,-0.7727939042093112,2.220446049250313e-16,True,False
real_52,A2_8_16,0.012079944942237526,0.012079944942237453,7.28583859910259e-17,True,False
real_52,entropy_8_16,0.9454630740160777,0.945463074016078,3.3306690738754696e-16,True,False
real_52,A2_16_32,0.28722768089439576,0.28722768089439576,0.0,True,False
real_52,entropy_16_32,0.7192293712813347,0.7192293712813346,1.1102230246251565e-16,True,False
real_53,D,41.76206398010254,41.76206398010254,0.0,True,False
real_53,A_med,1.111610184036637,1.111610184036637,0.0,True,False
real_53,ilr_z1,0.08383321603445201,0.08383321603445171,3.0531133177191805e-16,True,False
real_53,ilr_z2,-0.7207427361215213,-0.7207427361215218,5.551115123125783e-16,True,False
real_53,ilr_z3,0.4868976702422814,0.48689767024228103,3.885780586188048e-16,True,False
real_53,ilr_z4,-1.4875556741008025,-1.4875556741008018,6.661338147750939e-16,True,False
real_53,A2_8_16,0.1494548018772401,0.14945480187724014,2.7755575615628914e-17,True,False
real_53,entropy_8_16,0.9549473698303074,0.9549473698303075,1.1102230246251565e-16,True,False
real_53,A2_16_32,0.09156755906337101,0.09156755906337104,2.7755575615628914e-17,True,False
real_53,entropy_16_32,0.8422196659756336,0.8422196659756335,1.1102230246251565e-16,True,False
real_54,D,26.571630477905273,26.571630477905273,0.0,True,False
real_54,A_med,0.5473737525060142,0.5473737525060142,0.0,True,False
real_54,ilr_z1,0.5535428100215429,0.5535428100215429,0.0,True,False
real_54,ilr_z2,-1.8618726041205438,-1.8618726041205442,4.440892098500626e-16,True,False
real_54,ilr_z3,1.140394654396221,1.1403946543962218,8.881784197001252e-16,True,False
real_54,ilr_z4,0.31068326581253985,0.31068326581254024,3.885780586188048e-16,True,False
real_54,A2_8_16,0.9009628591577852,0.9009628591577853,1.1102230246251565e-16,True,False
real_54,entropy_8_16,0.3680154583415413,0.36801545834154137,5.551115123125783e-17,True,False
real_54,A2_16_32,0.8819439265377215,0.8819439265377215,0.0,True,False
real_54,entropy_16_32,0.39191464363976003,0.3919146436397595,5.551115123125783e-16,True,False
real_55,D,41.64340782165527,41.64340782165527,0.0,True,False
real_55,A_med,0.44929992649134737,0.44929992649134737,0.0,True,False
real_55,ilr_z1,0.7604143380755408,0.7604143380755409,1.1102230246251565e-16,True,False
real_55,ilr_z2,-0.2565916575489391,-0.2565916575489382,8.881784197001252e-16,True,False
real_55,ilr_z3,0.6841319893566811,0.684131989356681,1.1102230246251565e-16,True,False
real_55,ilr_z4,0.2236892485773427,0.22368924857734315,4.440892098500626e-16,True,False
real_55,A2_8_16,0.11442793191184492,0.11442793191184492,0.0,True,False
real_55,entropy_8_16,0.8985446402962041,0.898544640296204,1.1102230246251565e-16,True,False
real_55,A2_16_32,0.2939802385363016,0.2939802385363017,5.551115123125783e-17,True,False
real_55,entropy_16_32,0.80812309804843,0.8081230980484299,1.1102230246251565e-16,True,False
real_56,D,44.87353515625,44.87353515625,0.0,True,False
real_56,A_med,0.3080518234339486,0.3080518234339486,0.0,True,False
real_56,ilr_z1,0.03206968035583063,0.0320696803558306,3.469446951953614e-17,True,False
real_56,ilr_z2,-0.5765887886428088,-0.5765887886428092,3.3306690738754696e-16,True,False
real_56,ilr_z3,-0.2665327142861741,-0.26653271428617387,2.220446049250313e-16,True,False
real_56,ilr_z4,-0.42247137206980206,-0.4224713720698015,5.551115123125783e-16,True,False
real_56,A2_8_16,0.15511993808623153,0.1551199380862316,5.551115123125783e-17,True,False
real_56,entropy_8_16,0.9227907409452875,0.9227907409452875,0.0,True,False
real_56,A2_16_32,0.5268690540579305,0.5268690540579306,1.1102230246251565e-16,True,False
real_56,entropy_16_32,0.7380165049876826,0.7380165049876828,2.220446049250313e-16,True,False
real_57,D,43.48048782348633,43.48048782348633,0.0,True,False
real_57,A_med,4.005460126965916,4.005460126965916,0.0,True,False
real_57,ilr_z1,-2.510602975689851,-2.510602975689854,2.6645352591003757e-15,True,False
real_57,ilr_z2,-0.1819203273929273,-0.1819203273929304,3.1086244689504383e-15,True,False
real_57,ilr_z3,-0.4714822668481778,-0.47148226684817696,8.326672684688674e-16,True,False
real_57,ilr_z4,-0.17753354796137757,-0.17753354796137688,6.938893903907228e-16,True,False
real_57,A2_8_16,0.38941751709457145,0.38941751709457145,0.0,True,False
real_57,entropy_8_16,0.8879316836979431,0.8879316836979434,3.3306690738754696e-16,True,False
real_57,A2_16_32,0.2893435929323371,0.2893435929323371,0.0,True,False
real_57,entropy_16_32,0.7944286557139628,0.7944286557139629,1.1102230246251565e-16,True,False
real_58,D,53.0235481262207,53.0235481262207,0.0,True,False
real_58,A_med,3.0752479787831546,3.0752479787831546,0.0,True,False
real_58,ilr_z1,-1.252545279184564,-1.2525452791845646,6.661338147750939e-16,True,False
real_58,ilr_z2,-0.6827876483292161,-0.6827876483292166,4.440892098500626e-16,True,False
real_58,ilr_z3,-0.408831402621497,-0.40883140262149686,1.1102230246251565e-16,True,False
real_58,ilr_z4,-0.17199375619149912,-0.17199375619149926,1.3877787807814457e-16,True,False
real_58,A2_8_16,0.45850702952783495,0.4585070295278349,5.551115123125783e-17,True,False
real_58,entropy_8_16,0.8800731858272365,0.8800731858272364,1.1102230246251565e-16,True,False
real_58,A2_16_32,0.3810101644270543,0.38101016442705427,5.551115123125783e-17,True,False
real_58,entropy_16_32,0.7759996383008811,0.7759996383008811,0.0,True,False
real_59,D,1.302653431892395,1.302653431892395,0.0,True,False
real_59,A_med,1.2603542249828787,1.2603542249828787,0.0,True,False
real_59,ilr_z1,1.454007358354324,1.4540073583543234,6.661338147750939e-16,True,False
real_59,ilr_z2,-0.9534942134250162,-0.9534942134250161,1.1102230246251565e-16,True,False
real_59,ilr_z3,0.5887385532347957,0.5887385532347953,4.440892098500626e-16,True,False
real_59,ilr_z4,0.19621784997030808,0.1962178499703079,1.942890293094024e-16,True,False
real_59,A2_8_16,0.7762643093733309,0.7762643093733309,0.0,True,False
real_59,entropy_8_16,0.5975008214928869,0.597500821492886,8.881784197001252e-16,True,False
real_59,A2_16_32,0.2275244836992712,0.22752448369927106,1.3877787807814457e-16,True,False
real_59,entropy_16_32,0.7197529019118301,0.7197529019118302,1.1102230246251565e-16,True,False
real_60,D,46.7247428894043,46.7247428894043,0.0,True,False
real_60,A_med,3.1961779063795595,3.1961779063795595,0.0,True,False
real_60,ilr_z1,-1.6397884756590013,-1.6397884756590013,0.0,True,False
real_60,ilr_z2,-0.4168804981990051,-0.4168804981990053,2.220446049250313e-16,True,False
real_60,ilr_z3,-1.0615927163867103,-1.0615927163867103,0.0,True,False
real_60,ilr_z4,-0.5201323295491401,-0.52013232954914,1.1102230246251565e-16,True,False
real_60,A2_8_16,0.40461465360406107,0.40461465360406096,1.1102230246251565e-16,True,False
real_60,entropy_8_16,0.8190005258447024,0.8190005258447023,1.1102230246251565e-16,True,False
real_60,A2_16_32,0.37509794769131805,0.37509794769131805,0.0,True,False
real_60,entropy_16_32,0.722103013650546,0.7221030136505461,1.1102230246251565e-16,True,False
real_61,D,60.34411811828613,60.34411811828613,0.0,True,False
real_61,A_med,1.7942620054480625,1.7942620054480625,0.0,True,False
real_61,ilr_z1,-0.6120549307802874,-0.6120549307802876,2.220446049250313e-16,True,False
real_61,ilr_z2,-0.406305996169513,-0.40630599616951346,4.440892098500626e-16,True,False
real_61,ilr_z3,0.3720294452348503,0.3720294452348508,4.996003610813204e-16,True,False
real_61,ilr_z4,0.021422966069427122,0.02142296606942759,4.683753385137379e-16,True,False
real_61,A2_8_16,0.12215629001309182,0.12215629001309182,0.0,True,False
real_61,entropy_8_16,0.9045662738247501,0.9045662738247502,1.1102230246251565e-16,True,False
real_61,A2_16_32,0.2437834131073016,0.24378341310730173,1.3877787807814457e-16,True,False
real_61,entropy_16_32,0.7666870253582571,0.7666870253582572,1.1102230246251565e-16,True,False
real_62,D,58.803592681884766,58.803592681884766,0.0,True,False
real_62,A_med,2.4030528988995203,2.4030528988995203,0.0,True,False
real_62,ilr_z1,-0.9582178263866895,-0.9582178263866897,2.220446049250313e-16,True,False
real_62,ilr_z2,-0.75977731626625,-0.7597773162662498,2.220446049250313e-16,True,False
real_62,ilr_z3,-0.09536181114134451,-0.09536181114134534,8.326672684688674e-16,True,False
real_62,ilr_z4,0.20966954505103622,0.20966954505103597,2.498001805406602e-16,True,False
real_62,A2_8_16,0.2253194845984911,0.22531948459849105,5.551115123125783e-17,True,False
real_62,entropy_8_16,0.8917024906394125,0.8917024906394123,2.220446049250313e-16,True,False
real_62,A2_16_32,0.16621663065322065,0.1662166306532208,1.3877787807814457e-16,True,False
real_62,entropy_16_32,0.7569858458367006,0.7569858458367004,2.220446049250313e-16,True,False
real_63,D,35.81507682800293,35.81507682800293,0.0,True,False
real_63,A_med,1.5879288561494949,1.5879288561494949,0.0,True,False
real_63,ilr_z1,0.2078173401110407,0.2078173401110425,1.8041124150158794e-15,True,False
real_63,ilr_z2,-0.10629811425824642,-0.10629811425824331,3.1086244689504383e-15,True,False
real_63,ilr_z3,1.9708437180188028,1.9708437180188016,1.1102230246251565e-15,True,False
real_63,ilr_z4,-1.0684768765734933,-1.0684768765734922,1.1102230246251565e-15,True,False
real_63,A2_8_16,0.9136382975759129,0.9136382975759125,3.3306690738754696e-16,True,False
real_63,entropy_8_16,0.44957917697367705,0.4495791769736756,1.4432899320127035e-15,True,False
real_63,A2_16_32,0.9607210340123078,0.960721034012308,2.220446049250313e-16,True,False
real_63,entropy_16_32,0.13162700919505962,0.13162700919506048,8.604228440844963e-16,True,False
real_64,D,34.532243728637695,34.532243728637695,0.0,True,False
real_64,A_med,1.1313200344645944,1.1313200344645944,0.0,True,False
real_64,ilr_z1,-0.0601331182173556,-0.060133118217356285,6.869504964868156e-16,True,False
real_64,ilr_z2,-0.7965135635612094,-0.7965135635612086,7.771561172376096e-16,True,False
real_64,ilr_z3,0.8956400780272157,0.8956400780272151,5.551115123125783e-16,True,False
real_64,ilr_z4,-0.9829662527231063,-0.9829662527231068,4.440892098500626e-16,True,False
real_64,A2_8_16,0.7742734099616825,0.7742734099616824,1.1102230246251565e-16,True,False
real_64,entropy_8_16,0.5697681242294695,0.5697681242294695,0.0,True,False
real_64,A2_16_32,0.71965950716559,0.71965950716559,0.0,True,False
real_64,entropy_16_32,0.3852087474269789,0.38520874742697986,9.43689570931383e-16,True,False
real_65,D,37.99081039428711,37.99081039428711,0.0,True,False
real_65,A_med,12.603457527561158,12.603457527561158,0.0,True,False
real_65,ilr_z1,-2.4142784541265363,-2.4142784541265363,0.0,True,False
real_65,ilr_z2,-0.46218568115021874,-0.4621856811502201,1.3322676295501878e-15,True,False
real_65,ilr_z3,-1.3425130456627898,-1.342513045662791,1.1102230246251565e-15,True,False
real_65,ilr_z4,-1.4281367614996716,-1.428136761499671,6.661338147750939e-16,True,False
real_65,A2_8_16,0.8229161791456135,0.8229161791456135,0.0,True,False
real_65,entropy_8_16,0.5274392364228843,0.5274392364228838,4.440892098500626e-16,True,False
real_65,A2_16_32,0.849428693965202,0.849428693965202,0.0,True,False
real_65,entropy_16_32,0.3898041364176415,0.3898041364176403,1.2212453270876722e-15,True,False
real_66,D,58.75454521179199,58.75454521179199,0.0,True,False
real_66,A_med,2.150660599802733,2.150660599802733,0.0,True,False
real_66,ilr_z1,-2.2215960668482393,-2.2215960668482393,0.0,True,False
real_66,ilr_z2,-0.7870999649967434,-0.787099964996743,4.440892098500626e-16,True,False
real_66,ilr_z3,-0.48707094761797587,-0.48707094761797554,3.3306690738754696e-16,True,False
real_66,ilr_z4,0.633196709884376,0.633196709884376,0.0,True,False
real_66,A2_8_16,0.20862378486641536,0.20862378486641542,5.551115123125783e-17,True,False
real_66,entropy_8_16,0.896374902968404,0.8963749029684042,1.1102230246251565e-16,True,False
real_66,A2_16_32,0.5018594960049483,0.5018594960049483,0.0,True,False
real_66,entropy_16_32,0.6496289153091016,0.649628915309102,4.440892098500626e-16,True,False
real_67,D,62.577470779418945,62.577470779418945,0.0,True,False
real_67,A_med,3.912626223267634,3.912626223267634,0.0,True,False
real_67,ilr_z1,-2.163857900193445,-2.1638579001934435,1.3322676295501878e-15,True,False
real_67,ilr_z2,-0.44953504814411316,-0.4495350481441136,4.440892098500626e-16,True,False
real_67,ilr_z3,-1.2562636566418766,-1.2562636566418754,1.1102230246251565e-15,True,False
real_67,ilr_z4,-1.2319896330399207,-1.231989633039921,2.220446049250313e-16,True,False
real_67,A2_8_16,0.13897029031841482,0.13897029031841482,0.0,True,False
real_67,entropy_8_16,0.9464377346842675,0.9464377346842675,0.0,True,False
real_67,A2_16_32,0.17169408893851593,0.17169408893851593,0.0,True,False
real_67,entropy_16_32,0.7631063418885032,0.7631063418885031,1.1102230246251565e-16,True,False
real_68,D,6.6173996925354,6.6173996925354,0.0,True,False
real_68,A_med,0.7699583452263639,0.7699583452263639,0.0,True,False
real_68,ilr_z1,0.2943697065176066,0.29436970651760686,2.7755575615628914e-16,True,False
real_68,ilr_z2,-0.5155381968450417,-0.5155381968450414,2.220446049250313e-16,True,False
real_68,ilr_z3,0.7073078395741454,0.7073078395741453,1.1102230246251565e-16,True,False
real_68,ilr_z4,0.34659957534836366,0.34659957534836333,3.3306690738754696e-16,True,False
real_68,A2_8_16,0.13874044828035428,0.1387404482803544,1.1102230246251565e-16,True,False
real_68,entropy_8_16,0.8954340227892266,0.8954340227892265,1.1102230246251565e-16,True,False
real_68,A2_16_32,0.35600368089362117,0.35600368089362117,0.0,True,False
real_68,entropy_16_32,0.6648068605178072,0.6648068605178075,2.220446049250313e-16,True,False
real_69,D,59.64018630981445,59.64018630981445,0.0,True,False
real_69,A_med,4.3365456862118155,4.3365456862118155,0.0,True,False
real_69,ilr_z1,-1.5163290732921362,-1.5163290732921362,0.0,True,False
real_69,ilr_z2,-0.3344687428212265,-0.3344687428212261,4.440892098500626e-16,True,False
real_69,ilr_z3,-0.001054163393059747,-0.0010541633930603225,5.754945131553058e-16,True,False
real_69,ilr_z4,0.3286992269338344,0.328699226933835,6.106226635438361e-16,True,False
real_69,A2_8_16,0.38523013542845963,0.38523013542845963,0.0,True,False
real_69,entropy_8_16,0.9032597967618745,0.9032597967618745,0.0,True,False
real_69,A2_16_32,0.20188334305025366,0.2018833430502536,5.551115123125783e-17,True,False
real_69,entropy_16_32,0.7912240533201168,0.7912240533201168,0.0,True,False
real_70,D,17.18430995941162,17.18430995941162,0.0,True,False
real_70,A_med,2.8243877597768337,2.8243877597768337,0.0,True,False
real_70,ilr_z1,-1.257188029418069,-1.2571880294180673,1.7763568394002505e-15,True,False
real_70,ilr_z2,-0.8244733409863292,-0.8244733409863265,2.6645352591003757e-15,True,False
real_70,ilr_z3,0.42326268365903713,0.4232626836590374,2.7755575615628914e-16,True,False
real_70,ilr_z4,-1.3500525887107595,-1.3500525887107597,2.220446049250313e-16,True,False
real_70,A2_8_16,0.48254867621028147,0.4825486762102813,1.6653345369377348e-16,True,False
real_70,entropy_8_16,0.7964159165584054,0.7964159165584056,2.220446049250313e-16,True,False
real_70,A2_16_32,0.3778722712556068,0.3778722712556068,0.0,True,False
real_70,entropy_16_32,0.7793073504347048,0.7793073504347047,1.1102230246251565e-16,True,False
real_71,D,48.42877769470215,48.42877769470215,0.0,True,False
real_71,A_med,0.8232230594113646,0.8232230594113646,0.0,True,False
real_71,ilr_z1,0.41358524503876987,0.4135852450387691,7.771561172376096e-16,True,False
real_71,ilr_z2,-1.1223552884233987,-1.1223552884233983,4.440892098500626e-16,True,False
real_71,ilr_z3,2.0080457747430525,2.0080457747430525,0.0,True,False
real_71,ilr_z4,1.2003666169770753,1.2003666169770748,4.440892098500626e-16,True,False
real_71,A2_8_16,0.6467381747535611,0.6467381747535613,2.220446049250313e-16,True,False
real_71,entropy_8_16,0.7165854265106665,0.7165854265106661,3.3306690738754696e-16,True,False
real_71,A2_16_32,0.6819211016491268,0.6819211016491267,1.1102230246251565e-16,True,False
real_71,entropy_16_32,0.5344536373231705,0.5344536373231707,2.220446049250313e-16,True,False
real_72,D,27.422245979309082,27.422245979309082,0.0,True,False
real_72,A_med,0.40527484412569953,0.40527484412569953,0.0,True,False
real_72,ilr_z1,0.28512783461075036,0.2851278346107505,1.1102230246251565e-16,True,False
real_72,ilr_z2,-0.5082702825940048,-0.5082702825940051,3.3306690738754696e-16,True,False
real_72,ilr_z3,0.9801197172808803,0.9801197172808804,1.1102230246251565e-16,True,False
real_72,ilr_z4,1.0168348420468252,1.016834842046825,2.220446049250313e-16,True,False
real_72,A2_8_16,0.2830216597611039,0.28302165976110377,1.1102230246251565e-16,True,False
real_72,entropy_8_16,0.9313320998754407,0.931332099875441,2.220446049250313e-16,True,False
real_72,A2_16_32,0.18541501889307133,0.18541501889307146,1.3877787807814457e-16,True,False
real_72,entropy_16_32,0.7632631653003157,0.7632631653003156,1.1102230246251565e-16,True,False
real_73,D,16.860888481140137,16.860888481140137,0.0,True,False
real_73,A_med,0.6825202980520696,0.6825202980520696,0.0,True,False
real_73,ilr_z1,-0.7261226185627653,-0.7261226185627655,2.220446049250313e-16,True,False
real_73,ilr_z2,-0.5316165113290052,-0.5316165113290061,8.881784197001252e-16,True,False
real_73,ilr_z3,-1.034712694648843,-1.0347126946488434,4.440892098500626e-16,True,False
real_73,ilr_z4,-1.8423089502388916,-1.8423089502388923,6.661338147750939e-16,True,False
real_73,A2_8_16,0.29587040995658204,0.2958704099565821,5.551115123125783e-17,True,False
real_73,entropy_8_16,0.9116719197777746,0.9116719197777744,2.220446049250313e-16,True,False
real_73,A2_16_32,0.11162270184067595,0.11162270184067592,2.7755575615628914e-17,True,False
real_73,entropy_16_32,0.8434041761276491,0.8434041761276488,2.220446049250313e-16,True,False
real_74,D,1.1291950941085815,1.1291950941085815,0.0,True,False
real_74,A_med,0.26843100776217926,0.26843100776217926,0.0,True,False
real_74,ilr_z1,1.267846726950635,1.267846726950635,0.0,True,False
real_74,ilr_z2,-0.19065941156875754,-0.19065941156875743,1.1102230246251565e-16,True,False
real_74,ilr_z3,0.3803169994548229,0.38031699945482245,4.440892098500626e-16,True,False
real_74,ilr_z4,-0.5590462434002955,-0.5590462434002955,0.0,True,False
real_74,A2_8_16,0.16789175330580133,0.16789175330580133,0.0,True,False
real_74,entropy_8_16,0.8628655108189245,0.8628655108189243,2.220446049250313e-16,True,False
real_74,A2_16_32,0.12589629068274324,0.12589629068274324,0.0,True,False
real_74,entropy_16_32,0.7802401332850549,0.7802401332850548,1.1102230246251565e-16,True,False
real_75,D,11.11442756652832,11.11442756652832,0.0,True,False
real_75,A_med,0.39559807018360604,0.39559807018360604,0.0,True,False
real_75,ilr_z1,0.5718450479378715,0.5718450479378718,3.3306690738754696e-16,True,False
real_75,ilr_z2,-0.5842785637189423,-0.584278563718942,2.220446049250313e-16,True,False
real_75,ilr_z3,0.4074602706916485,0.40746027069164853,5.551115123125783e-17,True,False
real_75,ilr_z4,-0.5995751510617904,-0.5995751510617902,2.220446049250313e-16,True,False
real_75,A2_8_16,0.651129169986947,0.6511291699869469,1.1102230246251565e-16,True,False
real_75,entropy_8_16,0.6631335325137906,0.6631335325137906,0.0,True,False
real_75,A2_16_32,0.2659631568922038,0.2659631568922038,0.0,True,False
real_75,entropy_16_32,0.7020120578338164,0.7020120578338165,1.1102230246251565e-16,True,False
real_76,D,29.09636402130127,29.09636402130127,0.0,True,False
real_76,A_med,0.24946252611004938,0.24946252611004938,0.0,True,False
real_76,ilr_z1,0.15067535067300775,0.1506753506730083,5.551115123125783e-16,True,False
real_76,ilr_z2,-0.35737394496870645,-0.3573739449687059,5.551115123125783e-16,True,False
real_76,ilr_z3,0.24486769659439148,0.2448676965943908,6.661338147750939e-16,True,False
real_76,ilr_z4,-0.43840509491253293,-0.43840509491253293,0.0,True,False
real_76,A2_8_16,0.08376885481967306,0.08376885481967307,1.3877787807814457e-17,True,False
real_76,entropy_8_16,0.9276734581533804,0.9276734581533805,1.1102230246251565e-16,True,False
real_76,A2_16_32,0.13035538699240734,0.13035538699240726,8.326672684688674e-17,True,False
real_76,entropy_16_32,0.7540349258854735,0.7540349258854736,1.1102230246251565e-16,True,False
real_77,D,4.457285404205322,4.457285404205322,0.0,True,False
real_77,A_med,0.7181731534536773,0.7181731534536773,0.0,True,False
real_77,ilr_z1,2.563894703008945,2.5638947030089474,2.220446049250313e-15,True,False
real_77,ilr_z2,-1.140070710117564,-1.140070710117561,3.1086244689504383e-15,True,False
real_77,ilr_z3,2.029616806193767,2.0296168061937667,4.440892098500626e-16,True,False
real_77,ilr_z4,0.5654209457793405,0.5654209457793405,0.0,True,False
real_77,A2_8_16,0.8985651245461259,0.8985651245461257,2.220446049250313e-16,True,False
real_77,entropy_8_16,0.3569701574235101,0.35697015742350935,7.771561172376096e-16,True,False
real_77,A2_16_32,0.6123811910816456,0.6123811910816456,0.0,True,False
real_77,entropy_16_32,0.525775473019777,0.5257754730197768,2.220446049250313e-16,True,False
real_78,D,6.503506898880005,6.503506898880005,0.0,True,False
real_78,A_med,2.5381418247553262,2.5381418247553262,0.0,True,False
real_78,ilr_z1,1.613387680137391,1.6133876801373894,1.5543122344752192e-15,True,False
real_78,ilr_z2,-1.3796513513227322,-1.3796513513227329,6.661338147750939e-16,True,False
real_78,ilr_z3,0.1796138660899928,0.1796138660899931,3.0531133177191805e-16,True,False
real_78,ilr_z4,-0.2516366674435345,-0.2516366674435347,1.6653345369377348e-16,True,False
real_78,A2_8_16,0.9225443341069854,0.9225443341069854,0.0,True,False
real_78,entropy_8_16,0.3692855088966826,0.3692855088966836,9.992007221626409e-16,True,False
real_78,A2_16_32,0.10731232589055385,0.10731232589055391,5.551115123125783e-17,True,False
real_78,entropy_16_32,0.7406982914002932,0.7406982914002936,4.440892098500626e-16,True,False
real_79,D,49.69957160949707,49.69957160949707,0.0,True,False
real_79,A_med,0.43212117609195366,0.43212117609195366,0.0,True,False
real_79,ilr_z1,-0.4794677775062583,-0.4794677775062583,0.0,True,False
real_79,ilr_z2,-0.6697733487738171,-0.6697733487738169,2.220446049250313e-16,True,False
real_79,ilr_z3,0.20231136653588722,0.20231136653588755,3.3306690738754696e-16,True,False
real_79,ilr_z4,0.5549385026207545,0.5549385026207542,3.3306690738754696e-16,True,False
real_79,A2_8_16,0.14186462490485963,0.14186462490485965,2.7755575615628914e-17,True,False
real_79,entropy_8_16,0.9426021048149024,0.9426021048149024,0.0,True,False
real_79,A2_16_32,0.1929239998874151,0.19292399988741504,5.551115123125783e-17,True,False
real_79,entropy_16_32,0.7336635736318113,0.7336635736318111,2.220446049250313e-16,True,False
real_80,D,50.59038543701172,50.59038543701172,0.0,True,False
real_80,A_med,0.4746853157378821,0.4746853157378821,0.0,True,False
real_80,ilr_z1,0.48115388479919324,0.48115388479919335,1.1102230246251565e-16,True,False
real_80,ilr_z2,-0.3371850251238552,-0.33718502512385473,4.440892098500626e-16,True,False
real_80,ilr_z3,0.30406158976420655,0.30406158976420666,1.1102230246251565e-16,True,False
real_80,ilr_z4,-0.06728491796567844,-0.06728491796567859,1.5265566588595902e-16,True,False
real_80,A2_8_16,0.13666930889745824,0.13666930889745818,5.551115123125783e-17,True,False
real_80,entropy_8_16,0.9218147487423197,0.92181474874232,2.220446049250313e-16,True,False
real_80,A2_16_32,0.2773299451393698,0.27732994513936976,5.551115123125783e-17,True,False
real_80,entropy_16_32,0.7859282879463367,0.7859282879463366,1.1102230246251565e-16,True,False
real_81,D,37.25409126281738,37.25409126281738,0.0,True,False
real_81,A_med,0.8489634204941184,0.8489634204941184,0.0,True,False
real_81,ilr_z1,0.5016287770519492,0.5016287770519491,1.1102230246251565e-16,True,False
real_81,ilr_z2,-0.6815501468663527,-0.6815501468663518,8.881784197001252e-16,True,False
real_81,ilr_z3,0.6321289019753449,0.6321289019753451,2.220446049250313e-16,True,False
real_81,ilr_z4,0.51764193070518,0.51764193070518,0.0,True,False
real_81,A2_8_16,0.24054998943219763,0.24054998943219766,2.7755575615628914e-17,True,False
real_81,entropy_8_16,0.9430846333186513,0.9430846333186512,1.1102230246251565e-16,True,False
real_81,A2_16_32,0.10297912586909913,0.10297912586909917,4.163336342344337e-17,True,False
real_81,entropy_16_32,0.8449548988632242,0.8449548988632241,1.1102230246251565e-16,True,False
real_82,D,45.0401725769043,45.0401725769043,0.0,True,False
real_82,A_med,7.107023639977323,7.107023639977323,0.0,True,False
real_82,ilr_z1,-1.83086121246134,-1.83086121246134,0.0,True,False
real_82,ilr_z2,-0.4471335240436183,-0.4471335240436176,6.661338147750939e-16,True,False
real_82,ilr_z3,-0.8323106689919638,-0.8323106689919637,1.1102230246251565e-16,True,False
real_82,ilr_z4,-0.20969913760295245,-0.20969913760295283,3.885780586188048e-16,True,False
real_82,A2_8_16,0.44207952599072353,0.44207952599072325,2.7755575615628914e-16,True,False
real_82,entropy_8_16,0.8578309613357369,0.8578309613357371,2.220446049250313e-16,True,False
real_82,A2_16_32,0.6642861066813163,0.6642861066813164,1.1102230246251565e-16,True,False
real_82,entropy_16_32,0.6420096700909309,0.6420096700909309,0.0,True,False
real_83,D,47.20834732055664,47.20834732055664,0.0,True,False
real_83,A_med,3.7833624105870998,3.7833624105870993,4.440892098500626e-16,True,False
real_83,ilr_z1,-1.9142399764905988,-1.9142399764905984,4.440892098500626e-16,True,False
real_83,ilr_z2,-0.5683215513468394,-0.5683215513468403,8.881784197001252e-16,True,False
real_83,ilr_z3,-0.5291966632688446,-0.5291966632688462,1.5543122344752192e-15,True,False
real_83,ilr_z4,0.4094821492789921,0.4094821492789924,2.7755575615628914e-16,True,False
real_83,A2_8_16,0.0760164024676483,0.07601640246764833,2.7755575615628914e-17,True,False
real_83,entropy_8_16,0.932939635730679,0.932939635730679,0.0,True,False
real_83,A2_16_32,0.19403061465669277,0.19403061465669263,1.3877787807814457e-16,True,False
real_83,entropy_16_32,0.7510496115332986,0.751049611533299,3.3306690738754696e-16,True,False
real_84,D,19.04991912841797,19.04991912841797,0.0,True,False
real_84,A_med,0.6864754824917072,0.6864754824917072,0.0,True,False
real_84,ilr_z1,1.983667921647365,1.9836679216473645,4.440892098500626e-16,True,False
real_84,ilr_z2,-0.7133075240592027,-0.7133075240592026,1.1102230246251565e-16,True,False
real_84,ilr_z3,0.3153522661107156,0.3153522661107157,1.1102230246251565e-16,True,False
real_84,ilr_z4,-0.8769443567729656,-0.8769443567729661,5.551115123125783e-16,True,False
real_84,A2_8_16,0.5378573726755123,0.5378573726755125,2.220446049250313e-16,True,False
real_84,entropy_8_16,0.6772098717779299,0.6772098717779297,2.220446049250313e-16,True,False
real_84,A2_16_32,0.32602144281775797,0.3260214428177579,5.551115123125783e-17,True,False
real_84,entropy_16_32,0.7944820232141169,0.7944820232141165,3.3306690738754696e-16,True,False
real_85,D,4.834158897399902,4.834158897399902,0.0,True,False
real_85,A_med,1.424675020601857,1.424675020601857,0.0,True,False
real_85,ilr_z1,1.4059028852134237,1.4059028852134228,8.881784197001252e-16,True,False
real_85,ilr_z2,-1.1251578669681666,-1.1251578669681672,6.661338147750939e-16,True,False
real_85,ilr_z3,1.1560167076288368,1.1560167076288363,4.440892098500626e-16,True,False
real_85,ilr_z4,1.4364140818865974,1.4364140818865967,6.661338147750939e-16,True,False
real_85,A2_8_16,0.5009035509801845,0.5009035509801846,1.1102230246251565e-16,True,False
real_85,entropy_8_16,0.730993405036829,0.7309934050368284,5.551115123125783e-16,True,False
real_85,A2_16_32,0.1691418785946214,0.16914187859462135,5.551115123125783e-17,True,False
real_85,entropy_16_32,0.7771130309916994,0.7771130309916993,1.1102230246251565e-16,True,False
real_86,D,38.130022048950195,38.130022048950195,0.0,True,False
real_86,A_med,0.594923238357644,0.594923238357644,0.0,True,False
real_86,ilr_z1,1.271170234979114,1.2711702349791119,2.220446049250313e-15,True,False
real_86,ilr_z2,-1.4265020418397547,-1.4265020418397585,3.774758283725532e-15,True,False
real_86,ilr_z3,2.402377677522158,2.402377677522158,0.0,True,False
real_86,ilr_z4,0.40724250085259656,0.40724250085259656,0.0,True,False
real_86,A2_8_16,0.9120660712770626,0.9120660712770625,1.1102230246251565e-16,True,False
real_86,entropy_8_16,0.4067377590504231,0.4067377590504223,7.771561172376096e-16,True,False
real_86,A2_16_32,0.9003823204719722,0.9003823204719722,0.0,True,False
real_86,entropy_16_32,0.3446888829170909,0.3446888829170907,1.6653345369377348e-16,True,False
real_87,D,17.658838272094727,17.658838272094727,0.0,True,False
real_87,A_med,1.238820896849605,1.2388208968496053,2.220446049250313e-16,True,False
real_87,ilr_z1,1.4958094313410972,1.4958094313410977,4.440892098500626e-16,True,False
real_87,ilr_z2,-0.4275493058034463,-0.4275493058034442,2.1094237467877974e-15,True,False
real_87,ilr_z3,1.2582568866581167,1.2582568866581167,0.0,True,False
real_87,ilr_z4,-0.4085440663320095,-0.4085440663320095,0.0,True,False
real_87,A2_8_16,0.7122089151266764,0.7122089151266764,0.0,True,False
real_87,entropy_8_16,0.5539650514250845,0.5539650514250847,2.220446049250313e-16,True,False
real_87,A2_16_32,0.6401898455263593,0.640189845526359,2.220446049250313e-16,True,False
real_87,entropy_16_32,0.5605935269754871,0.560593526975487,1.1102230246251565e-16,True,False
real_88,D,38.27968978881836,38.27968978881836,0.0,True,False
real_88,A_med,0.5116972080508037,0.5116972080508037,0.0,True,False
real_88,ilr_z1,0.615048175585718,0.6150481755857188,7.771561172376096e-16,True,False
real_88,ilr_z2,-0.2507956084962668,-0.2507956084962675,6.661338147750939e-16,True,False
real_88,ilr_z3,1.7296373225059873,1.7296373225059882,8.881784197001252e-16,True,False
real_88,ilr_z4,-0.5205099346653844,-0.520509934665384,4.440892098500626e-16,True,False
real_88,A2_8_16,0.425287499276247,0.4252874992762471,1.1102230246251565e-16,True,False
real_88,entropy_8_16,0.7973987774142596,0.7973987774142598,2.220446049250313e-16,True,False
real_88,A2_16_32,0.6900214911946735,0.6900214911946733,2.220446049250313e-16,True,False
real_88,entropy_16_32,0.47986751098838226,0.4798675109883823,5.551115123125783e-17,True,False
real_89,D,41.925357818603516,41.925357818603516,0.0,True,False
real_89,A_med,0.5361639130454028,0.5361639130454028,0.0,True,False
real_89,ilr_z1,0.5761205548222164,0.5761205548222165,1.1102230246251565e-16,True,False
real_89,ilr_z2,-0.6465009356926644,-0.6465009356926644,0.0,True,False
real_89,ilr_z3,1.3061984895633405,1.3061984895633405,0.0,True,False
real_89,ilr_z4,1.4854118618251995,1.4854118618252,4.440892098500626e-16,True,False
real_89,A2_8_16,0.28680352607376725,0.2868035260737671,1.6653345369377348e-16,True,False
real_89,entropy_8_16,0.8634833418580595,0.8634833418580595,0.0,True,False
real_89,A2_16_32,0.21461363619605192,0.21461363619605192,0.0,True,False
real_89,entropy_16_32,0.8062813506002635,0.8062813506002635,0.0,True,False
real_90,D,47.333452224731445,47.333452224731445,0.0,True,False
real_90,A_med,0.549210907458636,0.549210907458636,0.0,True,False
real_90,ilr_z1,0.4130723934977591,0.41307239349775865,4.440892098500626e-16,True,False
real_90,ilr_z2,-0.30083455030172157,-0.30083455030172246,8.881784197001252e-16,True,False
real_90,ilr_z3,0.2488940642579468,0.24889406425794697,1.6653345369377348e-16,True,False
real_90,ilr_z4,0.05283737655486131,0.052837376554862064,7.563394355258879e-16,True,False
real_90,A2_8_16,0.09265457792797467,0.09265457792797463,4.163336342344337e-17,True,False
real_90,entropy_8_16,0.926084219472512,0.926084219472512,0.0,True,False
real_90,A2_16_32,0.39448963378344737,0.3944896337834471,2.7755575615628914e-16,True,False
real_90,entropy_16_32,0.6792233865584988,0.679223386558499,2.220446049250313e-16,True,False
real_91,D,25.771157264709473,25.771157264709473,0.0,True,False
real_91,A_med,0.8918833631292288,0.8918833631292288,0.0,True,False
real_91,ilr_z1,1.1225214285963936,1.1225214285963931,4.440892098500626e-16,True,False
real_91,ilr_z2,-0.32529699410598323,-0.3252969941059831,1.1102230246251565e-16,True,False
real_91,ilr_z3,0.30733711573796285,0.30733711573796263,2.220446049250313e-16,True,False
real_91,ilr_z4,0.35337107392725636,0.35337107392725625,1.1102230246251565e-16,True,False
real_91,A2_8_16,0.8154333503903629,0.8154333503903631,2.220446049250313e-16,True,False
real_91,entropy_8_16,0.5633369629767183,0.5633369629767185,2.220446049250313e-16,True,False
real_91,A2_16_32,0.32324551271204116,0.3232455127120411,5.551115123125783e-17,True,False
real_91,entropy_16_32,0.7465544567098952,0.7465544567098954,2.220446049250313e-16,True,False
real_92,D,35.61216163635254,35.61216163635254,0.0,True,False
real_92,A_med,0.8039851853049615,0.8039851853049615,0.0,True,False
real_92,ilr_z1,0.5048447516542978,0.5048447516542982,4.440892098500626e-16,True,False
real_92,ilr_z2,-0.599273965842746,-0.5992739658427461,1.1102230246251565e-16,True,False
real_92,ilr_z3,0.11932804902181739,0.11932804902181708,3.0531133177191805e-16,True,False
real_92,ilr_z4,-0.3753497380577697,-0.3753497380577686,1.1102230246251565e-15,True,False
real_92,A2_8_16,0.7296207570683865,0.7296207570683862,2.220446049250313e-16,True,False
real_92,entropy_8_16,0.6031074496829963,0.6031074496829957,6.661338147750939e-16,True,False
real_92,A2_16_32,0.33961117959940945,0.3396111795994095,5.551115123125783e-17,True,False
real_92,entropy_16_32,0.6845217870878019,0.6845217870878018,1.1102230246251565e-16,True,False
real_93,D,45.23748588562012,45.23748588562012,0.0,True,False
real_93,A_med,0.5899495626324645,0.5899495626324645,0.0,True,False
real_93,ilr_z1,-0.8000100140557764,-0.8000100140557773,8.881784197001252e-16,True,False
real_93,ilr_z2,-0.9534650585432807,-0.9534650585432811,4.440892098500626e-16,True,False
real_93,ilr_z3,0.005331389620980124,0.005331389620980679,5.551115123125783e-16,True,False
real_93,ilr_z4,-0.6399408686870707,-0.6399408686870709,2.220446049250313e-16,True,False
real_93,A2_8_16,0.30767038189466683,0.30767038189466683,0.0,True,False
real_93,entropy_8_16,0.8585060372267197,0.8585060372267199,2.220446049250313e-16,True,False
real_93,A2_16_32,0.31062471317679324,0.31062471317679313,1.1102230246251565e-16,True,False
real_93,entropy_16_32,0.7175923992657718,0.7175923992657718,0.0,True,False
real_94,D,42.34056854248047,42.34056854248047,0.0,True,False
real_94,A_med,1.0370889597322765,1.0370889597322765,0.0,True,False
real_94,ilr_z1,-0.3344817056355097,-0.3344817056355104,6.661338147750939e-16,True,False
real_94,ilr_z2,-1.0205852732775775,-1.0205852732775775,0.0,True,False
real_94,ilr_z3,1.3952660268209924,1.3952660268209933,8.881784197001252e-16,True,False
real_94,ilr_z4,0.11700739056994315,0.1170073905699441,9.43689570931383e-16,True,False
real_94,A2_8_16,0.5708752952649504,0.5708752952649502,2.220446049250313e-16,True,False
real_94,entropy_8_16,0.740128375309424,0.740128375309424,0.0,True,False
real_94,A2_16_32,0.6873843885592926,0.6873843885592922,4.440892098500626e-16,True,False
real_94,entropy_16_32,0.5249404728615662,0.5249404728615659,3.3306690738754696e-16,True,False
real_95,D,44.55615997314453,44.55615997314453,0.0,True,False
real_95,A_med,0.7039122837654384,0.7039122837654384,0.0,True,False
real_95,ilr_z1,0.7205910916790068,0.7205910916790055,1.3322676295501878e-15,True,False
real_95,ilr_z2,-0.7018445633523889,-0.7018445633523904,1.5543122344752192e-15,True,False
real_95,ilr_z3,1.7054704073211497,1.70547040732115,2.220446049250313e-16,True,False
real_95,ilr_z4,0.36243008890338085,0.3624300889033805,3.3306690738754696e-16,True,False
real_95,A2_8_16,0.6851653508238845,0.6851653508238844,1.1102230246251565e-16,True,False
real_95,entropy_8_16,0.6078810806162691,0.6078810806162689,2.220446049250313e-16,True,False
real_95,A2_16_32,0.8463592590555761,0.8463592590555762,1.1102230246251565e-16,True,False
real_95,entropy_16_32,0.39595621716878726,0.39595621716878804,7.771561172376096e-16,True,False
real_96,D,29.391660690307617,29.391660690307617,0.0,True,False
real_96,A_med,0.4818403734605209,0.4818403734605209,0.0,True,False
real_96,ilr_z1,1.3337310971148675,1.3337310971148675,0.0,True,False
real_96,ilr_z2,-0.24903940112699396,-0.24903940112699374,2.220446049250313e-16,True,False
real_96,ilr_z3,0.8308103490459773,0.8308103490459773,0.0,True,False
real_96,ilr_z4,1.135186878454082,1.1351868784540822,2.220446049250313e-16,True,False
real_96,A2_8_16,0.430670170129388,0.430670170129388,0.0,True,False
real_96,entropy_8_16,0.9067184909550192,0.9067184909550192,0.0,True,False
real_96,A2_16_32,0.14374635821445864,0.14374635821445864,0.0,True,False
real_96,entropy_16_32,0.8515330220025094,0.8515330220025092,1.1102230246251565e-16,True,False
real_97,D,9.661888122558594,9.661888122558594,0.0,True,False
real_97,A_med,0.2895653368065848,0.2895653368065848,0.0,True,False
real_97,ilr_z1,0.30227969680721956,0.3022796968072189,6.661338147750939e-16,True,False
real_97,ilr_z2,-0.5714729923153666,-0.5714729923153676,9.992007221626409e-16,True,False
real_97,ilr_z3,0.3863975630821551,0.38639756308215456,5.551115123125783e-16,True,False
real_97,ilr_z4,-1.203822072667753,-1.203822072667753,0.0,True,False
real_97,A2_8_16,0.23208865085067343,0.23208865085067334,8.326672684688674e-17,True,False
real_97,entropy_8_16,0.8888519475472766,0.8888519475472767,1.1102230246251565e-16,True,False
real_97,A2_16_32,0.23945138594806517,0.2394513859480652,2.7755575615628914e-17,True,False
real_97,entropy_16_32,0.70459854883024,0.7045985488302401,1.1102230246251565e-16,True,False
real_98,D,1.2563902139663696,1.2563902139663696,0.0,True,False
real_98,A_med,0.49912301398059983,0.49912301398059983,0.0,True,False
real_98,ilr_z1,-0.9150930974052728,-0.9150930974052727,1.1102230246251565e-16,True,False
real_98,ilr_z2,-0.1354576876977378,-0.13545768769773825,4.440892098500626e-16,True,False
real_98,ilr_z3,-1.2797730671156826,-1.2797730671156824,2.220446049250313e-16,True,False
real_98,ilr_z4,-0.2369767259903353,-0.23697672599033517,1.3877787807814457e-16,True,False
real_98,A2_8_16,0.19021732952760842,0.19021732952760845,2.7755575615628914e-17,True,False
real_98,entropy_8_16,0.9073324626912156,0.9073324626912157,1.1102230246251565e-16,True,False
real_98,A2_16_32,0.34567127656895114,0.345671276568951,1.1102230246251565e-16,True,False
real_98,entropy_16_32,0.7608998007980398,0.7608998007980399,1.1102230246251565e-16,True,False
real_99,D,0.15511369705200195,0.15511369705200195,0.0,True,False
real_99,A_med,0.27914185779015094,0.27914185779015094,0.0,True,False
real_99,ilr_z1,1.8462720156344474,1.8462720156344472,2.220446049250313e-16,True,False
real_99,ilr_z2,0.3319394995616002,0.33193949956160074,5.551115123125783e-16,True,False
real_99,ilr_z3,1.117520373361838,1.1175203733618386,6.661338147750939e-16,True,False
real_99,ilr_z4,0.6206854753662163,0.6206854753662167,3.3306690738754696e-16,True,False
real_99,A2_8_16,0.25220689338105334,0.25220689338105323,1.1102230246251565e-16,True,False
real_99,entropy_8_16,0.9045024910457266,0.9045024910457263,2.220446049250313e-16,True,False
real_99,A2_16_32,0.3573652638188786,0.35736526381887856,5.551115123125783e-17,True,False
real_99,entropy_16_32,0.7878413689592874,0.7878413689592874,0.0,True,False
real_100,D,3.7228530645370483,3.7228530645370483,0.0,True,False
real_100,A_med,0.296958313100732,0.296958313100732,0.0,True,False
real_100,ilr_z1,0.5320146267005968,0.5320146267005972,3.3306690738754696e-16,True,False
real_100,ilr_z2,-0.12530765845516745,-0.12530765845516667,7.771561172376096e-16,True,False
real_100,ilr_z3,-0.22032578472423658,-0.22032578472423658,0.0,True,False
real_100,ilr_z4,-0.42726247865491407,-0.42726247865491407,0.0,True,False
real_100,A2_8_16,0.5600531452960678,0.5600531452960675,2.220446049250313e-16,True,False
real_100,entropy_8_16,0.7150063339622272,0.7150063339622275,2.220446049250313e-16,True,False
real_100,A2_16_32,0.41531644984816274,0.41531644984816274,0.0,True,False
real_100,entropy_16_32,0.6728686060722395,0.6728686060722395,0.0,True,False
real_101,D,1.019090175628662,1.019090175628662,0.0,True,False
real_101,A_med,0.5379812884155732,0.5379812884155732,0.0,True,False
real_101,ilr_z1,2.0001735727397465,2.0001735727397474,8.881784197001252e-16,True,False
real_101,ilr_z2,-1.216459964598858,-1.2164599645988576,4.440892098500626e-16,True,False
real_101,ilr_z3,0.2819099390988058,0.2819099390988056,2.220446049250313e-16,True,False
real_101,ilr_z4,0.4176274697447533,0.41762746974475357,2.7755575615628914e-16,True,False
real_101,A2_8_16,0.7920756738204892,0.7920756738204892,0.0,True,False
real_101,entropy_8_16,0.3857970221425629,0.38579702214256245,4.440892098500626e-16,True,False
real_101,A2_16_32,0.3102199687125031,0.3102199687125031,0.0,True,False
real_101,entropy_16_32,0.7571978486794155,0.7571978486794154,1.1102230246251565e-16,True,False
real_102,D,2.336227536201477,2.336227536201477,0.0,True,False
real_102,A_med,0.3524489165453417,0.3524489165453417,0.0,True,False
real_102,ilr_z1,1.438243317563167,1.438243317563167,0.0,True,False
real_102,ilr_z2,-1.055500819499918,-1.0555008194999178,2.220446049250313e-16,True,False
real_102,ilr_z3,0.7526270520490675,0.7526270520490669,6.661338147750939e-16,True,False
real_102,ilr_z4,-0.5332871804202991,-0.5332871804202994,3.3306690738754696e-16,True,False
real_102,A2_8_16,0.70320523119592,0.7032052311959202,1.1102230246251565e-16,True,False
real_102,entropy_8_16,0.5104840027100116,0.5104840027100118,2.220446049250313e-16,True,False
real_102,A2_16_32,0.30151029803451823,0.30151029803451834,1.1102230246251565e-16,True,False
real_102,entropy_16_32,0.7478988655551171,0.7478988655551171,0.0,True,False
real_103,D,38.725759506225586,38.725759506225586,0.0,True,False
real_103,A_med,0.521592084376508,0.521592084376508,0.0,True,False
real_103,ilr_z1,0.39744840550429356,0.39744840550429467,1.1102230246251565e-15,True,False
real_103,ilr_z2,-0.4452037285921876,-0.4452037285921856,1.9984014443252818e-15,True,False
real_103,ilr_z3,0.7474555916239214,0.7474555916239216,2.220446049250313e-16,True,False
real_103,ilr_z4,1.1180098210974867,1.1180098210974876,8.881784197001252e-16,True,False
real_103,A2_8_16,0.15500394077441895,0.15500394077441892,2.7755575615628914e-17,True,False
real_103,entropy_8_16,0.9257357587050014,0.9257357587050014,0.0,True,False
real_103,A2_16_32,0.19585318350359335,0.19585318350359343,8.326672684688674e-17,True,False
real_103,entropy_16_32,0.7586093036268625,0.7586093036268625,0.0,True,False
real_104,D,45.409467697143555,45.409467697143555,0.0,True,False
real_104,A_med,0.3470460712314604,0.3470460712314604,0.0,True,False
real_104,ilr_z1,-0.02322771208833921,-0.023227712088338716,4.926614671774132e-16,True,False
real_104,ilr_z2,-0.5506499835889598,-0.5506499835889593,4.440892098500626e-16,True,False
real_104,ilr_z3,0.1835051244508186,0.183505124450819,4.163336342344337e-16,True,False
real_104,ilr_z4,-0.20059619848559407,-0.20059619848559354,5.273559366969494e-16,True,False
real_104,A2_8_16,0.19193428994364872,0.19193428994364872,0.0,True,False
real_104,entropy_8_16,0.9087245723067096,0.9087245723067094,1.1102230246251565e-16,True,False
real_104,A2_16_32,0.17943586201586553,0.17943586201586553,0.0,True,False
real_104,entropy_16_32,0.7959869604439211,0.7959869604439208,3.3306690738754696e-16,True,False
real_105,D,12.883959293365479,12.883959293365479,0.0,True,False
real_105,A_med,0.3910787672317013,0.3910787672317013,0.0,True,False
real_105,ilr_z1,1.3248171124220018,1.324817112422002,2.220446049250313e-16,True,False
real_105,ilr_z2,-0.16872021356117295,-0.16872021356117206,8.881784197001252e-16,True,False
real_105,ilr_z3,0.1721033014952601,0.17210330149526049,3.885780586188048e-16,True,False
real_105,ilr_z4,-0.284578778678343,-0.2845787786783429,1.1102230246251565e-16,True,False
real_105,A2_8_16,0.4403634078117716,0.4403634078117715,5.551115123125783e-17,True,False
real_105,entropy_8_16,0.7619079798783122,0.7619079798783126,4.440892098500626e-16,True,False
real_105,A2_16_32,0.18152109014401688,0.18152109014401696,8.326672684688674e-17,True,False
real_105,entropy_16_32,0.7618734038605478,0.7618734038605477,1.1102230246251565e-16,True,False
real_106,D,4.333580017089844,4.333580017089844,0.0,True,False
real_106,A_med,0.6841640552731612,0.6841640552731612,0.0,True,False
real_106,ilr_z1,2.113723474633166,2.1137234746331672,1.3322676295501878e-15,True,False
real_106,ilr_z2,-0.6863722074083904,-0.6863722074083882,2.220446049250313e-15,True,False
real_106,ilr_z3,0.7867426364117904,0.7867426364117895,8.881784197001252e-16,True,False
real_106,ilr_z4,0.7756820892079697,0.7756820892079697,0.0,True,False
real_106,A2_8_16,0.8072443162116613,0.8072443162116614,1.1102230246251565e-16,True,False
real_106,entropy_8_16,0.4868439053033775,0.4868439053033762,1.3322676295501878e-15,True,False
real_106,A2_16_32,0.1716486309265888,0.17164863092658875,5.551115123125783e-17,True,False
real_106,entropy_16_32,0.7829797821644293,0.7829797821644295,2.220446049250313e-16,True,False
real_107,D,15.745314598083496,15.745314598083496,0.0,True,False
real_107,A_med,0.4830880106310848,0.4830880106310848,0.0,True,False
real_107,ilr_z1,1.2419296737160546,1.2419296737160561,1.5543122344752192e-15,True,False
real_107,ilr_z2,-0.5311067757974265,-0.5311067757974235,2.9976021664879227e-15,True,False
real_107,ilr_z3,1.0514570561125165,1.0514570561125154,1.1102230246251565e-15,True,False
real_107,ilr_z4,-0.08574369478164445,-0.08574369478164347,9.853229343548264e-16,True,False
real_107,A2_8_16,0.8637865131666523,0.8637865131666527,3.3306690738754696e-16,True,False
real_107,entropy_8_16,0.4484469185569993,0.4484469185569993,0.0,True,False
real_107,A2_16_32,0.7952931468867475,0.7952931468867475,0.0,True,False
real_107,entropy_16_32,0.3435555604492247,0.34355556044922525,5.551115123125783e-16,True,False
real_108,D,2.5217500925064087,2.5217500925064087,0.0,True,False
real_108,A_med,1.7863424642167578,1.7863424642167578,0.0,True,False
real_108,ilr_z1,3.178146884745831,3.1781468847458325,1.3322676295501878e-15,True,False
real_108,ilr_z2,-1.6491502278270151,-1.6491502278270134,1.7763568394002505e-15,True,False
real_108,ilr_z3,0.9978859300284595,0.9978859300284595,0.0,True,False
real_108,ilr_z4,-0.45242368332428573,-0.45242368332428573,0.0,True,False
real_108,A2_8_16,0.9610941128799602,0.9610941128799599,2.220446049250313e-16,True,False
real_108,entropy_8_16,0.312207689268846,0.312207689268845,9.992007221626409e-16,True,False
real_108,A2_16_32,0.18730798630814544,0.18730798630814538,5.551115123125783e-17,True,False
real_108,entropy_16_32,0.762810205648504,0.7628102056485039,1.1102230246251565e-16,True,False
real_109,D,41.71175575256348,41.71175575256348,0.0,True,False
real_109,A_med,2.4609507748652515,2.4609507748652515,0.0,True,False
real_109,ilr_z1,-1.261518170009722,-1.2615181700097229,8.881784197001252e-16,True,False
real_109,ilr_z2,-0.30319548496959814,-0.3031954849695986,4.440892098500626e-16,True,False
real_109,ilr_z3,-0.11130059946828576,-0.11130059946828436,1.4016565685892601e-15,True,False
real_109,ilr_z4,-0.7478212444035524,-0.7478212444035532,8.881784197001252e-16,True,False
real_109,A2_8_16,0.07587308745043053,0.07587308745043056,2.7755575615628914e-17,True,False
real_109,entropy_8_16,0.9073015280411436,0.9073015280411435,1.1102230246251565e-16,True,False
real_109,A2_16_32,0.16404315719748164,0.16404315719748172,8.326672684688674e-17,True,False
real_109,entropy_16_32,0.7183089694826342,0.7183089694826343,1.1102230246251565e-16,True,False
real_110,D,37.64780616760254,37.64780616760254,0.0,True,False
real_110,A_med,1.5684377427191978,1.5684377427191978,0.0,True,False
real_110,ilr_z1,-2.1037873133414973,-2.1037873133414995,2.220446049250313e-15,True,False
real_110,ilr_z2,-0.5358879966882504,-0.5358879966882526,2.220446049250313e-15,True,False
real_110,ilr_z3,0.001553822161850273,0.0015538221618501416,1.3140530330524314e-16,True,False
real_110,ilr_z4,0.19340319831854563,0.19340319831854602,3.885780586188048e-16,True,False
real_110,A2_8_16,0.3440174614618534,0.34401746146185336,5.551115123125783e-17,True,False
real_110,entropy_8_16,0.900793979222288,0.900793979222288,0.0,True,False
real_110,A2_16_32,0.11114934242646371,0.1111493424264637,1.3877787807814457e-17,True,False
real_110,entropy_16_32,0.7918314832818779,0.7918314832818779,0.0,True,False
real_111,D,19.06198024749756,19.06198024749756,0.0,True,False
real_111,A_med,1.7888994111767211,1.788899411176721,2.220446049250313e-16,True,False
real_111,ilr_z1,1.556325437888277,1.5563254378882754,1.5543122344752192e-15,True,False
real_111,ilr_z2,-1.6633061773301394,-1.6633061773301392,2.220446049250313e-16,True,False
real_111,ilr_z3,1.1124723640897989,1.1124723640898004,1.5543122344752192e-15,True,False
real_111,ilr_z4,0.25877891209344084,0.25877891209344084,0.0,True,False
real_111,A2_8_16,0.9454947908919061,0.9454947908919061,0.0,True,False
real_111,entropy_8_16,0.34907715255920657,0.3490771525592071,5.551115123125783e-16,True,False
real_111,A2_16_32,0.6279638652919385,0.6279638652919385,0.0,True,False
real_111,entropy_16_32,0.5782574769427332,0.5782574769427333,1.1102230246251565e-16,True,False
real_112,D,37.46864891052246,37.46864891052246,0.0,True,False
real_112,A_med,0.34909492339384735,0.34909492339384735,0.0,True,False
real_112,ilr_z1,0.36236924216634564,0.362369242166347,1.3877787807814457e-15,True,False
real_112,ilr_z2,-0.4559274200294581,-0.45592742002945685,1.2212453270876722e-15,True,False
real_112,ilr_z3,0.8016980288617376,0.8016980288617374,2.220446049250313e-16,True,False
real_112,ilr_z4,-0.014598274702640695,-0.014598274702640603,9.194034422677078e-17,True,False
real_112,A2_8_16,0.060677264811728915,0.06067726481172891,6.938893903907228e-18,True,False
real_112,entropy_8_16,0.9088146480561358,0.9088146480561355,2.220446049250313e-16,True,False
real_112,A2_16_32,0.1987958731619453,0.1987958731619453,0.0,True,False
real_112,entropy_16_32,0.7292626788988179,0.7292626788988179,0.0,True,False
real_113,D,46.77769660949707,46.77769660949707,0.0,True,False
real_113,A_med,2.3363968848353256,2.336396884835326,4.440892098500626e-16,True,False
real_113,ilr_z1,-0.021752535821761454,-0.021752535821762,5.447031714567174e-16,True,False
real_113,ilr_z2,-0.44127775290480553,-0.44127775290480553,0.0,True,False
real_113,ilr_z3,1.0422094710159315,1.042209471015931,4.440892098500626e-16,True,False
real_113,ilr_z4,0.7567125118073512,0.756712511807351,2.220446049250313e-16,True,False
real_113,A2_8_16,0.4198255636379649,0.41982556363796497,5.551115123125783e-17,True,False
real_113,entropy_8_16,0.8744471613542028,0.8744471613542025,2.220446049250313e-16,True,False
real_113,A2_16_32,0.5861187569903363,0.5861187569903366,2.220446049250313e-16,True,False
real_113,entropy_16_32,0.7117416620243694,0.7117416620243691,3.3306690738754696e-16,True,False
real_114,D,45.03070068359375,45.03070068359375,0.0,True,False
real_114,A_med,0.574357732843718,0.574357732843718,0.0,True,False
real_114,ilr_z1,0.614786445389544,0.6147864453895443,3.3306690738754696e-16,True,False
real_114,ilr_z2,-0.6599497753588124,-0.6599497753588117,6.661338147750939e-16,True,False
real_114,ilr_z3,0.9873595601206073,0.9873595601206069,4.440892098500626e-16,True,False
real_114,ilr_z4,1.1698509747198123,1.169850974719812,2.220446049250313e-16,True,False
real_114,A2_8_16,0.26837760119724036,0.2683776011972404,5.551115123125783e-17,True,False
real_114,entropy_8_16,0.9098825997982685,0.9098825997982686,1.1102230246251565e-16,True,False
real_114,A2_16_32,0.12223660604260318,0.12223660604260314,4.163336342344337e-17,True,False
real_114,entropy_16_32,0.7979345059880609,0.797934505988061,1.1102230246251565e-16,True,False
real_115,D,41.42281532287598,41.42281532287598,0.0,True,False
real_115,A_med,0.6500377846278316,0.6500377846278316,0.0,True,False
real_115,ilr_z1,0.2139615053242941,0.2139615053242932,8.881784197001252e-16,True,False
real_115,ilr_z2,-0.7669335071772089,-0.76693350717721,1.1102230246251565e-15,True,False
real_115,ilr_z3,1.1461543058109955,1.1461543058109958,2.220446049250313e-16,True,False
real_115,ilr_z4,0.3417295321852277,0.3417295321852277,0.0,True,False
real_115,A2_8_16,0.14410688829083995,0.1441068882908399,5.551115123125783e-17,True,False
real_115,entropy_8_16,0.9327098659589007,0.9327098659589004,3.3306690738754696e-16,True,False
real_115,A2_16_32,0.12492536367006338,0.12492536367006336,1.3877787807814457e-17,True,False
real_115,entropy_16_32,0.787198035221983,0.787198035221983,0.0,True,False
real_116,D,4.148553848266602,4.148553848266602,0.0,True,False
real_116,A_med,2.07890918977518,2.07890918977518,0.0,True,False
real_116,ilr_z1,0.13520567976627948,0.13520567976627934,1.3877787807814457e-16,True,False
real_116,ilr_z2,-1.1468196730421454,-1.146819673042144,1.3322676295501878e-15,True,False
real_116,ilr_z3,-0.21332120796393841,-0.2133212079639381,3.0531133177191805e-16,True,False
real_116,ilr_z4,0.21787993827588537,0.21787993827588553,1.6653345369377348e-16,True,False
real_116,A2_8_16,0.7959711165840396,0.7959711165840397,1.1102230246251565e-16,True,False
real_116,entropy_8_16,0.4733584478831724,0.47335844788317244,5.551115123125783e-17,True,False
real_116,A2_16_32,0.18282514837301606,0.18282514837301617,1.1102230246251565e-16,True,False
real_116,entropy_16_32,0.7282691481735569,0.7282691481735568,1.1102230246251565e-16,True,False
real_117,D,6.473586320877075,6.473586320877075,0.0,True,False
real_117,A_med,2.3091058020637543,2.3091058020637543,0.0,True,False
real_117,ilr_z1,-2.061538393541848,-2.061538393541849,8.881784197001252e-16,True,False
real_117,ilr_z2,-0.8073633061145797,-0.8073633061145815,1.7763568394002505e-15,True,False
real_117,ilr_z3,-1.1243987469945493,-1.124398746994549,4.440892098500626e-16,True,False
real_117,ilr_z4,-0.7444480390718503,-0.7444480390718503,0.0,True,False
real_117,A2_8_16,0.33293883195651425,0.3329388319565143,5.551115123125783e-17,True,False
real_117,entropy_8_16,0.9068637279091312,0.9068637279091313,1.1102230246251565e-16,True,False
real_117,A2_16_32,0.21088078716792955,0.21088078716792955,0.0,True,False
real_117,entropy_16_32,0.7076631620597793,0.7076631620597791,2.220446049250313e-16,True,False
real_118,D,46.120548248291016,46.120548248291016,0.0,True,False
real_118,A_med,2.9278653796538636,2.9278653796538636,0.0,True,False
real_118,ilr_z1,-1.6921353824357985,-1.6921353824357979,6.661338147750939e-16,True,False
real_118,ilr_z2,-0.4882043688712894,-0.48820436887128893,4.440892098500626e-16,True,False
real_118,ilr_z3,-0.924584292963173,-0.9245842929631727,3.3306690738754696e-16,True,False
real_118,ilr_z4,-0.6828819781587299,-0.6828819781587304,5.551115123125783e-16,True,False
real_118,A2_8_16,0.2843707169457869,0.28437071694578697,5.551115123125783e-17,True,False
real_118,entropy_8_16,0.926025809579353,0.9260258095793532,2.220446049250313e-16,True,False
real_118,A2_16_32,0.28907733291565224,0.28907733291565224,0.0,True,False
real_118,entropy_16_32,0.7974216636969179,0.797421663696918,1.1102230246251565e-16,True,False
real_119,D,49.9108829498291,49.9108829498291,0.0,True,False
real_119,A_med,1.0268721775919039,1.0268721775919039,0.0,True,False
real_119,ilr_z1,-2.370623925110497,-2.3706239251104977,8.881784197001252e-16,True,False
real_119,ilr_z2,-0.5603779154512432,-0.5603779154512432,0.0,True,False
real_119,ilr_z3,-0.760542499443755,-0.7605424994437553,3.3306690738754696e-16,True,False
real_119,ilr_z4,-0.42410153173704734,-0.4241015317370476,2.7755575615628914e-16,True,False
real_119,A2_8_16,0.1211468007328951,0.12114680073289517,6.938893903907228e-17,True,False
real_119,entropy_8_16,0.9238610924878947,0.9238610924878947,0.0,True,False
real_119,A2_16_32,0.3314389729659647,0.3314389729659649,2.220446049250313e-16,True,False
real_119,entropy_16_32,0.8040408667099572,0.8040408667099573,1.1102230246251565e-16,True,False
real_120,D,8.954411506652832,8.954411506652832,0.0,True,False
real_120,A_med,0.597389330003452,0.597389330003452,0.0,True,False
real_120,ilr_z1,1.6826821247112291,1.68268212471123,8.881784197001252e-16,True,False
real_120,ilr_z2,-1.0981870534730027,-1.0981870534730025,2.220446049250313e-16,True,False
real_120,ilr_z3,0.16859890020354182,0.16859890020354174,8.326672684688674e-17,True,False
real_120,ilr_z4,-1.0754706630206006,-1.0754706630206,6.661338147750939e-16,True,False
real_120,A2_8_16,0.8944943574816656,0.8944943574816658,2.220446049250313e-16,True,False
real_120,entropy_8_16,0.36974509459853877,0.3697450945985389,1.1102230246251565e-16,True,False
real_120,A2_16_32,0.3217544101322449,0.3217544101322449,0.0,True,False
real_120,entropy_16_32,0.6755190064741028,0.6755190064741023,4.440892098500626e-16,True,False
real_121,D,10.947832584381104,10.947832584381104,0.0,True,False
real_121,A_med,0.4706620161978533,0.4706620161978533,0.0,True,False
real_121,ilr_z1,0.6871032724797917,0.6871032724797917,0.0,True,False
real_121,ilr_z2,-1.3402465894892082,-1.3402465894892093,1.1102230246251565e-15,True,False
real_121,ilr_z3,-1.002340067884325,-1.0023400678843246,4.440892098500626e-16,True,False
real_121,ilr_z4,-1.1387586293597391,-1.1387586293597405,1.3322676295501878e-15,True,False
real_121,A2_8_16,0.932989367843143,0.9329893678431432,2.220446049250313e-16,True,False
real_121,entropy_8_16,0.3334802195926298,0.3334802195926302,3.885780586188048e-16,True,False
real_121,A2_16_32,0.2791296225477068,0.2791296225477067,1.1102230246251565e-16,True,False
real_121,entropy_16_32,0.6662750493760806,0.6662750493760804,2.220446049250313e-16,True,False
real_122,D,17.122941970825195,17.122941970825195,0.0,True,False
real_122,A_med,0.7383216024639595,0.7383216024639595,0.0,True,False
real_122,ilr_z1,0.6359348889382574,0.6359348889382574,0.0,True,False
real_122,ilr_z2,-1.311453182628654,-1.311453182628653,8.881784197001252e-16,True,False
real_122,ilr_z3,-0.09239463841652158,-0.09239463841652061,9.71445146547012e-16,True,False
real_122,ilr_z4,-1.8409656019449188,-1.840965601944919,2.220446049250313e-16,True,False
real_122,A2_8_16,0.9095101543769741,0.9095101543769741,0.0,True,False
real_122,entropy_8_16,0.37994209734357376,0.3799420973435743,5.551115123125783e-16,True,False
real_122,A2_16_32,0.7079190091694915,0.7079190091694916,1.1102230246251565e-16,True,False
real_122,entropy_16_32,0.5310500989655516,0.5310500989655507,8.881784197001252e-16,True,False
real_123,D,19.32986354827881,19.32986354827881,0.0,True,False
real_123,A_med,0.7088217393311486,0.7088217393311486,0.0,True,False
real_123,ilr_z1,-0.03063247604365612,-0.030632476043654537,1.582067810090848e-15,True,False
real_123,ilr_z2,-1.3665709876867056,-1.366570987686706,4.440892098500626e-16,True,False
real_123,ilr_z3,-0.7821546028736771,-0.782154602873677,1.1102230246251565e-16,True,False
real_123,ilr_z4,-1.8387533528533468,-1.8387533528533484,1.5543122344752192e-15,True,False
real_123,A2_8_16,0.598121902041344,0.598121902041344,0.0,True,False
real_123,entropy_8_16,0.6528115836379963,0.6528115836379967,4.440892098500626e-16,True,False
real_123,A2_16_32,0.5057381760648286,0.5057381760648287,1.1102230246251565e-16,True,False
real_123,entropy_16_32,0.7030448808856878,0.703044880885688,1.1102230246251565e-16,True,False
real_124,D,47.43928909301758,47.43928909301758,0.0,True,False
real_124,A_med,1.6789572208394665,1.6789572208394665,0.0,True,False
real_124,ilr_z1,-2.4909317320308926,-2.4909317320308935,8.881784197001252e-16,True,False
real_124,ilr_z2,-0.31026298655658646,-0.31026298655658646,0.0,True,False
real_124,ilr_z3,-1.5940789343956272,-1.594078934395627,2.220446049250313e-16,True,False
real_124,ilr_z4,-1.2539921992380745,-1.253992199238075,4.440892098500626e-16,True,False
real_124,A2_8_16,0.36214502613902083,0.3621450261390208,5.551115123125783e-17,True,False
real_124,entropy_8_16,0.9147947212843129,0.9147947212843126,3.3306690738754696e-16,True,False
real_124,A2_16_32,0.4486303433839361,0.4486303433839361,0.0,True,False
real_124,entropy_16_32,0.6491124256299075,0.6491124256299073,1.1102230246251565e-16,True,False
real_125,D,52.207937240600586,52.207937240600586,0.0,True,False
real_125,A_med,0.5863284580064075,0.5863284580064075,0.0,True,False
real_125,ilr_z1,0.4681850826390862,0.4681850826390868,6.106226635438361e-16,True,False
real_125,ilr_z2,-0.12593863693987806,-0.12593863693987695,1.1102230246251565e-15,True,False
real_125,ilr_z3,-0.17161157057885829,-0.17161157057885806,2.220446049250313e-16,True,False
real_125,ilr_z4,-1.8105091577522694,-1.8105091577522698,4.440892098500626e-16,True,False
real_125,A2_8_16,0.1741597188091665,0.17415971880916653,2.7755575615628914e-17,True,False
real_125,entropy_8_16,0.8810738699272205,0.8810738699272207,2.220446049250313e-16,True,False
real_125,A2_16_32,0.2854852822518269,0.2854852822518269,0.0,True,False
real_125,entropy_16_32,0.7529816146824879,0.7529816146824879,0.0,True,False
real_126,D,49.35401725769043,49.35401725769043,0.0,True,False
real_126,A_med,0.9145511666527417,0.9145511666527417,0.0,True,False
real_126,ilr_z1,-1.374203851590142,-1.3742038515901411,8.881784197001252e-16,True,False
real_126,ilr_z2,0.15142344992860757,0.15142344992860846,8.881784197001252e-16,True,False
real_126,ilr_z3,-1.7112098021446192,-1.7112098021446207,1.5543122344752192e-15,True,False
real_126,ilr_z4,-1.4471107808324488,-1.4471107808324497,8.881784197001252e-16,True,False
real_126,A2_8_16,0.29045529719231267,0.2904552971923126,5.551115123125783e-17,True,False
real_126,entropy_8_16,0.89885340511558,0.8988534051155799,1.1102230246251565e-16,True,False
real_126,A2_16_32,0.33082384864372316,0.33082384864372305,1.1102230246251565e-16,True,False
real_126,entropy_16_32,0.7208151587946637,0.720815158794664,2.220446049250313e-16,True,False
real_127,D,52.26996612548828,52.26996612548828,0.0,True,False
real_127,A_med,0.7816636949329008,0.7816636949329008,0.0,True,False
real_127,ilr_z1,-2.0259270853650206,-2.0259270853650224,1.7763568394002505e-15,True,False
real_127,ilr_z2,-0.10673825827784356,-0.10673825827784578,2.220446049250313e-15,True,False
real_127,ilr_z3,-2.0068233296539386,-2.0068233296539386,0.0,True,False
real_127,ilr_z4,-1.7069277741766253,-1.7069277741766264,1.1102230246251565e-15,True,False
real_127,A2_8_16,0.11969265046469081,0.11969265046469084,2.7755575615628914e-17,True,False
real_127,entropy_8_16,0.9374152204160614,0.9374152204160615,1.1102230246251565e-16,True,False
real_127,A2_16_32,0.11126798335886093,0.1112679833588609,2.7755575615628914e-17,True,False
real_127,entropy_16_32,0.7990701954308441,0.799070195430844,1.1102230246251565e-16,True,False
real_128,D,40.72523307800293,40.72523307800293,0.0,True,False
real_128,A_med,0.8844601513450345,0.8844601513450345,0.0,True,False
real_128,ilr_z1,-0.20257292049271153,-0.20257292049271125,2.7755575615628914e-16,True,False
real_128,ilr_z2,0.14141585844051252,0.1414158584405114,1.1102230246251565e-15,True,False
real_128,ilr_z3,-1.217483826762214,-1.2174838267622135,4.440892098500626e-16,True,False
real_128,ilr_z4,-2.0357849065883613,-2.0357849065883613,0.0,True,False
real_128,A2_8_16,0.20582244482137993,0.20582244482137996,2.7755575615628914e-17,True,False
real_128,entropy_8_16,0.9260806406075238,0.9260806406075236,2.220446049250313e-16,True,False
real_128,A2_16_32,0.37226975023564796,0.37226975023564796,0.0,True,False
real_128,entropy_16_32,0.6569285510073395,0.6569285510073394,1.1102230246251565e-16,True,False
real_129,D,42.31871223449707,42.31871223449707,0.0,True,False
real_129,A_med,0.9098665806604722,0.9098665806604722,0.0,True,False
real_129,ilr_z1,-1.0128112783121193,-1.0128112783121177,1.5543122344752192e-15,True,False
real_129,ilr_z2,-0.32378793263894146,-0.323787932638941,4.440892098500626e-16,True,False
real_129,ilr_z3,-1.3142520516668175,-1.3142520516668177,2.220446049250313e-16,True,False
real_129,ilr_z4,-2.0105111475976174,-2.010511147597618,4.440892098500626e-16,True,False
real_129,A2_8_16,0.04509104647867227,0.04509104647867227,0.0,True,False
real_129,entropy_8_16,0.9378196524209698,0.9378196524209698,0.0,True,False
real_129,A2_16_32,0.11967728255170741,0.11967728255170747,5.551115123125783e-17,True,False
real_129,entropy_16_32,0.7408114517736816,0.7408114517736818,2.220446049250313e-16,True,False
real_130,D,9.975673198699951,9.975673198699951,0.0,True,False
real_130,A_med,0.49542326311262375,0.49542326311262375,0.0,True,False
real_130,ilr_z1,0.3553857481832446,0.35538574818324536,7.771561172376096e-16,True,False
real_130,ilr_z2,-0.19349013883721589,-0.19349013883721544,4.440892098500626e-16,True,False
real_130,ilr_z3,0.025253286401163994,0.025253286401163196,7.979727989493313e-16,True,False
real_130,ilr_z4,-1.627709417518276,-1.6277094175182754,6.661338147750939e-16,True,False
real_130,A2_8_16,0.44191644857892515,0.4419164485789251,5.551115123125783e-17,True,False
real_130,entropy_8_16,0.7711020866117768,0.7711020866117768,0.0,True,False
real_130,A2_16_32,0.6874006390333134,0.6874006390333134,0.0,True,False
real_130,entropy_16_32,0.5038450492863589,0.503845049286359,1.1102230246251565e-16,True,False
real_131,D,11.856034755706787,11.856034755706787,0.0,True,False
real_131,A_med,0.5505953840636293,0.5505953840636293,0.0,True,False
real_131,ilr_z1,-0.46757402360832423,-0.4675740236083223,1.942890293094024e-15,True,False
real_131,ilr_z2,-0.37472536672213197,-0.374725366722128,3.9968028886505635e-15,True,False
real_131,ilr_z3,-0.8937011100974234,-0.8937011100974231,2.220446049250313e-16,True,False
real_131,ilr_z4,-0.8259007950195495,-0.8259007950195488,6.661338147750939e-16,True,False
real_131,A2_8_16,0.8248125964364159,0.8248125964364161,2.220446049250313e-16,True,False
real_131,entropy_8_16,0.468238154953834,0.46823815495383403,5.551115123125783e-17,True,False
real_131,A2_16_32,0.7529280307464782,0.7529280307464784,2.220446049250313e-16,True,False
real_131,entropy_16_32,0.4063835368167212,0.40638353681672107,1.1102230246251565e-16,True,False
real_132,D,32.68803787231445,32.68803787231445,0.0,True,False
real_132,A_med,0.3300726153537977,0.3300726153537977,0.0,True,False
real_132,ilr_z1,1.232727130860476,1.2327271308604768,8.881784197001252e-16,True,False
real_132,ilr_z2,-0.24581719553267511,-0.24581719553267434,7.771561172376096e-16,True,False
real_132,ilr_z3,0.3263575992791173,0.3263575992791167,6.106226635438361e-16,True,False
real_132,ilr_z4,-1.5250644327693037,-1.5250644327693035,2.220446049250313e-16,True,False
real_132,A2_8_16,0.4032794241209796,0.4032794241209797,1.1102230246251565e-16,True,False
real_132,entropy_8_16,0.7889791128491267,0.7889791128491268,1.1102230246251565e-16,True,False
real_132,A2_16_32,0.470538489247813,0.4705384892478131,1.1102230246251565e-16,True,False
real_132,entropy_16_32,0.6111475513264665,0.6111475513264668,3.3306690738754696e-16,True,False
real_133,D,34.78306579589844,34.78306579589844,0.0,True,False
real_133,A_med,0.32172545237031785,0.32172545237031785,0.0,True,False
real_133,ilr_z1,0.9409626869370037,0.9409626869370042,5.551115123125783e-16,True,False
real_133,ilr_z2,-0.5541397666900933,-0.5541397666900924,9.992007221626409e-16,True,False
real_133,ilr_z3,0.7341414321818878,0.7341414321818872,5.551115123125783e-16,True,False
real_133,ilr_z4,-0.9309694078383698,-0.9309694078383699,1.1102230246251565e-16,True,False
real_133,A2_8_16,0.323810825162417,0.32381082516241716,1.6653345369377348e-16,True,False
real_133,entropy_8_16,0.8357213668498005,0.8357213668498008,3.3306690738754696e-16,True,False
real_133,A2_16_32,0.45601994378805505,0.45601994378805494,1.1102230246251565e-16,True,False
real_133,entropy_16_32,0.6249642879060209,0.624964287906021,1.1102230246251565e-16,True,False
real_134,D,40.91189384460449,40.91189384460449,0.0,True,False
real_134,A_med,0.4809806612437035,0.4809806612437035,0.0,True,False
real_134,ilr_z1,0.6539901582468457,0.6539901582468461,4.440892098500626e-16,True,False
real_134,ilr_z2,0.21434410423817218,0.2143441042381733,1.1102230246251565e-15,True,False
real_134,ilr_z3,0.04156707553647354,0.04156707553647252,1.0200174038743626e-15,True,False
real_134,ilr_z4,-2.0360859361354833,-2.036085936135483,4.440892098500626e-16,True,False
real_134,A2_8_16,0.12028405716947145,0.1202840571694715,5.551115123125783e-17,True,False
real_134,entropy_8_16,0.9256549829438805,0.9256549829438804,1.1102230246251565e-16,True,False
real_134,A2_16_32,0.30681606095652486,0.30681606095652486,0.0,True,False
real_134,entropy_16_32,0.7392201237894446,0.7392201237894445,1.1102230246251565e-16,True,False
real_135,D,40.905738830566406,40.905738830566406,0.0,True,False
real_135,A_med,0.36122069238370486,0.36122069238370486,0.0,True,False
real_135,ilr_z1,-0.1952082429533841,-0.19520824295338418,8.326672684688674e-17,True,False
real_135,ilr_z2,-0.3263975298544828,-0.32639752985448256,2.220446049250313e-16,True,False
real_135,ilr_z3,-0.3856670899364486,-0.38566708993644866,5.551115123125783e-17,True,False
real_135,ilr_z4,-0.5020825654197272,-0.5020825654197271,1.1102230246251565e-16,True,False
real_135,A2_8_16,0.116131356087825,0.1161313560878251,9.71445146547012e-17,True,False
real_135,entropy_8_16,0.9047735241381343,0.904773524138134,2.220446049250313e-16,True,False
real_135,A2_16_32,0.5321485328574609,0.5321485328574608,1.1102230246251565e-16,True,False
real_135,entropy_16_32,0.6669276907427396,0.6669276907427396,0.0,True,False
real_136,D,17.797805786132812,17.797805786132812,0.0,True,False
real_136,A_med,0.6844582064485378,0.6844582064485378,0.0,True,False
real_136,ilr_z1,-0.7038068206341909,-0.7038068206341899,9.992007221626409e-16,True,False
real_136,ilr_z2,0.4252380211941016,0.4252380211941018,2.220446049250313e-16,True,False
real_136,ilr_z3,-1.3368855980159415,-1.3368855980159422,6.661338147750939e-16,True,False
real_136,ilr_z4,-1.4645376455961272,-1.464537645596128,8.881784197001252e-16,True,False
real_136,A2_8_16,0.01373974272334269,0.013739742723342645,4.5102810375396984e-17,True,False
real_136,entropy_8_16,0.9344217850902281,0.9344217850902277,4.440892098500626e-16,True,False
real_136,A2_16_32,0.1266948000558449,0.12669480005584488,2.7755575615628914e-17,True,False
real_136,entropy_16_32,0.7916855322735231,0.7916855322735231,0.0,True,False
real_137,D,21.254422187805176,21.254422187805176,0.0,True,False
real_137,A_med,0.662377331186511,0.662377331186511,0.0,True,False
real_137,ilr_z1,-1.6207079106431928,-1.6207079106431919,8.881784197001252e-16,True,False
real_137,ilr_z2,0.5399935007442696,0.5399935007442704,8.881784197001252e-16,True,False
real_137,ilr_z3,-1.787203607251548,-1.7872036072515503,2.220446049250313e-15,True,False
real_137,ilr_z4,-1.8000266578979682,-1.8000266578979687,4.440892098500626e-16,True,False
real_137,A2_8_16,0.011175456962090206,0.011175456962090245,3.8163916471489756e-17,True,False
real_137,entropy_8_16,0.930128723180822,0.9301287231808221,1.1102230246251565e-16,True,False
real_137,A2_16_32,0.42338784146142844,0.4233878414614288,3.885780586188048e-16,True,False
real_137,entropy_16_32,0.6255796703615506,0.6255796703615507,1.1102230246251565e-16,True,False
real_138,D,28.943305015563965,28.943305015563965,0.0,True,False
real_138,A_med,0.6024643051393862,0.6024643051393862,0.0,True,False
real_138,ilr_z1,0.35359803127645134,0.35359803127645106,2.7755575615628914e-16,True,False
real_138,ilr_z2,0.16809773779950876,0.16809773779950832,4.440892098500626e-16,True,False
real_138,ilr_z3,1.1492513118229006,1.1492513118229006,0.0,True,False
real_138,ilr_z4,0.38788546264762097,0.38788546264762175,7.771561172376096e-16,True,False
real_138,A2_8_16,0.14241168656152617,0.1424116865615261,5.551115123125783e-17,True,False
real_138,entropy_8_16,0.9291252861861126,0.9291252861861123,2.220446049250313e-16,True,False
real_138,A2_16_32,0.14088339388831755,0.14088339388831747,8.326672684688674e-17,True,False
real_138,entropy_16_32,0.7975655460685245,0.7975655460685245,0.0,True,False
real_139,D,32.60516548156738,32.60516548156738,0.0,True,False
real_139,A_med,0.1980566039086306,0.1980566039086306,0.0,True,False
real_139,ilr_z1,0.52216928381124,0.5221692838112397,2.220446049250313e-16,True,False
real_139,ilr_z2,0.42679856904100766,0.426798569041007,6.661338147750939e-16,True,False
real_139,ilr_z3,0.0925057827113777,0.09250578271137783,1.249000902703301e-16,True,False
real_139,ilr_z4,-0.7120550991915953,-0.7120550991915954,1.1102230246251565e-16,True,False
real_139,A2_8_16,0.05817531766293685,0.05817531766293686,1.3877787807814457e-17,True,False
real_139,entropy_8_16,0.9307292946197185,0.9307292946197187,1.1102230246251565e-16,True,False
real_139,A2_16_32,0.35123960416188255,0.35123960416188255,0.0,True,False
real_139,entropy_16_32,0.763764204813815,0.7637642048138152,2.220446049250313e-16,True,False
real_140,D,3.393480896949768,3.393480896949768,0.0,True,False
real_140,A_med,0.959109072017319,0.959109072017319,0.0,True,False
real_140,ilr_z1,0.6878409162066533,0.6878409162066531,2.220446049250313e-16,True,False
real_140,ilr_z2,-0.38677370946129264,-0.38677370946129275,1.1102230246251565e-16,True,False
real_140,ilr_z3,1.2732868736711351,1.2732868736711351,0.0,True,False
real_140,ilr_z4,0.9323058834134388,0.9323058834134382,5.551115123125783e-16,True,False
real_140,A2_8_16,0.21614095991964097,0.21614095991964097,0.0,True,False
real_140,entropy_8_16,0.9186711438978737,0.9186711438978737,0.0,True,False
real_140,A2_16_32,0.28249264484730724,0.28249264484730724,0.0,True,False
real_140,entropy_16_32,0.7994929084151247,0.7994929084151244,2.220446049250313e-16,True,False
real_141,D,35.72157287597656,35.72157287597656,0.0,True,False
real_141,A_med,0.6944136245687857,0.6944136245687857,0.0,True,False
real_141,ilr_z1,-0.08397086069342587,-0.08397086069342538,4.85722573273506e-16,True,False
real_141,ilr_z2,-0.4725933192029719,-0.47259331920296965,2.220446049250313e-15,True,False
real_141,ilr_z3,-0.022277696464095414,-0.02227769646409537,4.5102810375396984e-17,True,False
real_141,ilr_z4,-0.9991192370373235,-0.9991192370373234,1.1102230246251565e-16,True,False
real_141,A2_8_16,0.3554970461969606,0.3554970461969606,0.0,True,False
real_141,entropy_8_16,0.8244759686032876,0.8244759686032882,5.551115123125783e-16,True,False
real_141,A2_16_32,0.08956195607135325,0.08956195607135317,8.326672684688674e-17,True,False
real_141,entropy_16_32,0.7960822163770119,0.7960822163770122,2.220446049250313e-16,True,False
real_142,D,44.428436279296875,44.428436279296875,0.0,True,False
real_142,A_med,0.9280774694272794,0.9280774694272794,0.0,True,False
real_142,ilr_z1,-0.6789136743991913,-0.6789136743991917,4.440892098500626e-16,True,False
real_142,ilr_z2,-0.480606705362266,-0.480606705362266,0.0,True,False
real_142,ilr_z3,-0.5123882558108717,-0.5123882558108713,3.3306690738754696e-16,True,False
real_142,ilr_z4,-0.5522677080506408,-0.5522677080506413,4.440892098500626e-16,True,False
real_142,A2_8_16,0.5504001774406915,0.5504001774406917,2.220446049250313e-16,True,False
real_142,entropy_8_16,0.7039581650501197,0.7039581650501198,1.1102230246251565e-16,True,False
real_142,A2_16_32,0.18130704376361179,0.1813070437636119,1.1102230246251565e-16,True,False
real_142,entropy_16_32,0.7480275697795803,0.7480275697795804,1.1102230246251565e-16,True,False
real_143,D,50.90607452392578,50.90607452392578,0.0,True,False
real_143,A_med,1.0504229163728909,1.0504229163728909,0.0,True,False
real_143,ilr_z1,-1.8661296266933658,-1.8661296266933654,4.440892098500626e-16,True,False
real_143,ilr_z2,-0.31300926311349175,-0.3130092631134893,2.4424906541753444e-15,True,False
real_143,ilr_z3,-0.13572170479309364,-0.13572170479309364,0.0,True,False
real_143,ilr_z4,0.09548102802084199,0.09548102802084199,0.0,True,False
real_143,A2_8_16,0.4887500345928944,0.48875003459289434,5.551115123125783e-17,True,False
real_143,entropy_8_16,0.8428423390558621,0.8428423390558621,0.0,True,False
real_143,A2_16_32,0.5918959273470865,0.5918959273470865,0.0,True,False
real_143,entropy_16_32,0.7081249613498434,0.7081249613498434,0.0,True,False
real_144,D,40.296024322509766,40.296024322509766,0.0,True,False
real_144,A_med,1.036980002959535,1.036980002959535,0.0,True,False
real_144,ilr_z1,-1.3790225383956536,-1.3790225383956545,8.881784197001252e-16,True,False
real_144,ilr_z2,-0.30276216084015717,-0.3027621608401583,1.1102230246251565e-15,True,False
real_144,ilr_z3,0.023180951355320188,0.02318095135532021,2.0816681711721685e-17,True,False
real_144,ilr_z4,-0.09580958220600426,-0.09580958220600463,3.7470027081099033e-16,True,False
real_144,A2_8_16,0.2757511201425458,0.2757511201425459,5.551115123125783e-17,True,False
real_144,entropy_8_16,0.9229279357306307,0.9229279357306306,1.1102230246251565e-16,True,False
real_144,A2_16_32,0.12075681079918663,0.12075681079918663,0.0,True,False
real_144,entropy_16_32,0.8131689421250866,0.8131689421250864,2.220446049250313e-16,True,False
real_145,D,30.32354736328125,30.32354736328125,0.0,True,False
real_145,A_med,0.6497389289327914,0.6497389289327914,0.0,True,False
real_145,ilr_z1,-0.7760616524833729,-0.7760616524833724,4.440892098500626e-16,True,False
real_145,ilr_z2,-0.30199650216919727,-0.3019965021691964,8.881784197001252e-16,True,False
real_145,ilr_z3,0.43286031418375315,0.4328603141837534,2.7755575615628914e-16,True,False
real_145,ilr_z4,-0.5172558769825538,-0.5172558769825535,3.3306690738754696e-16,True,False
real_145,A2_8_16,0.13844719864982868,0.13844719864982868,0.0,True,False
real_145,entropy_8_16,0.9227834712974761,0.9227834712974767,6.661338147750939e-16,True,False
real_145,A2_16_32,0.22233915656088468,0.2223391565608846,8.326672684688674e-17,True,False
real_145,entropy_16_32,0.7585455669803554,0.7585455669803554,0.0,True,False
real_146,D,36.139909744262695,36.139909744262695,0.0,True,False
real_146,A_med,0.659438477701986,0.659438477701986,0.0,True,False
real_146,ilr_z1,-0.5058448308442648,-0.5058448308442638,9.992007221626409e-16,True,False
real_146,ilr_z2,-0.0911109063822424,-0.09111090638224129,1.1102230246251565e-15,True,False
real_146,ilr_z3,-0.6284446089718912,-0.6284446089718908,4.440892098500626e-16,True,False
real_146,ilr_z4,-1.1870743538149608,-1.1870743538149608,0.0,True,False
real_146,A2_8_16,0.14496421193476328,0.14496421193476328,0.0,True,False
real_146,entropy_8_16,0.9231359438631118,0.923135943863112,2.220446049250313e-16,True,False
real_146,A2_16_32,0.19909572811781173,0.19909572811781168,5.551115123125783e-17,True,False
real_146,entropy_16_32,0.7969298298945162,0.796929829894516,2.220446049250313e-16,True,False
real_147,D,18.330870628356934,18.330870628356934,0.0,True,False
real_147,A_med,1.6758406679285174,1.6758406679285174,0.0,True,False
real_147,ilr_z1,-0.7186531806043723,-0.7186531806043729,5.551115123125783e-16,True,False
real_147,ilr_z2,-0.2928733932939547,-0.2928733932939551,4.440892098500626e-16,True,False
real_147,ilr_z3,0.21927695174174439,0.2192769517417439,4.996003610813204e-16,True,False
real_147,ilr_z4,0.15712987533545,0.1571298753354498,1.942890293094024e-16,True,False
real_147,A2_8_16,0.2034555409043313,0.20345554090433124,5.551115123125783e-17,True,False
real_147,entropy_8_16,0.9269865002523372,0.9269865002523372,0.0,True,False
real_147,A2_16_32,0.2178029928217016,0.2178029928217016,0.0,True,False
real_147,entropy_16_32,0.7767608774088014,0.7767608774088013,1.1102230246251565e-16,True,False
real_148,D,29.44637680053711,29.44637680053711,0.0,True,False
real_148,A_med,0.7338526483761812,0.7338526483761812,0.0,True,False
real_148,ilr_z1,0.16421747252940513,0.16421747252940525,1.1102230246251565e-16,True,False
real_148,ilr_z2,-1.0846568296883294,-1.0846568296883288,6.661338147750939e-16,True,False
real_148,ilr_z3,-0.058589716424938966,-0.05858971642493824,7.28583859910259e-16,True,False
real_148,ilr_z4,-0.5955602669668637,-0.5955602669668648,1.1102230246251565e-15,True,False
real_148,A2_8_16,0.8280700095585045,0.8280700095585048,3.3306690738754696e-16,True,False
real_148,entropy_8_16,0.4855636245332228,0.4855636245332215,1.3322676295501878e-15,True,False
real_148,A2_16_32,0.5049511416087866,0.5049511416087867,1.1102230246251565e-16,True,False
real_148,entropy_16_32,0.6316129902951039,0.6316129902951036,2.220446049250313e-16,True,False
real_149,D,3.960146188735962,3.960146188735962,0.0,True,False
real_149,A_med,2.662279172226364,2.6622791722263637,4.440892098500626e-16,True,False
real_149,ilr_z1,-1.145617833338971,-1.1456178333389715,4.440892098500626e-16,True,False
real_149,ilr_z2,-0.548085166468179,-0.5480851664681807,1.7763568394002505e-15,True,False
real_149,ilr_z3,-0.5232799753761848,-0.5232799753761844,3.3306690738754696e-16,True,False
real_149,ilr_z4,-0.1355020213221319,-0.13550202132213202,1.1102230246251565e-16,True,False
real_149,A2_8_16,0.10940474708525265,0.10940474708525258,6.938893903907228e-17,True,False
real_149,entropy_8_16,0.8920301113985419,0.8920301113985418,1.1102230246251565e-16,True,False
real_149,A2_16_32,0.26582601215511237,0.26582601215511237,0.0,True,False
real_149,entropy_16_32,0.7319999175456529,0.7319999175456529,0.0,True,False
real_150,D,38.567806243896484,38.567806243896484,0.0,True,False
real_150,A_med,0.6965029271913271,0.6965029271913271,0.0,True,False
real_150,ilr_z1,-0.05226256295740032,-0.05226256295739997,3.469446951953614e-16,True,False
real_150,ilr_z2,-0.2525456694938448,-0.2525456694938446,2.220446049250313e-16,True,False
real_150,ilr_z3,0.04333029177425167,0.0433302917742514,2.706168622523819e-16,True,False
real_150,ilr_z4,-1.436898733826959,-1.4368987338269594,4.440892098500626e-16,True,False
real_150,A2_8_16,0.2602332049451156,0.26023320494511554,5.551115123125783e-17,True,False
real_150,entropy_8_16,0.8955164962962591,0.8955164962962592,1.1102230246251565e-16,True,False
real_150,A2_16_32,0.42885677144979534,0.4288567714497953,5.551115123125783e-17,True,False
real_150,entropy_16_32,0.6813206369999567,0.6813206369999562,5.551115123125783e-16,True,False
real_151,D,44.21941566467285,44.21941566467285,0.0,True,False
real_151,A_med,0.7665150671202016,0.7665150671202016,0.0,True,False
real_151,ilr_z1,-1.2033527517634113,-1.2033527517634095,1.7763568394002505e-15,True,False
real_151,ilr_z2,-0.5620448925305432,-0.5620448925305428,4.440892098500626e-16,True,False
real_151,ilr_z3,-0.16248202936859946,-0.16248202936859896,4.996003610813204e-16,True,False
real_151,ilr_z4,-0.6339335500093093,-0.63393355000931,6.661338147750939e-16,True,False
real_151,A2_8_16,0.09254002538634103,0.09254002538634101,1.3877787807814457e-17,True,False
real_151,entropy_8_16,0.9379010426946843,0.9379010426946842,1.1102230246251565e-16,True,False
real_151,A2_16_32,0.13010414038122234,0.1301041403812223,2.7755575615628914e-17,True,False
real_151,entropy_16_32,0.8284154943182575,0.8284154943182575,0.0,True,False
real_152,D,43.12703895568848,43.12703895568848,0.0,True,False
real_152,A_med,0.74713813784861,0.74713813784861,0.0,True,False
real_152,ilr_z1,-1.8189312280916634,-1.818931228091663,4.440892098500626e-16,True,False
real_152,ilr_z2,-0.48091822516158844,-0.48091822516158667,1.7763568394002505e-15,True,False
real_152,ilr_z3,-1.5399808450738612,-1.5399808450738615,2.220446049250313e-16,True,False
real_152,ilr_z4,-1.6601105620665606,-1.6601105620665613,6.661338147750939e-16,True,False
real_152,A2_8_16,0.19165938519680165,0.19165938519680165,0.0,True,False
real_152,entropy_8_16,0.8968868497699488,0.896886849769949,2.220446049250313e-16,True,False
real_152,A2_16_32,0.5056102723703754,0.5056102723703751,2.220446049250313e-16,True,False
real_152,entropy_16_32,0.5784334382304275,0.5784334382304277,2.220446049250313e-16,True,False
real_153,D,0.051428208127617836,0.051428208127617836,0.0,True,False
real_153,A_med,8.122106487674202,8.122106487674202,0.0,True,False
real_153,ilr_z1,-2.3978830409616974,-2.3978830409617,2.6645352591003757e-15,True,False
real_153,ilr_z2,-0.5677240117208076,-0.5677240117208102,2.6645352591003757e-15,True,False
real_153,ilr_z3,-1.1882340349734624,-1.1882340349734624,0.0,True,False
real_153,ilr_z4,-1.4813731738016214,-1.4813731738016214,0.0,True,False
real_153,A2_8_16,0.4093289965880195,0.40932899658801963,1.1102230246251565e-16,True,False
real_153,entropy_8_16,0.8461600288419651,0.8461600288419651,0.0,True,False
real_153,A2_16_32,0.24086995369754857,0.24086995369754857,0.0,True,False
real_153,entropy_16_32,0.7188235927742531,0.7188235927742532,1.1102230246251565e-16,True,False
real_154,D,26.92369270324707,26.92369270324707,0.0,True,False
real_154,A_med,6.446011630432332,6.446011630432332,0.0,True,False
real_154,ilr_z1,-2.403460986471275,-2.4034609864712753,4.440892098500626e-16,True,False
real_154,ilr_z2,-0.4000705590825109,-0.40007055908251266,1.7763568394002505e-15,True,False
real_154,ilr_z3,-1.1988173439702507,-1.1988173439702512,4.440892098500626e-16,True,False
real_154,ilr_z4,-0.8655743687889441,-0.8655743687889429,1.2212453270876722e-15,True,False
real_154,A2_8_16,0.7523513143574082,0.7523513143574084,2.220446049250313e-16,True,False
real_154,entropy_8_16,0.670712883086662,0.6707128830866617,3.3306690738754696e-16,True,False
real_154,A2_16_32,0.7761942105192895,0.7761942105192894,1.1102230246251565e-16,True,False
real_154,entropy_16_32,0.48845481119853323,0.4884548111985328,4.440892098500626e-16,True,False
real_155,D,37.00133514404297,37.00133514404297,0.0,True,False
real_155,A_med,2.361630752316216,2.361630752316216,0.0,True,False
real_155,ilr_z1,-2.164413458308486,-2.1644134583084846,1.3322676295501878e-15,True,False
real_155,ilr_z2,-0.39301492513582037,-0.3930149251358195,8.881784197001252e-16,True,False
real_155,ilr_z3,-0.812162746104749,-0.812162746104749,0.0,True,False
real_155,ilr_z4,-1.0515208683925361,-1.0515208683925377,1.5543122344752192e-15,True,False
real_155,A2_8_16,0.3496725676947528,0.3496725676947528,0.0,True,False
real_155,entropy_8_16,0.9125242508369931,0.9125242508369932,1.1102230246251565e-16,True,False
real_155,A2_16_32,0.18956764378854282,0.18956764378854282,0.0,True,False
real_155,entropy_16_32,0.7376657601077571,0.7376657601077569,2.220446049250313e-16,True,False
real_156,D,28.758760452270508,28.758760452270508,0.0,True,False
real_156,A_med,0.40458100053332485,0.40458100053332485,0.0,True,False
real_156,ilr_z1,0.4217035348136134,0.4217035348136148,1.3877787807814457e-15,True,False
real_156,ilr_z2,-0.9637846254921071,-0.9637846254921065,5.551115123125783e-16,True,False
real_156,ilr_z3,-0.18281412986926437,-0.18281412986926468,3.0531133177191805e-16,True,False
real_156,ilr_z4,-0.012742276794872281,-0.012742276794871209,1.0720591081536668e-15,True,False
real_156,A2_8_16,0.5005700460312731,0.5005700460312732,1.1102230246251565e-16,True,False
real_156,entropy_8_16,0.6888607676843875,0.6888607676843884,8.881784197001252e-16,True,False
real_156,A2_16_32,0.4076992402178679,0.4076992402178678,1.1102230246251565e-16,True,False
real_156,entropy_16_32,0.6099252812133722,0.6099252812133722,0.0,True,False
real_157,D,16.298232078552246,16.298232078552246,0.0,True,False
real_157,A_med,1.1441207921488272,1.144120792148827,2.220446049250313e-16,True,False
real_157,ilr_z1,-0.11147295256539243,-0.11147295256539137,1.0547118733938987e-15,True,False
real_157,ilr_z2,-0.5841810634522199,-0.5841810634522193,5.551115123125783e-16,True,False
real_157,ilr_z3,0.29928232087163215,0.299282320871632,1.6653345369377348e-16,True,False
real_157,ilr_z4,-0.570666276560083,-0.5706662765600828,1.1102230246251565e-16,True,False
real_157,A2_8_16,0.8479548796209171,0.8479548796209168,3.3306690738754696e-16,True,False
real_157,entropy_8_16,0.46992649564245564,0.4699264956424578,2.1649348980190553e-15,True,False
real_157,A2_16_32,0.862304336025616,0.862304336025616,0.0,True,False
real_157,entropy_16_32,0.2971125021484445,0.2971125021484439,5.551115123125783e-16,True,False
real_158,D,23.470155715942383,23.470155715942383,0.0,True,False
real_158,A_med,0.39692859622470794,0.39692859622470794,0.0,True,False
real_158,ilr_z1,1.9182780627737743,1.9182780627737746,2.220446049250313e-16,True,False
real_158,ilr_z2,-0.5748897410971575,-0.5748897410971572,3.3306690738754696e-16,True,False
real_158,ilr_z3,1.6314766779846064,1.6314766779846053,1.1102230246251565e-15,True,False
real_158,ilr_z4,-0.7112977970838272,-0.7112977970838267,5.551115123125783e-16,True,False
real_158,A2_8_16,0.8997282243113676,0.8997282243113677,1.1102230246251565e-16,True,False
real_158,entropy_8_16,0.443095790045536,0.4430957900455377,1.6653345369377348e-15,True,False
real_158,A2_16_32,0.9190227978817688,0.9190227978817688,0.0,True,False
real_158,entropy_16_32,0.20258182102607142,0.20258182102606984,1.582067810090848e-15,True,False
real_159,D,8.48162031173706,8.48162031173706,0.0,True,False
real_159,A_med,0.8280642057353272,0.8280642057353272,0.0,True,False
real_159,ilr_z1,1.4117167627239788,1.41171676272398,1.1102230246251565e-15,True,False
real_159,ilr_z2,-0.2812695282973182,-0.28126952829731877,5.551115123125783e-16,True,False
real_159,ilr_z3,0.5109705628363451,0.5109705628363445,6.661338147750939e-16,True,False
real_159,ilr_z4,-1.0638751026033906,-1.0638751026033915,8.881784197001252e-16,True,False
real_159,A2_8_16,0.906662852903617,0.9066628529036166,4.440892098500626e-16,True,False
real_159,entropy_8_16,0.3175805320209709,0.31758053202096986,1.0547118733938987e-15,True,False
real_159,A2_16_32,0.7079699845522578,0.707969984552258,2.220446049250313e-16,True,False
real_159,entropy_16_32,0.4287573709423013,0.42875737094230054,7.771561172376096e-16,True,False
real_160,D,9.461623668670654,9.461623668670654,0.0,True,False
real_160,A_med,0.6724766275644843,0.6724766275644843,0.0,True,False
real_160,ilr_z1,2.6874252456666134,2.6874252456666143,8.881784197001252e-16,True,False
real_160,ilr_z2,-0.3107548375241632,-0.3107548375241634,1.6653345369377348e-16,True,False
real_160,ilr_z3,1.5045064236457322,1.504506423645732,2.220446049250313e-16,True,False
real_160,ilr_z4,0.7299780961986548,0.7299780961986551,2.220446049250313e-16,True,False
real_160,A2_8_16,0.7199290861368496,0.7199290861368496,0.0,True,False
real_160,entropy_8_16,0.529106012565758,0.5291060125657576,3.3306690738754696e-16,True,False
real_160,A2_16_32,0.2024351651765064,0.2024351651765065,1.1102230246251565e-16,True,False
real_160,entropy_16_32,0.8044420682711433,0.8044420682711433,0.0,True,False
real_161,D,17.771986961364746,17.771986961364746,0.0,True,False
real_161,A_med,0.5462028958639663,0.5462028958639663,0.0,True,False
real_161,ilr_z1,1.2804873930464022,1.2804873930464034,1.1102230246251565e-15,True,False
real_161,ilr_z2,-0.15727278722973725,-0.15727278722973514,2.1094237467877974e-15,True,False
real_161,ilr_z3,0.7039944571700516,0.7039944571700512,4.440892098500626e-16,True,False
real_161,ilr_z4,-0.9829254362997353,-0.9829254362997347,5.551115123125783e-16,True,False
real_161,A2_8_16,0.8205349159920327,0.8205349159920324,2.220446049250313e-16,True,False
real_161,entropy_8_16,0.43324994224319485,0.4332499422431947,1.6653345369377348e-16,True,False
real_161,A2_16_32,0.6353777736024186,0.6353777736024188,1.1102230246251565e-16,True,False
real_161,entropy_16_32,0.5246343818674557,0.5246343818674556,1.1102230246251565e-16,True,False
real_162,D,30.96079444885254,30.96079444885254,0.0,True,False
real_162,A_med,1.9060737479409817,1.9060737479409817,0.0,True,False
real_162,ilr_z1,-1.5057898723930698,-1.5057898723930678,1.9984014443252818e-15,True,False
real_162,ilr_z2,-0.3653410610632666,-0.36534106106326414,2.4424906541753444e-15,True,False
real_162,ilr_z3,-0.46219550654152985,-0.4621955065415296,2.7755575615628914e-16,True,False
real_162,ilr_z4,-1.3238987251657321,-1.3238987251657317,4.440892098500626e-16,True,False
real_162,A2_8_16,0.41180820868741674,0.41180820868741663,1.1102230246251565e-16,True,False
real_162,entropy_8_16,0.7431830317351423,0.7431830317351421,2.220446049250313e-16,True,False
real_162,A2_16_32,0.3241297964123386,0.3241297964123387,1.1102230246251565e-16,True,False
real_162,entropy_16_32,0.7350121965067293,0.735012196506729,3.3306690738754696e-16,True,False
real_163,D,25.31327724456787,25.31327724456787,0.0,True,False
real_163,A_med,0.5229164547125157,0.5229164547125157,0.0,True,False
real_163,ilr_z1,0.7322810641455766,0.7322810641455763,3.3306690738754696e-16,True,False
real_163,ilr_z2,-1.0196527553436394,-1.01965275534364,6.661338147750939e-16,True,False
real_163,ilr_z3,0.6444920506691146,0.644492050669115,3.3306690738754696e-16,True,False
real_163,ilr_z4,-0.9066934627430144,-0.9066934627430148,3.3306690738754696e-16,True,False
real_163,A2_8_16,0.7829337262209217,0.7829337262209217,0.0,True,False
real_163,entropy_8_16,0.5337060876810991,0.5337060876810993,2.220446049250313e-16,True,False
real_163,A2_16_32,0.7418941205171988,0.7418941205171988,0.0,True,False
real_163,entropy_16_32,0.40909789946939096,0.409097899469391,5.551115123125783e-17,True,False
real_164,D,11.041552543640137,11.041552543640137,0.0,True,False
real_164,A_med,0.8538736724649331,0.8538736724649331,0.0,True,False
real_164,ilr_z1,1.4008016720901542,1.4008016720901537,4.440892098500626e-16,True,False
real_164,ilr_z2,-1.5662458140815316,-1.5662458140815319,2.220446049250313e-16,True,False
real_164,ilr_z3,0.3684968262547267,0.3684968262547269,2.220446049250313e-16,True,False
real_164,ilr_z4,-1.4197908320725723,-1.4197908320725723,0.0,True,False
real_164,A2_8_16,0.9582380550196586,0.9582380550196586,0.0,True,False
real_164,entropy_8_16,0.2978953473076548,0.297895347307652,2.831068712794149e-15,True,False
real_164,A2_16_32,0.7689221634365894,0.7689221634365893,1.1102230246251565e-16,True,False
real_164,entropy_16_32,0.4360876796257776,0.4360876796257773,2.7755575615628914e-16,True,False
real_165,D,7.956956624984741,7.956956624984741,0.0,True,False
real_165,A_med,0.9876146045801187,0.9876146045801186,1.1102230246251565e-16,True,False
real_165,ilr_z1,1.55989888462234,1.5598988846223398,2.220446049250313e-16,True,False
real_165,ilr_z2,-1.8451569596223183,-1.8451569596223174,8.881784197001252e-16,True,False
real_165,ilr_z3,0.42604007689951173,0.42604007689951184,1.1102230246251565e-16,True,False
real_165,ilr_z4,-0.594831939533045,-0.5948319395330456,5.551115123125783e-16,True,False
real_165,A2_8_16,0.9755310556113246,0.9755310556113245,1.1102230246251565e-16,True,False
real_165,entropy_8_16,0.2891071456764625,0.28910714567646256,5.551115123125783e-17,True,False
real_165,A2_16_32,0.8553957618475065,0.8553957618475065,0.0,True,False
real_165,entropy_16_32,0.39261926242357603,0.3926192624235766,5.551115123125783e-16,True,False
real_166,D,2.3887836933135986,2.3887836933135986,0.0,True,False
real_166,A_med,1.3386709428656673,1.3386709428656671,2.220446049250313e-16,True,False
real_166,ilr_z1,1.828978227291688,1.828978227291688,0.0,True,False
real_166,ilr_z2,-1.1747991448331432,-1.1747991448331432,0.0,True,False
real_166,ilr_z3,0.28101666686795523,0.28101666686795534,1.1102230246251565e-16,True,False
real_166,ilr_z4,0.11279707598454769,0.11279707598454662,1.0685896612017132e-15,True,False
real_166,A2_8_16,0.839874019631054,0.8398740196310543,3.3306690738754696e-16,True,False
real_166,entropy_8_16,0.5735781124762749,0.5735781124762749,0.0,True,False
real_166,A2_16_32,0.21700672530880222,0.21700672530880213,8.326672684688674e-17,True,False
real_166,entropy_16_32,0.8174722980162139,0.8174722980162137,2.220446049250313e-16,True,False
real_167,D,15.421174049377441,15.421174049377441,0.0,True,False
real_167,A_med,3.737893220079373,3.737893220079373,0.0,True,False
real_167,ilr_z1,-2.533146137639852,-2.5331461376398487,3.1086244689504383e-15,True,False
real_167,ilr_z2,-1.8398507875353967,-1.839850787535394,2.6645352591003757e-15,True,False
real_167,ilr_z3,-2.7005686925936545,-2.700568692593654,4.440892098500626e-16,True,False
real_167,ilr_z4,-1.7965896810320718,-1.7965896810320727,8.881784197001252e-16,True,False
real_167,A2_8_16,0.9097755639079348,0.9097755639079346,2.220446049250313e-16,True,False
real_167,entropy_8_16,0.3864674284362529,0.38646742843625276,1.6653345369377348e-16,True,False
real_167,A2_16_32,0.5961758124864628,0.5961758124864628,0.0,True,False
real_167,entropy_16_32,0.6127549649478161,0.612754964947816,1.1102230246251565e-16,True,False
real_168,D,12.661317825317383,12.661317825317383,0.0,True,False
real_168,A_med,0.32816577539200303,0.32816577539200303,0.0,True,False
real_168,ilr_z1,0.37982733145396236,0.3798273314539622,1.6653345369377348e-16,True,False
real_168,ilr_z2,0.14053505643027742,0.14053505643027675,6.661338147750939e-16,True,False
real_168,ilr_z3,-0.8734141257571413,-0.8734141257571416,3.3306690738754696e-16,True,False
real_168,ilr_z4,-0.8277266389481224,-0.8277266389481222,2.220446049250313e-16,True,False
real_168,A2_8_16,0.09941567754431893,0.0994156775443189,2.7755575615628914e-17,True,False
real_168,entropy_8_16,0.9489140989270426,0.9489140989270428,2.220446049250313e-16,True,False
real_168,A2_16_32,0.37014782330941454,0.37014782330941465,1.1102230246251565e-16,True,False
real_168,entropy_16_32,0.7086339277461704,0.7086339277461706,2.220446049250313e-16,True,False
real_169,D,19.716219902038574,19.716219902038574,0.0,True,False
real_169,A_med,0.24052110401042662,0.24052110401042662,0.0,True,False
real_169,ilr_z1,-0.0903044279722171,-0.09030442797221605,1.0547118733938987e-15,True,False
real_169,ilr_z2,-0.1987183265929584,-0.19871832659295774,6.661338147750939e-16,True,False
real_169,ilr_z3,-0.7119718535876758,-0.7119718535876758,0.0,True,False
real_169,ilr_z4,-0.9728396112795555,-0.9728396112795555,0.0,True,False
real_169,A2_8_16,0.09758766519626902,0.09758766519626905,2.7755575615628914e-17,True,False
real_169,entropy_8_16,0.9460381156279748,0.9460381156279748,0.0,True,False
real_169,A2_16_32,0.2158421362786642,0.21584213627866422,2.7755575615628914e-17,True,False
real_169,entropy_16_32,0.777285325473072,0.777285325473072,0.0,True,False
real_170,D,6.387043476104736,6.387043476104736,0.0,True,False
real_170,A_med,0.24841529559519335,0.24841529559519335,0.0,True,False
real_170,ilr_z1,1.3054540541846797,1.3054540541846795,2.220446049250313e-16,True,False
real_170,ilr_z2,-0.024741090069102967,-0.024741090069103078,1.1102230246251565e-16,True,False
real_170,ilr_z3,0.8820898174263312,0.8820898174263316,4.440892098500626e-16,True,False
real_170,ilr_z4,-0.12105458078468441,-0.12105458078468409,3.191891195797325e-16,True,False
real_170,A2_8_16,0.17428536270659564,0.1742853627065957,5.551115123125783e-17,True,False
real_170,entropy_8_16,0.9237814123548177,0.9237814123548177,0.0,True,False
real_170,A2_16_32,0.4096153454295704,0.40961534542957034,5.551115123125783e-17,True,False
real_170,entropy_16_32,0.7461534415424997,0.7461534415424995,2.220446049250313e-16,True,False
real_171,D,25.57870388031006,25.57870388031006,0.0,True,False
real_171,A_med,0.18212913033334566,0.18212913033334566,0.0,True,False
real_171,ilr_z1,-0.01649852638086966,-0.01649852638086989,2.2898349882893854e-16,True,False
real_171,ilr_z2,-0.07379370056484591,-0.07379370056484613,2.220446049250313e-16,True,False
real_171,ilr_z3,-0.04552245463312301,-0.045522454633122496,5.134781488891349e-16,True,False
real_171,ilr_z4,-0.5390225028288831,-0.5390225028288825,5.551115123125783e-16,True,False
real_171,A2_8_16,0.15994745588428036,0.15994745588428028,8.326672684688674e-17,True,False
real_171,entropy_8_16,0.9189652508805556,0.9189652508805558,2.220446049250313e-16,True,False
real_171,A2_16_32,0.284121220188244,0.284121220188244,0.0,True,False
real_171,entropy_16_32,0.7512425291209313,0.7512425291209313,0.0,True,False
real_172,D,3.1857242584228516,3.1857242584228516,0.0,True,False
real_172,A_med,0.5516713388976374,0.5516713388976374,0.0,True,False
real_172,ilr_z1,2.72825187481373,2.7282518748137297,4.440892098500626e-16,True,False
real_172,ilr_z2,-1.1143412015365697,-1.1143412015365692,4.440892098500626e-16,True,False
real_172,ilr_z3,0.014708474378571876,0.014708474378572362,4.85722573273506e-16,True,False
real_172,ilr_z4,-1.3021374527966392,-1.3021374527966392,0.0,True,False
real_172,A2_8_16,0.8921688865244534,0.8921688865244536,2.220446049250313e-16,True,False
real_172,entropy_8_16,0.3591420375657302,0.35914203756572877,1.4432899320127035e-15,True,False
real_172,A2_16_32,0.22832412324157644,0.22832412324157642,2.7755575615628914e-17,True,False
real_172,entropy_16_32,0.7183835075359356,0.7183835075359356,0.0,True,False
real_173,D,5.091886281967163,5.091886281967163,0.0,True,False
real_173,A_med,0.5272852483833238,0.5272852483833238,0.0,True,False
real_173,ilr_z1,2.2030645890879286,2.2030645890879277,8.881784197001252e-16,True,False
real_173,ilr_z2,-1.2100422620401081,-1.2100422620401086,4.440892098500626e-16,True,False
real_173,ilr_z3,0.6267450282357122,0.6267450282357127,4.440892098500626e-16,True,False
real_173,ilr_z4,-1.0758965977340817,-1.0758965977340817,0.0,True,False
real_173,A2_8_16,0.9661076702374072,0.9661076702374074,2.220446049250313e-16,True,False
real_173,entropy_8_16,0.29722642561076185,0.29722642561076174,1.1102230246251565e-16,True,False
real_173,A2_16_32,0.15468424732476224,0.15468424732476216,8.326672684688674e-17,True,False
real_173,entropy_16_32,0.7501636014587365,0.7501636014587364,1.1102230246251565e-16,True,False
real_174,D,1.2931949496269226,1.2931949496269226,0.0,True,False
real_174,A_med,0.42987658191121786,0.4298765819112178,5.551115123125783e-17,True,False
real_174,ilr_z1,2.3353519652934187,2.3353519652934196,8.881784197001252e-16,True,False
real_174,ilr_z2,-0.3646944726413303,-0.3646944726413296,7.216449660063518e-16,True,False
real_174,ilr_z3,1.1361106057355645,1.136110605735564,4.440892098500626e-16,True,False
real_174,ilr_z4,-0.19024612032035113,-0.19024612032035157,4.440892098500626e-16,True,False
real_174,A2_8_16,0.7674693265969352,0.7674693265969353,1.1102230246251565e-16,True,False
real_174,entropy_8_16,0.5122610972711229,0.5122610972711227,2.220446049250313e-16,True,False
real_174,A2_16_32,0.49694666722433817,0.49694666722433833,1.6653345369377348e-16,True,False
real_174,entropy_16_32,0.7374994001645845,0.7374994001645843,2.220446049250313e-16,True,False
real_175,D,7.14370059967041,7.14370059967041,0.0,True,False
real_175,A_med,0.7598801944158817,0.7598801944158817,0.0,True,False
real_175,ilr_z1,-0.9728538054233065,-0.9728538054233068,3.3306690738754696e-16,True,False
real_175,ilr_z2,-1.467424952332843,-1.467424952332843,0.0,True,False
real_175,ilr_z3,0.5282786171692017,0.5282786171692013,3.3306690738754696e-16,True,False
real_175,ilr_z4,0.7809589530006653,0.780958953000665,3.3306690738754696e-16,True,False
real_175,A2_8_16,0.6893771332113418,0.6893771332113416,1.1102230246251565e-16,True,False
real_175,entropy_8_16,0.6689971221992281,0.6689971221992279,2.220446049250313e-16,True,False
real_175,A2_16_32,0.24834387007343173,0.24834387007343167,5.551115123125783e-17,True,False
real_175,entropy_16_32,0.7971003635794061,0.7971003635794061,0.0,True,False
real_176,D,11.469114303588867,11.469114303588867,0.0,True,False
real_176,A_med,1.0405235109006818,1.040523510900682,2.220446049250313e-16,True,False
real_176,ilr_z1,-0.8813361257003838,-0.881336125700384,2.220446049250313e-16,True,False
real_176,ilr_z2,-0.5854125650361839,-0.5854125650361843,4.440892098500626e-16,True,False
real_176,ilr_z3,0.11759085030303093,0.11759085030303038,5.551115123125783e-16,True,False
real_176,ilr_z4,0.42552560275242907,0.4255256027524296,5.551115123125783e-16,True,False
real_176,A2_8_16,0.614173452796375,0.6141734527963749,1.1102230246251565e-16,True,False
real_176,entropy_8_16,0.6525457217288756,0.6525457217288754,2.220446049250313e-16,True,False
real_176,A2_16_32,0.2910726077566435,0.2910726077566435,0.0,True,False
real_176,entropy_16_32,0.7516227285363546,0.7516227285363547,1.1102230246251565e-16,True,False
real_177,D,21.245290756225586,21.245290756225586,0.0,True,False
real_177,A_med,0.4938035106255476,0.4938035106255476,0.0,True,False
real_177,ilr_z1,0.325912568380357,0.32591256838035737,3.885780586188048e-16,True,False
real_177,ilr_z2,-0.02365287473019917,-0.023652874730198725,4.440892098500626e-16,True,False
real_177,ilr_z3,-0.9845107398282525,-0.9845107398282524,1.1102230246251565e-16,True,False
real_177,ilr_z4,-1.5193894172152391,-1.5193894172152402,1.1102230246251565e-15,True,False
real_177,A2_8_16,0.5292008183387338,0.5292008183387337,1.1102230246251565e-16,True,False
real_177,entropy_8_16,0.7347081037517762,0.7347081037517762,0.0,True,False
real_177,A2_16_32,0.3601659612365769,0.3601659612365769,0.0,True,False
real_177,entropy_16_32,0.7534194052450428,0.7534194052450427,1.1102230246251565e-16,True,False
real_178,D,29.068297386169434,29.068297386169434,0.0,True,False
real_178,A_med,0.6114627492972692,0.6114627492972692,0.0,True,False
real_178,ilr_z1,-0.5094179475787769,-0.509417947578775,1.887379141862766e-15,True,False
real_178,ilr_z2,-0.3004689083387473,-0.30046890833874595,1.3322676295501878e-15,True,False
real_178,ilr_z3,-0.643481954836589,-0.6434819548365885,4.440892098500626e-16,True,False
real_178,ilr_z4,-1.8639873016225919,-1.8639873016225927,8.881784197001252e-16,True,False
real_178,A2_8_16,0.172460089101729,0.17246008910172894,5.551115123125783e-17,True,False
real_178,entropy_8_16,0.9018638342756242,0.9018638342756243,1.1102230246251565e-16,True,False
real_178,A2_16_32,0.07933584006312323,0.07933584006312322,1.3877787807814457e-17,True,False
real_178,entropy_16_32,0.7732961873854954,0.7732961873854954,0.0,True,False
real_179,D,35.57953071594238,35.57953071594238,0.0,True,False
real_179,A_med,0.7399276332930084,0.7399276332930084,0.0,True,False
real_179,ilr_z1,-0.8238911588599975,-0.8238911588599971,4.440892098500626e-16,True,False
real_179,ilr_z2,-0.21038050634336902,-0.21038050634336858,4.440892098500626e-16,True,False
real_179,ilr_z3,-0.8567134529598909,-0.8567134529598913,4.440892098500626e-16,True,False
real_179,ilr_z4,-1.7610176800445978,-1.7610176800445978,0.0,True,False
real_179,A2_8_16,0.22844889835390175,0.22844889835390184,8.326672684688674e-17,True,False
real_179,entropy_8_16,0.9261454327046915,0.9261454327046915,0.0,True,False
real_179,A2_16_32,0.05305378663848132,0.05305378663848136,3.469446951953614e-17,True,False
real_179,entropy_16_32,0.7752890476644816,0.7752890476644815,1.1102230246251565e-16,True,False
real_180,D,30.35521411895752,30.35521411895752,0.0,True,False
real_180,A_med,0.6539848787307367,0.6539848787307367,0.0,True,False
real_180,ilr_z1,0.16420529973358064,0.1642052997335807,5.551115123125783e-17,True,False
real_180,ilr_z2,-1.4995081502942065,-1.4995081502942065,0.0,True,False
real_180,ilr_z3,-0.3456848176245674,-0.3456848176245676,2.220446049250313e-16,True,False
real_180,ilr_z4,-1.462482733162149,-1.4624827331621493,2.220446049250313e-16,True,False
real_180,A2_8_16,0.876658817811322,0.8766588178113222,1.1102230246251565e-16,True,False
real_180,entropy_8_16,0.41778404958577897,0.41778404958577986,8.881784197001252e-16,True,False
real_180,A2_16_32,0.7577396837504244,0.7577396837504249,4.440892098500626e-16,True,False
real_180,entropy_16_32,0.4852872624432728,0.48528726244327236,4.440892098500626e-16,True,False
real_181,D,36.617576599121094,36.617576599121094,0.0,True,False
real_181,A_med,0.8628701356461539,0.8628701356461539,0.0,True,False
real_181,ilr_z1,0.022158510314543668,0.022158510314544085,4.163336342344337e-16,True,False
real_181,ilr_z2,-0.6007342862334806,-0.6007342862334799,6.661338147750939e-16,True,False
real_181,ilr_z3,0.5852153702935384,0.585215370293538,4.440892098500626e-16,True,False
real_181,ilr_z4,-1.0509394451797336,-1.050939445179733,6.661338147750939e-16,True,False
real_181,A2_8_16,0.43233686266071153,0.4323368626607114,1.1102230246251565e-16,True,False
real_181,entropy_8_16,0.7990186769658371,0.7990186769658377,6.661338147750939e-16,True,False
real_181,A2_16_32,0.5388848637914245,0.5388848637914248,2.220446049250313e-16,True,False
real_181,entropy_16_32,0.6366611168461532,0.6366611168461536,3.3306690738754696e-16,True,False
real_182,D,6.812788248062134,6.812788248062134,0.0,True,False
real_182,A_med,2.8341842495836995,2.8341842495836995,0.0,True,False
real_182,ilr_z1,0.5076777904708379,0.5076777904708387,7.771561172376096e-16,True,False
real_182,ilr_z2,-0.3812710159046806,-0.38127101590468016,4.440892098500626e-16,True,False
real_182,ilr_z3,1.9963842730047148,1.9963842730047159,1.1102230246251565e-15,True,False
real_182,ilr_z4,0.5133018007402409,0.5133018007402406,3.3306690738754696e-16,True,False
real_182,A2_8_16,0.7136233011207184,0.7136233011207185,1.1102230246251565e-16,True,False
real_182,entropy_8_16,0.6347594924442568,0.6347594924442572,4.440892098500626e-16,True,False
real_182,A2_16_32,0.9232054765085481,0.9232054765085481,0.0,True,False
real_182,entropy_16_32,0.34651131657483475,0.3465113165748346,1.6653345369377348e-16,True,False
real_183,D,22.358110427856445,22.358110427856445,0.0,True,False
real_183,A_med,1.4687941425369617,1.4687941425369617,0.0,True,False
real_183,ilr_z1,1.1471064860214593,1.147106486021461,1.7763568394002505e-15,True,False
real_183,ilr_z2,-2.0975168160602387,-2.0975168160602364,2.220446049250313e-15,True,False
real_183,ilr_z3,1.352756817683337,1.3527568176833369,2.220446049250313e-16,True,False
real_183,ilr_z4,-0.4596252257140072,-0.45962522571400755,3.3306690738754696e-16,True,False
real_183,A2_8_16,0.9408544635622768,0.9408544635622768,0.0,True,False
real_183,entropy_8_16,0.3362955887065682,0.3362955887065683,5.551115123125783e-17,True,False
real_183,A2_16_32,0.7757401821937284,0.7757401821937284,0.0,True,False
real_183,entropy_16_32,0.4493331268088924,0.4493331268088922,2.220446049250313e-16,True,False
real_184,D,3.38776433467865,3.38776433467865,0.0,True,False
real_184,A_med,0.5030781956930406,0.5030781956930406,0.0,True,False
real_184,ilr_z1,-0.16974536389531858,-0.1697453638953186,2.7755575615628914e-17,True,False
real_184,ilr_z2,0.348802101344889,0.34880210134488854,4.440892098500626e-16,True,False
real_184,ilr_z3,-1.0907478309030922,-1.0907478309030918,4.440892098500626e-16,True,False
real_184,ilr_z4,-2.331483614536927,-2.331483614536927,0.0,True,False
real_184,A2_8_16,0.08136832987116563,0.08136832987116564,1.3877787807814457e-17,True,False
real_184,entropy_8_16,0.9037991223507063,0.9037991223507059,3.3306690738754696e-16,True,False
real_184,A2_16_32,0.2242286249783451,0.22422862497834517,8.326672684688674e-17,True,False
real_184,entropy_16_32,0.7982133117287998,0.7982133117288,1.1102230246251565e-16,True,False
real_185,D,5.121310472488403,5.121310472488403,0.0,True,False
real_185,A_med,0.4180659252723649,0.4180659252723649,0.0,True,False
real_185,ilr_z1,0.934973325617888,0.9349733256178879,1.1102230246251565e-16,True,False
real_185,ilr_z2,0.7956564068517198,0.795656406851719,7.771561172376096e-16,True,False
real_185,ilr_z3,-0.2779294625095929,-0.27792946250959316,2.7755575615628914e-16,True,False
real_185,ilr_z4,-1.3669042098656063,-1.3669042098656061,2.220446049250313e-16,True,False
real_185,A2_8_16,0.1527146446101141,0.15271464461011405,5.551115123125783e-17,True,False
real_185,entropy_8_16,0.9311772202530342,0.9311772202530342,0.0,True,False
real_185,A2_16_32,0.16178378966363016,0.1617837896636302,2.7755575615628914e-17,True,False
real_185,entropy_16_32,0.7761325344062667,0.7761325344062664,3.3306690738754696e-16,True,False
real_186,D,0.24286670237779617,0.24286670237779617,0.0,True,False
real_186,A_med,0.22572001790955873,0.2257200179095587,2.7755575615628914e-17,True,False
real_186,ilr_z1,1.4974036238948971,1.4974036238948978,6.661338147750939e-16,True,False
real_186,ilr_z2,0.7221347853067828,0.722134785306783,2.220446049250313e-16,True,False
real_186,ilr_z3,0.08965672547999139,0.089656725479991,3.885780586188048e-16,True,False
real_186,ilr_z4,-1.3864081088644644,-1.386408108864464,4.440892098500626e-16,True,False
real_186,A2_8_16,0.1398920757864579,0.13989207578645796,5.551115123125783e-17,True,False
real_186,entropy_8_16,0.9236751177150362,0.9236751177150363,1.1102230246251565e-16,True,False
real_186,A2_16_32,0.3193706969770388,0.31937069697703885,5.551115123125783e-17,True,False
real_186,entropy_16_32,0.7174481089041274,0.7174481089041274,0.0,True,False
real_187,D,2.007620692253113,2.007620692253113,0.0,True,False
real_187,A_med,0.36844579503068814,0.3684457950306881,5.551115123125783e-17,True,False
real_187,ilr_z1,1.2744884905251812,1.274488490525181,2.220446049250313e-16,True,False
real_187,ilr_z2,0.7842535575418992,0.7842535575418998,6.661338147750939e-16,True,False
real_187,ilr_z3,-0.07704336166614636,-0.07704336166614703,6.661338147750939e-16,True,False
real_187,ilr_z4,-1.7008743731522307,-1.7008743731522302,4.440892098500626e-16,True,False
real_187,A2_8_16,0.08393309586157481,0.08393309586157476,5.551115123125783e-17,True,False
real_187,entropy_8_16,0.9195262355547972,0.9195262355547972,0.0,True,False
real_187,A2_16_32,0.4861389597254708,0.4861389597254709,1.1102230246251565e-16,True,False
real_187,entropy_16_32,0.7250234886146276,0.7250234886146276,0.0,True,False
real_188,D,13.60419750213623,13.60419750213623,0.0,True,False
real_188,A_med,0.5573875190742591,0.5573875190742591,0.0,True,False
real_188,ilr_z1,-0.5600500673241062,-0.5600500673241062,0.0,True,False
real_188,ilr_z2,0.4089178641829663,0.4089178641829656,6.661338147750939e-16,True,False
real_188,ilr_z3,-0.8334153098605733,-0.8334153098605747,1.3322676295501878e-15,True,False
real_188,ilr_z4,-1.535732163462657,-1.5357321634626582,1.1102230246251565e-15,True,False
real_188,A2_8_16,0.10677036082982115,0.1067703608298211,5.551115123125783e-17,True,False
real_188,entropy_8_16,0.9208849743704981,0.9208849743704981,0.0,True,False
real_188,A2_16_32,0.34842435207750955,0.3484243520775094,1.6653345369377348e-16,True,False
real_188,entropy_16_32,0.718685548178839,0.7186855481788392,2.220446049250313e-16,True,False
real_189,D,2.942147970199585,2.942147970199585,0.0,True,False
real_189,A_med,0.20816829493269232,0.20816829493269232,0.0,True,False
real_189,ilr_z1,0.6017786641180181,0.6017786641180183,2.220446049250313e-16,True,False
real_189,ilr_z2,0.34080698203780857,0.3408069820378089,3.3306690738754696e-16,True,False
real_189,ilr_z3,-0.27936015544677134,-0.2793601554467717,3.3306690738754696e-16,True,False
real_189,ilr_z4,-1.162588573653418,-1.1625885736534187,6.661338147750939e-16,True,False
real_189,A2_8_16,0.2393366975971487,0.23933669759714873,2.7755575615628914e-17,True,False
real_189,entropy_8_16,0.9420986012995589,0.9420986012995589,0.0,True,False
real_189,A2_16_32,0.3557015179924064,0.35570151799240624,1.6653345369377348e-16,True,False
real_189,entropy_16_32,0.719143913437699,0.7191439134376995,4.440892098500626e-16,True,False
real_190,D,7.020557880401611,7.020557880401611,0.0,True,False
real_190,A_med,0.34919959023577696,0.34919959023577696,0.0,True,False
real_190,ilr_z1,1.1374963330966654,1.1374963330966656,2.220446049250313e-16,True,False
real_190,ilr_z2,0.46569723236472227,0.4656972323647228,5.551115123125783e-16,True,False
real_190,ilr_z3,-0.19898287904282655,-0.19898287904282638,1.6653345369377348e-16,True,False
real_190,ilr_z4,-1.1389987265820636,-1.1389987265820631,4.440892098500626e-16,True,False
real_190,A2_8_16,0.15713606484253556,0.15713606484253553,2.7755575615628914e-17,True,False
real_190,entropy_8_16,0.9351595528240709,0.9351595528240704,5.551115123125783e-16,True,False
real_190,A2_16_32,0.024598826138199425,0.024598826138199397,2.7755575615628914e-17,True,False
real_190,entropy_16_32,0.8133172512361889,0.8133172512361888,1.1102230246251565e-16,True,False
real_191,D,10.375359535217285,10.375359535217285,0.0,True,False
real_191,A_med,2.413869221433437,2.413869221433437,0.0,True,False
real_191,ilr_z1,-4.511523361514029,-4.511523361514024,4.440892098500626e-15,True,False
real_191,ilr_z2,-0.2083022863756323,-0.20830228637562875,3.552713678800501e-15,True,False
real_191,ilr_z3,-1.682643458278135,-1.682643458278135,0.0,True,False
real_191,ilr_z4,-1.7557073159184795,-1.7557073159184793,2.220446049250313e-16,True,False
real_191,A2_8_16,0.12487716535239782,0.12487716535239801,1.942890293094024e-16,True,False
real_191,entropy_8_16,0.8997282864766862,0.8997282864766862,0.0,True,False
real_191,A2_16_32,0.32581944266526625,0.32581944266526625,0.0,True,False
real_191,entropy_16_32,0.7004441826204607,0.7004441826204609,2.220446049250313e-16,True,False
real_192,D,7.682702541351318,7.682702541351318,0.0,True,False
real_192,A_med,0.5532915454375014,0.5532915454375014,0.0,True,False
real_192,ilr_z1,0.6354046005803359,0.6354046005803362,3.3306690738754696e-16,True,False
real_192,ilr_z2,-0.1113100533321576,-0.1113100533321576,0.0,True,False
real_192,ilr_z3,0.3841597807087958,0.38415978070879675,9.43689570931383e-16,True,False
real_192,ilr_z4,-1.0703504786751554,-1.0703504786751554,0.0,True,False
real_192,A2_8_16,0.753824022764901,0.7538240227649009,1.1102230246251565e-16,True,False
real_192,entropy_8_16,0.5403562611206696,0.5403562611206699,3.3306690738754696e-16,True,False
real_192,A2_16_32,0.6878299355684567,0.687829935568457,2.220446049250313e-16,True,False
real_192,entropy_16_32,0.4477239017178301,0.44772390171782994,1.6653345369377348e-16,True,False
real_193,D,1.2347824573516846,1.2347824573516846,0.0,True,False
real_193,A_med,0.36389614757884364,0.36389614757884364,0.0,True,False
real_193,ilr_z1,1.99772805269748,1.9977280526974808,6.661338147750939e-16,True,False
real_193,ilr_z2,-0.474274868869831,-0.47427486886982917,1.8318679906315083e-15,True,False
real_193,ilr_z3,0.7451903653953813,0.7451903653953806,6.661338147750939e-16,True,False
real_193,ilr_z4,-0.3964343784937665,-0.3964343784937665,0.0,True,False
real_193,A2_8_16,0.683685936277253,0.6836859362772529,1.1102230246251565e-16,True,False
real_193,entropy_8_16,0.555296814064717,0.5552968140647178,7.771561172376096e-16,True,False
real_193,A2_16_32,0.39114884991944393,0.39114884991944415,2.220446049250313e-16,True,False
real_193,entropy_16_32,0.6190665213593344,0.6190665213593345,1.1102230246251565e-16,True,False
real_194,D,3.7195647954940796,3.7195647954940796,0.0,True,False
real_194,A_med,0.4070781301371654,0.4070781301371654,0.0,True,False
real_194,ilr_z1,1.6699371960629004,1.6699371960629008,4.440892098500626e-16,True,False
real_194,ilr_z2,0.0179663222611397,0.017966322261141587,1.887379141862766e-15,True,False
real_194,ilr_z3,0.4848231231689482,0.48482312316894816,5.551115123125783e-17,True,False
real_194,ilr_z4,-1.155412705378168,-1.155412705378168,0.0,True,False
real_194,A2_8_16,0.678886742368729,0.6788867423687289,1.1102230246251565e-16,True,False
real_194,entropy_8_16,0.5879662490128611,0.5879662490128609,2.220446049250313e-16,True,False
real_194,A2_16_32,0.3474553549089747,0.3474553549089748,5.551115123125783e-17,True,False
real_194,entropy_16_32,0.6521793783363836,0.6521793783363834,2.220446049250313e-16,True,False
real_195,D,5.976794481277466,5.976794481277466,0.0,True,False
real_195,A_med,0.4013749991569463,0.4013749991569463,0.0,True,False
real_195,ilr_z1,0.3349410869107767,0.3349410869107777,9.992007221626409e-16,True,False
real_195,ilr_z2,0.07793377977035187,0.07793377977035254,6.661338147750939e-16,True,False
real_195,ilr_z3,0.18316692096983647,0.18316692096983675,2.7755575615628914e-16,True,False
real_195,ilr_z4,-0.7551734029479078,-0.7551734029479078,0.0,True,False
real_195,A2_8_16,0.8367731569721454,0.8367731569721455,1.1102230246251565e-16,True,False
real_195,entropy_8_16,0.4632606662863817,0.463260666286382,3.3306690738754696e-16,True,False
real_195,A2_16_32,0.6574741166696046,0.6574741166696046,0.0,True,False
real_195,entropy_16_32,0.47561201123486513,0.4756120112348655,3.885780586188048e-16,True,False
real_196,D,12.807421684265137,12.807421684265137,0.0,True,False
real_196,A_med,0.45015906480225937,0.45015906480225937,0.0,True,False
real_196,ilr_z1,-0.016138020862554874,-0.016138020862554118,7.563394355258879e-16,True,False
real_196,ilr_z2,0.3618674458676896,0.3618674458676898,2.220446049250313e-16,True,False
real_196,ilr_z3,-0.7963812063795741,-0.7963812063795744,3.3306690738754696e-16,True,False
real_196,ilr_z4,-1.8748735934310903,-1.874873593431091,6.661338147750939e-16,True,False
real_196,A2_8_16,0.37433804181338726,0.3743380418133872,5.551115123125783e-17,True,False
real_196,entropy_8_16,0.8308767765595593,0.8308767765595593,0.0,True,False
real_196,A2_16_32,0.3631527117482225,0.36315271174822245,5.551115123125783e-17,True,False
real_196,entropy_16_32,0.7406380352400904,0.7406380352400904,0.0,True,False
real_197,D,2.9207271337509155,2.9207271337509155,0.0,True,False
real_197,A_med,0.285669987480468,0.285669987480468,0.0,True,False
real_197,ilr_z1,0.3280055690796211,0.3280055690796209,1.6653345369377348e-16,True,False
real_197,ilr_z2,0.5899138604097636,0.5899138604097636,0.0,True,False
real_197,ilr_z3,-0.1885335755839388,-0.1885335755839388,0.0,True,False
real_197,ilr_z4,-2.0267657748149452,-2.0267657748149444,8.881784197001252e-16,True,False
real_197,A2_8_16,0.2879994399522551,0.28799943995225497,1.1102230246251565e-16,True,False
real_197,entropy_8_16,0.9135802614189035,0.9135802614189036,1.1102230246251565e-16,True,False
real_197,A2_16_32,0.03603283630591697,0.036032836305916964,6.938893903907228e-18,True,False
real_197,entropy_16_32,0.7541381829783416,0.7541381829783415,1.1102230246251565e-16,True,False
real_198,D,9.415826797485352,9.415826797485352,0.0,True,False
real_198,A_med,0.3901483414936136,0.3901483414936136,0.0,True,False
real_198,ilr_z1,0.23116009969906123,0.23116009969906165,4.163336342344337e-16,True,False
real_198,ilr_z2,0.2395243924105266,0.2395243924105266,0.0,True,False
real_198,ilr_z3,-0.2290332372495823,-0.22903323724958186,4.440892098500626e-16,True,False
real_198,ilr_z4,-1.001706798413054,-1.0017067984130528,1.3322676295501878e-15,True,False
real_198,A2_8_16,0.2957720351316506,0.2957720351316507,5.551115123125783e-17,True,False
real_198,entropy_8_16,0.9172874280680209,0.9172874280680205,3.3306690738754696e-16,True,False
real_198,A2_16_32,0.3227999165816772,0.32279991658167717,5.551115123125783e-17,True,False
real_198,entropy_16_32,0.7652814916439785,0.7652814916439785,0.0,True,False
real_199,D,6.082921266555786,6.082921266555786,0.0,True,False
real_199,A_med,0.26305279132848575,0.26305279132848575,0.0,True,False
real_199,ilr_z1,0.02921172959628262,0.029211729596282987,3.677613769070831e-16,True,False
real_199,ilr_z2,0.22167819587504356,0.22167819587504534,1.7763568394002505e-15,True,False
real_199,ilr_z3,-0.7741680440966823,-0.7741680440966824,1.1102230246251565e-16,True,False
real_199,ilr_z4,-1.198876184843114,-1.1988761848431149,8.881784197001252e-16,True,False
real_199,A2_8_16,0.3726363977494947,0.37263639774949475,5.551115123125783e-17,True,False
real_199,entropy_8_16,0.8870591115502044,0.8870591115502044,0.0,True,False
real_199,A2_16_32,0.14280017609403828,0.14280017609403825,2.7755575615628914e-17,True,False
real_199,entropy_16_32,0.7671552286226956,0.7671552286226953,3.3306690738754696e-16,True,False
