session_id,measurement_id,sample_id,roi_within_measurement,theta_session_deg,d4_transform_session,center_x_um,center_y_um,region_score,edge_score,objective_score,center_search_boundary_hit,registration_unstable,sensitivity_span_um,sensitivity_centers,initialization,status,warning,paired_center_separation_um,slot_assignment_conflict,coarse_plane_rmse_um,final_plane_a,final_plane_b,final_plane_c,final_plane_rmse_um,final_reference_fraction,final_reference_retained_fraction,final_reference_quadrants,registered_fov_um,registered_pixel_um,registered_valid_fraction,h200_pixel_um,h200_valid_fraction,h_reg_path,h_200_path,final_leveling_failed
zro2_120_formal,1,1,single,-0.7000000000025182,identity,15.620231918634701,1.646148696594956,84.98598622985628,11.536901161262923,0.26605058868675246,False,True,4.031128874149275,"0.25/0.75:14.620,1.646;0.50/0.50:15.620,1.646;0.75/0.25:18.120,3.646",fixed-domain_component,REVIEW,weight sensitivity exceeds threshold,,,0.2188877772242756,0.00023400297049160873,-0.00012878902827393075,0.12023106983020675,0.16347757521883172,1.0,0.9231688365001173,4,300.00000000000006,0.34443168771526983,1.0,0.3448275862068966,1.0,outputs\rectangle_registration\registered\H_reg\zro2_120_formal__sample_001.npz,outputs\rectangle_registration\registered\H_200\zro2_120_formal__sample_001.npz,False
zro2_120_formal,2,2,single,-0.7000000000025182,identity,2.367595949057165,0.6119578688592107,44.32061438938943,10.024543858583003,1.4566690295966018,False,False,1.5,"0.25/0.75:2.368,0.612;0.50/0.50:2.368,0.612;0.75/0.25:2.368,-0.888",fixed-domain_component,PASS,,,,0.28930860407783754,-0.0003227878107091304,-0.00035352355033531346,0.26441285121172825,0.17378526391319465,1.0,0.9299788881069669,4,300.00000000000006,0.34443168771526983,1.0,0.3448275862068966,1.0,outputs\rectangle_registration\registered\H_reg\zro2_120_formal__sample_002.npz,outputs\rectangle_registration\registered\H_200\zro2_120_formal__sample_002.npz,False
zro2_120_formal,3,3,single,-0.7000000000025182,identity,-2.745359002918253,20.22675084911431,17.471984132379472,7.3745125684606405,0.23672981714689617,False,True,3.905124837953327,"0.25/0.75:-0.745,21.227;0.50/0.50:-2.745,20.227;0.75/0.25:-3.745,18.727",fixed-domain_component,REVIEW,weight sensitivity exceeds threshold,,,0.2561944868863207,-0.0002806287245142498,-0.0010379674767113118,0.05221652535872638,0.1851906022459948,1.0,0.9118358550316679,4,300.00000000000006,0.34443168771526983,1.0,0.3448275862068966,1.0,outputs\rectangle_registration\registered\H_reg\zro2_120_formal__sample_003.npz,outputs\rectangle_registration\registered\H_200\zro2_120_formal__sample_003.npz,False
zro2_120_formal,4,4,single,-0.7000000000025182,identity,16.44478974520384,-0.7505775567958821,10.155611686369788,6.264425296518374,0.8751903639901374,False,False,2.23606797749979,"0.25/0.75:15.445,-0.751;0.50/0.50:16.445,-0.751;0.75/0.25:17.445,-1.751",fixed-domain_component,PASS,,,,0.23997225069364497,-0.0008117512990534944,-0.0003698639155212723,0.12119897491188393,0.18656047314436214,1.0,0.9553204902650716,4,300.00000000000006,0.34443168771526983,1.0,0.3448275862068966,1.0,outputs\rectangle_registration\registered\H_reg\zro2_120_formal__sample_004.npz,outputs\rectangle_registration\registered\H_200\zro2_120_formal__sample_004.npz,False
zro2_120_formal,5,5,single,-0.7000000000025182,identity,-16.83529865552989,12.554510957406402,20.766748843947354,6.72309721305988,0.40209958487712266,False,True,3.605551275463989,"0.25/0.75:-15.335,11.055;0.50/0.50:-16.835,12.555;0.75/0.25:-18.335,13.055",fixed-domain_component,REVIEW,weight sensitivity exceeds threshold,,,0.22807839025000887,-0.0010132702858045618,-0.00014618469882766733,0.26131197774963305,0.18196864284062317,1.0,0.9329624091015717,4,300.00000000000006,0.34443168771526983,1.0,0.3448275862068966,1.0,outputs\rectangle_registration\registered\H_reg\zro2_120_formal__sample_005.npz,outputs\rectangle_registration\registered\H_200\zro2_120_formal__sample_005.npz,False
zro2_120_formal,6,6,single,-0.7000000000025182,identity,-16.31314406501687,15.004060299925737,5.3262871792857664,2.7374647017275584,0.23960068616729108,False,True,4.6097722286464435,"0.25/0.75:-16.313,12.504;0.50/0.50:-16.313,15.004;0.75/0.25:-19.313,16.004",fixed-domain_component,REVIEW,weight sensitivity exceeds threshold,,,0.19917423014288346,-0.00018643841150396614,-0.00025275284808837055,0.09707486633175397,0.17655999546144713,1.0,0.949602685901947,4,300.00000000000006,0.34443168771526983,1.0,0.3448275862068966,1.0,outputs\rectangle_registration\registered\H_reg\zro2_120_formal__sample_006.npz,outputs\rectangle_registration\registered\H_200\zro2_120_formal__sample_006.npz,False
zro2_120_formal,7,7,single,-0.7000000000025182,identity,-22.260176882122963,3.77742360958947,32.94362423958741,6.540467153920149,0.6884361197369522,False,False,2.0,"0.25/0.75:-22.260,4.777;0.50/0.50:-22.260,3.777;0.75/0.25:-22.260,2.777",fixed-domain_component,PASS,,,,0.23174339844583258,-2.3380823468482293e-05,-0.0004309414854775061,0.18572900798261724,0.17483097906514433,1.0,0.9322073657049027,4,300.00000000000006,0.34443168771526983,1.0,0.3448275862068966,1.0,outputs\rectangle_registration\registered\H_reg\zro2_120_formal__sample_007.npz,outputs\rectangle_registration\registered\H_200\zro2_120_formal__sample_007.npz,False
zro2_120_formal,8,8,single,-0.7000000000025182,identity,19.43894660984438,-8.904262896141276,13.31356336767402,6.557227186407554,0.9263490682256192,False,True,3.0413812651491097,"0.25/0.75:16.439,-8.404;0.50/0.50:19.439,-8.904;0.75/0.25:19.439,-8.904",fixed-domain_component,REVIEW,weight sensitivity exceeds threshold,,,0.20228939453751327,-0.0007254590700410483,0.000619863920317668,0.14134059205456115,0.17288856818551823,1.0,0.8672149894440535,4,300.00000000000006,0.34443168771526983,1.0,0.3448275862068966,1.0,outputs\rectangle_registration\registered\H_reg\zro2_120_formal__sample_008.npz,outputs\rectangle_registration\registered\H_200\zro2_120_formal__sample_008.npz,False
zro2_120_formal,9,9,single,-0.7000000000025182,identity,15.083475040102968,2.4317440438157263,242.10025850571768,18.423793438149712,0.8548882875797098,False,True,4.031128874149275,"0.25/0.75:15.083,2.432;0.50/0.50:15.083,2.432;0.75/0.25:13.083,-1.068",fixed-domain_component,REVIEW,weight sensitivity exceeds threshold,,,0.2713436573814032,0.00041217323879797505,-4.67232155363026e-05,0.20418004707261028,0.22104798759581631,1.0,0.9133459418250058,4,300.00000000000006,0.34443168771526983,1.0,0.3448275862068966,1.0,outputs\rectangle_registration\registered\H_reg\zro2_120_formal__sample_009.npz,outputs\rectangle_registration\registered\H_200\zro2_120_formal__sample_009.npz,False
zro2_120_formal,10,10,single,-0.7000000000025182,identity,19.291729592902698,3.6134888710062523,19.56148692975407,2.5819889183754623,0.783092485150324,False,False,2.0,"0.25/0.75:17.292,3.613;0.50/0.50:19.292,3.613;0.75/0.25:19.292,3.613",fixed-domain_component,PASS,,,,0.2093315666446699,0.00012584681817206573,0.0006031989475672609,0.13968477202253007,0.18453291496847557,1.0,0.894594475721323,4,300.00000000000006,0.34443168771526983,1.0,0.3448275862068966,1.0,outputs\rectangle_registration\registered\H_reg\zro2_120_formal__sample_010.npz,outputs\rectangle_registration\registered\H_200\zro2_120_formal__sample_010.npz,False
zro2_120_formal,11,11,single,-0.7000000000025182,identity,7.176490480228607,3.3707891638161325,228.68451048992904,15.751017057170499,0.7707198946385486,False,False,2.1213203435596424,"0.25/0.75:5.676,1.871;0.50/0.50:7.176,3.371;0.75/0.25:7.176,3.371",fixed-domain_component,PASS,,,,0.2143737188396115,-0.0004968803271742609,-0.0003290309793872754,0.1571132911749676,0.18422591554529671,1.0,0.9417810227539292,4,300.00000000000006,0.34443168771526983,1.0,0.3448275862068966,1.0,outputs\rectangle_registration\registered\H_reg\zro2_120_formal__sample_011.npz,outputs\rectangle_registration\registered\H_200\zro2_120_formal__sample_011.npz,False
zro2_120_formal,12,12,single,-0.7000000000025182,identity,-3.7409026483059673,-0.8558178413699089,71.37218143318687,9.760404682757377,0.8044894092878033,False,False,2.5,"0.25/0.75:-3.741,1.144;0.50/0.50:-3.741,-0.856;0.75/0.25:-3.741,-1.356",fixed-domain_component,PASS,,,,0.2242805796720924,-0.0011171811704334907,-0.0008528583512096921,0.18402981897015003,0.186708466621044,1.0,0.9099079286887168,4,300.00000000000006,0.34443168771526983,1.0,0.3448275862068966,1.0,outputs\rectangle_registration\registered\H_reg\zro2_120_formal__sample_012.npz,outputs\rectangle_registration\registered\H_200\zro2_120_formal__sample_012.npz,False
zro2_120_formal,13,13,single,-0.7000000000025182,identity,14.616070824760564,11.789306847064525,140.12567005978514,13.626734392458483,0.5572085530285377,False,False,2.6925824035672505,"0.25/0.75:13.616,10.789;0.50/0.50:14.616,11.789;0.75/0.25:16.116,11.789",fixed-domain_component,PASS,,,,0.23451135777838517,-5.9509454434732394e-05,-0.0006673401481632089,0.2875761296227241,0.1872052489871683,1.0,0.8862596762843068,4,300.00000000000006,0.34443168771526983,1.0,0.3448275862068966,1.0,outputs\rectangle_registration\registered\H_reg\zro2_120_formal__sample_013.npz,outputs\rectangle_registration\registered\H_200\zro2_120_formal__sample_013.npz,False
zro2_120_formal,14,14,single,-0.7000000000025182,identity,-9.939975171697817,2.324810004111299,30.3878222669547,6.493006226538168,0.5194838816651304,False,False,2.692582403567252,"0.25/0.75:-8.940,4.825;0.50/0.50:-9.940,2.325;0.75/0.25:-9.940,2.325",fixed-domain_component,PASS,,,,0.31664536399619553,-0.001114456846707749,-0.0003573930541558648,0.5026357784958564,0.18923378039644573,1.0,0.8958919774806474,4,300.00000000000006,0.34443168771526983,1.0,0.3448275862068966,1.0,outputs\rectangle_registration\registered\H_reg\zro2_120_formal__sample_014.npz,outputs\rectangle_registration\registered\H_200\zro2_120_formal__sample_014.npz,False
zro2_120_formal,15,15,single,-0.7000000000025182,identity,12.713458423831236,31.39671287115663,32.96280975180173,3.408318698561169,0.3253759720131696,False,True,3.640054944640259,"0.25/0.75:10.213,31.397;0.50/0.50:12.713,31.397;0.75/0.25:13.713,32.397",fixed-domain_component,REVIEW,weight sensitivity exceeds threshold,,,0.24217300497556526,0.0004012595645101208,-0.0005603256034316939,0.17339139438252776,0.18040070640650316,1.0,0.9295243959652827,4,300.00000000000006,0.34443168771526983,1.0,0.3448275862068966,1.0,outputs\rectangle_registration\registered\H_reg\zro2_120_formal__sample_015.npz,outputs\rectangle_registration\registered\H_200\zro2_120_formal__sample_015.npz,False
zro2_120_formal,16,16,single,-0.7000000000025182,identity,-19.908949662721017,39.502446432405954,196.19842843242736,16.681300017929996,0.8962341848417952,False,False,2.0,"0.25/0.75:-19.909,39.502;0.50/0.50:-19.909,39.502;0.75/0.25:-19.909,37.502",fixed-domain_component,PASS,,,,0.2159776237265324,-0.0007566660379017163,-0.0009367491397686573,0.29719109536544325,0.17382450151397594,1.0,0.8956940534834623,4,300.00000000000006,0.34443168771526983,1.0,0.3448275862068966,1.0,outputs\rectangle_registration\registered\H_reg\zro2_120_formal__sample_016.npz,outputs\rectangle_registration\registered\H_200\zro2_120_formal__sample_016.npz,False
zro2_120_formal,17,17,single,-0.7000000000025182,identity,-3.4512866792824006,12.317408870718412,223.04739131426453,15.824949527582476,0.20674488167730026,False,True,3.640054944640259,"0.25/0.75:-2.451,10.817;0.50/0.50:-3.451,12.317;0.75/0.25:-3.451,14.317",fixed-domain_component,REVIEW,weight sensitivity exceeds threshold,,,0.22871324418256442,-0.00027843988865888634,-0.0004728764734487073,0.04143029486130685,0.19830088351339673,1.0,0.9124149659863946,4,300.00000000000006,0.34443168771526983,1.0,0.3448275862068966,1.0,outputs\rectangle_registration\registered\H_reg\zro2_120_formal__sample_017.npz,outputs\rectangle_registration\registered\H_200\zro2_120_formal__sample_017.npz,False
zro2_120_formal,18,18,single,-0.7000000000025182,identity,-10.17441555923076,1.7931822840060274,28.688194104817576,3.9984523150555975,0.7091356489735718,False,True,3.8078865529319543,"0.25/0.75:-11.674,-0.207;0.50/0.50:-10.174,1.793;0.75/0.25:-10.174,3.293",fixed-domain_component,REVIEW,weight sensitivity exceeds threshold,,,0.19265280120954986,0.0003476347038719366,4.1969693488219315e-05,0.04960203356881166,0.15948219832078978,1.0,0.9158309875674407,4,300.00000000000006,0.34443168771526983,1.0,0.3448275862068966,1.0,outputs\rectangle_registration\registered\H_reg\zro2_120_formal__sample_018.npz,outputs\rectangle_registration\registered\H_200\zro2_120_formal__sample_018.npz,False
zro2_120_formal,19,19,single,-0.7000000000025182,identity,11.937090978641699,-7.414021471477195,27.893622923143916,4.538688060624383,0.2459204472674361,False,True,3.605551275463989,"0.25/0.75:13.937,-4.414;0.50/0.50:11.937,-7.414;0.75/0.25:11.937,-7.414",fixed-domain_component,REVIEW,weight sensitivity exceeds threshold,,,0.21539769201656378,-0.0007158240760527217,-8.406397617083327e-05,-0.03340499672336097,0.15697607308552528,1.0,0.8961851982172179,4,300.00000000000006,0.34443168771526983,1.0,0.3448275862068966,1.0,outputs\rectangle_registration\registered\H_reg\zro2_120_formal__sample_019.npz,outputs\rectangle_registration\registered\H_200\zro2_120_formal__sample_019.npz,False
zro2_120_formal,20,20,single,-0.7000000000025182,identity,20.597424505041225,-7.626998168965127,222.40446079326443,15.661377558103748,0.28277312687761125,False,True,4.6097722286464435,"0.25/0.75:21.097,-7.627;0.50/0.50:20.597,-7.627;0.75/0.25:17.597,-4.627",fixed-domain_component,REVIEW,weight sensitivity exceeds threshold,,,0.3106539926611552,-0.0015828242711784955,-0.00028293363418327444,0.44150975527236114,0.16775121233974047,1.0,0.907562162796153,4,300.00000000000006,0.34443168771526983,1.0,0.3448275862068966,1.0,outputs\rectangle_registration\registered\H_reg\zro2_120_formal__sample_020.npz,outputs\rectangle_registration\registered\H_200\zro2_120_formal__sample_020.npz,False
zro2_120_formal,21,21,single,-0.7000000000025182,identity,-2.778584480435125,20.479434681804918,285.86084797700863,16.201281890332318,0.88391461337678,False,False,0.5,"0.25/0.75:-3.279,20.479;0.50/0.50:-2.779,20.479;0.75/0.25:-2.779,20.479",fixed-domain_component,PASS,,,,0.22275654402716813,-0.00012006717596616094,-0.00015244949670549596,-0.028586262521373248,0.16918401194495217,1.0,0.9093141566971616,4,300.00000000000006,0.34443168771526983,1.0,0.3448275862068966,1.0,outputs\rectangle_registration\registered\H_reg\zro2_120_formal__sample_021.npz,outputs\rectangle_registration\registered\H_200\zro2_120_formal__sample_021.npz,False
zro2_120_formal,22,22,single,-0.7000000000025182,identity,32.62613814912766,4.173012005116352,295.2045409326671,16.58069466929263,0.9623319474890846,False,False,3.0,"0.25/0.75:32.626,4.173;0.50/0.50:32.626,4.173;0.75/0.25:32.626,7.173",fixed-domain_component,PASS,,,,0.20498848931776237,-5.6042400540731736e-05,0.0003867854019714949,0.04681811240305766,0.15516853805881026,1.0,0.9368695754163735,4,300.00000000000006,0.34443168771526983,1.0,0.3448275862068966,1.0,outputs\rectangle_registration\registered\H_reg\zro2_120_formal__sample_022.npz,outputs\rectangle_registration\registered\H_200\zro2_120_formal__sample_022.npz,False
zro2_120_formal,23,23,single,-0.7000000000025182,identity,25.17196217660385,-3.9424486436631963,261.1679085044301,11.213940953519177,0.26642687362077927,False,True,5.0,"0.25/0.75:21.672,-2.442;0.50/0.50:25.172,-3.942;0.75/0.25:25.672,-5.442",fixed-domain_component,REVIEW,weight sensitivity exceeds threshold,,,0.21724888321094674,0.0007042939020016175,-0.0005688951082687948,0.13555596956520147,0.16955390580515722,1.0,0.906557881773399,4,300.00000000000006,0.34443168771526983,1.0,0.3448275862068966,1.0,outputs\rectangle_registration\registered\H_reg\zro2_120_formal__sample_023.npz,outputs\rectangle_registration\registered\H_200\zro2_120_formal__sample_023.npz,False
zro2_120_formal,24,24,single,-0.7000000000025182,identity,14.0,14.0,179.82682244752047,5.204546941254131,1.252858887831402,False,False,0.0,"0.25/0.75:14.000,14.000;0.50/0.50:14.000,14.000;0.75/0.25:14.000,14.000",domain_midpoint_fallback,REVIEW,segmentation initializer unavailable,,,0.21842410867304096,-0.00032680009332318596,0.00039375066755346693,0.09617592852002425,0.18283728936457036,1.0,0.8719798264133239,4,300.00000000000006,0.34443168771526983,1.0,0.3448275862068966,1.0,outputs\rectangle_registration\registered\H_reg\zro2_120_formal__sample_024.npz,outputs\rectangle_registration\registered\H_200\zro2_120_formal__sample_024.npz,False
zro2_120_formal,25,25,single,-0.7000000000025182,identity,-4.789961109664208,42.31534653494776,30.964030720501196,10.465137197528556,0.3858756875814774,False,True,4.242640687119285,"0.25/0.75:-6.790,43.315;0.50/0.50:-4.790,42.315;0.75/0.25:-3.790,40.315",fixed-domain_component,REVIEW,weight sensitivity exceeds threshold,,,0.22164505683945088,-0.002817416938288188,-0.0017424960618734652,-0.4526909600568406,0.19773847299473823,1.0,0.8824697982641332,4,300.00000000000006,0.34443168771526983,1.0,0.3448275862068966,1.0,outputs\rectangle_registration\registered\H_reg\zro2_120_formal__sample_025.npz,outputs\rectangle_registration\registered\H_200\zro2_120_formal__sample_025.npz,False
zro2_120_formal,26,26,single,-0.7000000000025182,identity,24.39630971901575,3.04163422284244,1.471323456776685,3.200806243901139,0.8717209960211816,False,False,1.5,"0.25/0.75:24.396,3.042;0.50/0.50:24.396,3.042;0.75/0.25:24.396,1.542",fixed-domain_component,PASS,,,,0.20647773015263818,-3.988574617221369e-05,0.00011048179082949776,0.023491345021077907,0.15432566104812195,1.0,0.8898516303072953,4,300.00000000000006,0.34443168771526983,1.0,0.3448275862068966,1.0,outputs\rectangle_registration\registered\H_reg\zro2_120_formal__sample_026.npz,outputs\rectangle_registration\registered\H_200\zro2_120_formal__sample_026.npz,False
zro2_120_formal,27,27,single,-0.7000000000025182,identity,-30.333429828010637,-23.731140790814912,217.7169123225425,18.153549712018794,0.3387972309335804,False,False,2.5495097567963922,"0.25/0.75:-27.833,-24.231;0.50/0.50:-30.333,-23.731;0.75/0.25:-30.333,-24.231",fixed-domain_component,PASS,,,,0.2005819401178535,-0.00047478215960330104,-9.595401501236167e-05,0.16727690330463932,0.19435586639811275,1.0,0.9452996715927751,4,300.00000000000006,0.34443168771526983,1.0,0.3448275862068966,1.0,outputs\rectangle_registration\registered\H_reg\zro2_120_formal__sample_027.npz,outputs\rectangle_registration\registered\H_200\zro2_120_formal__sample_027.npz,False
zro2_120_formal,28,28,single,-0.7000000000025182,identity,-21.19930771783908,31.581916937607232,60.385376535045964,7.304252765337843,1.1940315266295238,False,False,1.4142135623730951,"0.25/0.75:-20.699,30.582;0.50/0.50:-21.199,31.582;0.75/0.25:-21.699,31.582",fixed-domain_component,PASS,,,,0.2102607814675598,8.291365531471877e-05,-0.000399772232712372,0.07472457931876701,0.15978650251447324,1.0,0.8969255805770584,4,300.00000000000006,0.34443168771526983,1.0,0.3448275862068966,1.0,outputs\rectangle_registration\registered\H_reg\zro2_120_formal__sample_028.npz,outputs\rectangle_registration\registered\H_200\zro2_120_formal__sample_028.npz,False
zro2_120_formal,29,29,single,-0.7000000000025182,identity,-30.748093074141906,22.47962282299408,198.63212805612858,16.825246003939167,0.3490531569468618,False,False,2.0615528128088303,"0.25/0.75:-31.748,22.480;0.50/0.50:-30.748,22.480;0.75/0.25:-29.748,22.980",fixed-domain_component,PASS,,,,0.2381367823531738,-0.0006008071575011126,-0.00015313822235081195,0.2902565536254154,0.16278422003923854,1.0,0.9050551254984752,4,300.00000000000006,0.34443168771526983,1.0,0.3448275862068966,1.0,outputs\rectangle_registration\registered\H_reg\zro2_120_formal__sample_029.npz,outputs\rectangle_registration\registered\H_200\zro2_120_formal__sample_029.npz,False
zro2_120_formal,30,30,single,-0.7000000000025182,identity,11.5,-6.0,63.92183603613607,5.339640529942505,0.42614707801359075,False,True,3.905124837953327,"0.25/0.75:9.000,-6.000;0.50/0.50:11.500,-6.000;0.75/0.25:11.500,-9.000",domain_midpoint_fallback,REVIEW,weight sensitivity exceeds threshold; segmentation initializer unavailable,,,0.2025703016512185,-0.0012811493741668285,3.7034017879751524e-05,0.04946417413343889,0.14717645056624618,1.0,0.7470897841895379,4,300.00000000000006,0.34443168771526983,1.0,0.3448275862068966,1.0,outputs\rectangle_registration\registered\H_reg\zro2_120_formal__sample_030.npz,outputs\rectangle_registration\registered\H_200\zro2_120_formal__sample_030.npz,False
zro2_120_formal,31,31,single,-0.7000000000025182,identity,-31.5,-11.2979421920827,63.98068442589118,7.531079060444172,0.5231191132048719,False,False,2.692582403567252,"0.25/0.75:-34.000,-10.798;0.50/0.50:-31.500,-11.298;0.75/0.25:-31.500,-11.798",fixed-domain_component,PASS,,,,0.1909103953566175,-0.00021946828393901865,6.988751979125456e-05,0.1382111453819885,0.159362293272691,1.0,0.9466704785362421,4,300.00000000000006,0.34443168771526983,1.0,0.3448275862068966,1.0,outputs\rectangle_registration\registered\H_reg\zro2_120_formal__sample_031.npz,outputs\rectangle_registration\registered\H_200\zro2_120_formal__sample_031.npz,False
zro2_120_formal,32,32,single,-0.7000000000025182,identity,-49.5,-4.4566990498856605,215.62556725788465,17.01862213103275,1.354342351994243,True,False,0.5,"0.25/0.75:-50.000,-4.457;0.50/0.50:-49.500,-4.457;0.75/0.25:-49.500,-4.457",fixed-domain_component,REVIEW,center search boundary hit,,,0.21654995308156555,-0.0007250089000252713,3.0894481245057753e-07,0.22746146640266285,0.1731849771039018,1.0,0.916146199859254,4,300.00000000000006,0.34443168771526983,1.0,0.3448275862068966,1.0,outputs\rectangle_registration\registered\H_reg\zro2_120_formal__sample_032.npz,outputs\rectangle_registration\registered\H_200\zro2_120_formal__sample_032.npz,False
zro2_120_formal,33,33,single,-0.7000000000025182,identity,-3.5297079404411633,2.873466349461312,197.87470966987394,18.752671034058448,0.8446846677001276,False,True,3.5,"0.25/0.75:-3.530,2.873;0.50/0.50:-3.530,2.873;0.75/0.25:-3.530,-0.627",fixed-domain_component,REVIEW,weight sensitivity exceeds threshold,,,0.2243677764846512,-0.0014383074699733673,0.00020163875413224197,0.100493256060896,0.17943280832584124,1.0,0.8975413441238564,4,300.00000000000006,0.34443168771526983,1.0,0.3448275862068966,1.0,outputs\rectangle_registration\registered\H_reg\zro2_120_formal__sample_033.npz,outputs\rectangle_registration\registered\H_200\zro2_120_formal__sample_033.npz,False
zro2_120_formal,34,34,single,-0.7000000000025182,identity,-14.51364155236493,-0.6438390052643292,288.3244735998517,16.070191656285957,0.443725942535483,False,True,4.0,"0.25/0.75:-11.514,-0.644;0.50/0.50:-14.514,-0.644;0.75/0.25:-15.514,-0.644",fixed-domain_component,REVIEW,weight sensitivity exceeds threshold,,,0.23426514820298927,-0.0003291837502870344,-1.733025222202568e-05,0.2668753777767436,0.17009806703391164,1.0,0.9254486277269528,4,300.00000000000006,0.34443168771526983,1.0,0.3448275862068966,1.0,outputs\rectangle_registration\registered\H_reg\zro2_120_formal__sample_034.npz,outputs\rectangle_registration\registered\H_200\zro2_120_formal__sample_034.npz,False
zro2_120_formal,35,35,single,-0.7000000000025182,identity,-1.9666735013454169,10.520557216996018,45.27235581001197,4.5562127938188395,0.13887505646199452,False,True,3.605551275463989,"0.25/0.75:-3.967,11.021;0.50/0.50:-1.967,10.521;0.75/0.25:-0.967,9.021",fixed-domain_component,REVIEW,weight sensitivity exceeds threshold,,,0.2212624052997015,0.00023436867333857727,0.0002980176720471109,0.22754130990429455,0.16325103173274205,1.0,0.90938013136289,4,300.00000000000006,0.34443168771526983,1.0,0.3448275862068966,1.0,outputs\rectangle_registration\registered\H_reg\zro2_120_formal__sample_035.npz,outputs\rectangle_registration\registered\H_200\zro2_120_formal__sample_035.npz,False
zro2_120_formal,36,36,single,-0.7000000000025182,identity,-13.92499553711771,1.9639097418192186,271.43040361907333,17.833858803408468,1.00514767917713,False,False,2.23606797749979,"0.25/0.75:-12.925,1.964;0.50/0.50:-13.925,1.964;0.75/0.25:-13.925,3.964",fixed-domain_component,PASS,,,,0.22099805926507712,0.000600157039564445,-0.0002597621199140511,0.07763283639127826,0.17280098923016357,1.0,0.9212115880835092,4,300.00000000000006,0.34443168771526983,1.0,0.3448275862068966,1.0,outputs\rectangle_registration\registered\H_reg\zro2_120_formal__sample_036.npz,outputs\rectangle_registration\registered\H_200\zro2_120_formal__sample_036.npz,False
zro2_120_formal,37,37,single,-0.7000000000025182,identity,-17.41070500503887,14.112830844843911,175.67808580985673,12.41998908100759,1.7836377029960566,False,False,0.0,"0.25/0.75:-17.411,14.113;0.50/0.50:-17.411,14.113;0.75/0.25:-17.411,14.113",fixed-domain_component,PASS,,,,0.2089220938776249,-0.0005189057677663914,0.00024398982586259547,-0.004167754413877952,0.1786304680191462,1.0,0.9425360661505982,4,300.00000000000006,0.34443168771526983,1.0,0.3448275862068966,1.0,outputs\rectangle_registration\registered\H_reg\zro2_120_formal__sample_037.npz,outputs\rectangle_registration\registered\H_200\zro2_120_formal__sample_037.npz,False
zro2_120_formal,38,38,single,-0.7000000000025182,identity,-30.76683536072011,16.98871360568264,194.04384966989022,16.44957539211609,0.5811531734420966,False,False,1.118033988749895,"0.25/0.75:-31.267,16.989;0.50/0.50:-30.767,16.989;0.75/0.25:-30.267,16.489",fixed-domain_component,PASS,,,,0.259871196973398,-9.785261992574069e-05,0.00032349830153954873,0.16777912860871352,0.25387409988948684,1.0,0.9571897724607085,4,300.00000000000006,0.34443168771526983,1.0,0.3448275862068966,1.0,outputs\rectangle_registration\registered\H_reg\zro2_120_formal__sample_038.npz,outputs\rectangle_registration\registered\H_200\zro2_120_formal__sample_038.npz,False
zro2_120_formal,39,39,single,-0.7000000000025182,identity,-12.176127856080422,-0.6950118536482375,26.177714208553855,4.428965235747239,0.5576279253514137,False,True,4.242640687119285,"0.25/0.75:-10.176,0.805;0.50/0.50:-12.176,-0.695;0.75/0.25:-13.176,-2.195",fixed-domain_component,REVIEW,weight sensitivity exceeds threshold,,,0.2572949539775783,-0.0002869484488469605,-0.00022408382073038592,0.23176587228230494,0.18585624498283326,1.0,0.9310491437954492,4,300.00000000000006,0.34443168771526983,1.0,0.3448275862068966,1.0,outputs\rectangle_registration\registered\H_reg\zro2_120_formal__sample_039.npz,outputs\rectangle_registration\registered\H_200\zro2_120_formal__sample_039.npz,False
zro2_120_formal,40,40,single,-0.7000000000025182,identity,3.227854244622508,11.93120226396082,216.57223122671758,16.07903078993061,0.9083893056611714,False,False,2.0,"0.25/0.75:3.228,12.931;0.50/0.50:3.228,11.931;0.75/0.25:3.228,10.931",fixed-domain_component,PASS,,,,0.24097367719308155,-0.0005102654565442694,0.0002476634582116298,0.08823594291043557,0.18198836512296318,1.0,0.8595032840722496,4,300.00000000000006,0.34443168771526983,1.0,0.3448275862068966,1.0,outputs\rectangle_registration\registered\H_reg\zro2_120_formal__sample_040.npz,outputs\rectangle_registration\registered\H_200\zro2_120_formal__sample_040.npz,False
zro2_120_formal,41,41,single,-0.7000000000025182,identity,13.723609881659065,2.4334529863405496,235.74868807373213,16.831900137946448,0.14920119034526216,False,True,4.0,"0.25/0.75:13.724,3.433;0.50/0.50:13.724,2.433;0.75/0.25:13.724,-0.567",fixed-domain_component,REVIEW,weight sensitivity exceeds threshold,,,0.24730588311544802,0.00037865481071983856,-0.0009266395185380611,0.05598701141356693,0.2184049324282815,1.0,0.9725545390570021,4,300.00000000000006,0.34443168771526983,1.0,0.3448275862068966,1.0,outputs\rectangle_registration\registered\H_reg\zro2_120_formal__sample_041.npz,outputs\rectangle_registration\registered\H_200\zro2_120_formal__sample_041.npz,False
zro2_120_formal,42,42,single,-0.7000000000025182,identity,0.7615485092157854,9.700591502049084,209.22244060831264,11.23899532938362,0.9808498957655278,False,False,2.23606797749979,"0.25/0.75:0.262,10.701;0.50/0.50:0.762,9.701;0.75/0.25:1.262,8.701",fixed-domain_component,PASS,,,,0.29089540395513896,-0.000366805721257354,0.00041116469408731746,0.38460950890116236,0.16924922896593753,1.0,0.9487816678395496,4,300.00000000000006,0.34443168771526983,1.0,0.3448275862068966,1.0,outputs\rectangle_registration\registered\H_reg\zro2_120_formal__sample_042.npz,outputs\rectangle_registration\registered\H_200\zro2_120_formal__sample_042.npz,False
zro2_120_formal,43,43,single,-0.7000000000025182,identity,-9.58003885051405,18.38127619605841,229.82525075802502,17.70544459582417,0.36712698480164324,False,True,4.123105625617661,"0.25/0.75:-9.080,17.381;0.50/0.50:-9.580,18.381;0.75/0.25:-13.080,18.381",fixed-domain_component,REVIEW,weight sensitivity exceeds threshold,,,0.21328746613817134,-0.000396436357265906,2.9642046230163224e-05,0.2972166871806655,0.17390043485821238,1.0,0.9365397020877316,4,300.00000000000006,0.34443168771526983,1.0,0.3448275862068966,1.0,outputs\rectangle_registration\registered\H_reg\zro2_120_formal__sample_043.npz,outputs\rectangle_registration\registered\H_200\zro2_120_formal__sample_043.npz,False
zro2_120_formal,44,44,single,-0.7000000000025182,identity,-12.889913838238535,-4.704622769945217,241.3911115154149,13.101968969093047,1.0818489378341685,False,False,1.0,"0.25/0.75:-12.890,-5.205;0.50/0.50:-12.890,-4.705;0.75/0.25:-12.890,-4.205",fixed-domain_component,PASS,,,,0.21509884411012456,0.000158483423813981,-0.00018021833912668962,0.12519616027564487,0.19075544042177406,1.0,0.9357480060989913,4,300.00000000000006,0.34443168771526983,1.0,0.3448275862068966,1.0,outputs\rectangle_registration\registered\H_reg\zro2_120_formal__sample_044.npz,outputs\rectangle_registration\registered\H_200\zro2_120_formal__sample_044.npz,False
zro2_120_formal,45,45,single,-0.7000000000025182,identity,-6.125951124229414,17.397100624871243,194.21729682340816,13.91274315428083,1.401820049564289,False,False,1.0,"0.25/0.75:-6.126,18.397;0.50/0.50:-6.126,17.397;0.75/0.25:-6.126,17.397",fixed-domain_component,PASS,,,,0.38869028581336057,-0.0010787099864402307,-0.0005490814956553951,0.3218344907320513,0.1809914677129901,1.0,0.9265921885995778,4,300.00000000000006,0.34443168771526983,1.0,0.3448275862068966,1.0,outputs\rectangle_registration\registered\H_reg\zro2_120_formal__sample_045.npz,outputs\rectangle_registration\registered\H_200\zro2_120_formal__sample_045.npz,False
zro2_120_formal,46,46,single,-0.7000000000025182,identity,-12.479974291406258,-6.924107344714436,258.767140574805,15.069093314971118,0.9302186584275354,False,False,2.0,"0.25/0.75:-12.980,-6.424;0.50/0.50:-12.480,-6.924;0.75/0.25:-12.980,-8.424",fixed-domain_component,PASS,,,,0.23610237783131174,-0.00030873578469936216,-1.908676690739585e-05,0.04679518381208749,0.1881319843426719,1.0,0.9411799202439597,4,300.00000000000006,0.34443168771526983,1.0,0.3448275862068966,1.0,outputs\rectangle_registration\registered\H_reg\zro2_120_formal__sample_046.npz,outputs\rectangle_registration\registered\H_200\zro2_120_formal__sample_046.npz,False
zro2_120_formal,47,47,single,-0.7000000000025182,identity,-16.77917955306106,22.926828174553258,227.7069512866167,12.900581500736926,0.8400369441857748,False,True,3.3541019662496847,"0.25/0.75:-15.779,22.927;0.50/0.50:-16.779,22.927;0.75/0.25:-17.279,25.927",fixed-domain_component,REVIEW,weight sensitivity exceeds threshold,,,0.24919145586372002,0.00010763650964060375,-0.00016964706463830966,0.17941381754689584,0.18304885592886252,1.0,0.9372067792634295,4,300.00000000000006,0.34443168771526983,1.0,0.3448275862068966,1.0,outputs\rectangle_registration\registered\H_reg\zro2_120_formal__sample_047.npz,outputs\rectangle_registration\registered\H_200\zro2_120_formal__sample_047.npz,False
zro2_120_formal,48,48,single,-0.7000000000025182,identity,-11.638820476362394,23.382744731752577,259.1626981832036,11.030861267615043,0.33756316390537533,False,True,3.640054944640259,"0.25/0.75:-10.639,21.883;0.50/0.50:-11.639,23.383;0.75/0.25:-11.639,25.383",fixed-domain_component,REVIEW,weight sensitivity exceeds threshold,,,0.1995459243256026,-5.2034786480913215e-05,0.0004210009705622104,0.10005861244199186,0.17218378830975747,1.0,0.9226337086558761,4,300.00000000000006,0.34443168771526983,1.0,0.3448275862068966,1.0,outputs\rectangle_registration\registered\H_reg\zro2_120_formal__sample_048.npz,outputs\rectangle_registration\registered\H_200\zro2_120_formal__sample_048.npz,False
zro2_120_formal,49,49,single,-0.7000000000025182,identity,11.687598197603041,3.231181551877997,13.310799370378707,6.031907541391872,0.3888541970330366,False,True,4.031128874149275,"0.25/0.75:12.188,1.231;0.50/0.50:11.688,3.231;0.75/0.25:11.688,5.231",fixed-domain_component,REVIEW,weight sensitivity exceeds threshold,,,0.19927553390403352,-4.823290895819149e-05,0.00014968902171580076,0.16398775229670287,0.14853358610602765,1.0,0.9311077879427633,4,300.00000000000006,0.34443168771526983,1.0,0.3448275862068966,1.0,outputs\rectangle_registration\registered\H_reg\zro2_120_formal__sample_049.npz,outputs\rectangle_registration\registered\H_200\zro2_120_formal__sample_049.npz,False
zro2_120_formal,50,50,single,-0.7000000000025182,identity,21.0394794224077,12.351567924836122,11.637913719509609,6.621911059195642,0.863351650483365,False,False,2.0,"0.25/0.75:21.039,14.352;0.50/0.50:21.039,12.352;0.75/0.25:21.039,12.352",fixed-domain_component,PASS,,,,0.19497056606120794,-0.00029768775274897306,-9.348934521738461e-05,0.10853279943285712,0.16610043690558382,1.0,0.9470076823832981,4,300.00000000000006,0.34443168771526983,1.0,0.3448275862068966,1.0,outputs\rectangle_registration\registered\H_reg\zro2_120_formal__sample_050.npz,outputs\rectangle_registration\registered\H_200\zro2_120_formal__sample_050.npz,False
zro2_120_formal,51,51,single,-0.7000000000025182,identity,3.416914659097447,19.661122001202102,7.312567988978125,6.430977972743199,0.5804481610070968,False,False,2.8284271247461903,"0.25/0.75:3.417,20.661;0.50/0.50:3.417,19.661;0.75/0.25:5.417,18.661",fixed-domain_component,PASS,,,,0.21506561698295165,-0.0012303071761684903,0.00019094416502941436,-0.07724714152987969,0.15744195734785768,1.0,0.9309978301665494,4,300.00000000000006,0.34443168771526983,1.0,0.3448275862068966,1.0,outputs\rectangle_registration\registered\H_reg\zro2_120_formal__sample_051.npz,outputs\rectangle_registration\registered\H_200\zro2_120_formal__sample_051.npz,False
zro2_120_formal,52,52,single,-0.7000000000025182,identity,-2.7303691988166685,16.58714262873632,140.839511223978,11.44031858946668,0.2207711577069702,False,True,4.031128874149275,"0.25/0.75:-5.230,18.587;0.50/0.50:-2.730,16.587;0.75/0.25:-1.730,16.587",fixed-domain_component,REVIEW,weight sensitivity exceeds threshold,,,0.23949266630107588,-0.000226339264918983,-0.0009883116884774872,0.22769486787644566,0.19824751205256927,1.0,0.9400510204081632,4,300.00000000000006,0.34443168771526983,1.0,0.3448275862068966,1.0,outputs\rectangle_registration\registered\H_reg\zro2_120_formal__sample_052.npz,outputs\rectangle_registration\registered\H_200\zro2_120_formal__sample_052.npz,False
zro2_120_formal,53,53,single,-0.7000000000025182,identity,-9.748883853094958,30.32212310906561,138.22587193378016,10.931316420343375,1.1056451506315672,False,False,2.0,"0.25/0.75:-9.749,29.322;0.50/0.50:-9.749,30.322;0.75/0.25:-9.749,31.322",fixed-domain_component,PASS,,,,0.2355851483962465,-0.0006412790473911612,-0.0005018582545051739,0.217068345588503,0.17569088017462575,1.0,0.9354694463992493,4,300.00000000000006,0.34443168771526983,1.0,0.3448275862068966,1.0,outputs\rectangle_registration\registered\H_reg\zro2_120_formal__sample_053.npz,outputs\rectangle_registration\registered\H_200\zro2_120_formal__sample_053.npz,False
zro2_120_formal,54,54,single,-0.7000000000025182,identity,21.140549760849805,11.4363504483624,208.12430544372816,15.455170807823869,0.4303720457850009,False,True,3.605551275463989,"0.25/0.75:19.141,12.936;0.50/0.50:21.141,11.436;0.75/0.25:21.141,9.936",fixed-domain_component,REVIEW,weight sensitivity exceeds threshold,,,0.23739012562802916,-0.00032143610489098417,0.000869147348681841,0.24258517337175964,0.16695334504498865,1.0,0.9414658104621159,4,300.00000000000006,0.34443168771526983,1.0,0.3448275862068966,1.0,outputs\rectangle_registration\registered\H_reg\zro2_120_formal__sample_054.npz,outputs\rectangle_registration\registered\H_200\zro2_120_formal__sample_054.npz,False
zro2_120_formal,55,55,single,-0.7000000000025182,identity,4.005214935063154,-0.20333852468068336,152.88667243158275,10.492701252219492,0.7493750439201422,False,True,3.905124837953327,"0.25/0.75:6.005,1.797;0.50/0.50:4.005,-0.203;0.75/0.25:3.505,-1.203",fixed-domain_component,REVIEW,weight sensitivity exceeds threshold,,,0.3223332612364289,-3.927290281432212e-06,-0.00011278239537954038,0.4162470558315961,0.17009019850631255,1.0,0.9363051254984752,4,300.00000000000006,0.34443168771526983,1.0,0.3448275862068966,1.0,outputs\rectangle_registration\registered\H_reg\zro2_120_formal__sample_055.npz,outputs\rectangle_registration\registered\H_200\zro2_120_formal__sample_055.npz,False
zro2_120_formal,56,56,single,-0.7000000000025182,identity,-2.118966717382074,16.17399571947956,176.8902181501397,17.750979282596358,1.3676565167952206,False,True,3.0413812651491097,"0.25/0.75:-2.619,19.174;0.50/0.50:-2.119,16.174;0.75/0.25:-2.119,16.174",fixed-domain_component,REVIEW,weight sensitivity exceeds threshold,,,0.38842007102119525,9.836625719874455e-05,0.001301987732226298,0.5403623181079855,0.2053514515103927,1.0,0.9426093713347408,4,300.00000000000006,0.34443168771526983,1.0,0.3448275862068966,1.0,outputs\rectangle_registration\registered\H_reg\zro2_120_formal__sample_056.npz,outputs\rectangle_registration\registered\H_200\zro2_120_formal__sample_056.npz,False
zro2_120_formal,57,57,single,-0.7000000000025182,identity,10.960522262758229,5.9155463997068765,35.290552545260404,27.139659312910965,0.3318745430658642,False,True,3.640054944640259,"0.25/0.75:11.961,8.416;0.50/0.50:10.961,5.916;0.75/0.25:10.961,4.916",fixed-domain_component,REVIEW,weight sensitivity exceeds threshold,,,0.9223775229990205,0.0015740540104624953,-0.0034650565378607514,0.5970982804110265,0.5461636982557858,1.0,0.6645481468449449,4,300.00000000000006,0.34443168771526983,1.0,0.3448275862068966,1.0,outputs\rectangle_registration\registered\H_reg\zro2_120_formal__sample_057.npz,outputs\rectangle_registration\registered\H_200\zro2_120_formal__sample_057.npz,False
zro2_120_formal,58,58,single,-0.7000000000025182,identity,26.183228115023592,2.1327473060735365,205.5763663695561,14.26039675951078,0.34407834831858547,False,True,4.47213595499958,"0.25/0.75:23.683,3.133;0.50/0.50:26.183,2.133;0.75/0.25:27.683,1.133",fixed-domain_component,REVIEW,weight sensitivity exceeds threshold,,,0.2018516802644489,-0.0006263266972499108,-0.000375011610068636,0.1927424415735981,0.17550052551059808,1.0,0.898311048557354,4,300.00000000000006,0.34443168771526983,1.0,0.3448275862068966,1.0,outputs\rectangle_registration\registered\H_reg\zro2_120_formal__sample_058.npz,outputs\rectangle_registration\registered\H_200\zro2_120_formal__sample_058.npz,False
zro2_120_formal,59,59,single,-0.7000000000025182,identity,4.17107188163657,-3.1664213263568115,264.7884486901232,15.491588530561271,0.12958786042504383,False,True,4.716990566028302,"0.25/0.75:6.671,-0.166;0.50/0.50:4.171,-3.166;0.75/0.25:4.171,-4.166",fixed-domain_component,REVIEW,weight sensitivity exceeds threshold,,,0.21681166304609326,-0.00026626796048858265,-0.00040178652301637446,0.24832535870043038,0.17768814336619698,1.0,0.9233594299788881,4,300.00000000000006,0.34443168771526983,1.0,0.3448275862068966,1.0,outputs\rectangle_registration\registered\H_reg\zro2_120_formal__sample_059.npz,outputs\rectangle_registration\registered\H_200\zro2_120_formal__sample_059.npz,False
zro2_120_formal,60,60,single,-0.7000000000025182,identity,17.76871343056159,16.223266245375466,4.748761299599081,2.790308560936259,0.38706021860784323,False,False,2.5,"0.25/0.75:16.269,14.223;0.50/0.50:17.769,16.223;0.75/0.25:17.769,16.223",fixed-domain_component,PASS,,,,0.20855829377346835,0.0017404396447367064,0.00022754229245654147,0.0226022191011514,0.19318327277940953,1.0,0.9332336382828994,4,300.00000000000006,0.34443168771526983,1.0,0.3448275862068966,1.0,outputs\rectangle_registration\registered\H_reg\zro2_120_formal__sample_060.npz,outputs\rectangle_registration\registered\H_200\zro2_120_formal__sample_060.npz,False
zro2_120_formal,61,61,single,-0.7000000000025182,identity,-6.25901808183356,5.307433421827906,148.55644302597528,16.386390015358437,0.3439592458117119,False,True,3.8078865529319543,"0.25/0.75:-6.759,3.307;0.50/0.50:-6.259,5.307;0.75/0.25:-5.259,6.807",fixed-domain_component,REVIEW,weight sensitivity exceeds threshold,,,0.2543780531078886,-0.002198324729155609,-0.0005111307890704572,0.23605373949504546,0.1961297475756543,1.0,0.8934875674407694,4,300.00000000000006,0.34443168771526983,1.0,0.3448275862068966,1.0,outputs\rectangle_registration\registered\H_reg\zro2_120_formal__sample_061.npz,outputs\rectangle_registration\registered\H_200\zro2_120_formal__sample_061.npz,False
zro2_120_formal,62,62,single,-0.7000000000025182,identity,-21.542804928627515,16.676859478409984,286.5081623837439,18.58446947357561,1.3474264062086194,False,False,0.0,"0.25/0.75:-21.543,16.677;0.50/0.50:-21.543,16.677;0.75/0.25:-21.543,16.677",fixed-domain_component,PASS,,,,0.20036681767589049,-0.0003087428153262944,7.484051765308864e-05,0.04334015725536958,0.17256590365599614,1.0,0.9152665376495426,4,300.00000000000006,0.34443168771526983,1.0,0.3448275862068966,1.0,outputs\rectangle_registration\registered\H_reg\zro2_120_formal__sample_062.npz,outputs\rectangle_registration\registered\H_200\zro2_120_formal__sample_062.npz,False
zro2_120_formal,63,63,single,-0.7000000000025182,identity,-9.7840466571481,4.290079613784891,307.6660049656543,16.877486216423318,0.505222190383068,False,True,3.5355339059327378,"0.25/0.75:-9.284,6.790;0.50/0.50:-9.784,4.290;0.75/0.25:-9.784,3.290",fixed-domain_component,REVIEW,weight sensitivity exceeds threshold,,,0.23067593115271628,-0.0002493345587037595,-3.9098467031143573e-05,0.08177546169185307,0.1800765881886251,1.0,0.9434670419892095,4,300.00000000000006,0.34443168771526983,1.0,0.3448275862068966,1.0,outputs\rectangle_registration\registered\H_reg\zro2_120_formal__sample_063.npz,outputs\rectangle_registration\registered\H_200\zro2_120_formal__sample_063.npz,False
zro2_120_formal,64,64,single,-0.7000000000025182,identity,-5.280918445593031,7.510197510766673,184.76779330293908,12.55873377956154,0.653348227306433,False,True,4.301162633521313,"0.25/0.75:-2.781,9.510;0.50/0.50:-5.281,7.510;0.75/0.25:-5.281,6.010",fixed-domain_component,REVIEW,weight sensitivity exceeds threshold,,,0.20542304956181065,-0.0007762126987651247,-0.00013758788820238468,0.32325962895252086,0.15468886594100406,1.0,0.9126642036124795,4,300.00000000000006,0.34443168771526983,1.0,0.3448275862068966,1.0,outputs\rectangle_registration\registered\H_reg\zro2_120_formal__sample_064.npz,outputs\rectangle_registration\registered\H_200\zro2_120_formal__sample_064.npz,False
zro2_120_formal,65,65,single,-0.7000000000025182,identity,5.300454513790338,14.342438944807206,147.8887949542365,13.078246304734895,0.4656076454572104,False,True,3.2015621187164243,"0.25/0.75:5.300,14.342;0.50/0.50:5.300,14.342;0.75/0.25:7.300,16.842",fixed-domain_component,REVIEW,weight sensitivity exceeds threshold,,,0.3142614997512097,-0.0009063801574484887,-0.0008481924411448899,0.02263443669345402,0.1675825100362993,1.0,0.9206104855735397,4,300.00000000000006,0.34443168771526983,1.0,0.3448275862068966,1.0,outputs\rectangle_registration\registered\H_reg\zro2_120_formal__sample_065.npz,outputs\rectangle_registration\registered\H_200\zro2_120_formal__sample_065.npz,False
zro2_120_formal,66,66,single,-0.7000000000025182,identity,23.496371897364597,10.516205073989255,204.68555386156442,8.047687317918093,0.9377076154116781,False,False,1.5,"0.25/0.75:23.496,10.016;0.50/0.50:23.496,10.516;0.75/0.25:23.496,11.516",fixed-domain_component,PASS,,,,0.24278266247001426,-0.00023753532081348115,-0.00019121585987091688,0.167986382231244,0.15396659731819617,1.0,0.9226923528031903,4,300.00000000000006,0.34443168771526983,1.0,0.3448275862068966,1.0,outputs\rectangle_registration\registered\H_reg\zro2_120_formal__sample_066.npz,outputs\rectangle_registration\registered\H_200\zro2_120_formal__sample_066.npz,False
zro2_120_formal,67,67,single,-0.7000000000025182,identity,-16.08240954685926,25.057979721251172,311.6656430155202,16.901072422039604,0.3711054231726785,False,True,3.8078865529319543,"0.25/0.75:-19.582,24.558;0.50/0.50:-16.082,25.058;0.75/0.25:-16.082,26.058",fixed-domain_component,REVIEW,weight sensitivity exceeds threshold,,,0.2008533366938337,-0.0002643110092508953,0.000327150057868081,0.12430780372907493,0.15719874869198086,1.0,0.9119018296973962,4,300.00000000000006,0.34443168771526983,1.0,0.3448275862068966,1.0,outputs\rectangle_registration\registered\H_reg\zro2_120_formal__sample_067.npz,outputs\rectangle_registration\registered\H_200\zro2_120_formal__sample_067.npz,False
zro2_120_formal,68,68,single,-0.7000000000025182,identity,14.603185105141398,18.580321832149785,342.71538829278535,19.06432433617001,0.3536797015191099,False,True,3.605551275463989,"0.25/0.75:12.603,18.580;0.50/0.50:14.603,18.580;0.75/0.25:15.603,16.580",fixed-domain_component,REVIEW,weight sensitivity exceeds threshold,,,0.21667617679017306,0.00018868802990934912,0.0005111120023660858,0.197552156295794,0.14849154425972397,1.0,0.9198187895847995,4,300.00000000000006,0.34443168771526983,1.0,0.3448275862068966,1.0,outputs\rectangle_registration\registered\H_reg\zro2_120_formal__sample_068.npz,outputs\rectangle_registration\registered\H_200\zro2_120_formal__sample_068.npz,False
zro2_120_formal,69,69,single,-0.7000000000025182,identity,-6.37538392514826,22.400199545558774,22.7749750434258,6.379815419838318,0.5562220655132588,False,False,1.8027756377319946,"0.25/0.75:-7.375,22.400;0.50/0.50:-6.375,22.400;0.75/0.25:-6.375,20.900",fixed-domain_component,PASS,,,,0.1877983508926904,-0.0006989073825886306,-0.0014199968242230077,-0.1390035788066459,0.17759014592394023,1.0,0.9310857963875205,4,300.00000000000006,0.34443168771526983,1.0,0.3448275862068966,1.0,outputs\rectangle_registration\registered\H_reg\zro2_120_formal__sample_069.npz,outputs\rectangle_registration\registered\H_200\zro2_120_formal__sample_069.npz,False
zro2_120_formal,70,70,single,-0.7000000000025182,identity,-24.003296734824623,8.393776863411787,291.6243183544661,15.513496434828008,0.3153571451892024,False,True,4.47213595499958,"0.25/0.75:-26.003,11.894;0.50/0.50:-24.003,8.394;0.75/0.25:-24.003,7.894",fixed-domain_component,REVIEW,weight sensitivity exceeds threshold,,,0.24206210889427102,0.00020955445289461618,-0.0003602240961494076,0.1920759375203095,0.182554050154639,1.0,0.9226703612479474,4,300.00000000000006,0.34443168771526983,1.0,0.3448275862068966,1.0,outputs\rectangle_registration\registered\H_reg\zro2_120_formal__sample_070.npz,outputs\rectangle_registration\registered\H_200\zro2_120_formal__sample_070.npz,False
zro2_120_formal,71,71,single,-0.7000000000025182,identity,22.09692356528049,21.160016964544457,97.71789041559866,7.217258330923417,1.2255997799120508,False,False,1.4142135623730951,"0.25/0.75:22.097,21.160;0.50/0.50:22.097,21.160;0.75/0.25:23.097,20.160",fixed-domain_component,PASS,,,,0.24316903220754435,-0.00025416221610266647,-0.0004611843938194441,-0.05187925473694492,0.14813597690705493,1.0,0.9287766830870279,4,300.00000000000006,0.34443168771526983,1.0,0.3448275862068966,1.0,outputs\rectangle_registration\registered\H_reg\zro2_120_formal__sample_071.npz,outputs\rectangle_registration\registered\H_200\zro2_120_formal__sample_071.npz,False
zro2_120_formal,72,72,single,-0.7000000000025182,identity,10.034828182114154,9.752535807226693,120.5662574902387,10.433009286489435,0.196814826455748,False,True,4.716990566028302,"0.25/0.75:7.535,11.253;0.50/0.50:10.035,9.753;0.75/0.25:11.535,8.753",fixed-domain_component,REVIEW,weight sensitivity exceeds threshold,,,0.2677030906769344,-0.002296622746451376,0.0008396665560109753,-0.3126104436672172,0.2350266276299979,1.0,0.9361731761670186,4,300.00000000000006,0.34443168771526983,1.0,0.3448275862068966,1.0,outputs\rectangle_registration\registered\H_reg\zro2_120_formal__sample_072.npz,outputs\rectangle_registration\registered\H_200\zro2_120_formal__sample_072.npz,False
zro2_120_formal,73,73,single,-0.7000000000025182,identity,-22.754314388625687,4.031726837912038,98.84349996642216,10.472207395408832,0.18699951357541783,False,True,4.6097722286464435,"0.25/0.75:-20.754,5.032;0.50/0.50:-22.754,4.032;0.75/0.25:-23.754,1.532",fixed-domain_component,REVIEW,weight sensitivity exceeds threshold,,,0.24200697368573978,-0.0010886166284499736,0.0004079323453693596,0.24698767089611712,0.1932888886039824,1.0,0.9162048440065681,4,300.00000000000006,0.34443168771526983,1.0,0.3448275862068966,1.0,outputs\rectangle_registration\registered\H_reg\zro2_120_formal__sample_073.npz,outputs\rectangle_registration\registered\H_200\zro2_120_formal__sample_073.npz,False
zro2_120_formal,74,74,single,-0.7000000000025182,identity,-28.16400868851379,14.997897197225953,75.0633833985704,11.19991752910992,0.7735915548812055,False,False,2.23606797749979,"0.25/0.75:-27.164,12.998;0.50/0.50:-28.164,14.998;0.75/0.25:-28.164,14.998",fixed-domain_component,PASS,,,,0.26176168125644034,-0.0009493699698452937,-0.0003905076131901744,-0.2461930075161704,0.17303676958467404,1.0,0.9190564156697162,4,300.00000000000006,0.34443168771526983,1.0,0.3448275862068966,1.0,outputs\rectangle_registration\registered\H_reg\zro2_120_formal__sample_074.npz,outputs\rectangle_registration\registered\H_200\zro2_120_formal__sample_074.npz,False
zro2_120_formal,75,75,single,-0.7000000000025182,identity,-0.09868481162907905,21.48039378077169,7.1227548751014815,3.6466560679208735,0.34233170242112343,False,True,4.031128874149275,"0.25/0.75:-0.099,21.480;0.50/0.50:-0.099,21.480;0.75/0.25:0.401,25.480",fixed-domain_component,REVIEW,weight sensitivity exceeds threshold,,,0.19365359909457727,0.00048110793489917683,9.642379067638113e-05,0.09370412048620691,0.1509953521314902,1.0,0.9313570255688483,4,300.00000000000006,0.34443168771526983,1.0,0.3448275862068966,1.0,outputs\rectangle_registration\registered\H_reg\zro2_120_formal__sample_075.npz,outputs\rectangle_registration\registered\H_200\zro2_120_formal__sample_075.npz,False
zro2_120_formal,76,76,single,-0.7000000000025182,identity,8.04343198648074,13.644775120621984,39.52176616472615,6.672124129594589,0.2706445103651588,False,True,4.609772228646444,"0.25/0.75:5.543,13.145;0.50/0.50:8.043,13.645;0.75/0.25:9.043,16.145",fixed-domain_component,REVIEW,weight sensitivity exceeds threshold,,,0.27953487427818197,-0.0014437058007742939,-0.0001828379344544391,-0.20700219949323995,0.19405391905759353,1.0,0.948876964578935,4,300.00000000000006,0.34443168771526983,1.0,0.3448275862068966,1.0,outputs\rectangle_registration\registered\H_reg\zro2_120_formal__sample_076.npz,outputs\rectangle_registration\registered\H_200\zro2_120_formal__sample_076.npz,False
zro2_120_formal,77,77,single,-0.7000000000025182,identity,6.499490011184827,6.11705748342631,160.99730786883813,13.11868513795029,1.2121597140791125,False,False,1.5,"0.25/0.75:6.499,7.617;0.50/0.50:6.499,6.117;0.75/0.25:6.499,6.117",fixed-domain_component,PASS,,,,0.221109193483132,2.2866445494258333e-05,-0.0004925275339727631,0.20135836245683555,0.15994050546629965,1.0,0.9225677339901478,4,300.00000000000006,0.34443168771526983,1.0,0.3448275862068966,1.0,outputs\rectangle_registration\registered\H_reg\zro2_120_formal__sample_077.npz,outputs\rectangle_registration\registered\H_200\zro2_120_formal__sample_077.npz,False
zro2_120_formal,78,78,single,-0.7000000000025182,identity,-2.3315839057970678,16.537119738249945,27.854655189258143,4.7935330632782955,1.0958689386342868,False,False,1.5,"0.25/0.75:-3.832,16.537;0.50/0.50:-2.332,16.537;0.75/0.25:-2.332,16.537",fixed-domain_component,PASS,,,,0.21165405348220287,0.0004296815604102182,-0.00029620091968232155,0.264973349801426,0.16669876333960945,1.0,0.9370894909688013,4,300.00000000000006,0.34443168771526983,1.0,0.3448275862068966,1.0,outputs\rectangle_registration\registered\H_reg\zro2_120_formal__sample_078.npz,outputs\rectangle_registration\registered\H_200\zro2_120_formal__sample_078.npz,False
zro2_120_formal,79,79,single,-0.7000000000025182,identity,-11.243439031328613,17.90277465678327,39.073813170683174,6.556000028898895,1.251048586576597,False,False,1.0,"0.25/0.75:-11.243,16.903;0.50/0.50:-11.243,17.903;0.75/0.25:-11.243,17.903",fixed-domain_component,PASS,,,,0.17812647419319294,-0.0007285353872282522,-0.0002291228386212263,0.2731005502282895,0.1575053223618697,1.0,0.9400290288529205,4,300.00000000000006,0.34443168771526983,1.0,0.3448275862068966,1.0,outputs\rectangle_registration\registered\H_reg\zro2_120_formal__sample_079.npz,outputs\rectangle_registration\registered\H_200\zro2_120_formal__sample_079.npz,False
zro2_120_formal,80,80,single,-0.7000000000025182,identity,-15.390721439279808,6.812042751374435,247.43360248003427,15.791580600105947,0.8810416614147263,False,True,3.3541019662496847,"0.25/0.75:-12.891,6.812;0.50/0.50:-15.391,6.812;0.75/0.25:-15.891,5.312",fixed-domain_component,REVIEW,weight sensitivity exceeds threshold,,,0.333048498185392,0.00018835745965861128,-0.000394312139199709,-0.21425603616908795,0.16646066307573668,1.0,0.9284688013136289,4,300.00000000000006,0.34443168771526983,1.0,0.3448275862068966,1.0,outputs\rectangle_registration\registered\H_reg\zro2_120_formal__sample_080.npz,outputs\rectangle_registration\registered\H_200\zro2_120_formal__sample_080.npz,False
zro2_120_formal,81,81,single,-0.7000000000025182,identity,-16.059858026241155,19.26140800660602,262.63748966700837,17.948499047008497,0.3722600267735193,False,True,3.2015621187164243,"0.25/0.75:-16.060,17.261;0.50/0.50:-16.060,19.261;0.75/0.25:-13.560,19.261",fixed-domain_component,REVIEW,weight sensitivity exceeds threshold,,,0.24430024868424102,0.0003812739332314945,-0.0005779617031471413,0.2018922195114833,0.16464547205711666,1.0,0.9149220032840722,4,300.00000000000006,0.34443168771526983,1.0,0.3448275862068966,1.0,outputs\rectangle_registration\registered\H_reg\zro2_120_formal__sample_081.npz,outputs\rectangle_registration\registered\H_200\zro2_120_formal__sample_081.npz,False
zro2_120_formal,82,82,single,-0.7000000000025182,identity,-17.528912669751634,14.191687810180335,177.22890538487255,15.514532674846201,0.5100067966100166,False,True,3.905124837953327,"0.25/0.75:-17.529,11.692;0.50/0.50:-17.529,14.192;0.75/0.25:-20.529,14.192",fixed-domain_component,REVIEW,weight sensitivity exceeds threshold,,,0.2540534280386008,-0.0006888311954670697,5.856168785078192e-06,0.41708623559883146,0.16333593868017196,1.0,0.9035083861130659,4,300.00000000000006,0.34443168771526983,1.0,0.3448275862068966,1.0,outputs\rectangle_registration\registered\H_reg\zro2_120_formal__sample_082.npz,outputs\rectangle_registration\registered\H_200\zro2_120_formal__sample_082.npz,False
zro2_120_formal,83,83,single,-0.7000000000025182,identity,-2.2501606285405646,11.61317430306758,221.64982118378745,16.011078290474863,0.3285636446625052,False,True,4.272001872658765,"0.25/0.75:-2.750,13.613;0.50/0.50:-2.250,11.613;0.75/0.25:-1.250,9.613",fixed-domain_component,REVIEW,weight sensitivity exceeds threshold,,,0.23603719965983086,-0.0006836336955723658,-0.00018031227193635252,0.08847929962098158,0.167964098574549,1.0,0.9446619164907343,4,300.00000000000006,0.34443168771526983,1.0,0.3448275862068966,1.0,outputs\rectangle_registration\registered\H_reg\zro2_120_formal__sample_083.npz,outputs\rectangle_registration\registered\H_200\zro2_120_formal__sample_083.npz,False
zro2_120_formal,84,84,single,-0.7000000000025182,identity,-42.0,6.841294204643506,183.92473553948017,16.875783550317845,0.8800118599067304,False,False,2.5,"0.25/0.75:-42.000,7.341;0.50/0.50:-42.000,6.841;0.75/0.25:-42.000,4.841",fixed-domain_component,PASS,,,,0.19127826517962324,-0.0005497676546879838,-0.0009128032273953094,0.15142968976495275,0.19346924944177907,1.0,0.9130233990147784,4,300.00000000000006,0.34443168771526983,1.0,0.3448275862068966,1.0,outputs\rectangle_registration\registered\H_reg\zro2_120_formal__sample_084.npz,outputs\rectangle_registration\registered\H_200\zro2_120_formal__sample_084.npz,False
zro2_120_formal,85,85,single,-0.7000000000025182,identity,4.524755245377793,12.710845221120806,102.10258795983663,7.9106536416750135,0.43799553205959096,False,True,4.123105625617661,"0.25/0.75:4.525,12.711;0.50/0.50:4.525,12.711;0.75/0.25:5.525,16.711",fixed-domain_component,REVIEW,weight sensitivity exceeds threshold,,,0.21498119246922107,-0.000268704779838199,-0.00040498408285272246,-0.05904732802880067,0.16040112894082353,1.0,0.9115646258503401,4,300.00000000000006,0.34443168771526983,1.0,0.3448275862068966,1.0,outputs\rectangle_registration\registered\H_reg\zro2_120_formal__sample_085.npz,outputs\rectangle_registration\registered\H_200\zro2_120_formal__sample_085.npz,False
zro2_120_formal,86,86,single,-0.7000000000025182,identity,6.67347611454101,9.224035538897557,27.06223556967186,4.24550360292902,0.46094874194571855,False,True,3.8078865529319543,"0.25/0.75:6.673,11.224;0.50/0.50:6.673,9.224;0.75/0.25:8.173,7.724",fixed-domain_component,REVIEW,weight sensitivity exceeds threshold,,,0.21841137028736948,0.00037606164814989786,-1.729328008641482e-05,0.09980380432703256,0.17290611682121876,1.0,0.9250747712878254,4,300.00000000000006,0.34443168771526983,1.0,0.3448275862068966,1.0,outputs\rectangle_registration\registered\H_reg\zro2_120_formal__sample_086.npz,outputs\rectangle_registration\registered\H_200\zro2_120_formal__sample_086.npz,False
zro2_120_formal,87,87,single,-0.7000000000025182,identity,-17.321337117023283,-1.084794615066862,168.71722455028134,12.377274488536692,1.1234537003558542,False,False,1.0,"0.25/0.75:-16.321,-1.085;0.50/0.50:-17.321,-1.085;0.75/0.25:-17.321,-1.085",fixed-domain_component,PASS,,,,0.2217853015581838,-0.0002243130031311539,0.0006968191183684665,0.24430585414028858,0.19003768895231307,1.0,0.9242464227070138,4,300.00000000000006,0.34443168771526983,1.0,0.3448275862068966,1.0,outputs\rectangle_registration\registered\H_reg\zro2_120_formal__sample_087.npz,outputs\rectangle_registration\registered\H_200\zro2_120_formal__sample_087.npz,False
zro2_120_formal,88,88,single,-0.7000000000025182,identity,-13.500802589791128,13.145972204872441,95.13593234024917,7.710865259027885,0.3424837377754558,False,True,5.656854249492381,"0.25/0.75:-11.501,11.646;0.50/0.50:-13.501,13.146;0.75/0.25:-15.501,15.646",fixed-domain_component,REVIEW,weight sensitivity exceeds threshold,,,0.23011837408589175,0.00037235104764093263,0.0001159034778670453,0.01933665185226516,0.1774642140379506,1.0,0.9229049378372038,4,300.00000000000006,0.34443168771526983,1.0,0.3448275862068966,1.0,outputs\rectangle_registration\registered\H_reg\zro2_120_formal__sample_088.npz,outputs\rectangle_registration\registered\H_200\zro2_120_formal__sample_088.npz,False
zro2_120_formal,89,89,single,-0.7000000000025182,identity,-33.01465598660023,2.1546759980866934,179.9981998674423,15.207038217578088,1.1225578232375402,False,False,1.4142135623730951,"0.25/0.75:-32.015,1.155;0.50/0.50:-33.015,2.155;0.75/0.25:-33.015,2.155",fixed-domain_component,PASS,,,,0.25183599022676323,0.00029273013469461917,0.00033873605318809137,0.08688096649514311,0.2038306162906001,1.0,0.9491775158339197,4,300.00000000000006,0.34443168771526983,1.0,0.3448275862068966,1.0,outputs\rectangle_registration\registered\H_reg\zro2_120_formal__sample_089.npz,outputs\rectangle_registration\registered\H_200\zro2_120_formal__sample_089.npz,False
zro2_120_formal,90,90,single,-0.7000000000025182,identity,-19.667554958222173,-11.883700936692172,199.98100523218184,16.209285705867607,1.3934871024024367,False,False,0.0,"0.25/0.75:-19.668,-11.884;0.50/0.50:-19.668,-11.884;0.75/0.25:-19.668,-11.884",fixed-domain_component,PASS,,,,0.25751693600451836,-7.277485287156674e-05,-0.0006492400551434355,0.15170858181030009,0.17243575581662152,1.0,0.9081705958245367,4,300.00000000000006,0.34443168771526983,1.0,0.3448275862068966,1.0,outputs\rectangle_registration\registered\H_reg\zro2_120_formal__sample_090.npz,outputs\rectangle_registration\registered\H_200\zro2_120_formal__sample_090.npz,False
zro2_120_formal,91,91,single,-0.7000000000025182,identity,-24.3365360356703,-3.249892781795758,228.80049516086262,15.945160353119471,0.615111921507002,False,False,1.5,"0.25/0.75:-24.337,-4.250;0.50/0.50:-24.337,-3.250;0.75/0.25:-24.337,-2.750",fixed-domain_component,PASS,,,,0.314331021392232,9.539318256931398e-05,-0.00048697763116471726,0.34707190694461476,0.20411792934782044,1.0,0.9568598991320666,4,300.00000000000006,0.34443168771526983,1.0,0.3448275862068966,1.0,outputs\rectangle_registration\registered\H_reg\zro2_120_formal__sample_091.npz,outputs\rectangle_registration\registered\H_200\zro2_120_formal__sample_091.npz,False
zro2_120_formal,92,92,single,-0.7000000000025182,identity,-9.800010081546223,11.586374249753225,108.3725258436478,9.70526476464633,0.512445528312945,False,False,2.23606797749979,"0.25/0.75:-9.800,10.586;0.50/0.50:-9.800,11.586;0.75/0.25:-10.800,12.586",fixed-domain_component,PASS,,,,0.21024163226311127,-0.0010024780854653217,-0.00030163010663861525,0.22910013916528713,0.17856122440471922,1.0,0.940153647665963,4,300.00000000000006,0.34443168771526983,1.0,0.3448275862068966,1.0,outputs\rectangle_registration\registered\H_reg\zro2_120_formal__sample_092.npz,outputs\rectangle_registration\registered\H_200\zro2_120_formal__sample_092.npz,False
zro2_120_formal,93,93,single,-0.7000000000025182,identity,-31.714629479189128,12.656665205211569,186.96735786676473,14.680476137067911,0.7860666264723846,False,False,2.0,"0.25/0.75:-29.715,12.657;0.50/0.50:-31.715,12.657;0.75/0.25:-31.715,12.657",fixed-domain_component,PASS,,,,0.22884124539786266,0.00022508698524284515,2.184430525747731e-05,0.0964342038974692,0.17943606325815073,1.0,0.9460620455078583,4,300.00000000000006,0.34443168771526983,1.0,0.3448275862068966,1.0,outputs\rectangle_registration\registered\H_reg\zro2_120_formal__sample_093.npz,outputs\rectangle_registration\registered\H_200\zro2_120_formal__sample_093.npz,False
zro2_120_formal,94,94,single,-0.7000000000025182,identity,-20.522522623677766,-6.538728571881741,227.75946686833615,15.485009587879604,1.0344514016836932,False,False,2.0,"0.25/0.75:-22.523,-6.539;0.50/0.50:-20.523,-6.539;0.75/0.25:-20.523,-6.539",fixed-domain_component,PASS,,,,0.1941036193818045,-0.0002647988431546863,-0.0002163674663964157,0.14624888375157816,0.17838935074535092,1.0,0.9545947689420596,4,300.00000000000006,0.34443168771526983,1.0,0.3448275862068966,1.0,outputs\rectangle_registration\registered\H_reg\zro2_120_formal__sample_094.npz,outputs\rectangle_registration\registered\H_200\zro2_120_formal__sample_094.npz,False
zro2_120_formal,95,95,single,-0.7000000000025182,identity,-45.5,2.024338622671724,136.0297859031155,14.63286910986233,1.4172025445225493,False,False,2.5,"0.25/0.75:-43.000,2.024;0.50/0.50:-45.500,2.024;0.75/0.25:-45.500,2.024",fixed-domain_component,PASS,,,,0.2575338259943329,0.001716280151237027,0.0006822792502766484,0.1417530997297289,0.18271211313160715,1.0,0.9444639924935492,4,300.00000000000006,0.34443168771526983,1.0,0.3448275862068966,1.0,outputs\rectangle_registration\registered\H_reg\zro2_120_formal__sample_095.npz,outputs\rectangle_registration\registered\H_200\zro2_120_formal__sample_095.npz,False
zro2_120_formal,96,96,single,-0.7000000000025182,identity,-1.5142388697060287,3.1398983641869567,100.20103034348547,13.461965546264782,0.6432325970700475,False,False,1.4142135623730951,"0.25/0.75:-1.514,2.640;0.50/0.50:-1.514,3.140;0.75/0.25:-0.514,3.640",fixed-domain_component,PASS,,,,0.2620964878130313,0.0012493224207816408,0.0018136892852664058,0.254504349931572,0.2442665974644908,1.0,0.8236203964344359,4,300.00000000000006,0.34443168771526983,1.0,0.3448275862068966,1.0,outputs\rectangle_registration\registered\H_reg\zro2_120_formal__sample_096.npz,outputs\rectangle_registration\registered\H_200\zro2_120_formal__sample_096.npz,False
zro2_120_formal,97,97,single,-0.7000000000025182,identity,-13.664702323386209,26.621838403272804,170.55381190000273,12.841593153617792,1.0406678075537636,False,False,2.5,"0.25/0.75:-13.665,24.122;0.50/0.50:-13.665,26.622;0.75/0.25:-13.665,26.622",fixed-domain_component,PASS,,,,0.23120654799354323,3.281115941510367e-05,-0.00037270004180533015,0.07880516716718762,0.1541822670481007,1.0,0.9285421064977715,4,300.00000000000006,0.34443168771526983,1.0,0.3448275862068966,1.0,outputs\rectangle_registration\registered\H_reg\zro2_120_formal__sample_097.npz,outputs\rectangle_registration\registered\H_200\zro2_120_formal__sample_097.npz,False
zro2_120_formal,98,98,single,-0.7000000000025182,identity,-41.536977104226565,25.600446108273474,38.257555560534534,6.237570108448207,0.5141580111976101,False,True,3.905124837953327,"0.25/0.75:-38.537,26.100;0.50/0.50:-41.537,25.600;0.75/0.25:-41.537,23.600",fixed-domain_component,REVIEW,weight sensitivity exceeds threshold,,,0.22273778458450316,-0.0010438455091698199,-0.00037516364455769625,0.3383242432694368,0.18833472122284728,1.0,0.920925697865353,4,300.00000000000006,0.34443168771526983,1.0,0.3448275862068966,1.0,outputs\rectangle_registration\registered\H_reg\zro2_120_formal__sample_098.npz,outputs\rectangle_registration\registered\H_200\zro2_120_formal__sample_098.npz,False
zro2_120_formal,99,99,single,-0.7000000000025182,identity,-18.904682249214105,-3.160769853656305,6.240594324672218,3.4431380656035073,0.7212402311884265,False,False,2.0615528128088303,"0.25/0.75:-19.405,-5.161;0.50/0.50:-18.905,-3.161;0.75/0.25:-18.905,-3.161",fixed-domain_component,PASS,,,,0.2737394362492314,5.5352909128076147e-05,-2.9974898555956524e-05,0.14323702329103521,0.18731062799791803,1.0,0.9551518883415435,4,300.00000000000006,0.34443168771526983,1.0,0.3448275862068966,1.0,outputs\rectangle_registration\registered\H_reg\zro2_120_formal__sample_099.npz,outputs\rectangle_registration\registered\H_200\zro2_120_formal__sample_099.npz,False
zro2_120_formal,100,100,single,-0.7000000000025182,identity,-8.0,-14.0,1.2161180938736058,1.8641527174732364,1.592632068623888,False,False,0.0,"0.25/0.75:-8.000,-14.000;0.50/0.50:-8.000,-14.000;0.75/0.25:-8.000,-14.000",domain_midpoint_fallback,REVIEW,segmentation initializer unavailable,,,0.26693881059869184,0.0017334235971697158,-2.4305764005984852e-05,0.13286246185723274,0.17928936882401747,1.0,0.9460767065446868,4,300.00000000000006,0.34443168771526983,1.0,0.3448275862068966,1.0,outputs\rectangle_registration\registered\H_reg\zro2_120_formal__sample_100.npz,outputs\rectangle_registration\registered\H_200\zro2_120_formal__sample_100.npz,False
zro2_120_formal,101,101,single,-0.7000000000025182,identity,-8.486631500729942,-14.032306727138895,17.33607700036535,6.699234088977752,0.7645130108484037,False,True,3.605551275463989,"0.25/0.75:-8.487,-12.032;0.50/0.50:-8.487,-14.032;0.75/0.25:-5.487,-14.032",fixed-domain_component,REVIEW,weight sensitivity exceeds threshold,,,0.22252996772748626,-0.001051114864152668,-0.00044486203868615874,0.18143260720162088,0.1798844069138357,1.0,0.9157943349753694,4,300.00000000000006,0.34443168771526983,1.0,0.3448275862068966,1.0,outputs\rectangle_registration\registered\H_reg\zro2_120_formal__sample_101.npz,outputs\rectangle_registration\registered\H_200\zro2_120_formal__sample_101.npz,False
zro2_120_formal,102,102,single,-0.7000000000025182,identity,-9.648507667091586,18.2051186842755,6.944319684881549,3.263839605602085,0.5088265738887919,False,True,3.1622776601683795,"0.25/0.75:-8.649,17.205;0.50/0.50:-9.649,18.205;0.75/0.25:-9.649,20.205",fixed-domain_component,REVIEW,weight sensitivity exceeds threshold,,,0.25574280637337193,6.305127569347909e-05,-0.0005698002028106963,0.0956736127820976,0.1691366226058368,1.0,0.8626040933614825,4,300.00000000000006,0.34443168771526983,1.0,0.3448275862068966,1.0,outputs\rectangle_registration\registered\H_reg\zro2_120_formal__sample_102.npz,outputs\rectangle_registration\registered\H_200\zro2_120_formal__sample_102.npz,False
zro2_120_formal,103,103,single,-0.7000000000025182,identity,17.8451053060311,9.066312590559068,12.96960979149326,6.836311906314707,0.6025304740018171,False,False,2.23606797749979,"0.25/0.75:16.845,9.066;0.50/0.50:17.845,9.066;0.75/0.25:18.845,8.066",fixed-domain_component,PASS,,,,0.20199954110557233,-0.00047735145859033985,0.0004884460751729811,0.06411921987175698,0.1598158962040939,1.0,0.838244780670889,4,300.00000000000006,0.34443168771526983,1.0,0.3448275862068966,1.0,outputs\rectangle_registration\registered\H_reg\zro2_120_formal__sample_103.npz,outputs\rectangle_registration\registered\H_200\zro2_120_formal__sample_103.npz,False
zro2_120_formal,104,104,single,-0.7000000000025182,identity,17.341909457632234,18.467064132983797,169.36817951063477,15.726965934833215,0.664332431969876,False,False,2.23606797749979,"0.25/0.75:16.842,17.467;0.50/0.50:17.342,18.467;0.75/0.25:17.842,19.467",fixed-domain_component,PASS,,,,0.20606489789471497,-0.0009529065337953516,-8.822309149258273e-05,0.2341856392969453,0.16167366130824495,1.0,0.9201779849870982,4,300.00000000000006,0.34443168771526983,1.0,0.3448275862068966,1.0,outputs\rectangle_registration\registered\H_reg\zro2_120_formal__sample_104.npz,outputs\rectangle_registration\registered\H_200\zro2_120_formal__sample_104.npz,False
zro2_120_formal,105,105,single,-0.7000000000025182,identity,24.188250995817913,9.071793987183721,234.27568173951377,17.21395871597328,0.5921623035886153,False,True,3.1622776601683795,"0.25/0.75:24.188,9.072;0.50/0.50:24.188,9.072;0.75/0.25:25.188,6.072",fixed-domain_component,REVIEW,weight sensitivity exceeds threshold,,,0.22109731754854575,0.0005452988601193293,0.00012132643284826043,0.09867432679173081,0.16101209664846633,1.0,0.9332043162092423,4,300.00000000000006,0.34443168771526983,1.0,0.3448275862068966,1.0,outputs\rectangle_registration\registered\H_reg\zro2_120_formal__sample_105.npz,outputs\rectangle_registration\registered\H_200\zro2_120_formal__sample_105.npz,False
zro2_120_formal,106,106,single,-0.7000000000025182,identity,-5.324273725926137,-7.747186381931048,68.29237661889526,5.495495095622007,1.6441074166425136,False,False,0.0,"0.25/0.75:-5.324,-7.747;0.50/0.50:-5.324,-7.747;0.75/0.25:-5.324,-7.747",fixed-domain_component,PASS,,,,0.19979401897904353,-0.00026964620394217127,-7.667909656749387e-05,0.09708082178327412,0.16818198870988507,1.0,0.9111614473375557,4,300.00000000000006,0.34443168771526983,1.0,0.3448275862068966,1.0,outputs\rectangle_registration\registered\H_reg\zro2_120_formal__sample_106.npz,outputs\rectangle_registration\registered\H_200\zro2_120_formal__sample_106.npz,False
zro2_120_formal,107,107,single,-0.7000000000025182,identity,19.567222617628314,11.646034515705528,25.844603908466006,4.717655635287565,0.703831919385045,False,False,0.5,"0.25/0.75:19.567,11.146;0.50/0.50:19.567,11.646;0.75/0.25:19.567,11.646",fixed-domain_component,PASS,,,,0.2354338863960754,-0.00010631186530769716,-0.0005886544772966767,0.16906108299938719,0.15556127793860927,1.0,0.927464520290875,4,300.00000000000006,0.34443168771526983,1.0,0.3448275862068966,1.0,outputs\rectangle_registration\registered\H_reg\zro2_120_formal__sample_107.npz,outputs\rectangle_registration\registered\H_200\zro2_120_formal__sample_107.npz,False
zro2_120_formal,108,108,single,-0.7000000000025182,identity,9.348033599028415,4.787600049824933,84.15134703983355,9.15552007552207,0.7392640156884698,False,False,1.5,"0.25/0.75:9.348,3.788;0.50/0.50:9.348,4.788;0.75/0.25:9.348,5.288",fixed-domain_component,PASS,,,,0.23359711904933728,0.0006076232717294984,6.582254983824551e-05,0.007382631514939576,0.16988475513425594,1.0,0.8967056650246306,4,300.00000000000006,0.34443168771526983,1.0,0.3448275862068966,1.0,outputs\rectangle_registration\registered\H_reg\zro2_120_formal__sample_108.npz,outputs\rectangle_registration\registered\H_200\zro2_120_formal__sample_108.npz,False
zro2_120_formal,109,109,single,-0.7000000000025182,identity,-34.025471427551665,-4.426417433814898,11.411441433860764,4.366723674273652,0.16230064591346258,False,True,4.031128874149275,"0.25/0.75:-33.525,-6.426;0.50/0.50:-34.025,-4.426;0.75/0.25:-33.025,-2.426",fixed-domain_component,REVIEW,weight sensitivity exceeds threshold,,,0.18789529502392824,-0.0007442142194668249,5.26276941093559e-05,0.11107642566578925,0.1640018466616045,1.0,0.9225897255453905,4,300.00000000000006,0.34443168771526983,1.0,0.3448275862068966,1.0,outputs\rectangle_registration\registered\H_reg\zro2_120_formal__sample_109.npz,outputs\rectangle_registration\registered\H_200\zro2_120_formal__sample_109.npz,False
zro2_120_formal,110,110,single,-0.7000000000025182,identity,-8.694470745826251,-8.00140259485373,212.08423929673177,15.917817084695384,0.5029615214167079,False,True,3.905124837953327,"0.25/0.75:-11.194,-9.001;0.50/0.50:-8.694,-8.001;0.75/0.25:-8.694,-6.001",fixed-domain_component,REVIEW,weight sensitivity exceeds threshold,,,0.19651032139406896,-0.00010592573842379942,-2.2645381538789777e-05,0.0811176389887657,0.17384475624702092,1.0,0.9237406169364297,4,300.00000000000006,0.34443168771526983,1.0,0.3448275862068966,1.0,outputs\rectangle_registration\registered\H_reg\zro2_120_formal__sample_110.npz,outputs\rectangle_registration\registered\H_200\zro2_120_formal__sample_110.npz,False
zro2_120_formal,111,111,single,-0.7000000000025182,identity,-5.856431373935466,7.84040080181909,184.9478334060492,14.657313685811896,0.9735752697757861,False,False,1.4142135623730951,"0.25/0.75:-5.856,7.340;0.50/0.50:-5.856,7.840;0.75/0.25:-6.856,8.340",fixed-domain_component,PASS,,,,0.2150505488878077,-0.00039212153094242457,-0.00043202422537853965,0.08421214440342241,0.17239106252452077,1.0,0.9231101923528032,4,300.00000000000006,0.34443168771526983,1.0,0.3448275862068966,1.0,outputs\rectangle_registration\registered\H_reg\zro2_120_formal__sample_111.npz,outputs\rectangle_registration\registered\H_200\zro2_120_formal__sample_111.npz,False
zro2_120_formal,112,112,single,-0.7000000000025182,identity,-24.02106284484931,23.989480226114885,99.73774841653307,10.41384878109853,1.327449809876287,False,False,1.0,"0.25/0.75:-24.021,22.989;0.50/0.50:-24.021,23.989;0.75/0.25:-24.021,23.989",fixed-domain_component,PASS,,,,0.1991207631831202,0.0002343002840388412,-0.00039898358914561803,0.2596153043459077,0.16601083230640162,1.0,0.9314303307529909,4,300.00000000000006,0.34443168771526983,1.0,0.3448275862068966,1.0,outputs\rectangle_registration\registered\H_reg\zro2_120_formal__sample_112.npz,outputs\rectangle_registration\registered\H_200\zro2_120_formal__sample_112.npz,False
zro2_120_formal,113,113,single,-0.7000000000025182,identity,-6.95190911345405,5.456026913671754,184.7137539817849,15.330507415685044,0.9998631517908342,False,False,1.5,"0.25/0.75:-6.952,5.456;0.50/0.50:-6.952,5.456;0.75/0.25:-6.952,6.956",fixed-domain_component,PASS,,,,0.21154529039649342,-0.0008868185205028171,6.092580320913861e-05,0.05222218795856039,0.1658166212904023,1.0,0.9334388927984987,4,300.00000000000006,0.34443168771526983,1.0,0.3448275862068966,1.0,outputs\rectangle_registration\registered\H_reg\zro2_120_formal__sample_113.npz,outputs\rectangle_registration\registered\H_200\zro2_120_formal__sample_113.npz,False
zro2_120_formal,114,114,single,-0.7000000000025182,identity,17.403628488414057,15.045157053969012,255.0600466999659,17.215651139390857,0.4562140621410472,False,True,3.5,"0.25/0.75:16.404,15.045;0.50/0.50:17.404,15.045;0.75/0.25:19.904,15.045",fixed-domain_component,REVIEW,weight sensitivity exceeds threshold,,,0.23286483868419924,0.00022491810181278434,-0.0004930970690218009,0.18856562259997026,0.13930361931327423,1.0,0.8596572249589491,4,300.00000000000006,0.34443168771526983,1.0,0.3448275862068966,1.0,outputs\rectangle_registration\registered\H_reg\zro2_120_formal__sample_114.npz,outputs\rectangle_registration\registered\H_200\zro2_120_formal__sample_114.npz,False
zro2_120_formal,115,115,single,-0.7000000000025182,identity,-45.5,-5.678656976627005,238.23094248552272,14.886557910881576,0.8087639839860743,False,True,4.123105625617661,"0.25/0.75:-44.500,-1.679;0.50/0.50:-45.500,-5.679;0.75/0.25:-45.500,-5.679",fixed-domain_component,REVIEW,weight sensitivity exceeds threshold,,,0.1784790847593706,-0.00014194902308727473,-0.000255801365342756,0.15643815718740037,0.17700293920018112,1.0,0.9325958831808585,4,300.00000000000006,0.34443168771526983,1.0,0.3448275862068966,1.0,outputs\rectangle_registration\registered\H_reg\zro2_120_formal__sample_115.npz,outputs\rectangle_registration\registered\H_200\zro2_120_formal__sample_115.npz,False
zro2_120_formal,116,116,single,-0.7000000000025182,identity,-17.867054399519844,-4.857210365546786,198.1377044841709,14.34902935960083,0.9958188715313676,False,True,3.605551275463989,"0.25/0.75:-20.867,-4.857;0.50/0.50:-17.867,-4.857;0.75/0.25:-17.867,-6.857",fixed-domain_component,REVIEW,weight sensitivity exceeds threshold,,,0.22791468118710398,0.000675920273576873,-0.0003102936139904141,0.009591324435976484,0.17759644537974473,1.0,0.9147314098053014,4,300.00000000000006,0.34443168771526983,1.0,0.3448275862068966,1.0,outputs\rectangle_registration\registered\H_reg\zro2_120_formal__sample_116.npz,outputs\rectangle_registration\registered\H_200\zro2_120_formal__sample_116.npz,False
zro2_120_formal,117,117,single,-0.7000000000025182,identity,20.44240925554178,20.45592660211051,17.14314645909625,4.411071486259889,0.6131397744433864,False,True,4.0,"0.25/0.75:19.442,19.456;0.50/0.50:20.442,20.456;0.75/0.25:19.442,23.456",fixed-domain_component,REVIEW,weight sensitivity exceeds threshold,,,0.23037901927437357,-0.00036150141357995736,0.0006291755543440655,-0.06846373826153321,0.2012225430453418,1.0,0.9534365470326062,4,300.00000000000006,0.34443168771526983,1.0,0.3448275862068966,1.0,outputs\rectangle_registration\registered\H_reg\zro2_120_formal__sample_117.npz,outputs\rectangle_registration\registered\H_200\zro2_120_formal__sample_117.npz,False
zro2_120_formal,118,118,single,-0.7000000000025182,identity,3.0121103366029818,-34.0,31.74787048976839,3.5517566720756757,3.519581121524689,False,False,0.5,"0.25/0.75:3.012,-34.000;0.50/0.50:3.012,-34.000;0.75/0.25:2.512,-34.000",fixed-domain_component,PASS,,,,0.20326697255830325,0.00026144201159772974,0.00028195225739348416,0.038048636997155674,0.17598301174266204,1.0,0.8779981820314333,4,300.00000000000006,0.34443168771526983,1.0,0.3448275862068966,1.0,outputs\rectangle_registration\registered\H_reg\zro2_120_formal__sample_118.npz,outputs\rectangle_registration\registered\H_200\zro2_120_formal__sample_118.npz,False
zro2_120_formal,119,119,single,-0.7000000000025182,identity,17.975733397374235,-6.004903682299545,193.62176485209105,16.128468186130895,0.7723944284313211,False,True,3.1622776601683795,"0.25/0.75:14.976,-7.005;0.50/0.50:17.976,-6.005;0.75/0.25:16.476,-5.005",fixed-domain_component,REVIEW,weight sensitivity exceeds threshold,,,0.21512873074586542,-0.0005498956179250235,-0.0003286114999409489,0.016726285175378865,0.2072484956255129,1.0,0.96383122214403,4,300.00000000000006,0.34443168771526983,1.0,0.3448275862068966,1.0,outputs\rectangle_registration\registered\H_reg\zro2_120_formal__sample_119.npz,outputs\rectangle_registration\registered\H_200\zro2_120_formal__sample_119.npz,False
zro2_120_formal,120,120,single,-0.7000000000025182,identity,-22.116425377353323,-12.767595639544663,219.8879871895519,14.474760219049324,0.4461943050104008,False,True,3.5355339059327378,"0.25/0.75:-21.116,-12.768;0.50/0.50:-22.116,-12.768;0.75/0.25:-23.616,-15.268",fixed-domain_component,REVIEW,weight sensitivity exceeds threshold,,,0.2307341881914067,0.00026169732766337026,0.0005048945476388046,0.17303816171923278,0.19907587388386108,1.0,0.9294804128547971,4,300.00000000000006,0.34443168771526983,1.0,0.3448275862068966,1.0,outputs\rectangle_registration\registered\H_reg\zro2_120_formal__sample_120.npz,outputs\rectangle_registration\registered\H_200\zro2_120_formal__sample_120.npz,False
zro2_60_pass,1,1,slot_1,-0.4500000000025324,identity,-184.2775945412599,4.840256938499937,8.35923884663072,1.9429785171804557,0.31667097803131616,False,True,4.123105625617661,"0.25/0.75:-184.278,5.840;0.50/0.50:-184.278,4.840;0.75/0.25:-180.278,4.840",fixed-domain_component,REVIEW,weight sensitivity exceeds threshold,402.77233893099776,False,0.45115219593572264,0.0030486223533202055,0.0003372917414825125,0.3842015491793971,0.32027930168098584,1.0,0.9403365968427444,4,264.59111653698636,0.3445196829908677,1.0,0.3448275862068966,1.0,outputs\rectangle_registration\registered\H_reg\zro2_60_pass__sample_001.npz,outputs\rectangle_registration\registered\H_200\zro2_60_pass__sample_001.npz,False
zro2_60_pass,1,2,slot_2,-0.4500000000025324,identity,218.49474438973783,-0.9514798812030634,137.42765867593593,4.5924457006492245,1.1897815672516638,False,False,2.5495097567963922,"0.25/0.75:218.495,1.049;0.50/0.50:218.495,-0.951;0.75/0.25:218.995,-1.451",fixed-domain_component,PASS,,402.77233893099776,False,0.45115219593572264,-0.0007558082917866225,-0.0008367957845970145,0.2823270513906831,0.22358021257537866,1.0,0.9605058439587129,4,264.59111653698636,0.3445196829908677,1.0,0.3448275862068966,1.0,outputs\rectangle_registration\registered\H_reg\zro2_60_pass__sample_002.npz,outputs\rectangle_registration\registered\H_200\zro2_60_pass__sample_002.npz,False
zro2_60_pass,2,3,slot_1,-0.4500000000025324,identity,-188.96907899987147,0.8813271960502789,82.7468627515738,7.9702672293884875,0.23996258082943533,False,True,4.031128874149275,"0.25/0.75:-189.469,-0.119;0.50/0.50:-188.969,0.881;0.75/0.25:-187.469,3.381",fixed-domain_component,REVIEW,weight sensitivity exceeds threshold,397.5274740486984,False,0.417975654580326,0.0030489526663518064,0.0021747939091965856,0.37925140530908186,0.31855236644721396,1.0,0.951872723132969,4,264.59111653698636,0.3445196829908677,1.0,0.3448275862068966,1.0,outputs\rectangle_registration\registered\H_reg\zro2_60_pass__sample_003.npz,outputs\rectangle_registration\registered\H_200\zro2_60_pass__sample_003.npz,False
zro2_60_pass,2,4,slot_2,-0.4500000000025324,identity,208.55839504882698,-4.023324262469963,144.0823002421755,8.550702824908756,0.5192506631412475,False,True,3.5355339059327378,"0.25/0.75:210.558,-4.023;0.50/0.50:208.558,-4.023;0.75/0.25:207.058,-4.523",fixed-domain_component,REVIEW,weight sensitivity exceeds threshold,397.5274740486984,False,0.417975654580326,-0.0017134405546710859,-0.00037014492396538444,0.3844083349787406,0.27458888679029,1.0,0.916353597449909,4,264.59111653698636,0.3445196829908677,1.0,0.3448275862068966,1.0,outputs\rectangle_registration\registered\H_reg\zro2_60_pass__sample_004.npz,outputs\rectangle_registration\registered\H_200\zro2_60_pass__sample_004.npz,False
zro2_60_pass,3,5,slot_1,-0.4500000000025324,identity,-196.88397198422265,18.62932782185001,71.42028794619327,7.846490248973509,0.8152413813279971,False,False,2.692582403567252,"0.25/0.75:-197.384,17.629;0.50/0.50:-196.884,18.629;0.75/0.25:-194.884,18.629",fixed-domain_component,PASS,,403.72030864956946,False,0.6076265225188313,-0.001726241698503257,-0.003279075659160359,-0.044527336036720454,0.3316522937666737,1.0,0.9506394201578627,4,264.59111653698636,0.3445196829908677,1.0,0.3448275862068966,1.0,outputs\rectangle_registration\registered\H_reg\zro2_60_pass__sample_005.npz,outputs\rectangle_registration\registered\H_200\zro2_60_pass__sample_005.npz,False
zro2_60_pass,3,6,slot_2,-0.4500000000025324,identity,206.83633666534683,15.339081006050925,54.26011118397587,5.603216326612591,1.2078965264872514,False,False,3.0,"0.25/0.75:206.836,15.339;0.50/0.50:206.836,15.339;0.75/0.25:209.836,15.339",fixed-domain_component,PASS,,403.72030864956946,False,0.6076265225188313,-0.003438550252401838,0.0010806207014948943,-1.2267030657342053,0.4493135863603471,1.0,0.9229849726775956,4,264.59111653698636,0.3445196829908677,1.0,0.3448275862068966,1.0,outputs\rectangle_registration\registered\H_reg\zro2_60_pass__sample_006.npz,outputs\rectangle_registration\registered\H_200\zro2_60_pass__sample_006.npz,False
zro2_60_pass,4,7,slot_1,-0.4500000000025324,identity,-202.206155162028,15.65884858455391,68.67883306102176,6.911350813348002,0.8925276122813024,False,False,1.0,"0.25/0.75:-202.206,14.659;0.50/0.50:-202.206,15.659;0.75/0.25:-202.206,15.659",fixed-domain_component,PASS,,412.5663146546251,False,0.6249142666981977,0.0018408988925363477,0.0016481458010334377,-0.7482676910128269,0.39115215017317345,1.0,0.9588171675774135,4,264.59111653698636,0.3445196829908677,1.0,0.3448275862068966,1.0,outputs\rectangle_registration\registered\H_reg\zro2_60_pass__sample_007.npz,outputs\rectangle_registration\registered\H_200\zro2_60_pass__sample_007.npz,False
zro2_60_pass,4,8,slot_2,-0.4500000000025324,identity,210.36015949259712,16.65006364195132,37.42806273336952,2.649834545579762,1.2629291478704343,False,False,1.0,"0.25/0.75:210.360,16.150;0.50/0.50:210.360,16.650;0.75/0.25:210.360,17.150",fixed-domain_component,PASS,,412.5663146546251,False,0.6249142666981977,0.0015394847446578957,0.0033230766079542654,0.0377763879812279,0.20357517734218963,1.0,0.9312670765027322,4,264.59111653698636,0.3445196829908677,1.0,0.3448275862068966,1.0,outputs\rectangle_registration\registered\H_reg\zro2_60_pass__sample_008.npz,outputs\rectangle_registration\registered\H_200\zro2_60_pass__sample_008.npz,False
zro2_60_pass,5,9,slot_1,-0.4500000000025324,identity,-191.30805200421636,14.183702374560845,47.270368741007,4.940621339406471,0.40454627679083954,False,True,5.0,"0.25/0.75:-195.308,14.184;0.50/0.50:-191.308,14.184;0.75/0.25:-191.308,11.184",fixed-domain_component,REVIEW,weight sensitivity exceeds threshold,388.3683279829138,False,0.776245029986886,0.0010190395710755135,0.004549793124225965,0.08095781160139631,0.3930528789230829,1.0,0.9522996357012751,4,264.59111653698636,0.3445196829908677,1.0,0.3448275862068966,1.0,outputs\rectangle_registration\registered\H_reg\zro2_60_pass__sample_009.npz,outputs\rectangle_registration\registered\H_200\zro2_60_pass__sample_009.npz,False
zro2_60_pass,5,10,slot_2,-0.4500000000025324,identity,197.06027597869746,12.107015365645275,11.88726276627299,2.7174636080573094,1.2787191130013824,False,False,1.0,"0.25/0.75:197.060,13.107;0.50/0.50:197.060,12.107;0.75/0.25:197.060,12.107",fixed-domain_component,PASS,,388.3683279829138,False,0.776245029986886,-0.0003787093368608275,-0.0031314620598885765,0.34333732424049135,0.22861536282558254,1.0,0.9193799332119005,4,264.59111653698636,0.3445196829908677,1.0,0.3448275862068966,1.0,outputs\rectangle_registration\registered\H_reg\zro2_60_pass__sample_010.npz,outputs\rectangle_registration\registered\H_200\zro2_60_pass__sample_010.npz,False
zro2_60_pass,6,11,slot_1,-0.4500000000025324,identity,-204.81828597231464,26.358521725681705,77.90730590988225,7.272781944399314,0.8264051853059416,False,False,2.0,"0.25/0.75:-204.818,26.359;0.50/0.50:-204.818,26.359;0.75/0.25:-202.818,26.359",fixed-domain_component,PASS,,394.03445857063093,False,0.4050131318267661,0.002740552582434516,0.0002694324809244513,0.25024447861936844,0.3559740547572648,1.0,0.9345969945355191,4,264.59111653698636,0.3445196829908677,1.0,0.3448275862068966,1.0,outputs\rectangle_registration\registered\H_reg\zro2_60_pass__sample_011.npz,outputs\rectangle_registration\registered\H_200\zro2_60_pass__sample_011.npz,False
zro2_60_pass,6,12,slot_2,-0.4500000000025324,identity,189.2161725983163,20.177209425500127,114.49436085588626,7.073941442629681,0.26861666027256775,False,True,4.242640687119285,"0.25/0.75:191.216,21.677;0.50/0.50:189.216,20.177;0.75/0.25:188.216,18.677",fixed-domain_component,REVIEW,weight sensitivity exceeds threshold,394.03445857063093,False,0.4050131318267661,-0.0008138210479233468,-0.002319467533031184,0.1382751364982869,0.20840329342580216,1.0,0.9387617638129934,4,264.59111653698636,0.3445196829908677,1.0,0.3448275862068966,1.0,outputs\rectangle_registration\registered\H_reg\zro2_60_pass__sample_012.npz,outputs\rectangle_registration\registered\H_200\zro2_60_pass__sample_012.npz,False
zro2_60_pass,7,13,slot_2,-0.4500000000025324,identity,179.17560034098685,8.007536034041017,144.14669241264383,6.674327680361764,1.000027991058599,False,False,1.5,"0.25/0.75:180.676,8.008;0.50/0.50:179.176,8.008;0.75/0.25:179.176,8.008",fixed-domain_component,PASS,,390.66555749593635,False,0.384148031035008,-0.000869647181565499,0.0008543390594951863,-0.03442925929132068,0.2277130055921409,1.0,0.9186304644808743,4,264.59111653698636,0.3445196829908677,1.0,0.3448275862068966,1.0,outputs\rectangle_registration\registered\H_reg\zro2_60_pass__sample_013.npz,outputs\rectangle_registration\registered\H_200\zro2_60_pass__sample_013.npz,False
zro2_60_pass,7,14,slot_1,-0.4500000000025324,identity,-211.4899571549495,17.297831654828034,5.628024096653529,2.4538512640078265,0.2812752188015406,False,True,4.272001872658765,"0.25/0.75:-212.490,15.798;0.50/0.50:-211.490,17.298;0.75/0.25:-208.490,17.298",fixed-domain_component,REVIEW,weight sensitivity exceeds threshold,390.66555749593635,False,0.384148031035008,0.0025156949901505602,0.0012874819795807705,-0.019367994475956003,0.3347716694038095,1.0,0.9437329234972678,4,264.59111653698636,0.3445196829908677,1.0,0.3448275862068966,1.0,outputs\rectangle_registration\registered\H_reg\zro2_60_pass__sample_014.npz,outputs\rectangle_registration\registered\H_200\zro2_60_pass__sample_014.npz,False
zro2_60_pass,8,15,slot_2,-0.4500000000025324,identity,208.03080130398615,-2.662988750971172,107.10002952503628,4.364416788110723,0.8915095768849854,False,False,1.8027756377319946,"0.25/0.75:207.531,-3.663;0.50/0.50:208.031,-2.663;0.75/0.25:209.031,-2.663",fixed-domain_component,PASS,,403.7627532962888,False,0.37725042572498135,-0.0003247161959613125,-0.00023367935312002311,-0.06672913521772653,0.22842884780255343,1.0,0.9352231329690346,4,264.59111653698636,0.3445196829908677,1.0,0.3448275862068966,1.0,outputs\rectangle_registration\registered\H_reg\zro2_60_pass__sample_015.npz,outputs\rectangle_registration\registered\H_200\zro2_60_pass__sample_015.npz,False
zro2_60_pass,8,16,slot_1,-0.4500000000025324,identity,-195.73195199230264,-4.157214259821213,102.62711387083401,6.424997599735402,0.26660580302270653,False,True,3.5355339059327378,"0.25/0.75:-196.732,-3.157;0.50/0.50:-195.732,-4.157;0.75/0.25:-194.232,-5.657",fixed-domain_component,REVIEW,weight sensitivity exceeds threshold,403.7627532962888,False,0.37725042572498135,-0.0008299447049863464,-9.987927725679455e-05,0.17377401609943938,0.31516594382433094,1.0,0.932993700667881,4,264.59111653698636,0.3445196829908677,1.0,0.3448275862068966,1.0,outputs\rectangle_registration\registered\H_reg\zro2_60_pass__sample_016.npz,outputs\rectangle_registration\registered\H_200\zro2_60_pass__sample_016.npz,False
zro2_60_pass,9,17,slot_2,-0.4500000000025324,identity,193.2609355827143,-6.08271420613867,84.57256432317175,6.001557885079082,0.13912831164309106,False,True,4.123105625617661,"0.25/0.75:193.261,-4.083;0.50/0.50:193.261,-6.083;0.75/0.25:192.261,-8.083",fixed-domain_component,REVIEW,weight sensitivity exceeds threshold,398.2126431257782,False,0.7329992975040549,-0.00031093641255787544,-0.0017671077133985733,0.48714625929256755,0.2794320186256772,1.0,0.9298060868245295,4,264.59111653698636,0.3445196829908677,1.0,0.3448275862068966,1.0,outputs\rectangle_registration\registered\H_reg\zro2_60_pass__sample_017.npz,outputs\rectangle_registration\registered\H_200\zro2_60_pass__sample_017.npz,False
zro2_60_pass,9,18,slot_1,-0.4500000000025324,identity,-204.9517075430639,3.711641577884846,26.703999691972637,4.2237128658555205,0.3439838331047043,False,True,5.0,"0.25/0.75:-207.452,1.712;0.50/0.50:-204.952,3.712;0.75/0.25:-203.452,4.712",fixed-domain_component,REVIEW,weight sensitivity exceeds threshold,398.2126431257782,False,0.7329992975040549,0.0017576481126513057,0.003882117715050432,0.36636535389222613,0.365416226119153,1.0,0.9220647389192471,4,264.59111653698636,0.3445196829908677,1.0,0.3448275862068966,1.0,outputs\rectangle_registration\registered\H_reg\zro2_60_pass__sample_018.npz,outputs\rectangle_registration\registered\H_200\zro2_60_pass__sample_018.npz,False
zro2_60_pass,10,19,slot_2,-0.4500000000025324,identity,192.72908063130052,-8.530121613443225,74.73476089688904,5.047990939461027,0.38047374604475115,False,True,4.123105625617661,"0.25/0.75:190.729,-8.530;0.50/0.50:192.729,-8.530;0.75/0.25:194.729,-9.530",fixed-domain_component,REVIEW,weight sensitivity exceeds threshold,404.5047362609032,False,0.4871751784258262,0.00023833910559077526,0.0015208294098767038,0.23625156530483846,0.23289324386088633,1.0,0.9414655434122647,4,264.59111653698636,0.3445196829908677,1.0,0.3448275862068966,1.0,outputs\rectangle_registration\registered\H_reg\zro2_60_pass__sample_019.npz,outputs\rectangle_registration\registered\H_200\zro2_60_pass__sample_019.npz,False
zro2_60_pass,10,20,slot_1,-0.4500000000025324,identity,-211.77565562960268,-14.613671096306579,9.16531900889959,2.4731859607236624,0.1438485534697918,False,True,5.0,"0.25/0.75:-208.776,-12.114;0.50/0.50:-211.776,-14.614;0.75/0.25:-211.776,-16.114",fixed-domain_component,REVIEW,weight sensitivity exceeds threshold,404.5047362609032,False,0.4871751784258262,0.005575215069088222,0.0033474069017400965,-0.3687989704742295,0.362626059182938,1.0,0.9545765027322405,4,264.59111653698636,0.3445196829908677,1.0,0.3448275862068966,1.0,outputs\rectangle_registration\registered\H_reg\zro2_60_pass__sample_020.npz,outputs\rectangle_registration\registered\H_200\zro2_60_pass__sample_020.npz,False
zro2_60_pass,11,21,slot_2,-0.4500000000025324,identity,189.49721283212477,-11.418725126688148,14.262676777989261,2.8155780759492286,0.4432167861538434,False,True,4.47213595499958,"0.25/0.75:189.497,-9.419;0.50/0.50:189.497,-11.419;0.75/0.25:187.497,-13.419",fixed-domain_component,REVIEW,weight sensitivity exceeds threshold,403.534858028096,False,1.1021209481362473,-0.0012405454126924904,0.001845807425332747,-0.8233215456461438,0.5112107723997442,1.0,0.9964329083181542,4,264.59111653698636,0.3445196829908677,1.0,0.3448275862068966,1.0,outputs\rectangle_registration\registered\H_reg\zro2_60_pass__sample_021.npz,outputs\rectangle_registration\registered\H_200\zro2_60_pass__sample_021.npz,False
zro2_60_pass,11,22,slot_1,-0.4500000000025324,identity,-214.03764519597124,-3.5865076632132347,19.078225800197256,4.37601125500737,1.0483802444405992,False,False,1.0,"0.25/0.75:-213.038,-3.587;0.50/0.50:-214.038,-3.587;0.75/0.25:-214.038,-3.587",fixed-domain_component,PASS,,403.534858028096,False,1.1021209481362473,-0.0005862576662834084,-0.006284900641497788,-0.36962383924336784,0.3731474091579502,1.0,0.9589879326047359,4,264.59111653698636,0.3445196829908677,1.0,0.3448275862068966,1.0,outputs\rectangle_registration\registered\H_reg\zro2_60_pass__sample_022.npz,outputs\rectangle_registration\registered\H_200\zro2_60_pass__sample_022.npz,False
zro2_60_pass,12,23,slot_2,-0.4500000000025324,identity,192.90443525368218,-10.804319299289276,100.36991689152623,5.986390331979542,0.9947355370405543,False,False,2.23606797749979,"0.25/0.75:192.904,-11.804;0.50/0.50:192.904,-10.804;0.75/0.25:190.904,-10.804",fixed-domain_component,PASS,,400.6159256765144,False,0.36870505434516226,-0.0012205215561016418,-0.0008769601419414976,0.3147303140085374,0.2181417447208781,1.0,0.893556466302368,4,264.59111653698636,0.3445196829908677,1.0,0.3448275862068966,1.0,outputs\rectangle_registration\registered\H_reg\zro2_60_pass__sample_023.npz,outputs\rectangle_registration\registered\H_200\zro2_60_pass__sample_023.npz,False
zro2_60_pass,12,24,slot_1,-0.4500000000025324,identity,-207.71149042283224,-5.420568981825724,29.980319338243262,5.128586311668651,0.5153141583315817,False,True,4.123105625617661,"0.25/0.75:-205.711,-7.421;0.50/0.50:-207.711,-5.421;0.75/0.25:-206.711,-3.421",fixed-domain_component,REVIEW,weight sensitivity exceeds threshold,400.6159256765144,False,0.36870505434516226,0.004812603850550702,0.003166482184533492,0.011398147907617288,0.43555734115358535,1.0,0.9768992865816636,4,264.59111653698636,0.3445196829908677,1.0,0.3448275862068966,1.0,outputs\rectangle_registration\registered\H_reg\zro2_60_pass__sample_024.npz,outputs\rectangle_registration\registered\H_200\zro2_60_pass__sample_024.npz,False
zro2_60_pass,13,25,slot_1,-0.4500000000025324,identity,-202.67836909562288,11.634893741474928,14.814544073525362,3.367619807063946,0.1461490276722649,False,True,5.656854249492381,"0.25/0.75:-205.678,9.635;0.50/0.50:-202.678,11.635;0.75/0.25:-201.678,13.635",fixed-domain_component,REVIEW,weight sensitivity exceeds threshold,395.54801381764594,False,1.031818931490603,-0.0009485514725225094,-0.004855819149542622,-0.6902349722137393,0.4142764830779022,1.0,0.9709035367334548,4,264.59111653698636,0.3445196829908677,1.0,0.3448275862068966,1.0,outputs\rectangle_registration\registered\H_reg\zro2_60_pass__sample_025.npz,outputs\rectangle_registration\registered\H_200\zro2_60_pass__sample_025.npz,False
zro2_60_pass,13,26,slot_2,-0.4500000000025324,identity,192.86964472202305,4.591360944723671,10.03428370851626,2.700719598525635,0.36366485634263535,False,False,2.23606797749979,"0.25/0.75:192.870,5.591;0.50/0.50:192.870,4.591;0.75/0.25:191.870,3.591",fixed-domain_component,PASS,,395.54801381764594,False,1.031818931490603,0.001214540184038082,0.004909787446327807,-0.9671694714082072,0.4423873286962252,1.0,0.9869269884638737,4,264.59111653698636,0.3445196829908677,1.0,0.3448275862068966,1.0,outputs\rectangle_registration\registered\H_reg\zro2_60_pass__sample_026.npz,outputs\rectangle_registration\registered\H_200\zro2_60_pass__sample_026.npz,False
zro2_60_pass,14,27,slot_1,-0.4500000000025324,identity,-204.93908966446438,5.01112660840286,3.8572473274176517,1.9772208106093228,1.0297497850372377,False,True,4.0,"0.25/0.75:-204.939,1.011;0.50/0.50:-204.939,5.011;0.75/0.25:-204.939,5.011",fixed-domain_component,REVIEW,weight sensitivity exceeds threshold,402.5427884812941,False,0.43917970895246383,0.004177347925790648,0.0028340527708180393,0.10419022529570597,0.353394474351098,1.0,0.9406686399514268,4,264.59111653698636,0.3445196829908677,1.0,0.3448275862068966,1.0,outputs\rectangle_registration\registered\H_reg\zro2_60_pass__sample_027.npz,outputs\rectangle_registration\registered\H_200\zro2_60_pass__sample_027.npz,False
zro2_60_pass,14,28,slot_2,-0.4500000000025324,identity,197.6036988168297,13.522048434834417,26.22889006350542,2.811129278708319,1.5434724180713109,False,False,0.0,"0.25/0.75:197.604,13.522;0.50/0.50:197.604,13.522;0.75/0.25:197.604,13.522",fixed-domain_component,PASS,,402.5427884812941,False,0.43917970895246383,-0.0014605659645261435,-0.0022042682292162056,0.20566022402727369,0.27522923169826813,1.0,0.7767152398299939,4,264.59111653698636,0.3445196829908677,1.0,0.3448275862068966,1.0,outputs\rectangle_registration\registered\H_reg\zro2_60_pass__sample_028.npz,outputs\rectangle_registration\registered\H_200\zro2_60_pass__sample_028.npz,False
zro2_60_pass,15,29,slot_1,-0.4500000000025324,identity,-205.95434769017797,-7.871163933898863,17.11692810948778,4.802255465506344,0.6018283192399332,False,False,2.23606797749979,"0.25/0.75:-206.954,-7.871;0.50/0.50:-205.954,-7.871;0.75/0.25:-204.954,-6.871",fixed-domain_component,PASS,,397.0469775797334,False,0.4585803850136391,0.004745416408565201,0.003780031532525648,0.23374053404802836,0.39581412249758935,1.0,0.9603920006071646,4,264.59111653698636,0.3445196829908677,1.0,0.3448275862068966,1.0,outputs\rectangle_registration\registered\H_reg\zro2_60_pass__sample_029.npz,outputs\rectangle_registration\registered\H_200\zro2_60_pass__sample_029.npz,False
zro2_60_pass,15,30,slot_2,-0.4500000000025324,identity,191.09262988955544,-12.829997733382719,66.99709888381662,5.520840543119717,0.7322514112194896,False,False,2.0,"0.25/0.75:191.093,-10.830;0.50/0.50:191.093,-12.830;0.75/0.25:191.093,-12.830",fixed-domain_component,PASS,,397.0469775797334,False,0.4585803850136391,-0.0012530542837515188,-0.001391434202861273,0.48984703429967835,0.23113058303478148,1.0,0.9636365361262902,4,264.59111653698636,0.3445196829908677,1.0,0.3448275862068966,1.0,outputs\rectangle_registration\registered\H_reg\zro2_60_pass__sample_030.npz,outputs\rectangle_registration\registered\H_200\zro2_60_pass__sample_030.npz,False
zro2_60_pass,16,31,slot_1,-0.4500000000025324,identity,-196.04092710509286,-2.2241515477995684,15.288020955941043,2.7101502568882196,0.5160856453906228,False,True,3.8078865529319543,"0.25/0.75:-196.541,-1.224;0.50/0.50:-196.041,-2.224;0.75/0.25:-195.041,-4.724",fixed-domain_component,REVIEW,weight sensitivity exceeds threshold,395.322377463933,False,0.44455190518853255,-0.0005438210935851049,-0.001853158509241343,0.013254861140666084,0.3190216114600281,1.0,0.9417691256830601,4,264.59111653698636,0.3445196829908677,1.0,0.3448275862068966,1.0,outputs\rectangle_registration\registered\H_reg\zro2_60_pass__sample_031.npz,outputs\rectangle_registration\registered\H_200\zro2_60_pass__sample_031.npz,False
zro2_60_pass,16,32,slot_2,-0.4500000000025324,identity,199.28145035884012,4.055991352188654,78.26409324493773,6.047249506764104,0.2624586934514975,False,True,4.272001872658765,"0.25/0.75:200.781,2.056;0.50/0.50:199.281,4.056;0.75/0.25:199.281,6.056",fixed-domain_component,REVIEW,weight sensitivity exceeds threshold,395.322377463933,False,0.44455190518853255,-0.0007810973948199205,0.0006935702841630522,-0.09768634894350983,0.2837831546559772,1.0,0.9459433819064966,4,264.59111653698636,0.3445196829908677,1.0,0.3448275862068966,1.0,outputs\rectangle_registration\registered\H_reg\zro2_60_pass__sample_032.npz,outputs\rectangle_registration\registered\H_200\zro2_60_pass__sample_032.npz,False
zro2_60_pass,17,33,slot_1,-0.4500000000025324,identity,-201.76229055387006,1.6089346726137261,8.777573096243913,2.976776473051049,0.9204259393773542,False,False,2.5,"0.25/0.75:-204.262,1.609;0.50/0.50:-201.762,1.609;0.75/0.25:-201.762,1.609",fixed-domain_component,PASS,,398.94973401570405,False,0.34243328594919525,0.001074389823119575,0.0009556271297468007,-0.10612729327655819,0.31649687895094825,1.0,0.9536562689738919,4,264.59111653698636,0.3445196829908677,1.0,0.3448275862068966,1.0,outputs\rectangle_registration\registered\H_reg\zro2_60_pass__sample_033.npz,outputs\rectangle_registration\registered\H_200\zro2_60_pass__sample_033.npz,False
zro2_60_pass,17,34,slot_2,-0.4500000000025324,identity,197.18744346183396,-3.146569862670802,18.28757948147868,3.2011440959383535,0.5929250522081615,False,True,3.605551275463989,"0.25/0.75:196.187,-1.647;0.50/0.50:197.187,-3.147;0.75/0.25:199.187,-3.647",fixed-domain_component,REVIEW,weight sensitivity exceeds threshold,398.94973401570405,False,0.34243328594919525,-0.0003579157151078951,0.00013925492993374254,-0.019024340944543573,0.24599867126187194,1.0,0.8590714177292046,4,264.59111653698636,0.3445196829908677,1.0,0.3448275862068966,1.0,outputs\rectangle_registration\registered\H_reg\zro2_60_pass__sample_034.npz,outputs\rectangle_registration\registered\H_200\zro2_60_pass__sample_034.npz,False
zro2_60_pass,18,35,slot_1,-0.4500000000025324,identity,-185.28919408452543,2.3855865887125187,3.900772020647321,2.1753205164789295,0.6930854613112394,False,False,2.23606797749979,"0.25/0.75:-186.289,2.386;0.50/0.50:-185.289,2.386;0.75/0.25:-185.289,0.386",fixed-domain_component,PASS,,388.95546743685236,False,0.3648635631456726,0.00118302727404339,-0.0002464678807083693,0.09236897569173991,0.3463360467923549,1.0,0.9617865816636308,4,264.59111653698636,0.3445196829908677,1.0,0.3448275862068966,1.0,outputs\rectangle_registration\registered\H_reg\zro2_60_pass__sample_035.npz,outputs\rectangle_registration\registered\H_200\zro2_60_pass__sample_035.npz,False
zro2_60_pass,18,36,slot_2,-0.4500000000025324,identity,203.6662733523269,2.838936990973032,25.361208093538,3.4364381978802774,0.28932376383034114,False,True,4.0,"0.25/0.75:203.666,1.339;0.50/0.50:203.666,2.839;0.75/0.25:203.666,5.339",fixed-domain_component,REVIEW,weight sensitivity exceeds threshold,388.95546743685236,False,0.3648635631456726,-0.0013298395950664353,0.0006594692991011982,0.03467566438083887,0.2318670934470139,1.0,0.9241803278688525,4,264.59111653698636,0.3445196829908677,1.0,0.3448275862068966,1.0,outputs\rectangle_registration\registered\H_reg\zro2_60_pass__sample_036.npz,outputs\rectangle_registration\registered\H_200\zro2_60_pass__sample_036.npz,False
zro2_60_pass,19,37,slot_2,-0.4500000000025324,identity,203.2138872041037,-0.676416336603646,41.32997752754785,3.3347578365670034,0.8432383009197943,False,False,1.118033988749895,"0.25/0.75:203.214,-1.676;0.50/0.50:203.214,-0.676;0.75/0.25:202.714,-0.676",fixed-domain_component,PASS,,395.3556458723851,False,0.3808113741387237,0.000339099141811472,-0.00013087934530950666,-0.0781927096221534,0.25910958803440226,1.0,0.9560849271402551,4,264.59111653698636,0.3445196829908677,1.0,0.3448275862068966,1.0,outputs\rectangle_registration\registered\H_reg\zro2_60_pass__sample_037.npz,outputs\rectangle_registration\registered\H_200\zro2_60_pass__sample_037.npz,False
zro2_60_pass,19,38,slot_1,-0.4500000000025324,identity,-192.14175866828137,-3.523453796324201,44.7584170298803,4.774527854937534,0.46916453650695067,False,True,3.905124837953327,"0.25/0.75:-193.142,-1.523;0.50/0.50:-192.142,-3.523;0.75/0.25:-190.642,-4.523",fixed-domain_component,REVIEW,weight sensitivity exceeds threshold,395.3556458723851,False,0.3808113741387237,-0.001056441460579846,-0.0011376356655485578,-0.12524762871575468,0.3848129255721144,1.0,0.8629515786278081,4,264.59111653698636,0.3445196829908677,1.0,0.3448275862068966,1.0,outputs\rectangle_registration\registered\H_reg\zro2_60_pass__sample_038.npz,outputs\rectangle_registration\registered\H_200\zro2_60_pass__sample_038.npz,False
zro2_60_pass,20,39,slot_2,-0.4500000000025324,identity,208.05990313676386,-9.126886961223782,112.42412089038132,6.680036623695073,0.3325775439986982,False,False,2.9154759474226504,"0.25/0.75:208.560,-9.127;0.50/0.50:208.060,-9.127;0.75/0.25:206.060,-7.627",fixed-domain_component,PASS,,400.0518547483088,False,0.3521529661775186,-0.0011084868658634802,-3.691852070109242e-05,0.08355510420360622,0.20557790432609513,1.0,0.9467118245294475,4,264.59111653698636,0.3445196829908677,1.0,0.3448275862068966,1.0,outputs\rectangle_registration\registered\H_reg\zro2_60_pass__sample_039.npz,outputs\rectangle_registration\registered\H_200\zro2_60_pass__sample_039.npz,False
zro2_60_pass,20,40,slot_1,-0.4500000000025324,identity,-191.99195161154495,-8.152365742893615,91.83880748155357,7.483933725668806,1.4817226116617577,False,False,0.5,"0.25/0.75:-191.992,-7.652;0.50/0.50:-191.992,-8.152;0.75/0.25:-191.992,-8.152",fixed-domain_component,PASS,,400.0518547483088,False,0.3521529661775186,0.0016164457872207426,-0.0003882575858152595,0.2343118018766102,0.3099125394427099,1.0,0.9493776563448695,4,264.59111653698636,0.3445196829908677,1.0,0.3448275862068966,1.0,outputs\rectangle_registration\registered\H_reg\zro2_60_pass__sample_040.npz,outputs\rectangle_registration\registered\H_200\zro2_60_pass__sample_040.npz,False
zro2_60_pass,21,41,slot_2,-0.4500000000025324,identity,195.7293681594519,-9.73484276589706,110.39366920294653,6.016770089975654,0.5392843299710395,False,True,3.3541019662496847,"0.25/0.75:195.729,-8.735;0.50/0.50:195.729,-9.735;0.75/0.25:197.229,-11.735",fixed-domain_component,REVIEW,weight sensitivity exceeds threshold,397.22273750571907,False,0.40089494464167874,-0.00032866844838096105,-0.0006062874058351052,0.2372516389469481,0.24915037201207896,1.0,0.9481917880995749,4,264.59111653698636,0.3445196829908677,1.0,0.3448275862068966,1.0,outputs\rectangle_registration\registered\H_reg\zro2_60_pass__sample_041.npz,outputs\rectangle_registration\registered\H_200\zro2_60_pass__sample_041.npz,False
zro2_60_pass,21,42,slot_1,-0.4500000000025324,identity,-201.49336934626717,-2.6280659878522847,87.12489507913608,5.18519010906258,0.37680662242511787,False,True,3.605551275463989,"0.25/0.75:-202.993,-3.628;0.50/0.50:-201.493,-2.628;0.75/0.25:-200.993,-0.628",fixed-domain_component,REVIEW,weight sensitivity exceeds threshold,397.22273750571907,False,0.40089494464167874,0.00010950068116281583,0.0016411294386561503,0.03530435320599032,0.34166515002902575,1.0,0.9570431086824529,4,264.59111653698636,0.3445196829908677,1.0,0.3448275862068966,1.0,outputs\rectangle_registration\registered\H_reg\zro2_60_pass__sample_042.npz,outputs\rectangle_registration\registered\H_200\zro2_60_pass__sample_042.npz,False
zro2_60_pass,22,43,slot_2,-0.4500000000025324,identity,195.98321476694747,-12.04105216617306,25.1517661573519,1.638119910131212,0.4444071251853984,False,True,3.0413812651491097,"0.25/0.75:195.983,-9.541;0.50/0.50:195.983,-12.041;0.75/0.25:196.483,-12.541",fixed-domain_component,REVIEW,weight sensitivity exceeds threshold,400.8278096001834,False,0.36937036637105153,0.0003280669816891648,0.0008396849084502493,-0.14479434953005918,0.21362248626095998,1.0,0.9458295385549484,4,264.59111653698636,0.3445196829908677,1.0,0.3448275862068966,1.0,outputs\rectangle_registration\registered\H_reg\zro2_60_pass__sample_043.npz,outputs\rectangle_registration\registered\H_200\zro2_60_pass__sample_043.npz,False
zro2_60_pass,22,44,slot_1,-0.4500000000025324,identity,-204.8445948332359,-8.46429350830148,57.663941137906264,4.147228003783867,0.3403646363951719,False,True,5.0,"0.25/0.75:-207.845,-5.464;0.50/0.50:-204.845,-8.464;0.75/0.25:-203.845,-8.464",fixed-domain_component,REVIEW,weight sensitivity exceeds threshold,400.8278096001834,False,0.36937036637105153,0.0005071827459681705,-0.0005147525025527774,-0.1470815517333833,0.33152276058281055,1.0,0.9454121129326047,4,264.59111653698636,0.3445196829908677,1.0,0.3448275862068966,1.0,outputs\rectangle_registration\registered\H_reg\zro2_60_pass__sample_044.npz,outputs\rectangle_registration\registered\H_200\zro2_60_pass__sample_044.npz,False
zro2_60_pass,23,45,slot_2,-0.4500000000025324,identity,219.1036618354443,-3.538485980555741,6.411375774037586,2.525965597734078,0.5294221884702702,False,True,3.1622776601683795,"0.25/0.75:217.104,-4.538;0.50/0.50:219.104,-3.538;0.75/0.25:220.104,-3.538",fixed-domain_component,REVIEW,weight sensitivity exceeds threshold,417.4107705883332,False,0.38876645016366224,-0.003960710248012126,-0.003315138842220046,0.41419613216786094,0.36972313548550034,1.0,0.7245749848208864,4,264.59111653698636,0.3445196829908677,1.0,0.3448275862068966,1.0,outputs\rectangle_registration\registered\H_reg\zro2_60_pass__sample_045.npz,outputs\rectangle_registration\registered\H_200\zro2_60_pass__sample_045.npz,False
zro2_60_pass,23,46,slot_1,-0.4500000000025324,identity,-198.3071087528889,-3.630809004742968,9.658403352000512,3.59382506520547,0.9945494465802971,False,False,2.0,"0.25/0.75:-198.307,-3.631;0.50/0.50:-198.307,-3.631;0.75/0.25:-198.307,-5.631",fixed-domain_component,PASS,,417.4107705883332,False,0.38876645016366224,0.0035470952681179255,0.0020602100197710032,0.3116436143409357,0.35996666240535075,1.0,0.9527929568913176,4,264.59111653698636,0.3445196829908677,1.0,0.3448275862068966,1.0,outputs\rectangle_registration\registered\H_reg\zro2_60_pass__sample_046.npz,outputs\rectangle_registration\registered\H_200\zro2_60_pass__sample_046.npz,False
zro2_60_pass,24,47,slot_2,-0.4500000000025324,identity,202.1973865718828,39.25897226121264,0.4807638970265816,0.6817072976651286,0.9618935838859135,False,True,4.0,"0.25/0.75:203.197,39.259;0.50/0.50:202.197,39.259;0.75/0.25:199.197,39.259",fixed-domain_component,REVIEW,weight sensitivity exceeds threshold,388.496601237303,False,0.6028546757827539,-0.0016397469560795138,-0.004183636741368553,0.3160619330546106,0.246829527470627,1.0,0.7525140406800243,4,264.59111653698636,0.3445196829908677,1.0,0.3448275862068966,1.0,outputs\rectangle_registration\registered\H_reg\zro2_60_pass__sample_047.npz,outputs\rectangle_registration\registered\H_200\zro2_60_pass__sample_047.npz,False
zro2_60_pass,24,48,slot_1,-0.4500000000025324,identity,-186.29921466542024,-10.498124684466902,4.825920860998855,3.010893374335326,1.3127376504906463,False,False,1.0,"0.25/0.75:-187.299,-10.498;0.50/0.50:-186.299,-10.498;0.75/0.25:-186.299,-10.498",fixed-domain_component,PASS,,388.496601237303,False,0.6028546757827539,0.0023729778812300664,0.003236737475679556,0.43175132408023814,0.338958653061934,1.0,0.9496338038858531,4,264.59111653698636,0.3445196829908677,1.0,0.3448275862068966,1.0,outputs\rectangle_registration\registered\H_reg\zro2_60_pass__sample_048.npz,outputs\rectangle_registration\registered\H_200\zro2_60_pass__sample_048.npz,False
zro2_60_pass,25,49,slot_1,-0.4500000000025324,identity,-199.5551493151809,-7.872473472748041,36.0334460085234,4.7626368280709235,0.7377311326161142,False,False,3.0,"0.25/0.75:-202.555,-7.872;0.50/0.50:-199.555,-7.872;0.75/0.25:-199.555,-7.872",fixed-domain_component,PASS,,394.1834204949481,False,0.3670379443119756,0.001468631397848836,0.0003796870249838406,0.26406818079451566,0.33971478553737017,1.0,0.9506489071038251,4,264.59111653698636,0.3445196829908677,1.0,0.3448275862068966,1.0,outputs\rectangle_registration\registered\H_reg\zro2_60_pass__sample_049.npz,outputs\rectangle_registration\registered\H_200\zro2_60_pass__sample_049.npz,False
zro2_60_pass,25,50,slot_2,-0.4500000000025324,identity,194.62827117976718,-10.071337416191529,11.813110066302029,2.4811396481035306,1.1828416472310652,False,False,2.5,"0.25/0.75:192.628,-10.071;0.50/0.50:194.628,-10.071;0.75/0.25:192.628,-8.571",fixed-domain_component,PASS,,394.1834204949481,False,0.3670379443119756,-0.0005821239999666887,-0.0010752326864285665,-0.06609169179017473,0.21197321397200958,1.0,0.9480969186399514,4,264.59111653698636,0.3445196829908677,1.0,0.3448275862068966,1.0,outputs\rectangle_registration\registered\H_reg\zro2_60_pass__sample_050.npz,outputs\rectangle_registration\registered\H_200\zro2_60_pass__sample_050.npz,False
zro2_60_pass,26,51,slot_1,-0.4500000000025324,identity,-212.26779547706056,-27.829329510543893,17.28085761765838,3.628420601379864,0.8622528931293056,False,False,1.4142135623730951,"0.25/0.75:-213.268,-26.829;0.50/0.50:-212.268,-27.829;0.75/0.25:-212.268,-27.829",fixed-domain_component,PASS,,387.21462616033386,False,0.46484554251193627,0.0010129795663095245,-0.0007241168222725299,-0.2585483944702918,0.3582504863167294,1.0,0.9563031268973892,4,264.59111653698636,0.3445196829908677,1.0,0.3448275862068966,1.0,outputs\rectangle_registration\registered\H_reg\zro2_60_pass__sample_051.npz,outputs\rectangle_registration\registered\H_200\zro2_60_pass__sample_051.npz,False
zro2_60_pass,26,52,slot_2,-0.4500000000025324,identity,174.94683068327333,-12.325297731998475,7.612509554591076,1.8859019438973639,2.1748927314342588,False,False,0.0,"0.25/0.75:174.947,-12.325;0.50/0.50:174.947,-12.325;0.75/0.25:174.947,-12.325",fixed-domain_component,PASS,,387.21462616033386,False,0.46484554251193627,-0.01813639728764025,-0.0032421215546793725,2.041649106789827,0.6452652842155754,1.0,0.61694558287796,4,264.59111653698636,0.3445196829908677,1.0,0.3448275862068966,1.0,outputs\rectangle_registration\registered\H_reg\zro2_60_pass__sample_052.npz,outputs\rectangle_registration\registered\H_200\zro2_60_pass__sample_052.npz,False
zro2_60_pass,28,55,slot_1,-0.4500000000025324,identity,-193.42270948755336,-16.435248296656166,11.589138927939553,2.42901237911901,0.5659198131654186,False,True,3.5,"0.25/0.75:-193.423,-17.435;0.50/0.50:-193.423,-16.435;0.75/0.25:-193.423,-13.935",fixed-domain_component,REVIEW,weight sensitivity exceeds threshold,397.66249486185507,False,0.385292032723498,-0.0010581452565439407,8.290610793554071e-05,0.03527044013694983,0.3145096264074312,1.0,0.956673117789921,4,264.59111653698636,0.3445196829908677,1.0,0.3448275862068966,1.0,outputs\rectangle_registration\registered\H_reg\zro2_60_pass__sample_055.npz,outputs\rectangle_registration\registered\H_200\zro2_60_pass__sample_055.npz,False
zro2_60_pass,28,56,slot_2,-0.4500000000025324,identity,204.2397853743017,-22.359808085661015,17.759851251288374,3.059976303969234,0.777416133816395,False,True,3.640054944640259,"0.25/0.75:204.240,-22.360;0.50/0.50:204.240,-22.360;0.75/0.25:207.740,-21.360",fixed-domain_component,REVIEW,weight sensitivity exceeds threshold,397.66249486185507,False,0.385292032723498,-0.0004032677895861983,-0.0004237802160550711,0.020479055487137927,0.3074395076888363,1.0,0.8619269884638737,4,264.59111653698636,0.3445196829908677,1.0,0.3448275862068966,1.0,outputs\rectangle_registration\registered\H_reg\zro2_60_pass__sample_056.npz,outputs\rectangle_registration\registered\H_200\zro2_60_pass__sample_056.npz,False
zro2_60_pass,29,57,slot_1,-0.4500000000025324,identity,-189.84429015054818,4.750113659699068,37.543776932798146,4.61460308608064,0.42901406515223284,False,False,1.5,"0.25/0.75:-189.844,3.250;0.50/0.50:-189.844,4.750;0.75/0.25:-189.844,4.750",fixed-domain_component,PASS,,408.72648599058516,False,0.3964670197702652,0.0009629678701088387,3.891322237598851e-05,-0.036053574111152946,0.3191824012441935,1.0,0.963228597449909,4,264.59111653698636,0.3445196829908677,1.0,0.3448275862068966,1.0,outputs\rectangle_registration\registered\H_reg\zro2_60_pass__sample_057.npz,outputs\rectangle_registration\registered\H_200\zro2_60_pass__sample_057.npz,False
zro2_60_pass,29,58,slot_2,-0.4500000000025324,identity,218.88219584003699,3.8278162216829443,8.99945788606966,2.1987767024141074,0.45868305826839006,False,True,4.0,"0.25/0.75:218.882,1.828;0.50/0.50:218.882,3.828;0.75/0.25:218.882,5.828",fixed-domain_component,REVIEW,weight sensitivity exceeds threshold,408.72648599058516,False,0.3964670197702652,-0.0021547067598334624,0.0007303637826455522,0.028664292922945683,0.19120781221401031,1.0,0.920328627808136,4,264.59111653698636,0.3445196829908677,1.0,0.3448275862068966,1.0,outputs\rectangle_registration\registered\H_reg\zro2_60_pass__sample_058.npz,outputs\rectangle_registration\registered\H_200\zro2_60_pass__sample_058.npz,False
zro2_60_pass,30,59,slot_1,-0.4500000000025324,identity,-199.98294821562052,-9.137781324867227,25.75389665284676,4.43746565336055,1.2230669856698202,False,False,1.118033988749895,"0.25/0.75:-199.483,-10.138;0.50/0.50:-199.983,-9.138;0.75/0.25:-199.983,-9.138",fixed-domain_component,PASS,,398.82922009195454,False,0.34216735566206113,0.00040104324255502,0.0012795052995331125,-0.027553812389567698,0.3203285155926313,1.0,0.9485807528840315,4,264.59111653698636,0.3445196829908677,1.0,0.3448275862068966,1.0,outputs\rectangle_registration\registered\H_reg\zro2_60_pass__sample_059.npz,outputs\rectangle_registration\registered\H_200\zro2_60_pass__sample_059.npz,False
zro2_60_pass,30,60,slot_2,-0.4500000000025324,identity,198.84627187633404,-11.029326221799344,25.409379327278145,3.5840135465088374,0.6911440526399261,False,False,2.692582403567252,"0.25/0.75:199.346,-13.529;0.50/0.50:198.846,-11.029;0.75/0.25:198.346,-11.029",fixed-domain_component,PASS,,398.82922009195454,False,0.34216735566206113,-8.31519600062185e-05,-0.00036108615313967807,0.05132002603748884,0.23312798079518568,1.0,0.948058970856102,4,264.59111653698636,0.3445196829908677,1.0,0.3448275862068966,1.0,outputs\rectangle_registration\registered\H_reg\zro2_60_pass__sample_060.npz,outputs\rectangle_registration\registered\H_200\zro2_60_pass__sample_060.npz,False
