model_id,route_id,reference_id,tokenization_id,backend_id,outer_fold,seed,dataset_index,component_id,session_role,observed_D_um,predicted_D_um,observed_Sq_um,predicted_Sq_um,train_null_D_um,train_null_Sq_um,D_scale_train,Sq_scale_train,bottleneck_dim,fit_asset_hash,split_hash,status
CONST_DQ,A_reference_sequence_terminal_proxy,NONE,equivalent_exposure_progress_v1,torch_terminal_v1,0,17,3,18adeab07c66f0a6220f42b552e8f6371eec7998e00b068e57fe071ba3c10f72,formal,2.1620235443115234,28.303838691540466,0.3509867281904462,1.3878249132191165,28.303838691540466,1.3878249132191165,19.719683943168246,1.5998720114522433,0,4629a571699cb8cfba49390b4bf0a25a5ca22eaab33ecee2e6336025431a624e,contract_manifest,SUCCESS
CONST_DQ,A_reference_sequence_terminal_proxy,NONE,equivalent_exposure_progress_v1,torch_terminal_v1,0,17,5,d878d557bd642809900e1cd2cbfa297663c19430f739151859fb0df411813932,formal,0.7911836206912994,28.303838691540466,0.7214682340898958,1.3878249132191165,28.303838691540466,1.3878249132191165,19.719683943168246,1.5998720114522433,0,4629a571699cb8cfba49390b4bf0a25a5ca22eaab33ecee2e6336025431a624e,contract_manifest,SUCCESS
CONST_DQ,A_reference_sequence_terminal_proxy,NONE,equivalent_exposure_progress_v1,torch_terminal_v1,0,17,8,5a8d034dc5bc855c8cc7167052b204006334cad601c697d737030b6cfbbeafac,formal,57.03376770019531,28.303838691540466,0.33882744664664216,1.3878249132191165,28.303838691540466,1.3878249132191165,19.719683943168246,1.5998720114522433,0,4629a571699cb8cfba49390b4bf0a25a5ca22eaab33ecee2e6336025431a624e,contract_manifest,SUCCESS
CONST_DQ,A_reference_sequence_terminal_proxy,NONE,equivalent_exposure_progress_v1,torch_terminal_v1,0,17,19,ba76e90434e71d41c24161680085b4277285f7a175516149b86a70da126f2240,formal,63.11563491821289,28.303838691540466,9.056636092849038,1.3878249132191165,28.303838691540466,1.3878249132191165,19.719683943168246,1.5998720114522433,0,4629a571699cb8cfba49390b4bf0a25a5ca22eaab33ecee2e6336025431a624e,contract_manifest,SUCCESS
CONST_DQ,A_reference_sequence_terminal_proxy,NONE,equivalent_exposure_progress_v1,torch_terminal_v1,0,17,33,8602be088ade4aa03b97055e8634fedfb21f0b6554c53366ac0e3df4de389311,formal,55.18541145324707,28.303838691540466,0.5826469633878488,1.3878249132191165,28.303838691540466,1.3878249132191165,19.719683943168246,1.5998720114522433,0,4629a571699cb8cfba49390b4bf0a25a5ca22eaab33ecee2e6336025431a624e,contract_manifest,SUCCESS
CONST_DQ,A_reference_sequence_terminal_proxy,NONE,equivalent_exposure_progress_v1,torch_terminal_v1,0,17,35,2408b1dc1a902affc49faba1eb1a7974a98411526f82e856c2cca0b9effe2a3a,formal,54.87403869628906,28.303838691540466,0.764299620637193,1.3878249132191165,28.303838691540466,1.3878249132191165,19.719683943168246,1.5998720114522433,0,4629a571699cb8cfba49390b4bf0a25a5ca22eaab33ecee2e6336025431a624e,contract_manifest,SUCCESS
CONST_DQ,A_reference_sequence_terminal_proxy,NONE,equivalent_exposure_progress_v1,torch_terminal_v1,0,17,37,3689c38f9947e8059b87ef5082c010ea4b8b73bef146601bda7f54d88d9986b5,formal,53.70109558105469,28.303838691540466,11.506116184719932,1.3878249132191165,28.303838691540466,1.3878249132191165,19.719683943168246,1.5998720114522433,0,4629a571699cb8cfba49390b4bf0a25a5ca22eaab33ecee2e6336025431a624e,contract_manifest,SUCCESS
CONST_DQ,A_reference_sequence_terminal_proxy,NONE,equivalent_exposure_progress_v1,torch_terminal_v1,0,17,45,f89410c437f281e05ca92c9f85a89bb4b5b41253d7122ca792e2e8d70d5f9db0,formal,52.31752395629883,28.303838691540466,0.618290091974041,1.3878249132191165,28.303838691540466,1.3878249132191165,19.719683943168246,1.5998720114522433,0,4629a571699cb8cfba49390b4bf0a25a5ca22eaab33ecee2e6336025431a624e,contract_manifest,SUCCESS
CONST_DQ,A_reference_sequence_terminal_proxy,NONE,equivalent_exposure_progress_v1,torch_terminal_v1,0,17,50,54bdf5810da02479bf93c59aa1b26120bfd5010a0a14423ffbfc4b6a74c3fdb9,formal,1.7471812963485718,28.303838691540466,0.834294660334478,1.3878249132191165,28.303838691540466,1.3878249132191165,19.719683943168246,1.5998720114522433,0,4629a571699cb8cfba49390b4bf0a25a5ca22eaab33ecee2e6336025431a624e,contract_manifest,SUCCESS
CONST_DQ,A_reference_sequence_terminal_proxy,NONE,equivalent_exposure_progress_v1,torch_terminal_v1,0,17,51,73473a287ae075daec030063466b079c19da048c94a811f5d919417d622c132b,formal,32.744380950927734,28.303838691540466,1.1464841466856521,1.3878249132191165,28.303838691540466,1.3878249132191165,19.719683943168246,1.5998720114522433,0,4629a571699cb8cfba49390b4bf0a25a5ca22eaab33ecee2e6336025431a624e,contract_manifest,SUCCESS
CONST_DQ,A_reference_sequence_terminal_proxy,NONE,equivalent_exposure_progress_v1,torch_terminal_v1,0,17,53,73473a287ae075daec030063466b079c19da048c94a811f5d919417d622c132b,formal,41.76206398010254,28.303838691540466,1.104825111699634,1.3878249132191165,28.303838691540466,1.3878249132191165,19.719683943168246,1.5998720114522433,0,4629a571699cb8cfba49390b4bf0a25a5ca22eaab33ecee2e6336025431a624e,contract_manifest,SUCCESS
CONST_DQ,A_reference_sequence_terminal_proxy,NONE,equivalent_exposure_progress_v1,torch_terminal_v1,0,17,60,effd732dee5a24b3ab2fa3bf7285e7bf0f1bcb9877a430006059b7699750a021,formal,46.7247428894043,28.303838691540466,3.095873782686277,1.3878249132191165,28.303838691540466,1.3878249132191165,19.719683943168246,1.5998720114522433,0,4629a571699cb8cfba49390b4bf0a25a5ca22eaab33ecee2e6336025431a624e,contract_manifest,SUCCESS
CONST_DQ,A_reference_sequence_terminal_proxy,NONE,equivalent_exposure_progress_v1,torch_terminal_v1,0,17,63,9204b6f9d2d9d6115cd61286c057d67be4f9c9208869ac4921cd29a650288373,formal,35.81507682800293,28.303838691540466,1.5550094089570836,1.3878249132191165,28.303838691540466,1.3878249132191165,19.719683943168246,1.5998720114522433,0,4629a571699cb8cfba49390b4bf0a25a5ca22eaab33ecee2e6336025431a624e,contract_manifest,SUCCESS
CONST_DQ,A_reference_sequence_terminal_proxy,NONE,equivalent_exposure_progress_v1,torch_terminal_v1,0,17,70,1ba03ca6b5871f84532efcd1ac2ad1140d33bf1d626655350e9ff0d4f2b0fcbb,formal,17.18430995941162,28.303838691540466,2.822591821768346,1.3878249132191165,28.303838691540466,1.3878249132191165,19.719683943168246,1.5998720114522433,0,4629a571699cb8cfba49390b4bf0a25a5ca22eaab33ecee2e6336025431a624e,contract_manifest,SUCCESS
CONST_DQ,A_reference_sequence_terminal_proxy,NONE,equivalent_exposure_progress_v1,torch_terminal_v1,0,17,71,1ba03ca6b5871f84532efcd1ac2ad1140d33bf1d626655350e9ff0d4f2b0fcbb,formal,48.42877769470215,28.303838691540466,0.8223131359900213,1.3878249132191165,28.303838691540466,1.3878249132191165,19.719683943168246,1.5998720114522433,0,4629a571699cb8cfba49390b4bf0a25a5ca22eaab33ecee2e6336025431a624e,contract_manifest,SUCCESS
CONST_DQ,A_reference_sequence_terminal_proxy,NONE,equivalent_exposure_progress_v1,torch_terminal_v1,0,17,80,cb00b97a81a7996d7f555ea2f10f9313c10abf659f541275e999fbda4471fb95,formal,50.59038543701172,28.303838691540466,0.47149082416612653,1.3878249132191165,28.303838691540466,1.3878249132191165,19.719683943168246,1.5998720114522433,0,4629a571699cb8cfba49390b4bf0a25a5ca22eaab33ecee2e6336025431a624e,contract_manifest,SUCCESS
CONST_DQ,A_reference_sequence_terminal_proxy,NONE,equivalent_exposure_progress_v1,torch_terminal_v1,0,17,83,05ebe211151b5c42ea77521c2d6176fab9089defd86ce310bf90b3f324d60207,formal,47.20834732055664,28.303838691540466,3.707253207823567,1.3878249132191165,28.303838691540466,1.3878249132191165,19.719683943168246,1.5998720114522433,0,4629a571699cb8cfba49390b4bf0a25a5ca22eaab33ecee2e6336025431a624e,contract_manifest,SUCCESS
CONST_DQ,A_reference_sequence_terminal_proxy,NONE,equivalent_exposure_progress_v1,torch_terminal_v1,0,17,84,b0de7b7f774bd4b8443b381c78462e76735d00836536718b12b6dec43d928d17,formal,19.04991912841797,28.303838691540466,0.6819201226507324,1.3878249132191165,28.303838691540466,1.3878249132191165,19.719683943168246,1.5998720114522433,0,4629a571699cb8cfba49390b4bf0a25a5ca22eaab33ecee2e6336025431a624e,contract_manifest,SUCCESS
CONST_DQ,A_reference_sequence_terminal_proxy,NONE,equivalent_exposure_progress_v1,torch_terminal_v1,0,17,89,434cc40d613f5f9e54f64010b37637f9465d262a9a94041cdb976cf0cbe7ef5a,formal,41.92535781860352,28.303838691540466,0.5358293439648069,1.3878249132191165,28.303838691540466,1.3878249132191165,19.719683943168246,1.5998720114522433,0,4629a571699cb8cfba49390b4bf0a25a5ca22eaab33ecee2e6336025431a624e,contract_manifest,SUCCESS
CONST_DQ,A_reference_sequence_terminal_proxy,NONE,equivalent_exposure_progress_v1,torch_terminal_v1,0,17,91,4e2cca025b4b2543e4f596540a03c1bb76e8876658fd5364f336e00dc74ca901,formal,25.771157264709476,28.303838691540466,0.8879033963097003,1.3878249132191165,28.303838691540466,1.3878249132191165,19.719683943168246,1.5998720114522433,0,4629a571699cb8cfba49390b4bf0a25a5ca22eaab33ecee2e6336025431a624e,contract_manifest,SUCCESS
CONST_DQ,A_reference_sequence_terminal_proxy,NONE,equivalent_exposure_progress_v1,torch_terminal_v1,0,17,97,75e8a3878cb5b07fc1219373158bf31b99facf7edf6c02931e54b63a6d81928a,formal,9.661888122558594,28.303838691540466,0.2892274102013272,1.3878249132191165,28.303838691540466,1.3878249132191165,19.719683943168246,1.5998720114522433,0,4629a571699cb8cfba49390b4bf0a25a5ca22eaab33ecee2e6336025431a624e,contract_manifest,SUCCESS
CONST_DQ,A_reference_sequence_terminal_proxy,NONE,equivalent_exposure_progress_v1,torch_terminal_v1,0,17,103,2dafc5c0f22998d3afe6699ea3c478747b2b3afd3903eeeb707b7b40f64f51b4,formal,38.72575950622559,28.303838691540466,0.5152116177074861,1.3878249132191165,28.303838691540466,1.3878249132191165,19.719683943168246,1.5998720114522433,0,4629a571699cb8cfba49390b4bf0a25a5ca22eaab33ecee2e6336025431a624e,contract_manifest,SUCCESS
CONST_DQ,A_reference_sequence_terminal_proxy,NONE,equivalent_exposure_progress_v1,torch_terminal_v1,0,17,108,607d2783453c8ad786d1ef5e7695b041f0718e8a505a0d17858cac60e079149e,formal,2.5217500925064087,28.303838691540466,1.7672759377983331,1.3878249132191165,28.303838691540466,1.3878249132191165,19.719683943168246,1.5998720114522433,0,4629a571699cb8cfba49390b4bf0a25a5ca22eaab33ecee2e6336025431a624e,contract_manifest,SUCCESS
CONST_DQ,A_reference_sequence_terminal_proxy,NONE,equivalent_exposure_progress_v1,torch_terminal_v1,0,17,118,9b4ea5c4658350b5838f157a2cc6f05607f6f74cbdcd8278f1e67d67ed39c52f,formal,46.120548248291016,28.303838691540466,2.859237575174291,1.3878249132191165,28.303838691540466,1.3878249132191165,19.719683943168246,1.5998720114522433,0,4629a571699cb8cfba49390b4bf0a25a5ca22eaab33ecee2e6336025431a624e,contract_manifest,SUCCESS
CONST_DQ,A_reference_sequence_terminal_proxy,NONE,equivalent_exposure_progress_v1,torch_terminal_v1,0,17,160,0173a9b0e73614a22e0130f113fb8339d3922904a34f19fff1ba4a50c552968f,pass_main,9.461623668670654,28.303838691540466,0.6723047202730627,1.3878249132191165,28.303838691540466,1.3878249132191165,19.719683943168246,1.5998720114522433,0,4629a571699cb8cfba49390b4bf0a25a5ca22eaab33ecee2e6336025431a624e,contract_manifest,SUCCESS
CONST_DQ,A_reference_sequence_terminal_proxy,NONE,equivalent_exposure_progress_v1,torch_terminal_v1,0,17,161,0173a9b0e73614a22e0130f113fb8339d3922904a34f19fff1ba4a50c552968f,pass_main,17.771986961364746,28.303838691540466,0.5452205446551697,1.3878249132191165,28.303838691540466,1.3878249132191165,19.719683943168246,1.5998720114522433,0,4629a571699cb8cfba49390b4bf0a25a5ca22eaab33ecee2e6336025431a624e,contract_manifest,SUCCESS
CONST_DQ,A_reference_sequence_terminal_proxy,NONE,equivalent_exposure_progress_v1,torch_terminal_v1,0,17,162,0173a9b0e73614a22e0130f113fb8339d3922904a34f19fff1ba4a50c552968f,pass_main,30.96079444885254,28.303838691540466,1.8018651413929212,1.3878249132191165,28.303838691540466,1.3878249132191165,19.719683943168246,1.5998720114522433,0,4629a571699cb8cfba49390b4bf0a25a5ca22eaab33ecee2e6336025431a624e,contract_manifest,SUCCESS
CONST_DQ,A_reference_sequence_terminal_proxy,NONE,equivalent_exposure_progress_v1,torch_terminal_v1,0,17,163,0173a9b0e73614a22e0130f113fb8339d3922904a34f19fff1ba4a50c552968f,pass_main,25.31327724456787,28.303838691540466,0.5217670127238045,1.3878249132191165,28.303838691540466,1.3878249132191165,19.719683943168246,1.5998720114522433,0,4629a571699cb8cfba49390b4bf0a25a5ca22eaab33ecee2e6336025431a624e,contract_manifest,SUCCESS
CONST_DQ,A_reference_sequence_terminal_proxy,NONE,equivalent_exposure_progress_v1,torch_terminal_v1,0,17,164,5886f771fde37e70fe702dc50f81a0018420e6baac5f3a761311ef50098c5342,pass_main,11.041552543640137,28.303838691540466,0.8531545536801359,1.3878249132191165,28.303838691540466,1.3878249132191165,19.719683943168246,1.5998720114522433,0,4629a571699cb8cfba49390b4bf0a25a5ca22eaab33ecee2e6336025431a624e,contract_manifest,SUCCESS
CONST_DQ,A_reference_sequence_terminal_proxy,NONE,equivalent_exposure_progress_v1,torch_terminal_v1,0,17,165,5886f771fde37e70fe702dc50f81a0018420e6baac5f3a761311ef50098c5342,pass_main,7.956956624984741,28.303838691540466,0.9855645956828885,1.3878249132191165,28.303838691540466,1.3878249132191165,19.719683943168246,1.5998720114522433,0,4629a571699cb8cfba49390b4bf0a25a5ca22eaab33ecee2e6336025431a624e,contract_manifest,SUCCESS
CONST_DQ,A_reference_sequence_terminal_proxy,NONE,equivalent_exposure_progress_v1,torch_terminal_v1,0,17,166,5886f771fde37e70fe702dc50f81a0018420e6baac5f3a761311ef50098c5342,pass_main,2.388783693313598,28.303838691540466,1.3098049928755577,1.3878249132191165,28.303838691540466,1.3878249132191165,19.719683943168246,1.5998720114522433,0,4629a571699cb8cfba49390b4bf0a25a5ca22eaab33ecee2e6336025431a624e,contract_manifest,SUCCESS
CONST_DQ,A_reference_sequence_terminal_proxy,NONE,equivalent_exposure_progress_v1,torch_terminal_v1,0,17,167,5886f771fde37e70fe702dc50f81a0018420e6baac5f3a761311ef50098c5342,pass_main,15.42117404937744,28.303838691540466,3.627420071449651,1.3878249132191165,28.303838691540466,1.3878249132191165,19.719683943168246,1.5998720114522433,0,4629a571699cb8cfba49390b4bf0a25a5ca22eaab33ecee2e6336025431a624e,contract_manifest,SUCCESS
CONST_DQ,A_reference_sequence_terminal_proxy,NONE,equivalent_exposure_progress_v1,torch_terminal_v1,0,17,176,be21bfed3c648b372b27970a9f1258427c6746d96e1eb37fa62715eb2e831bdc,pass_main,11.469114303588867,28.303838691540466,1.035199566252268,1.3878249132191165,28.303838691540466,1.3878249132191165,19.719683943168246,1.5998720114522433,0,4629a571699cb8cfba49390b4bf0a25a5ca22eaab33ecee2e6336025431a624e,contract_manifest,SUCCESS
CONST_DQ,A_reference_sequence_terminal_proxy,NONE,equivalent_exposure_progress_v1,torch_terminal_v1,0,17,177,be21bfed3c648b372b27970a9f1258427c6746d96e1eb37fa62715eb2e831bdc,pass_main,21.245290756225582,28.303838691540466,0.488815611625548,1.3878249132191165,28.303838691540466,1.3878249132191165,19.719683943168246,1.5998720114522433,0,4629a571699cb8cfba49390b4bf0a25a5ca22eaab33ecee2e6336025431a624e,contract_manifest,SUCCESS
CONST_DQ,A_reference_sequence_terminal_proxy,NONE,equivalent_exposure_progress_v1,torch_terminal_v1,0,17,178,be21bfed3c648b372b27970a9f1258427c6746d96e1eb37fa62715eb2e831bdc,pass_main,29.068297386169437,28.303838691540466,0.6015389825741759,1.3878249132191165,28.303838691540466,1.3878249132191165,19.719683943168246,1.5998720114522433,0,4629a571699cb8cfba49390b4bf0a25a5ca22eaab33ecee2e6336025431a624e,contract_manifest,SUCCESS
CONST_DQ,A_reference_sequence_terminal_proxy,NONE,equivalent_exposure_progress_v1,torch_terminal_v1,0,17,179,be21bfed3c648b372b27970a9f1258427c6746d96e1eb37fa62715eb2e831bdc,pass_main,35.57953071594238,28.303838691540466,0.7167923080238093,1.3878249132191165,28.303838691540466,1.3878249132191165,19.719683943168246,1.5998720114522433,0,4629a571699cb8cfba49390b4bf0a25a5ca22eaab33ecee2e6336025431a624e,contract_manifest,SUCCESS
TREE_U_DQ,A_reference_sequence_terminal_proxy,NONE,equivalent_exposure_progress_v1,torch_terminal_v1,0,17,3,18adeab07c66f0a6220f42b552e8f6371eec7998e00b068e57fe071ba3c10f72,formal,2.1620235443115234,3.6738632703026126,0.3509867281904462,0.5315965339385235,28.303838691540466,1.3878249132191165,19.719683943168246,1.5998720114522433,0,e8f4b0511cf71503b0fb4da06fcb8bcc413d969d76a2a6f1a8ad6684649208da,contract_manifest,SUCCESS
TREE_U_DQ,A_reference_sequence_terminal_proxy,NONE,equivalent_exposure_progress_v1,torch_terminal_v1,0,17,5,d878d557bd642809900e1cd2cbfa297663c19430f739151859fb0df411813932,formal,0.7911836206912994,4.262944314545816,0.7214682340898958,0.426186714309932,28.303838691540466,1.3878249132191165,19.719683943168246,1.5998720114522433,0,e8f4b0511cf71503b0fb4da06fcb8bcc413d969d76a2a6f1a8ad6684649208da,contract_manifest,SUCCESS
TREE_U_DQ,A_reference_sequence_terminal_proxy,NONE,equivalent_exposure_progress_v1,torch_terminal_v1,0,17,8,5a8d034dc5bc855c8cc7167052b204006334cad601c697d737030b6cfbbeafac,formal,57.03376770019531,41.31915520429614,0.33882744664664216,1.0106024688657906,28.303838691540466,1.3878249132191165,19.719683943168246,1.5998720114522433,0,e8f4b0511cf71503b0fb4da06fcb8bcc413d969d76a2a6f1a8ad6684649208da,contract_manifest,SUCCESS
TREE_U_DQ,A_reference_sequence_terminal_proxy,NONE,equivalent_exposure_progress_v1,torch_terminal_v1,0,17,19,ba76e90434e71d41c24161680085b4277285f7a175516149b86a70da126f2240,formal,63.11563491821289,55.96234681994471,9.056636092849038,2.06327703101574,28.303838691540466,1.3878249132191165,19.719683943168246,1.5998720114522433,0,e8f4b0511cf71503b0fb4da06fcb8bcc413d969d76a2a6f1a8ad6684649208da,contract_manifest,SUCCESS
TREE_U_DQ,A_reference_sequence_terminal_proxy,NONE,equivalent_exposure_progress_v1,torch_terminal_v1,0,17,33,8602be088ade4aa03b97055e8634fedfb21f0b6554c53366ac0e3df4de389311,formal,55.18541145324707,44.53195286316343,0.5826469633878488,2.3990991538567275,28.303838691540466,1.3878249132191165,19.719683943168246,1.5998720114522433,0,e8f4b0511cf71503b0fb4da06fcb8bcc413d969d76a2a6f1a8ad6684649208da,contract_manifest,SUCCESS
TREE_U_DQ,A_reference_sequence_terminal_proxy,NONE,equivalent_exposure_progress_v1,torch_terminal_v1,0,17,35,2408b1dc1a902affc49faba1eb1a7974a98411526f82e856c2cca0b9effe2a3a,formal,54.87403869628906,48.89971506315081,0.764299620637193,1.3512462017640565,28.303838691540466,1.3878249132191165,19.719683943168246,1.5998720114522433,0,e8f4b0511cf71503b0fb4da06fcb8bcc413d969d76a2a6f1a8ad6684649208da,contract_manifest,SUCCESS
TREE_U_DQ,A_reference_sequence_terminal_proxy,NONE,equivalent_exposure_progress_v1,torch_terminal_v1,0,17,37,3689c38f9947e8059b87ef5082c010ea4b8b73bef146601bda7f54d88d9986b5,formal,53.70109558105469,39.219149068267484,11.506116184719932,1.3574198513791385,28.303838691540466,1.3878249132191165,19.719683943168246,1.5998720114522433,0,e8f4b0511cf71503b0fb4da06fcb8bcc413d969d76a2a6f1a8ad6684649208da,contract_manifest,SUCCESS
TREE_U_DQ,A_reference_sequence_terminal_proxy,NONE,equivalent_exposure_progress_v1,torch_terminal_v1,0,17,45,f89410c437f281e05ca92c9f85a89bb4b5b41253d7122ca792e2e8d70d5f9db0,formal,52.31752395629883,53.864773713641675,0.618290091974041,3.178476583960978,28.303838691540466,1.3878249132191165,19.719683943168246,1.5998720114522433,0,e8f4b0511cf71503b0fb4da06fcb8bcc413d969d76a2a6f1a8ad6684649208da,contract_manifest,SUCCESS
TREE_U_DQ,A_reference_sequence_terminal_proxy,NONE,equivalent_exposure_progress_v1,torch_terminal_v1,0,17,50,54bdf5810da02479bf93c59aa1b26120bfd5010a0a14423ffbfc4b6a74c3fdb9,formal,1.7471812963485718,3.4664936426944184,0.834294660334478,0.5271913545001038,28.303838691540466,1.3878249132191165,19.719683943168246,1.5998720114522433,0,e8f4b0511cf71503b0fb4da06fcb8bcc413d969d76a2a6f1a8ad6684649208da,contract_manifest,SUCCESS
TREE_U_DQ,A_reference_sequence_terminal_proxy,NONE,equivalent_exposure_progress_v1,torch_terminal_v1,0,17,51,73473a287ae075daec030063466b079c19da048c94a811f5d919417d622c132b,formal,32.744380950927734,28.13096545605937,1.1464841466856521,0.8498592743004199,28.303838691540466,1.3878249132191165,19.719683943168246,1.5998720114522433,0,e8f4b0511cf71503b0fb4da06fcb8bcc413d969d76a2a6f1a8ad6684649208da,contract_manifest,SUCCESS
TREE_U_DQ,A_reference_sequence_terminal_proxy,NONE,equivalent_exposure_progress_v1,torch_terminal_v1,0,17,53,73473a287ae075daec030063466b079c19da048c94a811f5d919417d622c132b,formal,41.76206398010254,35.086162798041414,1.104825111699634,0.9342132733227055,28.303838691540466,1.3878249132191165,19.719683943168246,1.5998720114522433,0,e8f4b0511cf71503b0fb4da06fcb8bcc413d969d76a2a6f1a8ad6684649208da,contract_manifest,SUCCESS
TREE_U_DQ,A_reference_sequence_terminal_proxy,NONE,equivalent_exposure_progress_v1,torch_terminal_v1,0,17,60,effd732dee5a24b3ab2fa3bf7285e7bf0f1bcb9877a430006059b7699750a021,formal,46.7247428894043,37.98763263111163,3.095873782686277,1.1625687110678904,28.303838691540466,1.3878249132191165,19.719683943168246,1.5998720114522433,0,e8f4b0511cf71503b0fb4da06fcb8bcc413d969d76a2a6f1a8ad6684649208da,contract_manifest,SUCCESS
TREE_U_DQ,A_reference_sequence_terminal_proxy,NONE,equivalent_exposure_progress_v1,torch_terminal_v1,0,17,63,9204b6f9d2d9d6115cd61286c057d67be4f9c9208869ac4921cd29a650288373,formal,35.81507682800293,38.23884079543266,1.5550094089570836,1.2199158967359949,28.303838691540466,1.3878249132191165,19.719683943168246,1.5998720114522433,0,e8f4b0511cf71503b0fb4da06fcb8bcc413d969d76a2a6f1a8ad6684649208da,contract_manifest,SUCCESS
TREE_U_DQ,A_reference_sequence_terminal_proxy,NONE,equivalent_exposure_progress_v1,torch_terminal_v1,0,17,70,1ba03ca6b5871f84532efcd1ac2ad1140d33bf1d626655350e9ff0d4f2b0fcbb,formal,17.18430995941162,39.323570706720275,2.822591821768346,1.416275918915676,28.303838691540466,1.3878249132191165,19.719683943168246,1.5998720114522433,0,e8f4b0511cf71503b0fb4da06fcb8bcc413d969d76a2a6f1a8ad6684649208da,contract_manifest,SUCCESS
TREE_U_DQ,A_reference_sequence_terminal_proxy,NONE,equivalent_exposure_progress_v1,torch_terminal_v1,0,17,71,1ba03ca6b5871f84532efcd1ac2ad1140d33bf1d626655350e9ff0d4f2b0fcbb,formal,48.42877769470215,54.52585480824997,0.8223131359900213,2.4291053191081113,28.303838691540466,1.3878249132191165,19.719683943168246,1.5998720114522433,0,e8f4b0511cf71503b0fb4da06fcb8bcc413d969d76a2a6f1a8ad6684649208da,contract_manifest,SUCCESS
TREE_U_DQ,A_reference_sequence_terminal_proxy,NONE,equivalent_exposure_progress_v1,torch_terminal_v1,0,17,80,cb00b97a81a7996d7f555ea2f10f9313c10abf659f541275e999fbda4471fb95,formal,50.59038543701172,45.97244671875334,0.47149082416612653,1.432770204438369,28.303838691540466,1.3878249132191165,19.719683943168246,1.5998720114522433,0,e8f4b0511cf71503b0fb4da06fcb8bcc413d969d76a2a6f1a8ad6684649208da,contract_manifest,SUCCESS
TREE_U_DQ,A_reference_sequence_terminal_proxy,NONE,equivalent_exposure_progress_v1,torch_terminal_v1,0,17,83,05ebe211151b5c42ea77521c2d6176fab9089defd86ce310bf90b3f324d60207,formal,47.20834732055664,49.60806221331768,3.707253207823567,1.4135980547487943,28.303838691540466,1.3878249132191165,19.719683943168246,1.5998720114522433,0,e8f4b0511cf71503b0fb4da06fcb8bcc413d969d76a2a6f1a8ad6684649208da,contract_manifest,SUCCESS
TREE_U_DQ,A_reference_sequence_terminal_proxy,NONE,equivalent_exposure_progress_v1,torch_terminal_v1,0,17,84,b0de7b7f774bd4b8443b381c78462e76735d00836536718b12b6dec43d928d17,formal,19.04991912841797,8.127811459522551,0.6819201226507324,1.9592273646864002,28.303838691540466,1.3878249132191165,19.719683943168246,1.5998720114522433,0,e8f4b0511cf71503b0fb4da06fcb8bcc413d969d76a2a6f1a8ad6684649208da,contract_manifest,SUCCESS
TREE_U_DQ,A_reference_sequence_terminal_proxy,NONE,equivalent_exposure_progress_v1,torch_terminal_v1,0,17,89,434cc40d613f5f9e54f64010b37637f9465d262a9a94041cdb976cf0cbe7ef5a,formal,41.92535781860352,42.94502108831151,0.5358293439648069,1.1875489621701378,28.303838691540466,1.3878249132191165,19.719683943168246,1.5998720114522433,0,e8f4b0511cf71503b0fb4da06fcb8bcc413d969d76a2a6f1a8ad6684649208da,contract_manifest,SUCCESS
TREE_U_DQ,A_reference_sequence_terminal_proxy,NONE,equivalent_exposure_progress_v1,torch_terminal_v1,0,17,91,4e2cca025b4b2543e4f596540a03c1bb76e8876658fd5364f336e00dc74ca901,formal,25.771157264709476,11.975280381580012,0.8879033963097003,2.8303176481909986,28.303838691540466,1.3878249132191165,19.719683943168246,1.5998720114522433,0,e8f4b0511cf71503b0fb4da06fcb8bcc413d969d76a2a6f1a8ad6684649208da,contract_manifest,SUCCESS
TREE_U_DQ,A_reference_sequence_terminal_proxy,NONE,equivalent_exposure_progress_v1,torch_terminal_v1,0,17,97,75e8a3878cb5b07fc1219373158bf31b99facf7edf6c02931e54b63a6d81928a,formal,9.661888122558594,10.548237202480182,0.2892274102013272,0.38006439121663504,28.303838691540466,1.3878249132191165,19.719683943168246,1.5998720114522433,0,e8f4b0511cf71503b0fb4da06fcb8bcc413d969d76a2a6f1a8ad6684649208da,contract_manifest,SUCCESS
TREE_U_DQ,A_reference_sequence_terminal_proxy,NONE,equivalent_exposure_progress_v1,torch_terminal_v1,0,17,103,2dafc5c0f22998d3afe6699ea3c478747b2b3afd3903eeeb707b7b40f64f51b4,formal,38.72575950622559,41.02515942076654,0.5152116177074861,0.9176248535111856,28.303838691540466,1.3878249132191165,19.719683943168246,1.5998720114522433,0,e8f4b0511cf71503b0fb4da06fcb8bcc413d969d76a2a6f1a8ad6684649208da,contract_manifest,SUCCESS
TREE_U_DQ,A_reference_sequence_terminal_proxy,NONE,equivalent_exposure_progress_v1,torch_terminal_v1,0,17,108,607d2783453c8ad786d1ef5e7695b041f0718e8a505a0d17858cac60e079149e,formal,2.5217500925064087,5.844864176854525,1.7672759377983331,0.9195797825522808,28.303838691540466,1.3878249132191165,19.719683943168246,1.5998720114522433,0,e8f4b0511cf71503b0fb4da06fcb8bcc413d969d76a2a6f1a8ad6684649208da,contract_manifest,SUCCESS
TREE_U_DQ,A_reference_sequence_terminal_proxy,NONE,equivalent_exposure_progress_v1,torch_terminal_v1,0,17,118,9b4ea5c4658350b5838f157a2cc6f05607f6f74cbdcd8278f1e67d67ed39c52f,formal,46.120548248291016,48.01705520700272,2.859237575174291,1.8157320755892545,28.303838691540466,1.3878249132191165,19.719683943168246,1.5998720114522433,0,e8f4b0511cf71503b0fb4da06fcb8bcc413d969d76a2a6f1a8ad6684649208da,contract_manifest,SUCCESS
TREE_U_DQ,A_reference_sequence_terminal_proxy,NONE,equivalent_exposure_progress_v1,torch_terminal_v1,0,17,160,0173a9b0e73614a22e0130f113fb8339d3922904a34f19fff1ba4a50c552968f,pass_main,9.461623668670654,6.018589025860553,0.6723047202730627,1.02380228988844,28.303838691540466,1.3878249132191165,19.719683943168246,1.5998720114522433,0,e8f4b0511cf71503b0fb4da06fcb8bcc413d969d76a2a6f1a8ad6684649208da,contract_manifest,SUCCESS
TREE_U_DQ,A_reference_sequence_terminal_proxy,NONE,equivalent_exposure_progress_v1,torch_terminal_v1,0,17,161,0173a9b0e73614a22e0130f113fb8339d3922904a34f19fff1ba4a50c552968f,pass_main,17.771986961364746,13.747183436886,0.5452205446551697,1.0870480252463977,28.303838691540466,1.3878249132191165,19.719683943168246,1.5998720114522433,0,e8f4b0511cf71503b0fb4da06fcb8bcc413d969d76a2a6f1a8ad6684649208da,contract_manifest,SUCCESS
TREE_U_DQ,A_reference_sequence_terminal_proxy,NONE,equivalent_exposure_progress_v1,torch_terminal_v1,0,17,162,0173a9b0e73614a22e0130f113fb8339d3922904a34f19fff1ba4a50c552968f,pass_main,30.96079444885254,28.83291831560236,1.8018651413929212,0.8349541190765548,28.303838691540466,1.3878249132191165,19.719683943168246,1.5998720114522433,0,e8f4b0511cf71503b0fb4da06fcb8bcc413d969d76a2a6f1a8ad6684649208da,contract_manifest,SUCCESS
TREE_U_DQ,A_reference_sequence_terminal_proxy,NONE,equivalent_exposure_progress_v1,torch_terminal_v1,0,17,163,0173a9b0e73614a22e0130f113fb8339d3922904a34f19fff1ba4a50c552968f,pass_main,25.31327724456787,23.8602638306094,0.5217670127238045,0.8663325752285853,28.303838691540466,1.3878249132191165,19.719683943168246,1.5998720114522433,0,e8f4b0511cf71503b0fb4da06fcb8bcc413d969d76a2a6f1a8ad6684649208da,contract_manifest,SUCCESS
TREE_U_DQ,A_reference_sequence_terminal_proxy,NONE,equivalent_exposure_progress_v1,torch_terminal_v1,0,17,164,5886f771fde37e70fe702dc50f81a0018420e6baac5f3a761311ef50098c5342,pass_main,11.041552543640137,22.761366631884034,0.8531545536801359,0.889287984596026,28.303838691540466,1.3878249132191165,19.719683943168246,1.5998720114522433,0,e8f4b0511cf71503b0fb4da06fcb8bcc413d969d76a2a6f1a8ad6684649208da,contract_manifest,SUCCESS
TREE_U_DQ,A_reference_sequence_terminal_proxy,NONE,equivalent_exposure_progress_v1,torch_terminal_v1,0,17,165,5886f771fde37e70fe702dc50f81a0018420e6baac5f3a761311ef50098c5342,pass_main,7.956956624984741,14.969821872323521,0.9855645956828885,1.2861895105638885,28.303838691540466,1.3878249132191165,19.719683943168246,1.5998720114522433,0,e8f4b0511cf71503b0fb4da06fcb8bcc413d969d76a2a6f1a8ad6684649208da,contract_manifest,SUCCESS
TREE_U_DQ,A_reference_sequence_terminal_proxy,NONE,equivalent_exposure_progress_v1,torch_terminal_v1,0,17,166,5886f771fde37e70fe702dc50f81a0018420e6baac5f3a761311ef50098c5342,pass_main,2.388783693313598,5.888695892242866,1.3098049928755577,1.4349170052685865,28.303838691540466,1.3878249132191165,19.719683943168246,1.5998720114522433,0,e8f4b0511cf71503b0fb4da06fcb8bcc413d969d76a2a6f1a8ad6684649208da,contract_manifest,SUCCESS
TREE_U_DQ,A_reference_sequence_terminal_proxy,NONE,equivalent_exposure_progress_v1,torch_terminal_v1,0,17,167,5886f771fde37e70fe702dc50f81a0018420e6baac5f3a761311ef50098c5342,pass_main,15.42117404937744,26.192749457844336,3.627420071449651,0.7889837669794943,28.303838691540466,1.3878249132191165,19.719683943168246,1.5998720114522433,0,e8f4b0511cf71503b0fb4da06fcb8bcc413d969d76a2a6f1a8ad6684649208da,contract_manifest,SUCCESS
TREE_U_DQ,A_reference_sequence_terminal_proxy,NONE,equivalent_exposure_progress_v1,torch_terminal_v1,0,17,176,be21bfed3c648b372b27970a9f1258427c6746d96e1eb37fa62715eb2e831bdc,pass_main,11.469114303588867,6.048810055930028,1.035199566252268,2.3166135492708855,28.303838691540466,1.3878249132191165,19.719683943168246,1.5998720114522433,0,e8f4b0511cf71503b0fb4da06fcb8bcc413d969d76a2a6f1a8ad6684649208da,contract_manifest,SUCCESS
TREE_U_DQ,A_reference_sequence_terminal_proxy,NONE,equivalent_exposure_progress_v1,torch_terminal_v1,0,17,177,be21bfed3c648b372b27970a9f1258427c6746d96e1eb37fa62715eb2e831bdc,pass_main,21.245290756225582,24.870149667526093,0.488815611625548,1.6833895160595678,28.303838691540466,1.3878249132191165,19.719683943168246,1.5998720114522433,0,e8f4b0511cf71503b0fb4da06fcb8bcc413d969d76a2a6f1a8ad6684649208da,contract_manifest,SUCCESS
TREE_U_DQ,A_reference_sequence_terminal_proxy,NONE,equivalent_exposure_progress_v1,torch_terminal_v1,0,17,178,be21bfed3c648b372b27970a9f1258427c6746d96e1eb37fa62715eb2e831bdc,pass_main,29.068297386169437,34.07073062754566,0.6015389825741759,1.4180274753404447,28.303838691540466,1.3878249132191165,19.719683943168246,1.5998720114522433,0,e8f4b0511cf71503b0fb4da06fcb8bcc413d969d76a2a6f1a8ad6684649208da,contract_manifest,SUCCESS
TREE_U_DQ,A_reference_sequence_terminal_proxy,NONE,equivalent_exposure_progress_v1,torch_terminal_v1,0,17,179,be21bfed3c648b372b27970a9f1258427c6746d96e1eb37fa62715eb2e831bdc,pass_main,35.57953071594238,38.08453317172782,0.7167923080238093,1.1174456935407895,28.303838691540466,1.3878249132191165,19.719683943168246,1.5998720114522433,0,e8f4b0511cf71503b0fb4da06fcb8bcc413d969d76a2a6f1a8ad6684649208da,contract_manifest,SUCCESS
STATIC_PHY_K4_AUX,A_reference_sequence_terminal_proxy,RLOG_EQEXP_v1,equivalent_exposure_progress_v1,torch_terminal_v1,0,17,3,18adeab07c66f0a6220f42b552e8f6371eec7998e00b068e57fe071ba3c10f72,formal,2.1620235443115234,11.238027572631836,0.3509867281904462,1.6016321182250977,28.303838691540466,1.3878249132191165,19.719683943168246,1.5998720114522433,4,f2c4a6a941d86ab7e009a5c15d6a84d8d1cdca112b6f0e92376e1b83233b7f99,contract_manifest,SUCCESS
STATIC_PHY_K4_AUX,A_reference_sequence_terminal_proxy,RLOG_EQEXP_v1,equivalent_exposure_progress_v1,torch_terminal_v1,0,17,5,d878d557bd642809900e1cd2cbfa297663c19430f739151859fb0df411813932,formal,0.7911836206912994,11.039173126220703,0.7214682340898958,1.6016321182250977,28.303838691540466,1.3878249132191165,19.719683943168246,1.5998720114522433,4,f2c4a6a941d86ab7e009a5c15d6a84d8d1cdca112b6f0e92376e1b83233b7f99,contract_manifest,SUCCESS
STATIC_PHY_K4_AUX,A_reference_sequence_terminal_proxy,RLOG_EQEXP_v1,equivalent_exposure_progress_v1,torch_terminal_v1,0,17,8,5a8d034dc5bc855c8cc7167052b204006334cad601c697d737030b6cfbbeafac,formal,57.03376770019531,46.61219787597656,0.33882744664664216,1.6016321182250977,28.303838691540466,1.3878249132191165,19.719683943168246,1.5998720114522433,4,f2c4a6a941d86ab7e009a5c15d6a84d8d1cdca112b6f0e92376e1b83233b7f99,contract_manifest,SUCCESS
STATIC_PHY_K4_AUX,A_reference_sequence_terminal_proxy,RLOG_EQEXP_v1,equivalent_exposure_progress_v1,torch_terminal_v1,0,17,19,ba76e90434e71d41c24161680085b4277285f7a175516149b86a70da126f2240,formal,63.11563491821289,88.928955078125,9.056636092849038,0.9501222372055054,28.303838691540466,1.3878249132191165,19.719683943168246,1.5998720114522433,4,f2c4a6a941d86ab7e009a5c15d6a84d8d1cdca112b6f0e92376e1b83233b7f99,contract_manifest,SUCCESS
STATIC_PHY_K4_AUX,A_reference_sequence_terminal_proxy,RLOG_EQEXP_v1,equivalent_exposure_progress_v1,torch_terminal_v1,0,17,33,8602be088ade4aa03b97055e8634fedfb21f0b6554c53366ac0e3df4de389311,formal,55.18541145324707,37.350685119628906,0.5826469633878488,1.6016321182250977,28.303838691540466,1.3878249132191165,19.719683943168246,1.5998720114522433,4,f2c4a6a941d86ab7e009a5c15d6a84d8d1cdca112b6f0e92376e1b83233b7f99,contract_manifest,SUCCESS
STATIC_PHY_K4_AUX,A_reference_sequence_terminal_proxy,RLOG_EQEXP_v1,equivalent_exposure_progress_v1,torch_terminal_v1,0,17,35,2408b1dc1a902affc49faba1eb1a7974a98411526f82e856c2cca0b9effe2a3a,formal,54.87403869628906,21.96179962158203,0.764299620637193,1.2926173210144043,28.303838691540466,1.3878249132191165,19.719683943168246,1.5998720114522433,4,f2c4a6a941d86ab7e009a5c15d6a84d8d1cdca112b6f0e92376e1b83233b7f99,contract_manifest,SUCCESS
STATIC_PHY_K4_AUX,A_reference_sequence_terminal_proxy,RLOG_EQEXP_v1,equivalent_exposure_progress_v1,torch_terminal_v1,0,17,37,3689c38f9947e8059b87ef5082c010ea4b8b73bef146601bda7f54d88d9986b5,formal,53.70109558105469,35.778411865234375,11.506116184719932,1.6016321182250977,28.303838691540466,1.3878249132191165,19.719683943168246,1.5998720114522433,4,f2c4a6a941d86ab7e009a5c15d6a84d8d1cdca112b6f0e92376e1b83233b7f99,contract_manifest,SUCCESS
STATIC_PHY_K4_AUX,A_reference_sequence_terminal_proxy,RLOG_EQEXP_v1,equivalent_exposure_progress_v1,torch_terminal_v1,0,17,45,f89410c437f281e05ca92c9f85a89bb4b5b41253d7122ca792e2e8d70d5f9db0,formal,52.31752395629883,22.620887756347656,0.618290091974041,1.6016321182250977,28.303838691540466,1.3878249132191165,19.719683943168246,1.5998720114522433,4,f2c4a6a941d86ab7e009a5c15d6a84d8d1cdca112b6f0e92376e1b83233b7f99,contract_manifest,SUCCESS
STATIC_PHY_K4_AUX,A_reference_sequence_terminal_proxy,RLOG_EQEXP_v1,equivalent_exposure_progress_v1,torch_terminal_v1,0,17,50,54bdf5810da02479bf93c59aa1b26120bfd5010a0a14423ffbfc4b6a74c3fdb9,formal,1.7471812963485718,11.11148452758789,0.834294660334478,1.6016321182250977,28.303838691540466,1.3878249132191165,19.719683943168246,1.5998720114522433,4,f2c4a6a941d86ab7e009a5c15d6a84d8d1cdca112b6f0e92376e1b83233b7f99,contract_manifest,SUCCESS
STATIC_PHY_K4_AUX,A_reference_sequence_terminal_proxy,RLOG_EQEXP_v1,equivalent_exposure_progress_v1,torch_terminal_v1,0,17,51,73473a287ae075daec030063466b079c19da048c94a811f5d919417d622c132b,formal,32.744380950927734,21.40737533569336,1.1464841466856521,1.6016321182250977,28.303838691540466,1.3878249132191165,19.719683943168246,1.5998720114522433,4,f2c4a6a941d86ab7e009a5c15d6a84d8d1cdca112b6f0e92376e1b83233b7f99,contract_manifest,SUCCESS
STATIC_PHY_K4_AUX,A_reference_sequence_terminal_proxy,RLOG_EQEXP_v1,equivalent_exposure_progress_v1,torch_terminal_v1,0,17,53,73473a287ae075daec030063466b079c19da048c94a811f5d919417d622c132b,formal,41.76206398010254,26.80841064453125,1.104825111699634,1.6016321182250977,28.303838691540466,1.3878249132191165,19.719683943168246,1.5998720114522433,4,f2c4a6a941d86ab7e009a5c15d6a84d8d1cdca112b6f0e92376e1b83233b7f99,contract_manifest,SUCCESS
STATIC_PHY_K4_AUX,A_reference_sequence_terminal_proxy,RLOG_EQEXP_v1,equivalent_exposure_progress_v1,torch_terminal_v1,0,17,60,effd732dee5a24b3ab2fa3bf7285e7bf0f1bcb9877a430006059b7699750a021,formal,46.7247428894043,20.903396606445312,3.095873782686277,1.6016321182250977,28.303838691540466,1.3878249132191165,19.719683943168246,1.5998720114522433,4,f2c4a6a941d86ab7e009a5c15d6a84d8d1cdca112b6f0e92376e1b83233b7f99,contract_manifest,SUCCESS
STATIC_PHY_K4_AUX,A_reference_sequence_terminal_proxy,RLOG_EQEXP_v1,equivalent_exposure_progress_v1,torch_terminal_v1,0,17,63,9204b6f9d2d9d6115cd61286c057d67be4f9c9208869ac4921cd29a650288373,formal,35.81507682800293,21.93320655822754,1.5550094089570836,1.6016321182250977,28.303838691540466,1.3878249132191165,19.719683943168246,1.5998720114522433,4,f2c4a6a941d86ab7e009a5c15d6a84d8d1cdca112b6f0e92376e1b83233b7f99,contract_manifest,SUCCESS
STATIC_PHY_K4_AUX,A_reference_sequence_terminal_proxy,RLOG_EQEXP_v1,equivalent_exposure_progress_v1,torch_terminal_v1,0,17,70,1ba03ca6b5871f84532efcd1ac2ad1140d33bf1d626655350e9ff0d4f2b0fcbb,formal,17.18430995941162,28.228160858154297,2.822591821768346,1.6016321182250977,28.303838691540466,1.3878249132191165,19.719683943168246,1.5998720114522433,4,f2c4a6a941d86ab7e009a5c15d6a84d8d1cdca112b6f0e92376e1b83233b7f99,contract_manifest,SUCCESS
STATIC_PHY_K4_AUX,A_reference_sequence_terminal_proxy,RLOG_EQEXP_v1,equivalent_exposure_progress_v1,torch_terminal_v1,0,17,71,1ba03ca6b5871f84532efcd1ac2ad1140d33bf1d626655350e9ff0d4f2b0fcbb,formal,48.42877769470215,44.93094253540039,0.8223131359900213,1.2874858379364014,28.303838691540466,1.3878249132191165,19.719683943168246,1.5998720114522433,4,f2c4a6a941d86ab7e009a5c15d6a84d8d1cdca112b6f0e92376e1b83233b7f99,contract_manifest,SUCCESS
STATIC_PHY_K4_AUX,A_reference_sequence_terminal_proxy,RLOG_EQEXP_v1,equivalent_exposure_progress_v1,torch_terminal_v1,0,17,80,cb00b97a81a7996d7f555ea2f10f9313c10abf659f541275e999fbda4471fb95,formal,50.59038543701172,74.7942123413086,0.47149082416612653,1.6016321182250977,28.303838691540466,1.3878249132191165,19.719683943168246,1.5998720114522433,4,f2c4a6a941d86ab7e009a5c15d6a84d8d1cdca112b6f0e92376e1b83233b7f99,contract_manifest,SUCCESS
STATIC_PHY_K4_AUX,A_reference_sequence_terminal_proxy,RLOG_EQEXP_v1,equivalent_exposure_progress_v1,torch_terminal_v1,0,17,83,05ebe211151b5c42ea77521c2d6176fab9089defd86ce310bf90b3f324d60207,formal,47.20834732055664,24.39891815185547,3.707253207823567,1.290169358253479,28.303838691540466,1.3878249132191165,19.719683943168246,1.5998720114522433,4,f2c4a6a941d86ab7e009a5c15d6a84d8d1cdca112b6f0e92376e1b83233b7f99,contract_manifest,SUCCESS
STATIC_PHY_K4_AUX,A_reference_sequence_terminal_proxy,RLOG_EQEXP_v1,equivalent_exposure_progress_v1,torch_terminal_v1,0,17,84,b0de7b7f774bd4b8443b381c78462e76735d00836536718b12b6dec43d928d17,formal,19.04991912841797,13.036706924438477,0.6819201226507324,1.6016321182250977,28.303838691540466,1.3878249132191165,19.719683943168246,1.5998720114522433,4,f2c4a6a941d86ab7e009a5c15d6a84d8d1cdca112b6f0e92376e1b83233b7f99,contract_manifest,SUCCESS
STATIC_PHY_K4_AUX,A_reference_sequence_terminal_proxy,RLOG_EQEXP_v1,equivalent_exposure_progress_v1,torch_terminal_v1,0,17,89,434cc40d613f5f9e54f64010b37637f9465d262a9a94041cdb976cf0cbe7ef5a,formal,41.92535781860352,54.66243362426758,0.5358293439648069,1.6016321182250977,28.303838691540466,1.3878249132191165,19.719683943168246,1.5998720114522433,4,f2c4a6a941d86ab7e009a5c15d6a84d8d1cdca112b6f0e92376e1b83233b7f99,contract_manifest,SUCCESS
STATIC_PHY_K4_AUX,A_reference_sequence_terminal_proxy,RLOG_EQEXP_v1,equivalent_exposure_progress_v1,torch_terminal_v1,0,17,91,4e2cca025b4b2543e4f596540a03c1bb76e8876658fd5364f336e00dc74ca901,formal,25.771157264709476,16.899185180664062,0.8879033963097003,1.6016321182250977,28.303838691540466,1.3878249132191165,19.719683943168246,1.5998720114522433,4,f2c4a6a941d86ab7e009a5c15d6a84d8d1cdca112b6f0e92376e1b83233b7f99,contract_manifest,SUCCESS
STATIC_PHY_K4_AUX,A_reference_sequence_terminal_proxy,RLOG_EQEXP_v1,equivalent_exposure_progress_v1,torch_terminal_v1,0,17,97,75e8a3878cb5b07fc1219373158bf31b99facf7edf6c02931e54b63a6d81928a,formal,9.661888122558594,13.13618278503418,0.2892274102013272,1.6016321182250977,28.303838691540466,1.3878249132191165,19.719683943168246,1.5998720114522433,4,f2c4a6a941d86ab7e009a5c15d6a84d8d1cdca112b6f0e92376e1b83233b7f99,contract_manifest,SUCCESS
STATIC_PHY_K4_AUX,A_reference_sequence_terminal_proxy,RLOG_EQEXP_v1,equivalent_exposure_progress_v1,torch_terminal_v1,0,17,103,2dafc5c0f22998d3afe6699ea3c478747b2b3afd3903eeeb707b7b40f64f51b4,formal,38.72575950622559,26.036832809448242,0.5152116177074861,1.6016321182250977,28.303838691540466,1.3878249132191165,19.719683943168246,1.5998720114522433,4,f2c4a6a941d86ab7e009a5c15d6a84d8d1cdca112b6f0e92376e1b83233b7f99,contract_manifest,SUCCESS
STATIC_PHY_K4_AUX,A_reference_sequence_terminal_proxy,RLOG_EQEXP_v1,equivalent_exposure_progress_v1,torch_terminal_v1,0,17,108,607d2783453c8ad786d1ef5e7695b041f0718e8a505a0d17858cac60e079149e,formal,2.5217500925064087,11.376885414123535,1.7672759377983331,1.6016321182250977,28.303838691540466,1.3878249132191165,19.719683943168246,1.5998720114522433,4,f2c4a6a941d86ab7e009a5c15d6a84d8d1cdca112b6f0e92376e1b83233b7f99,contract_manifest,SUCCESS
STATIC_PHY_K4_AUX,A_reference_sequence_terminal_proxy,RLOG_EQEXP_v1,equivalent_exposure_progress_v1,torch_terminal_v1,0,17,118,9b4ea5c4658350b5838f157a2cc6f05607f6f74cbdcd8278f1e67d67ed39c52f,formal,46.120548248291016,32.633872985839844,2.859237575174291,1.6016321182250977,28.303838691540466,1.3878249132191165,19.719683943168246,1.5998720114522433,4,f2c4a6a941d86ab7e009a5c15d6a84d8d1cdca112b6f0e92376e1b83233b7f99,contract_manifest,SUCCESS
STATIC_PHY_K4_AUX,A_reference_sequence_terminal_proxy,RLOG_EQEXP_v1,equivalent_exposure_progress_v1,torch_terminal_v1,0,17,160,0173a9b0e73614a22e0130f113fb8339d3922904a34f19fff1ba4a50c552968f,pass_main,9.461623668670654,11.955567359924316,0.6723047202730627,1.6016321182250977,28.303838691540466,1.3878249132191165,19.719683943168246,1.5998720114522433,4,f2c4a6a941d86ab7e009a5c15d6a84d8d1cdca112b6f0e92376e1b83233b7f99,contract_manifest,SUCCESS
STATIC_PHY_K4_AUX,A_reference_sequence_terminal_proxy,RLOG_EQEXP_v1,equivalent_exposure_progress_v1,torch_terminal_v1,0,17,161,0173a9b0e73614a22e0130f113fb8339d3922904a34f19fff1ba4a50c552968f,pass_main,17.771986961364746,13.305826187133789,0.5452205446551697,1.6016321182250977,28.303838691540466,1.3878249132191165,19.719683943168246,1.5998720114522433,4,f2c4a6a941d86ab7e009a5c15d6a84d8d1cdca112b6f0e92376e1b83233b7f99,contract_manifest,SUCCESS
STATIC_PHY_K4_AUX,A_reference_sequence_terminal_proxy,RLOG_EQEXP_v1,equivalent_exposure_progress_v1,torch_terminal_v1,0,17,162,0173a9b0e73614a22e0130f113fb8339d3922904a34f19fff1ba4a50c552968f,pass_main,30.96079444885254,16.0063419342041,1.8018651413929212,1.6016321182250977,28.303838691540466,1.3878249132191165,19.719683943168246,1.5998720114522433,4,f2c4a6a941d86ab7e009a5c15d6a84d8d1cdca112b6f0e92376e1b83233b7f99,contract_manifest,SUCCESS
STATIC_PHY_K4_AUX,A_reference_sequence_terminal_proxy,RLOG_EQEXP_v1,equivalent_exposure_progress_v1,torch_terminal_v1,0,17,163,0173a9b0e73614a22e0130f113fb8339d3922904a34f19fff1ba4a50c552968f,pass_main,25.31327724456787,14.656084060668945,0.5217670127238045,1.6016321182250977,28.303838691540466,1.3878249132191165,19.719683943168246,1.5998720114522433,4,f2c4a6a941d86ab7e009a5c15d6a84d8d1cdca112b6f0e92376e1b83233b7f99,contract_manifest,SUCCESS
STATIC_PHY_K4_AUX,A_reference_sequence_terminal_proxy,RLOG_EQEXP_v1,equivalent_exposure_progress_v1,torch_terminal_v1,0,17,164,5886f771fde37e70fe702dc50f81a0018420e6baac5f3a761311ef50098c5342,pass_main,11.041552543640137,11.415464401245117,0.8531545536801359,1.6016321182250977,28.303838691540466,1.3878249132191165,19.719683943168246,1.5998720114522433,4,f2c4a6a941d86ab7e009a5c15d6a84d8d1cdca112b6f0e92376e1b83233b7f99,contract_manifest,SUCCESS
STATIC_PHY_K4_AUX,A_reference_sequence_terminal_proxy,RLOG_EQEXP_v1,equivalent_exposure_progress_v1,torch_terminal_v1,0,17,165,5886f771fde37e70fe702dc50f81a0018420e6baac5f3a761311ef50098c5342,pass_main,7.956956624984741,11.14541244506836,0.9855645956828885,1.6016321182250977,28.303838691540466,1.3878249132191165,19.719683943168246,1.5998720114522433,4,f2c4a6a941d86ab7e009a5c15d6a84d8d1cdca112b6f0e92376e1b83233b7f99,contract_manifest,SUCCESS
STATIC_PHY_K4_AUX,A_reference_sequence_terminal_proxy,RLOG_EQEXP_v1,equivalent_exposure_progress_v1,torch_terminal_v1,0,17,166,5886f771fde37e70fe702dc50f81a0018420e6baac5f3a761311ef50098c5342,pass_main,2.388783693313598,10.875361442565918,1.3098049928755577,1.6016321182250977,28.303838691540466,1.3878249132191165,19.719683943168246,1.5998720114522433,4,f2c4a6a941d86ab7e009a5c15d6a84d8d1cdca112b6f0e92376e1b83233b7f99,contract_manifest,SUCCESS
STATIC_PHY_K4_AUX,A_reference_sequence_terminal_proxy,RLOG_EQEXP_v1,equivalent_exposure_progress_v1,torch_terminal_v1,0,17,167,5886f771fde37e70fe702dc50f81a0018420e6baac5f3a761311ef50098c5342,pass_main,15.42117404937744,11.685516357421875,3.627420071449651,1.6016321182250977,28.303838691540466,1.3878249132191165,19.719683943168246,1.5998720114522433,4,f2c4a6a941d86ab7e009a5c15d6a84d8d1cdca112b6f0e92376e1b83233b7f99,contract_manifest,SUCCESS
STATIC_PHY_K4_AUX,A_reference_sequence_terminal_proxy,RLOG_EQEXP_v1,equivalent_exposure_progress_v1,torch_terminal_v1,0,17,176,be21bfed3c648b372b27970a9f1258427c6746d96e1eb37fa62715eb2e831bdc,pass_main,11.469114303588867,11.59579086303711,1.035199566252268,1.601631999015808,28.303838691540466,1.3878249132191165,19.719683943168246,1.5998720114522433,4,f2c4a6a941d86ab7e009a5c15d6a84d8d1cdca112b6f0e92376e1b83233b7f99,contract_manifest,SUCCESS
STATIC_PHY_K4_AUX,A_reference_sequence_terminal_proxy,RLOG_EQEXP_v1,equivalent_exposure_progress_v1,torch_terminal_v1,0,17,177,be21bfed3c648b372b27970a9f1258427c6746d96e1eb37fa62715eb2e831bdc,pass_main,21.245290756225582,12.586273193359375,0.488815611625548,1.601631999015808,28.303838691540466,1.3878249132191165,19.719683943168246,1.5998720114522433,4,f2c4a6a941d86ab7e009a5c15d6a84d8d1cdca112b6f0e92376e1b83233b7f99,contract_manifest,SUCCESS
STATIC_PHY_K4_AUX,A_reference_sequence_terminal_proxy,RLOG_EQEXP_v1,equivalent_exposure_progress_v1,torch_terminal_v1,0,17,178,be21bfed3c648b372b27970a9f1258427c6746d96e1eb37fa62715eb2e831bdc,pass_main,29.068297386169437,13.576754570007324,0.6015389825741759,1.601631999015808,28.303838691540466,1.3878249132191165,19.719683943168246,1.5998720114522433,4,f2c4a6a941d86ab7e009a5c15d6a84d8d1cdca112b6f0e92376e1b83233b7f99,contract_manifest,SUCCESS
STATIC_PHY_K4_AUX,A_reference_sequence_terminal_proxy,RLOG_EQEXP_v1,equivalent_exposure_progress_v1,torch_terminal_v1,0,17,179,be21bfed3c648b372b27970a9f1258427c6746d96e1eb37fa62715eb2e831bdc,pass_main,35.57953071594238,14.567235946655273,0.7167923080238093,1.601631999015808,28.303838691540466,1.3878249132191165,19.719683943168246,1.5998720114522433,4,f2c4a6a941d86ab7e009a5c15d6a84d8d1cdca112b6f0e92376e1b83233b7f99,contract_manifest,SUCCESS
GRU_PHY_K4_AUX,A_reference_sequence_terminal_proxy,RLOG_EQEXP_v1,equivalent_exposure_progress_v1,torch_terminal_v1,0,17,3,18adeab07c66f0a6220f42b552e8f6371eec7998e00b068e57fe071ba3c10f72,formal,2.1620235443115234,10.62355899810791,0.3509867281904462,1.2548396587371826,28.303838691540466,1.3878249132191165,19.719683943168246,1.5998720114522433,4,8537d6357a9ad869879351452213e4d360c18fa694fbe941b64de55d7cfbd431,contract_manifest,SUCCESS
GRU_PHY_K4_AUX,A_reference_sequence_terminal_proxy,RLOG_EQEXP_v1,equivalent_exposure_progress_v1,torch_terminal_v1,0,17,5,d878d557bd642809900e1cd2cbfa297663c19430f739151859fb0df411813932,formal,0.7911836206912994,10.426309585571289,0.7214682340898958,1.258899211883545,28.303838691540466,1.3878249132191165,19.719683943168246,1.5998720114522433,4,8537d6357a9ad869879351452213e4d360c18fa694fbe941b64de55d7cfbd431,contract_manifest,SUCCESS
GRU_PHY_K4_AUX,A_reference_sequence_terminal_proxy,RLOG_EQEXP_v1,equivalent_exposure_progress_v1,torch_terminal_v1,0,17,8,5a8d034dc5bc855c8cc7167052b204006334cad601c697d737030b6cfbbeafac,formal,57.03376770019531,45.758705139160156,0.33882744664664216,1.2862365245819092,28.303838691540466,1.3878249132191165,19.719683943168246,1.5998720114522433,4,8537d6357a9ad869879351452213e4d360c18fa694fbe941b64de55d7cfbd431,contract_manifest,SUCCESS
GRU_PHY_K4_AUX,A_reference_sequence_terminal_proxy,RLOG_EQEXP_v1,equivalent_exposure_progress_v1,torch_terminal_v1,0,17,19,ba76e90434e71d41c24161680085b4277285f7a175516149b86a70da126f2240,formal,63.11563491821289,91.3614501953125,9.056636092849038,1.5055363178253174,28.303838691540466,1.3878249132191165,19.719683943168246,1.5998720114522433,4,8537d6357a9ad869879351452213e4d360c18fa694fbe941b64de55d7cfbd431,contract_manifest,SUCCESS
GRU_PHY_K4_AUX,A_reference_sequence_terminal_proxy,RLOG_EQEXP_v1,equivalent_exposure_progress_v1,torch_terminal_v1,0,17,33,8602be088ade4aa03b97055e8634fedfb21f0b6554c53366ac0e3df4de389311,formal,55.18541145324707,36.716190338134766,0.5826469633878488,1.2653177976608276,28.303838691540466,1.3878249132191165,19.719683943168246,1.5998720114522433,4,8537d6357a9ad869879351452213e4d360c18fa694fbe941b64de55d7cfbd431,contract_manifest,SUCCESS
GRU_PHY_K4_AUX,A_reference_sequence_terminal_proxy,RLOG_EQEXP_v1,equivalent_exposure_progress_v1,torch_terminal_v1,0,17,35,2408b1dc1a902affc49faba1eb1a7974a98411526f82e856c2cca0b9effe2a3a,formal,54.87403869628906,19.31501007080078,0.764299620637193,1.1481740474700928,28.303838691540466,1.3878249132191165,19.719683943168246,1.5998720114522433,4,8537d6357a9ad869879351452213e4d360c18fa694fbe941b64de55d7cfbd431,contract_manifest,SUCCESS
GRU_PHY_K4_AUX,A_reference_sequence_terminal_proxy,RLOG_EQEXP_v1,equivalent_exposure_progress_v1,torch_terminal_v1,0,17,37,3689c38f9947e8059b87ef5082c010ea4b8b73bef146601bda7f54d88d9986b5,formal,53.70109558105469,35.16307830810547,11.506116184719932,1.2611415386199951,28.303838691540466,1.3878249132191165,19.719683943168246,1.5998720114522433,4,8537d6357a9ad869879351452213e4d360c18fa694fbe941b64de55d7cfbd431,contract_manifest,SUCCESS
GRU_PHY_K4_AUX,A_reference_sequence_terminal_proxy,RLOG_EQEXP_v1,equivalent_exposure_progress_v1,torch_terminal_v1,0,17,45,f89410c437f281e05ca92c9f85a89bb4b5b41253d7122ca792e2e8d70d5f9db0,formal,52.31752395629883,21.757835388183594,0.618290091974041,1.2838863134384155,28.303838691540466,1.3878249132191165,19.719683943168246,1.5998720114522433,4,8537d6357a9ad869879351452213e4d360c18fa694fbe941b64de55d7cfbd431,contract_manifest,SUCCESS
GRU_PHY_K4_AUX,A_reference_sequence_terminal_proxy,RLOG_EQEXP_v1,equivalent_exposure_progress_v1,torch_terminal_v1,0,17,50,54bdf5810da02479bf93c59aa1b26120bfd5010a0a14423ffbfc4b6a74c3fdb9,formal,1.7471812963485718,10.496047019958496,0.834294660334478,1.2548062801361084,28.303838691540466,1.3878249132191165,19.719683943168246,1.5998720114522433,4,8537d6357a9ad869879351452213e4d360c18fa694fbe941b64de55d7cfbd431,contract_manifest,SUCCESS
GRU_PHY_K4_AUX,A_reference_sequence_terminal_proxy,RLOG_EQEXP_v1,equivalent_exposure_progress_v1,torch_terminal_v1,0,17,51,73473a287ae075daec030063466b079c19da048c94a811f5d919417d622c132b,formal,32.744380950927734,20.793956756591797,1.1464841466856521,1.2601239681243896,28.303838691540466,1.3878249132191165,19.719683943168246,1.5998720114522433,4,8537d6357a9ad869879351452213e4d360c18fa694fbe941b64de55d7cfbd431,contract_manifest,SUCCESS
GRU_PHY_K4_AUX,A_reference_sequence_terminal_proxy,RLOG_EQEXP_v1,equivalent_exposure_progress_v1,torch_terminal_v1,0,17,53,73473a287ae075daec030063466b079c19da048c94a811f5d919417d622c132b,formal,41.76206398010254,26.184947967529297,1.104825111699634,1.2619847059249878,28.303838691540466,1.3878249132191165,19.719683943168246,1.5998720114522433,4,8537d6357a9ad869879351452213e4d360c18fa694fbe941b64de55d7cfbd431,contract_manifest,SUCCESS
GRU_PHY_K4_AUX,A_reference_sequence_terminal_proxy,RLOG_EQEXP_v1,equivalent_exposure_progress_v1,torch_terminal_v1,0,17,60,effd732dee5a24b3ab2fa3bf7285e7bf0f1bcb9877a430006059b7699750a021,formal,46.7247428894043,20.288795471191406,3.095873782686277,1.2604937553405762,28.303838691540466,1.3878249132191165,19.719683943168246,1.5998720114522433,4,8537d6357a9ad869879351452213e4d360c18fa694fbe941b64de55d7cfbd431,contract_manifest,SUCCESS
GRU_PHY_K4_AUX,A_reference_sequence_terminal_proxy,RLOG_EQEXP_v1,equivalent_exposure_progress_v1,torch_terminal_v1,0,17,63,9204b6f9d2d9d6115cd61286c057d67be4f9c9208869ac4921cd29a650288373,formal,35.81507682800293,21.318302154541016,1.5550094089570836,1.2605040073394775,28.303838691540466,1.3878249132191165,19.719683943168246,1.5998720114522433,4,8537d6357a9ad869879351452213e4d360c18fa694fbe941b64de55d7cfbd431,contract_manifest,SUCCESS
GRU_PHY_K4_AUX,A_reference_sequence_terminal_proxy,RLOG_EQEXP_v1,equivalent_exposure_progress_v1,torch_terminal_v1,0,17,70,1ba03ca6b5871f84532efcd1ac2ad1140d33bf1d626655350e9ff0d4f2b0fcbb,formal,17.18430995941162,27.61283302307129,2.822591821768346,1.2609407901763916,28.303838691540466,1.3878249132191165,19.719683943168246,1.5998720114522433,4,8537d6357a9ad869879351452213e4d360c18fa694fbe941b64de55d7cfbd431,contract_manifest,SUCCESS
GRU_PHY_K4_AUX,A_reference_sequence_terminal_proxy,RLOG_EQEXP_v1,equivalent_exposure_progress_v1,torch_terminal_v1,0,17,71,1ba03ca6b5871f84532efcd1ac2ad1140d33bf1d626655350e9ff0d4f2b0fcbb,formal,48.42877769470215,41.723575592041016,0.8223131359900213,1.3517712354660034,28.303838691540466,1.3878249132191165,19.719683943168246,1.5998720114522433,4,8537d6357a9ad869879351452213e4d360c18fa694fbe941b64de55d7cfbd431,contract_manifest,SUCCESS
GRU_PHY_K4_AUX,A_reference_sequence_terminal_proxy,RLOG_EQEXP_v1,equivalent_exposure_progress_v1,torch_terminal_v1,0,17,80,cb00b97a81a7996d7f555ea2f10f9313c10abf659f541275e999fbda4471fb95,formal,50.59038543701172,73.86661529541016,0.47149082416612653,1.3071714639663696,28.303838691540466,1.3878249132191165,19.719683943168246,1.5998720114522433,4,8537d6357a9ad869879351452213e4d360c18fa694fbe941b64de55d7cfbd431,contract_manifest,SUCCESS
GRU_PHY_K4_AUX,A_reference_sequence_terminal_proxy,RLOG_EQEXP_v1,equivalent_exposure_progress_v1,torch_terminal_v1,0,17,83,05ebe211151b5c42ea77521c2d6176fab9089defd86ce310bf90b3f324d60207,formal,47.20834732055664,22.832412719726562,3.707253207823567,1.2287085056304932,28.303838691540466,1.3878249132191165,19.719683943168246,1.5998720114522433,4,8537d6357a9ad869879351452213e4d360c18fa694fbe941b64de55d7cfbd431,contract_manifest,SUCCESS
GRU_PHY_K4_AUX,A_reference_sequence_terminal_proxy,RLOG_EQEXP_v1,equivalent_exposure_progress_v1,torch_terminal_v1,0,17,84,b0de7b7f774bd4b8443b381c78462e76735d00836536718b12b6dec43d928d17,formal,19.04991912841797,12.423468589782715,0.6819201226507324,1.2600148916244507,28.303838691540466,1.3878249132191165,19.719683943168246,1.5998720114522433,4,8537d6357a9ad869879351452213e4d360c18fa694fbe941b64de55d7cfbd431,contract_manifest,SUCCESS
GRU_PHY_K4_AUX,A_reference_sequence_terminal_proxy,RLOG_EQEXP_v1,equivalent_exposure_progress_v1,torch_terminal_v1,0,17,89,434cc40d613f5f9e54f64010b37637f9465d262a9a94041cdb976cf0cbe7ef5a,formal,41.92535781860352,54.04592514038086,0.5358293439648069,1.2615760564804077,28.303838691540466,1.3878249132191165,19.719683943168246,1.5998720114522433,4,8537d6357a9ad869879351452213e4d360c18fa694fbe941b64de55d7cfbd431,contract_manifest,SUCCESS
GRU_PHY_K4_AUX,A_reference_sequence_terminal_proxy,RLOG_EQEXP_v1,equivalent_exposure_progress_v1,torch_terminal_v1,0,17,91,4e2cca025b4b2543e4f596540a03c1bb76e8876658fd5364f336e00dc74ca901,formal,25.771157264709476,16.285905838012695,0.8879033963097003,1.2601683139801025,28.303838691540466,1.3878249132191165,19.719683943168246,1.5998720114522433,4,8537d6357a9ad869879351452213e4d360c18fa694fbe941b64de55d7cfbd431,contract_manifest,SUCCESS
GRU_PHY_K4_AUX,A_reference_sequence_terminal_proxy,RLOG_EQEXP_v1,equivalent_exposure_progress_v1,torch_terminal_v1,0,17,97,75e8a3878cb5b07fc1219373158bf31b99facf7edf6c02931e54b63a6d81928a,formal,9.661888122558594,12.523670196533203,0.2892274102013272,1.2591447830200195,28.303838691540466,1.3878249132191165,19.719683943168246,1.5998720114522433,4,8537d6357a9ad869879351452213e4d360c18fa694fbe941b64de55d7cfbd431,contract_manifest,SUCCESS
GRU_PHY_K4_AUX,A_reference_sequence_terminal_proxy,RLOG_EQEXP_v1,equivalent_exposure_progress_v1,torch_terminal_v1,0,17,103,2dafc5c0f22998d3afe6699ea3c478747b2b3afd3903eeeb707b7b40f64f51b4,formal,38.72575950622559,25.264549255371094,0.5152116177074861,1.264100432395935,28.303838691540466,1.3878249132191165,19.719683943168246,1.5998720114522433,4,8537d6357a9ad869879351452213e4d360c18fa694fbe941b64de55d7cfbd431,contract_manifest,SUCCESS
GRU_PHY_K4_AUX,A_reference_sequence_terminal_proxy,RLOG_EQEXP_v1,equivalent_exposure_progress_v1,torch_terminal_v1,0,17,108,607d2783453c8ad786d1ef5e7695b041f0718e8a505a0d17858cac60e079149e,formal,2.5217500925064087,10.763681411743164,1.7672759377983331,1.2599232196807861,28.303838691540466,1.3878249132191165,19.719683943168246,1.5998720114522433,4,8537d6357a9ad869879351452213e4d360c18fa694fbe941b64de55d7cfbd431,contract_manifest,SUCCESS
GRU_PHY_K4_AUX,A_reference_sequence_terminal_proxy,RLOG_EQEXP_v1,equivalent_exposure_progress_v1,torch_terminal_v1,0,17,118,9b4ea5c4658350b5838f157a2cc6f05607f6f74cbdcd8278f1e67d67ed39c52f,formal,46.120548248291016,32.00012969970703,2.859237575174291,1.2655962705612183,28.303838691540466,1.3878249132191165,19.719683943168246,1.5998720114522433,4,8537d6357a9ad869879351452213e4d360c18fa694fbe941b64de55d7cfbd431,contract_manifest,SUCCESS
GRU_PHY_K4_AUX,A_reference_sequence_terminal_proxy,RLOG_EQEXP_v1,equivalent_exposure_progress_v1,torch_terminal_v1,0,17,160,0173a9b0e73614a22e0130f113fb8339d3922904a34f19fff1ba4a50c552968f,pass_main,9.461623668670654,11.342381477355957,0.6723047202730627,1.259946584701538,28.303838691540466,1.3878249132191165,19.719683943168246,1.5998720114522433,4,8537d6357a9ad869879351452213e4d360c18fa694fbe941b64de55d7cfbd431,contract_manifest,SUCCESS
GRU_PHY_K4_AUX,A_reference_sequence_terminal_proxy,RLOG_EQEXP_v1,equivalent_exposure_progress_v1,torch_terminal_v1,0,17,161,0173a9b0e73614a22e0130f113fb8339d3922904a34f19fff1ba4a50c552968f,pass_main,17.771986961364746,12.692086219787598,0.5452205446551697,1.2594919204711914,28.303838691540466,1.3878249132191165,19.719683943168246,1.5998720114522433,4,8537d6357a9ad869879351452213e4d360c18fa694fbe941b64de55d7cfbd431,contract_manifest,SUCCESS
GRU_PHY_K4_AUX,A_reference_sequence_terminal_proxy,RLOG_EQEXP_v1,equivalent_exposure_progress_v1,torch_terminal_v1,0,17,162,0173a9b0e73614a22e0130f113fb8339d3922904a34f19fff1ba4a50c552968f,pass_main,30.96079444885254,15.200485229492188,1.8018651413929212,1.2550804615020752,28.303838691540466,1.3878249132191165,19.719683943168246,1.5998720114522433,4,8537d6357a9ad869879351452213e4d360c18fa694fbe941b64de55d7cfbd431,contract_manifest,SUCCESS
GRU_PHY_K4_AUX,A_reference_sequence_terminal_proxy,RLOG_EQEXP_v1,equivalent_exposure_progress_v1,torch_terminal_v1,0,17,163,0173a9b0e73614a22e0130f113fb8339d3922904a34f19fff1ba4a50c552968f,pass_main,25.31327724456787,14.033531188964844,0.5217670127238045,1.2585886716842651,28.303838691540466,1.3878249132191165,19.719683943168246,1.5998720114522433,4,8537d6357a9ad869879351452213e4d360c18fa694fbe941b64de55d7cfbd431,contract_manifest,SUCCESS
GRU_PHY_K4_AUX,A_reference_sequence_terminal_proxy,RLOG_EQEXP_v1,equivalent_exposure_progress_v1,torch_terminal_v1,0,17,164,5886f771fde37e70fe702dc50f81a0018420e6baac5f3a761311ef50098c5342,pass_main,11.041552543640137,10.79611587524414,0.8531545536801359,1.2563085556030273,28.303838691540466,1.3878249132191165,19.719683943168246,1.5998720114522433,4,8537d6357a9ad869879351452213e4d360c18fa694fbe941b64de55d7cfbd431,contract_manifest,SUCCESS
GRU_PHY_K4_AUX,A_reference_sequence_terminal_proxy,RLOG_EQEXP_v1,equivalent_exposure_progress_v1,torch_terminal_v1,0,17,165,5886f771fde37e70fe702dc50f81a0018420e6baac5f3a761311ef50098c5342,pass_main,7.956956624984741,10.531967163085938,0.9855645956828885,1.2591032981872559,28.303838691540466,1.3878249132191165,19.719683943168246,1.5998720114522433,4,8537d6357a9ad869879351452213e4d360c18fa694fbe941b64de55d7cfbd431,contract_manifest,SUCCESS
GRU_PHY_K4_AUX,A_reference_sequence_terminal_proxy,RLOG_EQEXP_v1,equivalent_exposure_progress_v1,torch_terminal_v1,0,17,166,5886f771fde37e70fe702dc50f81a0018420e6baac5f3a761311ef50098c5342,pass_main,2.388783693313598,10.262192726135254,1.3098049928755577,1.2598841190338135,28.303838691540466,1.3878249132191165,19.719683943168246,1.5998720114522433,4,8537d6357a9ad869879351452213e4d360c18fa694fbe941b64de55d7cfbd431,contract_manifest,SUCCESS
GRU_PHY_K4_AUX,A_reference_sequence_terminal_proxy,RLOG_EQEXP_v1,equivalent_exposure_progress_v1,torch_terminal_v1,0,17,167,5886f771fde37e70fe702dc50f81a0018420e6baac5f3a761311ef50098c5342,pass_main,15.42117404937744,10.91698932647705,3.627420071449651,1.2414464950561523,28.303838691540466,1.3878249132191165,19.719683943168246,1.5998720114522433,4,8537d6357a9ad869879351452213e4d360c18fa694fbe941b64de55d7cfbd431,contract_manifest,SUCCESS
GRU_PHY_K4_AUX,A_reference_sequence_terminal_proxy,RLOG_EQEXP_v1,equivalent_exposure_progress_v1,torch_terminal_v1,0,17,176,be21bfed3c648b372b27970a9f1258427c6746d96e1eb37fa62715eb2e831bdc,pass_main,11.469114303588867,10.982625961303711,1.035199566252268,1.2599430084228516,28.303838691540466,1.3878249132191165,19.719683943168246,1.5998720114522433,4,8537d6357a9ad869879351452213e4d360c18fa694fbe941b64de55d7cfbd431,contract_manifest,SUCCESS
GRU_PHY_K4_AUX,A_reference_sequence_terminal_proxy,RLOG_EQEXP_v1,equivalent_exposure_progress_v1,torch_terminal_v1,0,17,177,be21bfed3c648b372b27970a9f1258427c6746d96e1eb37fa62715eb2e831bdc,pass_main,21.245290756225582,11.972681999206543,0.488815611625548,1.2594629526138306,28.303838691540466,1.3878249132191165,19.719683943168246,1.5998720114522433,4,8537d6357a9ad869879351452213e4d360c18fa694fbe941b64de55d7cfbd431,contract_manifest,SUCCESS
GRU_PHY_K4_AUX,A_reference_sequence_terminal_proxy,RLOG_EQEXP_v1,equivalent_exposure_progress_v1,torch_terminal_v1,0,17,178,be21bfed3c648b372b27970a9f1258427c6746d96e1eb37fa62715eb2e831bdc,pass_main,29.068297386169437,12.955512046813965,0.6015389825741759,1.2583751678466797,28.303838691540466,1.3878249132191165,19.719683943168246,1.5998720114522433,4,8537d6357a9ad869879351452213e4d360c18fa694fbe941b64de55d7cfbd431,contract_manifest,SUCCESS
GRU_PHY_K4_AUX,A_reference_sequence_terminal_proxy,RLOG_EQEXP_v1,equivalent_exposure_progress_v1,torch_terminal_v1,0,17,179,be21bfed3c648b372b27970a9f1258427c6746d96e1eb37fa62715eb2e831bdc,pass_main,35.57953071594238,13.783442497253418,0.7167923080238093,1.2536985874176025,28.303838691540466,1.3878249132191165,19.719683943168246,1.5998720114522433,4,8537d6357a9ad869879351452213e4d360c18fa694fbe941b64de55d7cfbd431,contract_manifest,SUCCESS
MAMBA_RAW_K4_AUX,A_reference_sequence_terminal_proxy,NONE,equivalent_exposure_progress_v1,reference_pure_torch_ssd_mamba2_verified_adapter_v1,0,17,3,18adeab07c66f0a6220f42b552e8f6371eec7998e00b068e57fe071ba3c10f72,formal,2.1620235443115234,4.0666656494140625,0.3509867281904462,0.9360257983207703,28.303838691540466,1.3878249132191165,19.719683943168246,1.5998720114522433,4,5f212615b4e3ec684c6a93fb85bbabf935345511ca5b09a3024f54237e1cafa5,contract_manifest,SUCCESS
MAMBA_RAW_K4_AUX,A_reference_sequence_terminal_proxy,NONE,equivalent_exposure_progress_v1,reference_pure_torch_ssd_mamba2_verified_adapter_v1,0,17,5,d878d557bd642809900e1cd2cbfa297663c19430f739151859fb0df411813932,formal,0.7911836206912994,3.774707794189453,0.7214682340898958,1.0610448122024536,28.303838691540466,1.3878249132191165,19.719683943168246,1.5998720114522433,4,5f212615b4e3ec684c6a93fb85bbabf935345511ca5b09a3024f54237e1cafa5,contract_manifest,SUCCESS
MAMBA_RAW_K4_AUX,A_reference_sequence_terminal_proxy,NONE,equivalent_exposure_progress_v1,reference_pure_torch_ssd_mamba2_verified_adapter_v1,0,17,8,5a8d034dc5bc855c8cc7167052b204006334cad601c697d737030b6cfbbeafac,formal,57.03376770019531,39.47417449951172,0.33882744664664216,1.2929099798202515,28.303838691540466,1.3878249132191165,19.719683943168246,1.5998720114522433,4,5f212615b4e3ec684c6a93fb85bbabf935345511ca5b09a3024f54237e1cafa5,contract_manifest,SUCCESS
MAMBA_RAW_K4_AUX,A_reference_sequence_terminal_proxy,NONE,equivalent_exposure_progress_v1,reference_pure_torch_ssd_mamba2_verified_adapter_v1,0,17,19,ba76e90434e71d41c24161680085b4277285f7a175516149b86a70da126f2240,formal,63.11563491821289,97.48722839355469,9.056636092849038,2.9960739612579346,28.303838691540466,1.3878249132191165,19.719683943168246,1.5998720114522433,4,5f212615b4e3ec684c6a93fb85bbabf935345511ca5b09a3024f54237e1cafa5,contract_manifest,SUCCESS
MAMBA_RAW_K4_AUX,A_reference_sequence_terminal_proxy,NONE,equivalent_exposure_progress_v1,reference_pure_torch_ssd_mamba2_verified_adapter_v1,0,17,33,8602be088ade4aa03b97055e8634fedfb21f0b6554c53366ac0e3df4de389311,formal,55.18541145324707,30.140010833740234,0.5826469633878488,1.800586223602295,28.303838691540466,1.3878249132191165,19.719683943168246,1.5998720114522433,4,5f212615b4e3ec684c6a93fb85bbabf935345511ca5b09a3024f54237e1cafa5,contract_manifest,SUCCESS
MAMBA_RAW_K4_AUX,A_reference_sequence_terminal_proxy,NONE,equivalent_exposure_progress_v1,reference_pure_torch_ssd_mamba2_verified_adapter_v1,0,17,35,2408b1dc1a902affc49faba1eb1a7974a98411526f82e856c2cca0b9effe2a3a,formal,54.87403869628906,23.932754516601562,0.764299620637193,1.461347222328186,28.303838691540466,1.3878249132191165,19.719683943168246,1.5998720114522433,4,5f212615b4e3ec684c6a93fb85bbabf935345511ca5b09a3024f54237e1cafa5,contract_manifest,SUCCESS
MAMBA_RAW_K4_AUX,A_reference_sequence_terminal_proxy,NONE,equivalent_exposure_progress_v1,reference_pure_torch_ssd_mamba2_verified_adapter_v1,0,17,37,3689c38f9947e8059b87ef5082c010ea4b8b73bef146601bda7f54d88d9986b5,formal,53.70109558105469,28.010604858398438,11.506116184719932,1.9756031036376953,28.303838691540466,1.3878249132191165,19.719683943168246,1.5998720114522433,4,5f212615b4e3ec684c6a93fb85bbabf935345511ca5b09a3024f54237e1cafa5,contract_manifest,SUCCESS
MAMBA_RAW_K4_AUX,A_reference_sequence_terminal_proxy,NONE,equivalent_exposure_progress_v1,reference_pure_torch_ssd_mamba2_verified_adapter_v1,0,17,45,f89410c437f281e05ca92c9f85a89bb4b5b41253d7122ca792e2e8d70d5f9db0,formal,52.31752395629883,15.637402534484863,0.618290091974041,1.8880695104599,28.303838691540466,1.3878249132191165,19.719683943168246,1.5998720114522433,4,5f212615b4e3ec684c6a93fb85bbabf935345511ca5b09a3024f54237e1cafa5,contract_manifest,SUCCESS
MAMBA_RAW_K4_AUX,A_reference_sequence_terminal_proxy,NONE,equivalent_exposure_progress_v1,reference_pure_torch_ssd_mamba2_verified_adapter_v1,0,17,50,54bdf5810da02479bf93c59aa1b26120bfd5010a0a14423ffbfc4b6a74c3fdb9,formal,1.7471812963485718,3.9589004516601562,0.834294660334478,0.9439108967781067,28.303838691540466,1.3878249132191165,19.719683943168246,1.5998720114522433,4,5f212615b4e3ec684c6a93fb85bbabf935345511ca5b09a3024f54237e1cafa5,contract_manifest,SUCCESS
MAMBA_RAW_K4_AUX,A_reference_sequence_terminal_proxy,NONE,equivalent_exposure_progress_v1,reference_pure_torch_ssd_mamba2_verified_adapter_v1,0,17,51,73473a287ae075daec030063466b079c19da048c94a811f5d919417d622c132b,formal,32.744380950927734,14.010229110717773,1.1464841466856521,1.279401183128357,28.303838691540466,1.3878249132191165,19.719683943168246,1.5998720114522433,4,5f212615b4e3ec684c6a93fb85bbabf935345511ca5b09a3024f54237e1cafa5,contract_manifest,SUCCESS
MAMBA_RAW_K4_AUX,A_reference_sequence_terminal_proxy,NONE,equivalent_exposure_progress_v1,reference_pure_torch_ssd_mamba2_verified_adapter_v1,0,17,53,73473a287ae075daec030063466b079c19da048c94a811f5d919417d622c132b,formal,41.76206398010254,19.53891372680664,1.104825111699634,1.2320047616958618,28.303838691540466,1.3878249132191165,19.719683943168246,1.5998720114522433,4,5f212615b4e3ec684c6a93fb85bbabf935345511ca5b09a3024f54237e1cafa5,contract_manifest,SUCCESS
MAMBA_RAW_K4_AUX,A_reference_sequence_terminal_proxy,NONE,equivalent_exposure_progress_v1,reference_pure_torch_ssd_mamba2_verified_adapter_v1,0,17,60,effd732dee5a24b3ab2fa3bf7285e7bf0f1bcb9877a430006059b7699750a021,formal,46.7247428894043,13.469565391540527,3.095873782686277,1.6308902502059937,28.303838691540466,1.3878249132191165,19.719683943168246,1.5998720114522433,4,5f212615b4e3ec684c6a93fb85bbabf935345511ca5b09a3024f54237e1cafa5,contract_manifest,SUCCESS
MAMBA_RAW_K4_AUX,A_reference_sequence_terminal_proxy,NONE,equivalent_exposure_progress_v1,reference_pure_torch_ssd_mamba2_verified_adapter_v1,0,17,63,9204b6f9d2d9d6115cd61286c057d67be4f9c9208869ac4921cd29a650288373,formal,35.81507682800293,14.64608383178711,1.5550094089570836,1.775208592414856,28.303838691540466,1.3878249132191165,19.719683943168246,1.5998720114522433,4,5f212615b4e3ec684c6a93fb85bbabf935345511ca5b09a3024f54237e1cafa5,contract_manifest,SUCCESS
MAMBA_RAW_K4_AUX,A_reference_sequence_terminal_proxy,NONE,equivalent_exposure_progress_v1,reference_pure_torch_ssd_mamba2_verified_adapter_v1,0,17,70,1ba03ca6b5871f84532efcd1ac2ad1140d33bf1d626655350e9ff0d4f2b0fcbb,formal,17.18430995941162,20.716890335083008,2.822591821768346,2.6159827709198,28.303838691540466,1.3878249132191165,19.719683943168246,1.5998720114522433,4,5f212615b4e3ec684c6a93fb85bbabf935345511ca5b09a3024f54237e1cafa5,contract_manifest,SUCCESS
MAMBA_RAW_K4_AUX,A_reference_sequence_terminal_proxy,NONE,equivalent_exposure_progress_v1,reference_pure_torch_ssd_mamba2_verified_adapter_v1,0,17,71,1ba03ca6b5871f84532efcd1ac2ad1140d33bf1d626655350e9ff0d4f2b0fcbb,formal,48.42877769470215,47.588958740234375,0.8223131359900213,3.1174509525299072,28.303838691540466,1.3878249132191165,19.719683943168246,1.5998720114522433,4,5f212615b4e3ec684c6a93fb85bbabf935345511ca5b09a3024f54237e1cafa5,contract_manifest,SUCCESS
MAMBA_RAW_K4_AUX,A_reference_sequence_terminal_proxy,NONE,equivalent_exposure_progress_v1,reference_pure_torch_ssd_mamba2_verified_adapter_v1,0,17,80,cb00b97a81a7996d7f555ea2f10f9313c10abf659f541275e999fbda4471fb95,formal,50.59038543701172,67.30078887939453,0.47149082416612653,2.003375291824341,28.303838691540466,1.3878249132191165,19.719683943168246,1.5998720114522433,4,5f212615b4e3ec684c6a93fb85bbabf935345511ca5b09a3024f54237e1cafa5,contract_manifest,SUCCESS
MAMBA_RAW_K4_AUX,A_reference_sequence_terminal_proxy,NONE,equivalent_exposure_progress_v1,reference_pure_torch_ssd_mamba2_verified_adapter_v1,0,17,83,05ebe211151b5c42ea77521c2d6176fab9089defd86ce310bf90b3f324d60207,formal,47.20834732055664,25.971742630004883,3.707253207823567,1.3846906423568726,28.303838691540466,1.3878249132191165,19.719683943168246,1.5998720114522433,4,5f212615b4e3ec684c6a93fb85bbabf935345511ca5b09a3024f54237e1cafa5,contract_manifest,SUCCESS
MAMBA_RAW_K4_AUX,A_reference_sequence_terminal_proxy,NONE,equivalent_exposure_progress_v1,reference_pure_torch_ssd_mamba2_verified_adapter_v1,0,17,84,b0de7b7f774bd4b8443b381c78462e76735d00836536718b12b6dec43d928d17,formal,19.04991912841797,5.601429462432861,0.6819201226507324,1.3884130716323853,28.303838691540466,1.3878249132191165,19.719683943168246,1.5998720114522433,4,5f212615b4e3ec684c6a93fb85bbabf935345511ca5b09a3024f54237e1cafa5,contract_manifest,SUCCESS
MAMBA_RAW_K4_AUX,A_reference_sequence_terminal_proxy,NONE,equivalent_exposure_progress_v1,reference_pure_torch_ssd_mamba2_verified_adapter_v1,0,17,89,434cc40d613f5f9e54f64010b37637f9465d262a9a94041cdb976cf0cbe7ef5a,formal,41.92535781860352,46.058143615722656,0.5358293439648069,3.832388401031494,28.303838691540466,1.3878249132191165,19.719683943168246,1.5998720114522433,4,5f212615b4e3ec684c6a93fb85bbabf935345511ca5b09a3024f54237e1cafa5,contract_manifest,SUCCESS
MAMBA_RAW_K4_AUX,A_reference_sequence_terminal_proxy,NONE,equivalent_exposure_progress_v1,reference_pure_torch_ssd_mamba2_verified_adapter_v1,0,17,91,4e2cca025b4b2543e4f596540a03c1bb76e8876658fd5364f336e00dc74ca901,formal,25.771157264709476,9.292069435119629,0.8879033963097003,1.9165712594985962,28.303838691540466,1.3878249132191165,19.719683943168246,1.5998720114522433,4,5f212615b4e3ec684c6a93fb85bbabf935345511ca5b09a3024f54237e1cafa5,contract_manifest,SUCCESS
MAMBA_RAW_K4_AUX,A_reference_sequence_terminal_proxy,NONE,equivalent_exposure_progress_v1,reference_pure_torch_ssd_mamba2_verified_adapter_v1,0,17,97,75e8a3878cb5b07fc1219373158bf31b99facf7edf6c02931e54b63a6d81928a,formal,9.661888122558594,5.819726943969727,0.2892274102013272,1.1063435077667236,28.303838691540466,1.3878249132191165,19.719683943168246,1.5998720114522433,4,5f212615b4e3ec684c6a93fb85bbabf935345511ca5b09a3024f54237e1cafa5,contract_manifest,SUCCESS
MAMBA_RAW_K4_AUX,A_reference_sequence_terminal_proxy,NONE,equivalent_exposure_progress_v1,reference_pure_torch_ssd_mamba2_verified_adapter_v1,0,17,103,2dafc5c0f22998d3afe6699ea3c478747b2b3afd3903eeeb707b7b40f64f51b4,formal,38.72575950622559,18.912250518798828,0.5152116177074861,1.1026694774627686,28.303838691540466,1.3878249132191165,19.719683943168246,1.5998720114522433,4,5f212615b4e3ec684c6a93fb85bbabf935345511ca5b09a3024f54237e1cafa5,contract_manifest,SUCCESS
MAMBA_RAW_K4_AUX,A_reference_sequence_terminal_proxy,NONE,equivalent_exposure_progress_v1,reference_pure_torch_ssd_mamba2_verified_adapter_v1,0,17,108,607d2783453c8ad786d1ef5e7695b041f0718e8a505a0d17858cac60e079149e,formal,2.5217500925064087,4.0093278884887695,1.7672759377983331,1.2684422731399536,28.303838691540466,1.3878249132191165,19.719683943168246,1.5998720114522433,4,5f212615b4e3ec684c6a93fb85bbabf935345511ca5b09a3024f54237e1cafa5,contract_manifest,SUCCESS
MAMBA_RAW_K4_AUX,A_reference_sequence_terminal_proxy,NONE,equivalent_exposure_progress_v1,reference_pure_torch_ssd_mamba2_verified_adapter_v1,0,17,118,9b4ea5c4658350b5838f157a2cc6f05607f6f74cbdcd8278f1e67d67ed39c52f,formal,46.120548248291016,25.046173095703125,2.859237575174291,2.339052677154541,28.303838691540466,1.3878249132191165,19.719683943168246,1.5998720114522433,4,5f212615b4e3ec684c6a93fb85bbabf935345511ca5b09a3024f54237e1cafa5,contract_manifest,SUCCESS
MAMBA_RAW_K4_AUX,A_reference_sequence_terminal_proxy,NONE,equivalent_exposure_progress_v1,reference_pure_torch_ssd_mamba2_verified_adapter_v1,0,17,160,0173a9b0e73614a22e0130f113fb8339d3922904a34f19fff1ba4a50c552968f,pass_main,9.461623668670654,4.58691930770874,0.6723047202730627,1.277031421661377,28.303838691540466,1.3878249132191165,19.719683943168246,1.5998720114522433,4,5f212615b4e3ec684c6a93fb85bbabf935345511ca5b09a3024f54237e1cafa5,contract_manifest,SUCCESS
MAMBA_RAW_K4_AUX,A_reference_sequence_terminal_proxy,NONE,equivalent_exposure_progress_v1,reference_pure_torch_ssd_mamba2_verified_adapter_v1,0,17,161,0173a9b0e73614a22e0130f113fb8339d3922904a34f19fff1ba4a50c552968f,pass_main,17.771986961364746,6.06014347076416,0.5452205446551697,1.2221715450286865,28.303838691540466,1.3878249132191165,19.719683943168246,1.5998720114522433,4,5f212615b4e3ec684c6a93fb85bbabf935345511ca5b09a3024f54237e1cafa5,contract_manifest,SUCCESS
MAMBA_RAW_K4_AUX,A_reference_sequence_terminal_proxy,NONE,equivalent_exposure_progress_v1,reference_pure_torch_ssd_mamba2_verified_adapter_v1,0,17,162,0173a9b0e73614a22e0130f113fb8339d3922904a34f19fff1ba4a50c552968f,pass_main,30.96079444885254,9.057117462158203,1.8018651413929212,1.0575878620147705,28.303838691540466,1.3878249132191165,19.719683943168246,1.5998720114522433,4,5f212615b4e3ec684c6a93fb85bbabf935345511ca5b09a3024f54237e1cafa5,contract_manifest,SUCCESS
MAMBA_RAW_K4_AUX,A_reference_sequence_terminal_proxy,NONE,equivalent_exposure_progress_v1,reference_pure_torch_ssd_mamba2_verified_adapter_v1,0,17,163,0173a9b0e73614a22e0130f113fb8339d3922904a34f19fff1ba4a50c552968f,pass_main,25.31327724456787,7.5500946044921875,0.5217670127238045,1.1486767530441284,28.303838691540466,1.3878249132191165,19.719683943168246,1.5998720114522433,4,5f212615b4e3ec684c6a93fb85bbabf935345511ca5b09a3024f54237e1cafa5,contract_manifest,SUCCESS
MAMBA_RAW_K4_AUX,A_reference_sequence_terminal_proxy,NONE,equivalent_exposure_progress_v1,reference_pure_torch_ssd_mamba2_verified_adapter_v1,0,17,164,5886f771fde37e70fe702dc50f81a0018420e6baac5f3a761311ef50098c5342,pass_main,11.041552543640137,4.2478861808776855,0.8531545536801359,1.0572459697723389,28.303838691540466,1.3878249132191165,19.719683943168246,1.5998720114522433,4,5f212615b4e3ec684c6a93fb85bbabf935345511ca5b09a3024f54237e1cafa5,contract_manifest,SUCCESS
MAMBA_RAW_K4_AUX,A_reference_sequence_terminal_proxy,NONE,equivalent_exposure_progress_v1,reference_pure_torch_ssd_mamba2_verified_adapter_v1,0,17,165,5886f771fde37e70fe702dc50f81a0018420e6baac5f3a761311ef50098c5342,pass_main,7.956956624984741,3.8485569953918457,0.9855645956828885,1.154965877532959,28.303838691540466,1.3878249132191165,19.719683943168246,1.5998720114522433,4,5f212615b4e3ec684c6a93fb85bbabf935345511ca5b09a3024f54237e1cafa5,contract_manifest,SUCCESS
MAMBA_RAW_K4_AUX,A_reference_sequence_terminal_proxy,NONE,equivalent_exposure_progress_v1,reference_pure_torch_ssd_mamba2_verified_adapter_v1,0,17,166,5886f771fde37e70fe702dc50f81a0018420e6baac5f3a761311ef50098c5342,pass_main,2.388783693313598,3.4643492698669434,1.3098049928755577,1.234495759010315,28.303838691540466,1.3878249132191165,19.719683943168246,1.5998720114522433,4,5f212615b4e3ec684c6a93fb85bbabf935345511ca5b09a3024f54237e1cafa5,contract_manifest,SUCCESS
MAMBA_RAW_K4_AUX,A_reference_sequence_terminal_proxy,NONE,equivalent_exposure_progress_v1,reference_pure_torch_ssd_mamba2_verified_adapter_v1,0,17,167,5886f771fde37e70fe702dc50f81a0018420e6baac5f3a761311ef50098c5342,pass_main,15.42117404937744,4.6632914543151855,3.627420071449651,0.9439722299575806,28.303838691540466,1.3878249132191165,19.719683943168246,1.5998720114522433,4,5f212615b4e3ec684c6a93fb85bbabf935345511ca5b09a3024f54237e1cafa5,contract_manifest,SUCCESS
MAMBA_RAW_K4_AUX,A_reference_sequence_terminal_proxy,NONE,equivalent_exposure_progress_v1,reference_pure_torch_ssd_mamba2_verified_adapter_v1,0,17,176,be21bfed3c648b372b27970a9f1258427c6746d96e1eb37fa62715eb2e831bdc,pass_main,11.469114303588867,4.156120777130127,1.035199566252268,1.281154990196228,28.303838691540466,1.3878249132191165,19.719683943168246,1.5998720114522433,4,5f212615b4e3ec684c6a93fb85bbabf935345511ca5b09a3024f54237e1cafa5,contract_manifest,SUCCESS
MAMBA_RAW_K4_AUX,A_reference_sequence_terminal_proxy,NONE,equivalent_exposure_progress_v1,reference_pure_torch_ssd_mamba2_verified_adapter_v1,0,17,177,be21bfed3c648b372b27970a9f1258427c6746d96e1eb37fa62715eb2e831bdc,pass_main,21.245290756225582,5.263255596160889,0.488815611625548,1.2243252992630005,28.303838691540466,1.3878249132191165,19.719683943168246,1.5998720114522433,4,5f212615b4e3ec684c6a93fb85bbabf935345511ca5b09a3024f54237e1cafa5,contract_manifest,SUCCESS
MAMBA_RAW_K4_AUX,A_reference_sequence_terminal_proxy,NONE,equivalent_exposure_progress_v1,reference_pure_torch_ssd_mamba2_verified_adapter_v1,0,17,178,be21bfed3c648b372b27970a9f1258427c6746d96e1eb37fa62715eb2e831bdc,pass_main,29.068297386169437,6.387943267822266,0.6015389825741759,1.1488299369812012,28.303838691540466,1.3878249132191165,19.719683943168246,1.5998720114522433,4,5f212615b4e3ec684c6a93fb85bbabf935345511ca5b09a3024f54237e1cafa5,contract_manifest,SUCCESS
MAMBA_RAW_K4_AUX,A_reference_sequence_terminal_proxy,NONE,equivalent_exposure_progress_v1,reference_pure_torch_ssd_mamba2_verified_adapter_v1,0,17,179,be21bfed3c648b372b27970a9f1258427c6746d96e1eb37fa62715eb2e831bdc,pass_main,35.57953071594238,7.530472755432129,0.7167923080238093,1.0556830167770386,28.303838691540466,1.3878249132191165,19.719683943168246,1.5998720114522433,4,5f212615b4e3ec684c6a93fb85bbabf935345511ca5b09a3024f54237e1cafa5,contract_manifest,SUCCESS
MAMBA_PHY_K4_NOAUX,A_reference_sequence_terminal_proxy,RLOG_EQEXP_v1,equivalent_exposure_progress_v1,reference_pure_torch_ssd_mamba2_verified_adapter_v1,0,17,3,18adeab07c66f0a6220f42b552e8f6371eec7998e00b068e57fe071ba3c10f72,formal,2.1620235443115234,4.184847354888916,0.3509867281904462,0.7556890249252319,28.303838691540466,1.3878249132191165,19.719683943168246,1.5998720114522433,4,310f68fb2cbd20394726bba466b33ddc6730979e8c996ab95c20f728db36a3ba,contract_manifest,SUCCESS
MAMBA_PHY_K4_NOAUX,A_reference_sequence_terminal_proxy,RLOG_EQEXP_v1,equivalent_exposure_progress_v1,reference_pure_torch_ssd_mamba2_verified_adapter_v1,0,17,5,d878d557bd642809900e1cd2cbfa297663c19430f739151859fb0df411813932,formal,0.7911836206912994,3.8644142150878906,0.7214682340898958,0.9000981450080872,28.303838691540466,1.3878249132191165,19.719683943168246,1.5998720114522433,4,310f68fb2cbd20394726bba466b33ddc6730979e8c996ab95c20f728db36a3ba,contract_manifest,SUCCESS
MAMBA_PHY_K4_NOAUX,A_reference_sequence_terminal_proxy,RLOG_EQEXP_v1,equivalent_exposure_progress_v1,reference_pure_torch_ssd_mamba2_verified_adapter_v1,0,17,8,5a8d034dc5bc855c8cc7167052b204006334cad601c697d737030b6cfbbeafac,formal,57.03376770019531,38.93532943725586,0.33882744664664216,1.3769370317459106,28.303838691540466,1.3878249132191165,19.719683943168246,1.5998720114522433,4,310f68fb2cbd20394726bba466b33ddc6730979e8c996ab95c20f728db36a3ba,contract_manifest,SUCCESS
MAMBA_PHY_K4_NOAUX,A_reference_sequence_terminal_proxy,RLOG_EQEXP_v1,equivalent_exposure_progress_v1,reference_pure_torch_ssd_mamba2_verified_adapter_v1,0,17,19,ba76e90434e71d41c24161680085b4277285f7a175516149b86a70da126f2240,formal,63.11563491821289,91.5333023071289,9.056636092849038,2.120312213897705,28.303838691540466,1.3878249132191165,19.719683943168246,1.5998720114522433,4,310f68fb2cbd20394726bba466b33ddc6730979e8c996ab95c20f728db36a3ba,contract_manifest,SUCCESS
MAMBA_PHY_K4_NOAUX,A_reference_sequence_terminal_proxy,RLOG_EQEXP_v1,equivalent_exposure_progress_v1,reference_pure_torch_ssd_mamba2_verified_adapter_v1,0,17,33,8602be088ade4aa03b97055e8634fedfb21f0b6554c53366ac0e3df4de389311,formal,55.18541145324707,29.249258041381836,0.5826469633878488,1.7845547199249268,28.303838691540466,1.3878249132191165,19.719683943168246,1.5998720114522433,4,310f68fb2cbd20394726bba466b33ddc6730979e8c996ab95c20f728db36a3ba,contract_manifest,SUCCESS
MAMBA_PHY_K4_NOAUX,A_reference_sequence_terminal_proxy,RLOG_EQEXP_v1,equivalent_exposure_progress_v1,reference_pure_torch_ssd_mamba2_verified_adapter_v1,0,17,35,2408b1dc1a902affc49faba1eb1a7974a98411526f82e856c2cca0b9effe2a3a,formal,54.87403869628906,23.290298461914062,0.764299620637193,1.4610462188720703,28.303838691540466,1.3878249132191165,19.719683943168246,1.5998720114522433,4,310f68fb2cbd20394726bba466b33ddc6730979e8c996ab95c20f728db36a3ba,contract_manifest,SUCCESS
MAMBA_PHY_K4_NOAUX,A_reference_sequence_terminal_proxy,RLOG_EQEXP_v1,equivalent_exposure_progress_v1,reference_pure_torch_ssd_mamba2_verified_adapter_v1,0,17,37,3689c38f9947e8059b87ef5082c010ea4b8b73bef146601bda7f54d88d9986b5,formal,53.70109558105469,27.195629119873047,11.506116184719932,1.9527795314788818,28.303838691540466,1.3878249132191165,19.719683943168246,1.5998720114522433,4,310f68fb2cbd20394726bba466b33ddc6730979e8c996ab95c20f728db36a3ba,contract_manifest,SUCCESS
MAMBA_PHY_K4_NOAUX,A_reference_sequence_terminal_proxy,RLOG_EQEXP_v1,equivalent_exposure_progress_v1,reference_pure_torch_ssd_mamba2_verified_adapter_v1,0,17,45,f89410c437f281e05ca92c9f85a89bb4b5b41253d7122ca792e2e8d70d5f9db0,formal,52.31752395629883,15.006218910217285,0.618290091974041,1.7896490097045898,28.303838691540466,1.3878249132191165,19.719683943168246,1.5998720114522433,4,310f68fb2cbd20394726bba466b33ddc6730979e8c996ab95c20f728db36a3ba,contract_manifest,SUCCESS
MAMBA_PHY_K4_NOAUX,A_reference_sequence_terminal_proxy,RLOG_EQEXP_v1,equivalent_exposure_progress_v1,reference_pure_torch_ssd_mamba2_verified_adapter_v1,0,17,50,54bdf5810da02479bf93c59aa1b26120bfd5010a0a14423ffbfc4b6a74c3fdb9,formal,1.7471812963485718,4.050602912902832,0.834294660334478,0.7644677758216858,28.303838691540466,1.3878249132191165,19.719683943168246,1.5998720114522433,4,310f68fb2cbd20394726bba466b33ddc6730979e8c996ab95c20f728db36a3ba,contract_manifest,SUCCESS
MAMBA_PHY_K4_NOAUX,A_reference_sequence_terminal_proxy,RLOG_EQEXP_v1,equivalent_exposure_progress_v1,reference_pure_torch_ssd_mamba2_verified_adapter_v1,0,17,51,73473a287ae075daec030063466b079c19da048c94a811f5d919417d622c132b,formal,32.744380950927734,14.091656684875488,1.1464841466856521,1.2512712478637695,28.303838691540466,1.3878249132191165,19.719683943168246,1.5998720114522433,4,310f68fb2cbd20394726bba466b33ddc6730979e8c996ab95c20f728db36a3ba,contract_manifest,SUCCESS
MAMBA_PHY_K4_NOAUX,A_reference_sequence_terminal_proxy,RLOG_EQEXP_v1,equivalent_exposure_progress_v1,reference_pure_torch_ssd_mamba2_verified_adapter_v1,0,17,53,73473a287ae075daec030063466b079c19da048c94a811f5d919417d622c132b,formal,41.76206398010254,19.55191993713379,1.104825111699634,1.2274322509765625,28.303838691540466,1.3878249132191165,19.719683943168246,1.5998720114522433,4,310f68fb2cbd20394726bba466b33ddc6730979e8c996ab95c20f728db36a3ba,contract_manifest,SUCCESS
MAMBA_PHY_K4_NOAUX,A_reference_sequence_terminal_proxy,RLOG_EQEXP_v1,equivalent_exposure_progress_v1,reference_pure_torch_ssd_mamba2_verified_adapter_v1,0,17,60,effd732dee5a24b3ab2fa3bf7285e7bf0f1bcb9877a430006059b7699750a021,formal,46.7247428894043,13.199432373046875,3.095873782686277,1.6175541877746582,28.303838691540466,1.3878249132191165,19.719683943168246,1.5998720114522433,4,310f68fb2cbd20394726bba466b33ddc6730979e8c996ab95c20f728db36a3ba,contract_manifest,SUCCESS
MAMBA_PHY_K4_NOAUX,A_reference_sequence_terminal_proxy,RLOG_EQEXP_v1,equivalent_exposure_progress_v1,reference_pure_torch_ssd_mamba2_verified_adapter_v1,0,17,63,9204b6f9d2d9d6115cd61286c057d67be4f9c9208869ac4921cd29a650288373,formal,35.81507682800293,14.187922477722168,1.5550094089570836,1.7291600704193115,28.303838691540466,1.3878249132191165,19.719683943168246,1.5998720114522433,4,310f68fb2cbd20394726bba466b33ddc6730979e8c996ab95c20f728db36a3ba,contract_manifest,SUCCESS
MAMBA_PHY_K4_NOAUX,A_reference_sequence_terminal_proxy,RLOG_EQEXP_v1,equivalent_exposure_progress_v1,reference_pure_torch_ssd_mamba2_verified_adapter_v1,0,17,70,1ba03ca6b5871f84532efcd1ac2ad1140d33bf1d626655350e9ff0d4f2b0fcbb,formal,17.18430995941162,19.56720542907715,2.822591821768346,2.3609771728515625,28.303838691540466,1.3878249132191165,19.719683943168246,1.5998720114522433,4,310f68fb2cbd20394726bba466b33ddc6730979e8c996ab95c20f728db36a3ba,contract_manifest,SUCCESS
MAMBA_PHY_K4_NOAUX,A_reference_sequence_terminal_proxy,RLOG_EQEXP_v1,equivalent_exposure_progress_v1,reference_pure_torch_ssd_mamba2_verified_adapter_v1,0,17,71,1ba03ca6b5871f84532efcd1ac2ad1140d33bf1d626655350e9ff0d4f2b0fcbb,formal,48.42877769470215,44.644554138183594,0.8223131359900213,2.5440962314605713,28.303838691540466,1.3878249132191165,19.719683943168246,1.5998720114522433,4,310f68fb2cbd20394726bba466b33ddc6730979e8c996ab95c20f728db36a3ba,contract_manifest,SUCCESS
MAMBA_PHY_K4_NOAUX,A_reference_sequence_terminal_proxy,RLOG_EQEXP_v1,equivalent_exposure_progress_v1,reference_pure_torch_ssd_mamba2_verified_adapter_v1,0,17,80,cb00b97a81a7996d7f555ea2f10f9313c10abf659f541275e999fbda4471fb95,formal,50.59038543701172,64.46974182128906,0.47149082416612653,1.9055761098861694,28.303838691540466,1.3878249132191165,19.719683943168246,1.5998720114522433,4,310f68fb2cbd20394726bba466b33ddc6730979e8c996ab95c20f728db36a3ba,contract_manifest,SUCCESS
MAMBA_PHY_K4_NOAUX,A_reference_sequence_terminal_proxy,RLOG_EQEXP_v1,equivalent_exposure_progress_v1,reference_pure_torch_ssd_mamba2_verified_adapter_v1,0,17,83,05ebe211151b5c42ea77521c2d6176fab9089defd86ce310bf90b3f324d60207,formal,47.20834732055664,25.433902740478516,3.707253207823567,1.4335676431655884,28.303838691540466,1.3878249132191165,19.719683943168246,1.5998720114522433,4,310f68fb2cbd20394726bba466b33ddc6730979e8c996ab95c20f728db36a3ba,contract_manifest,SUCCESS
MAMBA_PHY_K4_NOAUX,A_reference_sequence_terminal_proxy,RLOG_EQEXP_v1,equivalent_exposure_progress_v1,reference_pure_torch_ssd_mamba2_verified_adapter_v1,0,17,84,b0de7b7f774bd4b8443b381c78462e76735d00836536718b12b6dec43d928d17,formal,19.04991912841797,5.563901424407959,0.6819201226507324,1.3756864070892334,28.303838691540466,1.3878249132191165,19.719683943168246,1.5998720114522433,4,310f68fb2cbd20394726bba466b33ddc6730979e8c996ab95c20f728db36a3ba,contract_manifest,SUCCESS
MAMBA_PHY_K4_NOAUX,A_reference_sequence_terminal_proxy,RLOG_EQEXP_v1,equivalent_exposure_progress_v1,reference_pure_torch_ssd_mamba2_verified_adapter_v1,0,17,89,434cc40d613f5f9e54f64010b37637f9465d262a9a94041cdb976cf0cbe7ef5a,formal,41.92535781860352,42.792686462402344,0.5358293439648069,3.2805635929107666,28.303838691540466,1.3878249132191165,19.719683943168246,1.5998720114522433,4,310f68fb2cbd20394726bba466b33ddc6730979e8c996ab95c20f728db36a3ba,contract_manifest,SUCCESS
MAMBA_PHY_K4_NOAUX,A_reference_sequence_terminal_proxy,RLOG_EQEXP_v1,equivalent_exposure_progress_v1,reference_pure_torch_ssd_mamba2_verified_adapter_v1,0,17,91,4e2cca025b4b2543e4f596540a03c1bb76e8876658fd5364f336e00dc74ca901,formal,25.771157264709476,8.92142105102539,0.8879033963097003,1.8489233255386353,28.303838691540466,1.3878249132191165,19.719683943168246,1.5998720114522433,4,310f68fb2cbd20394726bba466b33ddc6730979e8c996ab95c20f728db36a3ba,contract_manifest,SUCCESS
MAMBA_PHY_K4_NOAUX,A_reference_sequence_terminal_proxy,RLOG_EQEXP_v1,equivalent_exposure_progress_v1,reference_pure_torch_ssd_mamba2_verified_adapter_v1,0,17,97,75e8a3878cb5b07fc1219373158bf31b99facf7edf6c02931e54b63a6d81928a,formal,9.661888122558594,5.962167739868164,0.2892274102013272,0.9641656279563904,28.303838691540466,1.3878249132191165,19.719683943168246,1.5998720114522433,4,310f68fb2cbd20394726bba466b33ddc6730979e8c996ab95c20f728db36a3ba,contract_manifest,SUCCESS
MAMBA_PHY_K4_NOAUX,A_reference_sequence_terminal_proxy,RLOG_EQEXP_v1,equivalent_exposure_progress_v1,reference_pure_torch_ssd_mamba2_verified_adapter_v1,0,17,103,2dafc5c0f22998d3afe6699ea3c478747b2b3afd3903eeeb707b7b40f64f51b4,formal,38.72575950622559,18.950960159301758,0.5152116177074861,1.0936392545700073,28.303838691540466,1.3878249132191165,19.719683943168246,1.5998720114522433,4,310f68fb2cbd20394726bba466b33ddc6730979e8c996ab95c20f728db36a3ba,contract_manifest,SUCCESS
MAMBA_PHY_K4_NOAUX,A_reference_sequence_terminal_proxy,RLOG_EQEXP_v1,equivalent_exposure_progress_v1,reference_pure_torch_ssd_mamba2_verified_adapter_v1,0,17,108,607d2783453c8ad786d1ef5e7695b041f0718e8a505a0d17858cac60e079149e,formal,2.5217500925064087,4.016729354858398,1.7672759377983331,1.2073475122451782,28.303838691540466,1.3878249132191165,19.719683943168246,1.5998720114522433,4,310f68fb2cbd20394726bba466b33ddc6730979e8c996ab95c20f728db36a3ba,contract_manifest,SUCCESS
MAMBA_PHY_K4_NOAUX,A_reference_sequence_terminal_proxy,RLOG_EQEXP_v1,equivalent_exposure_progress_v1,reference_pure_torch_ssd_mamba2_verified_adapter_v1,0,17,118,9b4ea5c4658350b5838f157a2cc6f05607f6f74cbdcd8278f1e67d67ed39c52f,formal,46.120548248291016,23.973344802856445,2.859237575174291,2.173680305480957,28.303838691540466,1.3878249132191165,19.719683943168246,1.5998720114522433,4,310f68fb2cbd20394726bba466b33ddc6730979e8c996ab95c20f728db36a3ba,contract_manifest,SUCCESS
MAMBA_PHY_K4_NOAUX,A_reference_sequence_terminal_proxy,RLOG_EQEXP_v1,equivalent_exposure_progress_v1,reference_pure_torch_ssd_mamba2_verified_adapter_v1,0,17,160,0173a9b0e73614a22e0130f113fb8339d3922904a34f19fff1ba4a50c552968f,pass_main,9.461623668670654,4.604799270629883,0.6723047202730627,1.2120745182037354,28.303838691540466,1.3878249132191165,19.719683943168246,1.5998720114522433,4,310f68fb2cbd20394726bba466b33ddc6730979e8c996ab95c20f728db36a3ba,contract_manifest,SUCCESS
MAMBA_PHY_K4_NOAUX,A_reference_sequence_terminal_proxy,RLOG_EQEXP_v1,equivalent_exposure_progress_v1,reference_pure_torch_ssd_mamba2_verified_adapter_v1,0,17,161,0173a9b0e73614a22e0130f113fb8339d3922904a34f19fff1ba4a50c552968f,pass_main,17.771986961364746,6.052225112915039,0.5452205446551697,1.1433156728744507,28.303838691540466,1.3878249132191165,19.719683943168246,1.5998720114522433,4,310f68fb2cbd20394726bba466b33ddc6730979e8c996ab95c20f728db36a3ba,contract_manifest,SUCCESS
MAMBA_PHY_K4_NOAUX,A_reference_sequence_terminal_proxy,RLOG_EQEXP_v1,equivalent_exposure_progress_v1,reference_pure_torch_ssd_mamba2_verified_adapter_v1,0,17,162,0173a9b0e73614a22e0130f113fb8339d3922904a34f19fff1ba4a50c552968f,pass_main,30.96079444885254,8.989439964294434,1.8018651413929212,0.9568526744842529,28.303838691540466,1.3878249132191165,19.719683943168246,1.5998720114522433,4,310f68fb2cbd20394726bba466b33ddc6730979e8c996ab95c20f728db36a3ba,contract_manifest,SUCCESS
MAMBA_PHY_K4_NOAUX,A_reference_sequence_terminal_proxy,RLOG_EQEXP_v1,equivalent_exposure_progress_v1,reference_pure_torch_ssd_mamba2_verified_adapter_v1,0,17,163,0173a9b0e73614a22e0130f113fb8339d3922904a34f19fff1ba4a50c552968f,pass_main,25.31327724456787,7.513388633728027,0.5217670127238045,1.0577157735824585,28.303838691540466,1.3878249132191165,19.719683943168246,1.5998720114522433,4,310f68fb2cbd20394726bba466b33ddc6730979e8c996ab95c20f728db36a3ba,contract_manifest,SUCCESS
MAMBA_PHY_K4_NOAUX,A_reference_sequence_terminal_proxy,RLOG_EQEXP_v1,equivalent_exposure_progress_v1,reference_pure_torch_ssd_mamba2_verified_adapter_v1,0,17,164,5886f771fde37e70fe702dc50f81a0018420e6baac5f3a761311ef50098c5342,pass_main,11.041552543640137,4.253674507141113,0.8531545536801359,0.9600386023521423,28.303838691540466,1.3878249132191165,19.719683943168246,1.5998720114522433,4,310f68fb2cbd20394726bba466b33ddc6730979e8c996ab95c20f728db36a3ba,contract_manifest,SUCCESS
MAMBA_PHY_K4_NOAUX,A_reference_sequence_terminal_proxy,RLOG_EQEXP_v1,equivalent_exposure_progress_v1,reference_pure_torch_ssd_mamba2_verified_adapter_v1,0,17,165,5886f771fde37e70fe702dc50f81a0018420e6baac5f3a761311ef50098c5342,pass_main,7.956956624984741,3.874159812927246,0.9855645956828885,1.0763598680496216,28.303838691540466,1.3878249132191165,19.719683943168246,1.5998720114522433,4,310f68fb2cbd20394726bba466b33ddc6730979e8c996ab95c20f728db36a3ba,contract_manifest,SUCCESS
MAMBA_PHY_K4_NOAUX,A_reference_sequence_terminal_proxy,RLOG_EQEXP_v1,equivalent_exposure_progress_v1,reference_pure_torch_ssd_mamba2_verified_adapter_v1,0,17,166,5886f771fde37e70fe702dc50f81a0018420e6baac5f3a761311ef50098c5342,pass_main,2.388783693313598,3.5045714378356934,1.3098049928755577,1.1753497123718262,28.303838691540466,1.3878249132191165,19.719683943168246,1.5998720114522433,4,310f68fb2cbd20394726bba466b33ddc6730979e8c996ab95c20f728db36a3ba,contract_manifest,SUCCESS
MAMBA_PHY_K4_NOAUX,A_reference_sequence_terminal_proxy,RLOG_EQEXP_v1,equivalent_exposure_progress_v1,reference_pure_torch_ssd_mamba2_verified_adapter_v1,0,17,167,5886f771fde37e70fe702dc50f81a0018420e6baac5f3a761311ef50098c5342,pass_main,15.42117404937744,4.644844055175781,3.627420071449651,0.8307088017463684,28.303838691540466,1.3878249132191165,19.719683943168246,1.5998720114522433,4,310f68fb2cbd20394726bba466b33ddc6730979e8c996ab95c20f728db36a3ba,contract_manifest,SUCCESS
MAMBA_PHY_K4_NOAUX,A_reference_sequence_terminal_proxy,RLOG_EQEXP_v1,equivalent_exposure_progress_v1,reference_pure_torch_ssd_mamba2_verified_adapter_v1,0,17,176,be21bfed3c648b372b27970a9f1258427c6746d96e1eb37fa62715eb2e831bdc,pass_main,11.469114303588867,4.194077014923096,1.035199566252268,1.2418369054794312,28.303838691540466,1.3878249132191165,19.719683943168246,1.5998720114522433,4,310f68fb2cbd20394726bba466b33ddc6730979e8c996ab95c20f728db36a3ba,contract_manifest,SUCCESS
MAMBA_PHY_K4_NOAUX,A_reference_sequence_terminal_proxy,RLOG_EQEXP_v1,equivalent_exposure_progress_v1,reference_pure_torch_ssd_mamba2_verified_adapter_v1,0,17,177,be21bfed3c648b372b27970a9f1258427c6746d96e1eb37fa62715eb2e831bdc,pass_main,21.245290756225582,5.2801361083984375,0.488815611625548,1.174612045288086,28.303838691540466,1.3878249132191165,19.719683943168246,1.5998720114522433,4,310f68fb2cbd20394726bba466b33ddc6730979e8c996ab95c20f728db36a3ba,contract_manifest,SUCCESS
MAMBA_PHY_K4_NOAUX,A_reference_sequence_terminal_proxy,RLOG_EQEXP_v1,equivalent_exposure_progress_v1,reference_pure_torch_ssd_mamba2_verified_adapter_v1,0,17,178,be21bfed3c648b372b27970a9f1258427c6746d96e1eb37fa62715eb2e831bdc,pass_main,29.068297386169437,6.380204200744629,0.6015389825741759,1.0896275043487549,28.303838691540466,1.3878249132191165,19.719683943168246,1.5998720114522433,4,310f68fb2cbd20394726bba466b33ddc6730979e8c996ab95c20f728db36a3ba,contract_manifest,SUCCESS
MAMBA_PHY_K4_NOAUX,A_reference_sequence_terminal_proxy,RLOG_EQEXP_v1,equivalent_exposure_progress_v1,reference_pure_torch_ssd_mamba2_verified_adapter_v1,0,17,179,be21bfed3c648b372b27970a9f1258427c6746d96e1eb37fa62715eb2e831bdc,pass_main,35.57953071594238,7.495330810546875,0.7167923080238093,0.9882068634033203,28.303838691540466,1.3878249132191165,19.719683943168246,1.5998720114522433,4,310f68fb2cbd20394726bba466b33ddc6730979e8c996ab95c20f728db36a3ba,contract_manifest,SUCCESS
MAMBA_PHY_K4_AUX,A_reference_sequence_terminal_proxy,RLOG_EQEXP_v1,equivalent_exposure_progress_v1,reference_pure_torch_ssd_mamba2_verified_adapter_v1,0,17,3,18adeab07c66f0a6220f42b552e8f6371eec7998e00b068e57fe071ba3c10f72,formal,2.1620235443115234,4.1879167556762695,0.3509867281904462,0.7595574855804443,28.303838691540466,1.3878249132191165,19.719683943168246,1.5998720114522433,4,6dcc58edd291dfe2d717efda29886beaeaa6c3db22ee0058091db43049bbfdd8,contract_manifest,SUCCESS
MAMBA_PHY_K4_AUX,A_reference_sequence_terminal_proxy,RLOG_EQEXP_v1,equivalent_exposure_progress_v1,reference_pure_torch_ssd_mamba2_verified_adapter_v1,0,17,5,d878d557bd642809900e1cd2cbfa297663c19430f739151859fb0df411813932,formal,0.7911836206912994,3.8622548580169678,0.7214682340898958,0.9068827629089355,28.303838691540466,1.3878249132191165,19.719683943168246,1.5998720114522433,4,6dcc58edd291dfe2d717efda29886beaeaa6c3db22ee0058091db43049bbfdd8,contract_manifest,SUCCESS
MAMBA_PHY_K4_AUX,A_reference_sequence_terminal_proxy,RLOG_EQEXP_v1,equivalent_exposure_progress_v1,reference_pure_torch_ssd_mamba2_verified_adapter_v1,0,17,8,5a8d034dc5bc855c8cc7167052b204006334cad601c697d737030b6cfbbeafac,formal,57.03376770019531,38.97658920288086,0.33882744664664216,1.330057144165039,28.303838691540466,1.3878249132191165,19.719683943168246,1.5998720114522433,4,6dcc58edd291dfe2d717efda29886beaeaa6c3db22ee0058091db43049bbfdd8,contract_manifest,SUCCESS
MAMBA_PHY_K4_AUX,A_reference_sequence_terminal_proxy,RLOG_EQEXP_v1,equivalent_exposure_progress_v1,reference_pure_torch_ssd_mamba2_verified_adapter_v1,0,17,19,ba76e90434e71d41c24161680085b4277285f7a175516149b86a70da126f2240,formal,63.11563491821289,91.93924713134766,9.056636092849038,2.065725803375244,28.303838691540466,1.3878249132191165,19.719683943168246,1.5998720114522433,4,6dcc58edd291dfe2d717efda29886beaeaa6c3db22ee0058091db43049bbfdd8,contract_manifest,SUCCESS
MAMBA_PHY_K4_AUX,A_reference_sequence_terminal_proxy,RLOG_EQEXP_v1,equivalent_exposure_progress_v1,reference_pure_torch_ssd_mamba2_verified_adapter_v1,0,17,33,8602be088ade4aa03b97055e8634fedfb21f0b6554c53366ac0e3df4de389311,formal,55.18541145324707,29.342050552368164,0.5826469633878488,1.742958426475525,28.303838691540466,1.3878249132191165,19.719683943168246,1.5998720114522433,4,6dcc58edd291dfe2d717efda29886beaeaa6c3db22ee0058091db43049bbfdd8,contract_manifest,SUCCESS
MAMBA_PHY_K4_AUX,A_reference_sequence_terminal_proxy,RLOG_EQEXP_v1,equivalent_exposure_progress_v1,reference_pure_torch_ssd_mamba2_verified_adapter_v1,0,17,35,2408b1dc1a902affc49faba1eb1a7974a98411526f82e856c2cca0b9effe2a3a,formal,54.87403869628906,23.436670303344727,0.764299620637193,1.4128628969192505,28.303838691540466,1.3878249132191165,19.719683943168246,1.5998720114522433,4,6dcc58edd291dfe2d717efda29886beaeaa6c3db22ee0058091db43049bbfdd8,contract_manifest,SUCCESS
MAMBA_PHY_K4_AUX,A_reference_sequence_terminal_proxy,RLOG_EQEXP_v1,equivalent_exposure_progress_v1,reference_pure_torch_ssd_mamba2_verified_adapter_v1,0,17,37,3689c38f9947e8059b87ef5082c010ea4b8b73bef146601bda7f54d88d9986b5,formal,53.70109558105469,27.1632080078125,11.506116184719932,1.9230879545211792,28.303838691540466,1.3878249132191165,19.719683943168246,1.5998720114522433,4,6dcc58edd291dfe2d717efda29886beaeaa6c3db22ee0058091db43049bbfdd8,contract_manifest,SUCCESS
MAMBA_PHY_K4_AUX,A_reference_sequence_terminal_proxy,RLOG_EQEXP_v1,equivalent_exposure_progress_v1,reference_pure_torch_ssd_mamba2_verified_adapter_v1,0,17,45,f89410c437f281e05ca92c9f85a89bb4b5b41253d7122ca792e2e8d70d5f9db0,formal,52.31752395629883,15.121036529541016,0.618290091974041,1.7423460483551025,28.303838691540466,1.3878249132191165,19.719683943168246,1.5998720114522433,4,6dcc58edd291dfe2d717efda29886beaeaa6c3db22ee0058091db43049bbfdd8,contract_manifest,SUCCESS
MAMBA_PHY_K4_AUX,A_reference_sequence_terminal_proxy,RLOG_EQEXP_v1,equivalent_exposure_progress_v1,reference_pure_torch_ssd_mamba2_verified_adapter_v1,0,17,50,54bdf5810da02479bf93c59aa1b26120bfd5010a0a14423ffbfc4b6a74c3fdb9,formal,1.7471812963485718,4.061905384063721,0.834294660334478,0.7706583142280579,28.303838691540466,1.3878249132191165,19.719683943168246,1.5998720114522433,4,6dcc58edd291dfe2d717efda29886beaeaa6c3db22ee0058091db43049bbfdd8,contract_manifest,SUCCESS
MAMBA_PHY_K4_AUX,A_reference_sequence_terminal_proxy,RLOG_EQEXP_v1,equivalent_exposure_progress_v1,reference_pure_torch_ssd_mamba2_verified_adapter_v1,0,17,51,73473a287ae075daec030063466b079c19da048c94a811f5d919417d622c132b,formal,32.744380950927734,14.055961608886719,1.1464841466856521,1.2367689609527588,28.303838691540466,1.3878249132191165,19.719683943168246,1.5998720114522433,4,6dcc58edd291dfe2d717efda29886beaeaa6c3db22ee0058091db43049bbfdd8,contract_manifest,SUCCESS
MAMBA_PHY_K4_AUX,A_reference_sequence_terminal_proxy,RLOG_EQEXP_v1,equivalent_exposure_progress_v1,reference_pure_torch_ssd_mamba2_verified_adapter_v1,0,17,53,73473a287ae075daec030063466b079c19da048c94a811f5d919417d622c132b,formal,41.76206398010254,19.529695510864258,1.104825111699634,1.2035905122756958,28.303838691540466,1.3878249132191165,19.719683943168246,1.5998720114522433,4,6dcc58edd291dfe2d717efda29886beaeaa6c3db22ee0058091db43049bbfdd8,contract_manifest,SUCCESS
MAMBA_PHY_K4_AUX,A_reference_sequence_terminal_proxy,RLOG_EQEXP_v1,equivalent_exposure_progress_v1,reference_pure_torch_ssd_mamba2_verified_adapter_v1,0,17,60,effd732dee5a24b3ab2fa3bf7285e7bf0f1bcb9877a430006059b7699750a021,formal,46.7247428894043,13.21696662902832,3.095873782686277,1.59308922290802,28.303838691540466,1.3878249132191165,19.719683943168246,1.5998720114522433,4,6dcc58edd291dfe2d717efda29886beaeaa6c3db22ee0058091db43049bbfdd8,contract_manifest,SUCCESS
MAMBA_PHY_K4_AUX,A_reference_sequence_terminal_proxy,RLOG_EQEXP_v1,equivalent_exposure_progress_v1,reference_pure_torch_ssd_mamba2_verified_adapter_v1,0,17,63,9204b6f9d2d9d6115cd61286c057d67be4f9c9208869ac4921cd29a650288373,formal,35.81507682800293,14.261674880981445,1.5550094089570836,1.6983208656311035,28.303838691540466,1.3878249132191165,19.719683943168246,1.5998720114522433,4,6dcc58edd291dfe2d717efda29886beaeaa6c3db22ee0058091db43049bbfdd8,contract_manifest,SUCCESS
MAMBA_PHY_K4_AUX,A_reference_sequence_terminal_proxy,RLOG_EQEXP_v1,equivalent_exposure_progress_v1,reference_pure_torch_ssd_mamba2_verified_adapter_v1,0,17,70,1ba03ca6b5871f84532efcd1ac2ad1140d33bf1d626655350e9ff0d4f2b0fcbb,formal,17.18430995941162,19.650436401367188,2.822591821768346,2.3126182556152344,28.303838691540466,1.3878249132191165,19.719683943168246,1.5998720114522433,4,6dcc58edd291dfe2d717efda29886beaeaa6c3db22ee0058091db43049bbfdd8,contract_manifest,SUCCESS
MAMBA_PHY_K4_AUX,A_reference_sequence_terminal_proxy,RLOG_EQEXP_v1,equivalent_exposure_progress_v1,reference_pure_torch_ssd_mamba2_verified_adapter_v1,0,17,71,1ba03ca6b5871f84532efcd1ac2ad1140d33bf1d626655350e9ff0d4f2b0fcbb,formal,48.42877769470215,44.920047760009766,0.8223131359900213,2.4668378829956055,28.303838691540466,1.3878249132191165,19.719683943168246,1.5998720114522433,4,6dcc58edd291dfe2d717efda29886beaeaa6c3db22ee0058091db43049bbfdd8,contract_manifest,SUCCESS
MAMBA_PHY_K4_AUX,A_reference_sequence_terminal_proxy,RLOG_EQEXP_v1,equivalent_exposure_progress_v1,reference_pure_torch_ssd_mamba2_verified_adapter_v1,0,17,80,cb00b97a81a7996d7f555ea2f10f9313c10abf659f541275e999fbda4471fb95,formal,50.59038543701172,64.57791900634766,0.47149082416612653,1.8529460430145264,28.303838691540466,1.3878249132191165,19.719683943168246,1.5998720114522433,4,6dcc58edd291dfe2d717efda29886beaeaa6c3db22ee0058091db43049bbfdd8,contract_manifest,SUCCESS
MAMBA_PHY_K4_AUX,A_reference_sequence_terminal_proxy,RLOG_EQEXP_v1,equivalent_exposure_progress_v1,reference_pure_torch_ssd_mamba2_verified_adapter_v1,0,17,83,05ebe211151b5c42ea77521c2d6176fab9089defd86ce310bf90b3f324d60207,formal,47.20834732055664,25.51266860961914,3.707253207823567,1.3843365907669067,28.303838691540466,1.3878249132191165,19.719683943168246,1.5998720114522433,4,6dcc58edd291dfe2d717efda29886beaeaa6c3db22ee0058091db43049bbfdd8,contract_manifest,SUCCESS
MAMBA_PHY_K4_AUX,A_reference_sequence_terminal_proxy,RLOG_EQEXP_v1,equivalent_exposure_progress_v1,reference_pure_torch_ssd_mamba2_verified_adapter_v1,0,17,84,b0de7b7f774bd4b8443b381c78462e76735d00836536718b12b6dec43d928d17,formal,19.04991912841797,5.580439567565918,0.6819201226507324,1.3667420148849487,28.303838691540466,1.3878249132191165,19.719683943168246,1.5998720114522433,4,6dcc58edd291dfe2d717efda29886beaeaa6c3db22ee0058091db43049bbfdd8,contract_manifest,SUCCESS
MAMBA_PHY_K4_AUX,A_reference_sequence_terminal_proxy,RLOG_EQEXP_v1,equivalent_exposure_progress_v1,reference_pure_torch_ssd_mamba2_verified_adapter_v1,0,17,89,434cc40d613f5f9e54f64010b37637f9465d262a9a94041cdb976cf0cbe7ef5a,formal,41.92535781860352,42.75019836425781,0.5358293439648069,3.240671157836914,28.303838691540466,1.3878249132191165,19.719683943168246,1.5998720114522433,4,6dcc58edd291dfe2d717efda29886beaeaa6c3db22ee0058091db43049bbfdd8,contract_manifest,SUCCESS
MAMBA_PHY_K4_AUX,A_reference_sequence_terminal_proxy,RLOG_EQEXP_v1,equivalent_exposure_progress_v1,reference_pure_torch_ssd_mamba2_verified_adapter_v1,0,17,91,4e2cca025b4b2543e4f596540a03c1bb76e8876658fd5364f336e00dc74ca901,formal,25.771157264709476,8.945794105529785,0.8879033963097003,1.8206983804702759,28.303838691540466,1.3878249132191165,19.719683943168246,1.5998720114522433,4,6dcc58edd291dfe2d717efda29886beaeaa6c3db22ee0058091db43049bbfdd8,contract_manifest,SUCCESS
MAMBA_PHY_K4_AUX,A_reference_sequence_terminal_proxy,RLOG_EQEXP_v1,equivalent_exposure_progress_v1,reference_pure_torch_ssd_mamba2_verified_adapter_v1,0,17,97,75e8a3878cb5b07fc1219373158bf31b99facf7edf6c02931e54b63a6d81928a,formal,9.661888122558594,5.929894924163818,0.2892274102013272,0.9615803956985474,28.303838691540466,1.3878249132191165,19.719683943168246,1.5998720114522433,4,6dcc58edd291dfe2d717efda29886beaeaa6c3db22ee0058091db43049bbfdd8,contract_manifest,SUCCESS
MAMBA_PHY_K4_AUX,A_reference_sequence_terminal_proxy,RLOG_EQEXP_v1,equivalent_exposure_progress_v1,reference_pure_torch_ssd_mamba2_verified_adapter_v1,0,17,103,2dafc5c0f22998d3afe6699ea3c478747b2b3afd3903eeeb707b7b40f64f51b4,formal,38.72575950622559,18.936410903930664,0.5152116177074861,1.0643965005874634,28.303838691540466,1.3878249132191165,19.719683943168246,1.5998720114522433,4,6dcc58edd291dfe2d717efda29886beaeaa6c3db22ee0058091db43049bbfdd8,contract_manifest,SUCCESS
MAMBA_PHY_K4_AUX,A_reference_sequence_terminal_proxy,RLOG_EQEXP_v1,equivalent_exposure_progress_v1,reference_pure_torch_ssd_mamba2_verified_adapter_v1,0,17,108,607d2783453c8ad786d1ef5e7695b041f0718e8a505a0d17858cac60e079149e,formal,2.5217500925064087,4.027044296264648,1.7672759377983331,1.2081774473190308,28.303838691540466,1.3878249132191165,19.719683943168246,1.5998720114522433,4,6dcc58edd291dfe2d717efda29886beaeaa6c3db22ee0058091db43049bbfdd8,contract_manifest,SUCCESS
MAMBA_PHY_K4_AUX,A_reference_sequence_terminal_proxy,RLOG_EQEXP_v1,equivalent_exposure_progress_v1,reference_pure_torch_ssd_mamba2_verified_adapter_v1,0,17,118,9b4ea5c4658350b5838f157a2cc6f05607f6f74cbdcd8278f1e67d67ed39c52f,formal,46.120548248291016,23.99532127380371,2.859237575174291,2.129626750946045,28.303838691540466,1.3878249132191165,19.719683943168246,1.5998720114522433,4,6dcc58edd291dfe2d717efda29886beaeaa6c3db22ee0058091db43049bbfdd8,contract_manifest,SUCCESS
MAMBA_PHY_K4_AUX,A_reference_sequence_terminal_proxy,RLOG_EQEXP_v1,equivalent_exposure_progress_v1,reference_pure_torch_ssd_mamba2_verified_adapter_v1,0,17,160,0173a9b0e73614a22e0130f113fb8339d3922904a34f19fff1ba4a50c552968f,pass_main,9.461623668670654,4.612085342407227,0.6723047202730627,1.2112761735916138,28.303838691540466,1.3878249132191165,19.719683943168246,1.5998720114522433,4,6dcc58edd291dfe2d717efda29886beaeaa6c3db22ee0058091db43049bbfdd8,contract_manifest,SUCCESS
MAMBA_PHY_K4_AUX,A_reference_sequence_terminal_proxy,RLOG_EQEXP_v1,equivalent_exposure_progress_v1,reference_pure_torch_ssd_mamba2_verified_adapter_v1,0,17,161,0173a9b0e73614a22e0130f113fb8339d3922904a34f19fff1ba4a50c552968f,pass_main,17.771986961364746,6.0701704025268555,0.5452205446551697,1.1402428150177002,28.303838691540466,1.3878249132191165,19.719683943168246,1.5998720114522433,4,6dcc58edd291dfe2d717efda29886beaeaa6c3db22ee0058091db43049bbfdd8,contract_manifest,SUCCESS
MAMBA_PHY_K4_AUX,A_reference_sequence_terminal_proxy,RLOG_EQEXP_v1,equivalent_exposure_progress_v1,reference_pure_torch_ssd_mamba2_verified_adapter_v1,0,17,162,0173a9b0e73614a22e0130f113fb8339d3922904a34f19fff1ba4a50c552968f,pass_main,30.96079444885254,9.042832374572754,1.8018651413929212,0.9468321204185486,28.303838691540466,1.3878249132191165,19.719683943168246,1.5998720114522433,4,6dcc58edd291dfe2d717efda29886beaeaa6c3db22ee0058091db43049bbfdd8,contract_manifest,SUCCESS
MAMBA_PHY_K4_AUX,A_reference_sequence_terminal_proxy,RLOG_EQEXP_v1,equivalent_exposure_progress_v1,reference_pure_torch_ssd_mamba2_verified_adapter_v1,0,17,163,0173a9b0e73614a22e0130f113fb8339d3922904a34f19fff1ba4a50c552968f,pass_main,25.31327724456787,7.546639919281006,0.5217670127238045,1.0514253377914429,28.303838691540466,1.3878249132191165,19.719683943168246,1.5998720114522433,4,6dcc58edd291dfe2d717efda29886beaeaa6c3db22ee0058091db43049bbfdd8,contract_manifest,SUCCESS
MAMBA_PHY_K4_AUX,A_reference_sequence_terminal_proxy,RLOG_EQEXP_v1,equivalent_exposure_progress_v1,reference_pure_torch_ssd_mamba2_verified_adapter_v1,0,17,164,5886f771fde37e70fe702dc50f81a0018420e6baac5f3a761311ef50098c5342,pass_main,11.041552543640137,4.277039051055908,0.8531545536801359,0.9600570201873779,28.303838691540466,1.3878249132191165,19.719683943168246,1.5998720114522433,4,6dcc58edd291dfe2d717efda29886beaeaa6c3db22ee0058091db43049bbfdd8,contract_manifest,SUCCESS
MAMBA_PHY_K4_AUX,A_reference_sequence_terminal_proxy,RLOG_EQEXP_v1,equivalent_exposure_progress_v1,reference_pure_torch_ssd_mamba2_verified_adapter_v1,0,17,165,5886f771fde37e70fe702dc50f81a0018420e6baac5f3a761311ef50098c5342,pass_main,7.956956624984741,3.8825387954711914,0.9855645956828885,1.0777233839035034,28.303838691540466,1.3878249132191165,19.719683943168246,1.5998720114522433,4,6dcc58edd291dfe2d717efda29886beaeaa6c3db22ee0058091db43049bbfdd8,contract_manifest,SUCCESS
MAMBA_PHY_K4_AUX,A_reference_sequence_terminal_proxy,RLOG_EQEXP_v1,equivalent_exposure_progress_v1,reference_pure_torch_ssd_mamba2_verified_adapter_v1,0,17,166,5886f771fde37e70fe702dc50f81a0018420e6baac5f3a761311ef50098c5342,pass_main,2.388783693313598,3.502448558807373,1.3098049928755577,1.1774871349334717,28.303838691540466,1.3878249132191165,19.719683943168246,1.5998720114522433,4,6dcc58edd291dfe2d717efda29886beaeaa6c3db22ee0058091db43049bbfdd8,contract_manifest,SUCCESS
MAMBA_PHY_K4_AUX,A_reference_sequence_terminal_proxy,RLOG_EQEXP_v1,equivalent_exposure_progress_v1,reference_pure_torch_ssd_mamba2_verified_adapter_v1,0,17,167,5886f771fde37e70fe702dc50f81a0018420e6baac5f3a761311ef50098c5342,pass_main,15.42117404937744,4.687534332275391,3.627420071449651,0.8291918039321899,28.303838691540466,1.3878249132191165,19.719683943168246,1.5998720114522433,4,6dcc58edd291dfe2d717efda29886beaeaa6c3db22ee0058091db43049bbfdd8,contract_manifest,SUCCESS
MAMBA_PHY_K4_AUX,A_reference_sequence_terminal_proxy,RLOG_EQEXP_v1,equivalent_exposure_progress_v1,reference_pure_torch_ssd_mamba2_verified_adapter_v1,0,17,176,be21bfed3c648b372b27970a9f1258427c6746d96e1eb37fa62715eb2e831bdc,pass_main,11.469114303588867,4.190219879150391,1.035199566252268,1.2386466264724731,28.303838691540466,1.3878249132191165,19.719683943168246,1.5998720114522433,4,6dcc58edd291dfe2d717efda29886beaeaa6c3db22ee0058091db43049bbfdd8,contract_manifest,SUCCESS
MAMBA_PHY_K4_AUX,A_reference_sequence_terminal_proxy,RLOG_EQEXP_v1,equivalent_exposure_progress_v1,reference_pure_torch_ssd_mamba2_verified_adapter_v1,0,17,177,be21bfed3c648b372b27970a9f1258427c6746d96e1eb37fa62715eb2e831bdc,pass_main,21.245290756225582,5.283793926239014,0.488815611625548,1.1688603162765503,28.303838691540466,1.3878249132191165,19.719683943168246,1.5998720114522433,4,6dcc58edd291dfe2d717efda29886beaeaa6c3db22ee0058091db43049bbfdd8,contract_manifest,SUCCESS
MAMBA_PHY_K4_AUX,A_reference_sequence_terminal_proxy,RLOG_EQEXP_v1,equivalent_exposure_progress_v1,reference_pure_torch_ssd_mamba2_verified_adapter_v1,0,17,178,be21bfed3c648b372b27970a9f1258427c6746d96e1eb37fa62715eb2e831bdc,pass_main,29.068297386169437,6.395634651184082,0.6015389825741759,1.080474615097046,28.303838691540466,1.3878249132191165,19.719683943168246,1.5998720114522433,4,6dcc58edd291dfe2d717efda29886beaeaa6c3db22ee0058091db43049bbfdd8,contract_manifest,SUCCESS
MAMBA_PHY_K4_AUX,A_reference_sequence_terminal_proxy,RLOG_EQEXP_v1,equivalent_exposure_progress_v1,reference_pure_torch_ssd_mamba2_verified_adapter_v1,0,17,179,be21bfed3c648b372b27970a9f1258427c6746d96e1eb37fa62715eb2e831bdc,pass_main,35.57953071594238,7.527072906494141,0.7167923080238093,0.975213348865509,28.303838691540466,1.3878249132191165,19.719683943168246,1.5998720114522433,4,6dcc58edd291dfe2d717efda29886beaeaa6c3db22ee0058091db43049bbfdd8,contract_manifest,SUCCESS
MAMBA_PHY_K32_AUX,A_reference_sequence_terminal_proxy,RLOG_EQEXP_v1,equivalent_exposure_progress_v1,reference_pure_torch_ssd_mamba2_verified_adapter_v1,0,17,3,18adeab07c66f0a6220f42b552e8f6371eec7998e00b068e57fe071ba3c10f72,formal,2.1620235443115234,15.312352180480957,0.3509867281904462,1.0793410539627075,28.303838691540466,1.3878249132191165,19.719683943168246,1.5998720114522433,32,a037cfdf140e8b674a635a1554c5bee9450114929e835bb338985b1b31fc53b6,contract_manifest,SUCCESS
MAMBA_PHY_K32_AUX,A_reference_sequence_terminal_proxy,RLOG_EQEXP_v1,equivalent_exposure_progress_v1,reference_pure_torch_ssd_mamba2_verified_adapter_v1,0,17,5,d878d557bd642809900e1cd2cbfa297663c19430f739151859fb0df411813932,formal,0.7911836206912994,14.619811058044434,0.7214682340898958,1.126851201057434,28.303838691540466,1.3878249132191165,19.719683943168246,1.5998720114522433,32,a037cfdf140e8b674a635a1554c5bee9450114929e835bb338985b1b31fc53b6,contract_manifest,SUCCESS
MAMBA_PHY_K32_AUX,A_reference_sequence_terminal_proxy,RLOG_EQEXP_v1,equivalent_exposure_progress_v1,reference_pure_torch_ssd_mamba2_verified_adapter_v1,0,17,8,5a8d034dc5bc855c8cc7167052b204006334cad601c697d737030b6cfbbeafac,formal,57.03376770019531,45.921852111816406,0.33882744664664216,1.3892982006072998,28.303838691540466,1.3878249132191165,19.719683943168246,1.5998720114522433,32,a037cfdf140e8b674a635a1554c5bee9450114929e835bb338985b1b31fc53b6,contract_manifest,SUCCESS
MAMBA_PHY_K32_AUX,A_reference_sequence_terminal_proxy,RLOG_EQEXP_v1,equivalent_exposure_progress_v1,reference_pure_torch_ssd_mamba2_verified_adapter_v1,0,17,19,ba76e90434e71d41c24161680085b4277285f7a175516149b86a70da126f2240,formal,63.11563491821289,44.732826232910156,9.056636092849038,0.7370343208312988,28.303838691540466,1.3878249132191165,19.719683943168246,1.5998720114522433,32,a037cfdf140e8b674a635a1554c5bee9450114929e835bb338985b1b31fc53b6,contract_manifest,SUCCESS
MAMBA_PHY_K32_AUX,A_reference_sequence_terminal_proxy,RLOG_EQEXP_v1,equivalent_exposure_progress_v1,reference_pure_torch_ssd_mamba2_verified_adapter_v1,0,17,33,8602be088ade4aa03b97055e8634fedfb21f0b6554c53366ac0e3df4de389311,formal,55.18541145324707,46.730499267578125,0.5826469633878488,2.1348917484283447,28.303838691540466,1.3878249132191165,19.719683943168246,1.5998720114522433,32,a037cfdf140e8b674a635a1554c5bee9450114929e835bb338985b1b31fc53b6,contract_manifest,SUCCESS
MAMBA_PHY_K32_AUX,A_reference_sequence_terminal_proxy,RLOG_EQEXP_v1,equivalent_exposure_progress_v1,reference_pure_torch_ssd_mamba2_verified_adapter_v1,0,17,35,2408b1dc1a902affc49faba1eb1a7974a98411526f82e856c2cca0b9effe2a3a,formal,54.87403869628906,45.63715362548828,0.764299620637193,2.0656628608703613,28.303838691540466,1.3878249132191165,19.719683943168246,1.5998720114522433,32,a037cfdf140e8b674a635a1554c5bee9450114929e835bb338985b1b31fc53b6,contract_manifest,SUCCESS
MAMBA_PHY_K32_AUX,A_reference_sequence_terminal_proxy,RLOG_EQEXP_v1,equivalent_exposure_progress_v1,reference_pure_torch_ssd_mamba2_verified_adapter_v1,0,17,37,3689c38f9947e8059b87ef5082c010ea4b8b73bef146601bda7f54d88d9986b5,formal,53.70109558105469,39.61846160888672,11.506116184719932,2.084397077560425,28.303838691540466,1.3878249132191165,19.719683943168246,1.5998720114522433,32,a037cfdf140e8b674a635a1554c5bee9450114929e835bb338985b1b31fc53b6,contract_manifest,SUCCESS
MAMBA_PHY_K32_AUX,A_reference_sequence_terminal_proxy,RLOG_EQEXP_v1,equivalent_exposure_progress_v1,reference_pure_torch_ssd_mamba2_verified_adapter_v1,0,17,45,f89410c437f281e05ca92c9f85a89bb4b5b41253d7122ca792e2e8d70d5f9db0,formal,52.31752395629883,41.77557373046875,0.618290091974041,2.58030366897583,28.303838691540466,1.3878249132191165,19.719683943168246,1.5998720114522433,32,a037cfdf140e8b674a635a1554c5bee9450114929e835bb338985b1b31fc53b6,contract_manifest,SUCCESS
MAMBA_PHY_K32_AUX,A_reference_sequence_terminal_proxy,RLOG_EQEXP_v1,equivalent_exposure_progress_v1,reference_pure_torch_ssd_mamba2_verified_adapter_v1,0,17,50,54bdf5810da02479bf93c59aa1b26120bfd5010a0a14423ffbfc4b6a74c3fdb9,formal,1.7471812963485718,15.710770606994629,0.834294660334478,1.0995631217956543,28.303838691540466,1.3878249132191165,19.719683943168246,1.5998720114522433,32,a037cfdf140e8b674a635a1554c5bee9450114929e835bb338985b1b31fc53b6,contract_manifest,SUCCESS
MAMBA_PHY_K32_AUX,A_reference_sequence_terminal_proxy,RLOG_EQEXP_v1,equivalent_exposure_progress_v1,reference_pure_torch_ssd_mamba2_verified_adapter_v1,0,17,51,73473a287ae075daec030063466b079c19da048c94a811f5d919417d622c132b,formal,32.744380950927734,24.622758865356445,1.1464841466856521,1.2749812602996826,28.303838691540466,1.3878249132191165,19.719683943168246,1.5998720114522433,32,a037cfdf140e8b674a635a1554c5bee9450114929e835bb338985b1b31fc53b6,contract_manifest,SUCCESS
MAMBA_PHY_K32_AUX,A_reference_sequence_terminal_proxy,RLOG_EQEXP_v1,equivalent_exposure_progress_v1,reference_pure_torch_ssd_mamba2_verified_adapter_v1,0,17,53,73473a287ae075daec030063466b079c19da048c94a811f5d919417d622c132b,formal,41.76206398010254,30.96452522277832,1.104825111699634,1.3189969062805176,28.303838691540466,1.3878249132191165,19.719683943168246,1.5998720114522433,32,a037cfdf140e8b674a635a1554c5bee9450114929e835bb338985b1b31fc53b6,contract_manifest,SUCCESS
MAMBA_PHY_K32_AUX,A_reference_sequence_terminal_proxy,RLOG_EQEXP_v1,equivalent_exposure_progress_v1,reference_pure_torch_ssd_mamba2_verified_adapter_v1,0,17,60,effd732dee5a24b3ab2fa3bf7285e7bf0f1bcb9877a430006059b7699750a021,formal,46.7247428894043,29.88127899169922,3.095873782686277,1.8403953313827515,28.303838691540466,1.3878249132191165,19.719683943168246,1.5998720114522433,32,a037cfdf140e8b674a635a1554c5bee9450114929e835bb338985b1b31fc53b6,contract_manifest,SUCCESS
MAMBA_PHY_K32_AUX,A_reference_sequence_terminal_proxy,RLOG_EQEXP_v1,equivalent_exposure_progress_v1,reference_pure_torch_ssd_mamba2_verified_adapter_v1,0,17,63,9204b6f9d2d9d6115cd61286c057d67be4f9c9208869ac4921cd29a650288373,formal,35.81507682800293,35.403011322021484,1.5550094089570836,2.1728923320770264,28.303838691540466,1.3878249132191165,19.719683943168246,1.5998720114522433,32,a037cfdf140e8b674a635a1554c5bee9450114929e835bb338985b1b31fc53b6,contract_manifest,SUCCESS
MAMBA_PHY_K32_AUX,A_reference_sequence_terminal_proxy,RLOG_EQEXP_v1,equivalent_exposure_progress_v1,reference_pure_torch_ssd_mamba2_verified_adapter_v1,0,17,70,1ba03ca6b5871f84532efcd1ac2ad1140d33bf1d626655350e9ff0d4f2b0fcbb,formal,17.18430995941162,46.743656158447266,2.822591821768346,3.2892632484436035,28.303838691540466,1.3878249132191165,19.719683943168246,1.5998720114522433,32,a037cfdf140e8b674a635a1554c5bee9450114929e835bb338985b1b31fc53b6,contract_manifest,SUCCESS
MAMBA_PHY_K32_AUX,A_reference_sequence_terminal_proxy,RLOG_EQEXP_v1,equivalent_exposure_progress_v1,reference_pure_torch_ssd_mamba2_verified_adapter_v1,0,17,71,1ba03ca6b5871f84532efcd1ac2ad1140d33bf1d626655350e9ff0d4f2b0fcbb,formal,48.42877769470215,59.531700134277344,0.8223131359900213,3.221184015274048,28.303838691540466,1.3878249132191165,19.719683943168246,1.5998720114522433,32,a037cfdf140e8b674a635a1554c5bee9450114929e835bb338985b1b31fc53b6,contract_manifest,SUCCESS
MAMBA_PHY_K32_AUX,A_reference_sequence_terminal_proxy,RLOG_EQEXP_v1,equivalent_exposure_progress_v1,reference_pure_torch_ssd_mamba2_verified_adapter_v1,0,17,80,cb00b97a81a7996d7f555ea2f10f9313c10abf659f541275e999fbda4471fb95,formal,50.59038543701172,45.80914306640625,0.47149082416612653,1.3489961624145508,28.303838691540466,1.3878249132191165,19.719683943168246,1.5998720114522433,32,a037cfdf140e8b674a635a1554c5bee9450114929e835bb338985b1b31fc53b6,contract_manifest,SUCCESS
MAMBA_PHY_K32_AUX,A_reference_sequence_terminal_proxy,RLOG_EQEXP_v1,equivalent_exposure_progress_v1,reference_pure_torch_ssd_mamba2_verified_adapter_v1,0,17,83,05ebe211151b5c42ea77521c2d6176fab9089defd86ce310bf90b3f324d60207,formal,47.20834732055664,42.826656341552734,3.707253207823567,1.8160215616226196,28.303838691540466,1.3878249132191165,19.719683943168246,1.5998720114522433,32,a037cfdf140e8b674a635a1554c5bee9450114929e835bb338985b1b31fc53b6,contract_manifest,SUCCESS
MAMBA_PHY_K32_AUX,A_reference_sequence_terminal_proxy,RLOG_EQEXP_v1,equivalent_exposure_progress_v1,reference_pure_torch_ssd_mamba2_verified_adapter_v1,0,17,84,b0de7b7f774bd4b8443b381c78462e76735d00836536718b12b6dec43d928d17,formal,19.04991912841797,17.790695190429688,0.6819201226507324,1.4089832305908203,28.303838691540466,1.3878249132191165,19.719683943168246,1.5998720114522433,32,a037cfdf140e8b674a635a1554c5bee9450114929e835bb338985b1b31fc53b6,contract_manifest,SUCCESS
MAMBA_PHY_K32_AUX,A_reference_sequence_terminal_proxy,RLOG_EQEXP_v1,equivalent_exposure_progress_v1,reference_pure_torch_ssd_mamba2_verified_adapter_v1,0,17,89,434cc40d613f5f9e54f64010b37637f9465d262a9a94041cdb976cf0cbe7ef5a,formal,41.92535781860352,47.090660095214844,0.5358293439648069,3.4839699268341064,28.303838691540466,1.3878249132191165,19.719683943168246,1.5998720114522433,32,a037cfdf140e8b674a635a1554c5bee9450114929e835bb338985b1b31fc53b6,contract_manifest,SUCCESS
MAMBA_PHY_K32_AUX,A_reference_sequence_terminal_proxy,RLOG_EQEXP_v1,equivalent_exposure_progress_v1,reference_pure_torch_ssd_mamba2_verified_adapter_v1,0,17,91,4e2cca025b4b2543e4f596540a03c1bb76e8876658fd5364f336e00dc74ca901,formal,25.771157264709476,28.48480987548828,0.8879033963097003,2.2256410121917725,28.303838691540466,1.3878249132191165,19.719683943168246,1.5998720114522433,32,a037cfdf140e8b674a635a1554c5bee9450114929e835bb338985b1b31fc53b6,contract_manifest,SUCCESS
MAMBA_PHY_K32_AUX,A_reference_sequence_terminal_proxy,RLOG_EQEXP_v1,equivalent_exposure_progress_v1,reference_pure_torch_ssd_mamba2_verified_adapter_v1,0,17,97,75e8a3878cb5b07fc1219373158bf31b99facf7edf6c02931e54b63a6d81928a,formal,9.661888122558594,15.542242050170898,0.2892274102013272,1.1047319173812866,28.303838691540466,1.3878249132191165,19.719683943168246,1.5998720114522433,32,a037cfdf140e8b674a635a1554c5bee9450114929e835bb338985b1b31fc53b6,contract_manifest,SUCCESS
MAMBA_PHY_K32_AUX,A_reference_sequence_terminal_proxy,RLOG_EQEXP_v1,equivalent_exposure_progress_v1,reference_pure_torch_ssd_mamba2_verified_adapter_v1,0,17,103,2dafc5c0f22998d3afe6699ea3c478747b2b3afd3903eeeb707b7b40f64f51b4,formal,38.72575950622559,30.903018951416016,0.5152116177074861,1.2715643644332886,28.303838691540466,1.3878249132191165,19.719683943168246,1.5998720114522433,32,a037cfdf140e8b674a635a1554c5bee9450114929e835bb338985b1b31fc53b6,contract_manifest,SUCCESS
MAMBA_PHY_K32_AUX,A_reference_sequence_terminal_proxy,RLOG_EQEXP_v1,equivalent_exposure_progress_v1,reference_pure_torch_ssd_mamba2_verified_adapter_v1,0,17,108,607d2783453c8ad786d1ef5e7695b041f0718e8a505a0d17858cac60e079149e,formal,2.5217500925064087,15.1766996383667,1.7672759377983331,1.2621355056762695,28.303838691540466,1.3878249132191165,19.719683943168246,1.5998720114522433,32,a037cfdf140e8b674a635a1554c5bee9450114929e835bb338985b1b31fc53b6,contract_manifest,SUCCESS
MAMBA_PHY_K32_AUX,A_reference_sequence_terminal_proxy,RLOG_EQEXP_v1,equivalent_exposure_progress_v1,reference_pure_torch_ssd_mamba2_verified_adapter_v1,0,17,118,9b4ea5c4658350b5838f157a2cc6f05607f6f74cbdcd8278f1e67d67ed39c52f,formal,46.120548248291016,44.34858703613281,2.859237575174291,2.7117671966552734,28.303838691540466,1.3878249132191165,19.719683943168246,1.5998720114522433,32,a037cfdf140e8b674a635a1554c5bee9450114929e835bb338985b1b31fc53b6,contract_manifest,SUCCESS
MAMBA_PHY_K32_AUX,A_reference_sequence_terminal_proxy,RLOG_EQEXP_v1,equivalent_exposure_progress_v1,reference_pure_torch_ssd_mamba2_verified_adapter_v1,0,17,160,0173a9b0e73614a22e0130f113fb8339d3922904a34f19fff1ba4a50c552968f,pass_main,9.461623668670654,15.846723556518555,0.6723047202730627,1.2690485715866089,28.303838691540466,1.3878249132191165,19.719683943168246,1.5998720114522433,32,a037cfdf140e8b674a635a1554c5bee9450114929e835bb338985b1b31fc53b6,contract_manifest,SUCCESS
MAMBA_PHY_K32_AUX,A_reference_sequence_terminal_proxy,RLOG_EQEXP_v1,equivalent_exposure_progress_v1,reference_pure_torch_ssd_mamba2_verified_adapter_v1,0,17,161,0173a9b0e73614a22e0130f113fb8339d3922904a34f19fff1ba4a50c552968f,pass_main,17.771986961364746,19.11290168762207,0.5452205446551697,1.3058598041534424,28.303838691540466,1.3878249132191165,19.719683943168246,1.5998720114522433,32,a037cfdf140e8b674a635a1554c5bee9450114929e835bb338985b1b31fc53b6,contract_manifest,SUCCESS
MAMBA_PHY_K32_AUX,A_reference_sequence_terminal_proxy,RLOG_EQEXP_v1,equivalent_exposure_progress_v1,reference_pure_torch_ssd_mamba2_verified_adapter_v1,0,17,162,0173a9b0e73614a22e0130f113fb8339d3922904a34f19fff1ba4a50c552968f,pass_main,30.96079444885254,25.494338989257812,1.8018651413929212,1.3559367656707764,28.303838691540466,1.3878249132191165,19.719683943168246,1.5998720114522433,32,a037cfdf140e8b674a635a1554c5bee9450114929e835bb338985b1b31fc53b6,contract_manifest,SUCCESS
MAMBA_PHY_K32_AUX,A_reference_sequence_terminal_proxy,RLOG_EQEXP_v1,equivalent_exposure_progress_v1,reference_pure_torch_ssd_mamba2_verified_adapter_v1,0,17,163,0173a9b0e73614a22e0130f113fb8339d3922904a34f19fff1ba4a50c552968f,pass_main,25.31327724456787,22.342300415039062,0.5217670127238045,1.3357806205749512,28.303838691540466,1.3878249132191165,19.719683943168246,1.5998720114522433,32,a037cfdf140e8b674a635a1554c5bee9450114929e835bb338985b1b31fc53b6,contract_manifest,SUCCESS
MAMBA_PHY_K32_AUX,A_reference_sequence_terminal_proxy,RLOG_EQEXP_v1,equivalent_exposure_progress_v1,reference_pure_torch_ssd_mamba2_verified_adapter_v1,0,17,164,5886f771fde37e70fe702dc50f81a0018420e6baac5f3a761311ef50098c5342,pass_main,11.041552543640137,17.16610336303711,0.8531545536801359,1.216537356376648,28.303838691540466,1.3878249132191165,19.719683943168246,1.5998720114522433,32,a037cfdf140e8b674a635a1554c5bee9450114929e835bb338985b1b31fc53b6,contract_manifest,SUCCESS
MAMBA_PHY_K32_AUX,A_reference_sequence_terminal_proxy,RLOG_EQEXP_v1,equivalent_exposure_progress_v1,reference_pure_torch_ssd_mamba2_verified_adapter_v1,0,17,165,5886f771fde37e70fe702dc50f81a0018420e6baac5f3a761311ef50098c5342,pass_main,7.956956624984741,15.382980346679688,0.9855645956828885,1.2173951864242554,28.303838691540466,1.3878249132191165,19.719683943168246,1.5998720114522433,32,a037cfdf140e8b674a635a1554c5bee9450114929e835bb338985b1b31fc53b6,contract_manifest,SUCCESS
MAMBA_PHY_K32_AUX,A_reference_sequence_terminal_proxy,RLOG_EQEXP_v1,equivalent_exposure_progress_v1,reference_pure_torch_ssd_mamba2_verified_adapter_v1,0,17,166,5886f771fde37e70fe702dc50f81a0018420e6baac5f3a761311ef50098c5342,pass_main,2.388783693313598,13.645631790161133,1.3098049928755577,1.211997151374817,28.303838691540466,1.3878249132191165,19.719683943168246,1.5998720114522433,32,a037cfdf140e8b674a635a1554c5bee9450114929e835bb338985b1b31fc53b6,contract_manifest,SUCCESS
MAMBA_PHY_K32_AUX,A_reference_sequence_terminal_proxy,RLOG_EQEXP_v1,equivalent_exposure_progress_v1,reference_pure_torch_ssd_mamba2_verified_adapter_v1,0,17,167,5886f771fde37e70fe702dc50f81a0018420e6baac5f3a761311ef50098c5342,pass_main,15.42117404937744,18.97069549560547,3.627420071449651,1.207522988319397,28.303838691540466,1.3878249132191165,19.719683943168246,1.5998720114522433,32,a037cfdf140e8b674a635a1554c5bee9450114929e835bb338985b1b31fc53b6,contract_manifest,SUCCESS
MAMBA_PHY_K32_AUX,A_reference_sequence_terminal_proxy,RLOG_EQEXP_v1,equivalent_exposure_progress_v1,reference_pure_torch_ssd_mamba2_verified_adapter_v1,0,17,176,be21bfed3c648b372b27970a9f1258427c6746d96e1eb37fa62715eb2e831bdc,pass_main,11.469114303588867,14.33348274230957,1.035199566252268,1.2436727285385132,28.303838691540466,1.3878249132191165,19.719683943168246,1.5998720114522433,32,a037cfdf140e8b674a635a1554c5bee9450114929e835bb338985b1b31fc53b6,contract_manifest,SUCCESS
MAMBA_PHY_K32_AUX,A_reference_sequence_terminal_proxy,RLOG_EQEXP_v1,equivalent_exposure_progress_v1,reference_pure_torch_ssd_mamba2_verified_adapter_v1,0,17,177,be21bfed3c648b372b27970a9f1258427c6746d96e1eb37fa62715eb2e831bdc,pass_main,21.245290756225582,17.079259872436523,0.488815611625548,1.27471125125885,28.303838691540466,1.3878249132191165,19.719683943168246,1.5998720114522433,32,a037cfdf140e8b674a635a1554c5bee9450114929e835bb338985b1b31fc53b6,contract_manifest,SUCCESS
MAMBA_PHY_K32_AUX,A_reference_sequence_terminal_proxy,RLOG_EQEXP_v1,equivalent_exposure_progress_v1,reference_pure_torch_ssd_mamba2_verified_adapter_v1,0,17,178,be21bfed3c648b372b27970a9f1258427c6746d96e1eb37fa62715eb2e831bdc,pass_main,29.068297386169437,19.854415893554688,0.6015389825741759,1.3003523349761963,28.303838691540466,1.3878249132191165,19.719683943168246,1.5998720114522433,32,a037cfdf140e8b674a635a1554c5bee9450114929e835bb338985b1b31fc53b6,contract_manifest,SUCCESS
MAMBA_PHY_K32_AUX,A_reference_sequence_terminal_proxy,RLOG_EQEXP_v1,equivalent_exposure_progress_v1,reference_pure_torch_ssd_mamba2_verified_adapter_v1,0,17,179,be21bfed3c648b372b27970a9f1258427c6746d96e1eb37fa62715eb2e831bdc,pass_main,35.57953071594238,22.610198974609375,0.7167923080238093,1.3178675174713135,28.303838691540466,1.3878249132191165,19.719683943168246,1.5998720114522433,32,a037cfdf140e8b674a635a1554c5bee9450114929e835bb338985b1b31fc53b6,contract_manifest,SUCCESS
CONST_DQ,A_reference_sequence_terminal_proxy,NONE,equivalent_exposure_progress_v1,torch_terminal_v1,1,17,2,b37df1aed4968aa8eb3314a64c3014ae9750b8208c938b6c286132a05cb70c01,formal,3.8969749212265015,27.373396874820394,0.24215440661938614,1.4388542342688435,27.373396874820394,1.4388542342688435,19.498821160909152,1.6000745740046989,0,0e2c54c90ee6b1edf9a89f0810b9abbb2beae65858e24c70022c3d980d4d684b,contract_manifest,SUCCESS
CONST_DQ,A_reference_sequence_terminal_proxy,NONE,equivalent_exposure_progress_v1,torch_terminal_v1,1,17,10,cb9be340a74e68176b7e3bd98e6f419817eaebc6abb8ea912bdbf7a5c5c10579,formal,46.23984718322754,27.373396874820394,2.0998674399944472,1.4388542342688435,27.373396874820394,1.4388542342688435,19.498821160909152,1.6000745740046989,0,0e2c54c90ee6b1edf9a89f0810b9abbb2beae65858e24c70022c3d980d4d684b,contract_manifest,SUCCESS
CONST_DQ,A_reference_sequence_terminal_proxy,NONE,equivalent_exposure_progress_v1,torch_terminal_v1,1,17,12,0ab16dbb0eafab9ea903793e46df86153f53035cd04d0ae8f2ae7b57a528fb9c,formal,30.701452255249023,27.373396874820394,1.174825243428257,1.4388542342688435,27.373396874820394,1.4388542342688435,19.498821160909152,1.6000745740046989,0,0e2c54c90ee6b1edf9a89f0810b9abbb2beae65858e24c70022c3d980d4d684b,contract_manifest,SUCCESS
CONST_DQ,A_reference_sequence_terminal_proxy,NONE,equivalent_exposure_progress_v1,torch_terminal_v1,1,17,16,87f152dade804f5b19b9d4681d676dc2747996a88f5f39ce329846617e1222ea,formal,54.575416564941406,27.373396874820394,1.9106662577480673,1.4388542342688435,27.373396874820394,1.4388542342688435,19.498821160909152,1.6000745740046989,0,0e2c54c90ee6b1edf9a89f0810b9abbb2beae65858e24c70022c3d980d4d684b,contract_manifest,SUCCESS
CONST_DQ,A_reference_sequence_terminal_proxy,NONE,equivalent_exposure_progress_v1,torch_terminal_v1,1,17,17,26611906f033b61bf220bf93ad35552a42e2ec4d6d54372da30f5a0f3bb7deec,formal,5.391144275665283,27.373396874820394,0.8601149036847208,1.4388542342688435,27.373396874820394,1.4388542342688435,19.498821160909152,1.6000745740046989,0,0e2c54c90ee6b1edf9a89f0810b9abbb2beae65858e24c70022c3d980d4d684b,contract_manifest,SUCCESS
CONST_DQ,A_reference_sequence_terminal_proxy,NONE,equivalent_exposure_progress_v1,torch_terminal_v1,1,17,26,4f62a47e4f77d454946cedf270fdcc933224efa07a5240ce3b8562d1d19cf86c,formal,48.2729434967041,27.373396874820394,1.735844337111981,1.4388542342688435,27.373396874820394,1.4388542342688435,19.498821160909152,1.6000745740046989,0,0e2c54c90ee6b1edf9a89f0810b9abbb2beae65858e24c70022c3d980d4d684b,contract_manifest,SUCCESS
CONST_DQ,A_reference_sequence_terminal_proxy,NONE,equivalent_exposure_progress_v1,torch_terminal_v1,1,17,36,37b0c28a28a8f3eb013b209db4dc026e7a8b3642f5e16d25d836c7a5dacffa65,formal,34.34164047241211,27.373396874820394,1.8127786436772633,1.4388542342688435,27.373396874820394,1.4388542342688435,19.498821160909152,1.6000745740046989,0,0e2c54c90ee6b1edf9a89f0810b9abbb2beae65858e24c70022c3d980d4d684b,contract_manifest,SUCCESS
CONST_DQ,A_reference_sequence_terminal_proxy,NONE,equivalent_exposure_progress_v1,torch_terminal_v1,1,17,41,2eeaf71a116d44a24fd554fdc0a8fa13fb10e29ab498f0c725a08261101ea391,formal,39.722333908081055,27.373396874820394,0.7550580429241657,1.4388542342688435,27.373396874820394,1.4388542342688435,19.498821160909152,1.6000745740046989,0,0e2c54c90ee6b1edf9a89f0810b9abbb2beae65858e24c70022c3d980d4d684b,contract_manifest,SUCCESS
CONST_DQ,A_reference_sequence_terminal_proxy,NONE,equivalent_exposure_progress_v1,torch_terminal_v1,1,17,42,6463d0644a2c1a7038a2068f8c6dd9a391c72f5ee724ae075755ce69054f72ff,formal,48.960649490356445,27.373396874820394,2.339618162573759,1.4388542342688435,27.373396874820394,1.4388542342688435,19.498821160909152,1.6000745740046989,0,0e2c54c90ee6b1edf9a89f0810b9abbb2beae65858e24c70022c3d980d4d684b,contract_manifest,SUCCESS
CONST_DQ,A_reference_sequence_terminal_proxy,NONE,equivalent_exposure_progress_v1,torch_terminal_v1,1,17,44,bfce9310f057ffd5a57ffbba380d69a6351ca7fe57b578a67c47b4662bdf52be,formal,49.597900390625,27.373396874820394,5.402552104391358,1.4388542342688435,27.373396874820394,1.4388542342688435,19.498821160909152,1.6000745740046989,0,0e2c54c90ee6b1edf9a89f0810b9abbb2beae65858e24c70022c3d980d4d684b,contract_manifest,SUCCESS
CONST_DQ,A_reference_sequence_terminal_proxy,NONE,equivalent_exposure_progress_v1,torch_terminal_v1,1,17,47,fa552f7aaa7ae90649c3b52411645dad31e60160adc5de67bb0bf42a39f7cd24,formal,51.06957817077637,27.373396874820394,0.7380541224690303,1.4388542342688435,27.373396874820394,1.4388542342688435,19.498821160909152,1.6000745740046989,0,0e2c54c90ee6b1edf9a89f0810b9abbb2beae65858e24c70022c3d980d4d684b,contract_manifest,SUCCESS
CONST_DQ,A_reference_sequence_terminal_proxy,NONE,equivalent_exposure_progress_v1,torch_terminal_v1,1,17,56,947d8f64f4a391751a18ccc2967060f82e89dad36b198774a408651f38cff9ef,formal,44.87353515625,27.373396874820394,0.3078505599887554,1.4388542342688435,27.373396874820394,1.4388542342688435,19.498821160909152,1.6000745740046989,0,0e2c54c90ee6b1edf9a89f0810b9abbb2beae65858e24c70022c3d980d4d684b,contract_manifest,SUCCESS
CONST_DQ,A_reference_sequence_terminal_proxy,NONE,equivalent_exposure_progress_v1,torch_terminal_v1,1,17,65,79e2ed05f65216c72d52a0add4bf98852a1df90adedd000701e667cd4e1c1440,formal,37.99081039428711,27.373396874820394,11.02410072601688,1.4388542342688435,27.373396874820394,1.4388542342688435,19.498821160909152,1.6000745740046989,0,0e2c54c90ee6b1edf9a89f0810b9abbb2beae65858e24c70022c3d980d4d684b,contract_manifest,SUCCESS
CONST_DQ,A_reference_sequence_terminal_proxy,NONE,equivalent_exposure_progress_v1,torch_terminal_v1,1,17,66,79e2ed05f65216c72d52a0add4bf98852a1df90adedd000701e667cd4e1c1440,formal,58.75454521179199,27.373396874820394,2.0867796902392195,1.4388542342688435,27.373396874820394,1.4388542342688435,19.498821160909152,1.6000745740046989,0,0e2c54c90ee6b1edf9a89f0810b9abbb2beae65858e24c70022c3d980d4d684b,contract_manifest,SUCCESS
CONST_DQ,A_reference_sequence_terminal_proxy,NONE,equivalent_exposure_progress_v1,torch_terminal_v1,1,17,67,56df14226d95729a8fb9d5dc3ebfd25f2346e74e9ae10ac28d05946245fe79c6,formal,62.57747077941895,27.373396874820394,3.757511128898185,1.4388542342688435,27.373396874820394,1.4388542342688435,19.498821160909152,1.6000745740046989,0,0e2c54c90ee6b1edf9a89f0810b9abbb2beae65858e24c70022c3d980d4d684b,contract_manifest,SUCCESS
CONST_DQ,A_reference_sequence_terminal_proxy,NONE,equivalent_exposure_progress_v1,torch_terminal_v1,1,17,78,1a8f707978b3aada229765ad00ba127ccc8e4db5f00dd0bf595bee8c69735ff3,formal,6.503506898880005,27.373396874820394,2.5372957620029264,1.4388542342688435,27.373396874820394,1.4388542342688435,19.498821160909152,1.6000745740046989,0,0e2c54c90ee6b1edf9a89f0810b9abbb2beae65858e24c70022c3d980d4d684b,contract_manifest,SUCCESS
CONST_DQ,A_reference_sequence_terminal_proxy,NONE,equivalent_exposure_progress_v1,torch_terminal_v1,1,17,79,5c8b1366e6f95a46a13e70bac85a5be128d939a006953f145043e13a41838a4e,formal,49.69957160949707,27.373396874820394,0.42741421615495223,1.4388542342688435,27.373396874820394,1.4388542342688435,19.498821160909152,1.6000745740046989,0,0e2c54c90ee6b1edf9a89f0810b9abbb2beae65858e24c70022c3d980d4d684b,contract_manifest,SUCCESS
CONST_DQ,A_reference_sequence_terminal_proxy,NONE,equivalent_exposure_progress_v1,torch_terminal_v1,1,17,85,55d28815ef5406c21ac323e9895471056326ef32c1b4a55f81a40354cb959f57,formal,4.834158897399902,27.373396874820394,1.424120631597114,1.4388542342688435,27.373396874820394,1.4388542342688435,19.498821160909152,1.6000745740046989,0,0e2c54c90ee6b1edf9a89f0810b9abbb2beae65858e24c70022c3d980d4d684b,contract_manifest,SUCCESS
CONST_DQ,A_reference_sequence_terminal_proxy,NONE,equivalent_exposure_progress_v1,torch_terminal_v1,1,17,86,55d28815ef5406c21ac323e9895471056326ef32c1b4a55f81a40354cb959f57,formal,38.1300220489502,27.373396874820394,0.5948348879790111,1.4388542342688435,27.373396874820394,1.4388542342688435,19.498821160909152,1.6000745740046989,0,0e2c54c90ee6b1edf9a89f0810b9abbb2beae65858e24c70022c3d980d4d684b,contract_manifest,SUCCESS
CONST_DQ,A_reference_sequence_terminal_proxy,NONE,equivalent_exposure_progress_v1,torch_terminal_v1,1,17,93,f08821a99d4ed065a0e311cde28b5114328a7218ec70b676f19ac00b8ad8c121,formal,45.23748588562012,27.373396874820394,0.5853885454151705,1.4388542342688435,27.373396874820394,1.4388542342688435,19.498821160909152,1.6000745740046989,0,0e2c54c90ee6b1edf9a89f0810b9abbb2beae65858e24c70022c3d980d4d684b,contract_manifest,SUCCESS
CONST_DQ,A_reference_sequence_terminal_proxy,NONE,equivalent_exposure_progress_v1,torch_terminal_v1,1,17,104,d89055a6ebe0380c591261fc2fbd84484e5771e26e8dde45d9b8b0e4179da69f,formal,45.40946769714356,27.373396874820394,0.34535983848029334,1.4388542342688435,27.373396874820394,1.4388542342688435,19.498821160909152,1.6000745740046989,0,0e2c54c90ee6b1edf9a89f0810b9abbb2beae65858e24c70022c3d980d4d684b,contract_manifest,SUCCESS
CONST_DQ,A_reference_sequence_terminal_proxy,NONE,equivalent_exposure_progress_v1,torch_terminal_v1,1,17,114,a0f55d3c0b3cc923c3e64f0e11a2beab464134d011ce61fdabb5edfcb337f33d,formal,45.03070068359375,27.373396874820394,0.567752310531757,1.4388542342688435,27.373396874820394,1.4388542342688435,19.498821160909152,1.6000745740046989,0,0e2c54c90ee6b1edf9a89f0810b9abbb2beae65858e24c70022c3d980d4d684b,contract_manifest,SUCCESS
CONST_DQ,A_reference_sequence_terminal_proxy,NONE,equivalent_exposure_progress_v1,torch_terminal_v1,1,17,115,783f1a926b70c114c5bc6eb548cf1fb153be4bf1a756a64ba1d2ecb86336f60a,formal,41.42281532287598,27.373396874820394,0.6450308583673147,1.4388542342688435,27.373396874820394,1.4388542342688435,19.498821160909152,1.6000745740046989,0,0e2c54c90ee6b1edf9a89f0810b9abbb2beae65858e24c70022c3d980d4d684b,contract_manifest,SUCCESS
CONST_DQ,A_reference_sequence_terminal_proxy,NONE,equivalent_exposure_progress_v1,torch_terminal_v1,1,17,119,4486fa4d53bbf751a3d10e2c5b25183080cc16f5bdf4efb90b39cc2624483d66,formal,49.9108829498291,27.373396874820394,1.0187804655639392,1.4388542342688435,27.373396874820394,1.4388542342688435,19.498821160909152,1.6000745740046989,0,0e2c54c90ee6b1edf9a89f0810b9abbb2beae65858e24c70022c3d980d4d684b,contract_manifest,SUCCESS
CONST_DQ,A_reference_sequence_terminal_proxy,NONE,equivalent_exposure_progress_v1,torch_terminal_v1,1,17,152,5a980396e19821af9bce8aec5b7e8d7103f9b457a9ac9fe83f64b8696efa922d,pass_main,43.12703895568848,27.373396874820394,0.7189104258549036,1.4388542342688435,27.373396874820394,1.4388542342688435,19.498821160909152,1.6000745740046989,0,0e2c54c90ee6b1edf9a89f0810b9abbb2beae65858e24c70022c3d980d4d684b,contract_manifest,SUCCESS
CONST_DQ,A_reference_sequence_terminal_proxy,NONE,equivalent_exposure_progress_v1,torch_terminal_v1,1,17,153,5a980396e19821af9bce8aec5b7e8d7103f9b457a9ac9fe83f64b8696efa922d,pass_main,0.0514282081276178,27.373396874820394,7.318895893690737,1.4388542342688435,27.373396874820394,1.4388542342688435,19.498821160909152,1.6000745740046989,0,0e2c54c90ee6b1edf9a89f0810b9abbb2beae65858e24c70022c3d980d4d684b,contract_manifest,SUCCESS
CONST_DQ,A_reference_sequence_terminal_proxy,NONE,equivalent_exposure_progress_v1,torch_terminal_v1,1,17,154,5a980396e19821af9bce8aec5b7e8d7103f9b457a9ac9fe83f64b8696efa922d,pass_main,26.92369270324707,27.373396874820394,6.211116327284171,1.4388542342688435,27.373396874820394,1.4388542342688435,19.498821160909152,1.6000745740046989,0,0e2c54c90ee6b1edf9a89f0810b9abbb2beae65858e24c70022c3d980d4d684b,contract_manifest,SUCCESS
CONST_DQ,A_reference_sequence_terminal_proxy,NONE,equivalent_exposure_progress_v1,torch_terminal_v1,1,17,155,5a980396e19821af9bce8aec5b7e8d7103f9b457a9ac9fe83f64b8696efa922d,pass_main,37.00133514404297,27.373396874820394,2.293998455213574,1.4388542342688435,27.373396874820394,1.4388542342688435,19.498821160909152,1.6000745740046989,0,0e2c54c90ee6b1edf9a89f0810b9abbb2beae65858e24c70022c3d980d4d684b,contract_manifest,SUCCESS
CONST_DQ,A_reference_sequence_terminal_proxy,NONE,equivalent_exposure_progress_v1,torch_terminal_v1,1,17,156,ce339b490e43317abbeef86cc4b7c5d3ea5412190fa2f7aa0a000aec58a81233,pass_main,28.758760452270508,27.373396874820394,0.4026500084741137,1.4388542342688435,27.373396874820394,1.4388542342688435,19.498821160909152,1.6000745740046989,0,0e2c54c90ee6b1edf9a89f0810b9abbb2beae65858e24c70022c3d980d4d684b,contract_manifest,SUCCESS
CONST_DQ,A_reference_sequence_terminal_proxy,NONE,equivalent_exposure_progress_v1,torch_terminal_v1,1,17,157,ce339b490e43317abbeef86cc4b7c5d3ea5412190fa2f7aa0a000aec58a81233,pass_main,16.298232078552246,27.373396874820394,1.144065278721769,1.4388542342688435,27.373396874820394,1.4388542342688435,19.498821160909152,1.6000745740046989,0,0e2c54c90ee6b1edf9a89f0810b9abbb2beae65858e24c70022c3d980d4d684b,contract_manifest,SUCCESS
CONST_DQ,A_reference_sequence_terminal_proxy,NONE,equivalent_exposure_progress_v1,torch_terminal_v1,1,17,158,ce339b490e43317abbeef86cc4b7c5d3ea5412190fa2f7aa0a000aec58a81233,pass_main,23.470155715942383,27.373396874820394,0.39652005166338705,1.4388542342688435,27.373396874820394,1.4388542342688435,19.498821160909152,1.6000745740046989,0,0e2c54c90ee6b1edf9a89f0810b9abbb2beae65858e24c70022c3d980d4d684b,contract_manifest,SUCCESS
CONST_DQ,A_reference_sequence_terminal_proxy,NONE,equivalent_exposure_progress_v1,torch_terminal_v1,1,17,159,ce339b490e43317abbeef86cc4b7c5d3ea5412190fa2f7aa0a000aec58a81233,pass_main,8.48162031173706,27.373396874820394,0.827945789795427,1.4388542342688435,27.373396874820394,1.4388542342688435,19.498821160909152,1.6000745740046989,0,0e2c54c90ee6b1edf9a89f0810b9abbb2beae65858e24c70022c3d980d4d684b,contract_manifest,SUCCESS
CONST_DQ,A_reference_sequence_terminal_proxy,NONE,equivalent_exposure_progress_v1,torch_terminal_v1,1,17,172,0636ac9ba108ea692d11884ee67cb57b21b11571cdea98193cd247df27d8cdcd,pass_main,3.185724258422852,27.373396874820394,0.551490630600713,1.4388542342688435,27.373396874820394,1.4388542342688435,19.498821160909152,1.6000745740046989,0,0e2c54c90ee6b1edf9a89f0810b9abbb2beae65858e24c70022c3d980d4d684b,contract_manifest,SUCCESS
CONST_DQ,A_reference_sequence_terminal_proxy,NONE,equivalent_exposure_progress_v1,torch_terminal_v1,1,17,173,0636ac9ba108ea692d11884ee67cb57b21b11571cdea98193cd247df27d8cdcd,pass_main,5.091886281967163,27.373396874820394,0.5267186981859265,1.4388542342688435,27.373396874820394,1.4388542342688435,19.498821160909152,1.6000745740046989,0,0e2c54c90ee6b1edf9a89f0810b9abbb2beae65858e24c70022c3d980d4d684b,contract_manifest,SUCCESS
CONST_DQ,A_reference_sequence_terminal_proxy,NONE,equivalent_exposure_progress_v1,torch_terminal_v1,1,17,174,0636ac9ba108ea692d11884ee67cb57b21b11571cdea98193cd247df27d8cdcd,pass_main,1.2931949496269226,27.373396874820394,0.42984885587420957,1.4388542342688435,27.373396874820394,1.4388542342688435,19.498821160909152,1.6000745740046989,0,0e2c54c90ee6b1edf9a89f0810b9abbb2beae65858e24c70022c3d980d4d684b,contract_manifest,SUCCESS
CONST_DQ,A_reference_sequence_terminal_proxy,NONE,equivalent_exposure_progress_v1,torch_terminal_v1,1,17,175,0636ac9ba108ea692d11884ee67cb57b21b11571cdea98193cd247df27d8cdcd,pass_main,7.14370059967041,27.373396874820394,0.7577237433572577,1.4388542342688435,27.373396874820394,1.4388542342688435,19.498821160909152,1.6000745740046989,0,0e2c54c90ee6b1edf9a89f0810b9abbb2beae65858e24c70022c3d980d4d684b,contract_manifest,SUCCESS
TREE_U_DQ,A_reference_sequence_terminal_proxy,NONE,equivalent_exposure_progress_v1,torch_terminal_v1,1,17,2,b37df1aed4968aa8eb3314a64c3014ae9750b8208c938b6c286132a05cb70c01,formal,3.8969749212265015,4.460562039343614,0.24215440661938614,0.46082137307176896,27.373396874820394,1.4388542342688435,19.498821160909152,1.6000745740046989,0,f83d5eb6e01580645936058cc024b5179a53c7e4a32d9683934bc60a386fc3f2,contract_manifest,SUCCESS
TREE_U_DQ,A_reference_sequence_terminal_proxy,NONE,equivalent_exposure_progress_v1,torch_terminal_v1,1,17,10,cb9be340a74e68176b7e3bd98e6f419817eaebc6abb8ea912bdbf7a5c5c10579,formal,46.23984718322754,29.18622056577321,2.0998674399944472,0.9241236063241455,27.373396874820394,1.4388542342688435,19.498821160909152,1.6000745740046989,0,f83d5eb6e01580645936058cc024b5179a53c7e4a32d9683934bc60a386fc3f2,contract_manifest,SUCCESS
TREE_U_DQ,A_reference_sequence_terminal_proxy,NONE,equivalent_exposure_progress_v1,torch_terminal_v1,1,17,12,0ab16dbb0eafab9ea903793e46df86153f53035cd04d0ae8f2ae7b57a528fb9c,formal,30.701452255249023,26.2277149206031,1.174825243428257,1.1096593269481176,27.373396874820394,1.4388542342688435,19.498821160909152,1.6000745740046989,0,f83d5eb6e01580645936058cc024b5179a53c7e4a32d9683934bc60a386fc3f2,contract_manifest,SUCCESS
TREE_U_DQ,A_reference_sequence_terminal_proxy,NONE,equivalent_exposure_progress_v1,torch_terminal_v1,1,17,16,87f152dade804f5b19b9d4681d676dc2747996a88f5f39ce329846617e1222ea,formal,54.575416564941406,43.753743121868084,1.9106662577480673,3.138539527532267,27.373396874820394,1.4388542342688435,19.498821160909152,1.6000745740046989,0,f83d5eb6e01580645936058cc024b5179a53c7e4a32d9683934bc60a386fc3f2,contract_manifest,SUCCESS
TREE_U_DQ,A_reference_sequence_terminal_proxy,NONE,equivalent_exposure_progress_v1,torch_terminal_v1,1,17,17,26611906f033b61bf220bf93ad35552a42e2ec4d6d54372da30f5a0f3bb7deec,formal,5.391144275665283,7.0514011095117315,0.8601149036847208,1.2473801247291565,27.373396874820394,1.4388542342688435,19.498821160909152,1.6000745740046989,0,f83d5eb6e01580645936058cc024b5179a53c7e4a32d9683934bc60a386fc3f2,contract_manifest,SUCCESS
TREE_U_DQ,A_reference_sequence_terminal_proxy,NONE,equivalent_exposure_progress_v1,torch_terminal_v1,1,17,26,4f62a47e4f77d454946cedf270fdcc933224efa07a5240ce3b8562d1d19cf86c,formal,48.2729434967041,42.346460995674136,1.735844337111981,0.6446815568147264,27.373396874820394,1.4388542342688435,19.498821160909152,1.6000745740046989,0,f83d5eb6e01580645936058cc024b5179a53c7e4a32d9683934bc60a386fc3f2,contract_manifest,SUCCESS
TREE_U_DQ,A_reference_sequence_terminal_proxy,NONE,equivalent_exposure_progress_v1,torch_terminal_v1,1,17,36,37b0c28a28a8f3eb013b209db4dc026e7a8b3642f5e16d25d836c7a5dacffa65,formal,34.34164047241211,42.18630164370713,1.8127786436772633,1.7009612022572833,27.373396874820394,1.4388542342688435,19.498821160909152,1.6000745740046989,0,f83d5eb6e01580645936058cc024b5179a53c7e4a32d9683934bc60a386fc3f2,contract_manifest,SUCCESS
TREE_U_DQ,A_reference_sequence_terminal_proxy,NONE,equivalent_exposure_progress_v1,torch_terminal_v1,1,17,41,2eeaf71a116d44a24fd554fdc0a8fa13fb10e29ab498f0c725a08261101ea391,formal,39.722333908081055,45.815294376486875,0.7550580429241657,1.9572532748832407,27.373396874820394,1.4388542342688435,19.498821160909152,1.6000745740046989,0,f83d5eb6e01580645936058cc024b5179a53c7e4a32d9683934bc60a386fc3f2,contract_manifest,SUCCESS
TREE_U_DQ,A_reference_sequence_terminal_proxy,NONE,equivalent_exposure_progress_v1,torch_terminal_v1,1,17,42,6463d0644a2c1a7038a2068f8c6dd9a391c72f5ee724ae075755ce69054f72ff,formal,48.960649490356445,55.77648315726387,2.339618162573759,2.266686123329295,27.373396874820394,1.4388542342688435,19.498821160909152,1.6000745740046989,0,f83d5eb6e01580645936058cc024b5179a53c7e4a32d9683934bc60a386fc3f2,contract_manifest,SUCCESS
TREE_U_DQ,A_reference_sequence_terminal_proxy,NONE,equivalent_exposure_progress_v1,torch_terminal_v1,1,17,44,bfce9310f057ffd5a57ffbba380d69a6351ca7fe57b578a67c47b4662bdf52be,formal,49.597900390625,49.19779707524893,5.402552104391358,2.3823508198771446,27.373396874820394,1.4388542342688435,19.498821160909152,1.6000745740046989,0,f83d5eb6e01580645936058cc024b5179a53c7e4a32d9683934bc60a386fc3f2,contract_manifest,SUCCESS
TREE_U_DQ,A_reference_sequence_terminal_proxy,NONE,equivalent_exposure_progress_v1,torch_terminal_v1,1,17,47,fa552f7aaa7ae90649c3b52411645dad31e60160adc5de67bb0bf42a39f7cd24,formal,51.06957817077637,54.88087392838797,0.7380541224690303,2.2875629243189572,27.373396874820394,1.4388542342688435,19.498821160909152,1.6000745740046989,0,f83d5eb6e01580645936058cc024b5179a53c7e4a32d9683934bc60a386fc3f2,contract_manifest,SUCCESS
TREE_U_DQ,A_reference_sequence_terminal_proxy,NONE,equivalent_exposure_progress_v1,torch_terminal_v1,1,17,56,947d8f64f4a391751a18ccc2967060f82e89dad36b198774a408651f38cff9ef,formal,44.87353515625,44.60350175173572,0.3078505599887554,2.2958177431003053,27.373396874820394,1.4388542342688435,19.498821160909152,1.6000745740046989,0,f83d5eb6e01580645936058cc024b5179a53c7e4a32d9683934bc60a386fc3f2,contract_manifest,SUCCESS
TREE_U_DQ,A_reference_sequence_terminal_proxy,NONE,equivalent_exposure_progress_v1,torch_terminal_v1,1,17,65,79e2ed05f65216c72d52a0add4bf98852a1df90adedd000701e667cd4e1c1440,formal,37.99081039428711,10.463876988689274,11.02410072601688,1.3878001147165093,27.373396874820394,1.4388542342688435,19.498821160909152,1.6000745740046989,0,f83d5eb6e01580645936058cc024b5179a53c7e4a32d9683934bc60a386fc3f2,contract_manifest,SUCCESS
TREE_U_DQ,A_reference_sequence_terminal_proxy,NONE,equivalent_exposure_progress_v1,torch_terminal_v1,1,17,66,79e2ed05f65216c72d52a0add4bf98852a1df90adedd000701e667cd4e1c1440,formal,58.75454521179199,48.17208780673568,2.0867796902392195,2.583064005114154,27.373396874820394,1.4388542342688435,19.498821160909152,1.6000745740046989,0,f83d5eb6e01580645936058cc024b5179a53c7e4a32d9683934bc60a386fc3f2,contract_manifest,SUCCESS
TREE_U_DQ,A_reference_sequence_terminal_proxy,NONE,equivalent_exposure_progress_v1,torch_terminal_v1,1,17,67,56df14226d95729a8fb9d5dc3ebfd25f2346e74e9ae10ac28d05946245fe79c6,formal,62.57747077941895,55.33643664688532,3.757511128898185,2.64367422413221,27.373396874820394,1.4388542342688435,19.498821160909152,1.6000745740046989,0,f83d5eb6e01580645936058cc024b5179a53c7e4a32d9683934bc60a386fc3f2,contract_manifest,SUCCESS
TREE_U_DQ,A_reference_sequence_terminal_proxy,NONE,equivalent_exposure_progress_v1,torch_terminal_v1,1,17,78,1a8f707978b3aada229765ad00ba127ccc8e4db5f00dd0bf595bee8c69735ff3,formal,6.503506898880005,12.914954837400787,2.5372957620029264,0.8533699984944598,27.373396874820394,1.4388542342688435,19.498821160909152,1.6000745740046989,0,f83d5eb6e01580645936058cc024b5179a53c7e4a32d9683934bc60a386fc3f2,contract_manifest,SUCCESS
TREE_U_DQ,A_reference_sequence_terminal_proxy,NONE,equivalent_exposure_progress_v1,torch_terminal_v1,1,17,79,5c8b1366e6f95a46a13e70bac85a5be128d939a006953f145043e13a41838a4e,formal,49.69957160949707,48.45020702175865,0.42741421615495223,2.233485452396434,27.373396874820394,1.4388542342688435,19.498821160909152,1.6000745740046989,0,f83d5eb6e01580645936058cc024b5179a53c7e4a32d9683934bc60a386fc3f2,contract_manifest,SUCCESS
TREE_U_DQ,A_reference_sequence_terminal_proxy,NONE,equivalent_exposure_progress_v1,torch_terminal_v1,1,17,85,55d28815ef5406c21ac323e9895471056326ef32c1b4a55f81a40354cb959f57,formal,4.834158897399902,6.314217990485673,1.424120631597114,1.5806605242322227,27.373396874820394,1.4388542342688435,19.498821160909152,1.6000745740046989,0,f83d5eb6e01580645936058cc024b5179a53c7e4a32d9683934bc60a386fc3f2,contract_manifest,SUCCESS
TREE_U_DQ,A_reference_sequence_terminal_proxy,NONE,equivalent_exposure_progress_v1,torch_terminal_v1,1,17,86,55d28815ef5406c21ac323e9895471056326ef32c1b4a55f81a40354cb959f57,formal,38.1300220489502,46.03722920493474,0.5948348879790111,1.8080341082084934,27.373396874820394,1.4388542342688435,19.498821160909152,1.6000745740046989,0,f83d5eb6e01580645936058cc024b5179a53c7e4a32d9683934bc60a386fc3f2,contract_manifest,SUCCESS
TREE_U_DQ,A_reference_sequence_terminal_proxy,NONE,equivalent_exposure_progress_v1,torch_terminal_v1,1,17,93,f08821a99d4ed065a0e311cde28b5114328a7218ec70b676f19ac00b8ad8c121,formal,45.23748588562012,49.2769112179923,0.5853885454151705,2.0888120451299,27.373396874820394,1.4388542342688435,19.498821160909152,1.6000745740046989,0,f83d5eb6e01580645936058cc024b5179a53c7e4a32d9683934bc60a386fc3f2,contract_manifest,SUCCESS
TREE_U_DQ,A_reference_sequence_terminal_proxy,NONE,equivalent_exposure_progress_v1,torch_terminal_v1,1,17,104,d89055a6ebe0380c591261fc2fbd84484e5771e26e8dde45d9b8b0e4179da69f,formal,45.40946769714356,42.994782240405925,0.34535983848029334,0.7646327014526072,27.373396874820394,1.4388542342688435,19.498821160909152,1.6000745740046989,0,f83d5eb6e01580645936058cc024b5179a53c7e4a32d9683934bc60a386fc3f2,contract_manifest,SUCCESS
TREE_U_DQ,A_reference_sequence_terminal_proxy,NONE,equivalent_exposure_progress_v1,torch_terminal_v1,1,17,114,a0f55d3c0b3cc923c3e64f0e11a2beab464134d011ce61fdabb5edfcb337f33d,formal,45.03070068359375,51.26002315668077,0.567752310531757,2.246018858513928,27.373396874820394,1.4388542342688435,19.498821160909152,1.6000745740046989,0,f83d5eb6e01580645936058cc024b5179a53c7e4a32d9683934bc60a386fc3f2,contract_manifest,SUCCESS
TREE_U_DQ,A_reference_sequence_terminal_proxy,NONE,equivalent_exposure_progress_v1,torch_terminal_v1,1,17,115,783f1a926b70c114c5bc6eb548cf1fb153be4bf1a756a64ba1d2ecb86336f60a,formal,41.42281532287598,48.7291728287122,0.6450308583673147,1.9033705733357018,27.373396874820394,1.4388542342688435,19.498821160909152,1.6000745740046989,0,f83d5eb6e01580645936058cc024b5179a53c7e4a32d9683934bc60a386fc3f2,contract_manifest,SUCCESS
TREE_U_DQ,A_reference_sequence_terminal_proxy,NONE,equivalent_exposure_progress_v1,torch_terminal_v1,1,17,119,4486fa4d53bbf751a3d10e2c5b25183080cc16f5bdf4efb90b39cc2624483d66,formal,49.9108829498291,49.686947995965454,1.0187804655639392,2.064127542986725,27.373396874820394,1.4388542342688435,19.498821160909152,1.6000745740046989,0,f83d5eb6e01580645936058cc024b5179a53c7e4a32d9683934bc60a386fc3f2,contract_manifest,SUCCESS
TREE_U_DQ,A_reference_sequence_terminal_proxy,NONE,equivalent_exposure_progress_v1,torch_terminal_v1,1,17,152,5a980396e19821af9bce8aec5b7e8d7103f9b457a9ac9fe83f64b8696efa922d,pass_main,43.12703895568848,37.322616032923015,0.7189104258549036,0.8637774162614321,27.373396874820394,1.4388542342688435,19.498821160909152,1.6000745740046989,0,f83d5eb6e01580645936058cc024b5179a53c7e4a32d9683934bc60a386fc3f2,contract_manifest,SUCCESS
TREE_U_DQ,A_reference_sequence_terminal_proxy,NONE,equivalent_exposure_progress_v1,torch_terminal_v1,1,17,153,5a980396e19821af9bce8aec5b7e8d7103f9b457a9ac9fe83f64b8696efa922d,pass_main,0.0514282081276178,8.141612535793007,7.318895893690737,1.1838316896224206,27.373396874820394,1.4388542342688435,19.498821160909152,1.6000745740046989,0,f83d5eb6e01580645936058cc024b5179a53c7e4a32d9683934bc60a386fc3f2,contract_manifest,SUCCESS
TREE_U_DQ,A_reference_sequence_terminal_proxy,NONE,equivalent_exposure_progress_v1,torch_terminal_v1,1,17,154,5a980396e19821af9bce8aec5b7e8d7103f9b457a9ac9fe83f64b8696efa922d,pass_main,26.92369270324707,30.348210812684076,6.211116327284171,0.9447908011813928,27.373396874820394,1.4388542342688435,19.498821160909152,1.6000745740046989,0,f83d5eb6e01580645936058cc024b5179a53c7e4a32d9683934bc60a386fc3f2,contract_manifest,SUCCESS
TREE_U_DQ,A_reference_sequence_terminal_proxy,NONE,equivalent_exposure_progress_v1,torch_terminal_v1,1,17,155,5a980396e19821af9bce8aec5b7e8d7103f9b457a9ac9fe83f64b8696efa922d,pass_main,37.00133514404297,33.906812267988144,2.293998455213574,0.768889796373723,27.373396874820394,1.4388542342688435,19.498821160909152,1.6000745740046989,0,f83d5eb6e01580645936058cc024b5179a53c7e4a32d9683934bc60a386fc3f2,contract_manifest,SUCCESS
TREE_U_DQ,A_reference_sequence_terminal_proxy,NONE,equivalent_exposure_progress_v1,torch_terminal_v1,1,17,156,ce339b490e43317abbeef86cc4b7c5d3ea5412190fa2f7aa0a000aec58a81233,pass_main,28.758760452270508,25.393068296799594,0.4026500084741137,1.0459758199144769,27.373396874820394,1.4388542342688435,19.498821160909152,1.6000745740046989,0,f83d5eb6e01580645936058cc024b5179a53c7e4a32d9683934bc60a386fc3f2,contract_manifest,SUCCESS
TREE_U_DQ,A_reference_sequence_terminal_proxy,NONE,equivalent_exposure_progress_v1,torch_terminal_v1,1,17,157,ce339b490e43317abbeef86cc4b7c5d3ea5412190fa2f7aa0a000aec58a81233,pass_main,16.298232078552246,16.33698929802008,1.144065278721769,0.6882570051397765,27.373396874820394,1.4388542342688435,19.498821160909152,1.6000745740046989,0,f83d5eb6e01580645936058cc024b5179a53c7e4a32d9683934bc60a386fc3f2,contract_manifest,SUCCESS
TREE_U_DQ,A_reference_sequence_terminal_proxy,NONE,equivalent_exposure_progress_v1,torch_terminal_v1,1,17,158,ce339b490e43317abbeef86cc4b7c5d3ea5412190fa2f7aa0a000aec58a81233,pass_main,23.470155715942383,22.53901382040219,0.39652005166338705,0.754296164829486,27.373396874820394,1.4388542342688435,19.498821160909152,1.6000745740046989,0,f83d5eb6e01580645936058cc024b5179a53c7e4a32d9683934bc60a386fc3f2,contract_manifest,SUCCESS
TREE_U_DQ,A_reference_sequence_terminal_proxy,NONE,equivalent_exposure_progress_v1,torch_terminal_v1,1,17,159,ce339b490e43317abbeef86cc4b7c5d3ea5412190fa2f7aa0a000aec58a81233,pass_main,8.48162031173706,5.806371754454469,0.827945789795427,0.8934481121070377,27.373396874820394,1.4388542342688435,19.498821160909152,1.6000745740046989,0,f83d5eb6e01580645936058cc024b5179a53c7e4a32d9683934bc60a386fc3f2,contract_manifest,SUCCESS
TREE_U_DQ,A_reference_sequence_terminal_proxy,NONE,equivalent_exposure_progress_v1,torch_terminal_v1,1,17,172,0636ac9ba108ea692d11884ee67cb57b21b11571cdea98193cd247df27d8cdcd,pass_main,3.185724258422852,7.200016141199015,0.551490630600713,0.4718320736277054,27.373396874820394,1.4388542342688435,19.498821160909152,1.6000745740046989,0,f83d5eb6e01580645936058cc024b5179a53c7e4a32d9683934bc60a386fc3f2,contract_manifest,SUCCESS
TREE_U_DQ,A_reference_sequence_terminal_proxy,NONE,equivalent_exposure_progress_v1,torch_terminal_v1,1,17,173,0636ac9ba108ea692d11884ee67cb57b21b11571cdea98193cd247df27d8cdcd,pass_main,5.091886281967163,8.12900582776301,0.5267186981859265,0.46942908394645105,27.373396874820394,1.4388542342688435,19.498821160909152,1.6000745740046989,0,f83d5eb6e01580645936058cc024b5179a53c7e4a32d9683934bc60a386fc3f2,contract_manifest,SUCCESS
TREE_U_DQ,A_reference_sequence_terminal_proxy,NONE,equivalent_exposure_progress_v1,torch_terminal_v1,1,17,174,0636ac9ba108ea692d11884ee67cb57b21b11571cdea98193cd247df27d8cdcd,pass_main,1.2931949496269226,3.5196491937444603,0.42984885587420957,0.7038210883510622,27.373396874820394,1.4388542342688435,19.498821160909152,1.6000745740046989,0,f83d5eb6e01580645936058cc024b5179a53c7e4a32d9683934bc60a386fc3f2,contract_manifest,SUCCESS
TREE_U_DQ,A_reference_sequence_terminal_proxy,NONE,equivalent_exposure_progress_v1,torch_terminal_v1,1,17,175,0636ac9ba108ea692d11884ee67cb57b21b11571cdea98193cd247df27d8cdcd,pass_main,7.14370059967041,9.651287293351116,0.7577237433572577,0.5869908357530179,27.373396874820394,1.4388542342688435,19.498821160909152,1.6000745740046989,0,f83d5eb6e01580645936058cc024b5179a53c7e4a32d9683934bc60a386fc3f2,contract_manifest,SUCCESS
STATIC_PHY_K4_AUX,A_reference_sequence_terminal_proxy,RLOG_EQEXP_v1,equivalent_exposure_progress_v1,torch_terminal_v1,1,17,2,b37df1aed4968aa8eb3314a64c3014ae9750b8208c938b6c286132a05cb70c01,formal,3.8969749212265015,10.46413803100586,0.24215440661938614,1.2538400888442993,27.373396874820394,1.4388542342688435,19.498821160909152,1.6000745740046989,4,88cf3590ec7678ed28f566c2210e3bdc53ee322fe06e5165afe009172ad11212,contract_manifest,SUCCESS
STATIC_PHY_K4_AUX,A_reference_sequence_terminal_proxy,RLOG_EQEXP_v1,equivalent_exposure_progress_v1,torch_terminal_v1,1,17,10,cb9be340a74e68176b7e3bd98e6f419817eaebc6abb8ea912bdbf7a5c5c10579,formal,46.23984718322754,27.38460922241211,2.0998674399944472,1.2538400888442993,27.373396874820394,1.4388542342688435,19.498821160909152,1.6000745740046989,4,88cf3590ec7678ed28f566c2210e3bdc53ee322fe06e5165afe009172ad11212,contract_manifest,SUCCESS
STATIC_PHY_K4_AUX,A_reference_sequence_terminal_proxy,RLOG_EQEXP_v1,equivalent_exposure_progress_v1,torch_terminal_v1,1,17,12,0ab16dbb0eafab9ea903793e46df86153f53035cd04d0ae8f2ae7b57a528fb9c,formal,30.701452255249023,9.059329986572266,1.174825243428257,1.364645004272461,27.373396874820394,1.4388542342688435,19.498821160909152,1.6000745740046989,4,88cf3590ec7678ed28f566c2210e3bdc53ee322fe06e5165afe009172ad11212,contract_manifest,SUCCESS
STATIC_PHY_K4_AUX,A_reference_sequence_terminal_proxy,RLOG_EQEXP_v1,equivalent_exposure_progress_v1,torch_terminal_v1,1,17,16,87f152dade804f5b19b9d4681d676dc2747996a88f5f39ce329846617e1222ea,formal,54.575416564941406,113.20612335205078,1.9106662577480673,1.2538400888442993,27.373396874820394,1.4388542342688435,19.498821160909152,1.6000745740046989,4,88cf3590ec7678ed28f566c2210e3bdc53ee322fe06e5165afe009172ad11212,contract_manifest,SUCCESS
STATIC_PHY_K4_AUX,A_reference_sequence_terminal_proxy,RLOG_EQEXP_v1,equivalent_exposure_progress_v1,torch_terminal_v1,1,17,17,26611906f033b61bf220bf93ad35552a42e2ec4d6d54372da30f5a0f3bb7deec,formal,5.391144275665283,17.446247100830078,0.8601149036847208,1.2538400888442993,27.373396874820394,1.4388542342688435,19.498821160909152,1.6000745740046989,4,88cf3590ec7678ed28f566c2210e3bdc53ee322fe06e5165afe009172ad11212,contract_manifest,SUCCESS
STATIC_PHY_K4_AUX,A_reference_sequence_terminal_proxy,RLOG_EQEXP_v1,equivalent_exposure_progress_v1,torch_terminal_v1,1,17,26,4f62a47e4f77d454946cedf270fdcc933224efa07a5240ce3b8562d1d19cf86c,formal,48.2729434967041,32.71141052246094,1.735844337111981,1.2538400888442993,27.373396874820394,1.4388542342688435,19.498821160909152,1.6000745740046989,4,88cf3590ec7678ed28f566c2210e3bdc53ee322fe06e5165afe009172ad11212,contract_manifest,SUCCESS
STATIC_PHY_K4_AUX,A_reference_sequence_terminal_proxy,RLOG_EQEXP_v1,equivalent_exposure_progress_v1,torch_terminal_v1,1,17,36,37b0c28a28a8f3eb013b209db4dc026e7a8b3642f5e16d25d836c7a5dacffa65,formal,34.34164047241211,15.171849250793457,1.8127786436772633,1.2538400888442993,27.373396874820394,1.4388542342688435,19.498821160909152,1.6000745740046989,4,88cf3590ec7678ed28f566c2210e3bdc53ee322fe06e5165afe009172ad11212,contract_manifest,SUCCESS
STATIC_PHY_K4_AUX,A_reference_sequence_terminal_proxy,RLOG_EQEXP_v1,equivalent_exposure_progress_v1,torch_terminal_v1,1,17,41,2eeaf71a116d44a24fd554fdc0a8fa13fb10e29ab498f0c725a08261101ea391,formal,39.722333908081055,19.187335968017578,0.7550580429241657,1.2538400888442993,27.373396874820394,1.4388542342688435,19.498821160909152,1.6000745740046989,4,88cf3590ec7678ed28f566c2210e3bdc53ee322fe06e5165afe009172ad11212,contract_manifest,SUCCESS
STATIC_PHY_K4_AUX,A_reference_sequence_terminal_proxy,RLOG_EQEXP_v1,equivalent_exposure_progress_v1,torch_terminal_v1,1,17,42,6463d0644a2c1a7038a2068f8c6dd9a391c72f5ee724ae075755ce69054f72ff,formal,48.960649490356445,14.896459579467773,2.339618162573759,1.733467936515808,27.373396874820394,1.4388542342688435,19.498821160909152,1.6000745740046989,4,88cf3590ec7678ed28f566c2210e3bdc53ee322fe06e5165afe009172ad11212,contract_manifest,SUCCESS
STATIC_PHY_K4_AUX,A_reference_sequence_terminal_proxy,RLOG_EQEXP_v1,equivalent_exposure_progress_v1,torch_terminal_v1,1,17,44,bfce9310f057ffd5a57ffbba380d69a6351ca7fe57b578a67c47b4662bdf52be,formal,49.597900390625,30.90966796875,5.402552104391358,1.2538400888442993,27.373396874820394,1.4388542342688435,19.498821160909152,1.6000745740046989,4,88cf3590ec7678ed28f566c2210e3bdc53ee322fe06e5165afe009172ad11212,contract_manifest,SUCCESS
STATIC_PHY_K4_AUX,A_reference_sequence_terminal_proxy,RLOG_EQEXP_v1,equivalent_exposure_progress_v1,torch_terminal_v1,1,17,47,fa552f7aaa7ae90649c3b52411645dad31e60160adc5de67bb0bf42a39f7cd24,formal,51.06957817077637,14.421867370605469,0.7380541224690303,1.9066213369369507,27.373396874820394,1.4388542342688435,19.498821160909152,1.6000745740046989,4,88cf3590ec7678ed28f566c2210e3bdc53ee322fe06e5165afe009172ad11212,contract_manifest,SUCCESS
STATIC_PHY_K4_AUX,A_reference_sequence_terminal_proxy,RLOG_EQEXP_v1,equivalent_exposure_progress_v1,torch_terminal_v1,1,17,56,947d8f64f4a391751a18ccc2967060f82e89dad36b198774a408651f38cff9ef,formal,44.87353515625,28.391216278076172,0.3078505599887554,1.2538400888442993,27.373396874820394,1.4388542342688435,19.498821160909152,1.6000745740046989,4,88cf3590ec7678ed28f566c2210e3bdc53ee322fe06e5165afe009172ad11212,contract_manifest,SUCCESS
STATIC_PHY_K4_AUX,A_reference_sequence_terminal_proxy,RLOG_EQEXP_v1,equivalent_exposure_progress_v1,torch_terminal_v1,1,17,65,79e2ed05f65216c72d52a0add4bf98852a1df90adedd000701e667cd4e1c1440,formal,37.99081039428711,39.7772102355957,11.02410072601688,1.2538400888442993,27.373396874820394,1.4388542342688435,19.498821160909152,1.6000745740046989,4,88cf3590ec7678ed28f566c2210e3bdc53ee322fe06e5165afe009172ad11212,contract_manifest,SUCCESS
STATIC_PHY_K4_AUX,A_reference_sequence_terminal_proxy,RLOG_EQEXP_v1,equivalent_exposure_progress_v1,torch_terminal_v1,1,17,66,79e2ed05f65216c72d52a0add4bf98852a1df90adedd000701e667cd4e1c1440,formal,58.75454521179199,101.85002899169922,2.0867796902392195,1.2538400888442993,27.373396874820394,1.4388542342688435,19.498821160909152,1.6000745740046989,4,88cf3590ec7678ed28f566c2210e3bdc53ee322fe06e5165afe009172ad11212,contract_manifest,SUCCESS
STATIC_PHY_K4_AUX,A_reference_sequence_terminal_proxy,RLOG_EQEXP_v1,equivalent_exposure_progress_v1,torch_terminal_v1,1,17,67,56df14226d95729a8fb9d5dc3ebfd25f2346e74e9ae10ac28d05946245fe79c6,formal,62.57747077941895,70.6940689086914,3.757511128898185,3.7611749172210693,27.373396874820394,1.4388542342688435,19.498821160909152,1.6000745740046989,4,88cf3590ec7678ed28f566c2210e3bdc53ee322fe06e5165afe009172ad11212,contract_manifest,SUCCESS
STATIC_PHY_K4_AUX,A_reference_sequence_terminal_proxy,RLOG_EQEXP_v1,equivalent_exposure_progress_v1,torch_terminal_v1,1,17,78,1a8f707978b3aada229765ad00ba127ccc8e4db5f00dd0bf595bee8c69735ff3,formal,6.503506898880005,11.137866020202637,2.5372957620029264,1.2538400888442993,27.373396874820394,1.4388542342688435,19.498821160909152,1.6000745740046989,4,88cf3590ec7678ed28f566c2210e3bdc53ee322fe06e5165afe009172ad11212,contract_manifest,SUCCESS
STATIC_PHY_K4_AUX,A_reference_sequence_terminal_proxy,RLOG_EQEXP_v1,equivalent_exposure_progress_v1,torch_terminal_v1,1,17,79,5c8b1366e6f95a46a13e70bac85a5be128d939a006953f145043e13a41838a4e,formal,49.69957160949707,165.94407653808594,0.42741421615495223,1.2538400888442993,27.373396874820394,1.4388542342688435,19.498821160909152,1.6000745740046989,4,88cf3590ec7678ed28f566c2210e3bdc53ee322fe06e5165afe009172ad11212,contract_manifest,SUCCESS
STATIC_PHY_K4_AUX,A_reference_sequence_terminal_proxy,RLOG_EQEXP_v1,equivalent_exposure_progress_v1,torch_terminal_v1,1,17,85,55d28815ef5406c21ac323e9895471056326ef32c1b4a55f81a40354cb959f57,formal,4.834158897399902,13.456903457641602,1.424120631597114,1.2538400888442993,27.373396874820394,1.4388542342688435,19.498821160909152,1.6000745740046989,4,88cf3590ec7678ed28f566c2210e3bdc53ee322fe06e5165afe009172ad11212,contract_manifest,SUCCESS
STATIC_PHY_K4_AUX,A_reference_sequence_terminal_proxy,RLOG_EQEXP_v1,equivalent_exposure_progress_v1,torch_terminal_v1,1,17,86,55d28815ef5406c21ac323e9895471056326ef32c1b4a55f81a40354cb959f57,formal,38.1300220489502,27.60519790649414,0.5948348879790111,1.2538400888442993,27.373396874820394,1.4388542342688435,19.498821160909152,1.6000745740046989,4,88cf3590ec7678ed28f566c2210e3bdc53ee322fe06e5165afe009172ad11212,contract_manifest,SUCCESS
STATIC_PHY_K4_AUX,A_reference_sequence_terminal_proxy,RLOG_EQEXP_v1,equivalent_exposure_progress_v1,torch_terminal_v1,1,17,93,f08821a99d4ed065a0e311cde28b5114328a7218ec70b676f19ac00b8ad8c121,formal,45.23748588562012,60.4681510925293,0.5853885454151705,1.2538400888442993,27.373396874820394,1.4388542342688435,19.498821160909152,1.6000745740046989,4,88cf3590ec7678ed28f566c2210e3bdc53ee322fe06e5165afe009172ad11212,contract_manifest,SUCCESS
STATIC_PHY_K4_AUX,A_reference_sequence_terminal_proxy,RLOG_EQEXP_v1,equivalent_exposure_progress_v1,torch_terminal_v1,1,17,104,d89055a6ebe0380c591261fc2fbd84484e5771e26e8dde45d9b8b0e4179da69f,formal,45.40946769714356,70.5324935913086,0.34535983848029334,2.9211490154266357,27.373396874820394,1.4388542342688435,19.498821160909152,1.6000745740046989,4,88cf3590ec7678ed28f566c2210e3bdc53ee322fe06e5165afe009172ad11212,contract_manifest,SUCCESS
STATIC_PHY_K4_AUX,A_reference_sequence_terminal_proxy,RLOG_EQEXP_v1,equivalent_exposure_progress_v1,torch_terminal_v1,1,17,114,a0f55d3c0b3cc923c3e64f0e11a2beab464134d011ce61fdabb5edfcb337f33d,formal,45.03070068359375,154.19544982910156,0.567752310531757,6.45103120803833,27.373396874820394,1.4388542342688435,19.498821160909152,1.6000745740046989,4,88cf3590ec7678ed28f566c2210e3bdc53ee322fe06e5165afe009172ad11212,contract_manifest,SUCCESS
STATIC_PHY_K4_AUX,A_reference_sequence_terminal_proxy,RLOG_EQEXP_v1,equivalent_exposure_progress_v1,torch_terminal_v1,1,17,115,783f1a926b70c114c5bc6eb548cf1fb153be4bf1a756a64ba1d2ecb86336f60a,formal,41.42281532287598,40.08039855957031,0.6450308583673147,1.2538400888442993,27.373396874820394,1.4388542342688435,19.498821160909152,1.6000745740046989,4,88cf3590ec7678ed28f566c2210e3bdc53ee322fe06e5165afe009172ad11212,contract_manifest,SUCCESS
STATIC_PHY_K4_AUX,A_reference_sequence_terminal_proxy,RLOG_EQEXP_v1,equivalent_exposure_progress_v1,torch_terminal_v1,1,17,119,4486fa4d53bbf751a3d10e2c5b25183080cc16f5bdf4efb90b39cc2624483d66,formal,49.9108829498291,84.75711822509766,1.0187804655639392,4.381227493286133,27.373396874820394,1.4388542342688435,19.498821160909152,1.6000745740046989,4,88cf3590ec7678ed28f566c2210e3bdc53ee322fe06e5165afe009172ad11212,contract_manifest,SUCCESS
STATIC_PHY_K4_AUX,A_reference_sequence_terminal_proxy,RLOG_EQEXP_v1,equivalent_exposure_progress_v1,torch_terminal_v1,1,17,152,5a980396e19821af9bce8aec5b7e8d7103f9b457a9ac9fe83f64b8696efa922d,pass_main,43.12703895568848,14.186863899230957,0.7189104258549036,1.2538400888442993,27.373396874820394,1.4388542342688435,19.498821160909152,1.6000745740046989,4,88cf3590ec7678ed28f566c2210e3bdc53ee322fe06e5165afe009172ad11212,contract_manifest,SUCCESS
STATIC_PHY_K4_AUX,A_reference_sequence_terminal_proxy,RLOG_EQEXP_v1,equivalent_exposure_progress_v1,torch_terminal_v1,1,17,153,5a980396e19821af9bce8aec5b7e8d7103f9b457a9ac9fe83f64b8696efa922d,pass_main,0.0514282081276178,10.102319717407227,7.318895893690737,1.2538400888442993,27.373396874820394,1.4388542342688435,19.498821160909152,1.6000745740046989,4,88cf3590ec7678ed28f566c2210e3bdc53ee322fe06e5165afe009172ad11212,contract_manifest,SUCCESS
STATIC_PHY_K4_AUX,A_reference_sequence_terminal_proxy,RLOG_EQEXP_v1,equivalent_exposure_progress_v1,torch_terminal_v1,1,17,154,5a980396e19821af9bce8aec5b7e8d7103f9b457a9ac9fe83f64b8696efa922d,pass_main,26.92369270324707,11.463834762573242,6.211116327284171,1.2538400888442993,27.373396874820394,1.4388542342688435,19.498821160909152,1.6000745740046989,4,88cf3590ec7678ed28f566c2210e3bdc53ee322fe06e5165afe009172ad11212,contract_manifest,SUCCESS
STATIC_PHY_K4_AUX,A_reference_sequence_terminal_proxy,RLOG_EQEXP_v1,equivalent_exposure_progress_v1,torch_terminal_v1,1,17,155,5a980396e19821af9bce8aec5b7e8d7103f9b457a9ac9fe83f64b8696efa922d,pass_main,37.00133514404297,12.825349807739258,2.293998455213574,1.2538400888442993,27.373396874820394,1.4388542342688435,19.498821160909152,1.6000745740046989,4,88cf3590ec7678ed28f566c2210e3bdc53ee322fe06e5165afe009172ad11212,contract_manifest,SUCCESS
STATIC_PHY_K4_AUX,A_reference_sequence_terminal_proxy,RLOG_EQEXP_v1,equivalent_exposure_progress_v1,torch_terminal_v1,1,17,156,ce339b490e43317abbeef86cc4b7c5d3ea5412190fa2f7aa0a000aec58a81233,pass_main,28.758760452270508,17.130516052246094,0.4026500084741137,1.2538400888442993,27.373396874820394,1.4388542342688435,19.498821160909152,1.6000745740046989,4,88cf3590ec7678ed28f566c2210e3bdc53ee322fe06e5165afe009172ad11212,contract_manifest,SUCCESS
STATIC_PHY_K4_AUX,A_reference_sequence_terminal_proxy,RLOG_EQEXP_v1,equivalent_exposure_progress_v1,torch_terminal_v1,1,17,157,ce339b490e43317abbeef86cc4b7c5d3ea5412190fa2f7aa0a000aec58a81233,pass_main,16.298232078552246,12.935661315917969,1.144065278721769,1.2538400888442993,27.373396874820394,1.4388542342688435,19.498821160909152,1.6000745740046989,4,88cf3590ec7678ed28f566c2210e3bdc53ee322fe06e5165afe009172ad11212,contract_manifest,SUCCESS
STATIC_PHY_K4_AUX,A_reference_sequence_terminal_proxy,RLOG_EQEXP_v1,equivalent_exposure_progress_v1,torch_terminal_v1,1,17,158,ce339b490e43317abbeef86cc4b7c5d3ea5412190fa2f7aa0a000aec58a81233,pass_main,23.470155715942383,15.033089637756348,0.39652005166338705,1.2538400888442993,27.373396874820394,1.4388542342688435,19.498821160909152,1.6000745740046989,4,88cf3590ec7678ed28f566c2210e3bdc53ee322fe06e5165afe009172ad11212,contract_manifest,SUCCESS
STATIC_PHY_K4_AUX,A_reference_sequence_terminal_proxy,RLOG_EQEXP_v1,equivalent_exposure_progress_v1,torch_terminal_v1,1,17,159,ce339b490e43317abbeef86cc4b7c5d3ea5412190fa2f7aa0a000aec58a81233,pass_main,8.48162031173706,10.838233947753906,0.827945789795427,1.2538400888442993,27.373396874820394,1.4388542342688435,19.498821160909152,1.6000745740046989,4,88cf3590ec7678ed28f566c2210e3bdc53ee322fe06e5165afe009172ad11212,contract_manifest,SUCCESS
STATIC_PHY_K4_AUX,A_reference_sequence_terminal_proxy,RLOG_EQEXP_v1,equivalent_exposure_progress_v1,torch_terminal_v1,1,17,172,0636ac9ba108ea692d11884ee67cb57b21b11571cdea98193cd247df27d8cdcd,pass_main,3.185724258422852,9.239398002624512,0.551490630600713,1.2538400888442993,27.373396874820394,1.4388542342688435,19.498821160909152,1.6000745740046989,4,88cf3590ec7678ed28f566c2210e3bdc53ee322fe06e5165afe009172ad11212,contract_manifest,SUCCESS
STATIC_PHY_K4_AUX,A_reference_sequence_terminal_proxy,RLOG_EQEXP_v1,equivalent_exposure_progress_v1,torch_terminal_v1,1,17,173,0636ac9ba108ea692d11884ee67cb57b21b11571cdea98193cd247df27d8cdcd,pass_main,5.091886281967163,9.488694190979004,0.5267186981859265,1.2538400888442993,27.373396874820394,1.4388542342688435,19.498821160909152,1.6000745740046989,4,88cf3590ec7678ed28f566c2210e3bdc53ee322fe06e5165afe009172ad11212,contract_manifest,SUCCESS
STATIC_PHY_K4_AUX,A_reference_sequence_terminal_proxy,RLOG_EQEXP_v1,equivalent_exposure_progress_v1,torch_terminal_v1,1,17,174,0636ac9ba108ea692d11884ee67cb57b21b11571cdea98193cd247df27d8cdcd,pass_main,1.2931949496269226,8.99010181427002,0.42984885587420957,1.2538400888442993,27.373396874820394,1.4388542342688435,19.498821160909152,1.6000745740046989,4,88cf3590ec7678ed28f566c2210e3bdc53ee322fe06e5165afe009172ad11212,contract_manifest,SUCCESS
STATIC_PHY_K4_AUX,A_reference_sequence_terminal_proxy,RLOG_EQEXP_v1,equivalent_exposure_progress_v1,torch_terminal_v1,1,17,175,0636ac9ba108ea692d11884ee67cb57b21b11571cdea98193cd247df27d8cdcd,pass_main,7.14370059967041,9.737990379333496,0.7577237433572577,1.2538400888442993,27.373396874820394,1.4388542342688435,19.498821160909152,1.6000745740046989,4,88cf3590ec7678ed28f566c2210e3bdc53ee322fe06e5165afe009172ad11212,contract_manifest,SUCCESS
GRU_PHY_K4_AUX,A_reference_sequence_terminal_proxy,RLOG_EQEXP_v1,equivalent_exposure_progress_v1,torch_terminal_v1,1,17,2,b37df1aed4968aa8eb3314a64c3014ae9750b8208c938b6c286132a05cb70c01,formal,3.8969749212265015,10.714719772338867,0.24215440661938614,1.1766979694366455,27.373396874820394,1.4388542342688435,19.498821160909152,1.6000745740046989,4,b3646288a6ceef1d49313ff59caf86e9116733c3d9aace108f791d580dcee269,contract_manifest,SUCCESS
GRU_PHY_K4_AUX,A_reference_sequence_terminal_proxy,RLOG_EQEXP_v1,equivalent_exposure_progress_v1,torch_terminal_v1,1,17,10,cb9be340a74e68176b7e3bd98e6f419817eaebc6abb8ea912bdbf7a5c5c10579,formal,46.23984718322754,27.312259674072266,2.0998674399944472,1.2097524404525757,27.373396874820394,1.4388542342688435,19.498821160909152,1.6000745740046989,4,b3646288a6ceef1d49313ff59caf86e9116733c3d9aace108f791d580dcee269,contract_manifest,SUCCESS
GRU_PHY_K4_AUX,A_reference_sequence_terminal_proxy,RLOG_EQEXP_v1,equivalent_exposure_progress_v1,torch_terminal_v1,1,17,12,0ab16dbb0eafab9ea903793e46df86153f53035cd04d0ae8f2ae7b57a528fb9c,formal,30.701452255249023,7.616121292114258,1.174825243428257,0.9834340214729309,27.373396874820394,1.4388542342688435,19.498821160909152,1.6000745740046989,4,b3646288a6ceef1d49313ff59caf86e9116733c3d9aace108f791d580dcee269,contract_manifest,SUCCESS
GRU_PHY_K4_AUX,A_reference_sequence_terminal_proxy,RLOG_EQEXP_v1,equivalent_exposure_progress_v1,torch_terminal_v1,1,17,16,87f152dade804f5b19b9d4681d676dc2747996a88f5f39ce329846617e1222ea,formal,54.575416564941406,113.4603042602539,1.9106662577480673,1.1803884506225586,27.373396874820394,1.4388542342688435,19.498821160909152,1.6000745740046989,4,b3646288a6ceef1d49313ff59caf86e9116733c3d9aace108f791d580dcee269,contract_manifest,SUCCESS
GRU_PHY_K4_AUX,A_reference_sequence_terminal_proxy,RLOG_EQEXP_v1,equivalent_exposure_progress_v1,torch_terminal_v1,1,17,17,26611906f033b61bf220bf93ad35552a42e2ec4d6d54372da30f5a0f3bb7deec,formal,5.391144275665283,17.709980010986328,0.8601149036847208,1.1787031888961792,27.373396874820394,1.4388542342688435,19.498821160909152,1.6000745740046989,4,b3646288a6ceef1d49313ff59caf86e9116733c3d9aace108f791d580dcee269,contract_manifest,SUCCESS
GRU_PHY_K4_AUX,A_reference_sequence_terminal_proxy,RLOG_EQEXP_v1,equivalent_exposure_progress_v1,torch_terminal_v1,1,17,26,4f62a47e4f77d454946cedf270fdcc933224efa07a5240ce3b8562d1d19cf86c,formal,48.2729434967041,32.677757263183594,1.735844337111981,1.2121624946594238,27.373396874820394,1.4388542342688435,19.498821160909152,1.6000745740046989,4,b3646288a6ceef1d49313ff59caf86e9116733c3d9aace108f791d580dcee269,contract_manifest,SUCCESS
GRU_PHY_K4_AUX,A_reference_sequence_terminal_proxy,RLOG_EQEXP_v1,equivalent_exposure_progress_v1,torch_terminal_v1,1,17,36,37b0c28a28a8f3eb013b209db4dc026e7a8b3642f5e16d25d836c7a5dacffa65,formal,34.34164047241211,15.400758743286133,1.8127786436772633,1.182288646697998,27.373396874820394,1.4388542342688435,19.498821160909152,1.6000745740046989,4,b3646288a6ceef1d49313ff59caf86e9116733c3d9aace108f791d580dcee269,contract_manifest,SUCCESS
GRU_PHY_K4_AUX,A_reference_sequence_terminal_proxy,RLOG_EQEXP_v1,equivalent_exposure_progress_v1,torch_terminal_v1,1,17,41,2eeaf71a116d44a24fd554fdc0a8fa13fb10e29ab498f0c725a08261101ea391,formal,39.722333908081055,19.409610748291016,0.7550580429241657,1.1844091415405273,27.373396874820394,1.4388542342688435,19.498821160909152,1.6000745740046989,4,b3646288a6ceef1d49313ff59caf86e9116733c3d9aace108f791d580dcee269,contract_manifest,SUCCESS
GRU_PHY_K4_AUX,A_reference_sequence_terminal_proxy,RLOG_EQEXP_v1,equivalent_exposure_progress_v1,torch_terminal_v1,1,17,42,6463d0644a2c1a7038a2068f8c6dd9a391c72f5ee724ae075755ce69054f72ff,formal,48.960649490356445,13.778619766235352,2.339618162573759,1.4077060222625732,27.373396874820394,1.4388542342688435,19.498821160909152,1.6000745740046989,4,b3646288a6ceef1d49313ff59caf86e9116733c3d9aace108f791d580dcee269,contract_manifest,SUCCESS
GRU_PHY_K4_AUX,A_reference_sequence_terminal_proxy,RLOG_EQEXP_v1,equivalent_exposure_progress_v1,torch_terminal_v1,1,17,44,bfce9310f057ffd5a57ffbba380d69a6351ca7fe57b578a67c47b4662bdf52be,formal,49.597900390625,31.121021270751953,5.402552104391358,1.187811255455017,27.373396874820394,1.4388542342688435,19.498821160909152,1.6000745740046989,4,b3646288a6ceef1d49313ff59caf86e9116733c3d9aace108f791d580dcee269,contract_manifest,SUCCESS
GRU_PHY_K4_AUX,A_reference_sequence_terminal_proxy,RLOG_EQEXP_v1,equivalent_exposure_progress_v1,torch_terminal_v1,1,17,47,fa552f7aaa7ae90649c3b52411645dad31e60160adc5de67bb0bf42a39f7cd24,formal,51.06957817077637,13.743587493896484,0.7380541224690303,1.514007806777954,27.373396874820394,1.4388542342688435,19.498821160909152,1.6000745740046989,4,b3646288a6ceef1d49313ff59caf86e9116733c3d9aace108f791d580dcee269,contract_manifest,SUCCESS
GRU_PHY_K4_AUX,A_reference_sequence_terminal_proxy,RLOG_EQEXP_v1,equivalent_exposure_progress_v1,torch_terminal_v1,1,17,56,947d8f64f4a391751a18ccc2967060f82e89dad36b198774a408651f38cff9ef,formal,44.87353515625,28.60940933227539,0.3078505599887554,1.1857706308364868,27.373396874820394,1.4388542342688435,19.498821160909152,1.6000745740046989,4,b3646288a6ceef1d49313ff59caf86e9116733c3d9aace108f791d580dcee269,contract_manifest,SUCCESS
GRU_PHY_K4_AUX,A_reference_sequence_terminal_proxy,RLOG_EQEXP_v1,equivalent_exposure_progress_v1,torch_terminal_v1,1,17,65,79e2ed05f65216c72d52a0add4bf98852a1df90adedd000701e667cd4e1c1440,formal,37.99081039428711,40.040374755859375,11.02410072601688,1.1788347959518433,27.373396874820394,1.4388542342688435,19.498821160909152,1.6000745740046989,4,b3646288a6ceef1d49313ff59caf86e9116733c3d9aace108f791d580dcee269,contract_manifest,SUCCESS
GRU_PHY_K4_AUX,A_reference_sequence_terminal_proxy,RLOG_EQEXP_v1,equivalent_exposure_progress_v1,torch_terminal_v1,1,17,66,79e2ed05f65216c72d52a0add4bf98852a1df90adedd000701e667cd4e1c1440,formal,58.75454521179199,102.05199432373047,2.0867796902392195,1.1898349523544312,27.373396874820394,1.4388542342688435,19.498821160909152,1.6000745740046989,4,b3646288a6ceef1d49313ff59caf86e9116733c3d9aace108f791d580dcee269,contract_manifest,SUCCESS
GRU_PHY_K4_AUX,A_reference_sequence_terminal_proxy,RLOG_EQEXP_v1,equivalent_exposure_progress_v1,torch_terminal_v1,1,17,67,56df14226d95729a8fb9d5dc3ebfd25f2346e74e9ae10ac28d05946245fe79c6,formal,62.57747077941895,71.92662811279297,3.757511128898185,2.971067428588867,27.373396874820394,1.4388542342688435,19.498821160909152,1.6000745740046989,4,b3646288a6ceef1d49313ff59caf86e9116733c3d9aace108f791d580dcee269,contract_manifest,SUCCESS
GRU_PHY_K4_AUX,A_reference_sequence_terminal_proxy,RLOG_EQEXP_v1,equivalent_exposure_progress_v1,torch_terminal_v1,1,17,78,1a8f707978b3aada229765ad00ba127ccc8e4db5f00dd0bf595bee8c69735ff3,formal,6.503506898880005,11.39920711517334,2.5372957620029264,1.1786110401153564,27.373396874820394,1.4388542342688435,19.498821160909152,1.6000745740046989,4,b3646288a6ceef1d49313ff59caf86e9116733c3d9aace108f791d580dcee269,contract_manifest,SUCCESS
GRU_PHY_K4_AUX,A_reference_sequence_terminal_proxy,RLOG_EQEXP_v1,equivalent_exposure_progress_v1,torch_terminal_v1,1,17,79,5c8b1366e6f95a46a13e70bac85a5be128d939a006953f145043e13a41838a4e,formal,49.69957160949707,165.7360076904297,0.42741421615495223,1.2623584270477295,27.373396874820394,1.4388542342688435,19.498821160909152,1.6000745740046989,4,b3646288a6ceef1d49313ff59caf86e9116733c3d9aace108f791d580dcee269,contract_manifest,SUCCESS
GRU_PHY_K4_AUX,A_reference_sequence_terminal_proxy,RLOG_EQEXP_v1,equivalent_exposure_progress_v1,torch_terminal_v1,1,17,85,55d28815ef5406c21ac323e9895471056326ef32c1b4a55f81a40354cb959f57,formal,4.834158897399902,13.72098159790039,1.424120631597114,1.1786233186721802,27.373396874820394,1.4388542342688435,19.498821160909152,1.6000745740046989,4,b3646288a6ceef1d49313ff59caf86e9116733c3d9aace108f791d580dcee269,contract_manifest,SUCCESS
GRU_PHY_K4_AUX,A_reference_sequence_terminal_proxy,RLOG_EQEXP_v1,equivalent_exposure_progress_v1,torch_terminal_v1,1,17,86,55d28815ef5406c21ac323e9895471056326ef32c1b4a55f81a40354cb959f57,formal,38.1300220489502,27.49265480041504,0.5948348879790111,1.2223432064056396,27.373396874820394,1.4388542342688435,19.498821160909152,1.6000745740046989,4,b3646288a6ceef1d49313ff59caf86e9116733c3d9aace108f791d580dcee269,contract_manifest,SUCCESS
GRU_PHY_K4_AUX,A_reference_sequence_terminal_proxy,RLOG_EQEXP_v1,equivalent_exposure_progress_v1,torch_terminal_v1,1,17,93,f08821a99d4ed065a0e311cde28b5114328a7218ec70b676f19ac00b8ad8c121,formal,45.23748588562012,60.2800407409668,0.5853885454151705,1.2542932033538818,27.373396874820394,1.4388542342688435,19.498821160909152,1.6000745740046989,4,b3646288a6ceef1d49313ff59caf86e9116733c3d9aace108f791d580dcee269,contract_manifest,SUCCESS
GRU_PHY_K4_AUX,A_reference_sequence_terminal_proxy,RLOG_EQEXP_v1,equivalent_exposure_progress_v1,torch_terminal_v1,1,17,104,d89055a6ebe0380c591261fc2fbd84484e5771e26e8dde45d9b8b0e4179da69f,formal,45.40946769714356,71.17919158935547,0.34535983848029334,2.7956483364105225,27.373396874820394,1.4388542342688435,19.498821160909152,1.6000745740046989,4,b3646288a6ceef1d49313ff59caf86e9116733c3d9aace108f791d580dcee269,contract_manifest,SUCCESS
GRU_PHY_K4_AUX,A_reference_sequence_terminal_proxy,RLOG_EQEXP_v1,equivalent_exposure_progress_v1,torch_terminal_v1,1,17,114,a0f55d3c0b3cc923c3e64f0e11a2beab464134d011ce61fdabb5edfcb337f33d,formal,45.03070068359375,157.0964813232422,0.567752310531757,3.2148947715759277,27.373396874820394,1.4388542342688435,19.498821160909152,1.6000745740046989,4,b3646288a6ceef1d49313ff59caf86e9116733c3d9aace108f791d580dcee269,contract_manifest,SUCCESS
GRU_PHY_K4_AUX,A_reference_sequence_terminal_proxy,RLOG_EQEXP_v1,equivalent_exposure_progress_v1,torch_terminal_v1,1,17,115,783f1a926b70c114c5bc6eb548cf1fb153be4bf1a756a64ba1d2ecb86336f60a,formal,41.42281532287598,39.93170928955078,0.6450308583673147,1.2406408786773682,27.373396874820394,1.4388542342688435,19.498821160909152,1.6000745740046989,4,b3646288a6ceef1d49313ff59caf86e9116733c3d9aace108f791d580dcee269,contract_manifest,SUCCESS
GRU_PHY_K4_AUX,A_reference_sequence_terminal_proxy,RLOG_EQEXP_v1,equivalent_exposure_progress_v1,torch_terminal_v1,1,17,119,4486fa4d53bbf751a3d10e2c5b25183080cc16f5bdf4efb90b39cc2624483d66,formal,49.9108829498291,86.54924011230469,1.0187804655639392,3.013523817062378,27.373396874820394,1.4388542342688435,19.498821160909152,1.6000745740046989,4,b3646288a6ceef1d49313ff59caf86e9116733c3d9aace108f791d580dcee269,contract_manifest,SUCCESS
GRU_PHY_K4_AUX,A_reference_sequence_terminal_proxy,RLOG_EQEXP_v1,equivalent_exposure_progress_v1,torch_terminal_v1,1,17,152,5a980396e19821af9bce8aec5b7e8d7103f9b457a9ac9fe83f64b8696efa922d,pass_main,43.12703895568848,14.207393646240234,0.7189104258549036,1.1860731840133667,27.373396874820394,1.4388542342688435,19.498821160909152,1.6000745740046989,4,b3646288a6ceef1d49313ff59caf86e9116733c3d9aace108f791d580dcee269,contract_manifest,SUCCESS
GRU_PHY_K4_AUX,A_reference_sequence_terminal_proxy,RLOG_EQEXP_v1,equivalent_exposure_progress_v1,torch_terminal_v1,1,17,153,5a980396e19821af9bce8aec5b7e8d7103f9b457a9ac9fe83f64b8696efa922d,pass_main,0.0514282081276178,10.366781234741211,7.318895893690737,1.1785547733306885,27.373396874820394,1.4388542342688435,19.498821160909152,1.6000745740046989,4,b3646288a6ceef1d49313ff59caf86e9116733c3d9aace108f791d580dcee269,contract_manifest,SUCCESS
GRU_PHY_K4_AUX,A_reference_sequence_terminal_proxy,RLOG_EQEXP_v1,equivalent_exposure_progress_v1,torch_terminal_v1,1,17,154,5a980396e19821af9bce8aec5b7e8d7103f9b457a9ac9fe83f64b8696efa922d,pass_main,26.92369270324707,11.725165367126465,6.211116327284171,1.178679347038269,27.373396874820394,1.4388542342688435,19.498821160909152,1.6000745740046989,4,b3646288a6ceef1d49313ff59caf86e9116733c3d9aace108f791d580dcee269,contract_manifest,SUCCESS
GRU_PHY_K4_AUX,A_reference_sequence_terminal_proxy,RLOG_EQEXP_v1,equivalent_exposure_progress_v1,torch_terminal_v1,1,17,155,5a980396e19821af9bce8aec5b7e8d7103f9b457a9ac9fe83f64b8696efa922d,pass_main,37.00133514404297,13.06474494934082,2.293998455213574,1.1799348592758179,27.373396874820394,1.4388542342688435,19.498821160909152,1.6000745740046989,4,b3646288a6ceef1d49313ff59caf86e9116733c3d9aace108f791d580dcee269,contract_manifest,SUCCESS
GRU_PHY_K4_AUX,A_reference_sequence_terminal_proxy,RLOG_EQEXP_v1,equivalent_exposure_progress_v1,torch_terminal_v1,1,17,156,ce339b490e43317abbeef86cc4b7c5d3ea5412190fa2f7aa0a000aec58a81233,pass_main,28.758760452270508,17.097383499145508,0.4026500084741137,1.191149353981018,27.373396874820394,1.4388542342688435,19.498821160909152,1.6000745740046989,4,b3646288a6ceef1d49313ff59caf86e9116733c3d9aace108f791d580dcee269,contract_manifest,SUCCESS
GRU_PHY_K4_AUX,A_reference_sequence_terminal_proxy,RLOG_EQEXP_v1,equivalent_exposure_progress_v1,torch_terminal_v1,1,17,157,ce339b490e43317abbeef86cc4b7c5d3ea5412190fa2f7aa0a000aec58a81233,pass_main,16.298232078552246,13.196636199951172,1.144065278721769,1.1787171363830566,27.373396874820394,1.4388542342688435,19.498821160909152,1.6000745740046989,4,b3646288a6ceef1d49313ff59caf86e9116733c3d9aace108f791d580dcee269,contract_manifest,SUCCESS
GRU_PHY_K4_AUX,A_reference_sequence_terminal_proxy,RLOG_EQEXP_v1,equivalent_exposure_progress_v1,torch_terminal_v1,1,17,158,ce339b490e43317abbeef86cc4b7c5d3ea5412190fa2f7aa0a000aec58a81233,pass_main,23.470155715942383,15.268779754638672,0.39652005166338705,1.1804823875427246,27.373396874820394,1.4388542342688435,19.498821160909152,1.6000745740046989,4,b3646288a6ceef1d49313ff59caf86e9116733c3d9aace108f791d580dcee269,contract_manifest,SUCCESS
GRU_PHY_K4_AUX,A_reference_sequence_terminal_proxy,RLOG_EQEXP_v1,equivalent_exposure_progress_v1,torch_terminal_v1,1,17,159,ce339b490e43317abbeef86cc4b7c5d3ea5412190fa2f7aa0a000aec58a81233,pass_main,8.48162031173706,11.102668762207031,0.827945789795427,1.1785564422607422,27.373396874820394,1.4388542342688435,19.498821160909152,1.6000745740046989,4,b3646288a6ceef1d49313ff59caf86e9116733c3d9aace108f791d580dcee269,contract_manifest,SUCCESS
GRU_PHY_K4_AUX,A_reference_sequence_terminal_proxy,RLOG_EQEXP_v1,equivalent_exposure_progress_v1,torch_terminal_v1,1,17,172,0636ac9ba108ea692d11884ee67cb57b21b11571cdea98193cd247df27d8cdcd,pass_main,3.185724258422852,9.501954078674316,0.551490630600713,1.178328514099121,27.373396874820394,1.4388542342688435,19.498821160909152,1.6000745740046989,4,b3646288a6ceef1d49313ff59caf86e9116733c3d9aace108f791d580dcee269,contract_manifest,SUCCESS
GRU_PHY_K4_AUX,A_reference_sequence_terminal_proxy,RLOG_EQEXP_v1,equivalent_exposure_progress_v1,torch_terminal_v1,1,17,173,0636ac9ba108ea692d11884ee67cb57b21b11571cdea98193cd247df27d8cdcd,pass_main,5.091886281967163,9.735480308532715,0.5267186981859265,1.177306890487671,27.373396874820394,1.4388542342688435,19.498821160909152,1.6000745740046989,4,b3646288a6ceef1d49313ff59caf86e9116733c3d9aace108f791d580dcee269,contract_manifest,SUCCESS
GRU_PHY_K4_AUX,A_reference_sequence_terminal_proxy,RLOG_EQEXP_v1,equivalent_exposure_progress_v1,torch_terminal_v1,1,17,174,0636ac9ba108ea692d11884ee67cb57b21b11571cdea98193cd247df27d8cdcd,pass_main,1.2931949496269226,9.254745483398438,0.42984885587420957,1.1785109043121338,27.373396874820394,1.4388542342688435,19.498821160909152,1.6000745740046989,4,b3646288a6ceef1d49313ff59caf86e9116733c3d9aace108f791d580dcee269,contract_manifest,SUCCESS
GRU_PHY_K4_AUX,A_reference_sequence_terminal_proxy,RLOG_EQEXP_v1,equivalent_exposure_progress_v1,torch_terminal_v1,1,17,175,0636ac9ba108ea692d11884ee67cb57b21b11571cdea98193cd247df27d8cdcd,pass_main,7.14370059967041,9.786880493164062,0.7577237433572577,1.1647251844406128,27.373396874820394,1.4388542342688435,19.498821160909152,1.6000745740046989,4,b3646288a6ceef1d49313ff59caf86e9116733c3d9aace108f791d580dcee269,contract_manifest,SUCCESS
MAMBA_RAW_K4_AUX,A_reference_sequence_terminal_proxy,NONE,equivalent_exposure_progress_v1,reference_pure_torch_ssd_mamba2_verified_adapter_v1,1,17,2,b37df1aed4968aa8eb3314a64c3014ae9750b8208c938b6c286132a05cb70c01,formal,3.8969749212265015,4.561947822570801,0.24215440661938614,1.0057175159454346,27.373396874820394,1.4388542342688435,19.498821160909152,1.6000745740046989,4,dbcaae5e0b6810f616b10447bfb59b8d491dbcdb836a244f66fa6cb459d2dc3b,contract_manifest,SUCCESS
MAMBA_RAW_K4_AUX,A_reference_sequence_terminal_proxy,NONE,equivalent_exposure_progress_v1,reference_pure_torch_ssd_mamba2_verified_adapter_v1,1,17,10,cb9be340a74e68176b7e3bd98e6f419817eaebc6abb8ea912bdbf7a5c5c10579,formal,46.23984718322754,21.602039337158203,2.0998674399944472,1.3040063381195068,27.373396874820394,1.4388542342688435,19.498821160909152,1.6000745740046989,4,dbcaae5e0b6810f616b10447bfb59b8d491dbcdb836a244f66fa6cb459d2dc3b,contract_manifest,SUCCESS
MAMBA_RAW_K4_AUX,A_reference_sequence_terminal_proxy,NONE,equivalent_exposure_progress_v1,reference_pure_torch_ssd_mamba2_verified_adapter_v1,1,17,12,0ab16dbb0eafab9ea903793e46df86153f53035cd04d0ae8f2ae7b57a528fb9c,formal,30.701452255249023,10.422343254089355,1.174825243428257,1.0553253889083862,27.373396874820394,1.4388542342688435,19.498821160909152,1.6000745740046989,4,dbcaae5e0b6810f616b10447bfb59b8d491dbcdb836a244f66fa6cb459d2dc3b,contract_manifest,SUCCESS
MAMBA_RAW_K4_AUX,A_reference_sequence_terminal_proxy,NONE,equivalent_exposure_progress_v1,reference_pure_torch_ssd_mamba2_verified_adapter_v1,1,17,16,87f152dade804f5b19b9d4681d676dc2747996a88f5f39ce329846617e1222ea,formal,54.575416564941406,106.13701629638672,1.9106662577480673,3.4916703701019287,27.373396874820394,1.4388542342688435,19.498821160909152,1.6000745740046989,4,dbcaae5e0b6810f616b10447bfb59b8d491dbcdb836a244f66fa6cb459d2dc3b,contract_manifest,SUCCESS
MAMBA_RAW_K4_AUX,A_reference_sequence_terminal_proxy,NONE,equivalent_exposure_progress_v1,reference_pure_torch_ssd_mamba2_verified_adapter_v1,1,17,17,26611906f033b61bf220bf93ad35552a42e2ec4d6d54372da30f5a0f3bb7deec,formal,5.391144275665283,11.57206916809082,0.8601149036847208,1.569837212562561,27.373396874820394,1.4388542342688435,19.498821160909152,1.6000745740046989,4,dbcaae5e0b6810f616b10447bfb59b8d491dbcdb836a244f66fa6cb459d2dc3b,contract_manifest,SUCCESS
MAMBA_RAW_K4_AUX,A_reference_sequence_terminal_proxy,NONE,equivalent_exposure_progress_v1,reference_pure_torch_ssd_mamba2_verified_adapter_v1,1,17,26,4f62a47e4f77d454946cedf270fdcc933224efa07a5240ce3b8562d1d19cf86c,formal,48.2729434967041,26.827510833740234,1.735844337111981,1.2273566722869873,27.373396874820394,1.4388542342688435,19.498821160909152,1.6000745740046989,4,dbcaae5e0b6810f616b10447bfb59b8d491dbcdb836a244f66fa6cb459d2dc3b,contract_manifest,SUCCESS
MAMBA_RAW_K4_AUX,A_reference_sequence_terminal_proxy,NONE,equivalent_exposure_progress_v1,reference_pure_torch_ssd_mamba2_verified_adapter_v1,1,17,36,37b0c28a28a8f3eb013b209db4dc026e7a8b3642f5e16d25d836c7a5dacffa65,formal,34.34164047241211,9.462374687194824,1.8127786436772633,1.383234977722168,27.373396874820394,1.4388542342688435,19.498821160909152,1.6000745740046989,4,dbcaae5e0b6810f616b10447bfb59b8d491dbcdb836a244f66fa6cb459d2dc3b,contract_manifest,SUCCESS
MAMBA_RAW_K4_AUX,A_reference_sequence_terminal_proxy,NONE,equivalent_exposure_progress_v1,reference_pure_torch_ssd_mamba2_verified_adapter_v1,1,17,41,2eeaf71a116d44a24fd554fdc0a8fa13fb10e29ab498f0c725a08261101ea391,formal,39.722333908081055,13.470495223999023,0.7550580429241657,1.67280113697052,27.373396874820394,1.4388542342688435,19.498821160909152,1.6000745740046989,4,dbcaae5e0b6810f616b10447bfb59b8d491dbcdb836a244f66fa6cb459d2dc3b,contract_manifest,SUCCESS
MAMBA_RAW_K4_AUX,A_reference_sequence_terminal_proxy,NONE,equivalent_exposure_progress_v1,reference_pure_torch_ssd_mamba2_verified_adapter_v1,1,17,42,6463d0644a2c1a7038a2068f8c6dd9a391c72f5ee724ae075755ce69054f72ff,formal,48.960649490356445,17.272085189819336,2.339618162573759,1.7497986555099487,27.373396874820394,1.4388542342688435,19.498821160909152,1.6000745740046989,4,dbcaae5e0b6810f616b10447bfb59b8d491dbcdb836a244f66fa6cb459d2dc3b,contract_manifest,SUCCESS
MAMBA_RAW_K4_AUX,A_reference_sequence_terminal_proxy,NONE,equivalent_exposure_progress_v1,reference_pure_torch_ssd_mamba2_verified_adapter_v1,1,17,44,bfce9310f057ffd5a57ffbba380d69a6351ca7fe57b578a67c47b4662bdf52be,formal,49.597900390625,24.76589012145996,5.402552104391358,2.5976221561431885,27.373396874820394,1.4388542342688435,19.498821160909152,1.6000745740046989,4,dbcaae5e0b6810f616b10447bfb59b8d491dbcdb836a244f66fa6cb459d2dc3b,contract_manifest,SUCCESS
MAMBA_RAW_K4_AUX,A_reference_sequence_terminal_proxy,NONE,equivalent_exposure_progress_v1,reference_pure_torch_ssd_mamba2_verified_adapter_v1,1,17,47,fa552f7aaa7ae90649c3b52411645dad31e60160adc5de67bb0bf42a39f7cd24,formal,51.06957817077637,17.033727645874023,0.7380541224690303,2.300574779510498,27.373396874820394,1.4388542342688435,19.498821160909152,1.6000745740046989,4,dbcaae5e0b6810f616b10447bfb59b8d491dbcdb836a244f66fa6cb459d2dc3b,contract_manifest,SUCCESS
MAMBA_RAW_K4_AUX,A_reference_sequence_terminal_proxy,NONE,equivalent_exposure_progress_v1,reference_pure_torch_ssd_mamba2_verified_adapter_v1,1,17,56,947d8f64f4a391751a18ccc2967060f82e89dad36b198774a408651f38cff9ef,formal,44.87353515625,22.5545711517334,0.3078505599887554,1.5755707025527954,27.373396874820394,1.4388542342688435,19.498821160909152,1.6000745740046989,4,dbcaae5e0b6810f616b10447bfb59b8d491dbcdb836a244f66fa6cb459d2dc3b,contract_manifest,SUCCESS
MAMBA_RAW_K4_AUX,A_reference_sequence_terminal_proxy,NONE,equivalent_exposure_progress_v1,reference_pure_torch_ssd_mamba2_verified_adapter_v1,1,17,65,79e2ed05f65216c72d52a0add4bf98852a1df90adedd000701e667cd4e1c1440,formal,37.99081039428711,32.843055725097656,11.02410072601688,2.954850196838379,27.373396874820394,1.4388542342688435,19.498821160909152,1.6000745740046989,4,dbcaae5e0b6810f616b10447bfb59b8d491dbcdb836a244f66fa6cb459d2dc3b,contract_manifest,SUCCESS
MAMBA_RAW_K4_AUX,A_reference_sequence_terminal_proxy,NONE,equivalent_exposure_progress_v1,reference_pure_torch_ssd_mamba2_verified_adapter_v1,1,17,66,79e2ed05f65216c72d52a0add4bf98852a1df90adedd000701e667cd4e1c1440,formal,58.75454521179199,94.22947692871094,2.0867796902392195,4.645646095275879,27.373396874820394,1.4388542342688435,19.498821160909152,1.6000745740046989,4,dbcaae5e0b6810f616b10447bfb59b8d491dbcdb836a244f66fa6cb459d2dc3b,contract_manifest,SUCCESS
MAMBA_RAW_K4_AUX,A_reference_sequence_terminal_proxy,NONE,equivalent_exposure_progress_v1,reference_pure_torch_ssd_mamba2_verified_adapter_v1,1,17,67,56df14226d95729a8fb9d5dc3ebfd25f2346e74e9ae10ac28d05946245fe79c6,formal,62.57747077941895,72.3798599243164,3.757511128898185,3.905974864959717,27.373396874820394,1.4388542342688435,19.498821160909152,1.6000745740046989,4,dbcaae5e0b6810f616b10447bfb59b8d491dbcdb836a244f66fa6cb459d2dc3b,contract_manifest,SUCCESS
MAMBA_RAW_K4_AUX,A_reference_sequence_terminal_proxy,NONE,equivalent_exposure_progress_v1,reference_pure_torch_ssd_mamba2_verified_adapter_v1,1,17,78,1a8f707978b3aada229765ad00ba127ccc8e4db5f00dd0bf595bee8c69735ff3,formal,6.503506898880005,5.363565444946289,2.5372957620029264,1.2182552814483643,27.373396874820394,1.4388542342688435,19.498821160909152,1.6000745740046989,4,dbcaae5e0b6810f616b10447bfb59b8d491dbcdb836a244f66fa6cb459d2dc3b,contract_manifest,SUCCESS
MAMBA_RAW_K4_AUX,A_reference_sequence_terminal_proxy,NONE,equivalent_exposure_progress_v1,reference_pure_torch_ssd_mamba2_verified_adapter_v1,1,17,79,5c8b1366e6f95a46a13e70bac85a5be128d939a006953f145043e13a41838a4e,formal,49.69957160949707,159.2867889404297,0.42741421615495223,3.2417144775390625,27.373396874820394,1.4388542342688435,19.498821160909152,1.6000745740046989,4,dbcaae5e0b6810f616b10447bfb59b8d491dbcdb836a244f66fa6cb459d2dc3b,contract_manifest,SUCCESS
MAMBA_RAW_K4_AUX,A_reference_sequence_terminal_proxy,NONE,equivalent_exposure_progress_v1,reference_pure_torch_ssd_mamba2_verified_adapter_v1,1,17,85,55d28815ef5406c21ac323e9895471056326ef32c1b4a55f81a40354cb959f57,formal,4.834158897399902,7.7258710861206055,1.424120631597114,1.431479573249817,27.373396874820394,1.4388542342688435,19.498821160909152,1.6000745740046989,4,dbcaae5e0b6810f616b10447bfb59b8d491dbcdb836a244f66fa6cb459d2dc3b,contract_manifest,SUCCESS
MAMBA_RAW_K4_AUX,A_reference_sequence_terminal_proxy,NONE,equivalent_exposure_progress_v1,reference_pure_torch_ssd_mamba2_verified_adapter_v1,1,17,86,55d28815ef5406c21ac323e9895471056326ef32c1b4a55f81a40354cb959f57,formal,38.1300220489502,21.89392852783203,0.5948348879790111,1.6867486238479614,27.373396874820394,1.4388542342688435,19.498821160909152,1.6000745740046989,4,dbcaae5e0b6810f616b10447bfb59b8d491dbcdb836a244f66fa6cb459d2dc3b,contract_manifest,SUCCESS
MAMBA_RAW_K4_AUX,A_reference_sequence_terminal_proxy,NONE,equivalent_exposure_progress_v1,reference_pure_torch_ssd_mamba2_verified_adapter_v1,1,17,93,f08821a99d4ed065a0e311cde28b5114328a7218ec70b676f19ac00b8ad8c121,formal,45.23748588562012,53.822105407714844,0.5853885454151705,4.009188652038574,27.373396874820394,1.4388542342688435,19.498821160909152,1.6000745740046989,4,dbcaae5e0b6810f616b10447bfb59b8d491dbcdb836a244f66fa6cb459d2dc3b,contract_manifest,SUCCESS
MAMBA_RAW_K4_AUX,A_reference_sequence_terminal_proxy,NONE,equivalent_exposure_progress_v1,reference_pure_torch_ssd_mamba2_verified_adapter_v1,1,17,104,d89055a6ebe0380c591261fc2fbd84484e5771e26e8dde45d9b8b0e4179da69f,formal,45.40946769714356,72.70861053466797,0.34535983848029334,1.596375584602356,27.373396874820394,1.4388542342688435,19.498821160909152,1.6000745740046989,4,dbcaae5e0b6810f616b10447bfb59b8d491dbcdb836a244f66fa6cb459d2dc3b,contract_manifest,SUCCESS
MAMBA_RAW_K4_AUX,A_reference_sequence_terminal_proxy,NONE,equivalent_exposure_progress_v1,reference_pure_torch_ssd_mamba2_verified_adapter_v1,1,17,114,a0f55d3c0b3cc923c3e64f0e11a2beab464134d011ce61fdabb5edfcb337f33d,formal,45.03070068359375,158.44537353515625,0.567752310531757,4.062894821166992,27.373396874820394,1.4388542342688435,19.498821160909152,1.6000745740046989,4,dbcaae5e0b6810f616b10447bfb59b8d491dbcdb836a244f66fa6cb459d2dc3b,contract_manifest,SUCCESS
MAMBA_RAW_K4_AUX,A_reference_sequence_terminal_proxy,NONE,equivalent_exposure_progress_v1,reference_pure_torch_ssd_mamba2_verified_adapter_v1,1,17,115,783f1a926b70c114c5bc6eb548cf1fb153be4bf1a756a64ba1d2ecb86336f60a,formal,41.42281532287598,34.18241882324219,0.6450308583673147,2.277221918106079,27.373396874820394,1.4388542342688435,19.498821160909152,1.6000745740046989,4,dbcaae5e0b6810f616b10447bfb59b8d491dbcdb836a244f66fa6cb459d2dc3b,contract_manifest,SUCCESS
MAMBA_RAW_K4_AUX,A_reference_sequence_terminal_proxy,NONE,equivalent_exposure_progress_v1,reference_pure_torch_ssd_mamba2_verified_adapter_v1,1,17,119,4486fa4d53bbf751a3d10e2c5b25183080cc16f5bdf4efb90b39cc2624483d66,formal,49.9108829498291,87.8228988647461,1.0187804655639392,5.024494647979736,27.373396874820394,1.4388542342688435,19.498821160909152,1.6000745740046989,4,dbcaae5e0b6810f616b10447bfb59b8d491dbcdb836a244f66fa6cb459d2dc3b,contract_manifest,SUCCESS
MAMBA_RAW_K4_AUX,A_reference_sequence_terminal_proxy,NONE,equivalent_exposure_progress_v1,reference_pure_torch_ssd_mamba2_verified_adapter_v1,1,17,152,5a980396e19821af9bce8aec5b7e8d7103f9b457a9ac9fe83f64b8696efa922d,pass_main,43.12703895568848,8.317662239074707,0.7189104258549036,1.0885111093521118,27.373396874820394,1.4388542342688435,19.498821160909152,1.6000745740046989,4,dbcaae5e0b6810f616b10447bfb59b8d491dbcdb836a244f66fa6cb459d2dc3b,contract_manifest,SUCCESS
MAMBA_RAW_K4_AUX,A_reference_sequence_terminal_proxy,NONE,equivalent_exposure_progress_v1,reference_pure_torch_ssd_mamba2_verified_adapter_v1,1,17,153,5a980396e19821af9bce8aec5b7e8d7103f9b457a9ac9fe83f64b8696efa922d,pass_main,0.0514282081276178,4.2326507568359375,7.318895893690737,1.2466938495635986,27.373396874820394,1.4388542342688435,19.498821160909152,1.6000745740046989,4,dbcaae5e0b6810f616b10447bfb59b8d491dbcdb836a244f66fa6cb459d2dc3b,contract_manifest,SUCCESS
MAMBA_RAW_K4_AUX,A_reference_sequence_terminal_proxy,NONE,equivalent_exposure_progress_v1,reference_pure_torch_ssd_mamba2_verified_adapter_v1,1,17,154,5a980396e19821af9bce8aec5b7e8d7103f9b457a9ac9fe83f64b8696efa922d,pass_main,26.92369270324707,5.601483345031738,6.211116327284171,1.2017766237258911,27.373396874820394,1.4388542342688435,19.498821160909152,1.6000745740046989,4,dbcaae5e0b6810f616b10447bfb59b8d491dbcdb836a244f66fa6cb459d2dc3b,contract_manifest,SUCCESS
MAMBA_RAW_K4_AUX,A_reference_sequence_terminal_proxy,NONE,equivalent_exposure_progress_v1,reference_pure_torch_ssd_mamba2_verified_adapter_v1,1,17,155,5a980396e19821af9bce8aec5b7e8d7103f9b457a9ac9fe83f64b8696efa922d,pass_main,37.00133514404297,6.963388442993164,2.293998455213574,1.1488804817199707,27.373396874820394,1.4388542342688435,19.498821160909152,1.6000745740046989,4,dbcaae5e0b6810f616b10447bfb59b8d491dbcdb836a244f66fa6cb459d2dc3b,contract_manifest,SUCCESS
MAMBA_RAW_K4_AUX,A_reference_sequence_terminal_proxy,NONE,equivalent_exposure_progress_v1,reference_pure_torch_ssd_mamba2_verified_adapter_v1,1,17,156,ce339b490e43317abbeef86cc4b7c5d3ea5412190fa2f7aa0a000aec58a81233,pass_main,28.758760452270508,11.35794734954834,0.4026500084741137,1.1693313121795654,27.373396874820394,1.4388542342688435,19.498821160909152,1.6000745740046989,4,dbcaae5e0b6810f616b10447bfb59b8d491dbcdb836a244f66fa6cb459d2dc3b,contract_manifest,SUCCESS
MAMBA_RAW_K4_AUX,A_reference_sequence_terminal_proxy,NONE,equivalent_exposure_progress_v1,reference_pure_torch_ssd_mamba2_verified_adapter_v1,1,17,157,ce339b490e43317abbeef86cc4b7c5d3ea5412190fa2f7aa0a000aec58a81233,pass_main,16.298232078552246,7.157716751098633,1.144065278721769,1.241797924041748,27.373396874820394,1.4388542342688435,19.498821160909152,1.6000745740046989,4,dbcaae5e0b6810f616b10447bfb59b8d491dbcdb836a244f66fa6cb459d2dc3b,contract_manifest,SUCCESS
MAMBA_RAW_K4_AUX,A_reference_sequence_terminal_proxy,NONE,equivalent_exposure_progress_v1,reference_pure_torch_ssd_mamba2_verified_adapter_v1,1,17,158,ce339b490e43317abbeef86cc4b7c5d3ea5412190fa2f7aa0a000aec58a81233,pass_main,23.470155715942383,9.262201309204102,0.39652005166338705,1.208814024925232,27.373396874820394,1.4388542342688435,19.498821160909152,1.6000745740046989,4,dbcaae5e0b6810f616b10447bfb59b8d491dbcdb836a244f66fa6cb459d2dc3b,contract_manifest,SUCCESS
MAMBA_RAW_K4_AUX,A_reference_sequence_terminal_proxy,NONE,equivalent_exposure_progress_v1,reference_pure_torch_ssd_mamba2_verified_adapter_v1,1,17,159,ce339b490e43317abbeef86cc4b7c5d3ea5412190fa2f7aa0a000aec58a81233,pass_main,8.48162031173706,5.045280456542969,0.827945789795427,1.268640398979187,27.373396874820394,1.4388542342688435,19.498821160909152,1.6000745740046989,4,dbcaae5e0b6810f616b10447bfb59b8d491dbcdb836a244f66fa6cb459d2dc3b,contract_manifest,SUCCESS
MAMBA_RAW_K4_AUX,A_reference_sequence_terminal_proxy,NONE,equivalent_exposure_progress_v1,reference_pure_torch_ssd_mamba2_verified_adapter_v1,1,17,172,0636ac9ba108ea692d11884ee67cb57b21b11571cdea98193cd247df27d8cdcd,pass_main,3.185724258422852,3.389158010482788,0.551490630600713,1.117575764656067,27.373396874820394,1.4388542342688435,19.498821160909152,1.6000745740046989,4,dbcaae5e0b6810f616b10447bfb59b8d491dbcdb836a244f66fa6cb459d2dc3b,contract_manifest,SUCCESS
MAMBA_RAW_K4_AUX,A_reference_sequence_terminal_proxy,NONE,equivalent_exposure_progress_v1,reference_pure_torch_ssd_mamba2_verified_adapter_v1,1,17,173,0636ac9ba108ea692d11884ee67cb57b21b11571cdea98193cd247df27d8cdcd,pass_main,5.091886281967163,3.6300852298736572,0.5267186981859265,1.036429524421692,27.373396874820394,1.4388542342688435,19.498821160909152,1.6000745740046989,4,dbcaae5e0b6810f616b10447bfb59b8d491dbcdb836a244f66fa6cb459d2dc3b,contract_manifest,SUCCESS
MAMBA_RAW_K4_AUX,A_reference_sequence_terminal_proxy,NONE,equivalent_exposure_progress_v1,reference_pure_torch_ssd_mamba2_verified_adapter_v1,1,17,174,0636ac9ba108ea692d11884ee67cb57b21b11571cdea98193cd247df27d8cdcd,pass_main,1.2931949496269226,3.139235019683838,0.42984885587420957,1.1876243352890015,27.373396874820394,1.4388542342688435,19.498821160909152,1.6000745740046989,4,dbcaae5e0b6810f616b10447bfb59b8d491dbcdb836a244f66fa6cb459d2dc3b,contract_manifest,SUCCESS
MAMBA_RAW_K4_AUX,A_reference_sequence_terminal_proxy,NONE,equivalent_exposure_progress_v1,reference_pure_torch_ssd_mamba2_verified_adapter_v1,1,17,175,0636ac9ba108ea692d11884ee67cb57b21b11571cdea98193cd247df27d8cdcd,pass_main,7.14370059967041,3.861992359161377,0.7577237433572577,0.946132481098175,27.373396874820394,1.4388542342688435,19.498821160909152,1.6000745740046989,4,dbcaae5e0b6810f616b10447bfb59b8d491dbcdb836a244f66fa6cb459d2dc3b,contract_manifest,SUCCESS
MAMBA_PHY_K4_NOAUX,A_reference_sequence_terminal_proxy,RLOG_EQEXP_v1,equivalent_exposure_progress_v1,reference_pure_torch_ssd_mamba2_verified_adapter_v1,1,17,2,b37df1aed4968aa8eb3314a64c3014ae9750b8208c938b6c286132a05cb70c01,formal,3.8969749212265015,4.898383140563965,0.24215440661938614,1.0226726531982422,27.373396874820394,1.4388542342688435,19.498821160909152,1.6000745740046989,4,c7be19ca971401001a62c05060bdd691f6ba6402deb5a57a6e1c7c9dab227189,contract_manifest,SUCCESS
MAMBA_PHY_K4_NOAUX,A_reference_sequence_terminal_proxy,RLOG_EQEXP_v1,equivalent_exposure_progress_v1,reference_pure_torch_ssd_mamba2_verified_adapter_v1,1,17,10,cb9be340a74e68176b7e3bd98e6f419817eaebc6abb8ea912bdbf7a5c5c10579,formal,46.23984718322754,21.307697296142578,2.0998674399944472,1.238521933555603,27.373396874820394,1.4388542342688435,19.498821160909152,1.6000745740046989,4,c7be19ca971401001a62c05060bdd691f6ba6402deb5a57a6e1c7c9dab227189,contract_manifest,SUCCESS
MAMBA_PHY_K4_NOAUX,A_reference_sequence_terminal_proxy,RLOG_EQEXP_v1,equivalent_exposure_progress_v1,reference_pure_torch_ssd_mamba2_verified_adapter_v1,1,17,12,0ab16dbb0eafab9ea903793e46df86153f53035cd04d0ae8f2ae7b57a528fb9c,formal,30.701452255249023,10.53668212890625,1.174825243428257,1.0519368648529053,27.373396874820394,1.4388542342688435,19.498821160909152,1.6000745740046989,4,c7be19ca971401001a62c05060bdd691f6ba6402deb5a57a6e1c7c9dab227189,contract_manifest,SUCCESS
MAMBA_PHY_K4_NOAUX,A_reference_sequence_terminal_proxy,RLOG_EQEXP_v1,equivalent_exposure_progress_v1,reference_pure_torch_ssd_mamba2_verified_adapter_v1,1,17,16,87f152dade804f5b19b9d4681d676dc2747996a88f5f39ce329846617e1222ea,formal,54.575416564941406,96.5356674194336,1.9106662577480673,4.434932231903076,27.373396874820394,1.4388542342688435,19.498821160909152,1.6000745740046989,4,c7be19ca971401001a62c05060bdd691f6ba6402deb5a57a6e1c7c9dab227189,contract_manifest,SUCCESS
MAMBA_PHY_K4_NOAUX,A_reference_sequence_terminal_proxy,RLOG_EQEXP_v1,equivalent_exposure_progress_v1,reference_pure_torch_ssd_mamba2_verified_adapter_v1,1,17,17,26611906f033b61bf220bf93ad35552a42e2ec4d6d54372da30f5a0f3bb7deec,formal,5.391144275665283,11.128467559814453,0.8601149036847208,1.4162662029266357,27.373396874820394,1.4388542342688435,19.498821160909152,1.6000745740046989,4,c7be19ca971401001a62c05060bdd691f6ba6402deb5a57a6e1c7c9dab227189,contract_manifest,SUCCESS
MAMBA_PHY_K4_NOAUX,A_reference_sequence_terminal_proxy,RLOG_EQEXP_v1,equivalent_exposure_progress_v1,reference_pure_torch_ssd_mamba2_verified_adapter_v1,1,17,26,4f62a47e4f77d454946cedf270fdcc933224efa07a5240ce3b8562d1d19cf86c,formal,48.2729434967041,26.65251350402832,1.735844337111981,1.2389591932296753,27.373396874820394,1.4388542342688435,19.498821160909152,1.6000745740046989,4,c7be19ca971401001a62c05060bdd691f6ba6402deb5a57a6e1c7c9dab227189,contract_manifest,SUCCESS
MAMBA_PHY_K4_NOAUX,A_reference_sequence_terminal_proxy,RLOG_EQEXP_v1,equivalent_exposure_progress_v1,reference_pure_torch_ssd_mamba2_verified_adapter_v1,1,17,36,37b0c28a28a8f3eb013b209db4dc026e7a8b3642f5e16d25d836c7a5dacffa65,formal,34.34164047241211,9.031183242797852,1.8127786436772633,1.3107308149337769,27.373396874820394,1.4388542342688435,19.498821160909152,1.6000745740046989,4,c7be19ca971401001a62c05060bdd691f6ba6402deb5a57a6e1c7c9dab227189,contract_manifest,SUCCESS
MAMBA_PHY_K4_NOAUX,A_reference_sequence_terminal_proxy,RLOG_EQEXP_v1,equivalent_exposure_progress_v1,reference_pure_torch_ssd_mamba2_verified_adapter_v1,1,17,41,2eeaf71a116d44a24fd554fdc0a8fa13fb10e29ab498f0c725a08261101ea391,formal,39.722333908081055,12.763057708740234,0.7550580429241657,1.4235976934432983,27.373396874820394,1.4388542342688435,19.498821160909152,1.6000745740046989,4,c7be19ca971401001a62c05060bdd691f6ba6402deb5a57a6e1c7c9dab227189,contract_manifest,SUCCESS
MAMBA_PHY_K4_NOAUX,A_reference_sequence_terminal_proxy,RLOG_EQEXP_v1,equivalent_exposure_progress_v1,reference_pure_torch_ssd_mamba2_verified_adapter_v1,1,17,42,6463d0644a2c1a7038a2068f8c6dd9a391c72f5ee724ae075755ce69054f72ff,formal,48.960649490356445,16.476945877075195,2.339618162573759,1.398125171661377,27.373396874820394,1.4388542342688435,19.498821160909152,1.6000745740046989,4,c7be19ca971401001a62c05060bdd691f6ba6402deb5a57a6e1c7c9dab227189,contract_manifest,SUCCESS
MAMBA_PHY_K4_NOAUX,A_reference_sequence_terminal_proxy,RLOG_EQEXP_v1,equivalent_exposure_progress_v1,reference_pure_torch_ssd_mamba2_verified_adapter_v1,1,17,44,bfce9310f057ffd5a57ffbba380d69a6351ca7fe57b578a67c47b4662bdf52be,formal,49.597900390625,23.52484703063965,5.402552104391358,1.7125719785690308,27.373396874820394,1.4388542342688435,19.498821160909152,1.6000745740046989,4,c7be19ca971401001a62c05060bdd691f6ba6402deb5a57a6e1c7c9dab227189,contract_manifest,SUCCESS
MAMBA_PHY_K4_NOAUX,A_reference_sequence_terminal_proxy,RLOG_EQEXP_v1,equivalent_exposure_progress_v1,reference_pure_torch_ssd_mamba2_verified_adapter_v1,1,17,47,fa552f7aaa7ae90649c3b52411645dad31e60160adc5de67bb0bf42a39f7cd24,formal,51.06957817077637,16.018508911132812,0.7380541224690303,1.5279101133346558,27.373396874820394,1.4388542342688435,19.498821160909152,1.6000745740046989,4,c7be19ca971401001a62c05060bdd691f6ba6402deb5a57a6e1c7c9dab227189,contract_manifest,SUCCESS
MAMBA_PHY_K4_NOAUX,A_reference_sequence_terminal_proxy,RLOG_EQEXP_v1,equivalent_exposure_progress_v1,reference_pure_torch_ssd_mamba2_verified_adapter_v1,1,17,56,947d8f64f4a391751a18ccc2967060f82e89dad36b198774a408651f38cff9ef,formal,44.87353515625,21.916244506835938,0.3078505599887554,1.4249930381774902,27.373396874820394,1.4388542342688435,19.498821160909152,1.6000745740046989,4,c7be19ca971401001a62c05060bdd691f6ba6402deb5a57a6e1c7c9dab227189,contract_manifest,SUCCESS
MAMBA_PHY_K4_NOAUX,A_reference_sequence_terminal_proxy,RLOG_EQEXP_v1,equivalent_exposure_progress_v1,reference_pure_torch_ssd_mamba2_verified_adapter_v1,1,17,65,79e2ed05f65216c72d52a0add4bf98852a1df90adedd000701e667cd4e1c1440,formal,37.99081039428711,31.3986873626709,11.02410072601688,1.976784110069275,27.373396874820394,1.4388542342688435,19.498821160909152,1.6000745740046989,4,c7be19ca971401001a62c05060bdd691f6ba6402deb5a57a6e1c7c9dab227189,contract_manifest,SUCCESS
MAMBA_PHY_K4_NOAUX,A_reference_sequence_terminal_proxy,RLOG_EQEXP_v1,equivalent_exposure_progress_v1,reference_pure_torch_ssd_mamba2_verified_adapter_v1,1,17,66,79e2ed05f65216c72d52a0add4bf98852a1df90adedd000701e667cd4e1c1440,formal,58.75454521179199,84.53656768798828,2.0867796902392195,4.705508232116699,27.373396874820394,1.4388542342688435,19.498821160909152,1.6000745740046989,4,c7be19ca971401001a62c05060bdd691f6ba6402deb5a57a6e1c7c9dab227189,contract_manifest,SUCCESS
MAMBA_PHY_K4_NOAUX,A_reference_sequence_terminal_proxy,RLOG_EQEXP_v1,equivalent_exposure_progress_v1,reference_pure_torch_ssd_mamba2_verified_adapter_v1,1,17,67,56df14226d95729a8fb9d5dc3ebfd25f2346e74e9ae10ac28d05946245fe79c6,formal,62.57747077941895,66.98359680175781,3.757511128898185,3.1084907054901123,27.373396874820394,1.4388542342688435,19.498821160909152,1.6000745740046989,4,c7be19ca971401001a62c05060bdd691f6ba6402deb5a57a6e1c7c9dab227189,contract_manifest,SUCCESS
MAMBA_PHY_K4_NOAUX,A_reference_sequence_terminal_proxy,RLOG_EQEXP_v1,equivalent_exposure_progress_v1,reference_pure_torch_ssd_mamba2_verified_adapter_v1,1,17,78,1a8f707978b3aada229765ad00ba127ccc8e4db5f00dd0bf595bee8c69735ff3,formal,6.503506898880005,5.225897312164307,2.5372957620029264,1.2191705703735352,27.373396874820394,1.4388542342688435,19.498821160909152,1.6000745740046989,4,c7be19ca971401001a62c05060bdd691f6ba6402deb5a57a6e1c7c9dab227189,contract_manifest,SUCCESS
MAMBA_PHY_K4_NOAUX,A_reference_sequence_terminal_proxy,RLOG_EQEXP_v1,equivalent_exposure_progress_v1,reference_pure_torch_ssd_mamba2_verified_adapter_v1,1,17,79,5c8b1366e6f95a46a13e70bac85a5be128d939a006953f145043e13a41838a4e,formal,49.69957160949707,131.12559509277344,0.42741421615495223,11.358297348022461,27.373396874820394,1.4388542342688435,19.498821160909152,1.6000745740046989,4,c7be19ca971401001a62c05060bdd691f6ba6402deb5a57a6e1c7c9dab227189,contract_manifest,SUCCESS
MAMBA_PHY_K4_NOAUX,A_reference_sequence_terminal_proxy,RLOG_EQEXP_v1,equivalent_exposure_progress_v1,reference_pure_torch_ssd_mamba2_verified_adapter_v1,1,17,85,55d28815ef5406c21ac323e9895471056326ef32c1b4a55f81a40354cb959f57,formal,4.834158897399902,7.284012317657471,1.424120631597114,1.3621578216552734,27.373396874820394,1.4388542342688435,19.498821160909152,1.6000745740046989,4,c7be19ca971401001a62c05060bdd691f6ba6402deb5a57a6e1c7c9dab227189,contract_manifest,SUCCESS
MAMBA_PHY_K4_NOAUX,A_reference_sequence_terminal_proxy,RLOG_EQEXP_v1,equivalent_exposure_progress_v1,reference_pure_torch_ssd_mamba2_verified_adapter_v1,1,17,86,55d28815ef5406c21ac323e9895471056326ef32c1b4a55f81a40354cb959f57,formal,38.1300220489502,21.033620834350586,0.5948348879790111,1.4306684732437134,27.373396874820394,1.4388542342688435,19.498821160909152,1.6000745740046989,4,c7be19ca971401001a62c05060bdd691f6ba6402deb5a57a6e1c7c9dab227189,contract_manifest,SUCCESS
MAMBA_PHY_K4_NOAUX,A_reference_sequence_terminal_proxy,RLOG_EQEXP_v1,equivalent_exposure_progress_v1,reference_pure_torch_ssd_mamba2_verified_adapter_v1,1,17,93,f08821a99d4ed065a0e311cde28b5114328a7218ec70b676f19ac00b8ad8c121,formal,45.23748588562012,49.94364547729492,0.5853885454151705,2.5696170330047607,27.373396874820394,1.4388542342688435,19.498821160909152,1.6000745740046989,4,c7be19ca971401001a62c05060bdd691f6ba6402deb5a57a6e1c7c9dab227189,contract_manifest,SUCCESS
MAMBA_PHY_K4_NOAUX,A_reference_sequence_terminal_proxy,RLOG_EQEXP_v1,equivalent_exposure_progress_v1,reference_pure_torch_ssd_mamba2_verified_adapter_v1,1,17,104,d89055a6ebe0380c591261fc2fbd84484e5771e26e8dde45d9b8b0e4179da69f,formal,45.40946769714356,70.03236389160156,0.34535983848029334,1.9290112257003784,27.373396874820394,1.4388542342688435,19.498821160909152,1.6000745740046989,4,c7be19ca971401001a62c05060bdd691f6ba6402deb5a57a6e1c7c9dab227189,contract_manifest,SUCCESS
MAMBA_PHY_K4_NOAUX,A_reference_sequence_terminal_proxy,RLOG_EQEXP_v1,equivalent_exposure_progress_v1,reference_pure_torch_ssd_mamba2_verified_adapter_v1,1,17,114,a0f55d3c0b3cc923c3e64f0e11a2beab464134d011ce61fdabb5edfcb337f33d,formal,45.03070068359375,126.042724609375,0.567752310531757,13.386527061462402,27.373396874820394,1.4388542342688435,19.498821160909152,1.6000745740046989,4,c7be19ca971401001a62c05060bdd691f6ba6402deb5a57a6e1c7c9dab227189,contract_manifest,SUCCESS
MAMBA_PHY_K4_NOAUX,A_reference_sequence_terminal_proxy,RLOG_EQEXP_v1,equivalent_exposure_progress_v1,reference_pure_torch_ssd_mamba2_verified_adapter_v1,1,17,115,783f1a926b70c114c5bc6eb548cf1fb153be4bf1a756a64ba1d2ecb86336f60a,formal,41.42281532287598,32.563350677490234,0.6450308583673147,1.7120990753173828,27.373396874820394,1.4388542342688435,19.498821160909152,1.6000745740046989,4,c7be19ca971401001a62c05060bdd691f6ba6402deb5a57a6e1c7c9dab227189,contract_manifest,SUCCESS
MAMBA_PHY_K4_NOAUX,A_reference_sequence_terminal_proxy,RLOG_EQEXP_v1,equivalent_exposure_progress_v1,reference_pure_torch_ssd_mamba2_verified_adapter_v1,1,17,119,4486fa4d53bbf751a3d10e2c5b25183080cc16f5bdf4efb90b39cc2624483d66,formal,49.9108829498291,78.08543395996094,1.0187804655639392,4.574033260345459,27.373396874820394,1.4388542342688435,19.498821160909152,1.6000745740046989,4,c7be19ca971401001a62c05060bdd691f6ba6402deb5a57a6e1c7c9dab227189,contract_manifest,SUCCESS
MAMBA_PHY_K4_NOAUX,A_reference_sequence_terminal_proxy,RLOG_EQEXP_v1,equivalent_exposure_progress_v1,reference_pure_torch_ssd_mamba2_verified_adapter_v1,1,17,152,5a980396e19821af9bce8aec5b7e8d7103f9b457a9ac9fe83f64b8696efa922d,pass_main,43.12703895568848,8.400662422180176,0.7189104258549036,1.1306328773498535,27.373396874820394,1.4388542342688435,19.498821160909152,1.6000745740046989,4,c7be19ca971401001a62c05060bdd691f6ba6402deb5a57a6e1c7c9dab227189,contract_manifest,SUCCESS
MAMBA_PHY_K4_NOAUX,A_reference_sequence_terminal_proxy,RLOG_EQEXP_v1,equivalent_exposure_progress_v1,reference_pure_torch_ssd_mamba2_verified_adapter_v1,1,17,153,5a980396e19821af9bce8aec5b7e8d7103f9b457a9ac9fe83f64b8696efa922d,pass_main,0.0514282081276178,4.110175609588623,7.318895893690737,1.2684165239334106,27.373396874820394,1.4388542342688435,19.498821160909152,1.6000745740046989,4,c7be19ca971401001a62c05060bdd691f6ba6402deb5a57a6e1c7c9dab227189,contract_manifest,SUCCESS
MAMBA_PHY_K4_NOAUX,A_reference_sequence_terminal_proxy,RLOG_EQEXP_v1,equivalent_exposure_progress_v1,reference_pure_torch_ssd_mamba2_verified_adapter_v1,1,17,154,5a980396e19821af9bce8aec5b7e8d7103f9b457a9ac9fe83f64b8696efa922d,pass_main,26.92369270324707,5.534724712371826,6.211116327284171,1.2306102514266968,27.373396874820394,1.4388542342688435,19.498821160909152,1.6000745740046989,4,c7be19ca971401001a62c05060bdd691f6ba6402deb5a57a6e1c7c9dab227189,contract_manifest,SUCCESS
MAMBA_PHY_K4_NOAUX,A_reference_sequence_terminal_proxy,RLOG_EQEXP_v1,equivalent_exposure_progress_v1,reference_pure_torch_ssd_mamba2_verified_adapter_v1,1,17,155,5a980396e19821af9bce8aec5b7e8d7103f9b457a9ac9fe83f64b8696efa922d,pass_main,37.00133514404297,6.9641923904418945,2.293998455213574,1.1847827434539795,27.373396874820394,1.4388542342688435,19.498821160909152,1.6000745740046989,4,c7be19ca971401001a62c05060bdd691f6ba6402deb5a57a6e1c7c9dab227189,contract_manifest,SUCCESS
MAMBA_PHY_K4_NOAUX,A_reference_sequence_terminal_proxy,RLOG_EQEXP_v1,equivalent_exposure_progress_v1,reference_pure_torch_ssd_mamba2_verified_adapter_v1,1,17,156,ce339b490e43317abbeef86cc4b7c5d3ea5412190fa2f7aa0a000aec58a81233,pass_main,28.758760452270508,11.291908264160156,0.4026500084741137,1.1472309827804565,27.373396874820394,1.4388542342688435,19.498821160909152,1.6000745740046989,4,c7be19ca971401001a62c05060bdd691f6ba6402deb5a57a6e1c7c9dab227189,contract_manifest,SUCCESS
MAMBA_PHY_K4_NOAUX,A_reference_sequence_terminal_proxy,RLOG_EQEXP_v1,equivalent_exposure_progress_v1,reference_pure_torch_ssd_mamba2_verified_adapter_v1,1,17,157,ce339b490e43317abbeef86cc4b7c5d3ea5412190fa2f7aa0a000aec58a81233,pass_main,16.298232078552246,7.006679058074951,1.144065278721769,1.2320196628570557,27.373396874820394,1.4388542342688435,19.498821160909152,1.6000745740046989,4,c7be19ca971401001a62c05060bdd691f6ba6402deb5a57a6e1c7c9dab227189,contract_manifest,SUCCESS
MAMBA_PHY_K4_NOAUX,A_reference_sequence_terminal_proxy,RLOG_EQEXP_v1,equivalent_exposure_progress_v1,reference_pure_torch_ssd_mamba2_verified_adapter_v1,1,17,158,ce339b490e43317abbeef86cc4b7c5d3ea5412190fa2f7aa0a000aec58a81233,pass_main,23.470155715942383,9.147567749023438,0.39652005166338705,1.193416714668274,27.373396874820394,1.4388542342688435,19.498821160909152,1.6000745740046989,4,c7be19ca971401001a62c05060bdd691f6ba6402deb5a57a6e1c7c9dab227189,contract_manifest,SUCCESS
MAMBA_PHY_K4_NOAUX,A_reference_sequence_terminal_proxy,RLOG_EQEXP_v1,equivalent_exposure_progress_v1,reference_pure_torch_ssd_mamba2_verified_adapter_v1,1,17,159,ce339b490e43317abbeef86cc4b7c5d3ea5412190fa2f7aa0a000aec58a81233,pass_main,8.48162031173706,4.866757869720459,0.827945789795427,1.2635349035263062,27.373396874820394,1.4388542342688435,19.498821160909152,1.6000745740046989,4,c7be19ca971401001a62c05060bdd691f6ba6402deb5a57a6e1c7c9dab227189,contract_manifest,SUCCESS
MAMBA_PHY_K4_NOAUX,A_reference_sequence_terminal_proxy,RLOG_EQEXP_v1,equivalent_exposure_progress_v1,reference_pure_torch_ssd_mamba2_verified_adapter_v1,1,17,172,0636ac9ba108ea692d11884ee67cb57b21b11571cdea98193cd247df27d8cdcd,pass_main,3.185724258422852,3.461878776550293,0.551490630600713,1.139294981956482,27.373396874820394,1.4388542342688435,19.498821160909152,1.6000745740046989,4,c7be19ca971401001a62c05060bdd691f6ba6402deb5a57a6e1c7c9dab227189,contract_manifest,SUCCESS
MAMBA_PHY_K4_NOAUX,A_reference_sequence_terminal_proxy,RLOG_EQEXP_v1,equivalent_exposure_progress_v1,reference_pure_torch_ssd_mamba2_verified_adapter_v1,1,17,173,0636ac9ba108ea692d11884ee67cb57b21b11571cdea98193cd247df27d8cdcd,pass_main,5.091886281967163,3.8169467449188232,0.5267186981859265,1.0692367553710938,27.373396874820394,1.4388542342688435,19.498821160909152,1.6000745740046989,4,c7be19ca971401001a62c05060bdd691f6ba6402deb5a57a6e1c7c9dab227189,contract_manifest,SUCCESS
MAMBA_PHY_K4_NOAUX,A_reference_sequence_terminal_proxy,RLOG_EQEXP_v1,equivalent_exposure_progress_v1,reference_pure_torch_ssd_mamba2_verified_adapter_v1,1,17,174,0636ac9ba108ea692d11884ee67cb57b21b11571cdea98193cd247df27d8cdcd,pass_main,1.2931949496269226,3.1187708377838135,0.42984885587420957,1.1997087001800537,27.373396874820394,1.4388542342688435,19.498821160909152,1.6000745740046989,4,c7be19ca971401001a62c05060bdd691f6ba6402deb5a57a6e1c7c9dab227189,contract_manifest,SUCCESS
MAMBA_PHY_K4_NOAUX,A_reference_sequence_terminal_proxy,RLOG_EQEXP_v1,equivalent_exposure_progress_v1,reference_pure_torch_ssd_mamba2_verified_adapter_v1,1,17,175,0636ac9ba108ea692d11884ee67cb57b21b11571cdea98193cd247df27d8cdcd,pass_main,7.14370059967041,4.185451030731201,0.7577237433572577,0.9906412959098816,27.373396874820394,1.4388542342688435,19.498821160909152,1.6000745740046989,4,c7be19ca971401001a62c05060bdd691f6ba6402deb5a57a6e1c7c9dab227189,contract_manifest,SUCCESS
MAMBA_PHY_K4_AUX,A_reference_sequence_terminal_proxy,RLOG_EQEXP_v1,equivalent_exposure_progress_v1,reference_pure_torch_ssd_mamba2_verified_adapter_v1,1,17,2,b37df1aed4968aa8eb3314a64c3014ae9750b8208c938b6c286132a05cb70c01,formal,3.8969749212265015,4.8596110343933105,0.24215440661938614,1.023488163948059,27.373396874820394,1.4388542342688435,19.498821160909152,1.6000745740046989,4,a486ef415de0b9036079a74b3d4e2ca0599891eed94af8e34e4270e91c6e2e44,contract_manifest,SUCCESS
MAMBA_PHY_K4_AUX,A_reference_sequence_terminal_proxy,RLOG_EQEXP_v1,equivalent_exposure_progress_v1,reference_pure_torch_ssd_mamba2_verified_adapter_v1,1,17,10,cb9be340a74e68176b7e3bd98e6f419817eaebc6abb8ea912bdbf7a5c5c10579,formal,46.23984718322754,21.335737228393555,2.0998674399944472,1.228560447692871,27.373396874820394,1.4388542342688435,19.498821160909152,1.6000745740046989,4,a486ef415de0b9036079a74b3d4e2ca0599891eed94af8e34e4270e91c6e2e44,contract_manifest,SUCCESS
MAMBA_PHY_K4_AUX,A_reference_sequence_terminal_proxy,RLOG_EQEXP_v1,equivalent_exposure_progress_v1,reference_pure_torch_ssd_mamba2_verified_adapter_v1,1,17,12,0ab16dbb0eafab9ea903793e46df86153f53035cd04d0ae8f2ae7b57a528fb9c,formal,30.701452255249023,10.53848934173584,1.174825243428257,1.0458365678787231,27.373396874820394,1.4388542342688435,19.498821160909152,1.6000745740046989,4,a486ef415de0b9036079a74b3d4e2ca0599891eed94af8e34e4270e91c6e2e44,contract_manifest,SUCCESS
MAMBA_PHY_K4_AUX,A_reference_sequence_terminal_proxy,RLOG_EQEXP_v1,equivalent_exposure_progress_v1,reference_pure_torch_ssd_mamba2_verified_adapter_v1,1,17,16,87f152dade804f5b19b9d4681d676dc2747996a88f5f39ce329846617e1222ea,formal,54.575416564941406,97.23009490966797,1.9106662577480673,4.440948009490967,27.373396874820394,1.4388542342688435,19.498821160909152,1.6000745740046989,4,a486ef415de0b9036079a74b3d4e2ca0599891eed94af8e34e4270e91c6e2e44,contract_manifest,SUCCESS
MAMBA_PHY_K4_AUX,A_reference_sequence_terminal_proxy,RLOG_EQEXP_v1,equivalent_exposure_progress_v1,reference_pure_torch_ssd_mamba2_verified_adapter_v1,1,17,17,26611906f033b61bf220bf93ad35552a42e2ec4d6d54372da30f5a0f3bb7deec,formal,5.391144275665283,11.147252082824707,0.8601149036847208,1.4112986326217651,27.373396874820394,1.4388542342688435,19.498821160909152,1.6000745740046989,4,a486ef415de0b9036079a74b3d4e2ca0599891eed94af8e34e4270e91c6e2e44,contract_manifest,SUCCESS
MAMBA_PHY_K4_AUX,A_reference_sequence_terminal_proxy,RLOG_EQEXP_v1,equivalent_exposure_progress_v1,reference_pure_torch_ssd_mamba2_verified_adapter_v1,1,17,26,4f62a47e4f77d454946cedf270fdcc933224efa07a5240ce3b8562d1d19cf86c,formal,48.2729434967041,26.657228469848633,1.735844337111981,1.2230746746063232,27.373396874820394,1.4388542342688435,19.498821160909152,1.6000745740046989,4,a486ef415de0b9036079a74b3d4e2ca0599891eed94af8e34e4270e91c6e2e44,contract_manifest,SUCCESS
MAMBA_PHY_K4_AUX,A_reference_sequence_terminal_proxy,RLOG_EQEXP_v1,equivalent_exposure_progress_v1,reference_pure_torch_ssd_mamba2_verified_adapter_v1,1,17,36,37b0c28a28a8f3eb013b209db4dc026e7a8b3642f5e16d25d836c7a5dacffa65,formal,34.34164047241211,9.063385009765625,1.8127786436772633,1.3064682483673096,27.373396874820394,1.4388542342688435,19.498821160909152,1.6000745740046989,4,a486ef415de0b9036079a74b3d4e2ca0599891eed94af8e34e4270e91c6e2e44,contract_manifest,SUCCESS
MAMBA_PHY_K4_AUX,A_reference_sequence_terminal_proxy,RLOG_EQEXP_v1,equivalent_exposure_progress_v1,reference_pure_torch_ssd_mamba2_verified_adapter_v1,1,17,41,2eeaf71a116d44a24fd554fdc0a8fa13fb10e29ab498f0c725a08261101ea391,formal,39.722333908081055,12.826096534729004,0.7550580429241657,1.414879322052002,27.373396874820394,1.4388542342688435,19.498821160909152,1.6000745740046989,4,a486ef415de0b9036079a74b3d4e2ca0599891eed94af8e34e4270e91c6e2e44,contract_manifest,SUCCESS
MAMBA_PHY_K4_AUX,A_reference_sequence_terminal_proxy,RLOG_EQEXP_v1,equivalent_exposure_progress_v1,reference_pure_torch_ssd_mamba2_verified_adapter_v1,1,17,42,6463d0644a2c1a7038a2068f8c6dd9a391c72f5ee724ae075755ce69054f72ff,formal,48.960649490356445,16.56393051147461,2.339618162573759,1.3830037117004395,27.373396874820394,1.4388542342688435,19.498821160909152,1.6000745740046989,4,a486ef415de0b9036079a74b3d4e2ca0599891eed94af8e34e4270e91c6e2e44,contract_manifest,SUCCESS
MAMBA_PHY_K4_AUX,A_reference_sequence_terminal_proxy,RLOG_EQEXP_v1,equivalent_exposure_progress_v1,reference_pure_torch_ssd_mamba2_verified_adapter_v1,1,17,44,bfce9310f057ffd5a57ffbba380d69a6351ca7fe57b578a67c47b4662bdf52be,formal,49.597900390625,23.660215377807617,5.402552104391358,1.6923909187316895,27.373396874820394,1.4388542342688435,19.498821160909152,1.6000745740046989,4,a486ef415de0b9036079a74b3d4e2ca0599891eed94af8e34e4270e91c6e2e44,contract_manifest,SUCCESS
MAMBA_PHY_K4_AUX,A_reference_sequence_terminal_proxy,RLOG_EQEXP_v1,equivalent_exposure_progress_v1,reference_pure_torch_ssd_mamba2_verified_adapter_v1,1,17,47,fa552f7aaa7ae90649c3b52411645dad31e60160adc5de67bb0bf42a39f7cd24,formal,51.06957817077637,16.13448143005371,0.7380541224690303,1.5095502138137817,27.373396874820394,1.4388542342688435,19.498821160909152,1.6000745740046989,4,a486ef415de0b9036079a74b3d4e2ca0599891eed94af8e34e4270e91c6e2e44,contract_manifest,SUCCESS
MAMBA_PHY_K4_AUX,A_reference_sequence_terminal_proxy,RLOG_EQEXP_v1,equivalent_exposure_progress_v1,reference_pure_torch_ssd_mamba2_verified_adapter_v1,1,17,56,947d8f64f4a391751a18ccc2967060f82e89dad36b198774a408651f38cff9ef,formal,44.87353515625,21.958019256591797,0.3078505599887554,1.4147058725357056,27.373396874820394,1.4388542342688435,19.498821160909152,1.6000745740046989,4,a486ef415de0b9036079a74b3d4e2ca0599891eed94af8e34e4270e91c6e2e44,contract_manifest,SUCCESS
MAMBA_PHY_K4_AUX,A_reference_sequence_terminal_proxy,RLOG_EQEXP_v1,equivalent_exposure_progress_v1,reference_pure_torch_ssd_mamba2_verified_adapter_v1,1,17,65,79e2ed05f65216c72d52a0add4bf98852a1df90adedd000701e667cd4e1c1440,formal,37.99081039428711,31.5732479095459,11.02410072601688,1.9468319416046143,27.373396874820394,1.4388542342688435,19.498821160909152,1.6000745740046989,4,a486ef415de0b9036079a74b3d4e2ca0599891eed94af8e34e4270e91c6e2e44,contract_manifest,SUCCESS
MAMBA_PHY_K4_AUX,A_reference_sequence_terminal_proxy,RLOG_EQEXP_v1,equivalent_exposure_progress_v1,reference_pure_torch_ssd_mamba2_verified_adapter_v1,1,17,66,79e2ed05f65216c72d52a0add4bf98852a1df90adedd000701e667cd4e1c1440,formal,58.75454521179199,85.20832061767578,2.0867796902392195,4.726329803466797,27.373396874820394,1.4388542342688435,19.498821160909152,1.6000745740046989,4,a486ef415de0b9036079a74b3d4e2ca0599891eed94af8e34e4270e91c6e2e44,contract_manifest,SUCCESS
MAMBA_PHY_K4_AUX,A_reference_sequence_terminal_proxy,RLOG_EQEXP_v1,equivalent_exposure_progress_v1,reference_pure_torch_ssd_mamba2_verified_adapter_v1,1,17,67,56df14226d95729a8fb9d5dc3ebfd25f2346e74e9ae10ac28d05946245fe79c6,formal,62.57747077941895,67.47311401367188,3.757511128898185,3.0694539546966553,27.373396874820394,1.4388542342688435,19.498821160909152,1.6000745740046989,4,a486ef415de0b9036079a74b3d4e2ca0599891eed94af8e34e4270e91c6e2e44,contract_manifest,SUCCESS
MAMBA_PHY_K4_AUX,A_reference_sequence_terminal_proxy,RLOG_EQEXP_v1,equivalent_exposure_progress_v1,reference_pure_torch_ssd_mamba2_verified_adapter_v1,1,17,78,1a8f707978b3aada229765ad00ba127ccc8e4db5f00dd0bf595bee8c69735ff3,formal,6.503506898880005,5.225635528564453,2.5372957620029264,1.2206803560256958,27.373396874820394,1.4388542342688435,19.498821160909152,1.6000745740046989,4,a486ef415de0b9036079a74b3d4e2ca0599891eed94af8e34e4270e91c6e2e44,contract_manifest,SUCCESS
MAMBA_PHY_K4_AUX,A_reference_sequence_terminal_proxy,RLOG_EQEXP_v1,equivalent_exposure_progress_v1,reference_pure_torch_ssd_mamba2_verified_adapter_v1,1,17,79,5c8b1366e6f95a46a13e70bac85a5be128d939a006953f145043e13a41838a4e,formal,49.69957160949707,132.1385498046875,0.42741421615495223,11.825563430786133,27.373396874820394,1.4388542342688435,19.498821160909152,1.6000745740046989,4,a486ef415de0b9036079a74b3d4e2ca0599891eed94af8e34e4270e91c6e2e44,contract_manifest,SUCCESS
MAMBA_PHY_K4_AUX,A_reference_sequence_terminal_proxy,RLOG_EQEXP_v1,equivalent_exposure_progress_v1,reference_pure_torch_ssd_mamba2_verified_adapter_v1,1,17,85,55d28815ef5406c21ac323e9895471056326ef32c1b4a55f81a40354cb959f57,formal,4.834158897399902,7.313004016876221,1.424120631597114,1.3594636917114258,27.373396874820394,1.4388542342688435,19.498821160909152,1.6000745740046989,4,a486ef415de0b9036079a74b3d4e2ca0599891eed94af8e34e4270e91c6e2e44,contract_manifest,SUCCESS
MAMBA_PHY_K4_AUX,A_reference_sequence_terminal_proxy,RLOG_EQEXP_v1,equivalent_exposure_progress_v1,reference_pure_torch_ssd_mamba2_verified_adapter_v1,1,17,86,55d28815ef5406c21ac323e9895471056326ef32c1b4a55f81a40354cb959f57,formal,38.1300220489502,21.120635986328125,0.5948348879790111,1.4178757667541504,27.373396874820394,1.4388542342688435,19.498821160909152,1.6000745740046989,4,a486ef415de0b9036079a74b3d4e2ca0599891eed94af8e34e4270e91c6e2e44,contract_manifest,SUCCESS
MAMBA_PHY_K4_AUX,A_reference_sequence_terminal_proxy,RLOG_EQEXP_v1,equivalent_exposure_progress_v1,reference_pure_torch_ssd_mamba2_verified_adapter_v1,1,17,93,f08821a99d4ed065a0e311cde28b5114328a7218ec70b676f19ac00b8ad8c121,formal,45.23748588562012,50.33723449707031,0.5853885454151705,2.5350663661956787,27.373396874820394,1.4388542342688435,19.498821160909152,1.6000745740046989,4,a486ef415de0b9036079a74b3d4e2ca0599891eed94af8e34e4270e91c6e2e44,contract_manifest,SUCCESS
MAMBA_PHY_K4_AUX,A_reference_sequence_terminal_proxy,RLOG_EQEXP_v1,equivalent_exposure_progress_v1,reference_pure_torch_ssd_mamba2_verified_adapter_v1,1,17,104,d89055a6ebe0380c591261fc2fbd84484e5771e26e8dde45d9b8b0e4179da69f,formal,45.40946769714356,70.32907104492188,0.34535983848029334,1.8695056438446045,27.373396874820394,1.4388542342688435,19.498821160909152,1.6000745740046989,4,a486ef415de0b9036079a74b3d4e2ca0599891eed94af8e34e4270e91c6e2e44,contract_manifest,SUCCESS
MAMBA_PHY_K4_AUX,A_reference_sequence_terminal_proxy,RLOG_EQEXP_v1,equivalent_exposure_progress_v1,reference_pure_torch_ssd_mamba2_verified_adapter_v1,1,17,114,a0f55d3c0b3cc923c3e64f0e11a2beab464134d011ce61fdabb5edfcb337f33d,formal,45.03070068359375,126.94146728515625,0.567752310531757,14.037848472595215,27.373396874820394,1.4388542342688435,19.498821160909152,1.6000745740046989,4,a486ef415de0b9036079a74b3d4e2ca0599891eed94af8e34e4270e91c6e2e44,contract_manifest,SUCCESS
MAMBA_PHY_K4_AUX,A_reference_sequence_terminal_proxy,RLOG_EQEXP_v1,equivalent_exposure_progress_v1,reference_pure_torch_ssd_mamba2_verified_adapter_v1,1,17,115,783f1a926b70c114c5bc6eb548cf1fb153be4bf1a756a64ba1d2ecb86336f60a,formal,41.42281532287598,32.73497772216797,0.6450308583673147,1.6894776821136475,27.373396874820394,1.4388542342688435,19.498821160909152,1.6000745740046989,4,a486ef415de0b9036079a74b3d4e2ca0599891eed94af8e34e4270e91c6e2e44,contract_manifest,SUCCESS
MAMBA_PHY_K4_AUX,A_reference_sequence_terminal_proxy,RLOG_EQEXP_v1,equivalent_exposure_progress_v1,reference_pure_torch_ssd_mamba2_verified_adapter_v1,1,17,119,4486fa4d53bbf751a3d10e2c5b25183080cc16f5bdf4efb90b39cc2624483d66,formal,49.9108829498291,78.69746398925781,1.0187804655639392,4.624385833740234,27.373396874820394,1.4388542342688435,19.498821160909152,1.6000745740046989,4,a486ef415de0b9036079a74b3d4e2ca0599891eed94af8e34e4270e91c6e2e44,contract_manifest,SUCCESS
MAMBA_PHY_K4_AUX,A_reference_sequence_terminal_proxy,RLOG_EQEXP_v1,equivalent_exposure_progress_v1,reference_pure_torch_ssd_mamba2_verified_adapter_v1,1,17,152,5a980396e19821af9bce8aec5b7e8d7103f9b457a9ac9fe83f64b8696efa922d,pass_main,43.12703895568848,8.380633354187012,0.7189104258549036,1.1248283386230469,27.373396874820394,1.4388542342688435,19.498821160909152,1.6000745740046989,4,a486ef415de0b9036079a74b3d4e2ca0599891eed94af8e34e4270e91c6e2e44,contract_manifest,SUCCESS
MAMBA_PHY_K4_AUX,A_reference_sequence_terminal_proxy,RLOG_EQEXP_v1,equivalent_exposure_progress_v1,reference_pure_torch_ssd_mamba2_verified_adapter_v1,1,17,153,5a980396e19821af9bce8aec5b7e8d7103f9b457a9ac9fe83f64b8696efa922d,pass_main,0.0514282081276178,4.093355178833008,7.318895893690737,1.269034504890442,27.373396874820394,1.4388542342688435,19.498821160909152,1.6000745740046989,4,a486ef415de0b9036079a74b3d4e2ca0599891eed94af8e34e4270e91c6e2e44,contract_manifest,SUCCESS
MAMBA_PHY_K4_AUX,A_reference_sequence_terminal_proxy,RLOG_EQEXP_v1,equivalent_exposure_progress_v1,reference_pure_torch_ssd_mamba2_verified_adapter_v1,1,17,154,5a980396e19821af9bce8aec5b7e8d7103f9b457a9ac9fe83f64b8696efa922d,pass_main,26.92369270324707,5.5150909423828125,6.211116327284171,1.229841709136963,27.373396874820394,1.4388542342688435,19.498821160909152,1.6000745740046989,4,a486ef415de0b9036079a74b3d4e2ca0599891eed94af8e34e4270e91c6e2e44,contract_manifest,SUCCESS
MAMBA_PHY_K4_AUX,A_reference_sequence_terminal_proxy,RLOG_EQEXP_v1,equivalent_exposure_progress_v1,reference_pure_torch_ssd_mamba2_verified_adapter_v1,1,17,155,5a980396e19821af9bce8aec5b7e8d7103f9b457a9ac9fe83f64b8696efa922d,pass_main,37.00133514404297,6.943400859832764,2.293998455213574,1.1818550825119019,27.373396874820394,1.4388542342688435,19.498821160909152,1.6000745740046989,4,a486ef415de0b9036079a74b3d4e2ca0599891eed94af8e34e4270e91c6e2e44,contract_manifest,SUCCESS
MAMBA_PHY_K4_AUX,A_reference_sequence_terminal_proxy,RLOG_EQEXP_v1,equivalent_exposure_progress_v1,reference_pure_torch_ssd_mamba2_verified_adapter_v1,1,17,156,ce339b490e43317abbeef86cc4b7c5d3ea5412190fa2f7aa0a000aec58a81233,pass_main,28.758760452270508,11.29672908782959,0.4026500084741137,1.143173098564148,27.373396874820394,1.4388542342688435,19.498821160909152,1.6000745740046989,4,a486ef415de0b9036079a74b3d4e2ca0599891eed94af8e34e4270e91c6e2e44,contract_manifest,SUCCESS
MAMBA_PHY_K4_AUX,A_reference_sequence_terminal_proxy,RLOG_EQEXP_v1,equivalent_exposure_progress_v1,reference_pure_torch_ssd_mamba2_verified_adapter_v1,1,17,157,ce339b490e43317abbeef86cc4b7c5d3ea5412190fa2f7aa0a000aec58a81233,pass_main,16.298232078552246,7.004400730133057,1.144065278721769,1.232754111289978,27.373396874820394,1.4388542342688435,19.498821160909152,1.6000745740046989,4,a486ef415de0b9036079a74b3d4e2ca0599891eed94af8e34e4270e91c6e2e44,contract_manifest,SUCCESS
MAMBA_PHY_K4_AUX,A_reference_sequence_terminal_proxy,RLOG_EQEXP_v1,equivalent_exposure_progress_v1,reference_pure_torch_ssd_mamba2_verified_adapter_v1,1,17,158,ce339b490e43317abbeef86cc4b7c5d3ea5412190fa2f7aa0a000aec58a81233,pass_main,23.470155715942383,9.147554397583008,0.39652005166338705,1.1922023296356201,27.373396874820394,1.4388542342688435,19.498821160909152,1.6000745740046989,4,a486ef415de0b9036079a74b3d4e2ca0599891eed94af8e34e4270e91c6e2e44,contract_manifest,SUCCESS
MAMBA_PHY_K4_AUX,A_reference_sequence_terminal_proxy,RLOG_EQEXP_v1,equivalent_exposure_progress_v1,reference_pure_torch_ssd_mamba2_verified_adapter_v1,1,17,159,ce339b490e43317abbeef86cc4b7c5d3ea5412190fa2f7aa0a000aec58a81233,pass_main,8.48162031173706,4.864489555358887,0.827945789795427,1.2653343677520752,27.373396874820394,1.4388542342688435,19.498821160909152,1.6000745740046989,4,a486ef415de0b9036079a74b3d4e2ca0599891eed94af8e34e4270e91c6e2e44,contract_manifest,SUCCESS
MAMBA_PHY_K4_AUX,A_reference_sequence_terminal_proxy,RLOG_EQEXP_v1,equivalent_exposure_progress_v1,reference_pure_torch_ssd_mamba2_verified_adapter_v1,1,17,172,0636ac9ba108ea692d11884ee67cb57b21b11571cdea98193cd247df27d8cdcd,pass_main,3.185724258422852,3.441981554031372,0.551490630600713,1.141987919807434,27.373396874820394,1.4388542342688435,19.498821160909152,1.6000745740046989,4,a486ef415de0b9036079a74b3d4e2ca0599891eed94af8e34e4270e91c6e2e44,contract_manifest,SUCCESS
MAMBA_PHY_K4_AUX,A_reference_sequence_terminal_proxy,RLOG_EQEXP_v1,equivalent_exposure_progress_v1,reference_pure_torch_ssd_mamba2_verified_adapter_v1,1,17,173,0636ac9ba108ea692d11884ee67cb57b21b11571cdea98193cd247df27d8cdcd,pass_main,5.091886281967163,3.7947895526885986,0.5267186981859265,1.0708390474319458,27.373396874820394,1.4388542342688435,19.498821160909152,1.6000745740046989,4,a486ef415de0b9036079a74b3d4e2ca0599891eed94af8e34e4270e91c6e2e44,contract_manifest,SUCCESS
MAMBA_PHY_K4_AUX,A_reference_sequence_terminal_proxy,RLOG_EQEXP_v1,equivalent_exposure_progress_v1,reference_pure_torch_ssd_mamba2_verified_adapter_v1,1,17,174,0636ac9ba108ea692d11884ee67cb57b21b11571cdea98193cd247df27d8cdcd,pass_main,1.2931949496269226,3.1017348766326904,0.42984885587420957,1.2029668092727661,27.373396874820394,1.4388542342688435,19.498821160909152,1.6000745740046989,4,a486ef415de0b9036079a74b3d4e2ca0599891eed94af8e34e4270e91c6e2e44,contract_manifest,SUCCESS
MAMBA_PHY_K4_AUX,A_reference_sequence_terminal_proxy,RLOG_EQEXP_v1,equivalent_exposure_progress_v1,reference_pure_torch_ssd_mamba2_verified_adapter_v1,1,17,175,0636ac9ba108ea692d11884ee67cb57b21b11571cdea98193cd247df27d8cdcd,pass_main,7.14370059967041,4.161739826202393,0.7577237433572577,0.9907516241073608,27.373396874820394,1.4388542342688435,19.498821160909152,1.6000745740046989,4,a486ef415de0b9036079a74b3d4e2ca0599891eed94af8e34e4270e91c6e2e44,contract_manifest,SUCCESS
MAMBA_PHY_K32_AUX,A_reference_sequence_terminal_proxy,RLOG_EQEXP_v1,equivalent_exposure_progress_v1,reference_pure_torch_ssd_mamba2_verified_adapter_v1,1,17,2,b37df1aed4968aa8eb3314a64c3014ae9750b8208c938b6c286132a05cb70c01,formal,3.8969749212265015,13.111122131347656,0.24215440661938614,1.0373808145523071,27.373396874820394,1.4388542342688435,19.498821160909152,1.6000745740046989,32,5b6d52783114ea028ed934494570b83a88915af6b8e84eb646b499cf402a56e9,contract_manifest,SUCCESS
MAMBA_PHY_K32_AUX,A_reference_sequence_terminal_proxy,RLOG_EQEXP_v1,equivalent_exposure_progress_v1,reference_pure_torch_ssd_mamba2_verified_adapter_v1,1,17,10,cb9be340a74e68176b7e3bd98e6f419817eaebc6abb8ea912bdbf7a5c5c10579,formal,46.23984718322754,31.376808166503906,2.0998674399944472,1.318335771560669,27.373396874820394,1.4388542342688435,19.498821160909152,1.6000745740046989,32,5b6d52783114ea028ed934494570b83a88915af6b8e84eb646b499cf402a56e9,contract_manifest,SUCCESS
MAMBA_PHY_K32_AUX,A_reference_sequence_terminal_proxy,RLOG_EQEXP_v1,equivalent_exposure_progress_v1,reference_pure_torch_ssd_mamba2_verified_adapter_v1,1,17,12,0ab16dbb0eafab9ea903793e46df86153f53035cd04d0ae8f2ae7b57a528fb9c,formal,30.701452255249023,21.361921310424805,1.174825243428257,1.1804265975952148,27.373396874820394,1.4388542342688435,19.498821160909152,1.6000745740046989,32,5b6d52783114ea028ed934494570b83a88915af6b8e84eb646b499cf402a56e9,contract_manifest,SUCCESS
MAMBA_PHY_K32_AUX,A_reference_sequence_terminal_proxy,RLOG_EQEXP_v1,equivalent_exposure_progress_v1,reference_pure_torch_ssd_mamba2_verified_adapter_v1,1,17,16,87f152dade804f5b19b9d4681d676dc2747996a88f5f39ce329846617e1222ea,formal,54.575416564941406,62.07563018798828,1.9106662577480673,4.653266429901123,27.373396874820394,1.4388542342688435,19.498821160909152,1.6000745740046989,32,5b6d52783114ea028ed934494570b83a88915af6b8e84eb646b499cf402a56e9,contract_manifest,SUCCESS
MAMBA_PHY_K32_AUX,A_reference_sequence_terminal_proxy,RLOG_EQEXP_v1,equivalent_exposure_progress_v1,reference_pure_torch_ssd_mamba2_verified_adapter_v1,1,17,17,26611906f033b61bf220bf93ad35552a42e2ec4d6d54372da30f5a0f3bb7deec,formal,5.391144275665283,19.38739013671875,0.8601149036847208,1.399025559425354,27.373396874820394,1.4388542342688435,19.498821160909152,1.6000745740046989,32,5b6d52783114ea028ed934494570b83a88915af6b8e84eb646b499cf402a56e9,contract_manifest,SUCCESS
MAMBA_PHY_K32_AUX,A_reference_sequence_terminal_proxy,RLOG_EQEXP_v1,equivalent_exposure_progress_v1,reference_pure_torch_ssd_mamba2_verified_adapter_v1,1,17,26,4f62a47e4f77d454946cedf270fdcc933224efa07a5240ce3b8562d1d19cf86c,formal,48.2729434967041,34.41034698486328,1.735844337111981,1.2278096675872803,27.373396874820394,1.4388542342688435,19.498821160909152,1.6000745740046989,32,5b6d52783114ea028ed934494570b83a88915af6b8e84eb646b499cf402a56e9,contract_manifest,SUCCESS
MAMBA_PHY_K32_AUX,A_reference_sequence_terminal_proxy,RLOG_EQEXP_v1,equivalent_exposure_progress_v1,reference_pure_torch_ssd_mamba2_verified_adapter_v1,1,17,36,37b0c28a28a8f3eb013b209db4dc026e7a8b3642f5e16d25d836c7a5dacffa65,formal,34.34164047241211,19.768661499023438,1.8127786436772633,1.3706917762756348,27.373396874820394,1.4388542342688435,19.498821160909152,1.6000745740046989,32,5b6d52783114ea028ed934494570b83a88915af6b8e84eb646b499cf402a56e9,contract_manifest,SUCCESS
MAMBA_PHY_K32_AUX,A_reference_sequence_terminal_proxy,RLOG_EQEXP_v1,equivalent_exposure_progress_v1,reference_pure_torch_ssd_mamba2_verified_adapter_v1,1,17,41,2eeaf71a116d44a24fd554fdc0a8fa13fb10e29ab498f0c725a08261101ea391,formal,39.722333908081055,24.70941925048828,0.7550580429241657,1.5735870599746704,27.373396874820394,1.4388542342688435,19.498821160909152,1.6000745740046989,32,5b6d52783114ea028ed934494570b83a88915af6b8e84eb646b499cf402a56e9,contract_manifest,SUCCESS
MAMBA_PHY_K32_AUX,A_reference_sequence_terminal_proxy,RLOG_EQEXP_v1,equivalent_exposure_progress_v1,reference_pure_torch_ssd_mamba2_verified_adapter_v1,1,17,42,6463d0644a2c1a7038a2068f8c6dd9a391c72f5ee724ae075755ce69054f72ff,formal,48.960649490356445,29.983707427978516,2.339618162573759,1.6597084999084473,27.373396874820394,1.4388542342688435,19.498821160909152,1.6000745740046989,32,5b6d52783114ea028ed934494570b83a88915af6b8e84eb646b499cf402a56e9,contract_manifest,SUCCESS
MAMBA_PHY_K32_AUX,A_reference_sequence_terminal_proxy,RLOG_EQEXP_v1,equivalent_exposure_progress_v1,reference_pure_torch_ssd_mamba2_verified_adapter_v1,1,17,44,bfce9310f057ffd5a57ffbba380d69a6351ca7fe57b578a67c47b4662bdf52be,formal,49.597900390625,34.18022918701172,5.402552104391358,2.0154502391815186,27.373396874820394,1.4388542342688435,19.498821160909152,1.6000745740046989,32,5b6d52783114ea028ed934494570b83a88915af6b8e84eb646b499cf402a56e9,contract_manifest,SUCCESS
MAMBA_PHY_K32_AUX,A_reference_sequence_terminal_proxy,RLOG_EQEXP_v1,equivalent_exposure_progress_v1,reference_pure_torch_ssd_mamba2_verified_adapter_v1,1,17,47,fa552f7aaa7ae90649c3b52411645dad31e60160adc5de67bb0bf42a39f7cd24,formal,51.06957817077637,31.119205474853516,0.7380541224690303,1.9094774723052979,27.373396874820394,1.4388542342688435,19.498821160909152,1.6000745740046989,32,5b6d52783114ea028ed934494570b83a88915af6b8e84eb646b499cf402a56e9,contract_manifest,SUCCESS
MAMBA_PHY_K32_AUX,A_reference_sequence_terminal_proxy,RLOG_EQEXP_v1,equivalent_exposure_progress_v1,reference_pure_torch_ssd_mamba2_verified_adapter_v1,1,17,56,947d8f64f4a391751a18ccc2967060f82e89dad36b198774a408651f38cff9ef,formal,44.87353515625,30.770566940307617,0.3078505599887554,1.455420732498169,27.373396874820394,1.4388542342688435,19.498821160909152,1.6000745740046989,32,5b6d52783114ea028ed934494570b83a88915af6b8e84eb646b499cf402a56e9,contract_manifest,SUCCESS
MAMBA_PHY_K32_AUX,A_reference_sequence_terminal_proxy,RLOG_EQEXP_v1,equivalent_exposure_progress_v1,reference_pure_torch_ssd_mamba2_verified_adapter_v1,1,17,65,79e2ed05f65216c72d52a0add4bf98852a1df90adedd000701e667cd4e1c1440,formal,37.99081039428711,32.15483856201172,11.02410072601688,2.1056389808654785,27.373396874820394,1.4388542342688435,19.498821160909152,1.6000745740046989,32,5b6d52783114ea028ed934494570b83a88915af6b8e84eb646b499cf402a56e9,contract_manifest,SUCCESS
MAMBA_PHY_K32_AUX,A_reference_sequence_terminal_proxy,RLOG_EQEXP_v1,equivalent_exposure_progress_v1,reference_pure_torch_ssd_mamba2_verified_adapter_v1,1,17,66,79e2ed05f65216c72d52a0add4bf98852a1df90adedd000701e667cd4e1c1440,formal,58.75454521179199,50.882545471191406,2.0867796902392195,5.065241813659668,27.373396874820394,1.4388542342688435,19.498821160909152,1.6000745740046989,32,5b6d52783114ea028ed934494570b83a88915af6b8e84eb646b499cf402a56e9,contract_manifest,SUCCESS
MAMBA_PHY_K32_AUX,A_reference_sequence_terminal_proxy,RLOG_EQEXP_v1,equivalent_exposure_progress_v1,reference_pure_torch_ssd_mamba2_verified_adapter_v1,1,17,67,56df14226d95729a8fb9d5dc3ebfd25f2346e74e9ae10ac28d05946245fe79c6,formal,62.57747077941895,52.436279296875,3.757511128898185,3.3799009323120117,27.373396874820394,1.4388542342688435,19.498821160909152,1.6000745740046989,32,5b6d52783114ea028ed934494570b83a88915af6b8e84eb646b499cf402a56e9,contract_manifest,SUCCESS
MAMBA_PHY_K32_AUX,A_reference_sequence_terminal_proxy,RLOG_EQEXP_v1,equivalent_exposure_progress_v1,reference_pure_torch_ssd_mamba2_verified_adapter_v1,1,17,78,1a8f707978b3aada229765ad00ba127ccc8e4db5f00dd0bf595bee8c69735ff3,formal,6.503506898880005,14.051802635192871,2.5372957620029264,1.1820207834243774,27.373396874820394,1.4388542342688435,19.498821160909152,1.6000745740046989,32,5b6d52783114ea028ed934494570b83a88915af6b8e84eb646b499cf402a56e9,contract_manifest,SUCCESS
MAMBA_PHY_K32_AUX,A_reference_sequence_terminal_proxy,RLOG_EQEXP_v1,equivalent_exposure_progress_v1,reference_pure_torch_ssd_mamba2_verified_adapter_v1,1,17,79,5c8b1366e6f95a46a13e70bac85a5be128d939a006953f145043e13a41838a4e,formal,49.69957160949707,98.86135864257812,0.42741421615495223,11.127324104309082,27.373396874820394,1.4388542342688435,19.498821160909152,1.6000745740046989,32,5b6d52783114ea028ed934494570b83a88915af6b8e84eb646b499cf402a56e9,contract_manifest,SUCCESS
MAMBA_PHY_K32_AUX,A_reference_sequence_terminal_proxy,RLOG_EQEXP_v1,equivalent_exposure_progress_v1,reference_pure_torch_ssd_mamba2_verified_adapter_v1,1,17,85,55d28815ef5406c21ac323e9895471056326ef32c1b4a55f81a40354cb959f57,formal,4.834158897399902,16.757688522338867,1.424120631597114,1.3579975366592407,27.373396874820394,1.4388542342688435,19.498821160909152,1.6000745740046989,32,5b6d52783114ea028ed934494570b83a88915af6b8e84eb646b499cf402a56e9,contract_manifest,SUCCESS
MAMBA_PHY_K32_AUX,A_reference_sequence_terminal_proxy,RLOG_EQEXP_v1,equivalent_exposure_progress_v1,reference_pure_torch_ssd_mamba2_verified_adapter_v1,1,17,86,55d28815ef5406c21ac323e9895471056326ef32c1b4a55f81a40354cb959f57,formal,38.1300220489502,32.99694061279297,0.5948348879790111,1.6232143640518188,27.373396874820394,1.4388542342688435,19.498821160909152,1.6000745740046989,32,5b6d52783114ea028ed934494570b83a88915af6b8e84eb646b499cf402a56e9,contract_manifest,SUCCESS
MAMBA_PHY_K32_AUX,A_reference_sequence_terminal_proxy,RLOG_EQEXP_v1,equivalent_exposure_progress_v1,reference_pure_torch_ssd_mamba2_verified_adapter_v1,1,17,93,f08821a99d4ed065a0e311cde28b5114328a7218ec70b676f19ac00b8ad8c121,formal,45.23748588562012,50.941802978515625,0.5853885454151705,3.2057278156280518,27.373396874820394,1.4388542342688435,19.498821160909152,1.6000745740046989,32,5b6d52783114ea028ed934494570b83a88915af6b8e84eb646b499cf402a56e9,contract_manifest,SUCCESS
MAMBA_PHY_K32_AUX,A_reference_sequence_terminal_proxy,RLOG_EQEXP_v1,equivalent_exposure_progress_v1,reference_pure_torch_ssd_mamba2_verified_adapter_v1,1,17,104,d89055a6ebe0380c591261fc2fbd84484e5771e26e8dde45d9b8b0e4179da69f,formal,45.40946769714356,66.38970184326172,0.34535983848029334,1.9355124235153198,27.373396874820394,1.4388542342688435,19.498821160909152,1.6000745740046989,32,5b6d52783114ea028ed934494570b83a88915af6b8e84eb646b499cf402a56e9,contract_manifest,SUCCESS
MAMBA_PHY_K32_AUX,A_reference_sequence_terminal_proxy,RLOG_EQEXP_v1,equivalent_exposure_progress_v1,reference_pure_torch_ssd_mamba2_verified_adapter_v1,1,17,114,a0f55d3c0b3cc923c3e64f0e11a2beab464134d011ce61fdabb5edfcb337f33d,formal,45.03070068359375,98.25237274169922,0.567752310531757,13.29537296295166,27.373396874820394,1.4388542342688435,19.498821160909152,1.6000745740046989,32,5b6d52783114ea028ed934494570b83a88915af6b8e84eb646b499cf402a56e9,contract_manifest,SUCCESS
MAMBA_PHY_K32_AUX,A_reference_sequence_terminal_proxy,RLOG_EQEXP_v1,equivalent_exposure_progress_v1,reference_pure_torch_ssd_mamba2_verified_adapter_v1,1,17,115,783f1a926b70c114c5bc6eb548cf1fb153be4bf1a756a64ba1d2ecb86336f60a,formal,41.42281532287598,42.78925704956055,0.6450308583673147,2.0059971809387207,27.373396874820394,1.4388542342688435,19.498821160909152,1.6000745740046989,32,5b6d52783114ea028ed934494570b83a88915af6b8e84eb646b499cf402a56e9,contract_manifest,SUCCESS
MAMBA_PHY_K32_AUX,A_reference_sequence_terminal_proxy,RLOG_EQEXP_v1,equivalent_exposure_progress_v1,reference_pure_torch_ssd_mamba2_verified_adapter_v1,1,17,119,4486fa4d53bbf751a3d10e2c5b25183080cc16f5bdf4efb90b39cc2624483d66,formal,49.9108829498291,51.26988983154297,1.0187804655639392,5.446202754974365,27.373396874820394,1.4388542342688435,19.498821160909152,1.6000745740046989,32,5b6d52783114ea028ed934494570b83a88915af6b8e84eb646b499cf402a56e9,contract_manifest,SUCCESS
MAMBA_PHY_K32_AUX,A_reference_sequence_terminal_proxy,RLOG_EQEXP_v1,equivalent_exposure_progress_v1,reference_pure_torch_ssd_mamba2_verified_adapter_v1,1,17,152,5a980396e19821af9bce8aec5b7e8d7103f9b457a9ac9fe83f64b8696efa922d,pass_main,43.12703895568848,17.252050399780273,0.7189104258549036,1.1381328105926514,27.373396874820394,1.4388542342688435,19.498821160909152,1.6000745740046989,32,5b6d52783114ea028ed934494570b83a88915af6b8e84eb646b499cf402a56e9,contract_manifest,SUCCESS
MAMBA_PHY_K32_AUX,A_reference_sequence_terminal_proxy,RLOG_EQEXP_v1,equivalent_exposure_progress_v1,reference_pure_torch_ssd_mamba2_verified_adapter_v1,1,17,153,5a980396e19821af9bce8aec5b7e8d7103f9b457a9ac9fe83f64b8696efa922d,pass_main,0.0514282081276178,11.08266830444336,7.318895893690737,1.1333167552947998,27.373396874820394,1.4388542342688435,19.498821160909152,1.6000745740046989,32,5b6d52783114ea028ed934494570b83a88915af6b8e84eb646b499cf402a56e9,contract_manifest,SUCCESS
MAMBA_PHY_K32_AUX,A_reference_sequence_terminal_proxy,RLOG_EQEXP_v1,equivalent_exposure_progress_v1,reference_pure_torch_ssd_mamba2_verified_adapter_v1,1,17,154,5a980396e19821af9bce8aec5b7e8d7103f9b457a9ac9fe83f64b8696efa922d,pass_main,26.92369270324707,13.11251163482666,6.211116327284171,1.1371254920959473,27.373396874820394,1.4388542342688435,19.498821160909152,1.6000745740046989,32,5b6d52783114ea028ed934494570b83a88915af6b8e84eb646b499cf402a56e9,contract_manifest,SUCCESS
MAMBA_PHY_K32_AUX,A_reference_sequence_terminal_proxy,RLOG_EQEXP_v1,equivalent_exposure_progress_v1,reference_pure_torch_ssd_mamba2_verified_adapter_v1,1,17,155,5a980396e19821af9bce8aec5b7e8d7103f9b457a9ac9fe83f64b8696efa922d,pass_main,37.00133514404297,15.173833847045898,2.293998455213574,1.1390587091445923,27.373396874820394,1.4388542342688435,19.498821160909152,1.6000745740046989,32,5b6d52783114ea028ed934494570b83a88915af6b8e84eb646b499cf402a56e9,contract_manifest,SUCCESS
MAMBA_PHY_K32_AUX,A_reference_sequence_terminal_proxy,RLOG_EQEXP_v1,equivalent_exposure_progress_v1,reference_pure_torch_ssd_mamba2_verified_adapter_v1,1,17,156,ce339b490e43317abbeef86cc4b7c5d3ea5412190fa2f7aa0a000aec58a81233,pass_main,28.758760452270508,21.60727882385254,0.4026500084741137,1.219207763671875,27.373396874820394,1.4388542342688435,19.498821160909152,1.6000745740046989,32,5b6d52783114ea028ed934494570b83a88915af6b8e84eb646b499cf402a56e9,contract_manifest,SUCCESS
MAMBA_PHY_K32_AUX,A_reference_sequence_terminal_proxy,RLOG_EQEXP_v1,equivalent_exposure_progress_v1,reference_pure_torch_ssd_mamba2_verified_adapter_v1,1,17,157,ce339b490e43317abbeef86cc4b7c5d3ea5412190fa2f7aa0a000aec58a81233,pass_main,16.298232078552246,15.844369888305664,1.144065278721769,1.1933317184448242,27.373396874820394,1.4388542342688435,19.498821160909152,1.6000745740046989,32,5b6d52783114ea028ed934494570b83a88915af6b8e84eb646b499cf402a56e9,contract_manifest,SUCCESS
MAMBA_PHY_K32_AUX,A_reference_sequence_terminal_proxy,RLOG_EQEXP_v1,equivalent_exposure_progress_v1,reference_pure_torch_ssd_mamba2_verified_adapter_v1,1,17,158,ce339b490e43317abbeef86cc4b7c5d3ea5412190fa2f7aa0a000aec58a81233,pass_main,23.470155715942383,18.734054565429688,0.39652005166338705,1.2074775695800781,27.373396874820394,1.4388542342688435,19.498821160909152,1.6000745740046989,32,5b6d52783114ea028ed934494570b83a88915af6b8e84eb646b499cf402a56e9,contract_manifest,SUCCESS
MAMBA_PHY_K32_AUX,A_reference_sequence_terminal_proxy,RLOG_EQEXP_v1,equivalent_exposure_progress_v1,reference_pure_torch_ssd_mamba2_verified_adapter_v1,1,17,159,ce339b490e43317abbeef86cc4b7c5d3ea5412190fa2f7aa0a000aec58a81233,pass_main,8.48162031173706,12.944889068603516,0.827945789795427,1.177863359451294,27.373396874820394,1.4388542342688435,19.498821160909152,1.6000745740046989,32,5b6d52783114ea028ed934494570b83a88915af6b8e84eb646b499cf402a56e9,contract_manifest,SUCCESS
MAMBA_PHY_K32_AUX,A_reference_sequence_terminal_proxy,RLOG_EQEXP_v1,equivalent_exposure_progress_v1,reference_pure_torch_ssd_mamba2_verified_adapter_v1,1,17,172,0636ac9ba108ea692d11884ee67cb57b21b11571cdea98193cd247df27d8cdcd,pass_main,3.185724258422852,11.55217170715332,0.551490630600713,1.0990828275680542,27.373396874820394,1.4388542342688435,19.498821160909152,1.6000745740046989,32,5b6d52783114ea028ed934494570b83a88915af6b8e84eb646b499cf402a56e9,contract_manifest,SUCCESS
MAMBA_PHY_K32_AUX,A_reference_sequence_terminal_proxy,RLOG_EQEXP_v1,equivalent_exposure_progress_v1,reference_pure_torch_ssd_mamba2_verified_adapter_v1,1,17,173,0636ac9ba108ea692d11884ee67cb57b21b11571cdea98193cd247df27d8cdcd,pass_main,5.091886281967163,12.527216911315918,0.5267186981859265,1.0852106809616089,27.373396874820394,1.4388542342688435,19.498821160909152,1.6000745740046989,32,5b6d52783114ea028ed934494570b83a88915af6b8e84eb646b499cf402a56e9,contract_manifest,SUCCESS
MAMBA_PHY_K32_AUX,A_reference_sequence_terminal_proxy,RLOG_EQEXP_v1,equivalent_exposure_progress_v1,reference_pure_torch_ssd_mamba2_verified_adapter_v1,1,17,174,0636ac9ba108ea692d11884ee67cb57b21b11571cdea98193cd247df27d8cdcd,pass_main,1.2931949496269226,10.60399341583252,0.42984885587420957,1.1090826988220215,27.373396874820394,1.4388542342688435,19.498821160909152,1.6000745740046989,32,5b6d52783114ea028ed934494570b83a88915af6b8e84eb646b499cf402a56e9,contract_manifest,SUCCESS
MAMBA_PHY_K32_AUX,A_reference_sequence_terminal_proxy,RLOG_EQEXP_v1,equivalent_exposure_progress_v1,reference_pure_torch_ssd_mamba2_verified_adapter_v1,1,17,175,0636ac9ba108ea692d11884ee67cb57b21b11571cdea98193cd247df27d8cdcd,pass_main,7.14370059967041,13.52426528930664,0.7577237433572577,1.066741704940796,27.373396874820394,1.4388542342688435,19.498821160909152,1.6000745740046989,32,5b6d52783114ea028ed934494570b83a88915af6b8e84eb646b499cf402a56e9,contract_manifest,SUCCESS
CONST_DQ,A_reference_sequence_terminal_proxy,NONE,equivalent_exposure_progress_v1,torch_terminal_v1,2,17,7,b81f1a89267dc027a918d7fdd21883843b646707941bd3c6b1588ddfa55e2354,formal,2.632662534713745,28.76492780156083,1.0847713678704898,1.3935694089253916,28.76492780156083,1.3935694089253916,19.360233796399456,1.811102019570966,0,20cc65e25e91b1d7dab98f6bc18f073bb5012d2480ca56df00a884f3ea93ff1f,contract_manifest,SUCCESS
CONST_DQ,A_reference_sequence_terminal_proxy,NONE,equivalent_exposure_progress_v1,torch_terminal_v1,2,17,11,96862a41ec960ce1e9ac06b48dad2308ccd05ed8299c6010ee55bc2d7729a83b,formal,17.736404418945312,28.76492780156083,0.717252593093317,1.3935694089253916,28.76492780156083,1.3935694089253916,19.360233796399456,1.811102019570966,0,20cc65e25e91b1d7dab98f6bc18f073bb5012d2480ca56df00a884f3ea93ff1f,contract_manifest,SUCCESS
CONST_DQ,A_reference_sequence_terminal_proxy,NONE,equivalent_exposure_progress_v1,torch_terminal_v1,2,17,14,5d358d88eb01d2343e2814639067c269c27e39a1913ae399dbdce8aae7ccfc5a,formal,6.098482370376587,28.76492780156083,1.6891952901381333,1.3935694089253916,28.76492780156083,1.3935694089253916,19.360233796399456,1.811102019570966,0,20cc65e25e91b1d7dab98f6bc18f073bb5012d2480ca56df00a884f3ea93ff1f,contract_manifest,SUCCESS
CONST_DQ,A_reference_sequence_terminal_proxy,NONE,equivalent_exposure_progress_v1,torch_terminal_v1,2,17,21,3e82fb2a6944aaa8f9f1da3121bc0805ed614903c8e64509a2e7f66c19e70db5,formal,49.31291389465332,28.76492780156083,1.363387052663027,1.3935694089253916,28.76492780156083,1.3935694089253916,19.360233796399456,1.811102019570966,0,20cc65e25e91b1d7dab98f6bc18f073bb5012d2480ca56df00a884f3ea93ff1f,contract_manifest,SUCCESS
CONST_DQ,A_reference_sequence_terminal_proxy,NONE,equivalent_exposure_progress_v1,torch_terminal_v1,2,17,23,1cc20ba113bb8c81584260fdfdb122fb5f8380ab4610533dedf6e7951b5dd601,formal,65.08415985107422,28.76492780156083,6.757139793441747,1.3935694089253916,28.76492780156083,1.3935694089253916,19.360233796399456,1.811102019570966,0,20cc65e25e91b1d7dab98f6bc18f073bb5012d2480ca56df00a884f3ea93ff1f,contract_manifest,SUCCESS
CONST_DQ,A_reference_sequence_terminal_proxy,NONE,equivalent_exposure_progress_v1,torch_terminal_v1,2,17,30,4f7fcbe1719005d11d07758bb4161ee87609b38be4446916dc57c94322330ae2,formal,10.066497802734377,28.76492780156083,0.5302255401715978,1.3935694089253916,28.76492780156083,1.3935694089253916,19.360233796399456,1.811102019570966,0,20cc65e25e91b1d7dab98f6bc18f073bb5012d2480ca56df00a884f3ea93ff1f,contract_manifest,SUCCESS
CONST_DQ,A_reference_sequence_terminal_proxy,NONE,equivalent_exposure_progress_v1,torch_terminal_v1,2,17,31,cc255d9703401474177cd4c742d77bceb1d9a5aa17481d0048411b58ddf9c519,formal,48.365509033203125,28.76492780156083,0.8592239110949081,1.3935694089253916,28.76492780156083,1.3935694089253916,19.360233796399456,1.811102019570966,0,20cc65e25e91b1d7dab98f6bc18f073bb5012d2480ca56df00a884f3ea93ff1f,contract_manifest,SUCCESS
CONST_DQ,A_reference_sequence_terminal_proxy,NONE,equivalent_exposure_progress_v1,torch_terminal_v1,2,17,39,fa5882873103aa52140e4b087c0124ec6f5e29a6267b8238115a0afb2f7a75eb,formal,57.65474891662598,28.76492780156083,1.973881005435518,1.3935694089253916,28.76492780156083,1.3935694089253916,19.360233796399456,1.811102019570966,0,20cc65e25e91b1d7dab98f6bc18f073bb5012d2480ca56df00a884f3ea93ff1f,contract_manifest,SUCCESS
CONST_DQ,A_reference_sequence_terminal_proxy,NONE,equivalent_exposure_progress_v1,torch_terminal_v1,2,17,57,f0e4294642b1a1d56a09f022ec59ba54f596ca071c05c95e9a89b119c00e9ae1,formal,43.48048782348633,28.76492780156083,3.8775169520942554,1.3935694089253916,28.76492780156083,1.3935694089253916,19.360233796399456,1.811102019570966,0,20cc65e25e91b1d7dab98f6bc18f073bb5012d2480ca56df00a884f3ea93ff1f,contract_manifest,SUCCESS
CONST_DQ,A_reference_sequence_terminal_proxy,NONE,equivalent_exposure_progress_v1,torch_terminal_v1,2,17,58,dcd7753890fd5e4806443cbb1eb645812b56676ad786ed6852a88a3ae37ecc00,formal,53.0235481262207,28.76492780156083,2.927520009813267,1.3935694089253916,28.76492780156083,1.3935694089253916,19.360233796399456,1.811102019570966,0,20cc65e25e91b1d7dab98f6bc18f073bb5012d2480ca56df00a884f3ea93ff1f,contract_manifest,SUCCESS
CONST_DQ,A_reference_sequence_terminal_proxy,NONE,equivalent_exposure_progress_v1,torch_terminal_v1,2,17,61,27f9c2a5e9e9837f62e328ff7681122675461e3fa07ddc90e774eb32d77dfefe,formal,60.34411811828613,28.76492780156083,1.7809342625445705,1.3935694089253916,28.76492780156083,1.3935694089253916,19.360233796399456,1.811102019570966,0,20cc65e25e91b1d7dab98f6bc18f073bb5012d2480ca56df00a884f3ea93ff1f,contract_manifest,SUCCESS
CONST_DQ,A_reference_sequence_terminal_proxy,NONE,equivalent_exposure_progress_v1,torch_terminal_v1,2,17,62,8cb487efdeec8957db1548e3c5027ee452ca503d6299e7f8b3a632b250e0bbeb,formal,58.803592681884766,28.76492780156083,2.3770510351257603,1.3935694089253916,28.76492780156083,1.3935694089253916,19.360233796399456,1.811102019570966,0,20cc65e25e91b1d7dab98f6bc18f073bb5012d2480ca56df00a884f3ea93ff1f,contract_manifest,SUCCESS
CONST_DQ,A_reference_sequence_terminal_proxy,NONE,equivalent_exposure_progress_v1,torch_terminal_v1,2,17,68,490f0a2476932f3c7f1932dc7c133abf7735511d7855876732c3cf2717a5b4d2,formal,6.6173996925354,28.76492780156083,0.769957951697351,1.3935694089253916,28.76492780156083,1.3935694089253916,19.360233796399456,1.811102019570966,0,20cc65e25e91b1d7dab98f6bc18f073bb5012d2480ca56df00a884f3ea93ff1f,contract_manifest,SUCCESS
CONST_DQ,A_reference_sequence_terminal_proxy,NONE,equivalent_exposure_progress_v1,torch_terminal_v1,2,17,69,a66b6dc7b4704a9101a0e60a1255a3abc6f7232965acf4b58eede6695289d371,formal,59.64018630981445,28.76492780156083,4.131675070725286,1.3935694089253916,28.76492780156083,1.3935694089253916,19.360233796399456,1.811102019570966,0,20cc65e25e91b1d7dab98f6bc18f073bb5012d2480ca56df00a884f3ea93ff1f,contract_manifest,SUCCESS
CONST_DQ,A_reference_sequence_terminal_proxy,NONE,equivalent_exposure_progress_v1,torch_terminal_v1,2,17,72,667b6d7862b280420085ba92043a58aa349ba085b9a5909efe1a2454f039b81c,formal,27.42224597930908,28.76492780156083,0.40046928630133605,1.3935694089253916,28.76492780156083,1.3935694089253916,19.360233796399456,1.811102019570966,0,20cc65e25e91b1d7dab98f6bc18f073bb5012d2480ca56df00a884f3ea93ff1f,contract_manifest,SUCCESS
CONST_DQ,A_reference_sequence_terminal_proxy,NONE,equivalent_exposure_progress_v1,torch_terminal_v1,2,17,77,c0b782de4cab74d31dbb6310a3fb14d80c1a612738376b38f73168275f3d5835,formal,4.457285404205322,28.76492780156083,0.7181510701957228,1.3935694089253916,28.76492780156083,1.3935694089253916,19.360233796399456,1.811102019570966,0,20cc65e25e91b1d7dab98f6bc18f073bb5012d2480ca56df00a884f3ea93ff1f,contract_manifest,SUCCESS
CONST_DQ,A_reference_sequence_terminal_proxy,NONE,equivalent_exposure_progress_v1,torch_terminal_v1,2,17,82,311de2710d82b7b2af003a68d0d7e82ea572a37f529862ef628537ec86267771,formal,45.0401725769043,28.76492780156083,6.533538265446023,1.3935694089253916,28.76492780156083,1.3935694089253916,19.360233796399456,1.811102019570966,0,20cc65e25e91b1d7dab98f6bc18f073bb5012d2480ca56df00a884f3ea93ff1f,contract_manifest,SUCCESS
CONST_DQ,A_reference_sequence_terminal_proxy,NONE,equivalent_exposure_progress_v1,torch_terminal_v1,2,17,96,584ec920fea64939745a3279fa08a18784d72ad5b54faa9e3860724e211e900e,formal,29.391660690307617,28.76492780156083,0.4782446978786253,1.3935694089253916,28.76492780156083,1.3935694089253916,19.360233796399456,1.811102019570966,0,20cc65e25e91b1d7dab98f6bc18f073bb5012d2480ca56df00a884f3ea93ff1f,contract_manifest,SUCCESS
CONST_DQ,A_reference_sequence_terminal_proxy,NONE,equivalent_exposure_progress_v1,torch_terminal_v1,2,17,99,5bafa2031158613ec5ac194a73c6ba6733b719e1c6b5709ddab17673dd22324b,formal,0.1551136970520019,28.76492780156083,0.2791399824679966,1.3935694089253916,28.76492780156083,1.3935694089253916,19.360233796399456,1.811102019570966,0,20cc65e25e91b1d7dab98f6bc18f073bb5012d2480ca56df00a884f3ea93ff1f,contract_manifest,SUCCESS
CONST_DQ,A_reference_sequence_terminal_proxy,NONE,equivalent_exposure_progress_v1,torch_terminal_v1,2,17,100,5bafa2031158613ec5ac194a73c6ba6733b719e1c6b5709ddab17673dd22324b,formal,3.722853064537048,28.76492780156083,0.29690972411381644,1.3935694089253916,28.76492780156083,1.3935694089253916,19.360233796399456,1.811102019570966,0,20cc65e25e91b1d7dab98f6bc18f073bb5012d2480ca56df00a884f3ea93ff1f,contract_manifest,SUCCESS
CONST_DQ,A_reference_sequence_terminal_proxy,NONE,equivalent_exposure_progress_v1,torch_terminal_v1,2,17,106,e29ed08b013b66b938382bc561703ae8b895cd02313b3ff67a6519c6bef1be82,formal,4.333580017089844,28.76492780156083,0.6832595593958153,1.3935694089253916,28.76492780156083,1.3935694089253916,19.360233796399456,1.811102019570966,0,20cc65e25e91b1d7dab98f6bc18f073bb5012d2480ca56df00a884f3ea93ff1f,contract_manifest,SUCCESS
CONST_DQ,A_reference_sequence_terminal_proxy,NONE,equivalent_exposure_progress_v1,torch_terminal_v1,2,17,107,e29ed08b013b66b938382bc561703ae8b895cd02313b3ff67a6519c6bef1be82,formal,15.745314598083496,28.76492780156083,0.4795292163535364,1.3935694089253916,28.76492780156083,1.3935694089253916,19.360233796399456,1.811102019570966,0,20cc65e25e91b1d7dab98f6bc18f073bb5012d2480ca56df00a884f3ea93ff1f,contract_manifest,SUCCESS
CONST_DQ,A_reference_sequence_terminal_proxy,NONE,equivalent_exposure_progress_v1,torch_terminal_v1,2,17,111,0f06b9d9a003e06bd9303307516e78c675a42cbcdeba2c3cbbfe145587fa0664,formal,19.06198024749756,28.76492780156083,1.7888696872525427,1.3935694089253916,28.76492780156083,1.3935694089253916,19.360233796399456,1.811102019570966,0,20cc65e25e91b1d7dab98f6bc18f073bb5012d2480ca56df00a884f3ea93ff1f,contract_manifest,SUCCESS
CONST_DQ,A_reference_sequence_terminal_proxy,NONE,equivalent_exposure_progress_v1,torch_terminal_v1,2,17,113,79b084fe655b9290a759644a3b54967388aea9f801c7c8088d2f2fe2ffd2ec9a,formal,46.77769660949707,28.76492780156083,2.296400590463846,1.3935694089253916,28.76492780156083,1.3935694089253916,19.360233796399456,1.811102019570966,0,20cc65e25e91b1d7dab98f6bc18f073bb5012d2480ca56df00a884f3ea93ff1f,contract_manifest,SUCCESS
CONST_DQ,A_reference_sequence_terminal_proxy,NONE,equivalent_exposure_progress_v1,torch_terminal_v1,2,17,144,2282a691149bdb2299e5997fdb0464cdb01fb8dc4c6321b154bc3e66598f5484,pass_main,40.296024322509766,28.76492780156083,1.032547201965241,1.3935694089253916,28.76492780156083,1.3935694089253916,19.360233796399456,1.811102019570966,0,20cc65e25e91b1d7dab98f6bc18f073bb5012d2480ca56df00a884f3ea93ff1f,contract_manifest,SUCCESS
CONST_DQ,A_reference_sequence_terminal_proxy,NONE,equivalent_exposure_progress_v1,torch_terminal_v1,2,17,145,2282a691149bdb2299e5997fdb0464cdb01fb8dc4c6321b154bc3e66598f5484,pass_main,30.32354736328125,28.76492780156083,0.6489329981742521,1.3935694089253916,28.76492780156083,1.3935694089253916,19.360233796399456,1.811102019570966,0,20cc65e25e91b1d7dab98f6bc18f073bb5012d2480ca56df00a884f3ea93ff1f,contract_manifest,SUCCESS
CONST_DQ,A_reference_sequence_terminal_proxy,NONE,equivalent_exposure_progress_v1,torch_terminal_v1,2,17,146,2282a691149bdb2299e5997fdb0464cdb01fb8dc4c6321b154bc3e66598f5484,pass_main,36.139909744262695,28.76492780156083,0.657148774071851,1.3935694089253916,28.76492780156083,1.3935694089253916,19.360233796399456,1.811102019570966,0,20cc65e25e91b1d7dab98f6bc18f073bb5012d2480ca56df00a884f3ea93ff1f,contract_manifest,SUCCESS
CONST_DQ,A_reference_sequence_terminal_proxy,NONE,equivalent_exposure_progress_v1,torch_terminal_v1,2,17,147,2282a691149bdb2299e5997fdb0464cdb01fb8dc4c6321b154bc3e66598f5484,pass_main,18.330870628356934,28.76492780156083,1.663141406080464,1.3935694089253916,28.76492780156083,1.3935694089253916,19.360233796399456,1.811102019570966,0,20cc65e25e91b1d7dab98f6bc18f073bb5012d2480ca56df00a884f3ea93ff1f,contract_manifest,SUCCESS
CONST_DQ,A_reference_sequence_terminal_proxy,NONE,equivalent_exposure_progress_v1,torch_terminal_v1,2,17,180,8a8473e9b2ce9f38abfa999c0e58f70d83edb9b52cced02647e66c88c0e8faa0,pass_main,30.35521411895752,28.76492780156083,0.653953408572333,1.3935694089253916,28.76492780156083,1.3935694089253916,19.360233796399456,1.811102019570966,0,20cc65e25e91b1d7dab98f6bc18f073bb5012d2480ca56df00a884f3ea93ff1f,contract_manifest,SUCCESS
CONST_DQ,A_reference_sequence_terminal_proxy,NONE,equivalent_exposure_progress_v1,torch_terminal_v1,2,17,181,8a8473e9b2ce9f38abfa999c0e58f70d83edb9b52cced02647e66c88c0e8faa0,pass_main,36.61757659912109,28.76492780156083,0.8616659343812317,1.3935694089253916,28.76492780156083,1.3935694089253916,19.360233796399456,1.811102019570966,0,20cc65e25e91b1d7dab98f6bc18f073bb5012d2480ca56df00a884f3ea93ff1f,contract_manifest,SUCCESS
CONST_DQ,A_reference_sequence_terminal_proxy,NONE,equivalent_exposure_progress_v1,torch_terminal_v1,2,17,182,8a8473e9b2ce9f38abfa999c0e58f70d83edb9b52cced02647e66c88c0e8faa0,pass_main,6.812788248062134,28.76492780156083,2.782968189682732,1.3935694089253916,28.76492780156083,1.3935694089253916,19.360233796399456,1.811102019570966,0,20cc65e25e91b1d7dab98f6bc18f073bb5012d2480ca56df00a884f3ea93ff1f,contract_manifest,SUCCESS
CONST_DQ,A_reference_sequence_terminal_proxy,NONE,equivalent_exposure_progress_v1,torch_terminal_v1,2,17,183,8a8473e9b2ce9f38abfa999c0e58f70d83edb9b52cced02647e66c88c0e8faa0,pass_main,22.358110427856445,28.76492780156083,1.466812795297333,1.3935694089253916,28.76492780156083,1.3935694089253916,19.360233796399456,1.811102019570966,0,20cc65e25e91b1d7dab98f6bc18f073bb5012d2480ca56df00a884f3ea93ff1f,contract_manifest,SUCCESS
CONST_DQ,A_reference_sequence_terminal_proxy,NONE,equivalent_exposure_progress_v1,torch_terminal_v1,2,17,192,d0df1d7856526ff46e44dab7ece16ff8ecaf11df5adb1ff1426e78164cf4fdb0,pass_main,7.682702541351318,28.76492780156083,0.5528463906595573,1.3935694089253916,28.76492780156083,1.3935694089253916,19.360233796399456,1.811102019570966,0,20cc65e25e91b1d7dab98f6bc18f073bb5012d2480ca56df00a884f3ea93ff1f,contract_manifest,SUCCESS
CONST_DQ,A_reference_sequence_terminal_proxy,NONE,equivalent_exposure_progress_v1,torch_terminal_v1,2,17,193,d0df1d7856526ff46e44dab7ece16ff8ecaf11df5adb1ff1426e78164cf4fdb0,pass_main,1.2347824573516846,28.76492780156083,0.3632668159670156,1.3935694089253916,28.76492780156083,1.3935694089253916,19.360233796399456,1.811102019570966,0,20cc65e25e91b1d7dab98f6bc18f073bb5012d2480ca56df00a884f3ea93ff1f,contract_manifest,SUCCESS
CONST_DQ,A_reference_sequence_terminal_proxy,NONE,equivalent_exposure_progress_v1,torch_terminal_v1,2,17,194,d0df1d7856526ff46e44dab7ece16ff8ecaf11df5adb1ff1426e78164cf4fdb0,pass_main,3.71956479549408,28.76492780156083,0.4070402328732997,1.3935694089253916,28.76492780156083,1.3935694089253916,19.360233796399456,1.811102019570966,0,20cc65e25e91b1d7dab98f6bc18f073bb5012d2480ca56df00a884f3ea93ff1f,contract_manifest,SUCCESS
CONST_DQ,A_reference_sequence_terminal_proxy,NONE,equivalent_exposure_progress_v1,torch_terminal_v1,2,17,195,d0df1d7856526ff46e44dab7ece16ff8ecaf11df5adb1ff1426e78164cf4fdb0,pass_main,5.976794481277466,28.76492780156083,0.4006720230611883,1.3935694089253916,28.76492780156083,1.3935694089253916,19.360233796399456,1.811102019570966,0,20cc65e25e91b1d7dab98f6bc18f073bb5012d2480ca56df00a884f3ea93ff1f,contract_manifest,SUCCESS
TREE_U_DQ,A_reference_sequence_terminal_proxy,NONE,equivalent_exposure_progress_v1,torch_terminal_v1,2,17,7,b81f1a89267dc027a918d7fdd21883843b646707941bd3c6b1588ddfa55e2354,formal,2.632662534713745,3.9760412480351026,1.0847713678704898,0.5052337059445932,28.76492780156083,1.3935694089253916,19.360233796399456,1.811102019570966,0,b2dae0e3b82e80799a2ff081f231704a954d4856e4acfb84a008e881f822da2a,contract_manifest,SUCCESS
TREE_U_DQ,A_reference_sequence_terminal_proxy,NONE,equivalent_exposure_progress_v1,torch_terminal_v1,2,17,11,96862a41ec960ce1e9ac06b48dad2308ccd05ed8299c6010ee55bc2d7729a83b,formal,17.736404418945312,27.955437926958492,0.717252593093317,1.1344477391873533,28.76492780156083,1.3935694089253916,19.360233796399456,1.811102019570966,0,b2dae0e3b82e80799a2ff081f231704a954d4856e4acfb84a008e881f822da2a,contract_manifest,SUCCESS
TREE_U_DQ,A_reference_sequence_terminal_proxy,NONE,equivalent_exposure_progress_v1,torch_terminal_v1,2,17,14,5d358d88eb01d2343e2814639067c269c27e39a1913ae399dbdce8aae7ccfc5a,formal,6.098482370376587,7.906504157756902,1.6891952901381333,1.6616675031886583,28.76492780156083,1.3935694089253916,19.360233796399456,1.811102019570966,0,b2dae0e3b82e80799a2ff081f231704a954d4856e4acfb84a008e881f822da2a,contract_manifest,SUCCESS
TREE_U_DQ,A_reference_sequence_terminal_proxy,NONE,equivalent_exposure_progress_v1,torch_terminal_v1,2,17,21,3e82fb2a6944aaa8f9f1da3121bc0805ed614903c8e64509a2e7f66c19e70db5,formal,49.31291389465332,46.35796458161065,1.363387052663027,2.1539853464790055,28.76492780156083,1.3935694089253916,19.360233796399456,1.811102019570966,0,b2dae0e3b82e80799a2ff081f231704a954d4856e4acfb84a008e881f822da2a,contract_manifest,SUCCESS
TREE_U_DQ,A_reference_sequence_terminal_proxy,NONE,equivalent_exposure_progress_v1,torch_terminal_v1,2,17,23,1cc20ba113bb8c81584260fdfdb122fb5f8380ab4610533dedf6e7951b5dd601,formal,65.08415985107422,52.28299664075784,6.757139793441747,1.8649845250137564,28.76492780156083,1.3935694089253916,19.360233796399456,1.811102019570966,0,b2dae0e3b82e80799a2ff081f231704a954d4856e4acfb84a008e881f822da2a,contract_manifest,SUCCESS
TREE_U_DQ,A_reference_sequence_terminal_proxy,NONE,equivalent_exposure_progress_v1,torch_terminal_v1,2,17,30,4f7fcbe1719005d11d07758bb4161ee87609b38be4446916dc57c94322330ae2,formal,10.066497802734377,15.856262458341483,0.5302255401715978,0.9108999087618874,28.76492780156083,1.3935694089253916,19.360233796399456,1.811102019570966,0,b2dae0e3b82e80799a2ff081f231704a954d4856e4acfb84a008e881f822da2a,contract_manifest,SUCCESS
TREE_U_DQ,A_reference_sequence_terminal_proxy,NONE,equivalent_exposure_progress_v1,torch_terminal_v1,2,17,31,cc255d9703401474177cd4c742d77bceb1d9a5aa17481d0048411b58ddf9c519,formal,48.365509033203125,39.722851469368265,0.8592239110949081,1.3313196515604973,28.76492780156083,1.3935694089253916,19.360233796399456,1.811102019570966,0,b2dae0e3b82e80799a2ff081f231704a954d4856e4acfb84a008e881f822da2a,contract_manifest,SUCCESS
TREE_U_DQ,A_reference_sequence_terminal_proxy,NONE,equivalent_exposure_progress_v1,torch_terminal_v1,2,17,39,fa5882873103aa52140e4b087c0124ec6f5e29a6267b8238115a0afb2f7a75eb,formal,57.65474891662598,53.51881666079772,1.973881005435518,2.3014799985717915,28.76492780156083,1.3935694089253916,19.360233796399456,1.811102019570966,0,b2dae0e3b82e80799a2ff081f231704a954d4856e4acfb84a008e881f822da2a,contract_manifest,SUCCESS
TREE_U_DQ,A_reference_sequence_terminal_proxy,NONE,equivalent_exposure_progress_v1,torch_terminal_v1,2,17,57,f0e4294642b1a1d56a09f022ec59ba54f596ca071c05c95e9a89b119c00e9ae1,formal,43.48048782348633,42.27962890290075,3.8775169520942554,1.0701569042747934,28.76492780156083,1.3935694089253916,19.360233796399456,1.811102019570966,0,b2dae0e3b82e80799a2ff081f231704a954d4856e4acfb84a008e881f822da2a,contract_manifest,SUCCESS
TREE_U_DQ,A_reference_sequence_terminal_proxy,NONE,equivalent_exposure_progress_v1,torch_terminal_v1,2,17,58,dcd7753890fd5e4806443cbb1eb645812b56676ad786ed6852a88a3ae37ecc00,formal,53.0235481262207,48.71625201313839,2.927520009813267,1.3608283356825477,28.76492780156083,1.3935694089253916,19.360233796399456,1.811102019570966,0,b2dae0e3b82e80799a2ff081f231704a954d4856e4acfb84a008e881f822da2a,contract_manifest,SUCCESS
TREE_U_DQ,A_reference_sequence_terminal_proxy,NONE,equivalent_exposure_progress_v1,torch_terminal_v1,2,17,61,27f9c2a5e9e9837f62e328ff7681122675461e3fa07ddc90e774eb32d77dfefe,formal,60.34411811828613,53.27084356541098,1.7809342625445705,2.575910102938635,28.76492780156083,1.3935694089253916,19.360233796399456,1.811102019570966,0,b2dae0e3b82e80799a2ff081f231704a954d4856e4acfb84a008e881f822da2a,contract_manifest,SUCCESS
TREE_U_DQ,A_reference_sequence_terminal_proxy,NONE,equivalent_exposure_progress_v1,torch_terminal_v1,2,17,62,8cb487efdeec8957db1548e3c5027ee452ca503d6299e7f8b3a632b250e0bbeb,formal,58.803592681884766,46.76457392279303,2.3770510351257603,1.5359208036675,28.76492780156083,1.3935694089253916,19.360233796399456,1.811102019570966,0,b2dae0e3b82e80799a2ff081f231704a954d4856e4acfb84a008e881f822da2a,contract_manifest,SUCCESS
TREE_U_DQ,A_reference_sequence_terminal_proxy,NONE,equivalent_exposure_progress_v1,torch_terminal_v1,2,17,68,490f0a2476932f3c7f1932dc7c133abf7735511d7855876732c3cf2717a5b4d2,formal,6.6173996925354,21.83890996349324,0.769957951697351,4.246352347502026,28.76492780156083,1.3935694089253916,19.360233796399456,1.811102019570966,0,b2dae0e3b82e80799a2ff081f231704a954d4856e4acfb84a008e881f822da2a,contract_manifest,SUCCESS
TREE_U_DQ,A_reference_sequence_terminal_proxy,NONE,equivalent_exposure_progress_v1,torch_terminal_v1,2,17,69,a66b6dc7b4704a9101a0e60a1255a3abc6f7232965acf4b58eede6695289d371,formal,59.64018630981445,50.31653838281022,4.131675070725286,2.153856195436918,28.76492780156083,1.3935694089253916,19.360233796399456,1.811102019570966,0,b2dae0e3b82e80799a2ff081f231704a954d4856e4acfb84a008e881f822da2a,contract_manifest,SUCCESS
TREE_U_DQ,A_reference_sequence_terminal_proxy,NONE,equivalent_exposure_progress_v1,torch_terminal_v1,2,17,72,667b6d7862b280420085ba92043a58aa349ba085b9a5909efe1a2454f039b81c,formal,27.42224597930908,18.181016962742994,0.40046928630133605,0.37889980502464327,28.76492780156083,1.3935694089253916,19.360233796399456,1.811102019570966,0,b2dae0e3b82e80799a2ff081f231704a954d4856e4acfb84a008e881f822da2a,contract_manifest,SUCCESS
TREE_U_DQ,A_reference_sequence_terminal_proxy,NONE,equivalent_exposure_progress_v1,torch_terminal_v1,2,17,77,c0b782de4cab74d31dbb6310a3fb14d80c1a612738376b38f73168275f3d5835,formal,4.457285404205322,8.648035725573378,0.7181510701957228,1.0223470822414196,28.76492780156083,1.3935694089253916,19.360233796399456,1.811102019570966,0,b2dae0e3b82e80799a2ff081f231704a954d4856e4acfb84a008e881f822da2a,contract_manifest,SUCCESS
TREE_U_DQ,A_reference_sequence_terminal_proxy,NONE,equivalent_exposure_progress_v1,torch_terminal_v1,2,17,82,311de2710d82b7b2af003a68d0d7e82ea572a37f529862ef628537ec86267771,formal,45.0401725769043,47.411153661115776,6.533538265446023,1.1581729892101433,28.76492780156083,1.3935694089253916,19.360233796399456,1.811102019570966,0,b2dae0e3b82e80799a2ff081f231704a954d4856e4acfb84a008e881f822da2a,contract_manifest,SUCCESS
TREE_U_DQ,A_reference_sequence_terminal_proxy,NONE,equivalent_exposure_progress_v1,torch_terminal_v1,2,17,96,584ec920fea64939745a3279fa08a18784d72ad5b54faa9e3860724e211e900e,formal,29.391660690307617,18.746904415352006,0.4782446978786253,0.3801307577595035,28.76492780156083,1.3935694089253916,19.360233796399456,1.811102019570966,0,b2dae0e3b82e80799a2ff081f231704a954d4856e4acfb84a008e881f822da2a,contract_manifest,SUCCESS
TREE_U_DQ,A_reference_sequence_terminal_proxy,NONE,equivalent_exposure_progress_v1,torch_terminal_v1,2,17,99,5bafa2031158613ec5ac194a73c6ba6733b719e1c6b5709ddab17673dd22324b,formal,0.1551136970520019,1.7335798168646557,0.2791399824679966,0.33370390467894284,28.76492780156083,1.3935694089253916,19.360233796399456,1.811102019570966,0,b2dae0e3b82e80799a2ff081f231704a954d4856e4acfb84a008e881f822da2a,contract_manifest,SUCCESS
TREE_U_DQ,A_reference_sequence_terminal_proxy,NONE,equivalent_exposure_progress_v1,torch_terminal_v1,2,17,100,5bafa2031158613ec5ac194a73c6ba6733b719e1c6b5709ddab17673dd22324b,formal,3.722853064537048,5.82189548940354,0.29690972411381644,0.40952020584327,28.76492780156083,1.3935694089253916,19.360233796399456,1.811102019570966,0,b2dae0e3b82e80799a2ff081f231704a954d4856e4acfb84a008e881f822da2a,contract_manifest,SUCCESS
TREE_U_DQ,A_reference_sequence_terminal_proxy,NONE,equivalent_exposure_progress_v1,torch_terminal_v1,2,17,106,e29ed08b013b66b938382bc561703ae8b895cd02313b3ff67a6519c6bef1be82,formal,4.333580017089844,8.653519981787943,0.6832595593958153,1.0231805622484302,28.76492780156083,1.3935694089253916,19.360233796399456,1.811102019570966,0,b2dae0e3b82e80799a2ff081f231704a954d4856e4acfb84a008e881f822da2a,contract_manifest,SUCCESS
TREE_U_DQ,A_reference_sequence_terminal_proxy,NONE,equivalent_exposure_progress_v1,torch_terminal_v1,2,17,107,e29ed08b013b66b938382bc561703ae8b895cd02313b3ff67a6519c6bef1be82,formal,15.745314598083496,24.095129988717613,0.4795292163535364,0.8007536291091747,28.76492780156083,1.3935694089253916,19.360233796399456,1.811102019570966,0,b2dae0e3b82e80799a2ff081f231704a954d4856e4acfb84a008e881f822da2a,contract_manifest,SUCCESS
TREE_U_DQ,A_reference_sequence_terminal_proxy,NONE,equivalent_exposure_progress_v1,torch_terminal_v1,2,17,111,0f06b9d9a003e06bd9303307516e78c675a42cbcdeba2c3cbbfe145587fa0664,formal,19.06198024749756,29.526589312175922,1.7888696872525427,1.3715891817025327,28.76492780156083,1.3935694089253916,19.360233796399456,1.811102019570966,0,b2dae0e3b82e80799a2ff081f231704a954d4856e4acfb84a008e881f822da2a,contract_manifest,SUCCESS
TREE_U_DQ,A_reference_sequence_terminal_proxy,NONE,equivalent_exposure_progress_v1,torch_terminal_v1,2,17,113,79b084fe655b9290a759644a3b54967388aea9f801c7c8088d2f2fe2ffd2ec9a,formal,46.77769660949707,47.22590268543786,2.296400590463846,1.2910477122986919,28.76492780156083,1.3935694089253916,19.360233796399456,1.811102019570966,0,b2dae0e3b82e80799a2ff081f231704a954d4856e4acfb84a008e881f822da2a,contract_manifest,SUCCESS
TREE_U_DQ,A_reference_sequence_terminal_proxy,NONE,equivalent_exposure_progress_v1,torch_terminal_v1,2,17,144,2282a691149bdb2299e5997fdb0464cdb01fb8dc4c6321b154bc3e66598f5484,pass_main,40.296024322509766,42.716199808431064,1.032547201965241,0.9809195595402025,28.76492780156083,1.3935694089253916,19.360233796399456,1.811102019570966,0,b2dae0e3b82e80799a2ff081f231704a954d4856e4acfb84a008e881f822da2a,contract_manifest,SUCCESS
TREE_U_DQ,A_reference_sequence_terminal_proxy,NONE,equivalent_exposure_progress_v1,torch_terminal_v1,2,17,145,2282a691149bdb2299e5997fdb0464cdb01fb8dc4c6321b154bc3e66598f5484,pass_main,30.32354736328125,33.10269356015374,0.6489329981742521,1.8687208616330437,28.76492780156083,1.3935694089253916,19.360233796399456,1.811102019570966,0,b2dae0e3b82e80799a2ff081f231704a954d4856e4acfb84a008e881f822da2a,contract_manifest,SUCCESS
TREE_U_DQ,A_reference_sequence_terminal_proxy,NONE,equivalent_exposure_progress_v1,torch_terminal_v1,2,17,146,2282a691149bdb2299e5997fdb0464cdb01fb8dc4c6321b154bc3e66598f5484,pass_main,36.139909744262695,38.36277426338579,0.657148774071851,1.2330440298555858,28.76492780156083,1.3935694089253916,19.360233796399456,1.811102019570966,0,b2dae0e3b82e80799a2ff081f231704a954d4856e4acfb84a008e881f822da2a,contract_manifest,SUCCESS
TREE_U_DQ,A_reference_sequence_terminal_proxy,NONE,equivalent_exposure_progress_v1,torch_terminal_v1,2,17,147,2282a691149bdb2299e5997fdb0464cdb01fb8dc4c6321b154bc3e66598f5484,pass_main,18.330870628356934,11.150406746595706,1.663141406080464,1.7490835972356873,28.76492780156083,1.3935694089253916,19.360233796399456,1.811102019570966,0,b2dae0e3b82e80799a2ff081f231704a954d4856e4acfb84a008e881f822da2a,contract_manifest,SUCCESS
TREE_U_DQ,A_reference_sequence_terminal_proxy,NONE,equivalent_exposure_progress_v1,torch_terminal_v1,2,17,180,8a8473e9b2ce9f38abfa999c0e58f70d83edb9b52cced02647e66c88c0e8faa0,pass_main,30.35521411895752,36.84650944730781,0.653953408572333,1.0908237546743353,28.76492780156083,1.3935694089253916,19.360233796399456,1.811102019570966,0,b2dae0e3b82e80799a2ff081f231704a954d4856e4acfb84a008e881f822da2a,contract_manifest,SUCCESS
TREE_U_DQ,A_reference_sequence_terminal_proxy,NONE,equivalent_exposure_progress_v1,torch_terminal_v1,2,17,181,8a8473e9b2ce9f38abfa999c0e58f70d83edb9b52cced02647e66c88c0e8faa0,pass_main,36.61757659912109,40.76273332782018,0.8616659343812317,1.006702860976589,28.76492780156083,1.3935694089253916,19.360233796399456,1.811102019570966,0,b2dae0e3b82e80799a2ff081f231704a954d4856e4acfb84a008e881f822da2a,contract_manifest,SUCCESS
TREE_U_DQ,A_reference_sequence_terminal_proxy,NONE,equivalent_exposure_progress_v1,torch_terminal_v1,2,17,182,8a8473e9b2ce9f38abfa999c0e58f70d83edb9b52cced02647e66c88c0e8faa0,pass_main,6.812788248062134,5.452736760237098,2.782968189682732,1.87731351071244,28.76492780156083,1.3935694089253916,19.360233796399456,1.811102019570966,0,b2dae0e3b82e80799a2ff081f231704a954d4856e4acfb84a008e881f822da2a,contract_manifest,SUCCESS
TREE_U_DQ,A_reference_sequence_terminal_proxy,NONE,equivalent_exposure_progress_v1,torch_terminal_v1,2,17,183,8a8473e9b2ce9f38abfa999c0e58f70d83edb9b52cced02647e66c88c0e8faa0,pass_main,22.358110427856445,27.17743867633745,1.466812795297333,1.4118993369560988,28.76492780156083,1.3935694089253916,19.360233796399456,1.811102019570966,0,b2dae0e3b82e80799a2ff081f231704a954d4856e4acfb84a008e881f822da2a,contract_manifest,SUCCESS
TREE_U_DQ,A_reference_sequence_terminal_proxy,NONE,equivalent_exposure_progress_v1,torch_terminal_v1,2,17,192,d0df1d7856526ff46e44dab7ece16ff8ecaf11df5adb1ff1426e78164cf4fdb0,pass_main,7.682702541351318,12.810136118142958,0.5528463906595573,0.6495503539037587,28.76492780156083,1.3935694089253916,19.360233796399456,1.811102019570966,0,b2dae0e3b82e80799a2ff081f231704a954d4856e4acfb84a008e881f822da2a,contract_manifest,SUCCESS
TREE_U_DQ,A_reference_sequence_terminal_proxy,NONE,equivalent_exposure_progress_v1,torch_terminal_v1,2,17,193,d0df1d7856526ff46e44dab7ece16ff8ecaf11df5adb1ff1426e78164cf4fdb0,pass_main,1.2347824573516846,5.604232836407047,0.3632668159670156,0.6557212221051906,28.76492780156083,1.3935694089253916,19.360233796399456,1.811102019570966,0,b2dae0e3b82e80799a2ff081f231704a954d4856e4acfb84a008e881f822da2a,contract_manifest,SUCCESS
TREE_U_DQ,A_reference_sequence_terminal_proxy,NONE,equivalent_exposure_progress_v1,torch_terminal_v1,2,17,194,d0df1d7856526ff46e44dab7ece16ff8ecaf11df5adb1ff1426e78164cf4fdb0,pass_main,3.71956479549408,8.787462147881127,0.4070402328732997,0.6252065785000729,28.76492780156083,1.3935694089253916,19.360233796399456,1.811102019570966,0,b2dae0e3b82e80799a2ff081f231704a954d4856e4acfb84a008e881f822da2a,contract_manifest,SUCCESS
TREE_U_DQ,A_reference_sequence_terminal_proxy,NONE,equivalent_exposure_progress_v1,torch_terminal_v1,2,17,195,d0df1d7856526ff46e44dab7ece16ff8ecaf11df5adb1ff1426e78164cf4fdb0,pass_main,5.976794481277466,10.695292727760961,0.4006720230611883,0.5664318410294739,28.76492780156083,1.3935694089253916,19.360233796399456,1.811102019570966,0,b2dae0e3b82e80799a2ff081f231704a954d4856e4acfb84a008e881f822da2a,contract_manifest,SUCCESS
STATIC_PHY_K4_AUX,A_reference_sequence_terminal_proxy,RLOG_EQEXP_v1,equivalent_exposure_progress_v1,torch_terminal_v1,2,17,7,b81f1a89267dc027a918d7fdd21883843b646707941bd3c6b1588ddfa55e2354,formal,2.632662534713745,3.0518243312835693,1.0847713678704898,1.100795865058899,28.76492780156083,1.3935694089253916,19.360233796399456,1.811102019570966,4,8a401b73679aff6e17c3187e4dd7048ab14ecc6fab50d9fe4aea6d5ccaf0c32c,contract_manifest,SUCCESS
STATIC_PHY_K4_AUX,A_reference_sequence_terminal_proxy,RLOG_EQEXP_v1,equivalent_exposure_progress_v1,torch_terminal_v1,2,17,11,96862a41ec960ce1e9ac06b48dad2308ccd05ed8299c6010ee55bc2d7729a83b,formal,17.736404418945312,13.43795108795166,0.717252593093317,1.3488922119140625,28.76492780156083,1.3935694089253916,19.360233796399456,1.811102019570966,4,8a401b73679aff6e17c3187e4dd7048ab14ecc6fab50d9fe4aea6d5ccaf0c32c,contract_manifest,SUCCESS
STATIC_PHY_K4_AUX,A_reference_sequence_terminal_proxy,RLOG_EQEXP_v1,equivalent_exposure_progress_v1,torch_terminal_v1,2,17,14,5d358d88eb01d2343e2814639067c269c27e39a1913ae399dbdce8aae7ccfc5a,formal,6.098482370376587,13.826470375061035,1.6891952901381333,1.3488922119140625,28.76492780156083,1.3935694089253916,19.360233796399456,1.811102019570966,4,8a401b73679aff6e17c3187e4dd7048ab14ecc6fab50d9fe4aea6d5ccaf0c32c,contract_manifest,SUCCESS
STATIC_PHY_K4_AUX,A_reference_sequence_terminal_proxy,RLOG_EQEXP_v1,equivalent_exposure_progress_v1,torch_terminal_v1,2,17,21,3e82fb2a6944aaa8f9f1da3121bc0805ed614903c8e64509a2e7f66c19e70db5,formal,49.31291389465332,20.859962463378906,1.363387052663027,1.3488922119140625,28.76492780156083,1.3935694089253916,19.360233796399456,1.811102019570966,4,8a401b73679aff6e17c3187e4dd7048ab14ecc6fab50d9fe4aea6d5ccaf0c32c,contract_manifest,SUCCESS
STATIC_PHY_K4_AUX,A_reference_sequence_terminal_proxy,RLOG_EQEXP_v1,equivalent_exposure_progress_v1,torch_terminal_v1,2,17,23,1cc20ba113bb8c81584260fdfdb122fb5f8380ab4610533dedf6e7951b5dd601,formal,65.08415985107422,10.469870567321777,6.757139793441747,1.4158557653427124,28.76492780156083,1.3935694089253916,19.360233796399456,1.811102019570966,4,8a401b73679aff6e17c3187e4dd7048ab14ecc6fab50d9fe4aea6d5ccaf0c32c,contract_manifest,SUCCESS
STATIC_PHY_K4_AUX,A_reference_sequence_terminal_proxy,RLOG_EQEXP_v1,equivalent_exposure_progress_v1,torch_terminal_v1,2,17,30,4f7fcbe1719005d11d07758bb4161ee87609b38be4446916dc57c94322330ae2,formal,10.066497802734377,12.534478187561035,0.5302255401715978,1.3488922119140625,28.76492780156083,1.3935694089253916,19.360233796399456,1.811102019570966,4,8a401b73679aff6e17c3187e4dd7048ab14ecc6fab50d9fe4aea6d5ccaf0c32c,contract_manifest,SUCCESS
STATIC_PHY_K4_AUX,A_reference_sequence_terminal_proxy,RLOG_EQEXP_v1,equivalent_exposure_progress_v1,torch_terminal_v1,2,17,31,cc255d9703401474177cd4c742d77bceb1d9a5aa17481d0048411b58ddf9c519,formal,48.365509033203125,36.424259185791016,0.8592239110949081,1.3488922119140625,28.76492780156083,1.3935694089253916,19.360233796399456,1.811102019570966,4,8a401b73679aff6e17c3187e4dd7048ab14ecc6fab50d9fe4aea6d5ccaf0c32c,contract_manifest,SUCCESS
STATIC_PHY_K4_AUX,A_reference_sequence_terminal_proxy,RLOG_EQEXP_v1,equivalent_exposure_progress_v1,torch_terminal_v1,2,17,39,fa5882873103aa52140e4b087c0124ec6f5e29a6267b8238115a0afb2f7a75eb,formal,57.65474891662598,32.76200866699219,1.973881005435518,1.7536468505859375,28.76492780156083,1.3935694089253916,19.360233796399456,1.811102019570966,4,8a401b73679aff6e17c3187e4dd7048ab14ecc6fab50d9fe4aea6d5ccaf0c32c,contract_manifest,SUCCESS
STATIC_PHY_K4_AUX,A_reference_sequence_terminal_proxy,RLOG_EQEXP_v1,equivalent_exposure_progress_v1,torch_terminal_v1,2,17,57,f0e4294642b1a1d56a09f022ec59ba54f596ca071c05c95e9a89b119c00e9ae1,formal,43.48048782348633,19.55124282836914,3.8775169520942554,1.3488922119140625,28.76492780156083,1.3935694089253916,19.360233796399456,1.811102019570966,4,8a401b73679aff6e17c3187e4dd7048ab14ecc6fab50d9fe4aea6d5ccaf0c32c,contract_manifest,SUCCESS
STATIC_PHY_K4_AUX,A_reference_sequence_terminal_proxy,RLOG_EQEXP_v1,equivalent_exposure_progress_v1,torch_terminal_v1,2,17,58,dcd7753890fd5e4806443cbb1eb645812b56676ad786ed6852a88a3ae37ecc00,formal,53.0235481262207,44.86076736450195,2.927520009813267,1.3488922119140625,28.76492780156083,1.3935694089253916,19.360233796399456,1.811102019570966,4,8a401b73679aff6e17c3187e4dd7048ab14ecc6fab50d9fe4aea6d5ccaf0c32c,contract_manifest,SUCCESS
STATIC_PHY_K4_AUX,A_reference_sequence_terminal_proxy,RLOG_EQEXP_v1,equivalent_exposure_progress_v1,torch_terminal_v1,2,17,61,27f9c2a5e9e9837f62e328ff7681122675461e3fa07ddc90e774eb32d77dfefe,formal,60.34411811828613,27.841045379638672,1.7809342625445705,1.6815482378005981,28.76492780156083,1.3935694089253916,19.360233796399456,1.811102019570966,4,8a401b73679aff6e17c3187e4dd7048ab14ecc6fab50d9fe4aea6d5ccaf0c32c,contract_manifest,SUCCESS
STATIC_PHY_K4_AUX,A_reference_sequence_terminal_proxy,RLOG_EQEXP_v1,equivalent_exposure_progress_v1,torch_terminal_v1,2,17,62,8cb487efdeec8957db1548e3c5027ee452ca503d6299e7f8b3a632b250e0bbeb,formal,58.803592681884766,39.70072937011719,2.3770510351257603,1.3488922119140625,28.76492780156083,1.3935694089253916,19.360233796399456,1.811102019570966,4,8a401b73679aff6e17c3187e4dd7048ab14ecc6fab50d9fe4aea6d5ccaf0c32c,contract_manifest,SUCCESS
STATIC_PHY_K4_AUX,A_reference_sequence_terminal_proxy,RLOG_EQEXP_v1,equivalent_exposure_progress_v1,torch_terminal_v1,2,17,68,490f0a2476932f3c7f1932dc7c133abf7735511d7855876732c3cf2717a5b4d2,formal,6.6173996925354,20.048709869384766,0.769957951697351,1.3488922119140625,28.76492780156083,1.3935694089253916,19.360233796399456,1.811102019570966,4,8a401b73679aff6e17c3187e4dd7048ab14ecc6fab50d9fe4aea6d5ccaf0c32c,contract_manifest,SUCCESS
STATIC_PHY_K4_AUX,A_reference_sequence_terminal_proxy,RLOG_EQEXP_v1,equivalent_exposure_progress_v1,torch_terminal_v1,2,17,69,a66b6dc7b4704a9101a0e60a1255a3abc6f7232965acf4b58eede6695289d371,formal,59.64018630981445,38.90932083129883,4.131675070725286,1.3488922119140625,28.76492780156083,1.3935694089253916,19.360233796399456,1.811102019570966,4,8a401b73679aff6e17c3187e4dd7048ab14ecc6fab50d9fe4aea6d5ccaf0c32c,contract_manifest,SUCCESS
STATIC_PHY_K4_AUX,A_reference_sequence_terminal_proxy,RLOG_EQEXP_v1,equivalent_exposure_progress_v1,torch_terminal_v1,2,17,72,667b6d7862b280420085ba92043a58aa349ba085b9a5909efe1a2454f039b81c,formal,27.42224597930908,9.116174697875977,0.40046928630133605,1.2864404916763306,28.76492780156083,1.3935694089253916,19.360233796399456,1.811102019570966,4,8a401b73679aff6e17c3187e4dd7048ab14ecc6fab50d9fe4aea6d5ccaf0c32c,contract_manifest,SUCCESS
STATIC_PHY_K4_AUX,A_reference_sequence_terminal_proxy,RLOG_EQEXP_v1,equivalent_exposure_progress_v1,torch_terminal_v1,2,17,77,c0b782de4cab74d31dbb6310a3fb14d80c1a612738376b38f73168275f3d5835,formal,4.457285404205322,12.027427673339844,0.7181510701957228,1.3488922119140625,28.76492780156083,1.3935694089253916,19.360233796399456,1.811102019570966,4,8a401b73679aff6e17c3187e4dd7048ab14ecc6fab50d9fe4aea6d5ccaf0c32c,contract_manifest,SUCCESS
STATIC_PHY_K4_AUX,A_reference_sequence_terminal_proxy,RLOG_EQEXP_v1,equivalent_exposure_progress_v1,torch_terminal_v1,2,17,82,311de2710d82b7b2af003a68d0d7e82ea572a37f529862ef628537ec86267771,formal,45.0401725769043,49.07902145385742,6.533538265446023,1.3488922119140625,28.76492780156083,1.3935694089253916,19.360233796399456,1.811102019570966,4,8a401b73679aff6e17c3187e4dd7048ab14ecc6fab50d9fe4aea6d5ccaf0c32c,contract_manifest,SUCCESS
STATIC_PHY_K4_AUX,A_reference_sequence_terminal_proxy,RLOG_EQEXP_v1,equivalent_exposure_progress_v1,torch_terminal_v1,2,17,96,584ec920fea64939745a3279fa08a18784d72ad5b54faa9e3860724e211e900e,formal,29.391660690307617,20.694740295410156,0.4782446978786253,1.3488922119140625,28.76492780156083,1.3935694089253916,19.360233796399456,1.811102019570966,4,8a401b73679aff6e17c3187e4dd7048ab14ecc6fab50d9fe4aea6d5ccaf0c32c,contract_manifest,SUCCESS
STATIC_PHY_K4_AUX,A_reference_sequence_terminal_proxy,RLOG_EQEXP_v1,equivalent_exposure_progress_v1,torch_terminal_v1,2,17,99,5bafa2031158613ec5ac194a73c6ba6733b719e1c6b5709ddab17673dd22324b,formal,0.1551136970520019,11.456878662109375,0.2791399824679966,1.3488922119140625,28.76492780156083,1.3935694089253916,19.360233796399456,1.811102019570966,4,8a401b73679aff6e17c3187e4dd7048ab14ecc6fab50d9fe4aea6d5ccaf0c32c,contract_manifest,SUCCESS
STATIC_PHY_K4_AUX,A_reference_sequence_terminal_proxy,RLOG_EQEXP_v1,equivalent_exposure_progress_v1,torch_terminal_v1,2,17,100,5bafa2031158613ec5ac194a73c6ba6733b719e1c6b5709ddab17673dd22324b,formal,3.722853064537048,12.483307838439941,0.29690972411381644,1.3488922119140625,28.76492780156083,1.3935694089253916,19.360233796399456,1.811102019570966,4,8a401b73679aff6e17c3187e4dd7048ab14ecc6fab50d9fe4aea6d5ccaf0c32c,contract_manifest,SUCCESS
STATIC_PHY_K4_AUX,A_reference_sequence_terminal_proxy,RLOG_EQEXP_v1,equivalent_exposure_progress_v1,torch_terminal_v1,2,17,106,e29ed08b013b66b938382bc561703ae8b895cd02313b3ff67a6519c6bef1be82,formal,4.333580017089844,12.027427673339844,0.6832595593958153,1.3488922119140625,28.76492780156083,1.3935694089253916,19.360233796399456,1.811102019570966,4,8a401b73679aff6e17c3187e4dd7048ab14ecc6fab50d9fe4aea6d5ccaf0c32c,contract_manifest,SUCCESS
STATIC_PHY_K4_AUX,A_reference_sequence_terminal_proxy,RLOG_EQEXP_v1,equivalent_exposure_progress_v1,torch_terminal_v1,2,17,107,e29ed08b013b66b938382bc561703ae8b895cd02313b3ff67a6519c6bef1be82,formal,15.745314598083496,13.852810859680176,0.4795292163535364,1.3488922119140625,28.76492780156083,1.3935694089253916,19.360233796399456,1.811102019570966,4,8a401b73679aff6e17c3187e4dd7048ab14ecc6fab50d9fe4aea6d5ccaf0c32c,contract_manifest,SUCCESS
STATIC_PHY_K4_AUX,A_reference_sequence_terminal_proxy,RLOG_EQEXP_v1,equivalent_exposure_progress_v1,torch_terminal_v1,2,17,111,0f06b9d9a003e06bd9303307516e78c675a42cbcdeba2c3cbbfe145587fa0664,formal,19.06198024749756,13.875774383544922,1.7888696872525427,1.3488922119140625,28.76492780156083,1.3935694089253916,19.360233796399456,1.811102019570966,4,8a401b73679aff6e17c3187e4dd7048ab14ecc6fab50d9fe4aea6d5ccaf0c32c,contract_manifest,SUCCESS
STATIC_PHY_K4_AUX,A_reference_sequence_terminal_proxy,RLOG_EQEXP_v1,equivalent_exposure_progress_v1,torch_terminal_v1,2,17,113,79b084fe655b9290a759644a3b54967388aea9f801c7c8088d2f2fe2ffd2ec9a,formal,46.77769660949707,58.758060455322266,2.296400590463846,1.3488922119140625,28.76492780156083,1.3935694089253916,19.360233796399456,1.811102019570966,4,8a401b73679aff6e17c3187e4dd7048ab14ecc6fab50d9fe4aea6d5ccaf0c32c,contract_manifest,SUCCESS
STATIC_PHY_K4_AUX,A_reference_sequence_terminal_proxy,RLOG_EQEXP_v1,equivalent_exposure_progress_v1,torch_terminal_v1,2,17,144,2282a691149bdb2299e5997fdb0464cdb01fb8dc4c6321b154bc3e66598f5484,pass_main,40.296024322509766,22.362415313720703,1.032547201965241,1.3488922119140625,28.76492780156083,1.3935694089253916,19.360233796399456,1.811102019570966,4,8a401b73679aff6e17c3187e4dd7048ab14ecc6fab50d9fe4aea6d5ccaf0c32c,contract_manifest,SUCCESS
STATIC_PHY_K4_AUX,A_reference_sequence_terminal_proxy,RLOG_EQEXP_v1,equivalent_exposure_progress_v1,torch_terminal_v1,2,17,145,2282a691149bdb2299e5997fdb0464cdb01fb8dc4c6321b154bc3e66598f5484,pass_main,30.32354736328125,16.738574981689453,0.6489329981742521,1.3488922119140625,28.76492780156083,1.3935694089253916,19.360233796399456,1.811102019570966,4,8a401b73679aff6e17c3187e4dd7048ab14ecc6fab50d9fe4aea6d5ccaf0c32c,contract_manifest,SUCCESS
STATIC_PHY_K4_AUX,A_reference_sequence_terminal_proxy,RLOG_EQEXP_v1,equivalent_exposure_progress_v1,torch_terminal_v1,2,17,146,2282a691149bdb2299e5997fdb0464cdb01fb8dc4c6321b154bc3e66598f5484,pass_main,36.139909744262695,19.550495147705078,0.657148774071851,1.3488922119140625,28.76492780156083,1.3935694089253916,19.360233796399456,1.811102019570966,4,8a401b73679aff6e17c3187e4dd7048ab14ecc6fab50d9fe4aea6d5ccaf0c32c,contract_manifest,SUCCESS
STATIC_PHY_K4_AUX,A_reference_sequence_terminal_proxy,RLOG_EQEXP_v1,equivalent_exposure_progress_v1,torch_terminal_v1,2,17,147,2282a691149bdb2299e5997fdb0464cdb01fb8dc4c6321b154bc3e66598f5484,pass_main,18.330870628356934,13.926655769348145,1.663141406080464,1.3488922119140625,28.76492780156083,1.3935694089253916,19.360233796399456,1.811102019570966,4,8a401b73679aff6e17c3187e4dd7048ab14ecc6fab50d9fe4aea6d5ccaf0c32c,contract_manifest,SUCCESS
STATIC_PHY_K4_AUX,A_reference_sequence_terminal_proxy,RLOG_EQEXP_v1,equivalent_exposure_progress_v1,torch_terminal_v1,2,17,180,8a8473e9b2ce9f38abfa999c0e58f70d83edb9b52cced02647e66c88c0e8faa0,pass_main,30.35521411895752,13.774484634399414,0.653953408572333,1.3488922119140625,28.76492780156083,1.3935694089253916,19.360233796399456,1.811102019570966,4,8a401b73679aff6e17c3187e4dd7048ab14ecc6fab50d9fe4aea6d5ccaf0c32c,contract_manifest,SUCCESS
STATIC_PHY_K4_AUX,A_reference_sequence_terminal_proxy,RLOG_EQEXP_v1,equivalent_exposure_progress_v1,torch_terminal_v1,2,17,181,8a8473e9b2ce9f38abfa999c0e58f70d83edb9b52cced02647e66c88c0e8faa0,pass_main,36.61757659912109,14.661067962646484,0.8616659343812317,1.3488922119140625,28.76492780156083,1.3935694089253916,19.360233796399456,1.811102019570966,4,8a401b73679aff6e17c3187e4dd7048ab14ecc6fab50d9fe4aea6d5ccaf0c32c,contract_manifest,SUCCESS
STATIC_PHY_K4_AUX,A_reference_sequence_terminal_proxy,RLOG_EQEXP_v1,equivalent_exposure_progress_v1,torch_terminal_v1,2,17,182,8a8473e9b2ce9f38abfa999c0e58f70d83edb9b52cced02647e66c88c0e8faa0,pass_main,6.812788248062134,12.00131893157959,2.782968189682732,1.3488922119140625,28.76492780156083,1.3935694089253916,19.360233796399456,1.811102019570966,4,8a401b73679aff6e17c3187e4dd7048ab14ecc6fab50d9fe4aea6d5ccaf0c32c,contract_manifest,SUCCESS
STATIC_PHY_K4_AUX,A_reference_sequence_terminal_proxy,RLOG_EQEXP_v1,equivalent_exposure_progress_v1,torch_terminal_v1,2,17,183,8a8473e9b2ce9f38abfa999c0e58f70d83edb9b52cced02647e66c88c0e8faa0,pass_main,22.358110427856445,12.88790225982666,1.466812795297333,1.3488922119140625,28.76492780156083,1.3935694089253916,19.360233796399456,1.811102019570966,4,8a401b73679aff6e17c3187e4dd7048ab14ecc6fab50d9fe4aea6d5ccaf0c32c,contract_manifest,SUCCESS
STATIC_PHY_K4_AUX,A_reference_sequence_terminal_proxy,RLOG_EQEXP_v1,equivalent_exposure_progress_v1,torch_terminal_v1,2,17,192,d0df1d7856526ff46e44dab7ece16ff8ecaf11df5adb1ff1426e78164cf4fdb0,pass_main,7.682702541351318,12.615802764892578,0.5528463906595573,1.3488922119140625,28.76492780156083,1.3935694089253916,19.360233796399456,1.811102019570966,4,8a401b73679aff6e17c3187e4dd7048ab14ecc6fab50d9fe4aea6d5ccaf0c32c,contract_manifest,SUCCESS
STATIC_PHY_K4_AUX,A_reference_sequence_terminal_proxy,RLOG_EQEXP_v1,equivalent_exposure_progress_v1,torch_terminal_v1,2,17,193,d0df1d7856526ff46e44dab7ece16ff8ecaf11df5adb1ff1426e78164cf4fdb0,pass_main,1.2347824573516846,11.490002632141113,0.3632668159670156,1.3488922119140625,28.76492780156083,1.3935694089253916,19.360233796399456,1.811102019570966,4,8a401b73679aff6e17c3187e4dd7048ab14ecc6fab50d9fe4aea6d5ccaf0c32c,contract_manifest,SUCCESS
STATIC_PHY_K4_AUX,A_reference_sequence_terminal_proxy,RLOG_EQEXP_v1,equivalent_exposure_progress_v1,torch_terminal_v1,2,17,194,d0df1d7856526ff46e44dab7ece16ff8ecaf11df5adb1ff1426e78164cf4fdb0,pass_main,3.71956479549408,11.86526870727539,0.4070402328732997,1.3488922119140625,28.76492780156083,1.3935694089253916,19.360233796399456,1.811102019570966,4,8a401b73679aff6e17c3187e4dd7048ab14ecc6fab50d9fe4aea6d5ccaf0c32c,contract_manifest,SUCCESS
STATIC_PHY_K4_AUX,A_reference_sequence_terminal_proxy,RLOG_EQEXP_v1,equivalent_exposure_progress_v1,torch_terminal_v1,2,17,195,d0df1d7856526ff46e44dab7ece16ff8ecaf11df5adb1ff1426e78164cf4fdb0,pass_main,5.976794481277466,12.240535736083984,0.4006720230611883,1.3488922119140625,28.76492780156083,1.3935694089253916,19.360233796399456,1.811102019570966,4,8a401b73679aff6e17c3187e4dd7048ab14ecc6fab50d9fe4aea6d5ccaf0c32c,contract_manifest,SUCCESS
GRU_PHY_K4_AUX,A_reference_sequence_terminal_proxy,RLOG_EQEXP_v1,equivalent_exposure_progress_v1,torch_terminal_v1,2,17,7,b81f1a89267dc027a918d7fdd21883843b646707941bd3c6b1588ddfa55e2354,formal,2.632662534713745,2.2691121101379395,1.0847713678704898,0.7977203726768494,28.76492780156083,1.3935694089253916,19.360233796399456,1.811102019570966,4,56ca6296026b6aa92acd402cbba6955347870e19fac73c6180daa9ca1400ba23,contract_manifest,SUCCESS
GRU_PHY_K4_AUX,A_reference_sequence_terminal_proxy,RLOG_EQEXP_v1,equivalent_exposure_progress_v1,torch_terminal_v1,2,17,11,96862a41ec960ce1e9ac06b48dad2308ccd05ed8299c6010ee55bc2d7729a83b,formal,17.736404418945312,12.676678657531738,0.717252593093317,1.259809136390686,28.76492780156083,1.3935694089253916,19.360233796399456,1.811102019570966,4,56ca6296026b6aa92acd402cbba6955347870e19fac73c6180daa9ca1400ba23,contract_manifest,SUCCESS
GRU_PHY_K4_AUX,A_reference_sequence_terminal_proxy,RLOG_EQEXP_v1,equivalent_exposure_progress_v1,torch_terminal_v1,2,17,14,5d358d88eb01d2343e2814639067c269c27e39a1913ae399dbdce8aae7ccfc5a,formal,6.098482370376587,13.266097068786621,1.6891952901381333,1.332987666130066,28.76492780156083,1.3935694089253916,19.360233796399456,1.811102019570966,4,56ca6296026b6aa92acd402cbba6955347870e19fac73c6180daa9ca1400ba23,contract_manifest,SUCCESS
GRU_PHY_K4_AUX,A_reference_sequence_terminal_proxy,RLOG_EQEXP_v1,equivalent_exposure_progress_v1,torch_terminal_v1,2,17,21,3e82fb2a6944aaa8f9f1da3121bc0805ed614903c8e64509a2e7f66c19e70db5,formal,49.31291389465332,20.283775329589844,1.363387052663027,1.3255183696746826,28.76492780156083,1.3935694089253916,19.360233796399456,1.811102019570966,4,56ca6296026b6aa92acd402cbba6955347870e19fac73c6180daa9ca1400ba23,contract_manifest,SUCCESS
GRU_PHY_K4_AUX,A_reference_sequence_terminal_proxy,RLOG_EQEXP_v1,equivalent_exposure_progress_v1,torch_terminal_v1,2,17,23,1cc20ba113bb8c81584260fdfdb122fb5f8380ab4610533dedf6e7951b5dd601,formal,65.08415985107422,9.512161254882812,6.757139793441747,1.1875041723251343,28.76492780156083,1.3935694089253916,19.360233796399456,1.811102019570966,4,56ca6296026b6aa92acd402cbba6955347870e19fac73c6180daa9ca1400ba23,contract_manifest,SUCCESS
GRU_PHY_K4_AUX,A_reference_sequence_terminal_proxy,RLOG_EQEXP_v1,equivalent_exposure_progress_v1,torch_terminal_v1,2,17,30,4f7fcbe1719005d11d07758bb4161ee87609b38be4446916dc57c94322330ae2,formal,10.066497802734377,11.970033645629883,0.5302255401715978,1.3297795057296753,28.76492780156083,1.3935694089253916,19.360233796399456,1.811102019570966,4,56ca6296026b6aa92acd402cbba6955347870e19fac73c6180daa9ca1400ba23,contract_manifest,SUCCESS
GRU_PHY_K4_AUX,A_reference_sequence_terminal_proxy,RLOG_EQEXP_v1,equivalent_exposure_progress_v1,torch_terminal_v1,2,17,31,cc255d9703401474177cd4c742d77bceb1d9a5aa17481d0048411b58ddf9c519,formal,48.365509033203125,35.8624267578125,0.8592239110949081,1.3327486515045166,28.76492780156083,1.3935694089253916,19.360233796399456,1.811102019570966,4,56ca6296026b6aa92acd402cbba6955347870e19fac73c6180daa9ca1400ba23,contract_manifest,SUCCESS
GRU_PHY_K4_AUX,A_reference_sequence_terminal_proxy,RLOG_EQEXP_v1,equivalent_exposure_progress_v1,torch_terminal_v1,2,17,39,fa5882873103aa52140e4b087c0124ec6f5e29a6267b8238115a0afb2f7a75eb,formal,57.65474891662598,34.16645050048828,1.973881005435518,1.8872780799865723,28.76492780156083,1.3935694089253916,19.360233796399456,1.811102019570966,4,56ca6296026b6aa92acd402cbba6955347870e19fac73c6180daa9ca1400ba23,contract_manifest,SUCCESS
GRU_PHY_K4_AUX,A_reference_sequence_terminal_proxy,RLOG_EQEXP_v1,equivalent_exposure_progress_v1,torch_terminal_v1,2,17,57,f0e4294642b1a1d56a09f022ec59ba54f596ca071c05c95e9a89b119c00e9ae1,formal,43.48048782348633,18.973976135253906,3.8775169520942554,1.3236255645751953,28.76492780156083,1.3935694089253916,19.360233796399456,1.811102019570966,4,56ca6296026b6aa92acd402cbba6955347870e19fac73c6180daa9ca1400ba23,contract_manifest,SUCCESS
GRU_PHY_K4_AUX,A_reference_sequence_terminal_proxy,RLOG_EQEXP_v1,equivalent_exposure_progress_v1,torch_terminal_v1,2,17,58,dcd7753890fd5e4806443cbb1eb645812b56676ad786ed6852a88a3ae37ecc00,formal,53.0235481262207,44.108177185058594,2.927520009813267,1.332119345664978,28.76492780156083,1.3935694089253916,19.360233796399456,1.811102019570966,4,56ca6296026b6aa92acd402cbba6955347870e19fac73c6180daa9ca1400ba23,contract_manifest,SUCCESS
GRU_PHY_K4_AUX,A_reference_sequence_terminal_proxy,RLOG_EQEXP_v1,equivalent_exposure_progress_v1,torch_terminal_v1,2,17,61,27f9c2a5e9e9837f62e328ff7681122675461e3fa07ddc90e774eb32d77dfefe,formal,60.34411811828613,29.20164680480957,1.7809342625445705,1.822264552116394,28.76492780156083,1.3935694089253916,19.360233796399456,1.811102019570966,4,56ca6296026b6aa92acd402cbba6955347870e19fac73c6180daa9ca1400ba23,contract_manifest,SUCCESS
GRU_PHY_K4_AUX,A_reference_sequence_terminal_proxy,RLOG_EQEXP_v1,equivalent_exposure_progress_v1,torch_terminal_v1,2,17,62,8cb487efdeec8957db1548e3c5027ee452ca503d6299e7f8b3a632b250e0bbeb,formal,58.803592681884766,38.94767761230469,2.3770510351257603,1.329482078552246,28.76492780156083,1.3935694089253916,19.360233796399456,1.811102019570966,4,56ca6296026b6aa92acd402cbba6955347870e19fac73c6180daa9ca1400ba23,contract_manifest,SUCCESS
GRU_PHY_K4_AUX,A_reference_sequence_terminal_proxy,RLOG_EQEXP_v1,equivalent_exposure_progress_v1,torch_terminal_v1,2,17,68,490f0a2476932f3c7f1932dc7c133abf7735511d7855876732c3cf2717a5b4d2,formal,6.6173996925354,19.4886474609375,0.769957951697351,1.3332501649856567,28.76492780156083,1.3935694089253916,19.360233796399456,1.811102019570966,4,56ca6296026b6aa92acd402cbba6955347870e19fac73c6180daa9ca1400ba23,contract_manifest,SUCCESS
GRU_PHY_K4_AUX,A_reference_sequence_terminal_proxy,RLOG_EQEXP_v1,equivalent_exposure_progress_v1,torch_terminal_v1,2,17,69,a66b6dc7b4704a9101a0e60a1255a3abc6f7232965acf4b58eede6695289d371,formal,59.64018630981445,38.17212677001953,4.131675070725286,1.3353782892227173,28.76492780156083,1.3935694089253916,19.360233796399456,1.811102019570966,4,56ca6296026b6aa92acd402cbba6955347870e19fac73c6180daa9ca1400ba23,contract_manifest,SUCCESS
GRU_PHY_K4_AUX,A_reference_sequence_terminal_proxy,RLOG_EQEXP_v1,equivalent_exposure_progress_v1,torch_terminal_v1,2,17,72,667b6d7862b280420085ba92043a58aa349ba085b9a5909efe1a2454f039b81c,formal,27.42224597930908,11.322876930236816,0.40046928630133605,1.0682437419891357,28.76492780156083,1.3935694089253916,19.360233796399456,1.811102019570966,4,56ca6296026b6aa92acd402cbba6955347870e19fac73c6180daa9ca1400ba23,contract_manifest,SUCCESS
GRU_PHY_K4_AUX,A_reference_sequence_terminal_proxy,RLOG_EQEXP_v1,equivalent_exposure_progress_v1,torch_terminal_v1,2,17,77,c0b782de4cab74d31dbb6310a3fb14d80c1a612738376b38f73168275f3d5835,formal,4.457285404205322,11.466849327087402,0.7181510701957228,1.3328053951263428,28.76492780156083,1.3935694089253916,19.360233796399456,1.811102019570966,4,56ca6296026b6aa92acd402cbba6955347870e19fac73c6180daa9ca1400ba23,contract_manifest,SUCCESS
GRU_PHY_K4_AUX,A_reference_sequence_terminal_proxy,RLOG_EQEXP_v1,equivalent_exposure_progress_v1,torch_terminal_v1,2,17,82,311de2710d82b7b2af003a68d0d7e82ea572a37f529862ef628537ec86267771,formal,45.0401725769043,48.50886154174805,6.533538265446023,1.3339508771896362,28.76492780156083,1.3935694089253916,19.360233796399456,1.811102019570966,4,56ca6296026b6aa92acd402cbba6955347870e19fac73c6180daa9ca1400ba23,contract_manifest,SUCCESS
GRU_PHY_K4_AUX,A_reference_sequence_terminal_proxy,RLOG_EQEXP_v1,equivalent_exposure_progress_v1,torch_terminal_v1,2,17,96,584ec920fea64939745a3279fa08a18784d72ad5b54faa9e3860724e211e900e,formal,29.391660690307617,19.986854553222656,0.4782446978786253,1.2714487314224243,28.76492780156083,1.3935694089253916,19.360233796399456,1.811102019570966,4,56ca6296026b6aa92acd402cbba6955347870e19fac73c6180daa9ca1400ba23,contract_manifest,SUCCESS
GRU_PHY_K4_AUX,A_reference_sequence_terminal_proxy,RLOG_EQEXP_v1,equivalent_exposure_progress_v1,torch_terminal_v1,2,17,99,5bafa2031158613ec5ac194a73c6ba6733b719e1c6b5709ddab17673dd22324b,formal,0.1551136970520019,10.896122932434082,0.2791399824679966,1.332615852355957,28.76492780156083,1.3935694089253916,19.360233796399456,1.811102019570966,4,56ca6296026b6aa92acd402cbba6955347870e19fac73c6180daa9ca1400ba23,contract_manifest,SUCCESS
GRU_PHY_K4_AUX,A_reference_sequence_terminal_proxy,RLOG_EQEXP_v1,equivalent_exposure_progress_v1,torch_terminal_v1,2,17,100,5bafa2031158613ec5ac194a73c6ba6733b719e1c6b5709ddab17673dd22324b,formal,3.722853064537048,11.744202613830566,0.29690972411381644,1.2461040019989014,28.76492780156083,1.3935694089253916,19.360233796399456,1.811102019570966,4,56ca6296026b6aa92acd402cbba6955347870e19fac73c6180daa9ca1400ba23,contract_manifest,SUCCESS
GRU_PHY_K4_AUX,A_reference_sequence_terminal_proxy,RLOG_EQEXP_v1,equivalent_exposure_progress_v1,torch_terminal_v1,2,17,106,e29ed08b013b66b938382bc561703ae8b895cd02313b3ff67a6519c6bef1be82,formal,4.333580017089844,11.466851234436035,0.6832595593958153,1.3328056335449219,28.76492780156083,1.3935694089253916,19.360233796399456,1.811102019570966,4,56ca6296026b6aa92acd402cbba6955347870e19fac73c6180daa9ca1400ba23,contract_manifest,SUCCESS
GRU_PHY_K4_AUX,A_reference_sequence_terminal_proxy,RLOG_EQEXP_v1,equivalent_exposure_progress_v1,torch_terminal_v1,2,17,107,e29ed08b013b66b938382bc561703ae8b895cd02313b3ff67a6519c6bef1be82,formal,15.745314598083496,13.27204704284668,0.4795292163535364,1.3179526329040527,28.76492780156083,1.3935694089253916,19.360233796399456,1.811102019570966,4,56ca6296026b6aa92acd402cbba6955347870e19fac73c6180daa9ca1400ba23,contract_manifest,SUCCESS
GRU_PHY_K4_AUX,A_reference_sequence_terminal_proxy,RLOG_EQEXP_v1,equivalent_exposure_progress_v1,torch_terminal_v1,2,17,111,0f06b9d9a003e06bd9303307516e78c675a42cbcdeba2c3cbbfe145587fa0664,formal,19.06198024749756,13.31210994720459,1.7888696872525427,1.3305977582931519,28.76492780156083,1.3935694089253916,19.360233796399456,1.811102019570966,4,56ca6296026b6aa92acd402cbba6955347870e19fac73c6180daa9ca1400ba23,contract_manifest,SUCCESS
GRU_PHY_K4_AUX,A_reference_sequence_terminal_proxy,RLOG_EQEXP_v1,equivalent_exposure_progress_v1,torch_terminal_v1,2,17,113,79b084fe655b9290a759644a3b54967388aea9f801c7c8088d2f2fe2ffd2ec9a,formal,46.77769660949707,58.055511474609375,2.296400590463846,1.3537622690200806,28.76492780156083,1.3935694089253916,19.360233796399456,1.811102019570966,4,56ca6296026b6aa92acd402cbba6955347870e19fac73c6180daa9ca1400ba23,contract_manifest,SUCCESS
GRU_PHY_K4_AUX,A_reference_sequence_terminal_proxy,RLOG_EQEXP_v1,equivalent_exposure_progress_v1,torch_terminal_v1,2,17,144,2282a691149bdb2299e5997fdb0464cdb01fb8dc4c6321b154bc3e66598f5484,pass_main,40.296024322509766,21.65372085571289,1.032547201965241,1.2897634506225586,28.76492780156083,1.3935694089253916,19.360233796399456,1.811102019570966,4,56ca6296026b6aa92acd402cbba6955347870e19fac73c6180daa9ca1400ba23,contract_manifest,SUCCESS
GRU_PHY_K4_AUX,A_reference_sequence_terminal_proxy,RLOG_EQEXP_v1,equivalent_exposure_progress_v1,torch_terminal_v1,2,17,145,2282a691149bdb2299e5997fdb0464cdb01fb8dc4c6321b154bc3e66598f5484,pass_main,30.32354736328125,16.174602508544922,0.6489329981742521,1.3302972316741943,28.76492780156083,1.3935694089253916,19.360233796399456,1.811102019570966,4,56ca6296026b6aa92acd402cbba6955347870e19fac73c6180daa9ca1400ba23,contract_manifest,SUCCESS
GRU_PHY_K4_AUX,A_reference_sequence_terminal_proxy,RLOG_EQEXP_v1,equivalent_exposure_progress_v1,torch_terminal_v1,2,17,146,2282a691149bdb2299e5997fdb0464cdb01fb8dc4c6321b154bc3e66598f5484,pass_main,36.139909744262695,18.973278045654297,0.657148774071851,1.3213907480239868,28.76492780156083,1.3935694089253916,19.360233796399456,1.811102019570966,4,56ca6296026b6aa92acd402cbba6955347870e19fac73c6180daa9ca1400ba23,contract_manifest,SUCCESS
GRU_PHY_K4_AUX,A_reference_sequence_terminal_proxy,RLOG_EQEXP_v1,equivalent_exposure_progress_v1,torch_terminal_v1,2,17,147,2282a691149bdb2299e5997fdb0464cdb01fb8dc4c6321b154bc3e66598f5484,pass_main,18.330870628356934,13.366072654724121,1.663141406080464,1.3328237533569336,28.76492780156083,1.3935694089253916,19.360233796399456,1.811102019570966,4,56ca6296026b6aa92acd402cbba6955347870e19fac73c6180daa9ca1400ba23,contract_manifest,SUCCESS
GRU_PHY_K4_AUX,A_reference_sequence_terminal_proxy,RLOG_EQEXP_v1,equivalent_exposure_progress_v1,torch_terminal_v1,2,17,180,8a8473e9b2ce9f38abfa999c0e58f70d83edb9b52cced02647e66c88c0e8faa0,pass_main,30.35521411895752,13.195201873779297,0.653953408572333,1.3200751543045044,28.76492780156083,1.3935694089253916,19.360233796399456,1.811102019570966,4,56ca6296026b6aa92acd402cbba6955347870e19fac73c6180daa9ca1400ba23,contract_manifest,SUCCESS
GRU_PHY_K4_AUX,A_reference_sequence_terminal_proxy,RLOG_EQEXP_v1,equivalent_exposure_progress_v1,torch_terminal_v1,2,17,181,8a8473e9b2ce9f38abfa999c0e58f70d83edb9b52cced02647e66c88c0e8faa0,pass_main,36.61757659912109,13.891096115112305,0.8616659343812317,1.2734230756759644,28.76492780156083,1.3935694089253916,19.360233796399456,1.811102019570966,4,56ca6296026b6aa92acd402cbba6955347870e19fac73c6180daa9ca1400ba23,contract_manifest,SUCCESS
GRU_PHY_K4_AUX,A_reference_sequence_terminal_proxy,RLOG_EQEXP_v1,equivalent_exposure_progress_v1,torch_terminal_v1,2,17,182,8a8473e9b2ce9f38abfa999c0e58f70d83edb9b52cced02647e66c88c0e8faa0,pass_main,6.812788248062134,11.440871238708496,2.782968189682732,1.3329094648361206,28.76492780156083,1.3935694089253916,19.360233796399456,1.811102019570966,4,56ca6296026b6aa92acd402cbba6955347870e19fac73c6180daa9ca1400ba23,contract_manifest,SUCCESS
GRU_PHY_K4_AUX,A_reference_sequence_terminal_proxy,RLOG_EQEXP_v1,equivalent_exposure_progress_v1,torch_terminal_v1,2,17,183,8a8473e9b2ce9f38abfa999c0e58f70d83edb9b52cced02647e66c88c0e8faa0,pass_main,22.358110427856445,12.324012756347656,1.466812795297333,1.3303488492965698,28.76492780156083,1.3935694089253916,19.360233796399456,1.811102019570966,4,56ca6296026b6aa92acd402cbba6955347870e19fac73c6180daa9ca1400ba23,contract_manifest,SUCCESS
GRU_PHY_K4_AUX,A_reference_sequence_terminal_proxy,RLOG_EQEXP_v1,equivalent_exposure_progress_v1,torch_terminal_v1,2,17,192,d0df1d7856526ff46e44dab7ece16ff8ecaf11df5adb1ff1426e78164cf4fdb0,pass_main,7.682702541351318,11.86164379119873,0.5528463906595573,1.2521378993988037,28.76492780156083,1.3935694089253916,19.360233796399456,1.811102019570966,4,56ca6296026b6aa92acd402cbba6955347870e19fac73c6180daa9ca1400ba23,contract_manifest,SUCCESS
GRU_PHY_K4_AUX,A_reference_sequence_terminal_proxy,RLOG_EQEXP_v1,equivalent_exposure_progress_v1,torch_terminal_v1,2,17,193,d0df1d7856526ff46e44dab7ece16ff8ecaf11df5adb1ff1426e78164cf4fdb0,pass_main,1.2347824573516846,10.929342269897461,0.3632668159670156,1.3327099084854126,28.76492780156083,1.3935694089253916,19.360233796399456,1.811102019570966,4,56ca6296026b6aa92acd402cbba6955347870e19fac73c6180daa9ca1400ba23,contract_manifest,SUCCESS
GRU_PHY_K4_AUX,A_reference_sequence_terminal_proxy,RLOG_EQEXP_v1,equivalent_exposure_progress_v1,torch_terminal_v1,2,17,194,d0df1d7856526ff46e44dab7ece16ff8ecaf11df5adb1ff1426e78164cf4fdb0,pass_main,3.71956479549408,11.300566673278809,0.4070402328732997,1.3293694257736206,28.76492780156083,1.3935694089253916,19.360233796399456,1.811102019570966,4,56ca6296026b6aa92acd402cbba6955347870e19fac73c6180daa9ca1400ba23,contract_manifest,SUCCESS
GRU_PHY_K4_AUX,A_reference_sequence_terminal_proxy,RLOG_EQEXP_v1,equivalent_exposure_progress_v1,torch_terminal_v1,2,17,195,d0df1d7856526ff46e44dab7ece16ff8ecaf11df5adb1ff1426e78164cf4fdb0,pass_main,5.976794481277466,11.658909797668457,0.4006720230611883,1.3154584169387817,28.76492780156083,1.3935694089253916,19.360233796399456,1.811102019570966,4,56ca6296026b6aa92acd402cbba6955347870e19fac73c6180daa9ca1400ba23,contract_manifest,SUCCESS
MAMBA_RAW_K4_AUX,A_reference_sequence_terminal_proxy,NONE,equivalent_exposure_progress_v1,reference_pure_torch_ssd_mamba2_verified_adapter_v1,2,17,7,b81f1a89267dc027a918d7fdd21883843b646707941bd3c6b1588ddfa55e2354,formal,2.632662534713745,6.400585651397705,1.0847713678704898,0.529283344745636,28.76492780156083,1.3935694089253916,19.360233796399456,1.811102019570966,4,ccd28da60653b5f2f7f707e898ad7f54b243a6d2019ee0720ecbf2c711ef0257,contract_manifest,SUCCESS
MAMBA_RAW_K4_AUX,A_reference_sequence_terminal_proxy,NONE,equivalent_exposure_progress_v1,reference_pure_torch_ssd_mamba2_verified_adapter_v1,2,17,11,96862a41ec960ce1e9ac06b48dad2308ccd05ed8299c6010ee55bc2d7729a83b,formal,17.736404418945312,7.191954612731934,0.717252593093317,0.8476806282997131,28.76492780156083,1.3935694089253916,19.360233796399456,1.811102019570966,4,ccd28da60653b5f2f7f707e898ad7f54b243a6d2019ee0720ecbf2c711ef0257,contract_manifest,SUCCESS
MAMBA_RAW_K4_AUX,A_reference_sequence_terminal_proxy,NONE,equivalent_exposure_progress_v1,reference_pure_torch_ssd_mamba2_verified_adapter_v1,2,17,14,5d358d88eb01d2343e2814639067c269c27e39a1913ae399dbdce8aae7ccfc5a,formal,6.098482370376587,6.300400733947754,1.6891952901381333,1.4236578941345215,28.76492780156083,1.3935694089253916,19.360233796399456,1.811102019570966,4,ccd28da60653b5f2f7f707e898ad7f54b243a6d2019ee0720ecbf2c711ef0257,contract_manifest,SUCCESS
MAMBA_RAW_K4_AUX,A_reference_sequence_terminal_proxy,NONE,equivalent_exposure_progress_v1,reference_pure_torch_ssd_mamba2_verified_adapter_v1,2,17,21,3e82fb2a6944aaa8f9f1da3121bc0805ed614903c8e64509a2e7f66c19e70db5,formal,49.31291389465332,13.6474609375,1.363387052663027,1.4664149284362793,28.76492780156083,1.3935694089253916,19.360233796399456,1.811102019570966,4,ccd28da60653b5f2f7f707e898ad7f54b243a6d2019ee0720ecbf2c711ef0257,contract_manifest,SUCCESS
MAMBA_RAW_K4_AUX,A_reference_sequence_terminal_proxy,NONE,equivalent_exposure_progress_v1,reference_pure_torch_ssd_mamba2_verified_adapter_v1,2,17,23,1cc20ba113bb8c81584260fdfdb122fb5f8380ab4610533dedf6e7951b5dd601,formal,65.08415985107422,16.184749603271484,6.757139793441747,1.4190378189086914,28.76492780156083,1.3935694089253916,19.360233796399456,1.811102019570966,4,ccd28da60653b5f2f7f707e898ad7f54b243a6d2019ee0720ecbf2c711ef0257,contract_manifest,SUCCESS
MAMBA_RAW_K4_AUX,A_reference_sequence_terminal_proxy,NONE,equivalent_exposure_progress_v1,reference_pure_torch_ssd_mamba2_verified_adapter_v1,2,17,30,4f7fcbe1719005d11d07758bb4161ee87609b38be4446916dc57c94322330ae2,formal,10.066497802734377,5.437379360198975,0.5302255401715978,1.145242691040039,28.76492780156083,1.3935694089253916,19.360233796399456,1.811102019570966,4,ccd28da60653b5f2f7f707e898ad7f54b243a6d2019ee0720ecbf2c711ef0257,contract_manifest,SUCCESS
MAMBA_RAW_K4_AUX,A_reference_sequence_terminal_proxy,NONE,equivalent_exposure_progress_v1,reference_pure_torch_ssd_mamba2_verified_adapter_v1,2,17,31,cc255d9703401474177cd4c742d77bceb1d9a5aa17481d0048411b58ddf9c519,formal,48.365509033203125,28.54242706298828,0.8592239110949081,1.8202275037765503,28.76492780156083,1.3935694089253916,19.360233796399456,1.811102019570966,4,ccd28da60653b5f2f7f707e898ad7f54b243a6d2019ee0720ecbf2c711ef0257,contract_manifest,SUCCESS
MAMBA_RAW_K4_AUX,A_reference_sequence_terminal_proxy,NONE,equivalent_exposure_progress_v1,reference_pure_torch_ssd_mamba2_verified_adapter_v1,2,17,39,fa5882873103aa52140e4b087c0124ec6f5e29a6267b8238115a0afb2f7a75eb,formal,57.65474891662598,40.071815490722656,1.973881005435518,1.6747511625289917,28.76492780156083,1.3935694089253916,19.360233796399456,1.811102019570966,4,ccd28da60653b5f2f7f707e898ad7f54b243a6d2019ee0720ecbf2c711ef0257,contract_manifest,SUCCESS
MAMBA_RAW_K4_AUX,A_reference_sequence_terminal_proxy,NONE,equivalent_exposure_progress_v1,reference_pure_torch_ssd_mamba2_verified_adapter_v1,2,17,57,f0e4294642b1a1d56a09f022ec59ba54f596ca071c05c95e9a89b119c00e9ae1,formal,43.48048782348633,12.475058555603027,3.8775169520942554,1.3142194747924805,28.76492780156083,1.3935694089253916,19.360233796399456,1.811102019570966,4,ccd28da60653b5f2f7f707e898ad7f54b243a6d2019ee0720ecbf2c711ef0257,contract_manifest,SUCCESS
MAMBA_RAW_K4_AUX,A_reference_sequence_terminal_proxy,NONE,equivalent_exposure_progress_v1,reference_pure_torch_ssd_mamba2_verified_adapter_v1,2,17,58,dcd7753890fd5e4806443cbb1eb645812b56676ad786ed6852a88a3ae37ecc00,formal,53.0235481262207,37.91337203979492,2.927520009813267,1.5874441862106323,28.76492780156083,1.3935694089253916,19.360233796399456,1.811102019570966,4,ccd28da60653b5f2f7f707e898ad7f54b243a6d2019ee0720ecbf2c711ef0257,contract_manifest,SUCCESS
MAMBA_RAW_K4_AUX,A_reference_sequence_terminal_proxy,NONE,equivalent_exposure_progress_v1,reference_pure_torch_ssd_mamba2_verified_adapter_v1,2,17,61,27f9c2a5e9e9837f62e328ff7681122675461e3fa07ddc90e774eb32d77dfefe,formal,60.34411811828613,33.960655212402344,1.7809342625445705,1.5489681959152222,28.76492780156083,1.3935694089253916,19.360233796399456,1.811102019570966,4,ccd28da60653b5f2f7f707e898ad7f54b243a6d2019ee0720ecbf2c711ef0257,contract_manifest,SUCCESS
MAMBA_RAW_K4_AUX,A_reference_sequence_terminal_proxy,NONE,equivalent_exposure_progress_v1,reference_pure_torch_ssd_mamba2_verified_adapter_v1,2,17,62,8cb487efdeec8957db1548e3c5027ee452ca503d6299e7f8b3a632b250e0bbeb,formal,58.803592681884766,32.54486083984375,2.3770510351257603,1.7531814575195312,28.76492780156083,1.3935694089253916,19.360233796399456,1.811102019570966,4,ccd28da60653b5f2f7f707e898ad7f54b243a6d2019ee0720ecbf2c711ef0257,contract_manifest,SUCCESS
MAMBA_RAW_K4_AUX,A_reference_sequence_terminal_proxy,NONE,equivalent_exposure_progress_v1,reference_pure_torch_ssd_mamba2_verified_adapter_v1,2,17,68,490f0a2476932f3c7f1932dc7c133abf7735511d7855876732c3cf2717a5b4d2,formal,6.6173996925354,11.556859016418457,0.769957951697351,2.112523078918457,28.76492780156083,1.3935694089253916,19.360233796399456,1.811102019570966,4,ccd28da60653b5f2f7f707e898ad7f54b243a6d2019ee0720ecbf2c711ef0257,contract_manifest,SUCCESS
MAMBA_RAW_K4_AUX,A_reference_sequence_terminal_proxy,NONE,equivalent_exposure_progress_v1,reference_pure_torch_ssd_mamba2_verified_adapter_v1,2,17,69,a66b6dc7b4704a9101a0e60a1255a3abc6f7232965acf4b58eede6695289d371,formal,59.64018630981445,31.072528839111328,4.131675070725286,2.1960277557373047,28.76492780156083,1.3935694089253916,19.360233796399456,1.811102019570966,4,ccd28da60653b5f2f7f707e898ad7f54b243a6d2019ee0720ecbf2c711ef0257,contract_manifest,SUCCESS
MAMBA_RAW_K4_AUX,A_reference_sequence_terminal_proxy,NONE,equivalent_exposure_progress_v1,reference_pure_torch_ssd_mamba2_verified_adapter_v1,2,17,72,667b6d7862b280420085ba92043a58aa349ba085b9a5909efe1a2454f039b81c,formal,27.42224597930908,12.253885269165039,0.40046928630133605,0.6799997091293335,28.76492780156083,1.3935694089253916,19.360233796399456,1.811102019570966,4,ccd28da60653b5f2f7f707e898ad7f54b243a6d2019ee0720ecbf2c711ef0257,contract_manifest,SUCCESS
MAMBA_RAW_K4_AUX,A_reference_sequence_terminal_proxy,NONE,equivalent_exposure_progress_v1,reference_pure_torch_ssd_mamba2_verified_adapter_v1,2,17,77,c0b782de4cab74d31dbb6310a3fb14d80c1a612738376b38f73168275f3d5835,formal,4.457285404205322,4.595672130584717,0.7181510701957228,1.274233102798462,28.76492780156083,1.3935694089253916,19.360233796399456,1.811102019570966,4,ccd28da60653b5f2f7f707e898ad7f54b243a6d2019ee0720ecbf2c711ef0257,contract_manifest,SUCCESS
MAMBA_RAW_K4_AUX,A_reference_sequence_terminal_proxy,NONE,equivalent_exposure_progress_v1,reference_pure_torch_ssd_mamba2_verified_adapter_v1,2,17,82,311de2710d82b7b2af003a68d0d7e82ea572a37f529862ef628537ec86267771,formal,45.0401725769043,41.39545440673828,6.533538265446023,1.845261812210083,28.76492780156083,1.3935694089253916,19.360233796399456,1.811102019570966,4,ccd28da60653b5f2f7f707e898ad7f54b243a6d2019ee0720ecbf2c711ef0257,contract_manifest,SUCCESS
MAMBA_RAW_K4_AUX,A_reference_sequence_terminal_proxy,NONE,equivalent_exposure_progress_v1,reference_pure_torch_ssd_mamba2_verified_adapter_v1,2,17,96,584ec920fea64939745a3279fa08a18784d72ad5b54faa9e3860724e211e900e,formal,29.391660690307617,14.139041900634766,0.4782446978786253,0.877777099609375,28.76492780156083,1.3935694089253916,19.360233796399456,1.811102019570966,4,ccd28da60653b5f2f7f707e898ad7f54b243a6d2019ee0720ecbf2c711ef0257,contract_manifest,SUCCESS
MAMBA_RAW_K4_AUX,A_reference_sequence_terminal_proxy,NONE,equivalent_exposure_progress_v1,reference_pure_torch_ssd_mamba2_verified_adapter_v1,2,17,99,5bafa2031158613ec5ac194a73c6ba6733b719e1c6b5709ddab17673dd22324b,formal,0.1551136970520019,4.033056259155273,0.2791399824679966,1.1825710535049438,28.76492780156083,1.3935694089253916,19.360233796399456,1.811102019570966,4,ccd28da60653b5f2f7f707e898ad7f54b243a6d2019ee0720ecbf2c711ef0257,contract_manifest,SUCCESS
MAMBA_RAW_K4_AUX,A_reference_sequence_terminal_proxy,NONE,equivalent_exposure_progress_v1,reference_pure_torch_ssd_mamba2_verified_adapter_v1,2,17,100,5bafa2031158613ec5ac194a73c6ba6733b719e1c6b5709ddab17673dd22324b,formal,3.722853064537048,6.310229301452637,0.29690972411381644,0.7393720149993896,28.76492780156083,1.3935694089253916,19.360233796399456,1.811102019570966,4,ccd28da60653b5f2f7f707e898ad7f54b243a6d2019ee0720ecbf2c711ef0257,contract_manifest,SUCCESS
MAMBA_RAW_K4_AUX,A_reference_sequence_terminal_proxy,NONE,equivalent_exposure_progress_v1,reference_pure_torch_ssd_mamba2_verified_adapter_v1,2,17,106,e29ed08b013b66b938382bc561703ae8b895cd02313b3ff67a6519c6bef1be82,formal,4.333580017089844,4.589910507202148,0.6832595593958153,1.2760688066482544,28.76492780156083,1.3935694089253916,19.360233796399456,1.811102019570966,4,ccd28da60653b5f2f7f707e898ad7f54b243a6d2019ee0720ecbf2c711ef0257,contract_manifest,SUCCESS
MAMBA_RAW_K4_AUX,A_reference_sequence_terminal_proxy,NONE,equivalent_exposure_progress_v1,reference_pure_torch_ssd_mamba2_verified_adapter_v1,2,17,107,e29ed08b013b66b938382bc561703ae8b895cd02313b3ff67a6519c6bef1be82,formal,15.745314598083496,7.130988597869873,0.4795292163535364,1.037906289100647,28.76492780156083,1.3935694089253916,19.360233796399456,1.811102019570966,4,ccd28da60653b5f2f7f707e898ad7f54b243a6d2019ee0720ecbf2c711ef0257,contract_manifest,SUCCESS
MAMBA_RAW_K4_AUX,A_reference_sequence_terminal_proxy,NONE,equivalent_exposure_progress_v1,reference_pure_torch_ssd_mamba2_verified_adapter_v1,2,17,111,0f06b9d9a003e06bd9303307516e78c675a42cbcdeba2c3cbbfe145587fa0664,formal,19.06198024749756,6.688793659210205,1.7888696872525427,1.3044015169143677,28.76492780156083,1.3935694089253916,19.360233796399456,1.811102019570966,4,ccd28da60653b5f2f7f707e898ad7f54b243a6d2019ee0720ecbf2c711ef0257,contract_manifest,SUCCESS
MAMBA_RAW_K4_AUX,A_reference_sequence_terminal_proxy,NONE,equivalent_exposure_progress_v1,reference_pure_torch_ssd_mamba2_verified_adapter_v1,2,17,113,79b084fe655b9290a759644a3b54967388aea9f801c7c8088d2f2fe2ffd2ec9a,formal,46.77769660949707,50.71444320678711,2.296400590463846,2.067169427871704,28.76492780156083,1.3935694089253916,19.360233796399456,1.811102019570966,4,ccd28da60653b5f2f7f707e898ad7f54b243a6d2019ee0720ecbf2c711ef0257,contract_manifest,SUCCESS
MAMBA_RAW_K4_AUX,A_reference_sequence_terminal_proxy,NONE,equivalent_exposure_progress_v1,reference_pure_torch_ssd_mamba2_verified_adapter_v1,2,17,144,2282a691149bdb2299e5997fdb0464cdb01fb8dc4c6321b154bc3e66598f5484,pass_main,40.296024322509766,15.365127563476562,1.032547201965241,1.0968272686004639,28.76492780156083,1.3935694089253916,19.360233796399456,1.811102019570966,4,ccd28da60653b5f2f7f707e898ad7f54b243a6d2019ee0720ecbf2c711ef0257,contract_manifest,SUCCESS
MAMBA_RAW_K4_AUX,A_reference_sequence_terminal_proxy,NONE,equivalent_exposure_progress_v1,reference_pure_torch_ssd_mamba2_verified_adapter_v1,2,17,145,2282a691149bdb2299e5997fdb0464cdb01fb8dc4c6321b154bc3e66598f5484,pass_main,30.32354736328125,9.093179702758789,0.6489329981742521,1.315144419670105,28.76492780156083,1.3935694089253916,19.360233796399456,1.811102019570966,4,ccd28da60653b5f2f7f707e898ad7f54b243a6d2019ee0720ecbf2c711ef0257,contract_manifest,SUCCESS
MAMBA_RAW_K4_AUX,A_reference_sequence_terminal_proxy,NONE,equivalent_exposure_progress_v1,reference_pure_torch_ssd_mamba2_verified_adapter_v1,2,17,146,2282a691149bdb2299e5997fdb0464cdb01fb8dc4c6321b154bc3e66598f5484,pass_main,36.139909744262695,12.199638366699219,0.657148774071851,1.2170319557189941,28.76492780156083,1.3935694089253916,19.360233796399456,1.811102019570966,4,ccd28da60653b5f2f7f707e898ad7f54b243a6d2019ee0720ecbf2c711ef0257,contract_manifest,SUCCESS
MAMBA_RAW_K4_AUX,A_reference_sequence_terminal_proxy,NONE,equivalent_exposure_progress_v1,reference_pure_torch_ssd_mamba2_verified_adapter_v1,2,17,147,2282a691149bdb2299e5997fdb0464cdb01fb8dc4c6321b154bc3e66598f5484,pass_main,18.330870628356934,6.042793273925781,1.663141406080464,1.3881754875183105,28.76492780156083,1.3935694089253916,19.360233796399456,1.811102019570966,4,ccd28da60653b5f2f7f707e898ad7f54b243a6d2019ee0720ecbf2c711ef0257,contract_manifest,SUCCESS
MAMBA_RAW_K4_AUX,A_reference_sequence_terminal_proxy,NONE,equivalent_exposure_progress_v1,reference_pure_torch_ssd_mamba2_verified_adapter_v1,2,17,180,8a8473e9b2ce9f38abfa999c0e58f70d83edb9b52cced02647e66c88c0e8faa0,pass_main,30.35521411895752,6.9878339767456055,0.653953408572333,1.1286940574645996,28.76492780156083,1.3935694089253916,19.360233796399456,1.811102019570966,4,ccd28da60653b5f2f7f707e898ad7f54b243a6d2019ee0720ecbf2c711ef0257,contract_manifest,SUCCESS
MAMBA_RAW_K4_AUX,A_reference_sequence_terminal_proxy,NONE,equivalent_exposure_progress_v1,reference_pure_torch_ssd_mamba2_verified_adapter_v1,2,17,181,8a8473e9b2ce9f38abfa999c0e58f70d83edb9b52cced02647e66c88c0e8faa0,pass_main,36.61757659912109,8.304845809936523,0.8616659343812317,0.9961761832237244,28.76492780156083,1.3935694089253916,19.360233796399456,1.811102019570966,4,ccd28da60653b5f2f7f707e898ad7f54b243a6d2019ee0720ecbf2c711ef0257,contract_manifest,SUCCESS
MAMBA_RAW_K4_AUX,A_reference_sequence_terminal_proxy,NONE,equivalent_exposure_progress_v1,reference_pure_torch_ssd_mamba2_verified_adapter_v1,2,17,182,8a8473e9b2ce9f38abfa999c0e58f70d83edb9b52cced02647e66c88c0e8faa0,pass_main,6.812788248062134,4.530786514282227,2.782968189682732,1.3361454010009766,28.76492780156083,1.3935694089253916,19.360233796399456,1.811102019570966,4,ccd28da60653b5f2f7f707e898ad7f54b243a6d2019ee0720ecbf2c711ef0257,contract_manifest,SUCCESS
MAMBA_RAW_K4_AUX,A_reference_sequence_terminal_proxy,NONE,equivalent_exposure_progress_v1,reference_pure_torch_ssd_mamba2_verified_adapter_v1,2,17,183,8a8473e9b2ce9f38abfa999c0e58f70d83edb9b52cced02647e66c88c0e8faa0,pass_main,22.358110427856445,5.7310028076171875,1.466812795297333,1.2433054447174072,28.76492780156083,1.3935694089253916,19.360233796399456,1.811102019570966,4,ccd28da60653b5f2f7f707e898ad7f54b243a6d2019ee0720ecbf2c711ef0257,contract_manifest,SUCCESS
MAMBA_RAW_K4_AUX,A_reference_sequence_terminal_proxy,NONE,equivalent_exposure_progress_v1,reference_pure_torch_ssd_mamba2_verified_adapter_v1,2,17,192,d0df1d7856526ff46e44dab7ece16ff8ecaf11df5adb1ff1426e78164cf4fdb0,pass_main,7.682702541351318,6.419470310211182,0.5528463906595573,0.7919872403144836,28.76492780156083,1.3935694089253916,19.360233796399456,1.811102019570966,4,ccd28da60653b5f2f7f707e898ad7f54b243a6d2019ee0720ecbf2c711ef0257,contract_manifest,SUCCESS
MAMBA_RAW_K4_AUX,A_reference_sequence_terminal_proxy,NONE,equivalent_exposure_progress_v1,reference_pure_torch_ssd_mamba2_verified_adapter_v1,2,17,193,d0df1d7856526ff46e44dab7ece16ff8ecaf11df5adb1ff1426e78164cf4fdb0,pass_main,1.2347824573516846,4.069555759429932,0.3632668159670156,1.2190903425216675,28.76492780156083,1.3935694089253916,19.360233796399456,1.811102019570966,4,ccd28da60653b5f2f7f707e898ad7f54b243a6d2019ee0720ecbf2c711ef0257,contract_manifest,SUCCESS
MAMBA_RAW_K4_AUX,A_reference_sequence_terminal_proxy,NONE,equivalent_exposure_progress_v1,reference_pure_torch_ssd_mamba2_verified_adapter_v1,2,17,194,d0df1d7856526ff46e44dab7ece16ff8ecaf11df5adb1ff1426e78164cf4fdb0,pass_main,3.71956479549408,4.7911858558654785,0.4070402328732997,1.0901306867599487,28.76492780156083,1.3935694089253916,19.360233796399456,1.811102019570966,4,ccd28da60653b5f2f7f707e898ad7f54b243a6d2019ee0720ecbf2c711ef0257,contract_manifest,SUCCESS
MAMBA_RAW_K4_AUX,A_reference_sequence_terminal_proxy,NONE,equivalent_exposure_progress_v1,reference_pure_torch_ssd_mamba2_verified_adapter_v1,2,17,195,d0df1d7856526ff46e44dab7ece16ff8ecaf11df5adb1ff1426e78164cf4fdb0,pass_main,5.976794481277466,5.5730791091918945,0.4006720230611883,0.9454349279403687,28.76492780156083,1.3935694089253916,19.360233796399456,1.811102019570966,4,ccd28da60653b5f2f7f707e898ad7f54b243a6d2019ee0720ecbf2c711ef0257,contract_manifest,SUCCESS
MAMBA_PHY_K4_NOAUX,A_reference_sequence_terminal_proxy,RLOG_EQEXP_v1,equivalent_exposure_progress_v1,reference_pure_torch_ssd_mamba2_verified_adapter_v1,2,17,7,b81f1a89267dc027a918d7fdd21883843b646707941bd3c6b1588ddfa55e2354,formal,2.632662534713745,6.551095962524414,1.0847713678704898,0.43119195103645325,28.76492780156083,1.3935694089253916,19.360233796399456,1.811102019570966,4,f4c2ea3e35189680c206407e6e9db8fe1118bf91b4e855eb3a999e8b1cbae6ba,contract_manifest,SUCCESS
MAMBA_PHY_K4_NOAUX,A_reference_sequence_terminal_proxy,RLOG_EQEXP_v1,equivalent_exposure_progress_v1,reference_pure_torch_ssd_mamba2_verified_adapter_v1,2,17,11,96862a41ec960ce1e9ac06b48dad2308ccd05ed8299c6010ee55bc2d7729a83b,formal,17.736404418945312,6.9820404052734375,0.717252593093317,0.8133243322372437,28.76492780156083,1.3935694089253916,19.360233796399456,1.811102019570966,4,f4c2ea3e35189680c206407e6e9db8fe1118bf91b4e855eb3a999e8b1cbae6ba,contract_manifest,SUCCESS
MAMBA_PHY_K4_NOAUX,A_reference_sequence_terminal_proxy,RLOG_EQEXP_v1,equivalent_exposure_progress_v1,reference_pure_torch_ssd_mamba2_verified_adapter_v1,2,17,14,5d358d88eb01d2343e2814639067c269c27e39a1913ae399dbdce8aae7ccfc5a,formal,6.098482370376587,5.967151165008545,1.6891952901381333,1.4294463396072388,28.76492780156083,1.3935694089253916,19.360233796399456,1.811102019570966,4,f4c2ea3e35189680c206407e6e9db8fe1118bf91b4e855eb3a999e8b1cbae6ba,contract_manifest,SUCCESS
MAMBA_PHY_K4_NOAUX,A_reference_sequence_terminal_proxy,RLOG_EQEXP_v1,equivalent_exposure_progress_v1,reference_pure_torch_ssd_mamba2_verified_adapter_v1,2,17,21,3e82fb2a6944aaa8f9f1da3121bc0805ed614903c8e64509a2e7f66c19e70db5,formal,49.31291389465332,13.015260696411133,1.363387052663027,1.4344340562820435,28.76492780156083,1.3935694089253916,19.360233796399456,1.811102019570966,4,f4c2ea3e35189680c206407e6e9db8fe1118bf91b4e855eb3a999e8b1cbae6ba,contract_manifest,SUCCESS
MAMBA_PHY_K4_NOAUX,A_reference_sequence_terminal_proxy,RLOG_EQEXP_v1,equivalent_exposure_progress_v1,reference_pure_torch_ssd_mamba2_verified_adapter_v1,2,17,23,1cc20ba113bb8c81584260fdfdb122fb5f8380ab4610533dedf6e7951b5dd601,formal,65.08415985107422,14.919546127319336,6.757139793441747,1.3486837148666382,28.76492780156083,1.3935694089253916,19.360233796399456,1.811102019570966,4,f4c2ea3e35189680c206407e6e9db8fe1118bf91b4e855eb3a999e8b1cbae6ba,contract_manifest,SUCCESS
MAMBA_PHY_K4_NOAUX,A_reference_sequence_terminal_proxy,RLOG_EQEXP_v1,equivalent_exposure_progress_v1,reference_pure_torch_ssd_mamba2_verified_adapter_v1,2,17,30,4f7fcbe1719005d11d07758bb4161ee87609b38be4446916dc57c94322330ae2,formal,10.066497802734377,5.283905506134033,0.5302255401715978,1.1214927434921265,28.76492780156083,1.3935694089253916,19.360233796399456,1.811102019570966,4,f4c2ea3e35189680c206407e6e9db8fe1118bf91b4e855eb3a999e8b1cbae6ba,contract_manifest,SUCCESS
MAMBA_PHY_K4_NOAUX,A_reference_sequence_terminal_proxy,RLOG_EQEXP_v1,equivalent_exposure_progress_v1,reference_pure_torch_ssd_mamba2_verified_adapter_v1,2,17,31,cc255d9703401474177cd4c742d77bceb1d9a5aa17481d0048411b58ddf9c519,formal,48.365509033203125,27.574262619018555,0.8592239110949081,1.714784860610962,28.76492780156083,1.3935694089253916,19.360233796399456,1.811102019570966,4,f4c2ea3e35189680c206407e6e9db8fe1118bf91b4e855eb3a999e8b1cbae6ba,contract_manifest,SUCCESS
MAMBA_PHY_K4_NOAUX,A_reference_sequence_terminal_proxy,RLOG_EQEXP_v1,equivalent_exposure_progress_v1,reference_pure_torch_ssd_mamba2_verified_adapter_v1,2,17,39,fa5882873103aa52140e4b087c0124ec6f5e29a6267b8238115a0afb2f7a75eb,formal,57.65474891662598,37.69508361816406,1.973881005435518,1.6601430177688599,28.76492780156083,1.3935694089253916,19.360233796399456,1.811102019570966,4,f4c2ea3e35189680c206407e6e9db8fe1118bf91b4e855eb3a999e8b1cbae6ba,contract_manifest,SUCCESS
MAMBA_PHY_K4_NOAUX,A_reference_sequence_terminal_proxy,RLOG_EQEXP_v1,equivalent_exposure_progress_v1,reference_pure_torch_ssd_mamba2_verified_adapter_v1,2,17,57,f0e4294642b1a1d56a09f022ec59ba54f596ca071c05c95e9a89b119c00e9ae1,formal,43.48048782348633,11.984663009643555,3.8775169520942554,1.3114019632339478,28.76492780156083,1.3935694089253916,19.360233796399456,1.811102019570966,4,f4c2ea3e35189680c206407e6e9db8fe1118bf91b4e855eb3a999e8b1cbae6ba,contract_manifest,SUCCESS
MAMBA_PHY_K4_NOAUX,A_reference_sequence_terminal_proxy,RLOG_EQEXP_v1,equivalent_exposure_progress_v1,reference_pure_torch_ssd_mamba2_verified_adapter_v1,2,17,58,dcd7753890fd5e4806443cbb1eb645812b56676ad786ed6852a88a3ae37ecc00,formal,53.0235481262207,36.073272705078125,2.927520009813267,1.600533127784729,28.76492780156083,1.3935694089253916,19.360233796399456,1.811102019570966,4,f4c2ea3e35189680c206407e6e9db8fe1118bf91b4e855eb3a999e8b1cbae6ba,contract_manifest,SUCCESS
MAMBA_PHY_K4_NOAUX,A_reference_sequence_terminal_proxy,RLOG_EQEXP_v1,equivalent_exposure_progress_v1,reference_pure_torch_ssd_mamba2_verified_adapter_v1,2,17,61,27f9c2a5e9e9837f62e328ff7681122675461e3fa07ddc90e774eb32d77dfefe,formal,60.34411811828613,32.314170837402344,1.7809342625445705,1.530063509941101,28.76492780156083,1.3935694089253916,19.360233796399456,1.811102019570966,4,f4c2ea3e35189680c206407e6e9db8fe1118bf91b4e855eb3a999e8b1cbae6ba,contract_manifest,SUCCESS
MAMBA_PHY_K4_NOAUX,A_reference_sequence_terminal_proxy,RLOG_EQEXP_v1,equivalent_exposure_progress_v1,reference_pure_torch_ssd_mamba2_verified_adapter_v1,2,17,62,8cb487efdeec8957db1548e3c5027ee452ca503d6299e7f8b3a632b250e0bbeb,formal,58.803592681884766,30.815235137939453,2.3770510351257603,1.674583077430725,28.76492780156083,1.3935694089253916,19.360233796399456,1.811102019570966,4,f4c2ea3e35189680c206407e6e9db8fe1118bf91b4e855eb3a999e8b1cbae6ba,contract_manifest,SUCCESS
MAMBA_PHY_K4_NOAUX,A_reference_sequence_terminal_proxy,RLOG_EQEXP_v1,equivalent_exposure_progress_v1,reference_pure_torch_ssd_mamba2_verified_adapter_v1,2,17,68,490f0a2476932f3c7f1932dc7c133abf7735511d7855876732c3cf2717a5b4d2,formal,6.6173996925354,11.097368240356445,0.769957951697351,1.8364070653915405,28.76492780156083,1.3935694089253916,19.360233796399456,1.811102019570966,4,f4c2ea3e35189680c206407e6e9db8fe1118bf91b4e855eb3a999e8b1cbae6ba,contract_manifest,SUCCESS
MAMBA_PHY_K4_NOAUX,A_reference_sequence_terminal_proxy,RLOG_EQEXP_v1,equivalent_exposure_progress_v1,reference_pure_torch_ssd_mamba2_verified_adapter_v1,2,17,69,a66b6dc7b4704a9101a0e60a1255a3abc6f7232965acf4b58eede6695289d371,formal,59.64018630981445,29.294540405273438,4.131675070725286,1.8942512273788452,28.76492780156083,1.3935694089253916,19.360233796399456,1.811102019570966,4,f4c2ea3e35189680c206407e6e9db8fe1118bf91b4e855eb3a999e8b1cbae6ba,contract_manifest,SUCCESS
MAMBA_PHY_K4_NOAUX,A_reference_sequence_terminal_proxy,RLOG_EQEXP_v1,equivalent_exposure_progress_v1,reference_pure_torch_ssd_mamba2_verified_adapter_v1,2,17,72,667b6d7862b280420085ba92043a58aa349ba085b9a5909efe1a2454f039b81c,formal,27.42224597930908,12.59011173248291,0.40046928630133605,0.5742279291152954,28.76492780156083,1.3935694089253916,19.360233796399456,1.811102019570966,4,f4c2ea3e35189680c206407e6e9db8fe1118bf91b4e855eb3a999e8b1cbae6ba,contract_manifest,SUCCESS
MAMBA_PHY_K4_NOAUX,A_reference_sequence_terminal_proxy,RLOG_EQEXP_v1,equivalent_exposure_progress_v1,reference_pure_torch_ssd_mamba2_verified_adapter_v1,2,17,77,c0b782de4cab74d31dbb6310a3fb14d80c1a612738376b38f73168275f3d5835,formal,4.457285404205322,4.4540605545043945,0.7181510701957228,1.2586090564727783,28.76492780156083,1.3935694089253916,19.360233796399456,1.811102019570966,4,f4c2ea3e35189680c206407e6e9db8fe1118bf91b4e855eb3a999e8b1cbae6ba,contract_manifest,SUCCESS
MAMBA_PHY_K4_NOAUX,A_reference_sequence_terminal_proxy,RLOG_EQEXP_v1,equivalent_exposure_progress_v1,reference_pure_torch_ssd_mamba2_verified_adapter_v1,2,17,82,311de2710d82b7b2af003a68d0d7e82ea572a37f529862ef628537ec86267771,formal,45.0401725769043,39.53541946411133,6.533538265446023,1.8019856214523315,28.76492780156083,1.3935694089253916,19.360233796399456,1.811102019570966,4,f4c2ea3e35189680c206407e6e9db8fe1118bf91b4e855eb3a999e8b1cbae6ba,contract_manifest,SUCCESS
MAMBA_PHY_K4_NOAUX,A_reference_sequence_terminal_proxy,RLOG_EQEXP_v1,equivalent_exposure_progress_v1,reference_pure_torch_ssd_mamba2_verified_adapter_v1,2,17,96,584ec920fea64939745a3279fa08a18784d72ad5b54faa9e3860724e211e900e,formal,29.391660690307617,14.3814697265625,0.4782446978786253,0.7766211032867432,28.76492780156083,1.3935694089253916,19.360233796399456,1.811102019570966,4,f4c2ea3e35189680c206407e6e9db8fe1118bf91b4e855eb3a999e8b1cbae6ba,contract_manifest,SUCCESS
MAMBA_PHY_K4_NOAUX,A_reference_sequence_terminal_proxy,RLOG_EQEXP_v1,equivalent_exposure_progress_v1,reference_pure_torch_ssd_mamba2_verified_adapter_v1,2,17,99,5bafa2031158613ec5ac194a73c6ba6733b719e1c6b5709ddab17673dd22324b,formal,0.1551136970520019,4.1612162590026855,0.2791399824679966,1.099570631980896,28.76492780156083,1.3935694089253916,19.360233796399456,1.811102019570966,4,f4c2ea3e35189680c206407e6e9db8fe1118bf91b4e855eb3a999e8b1cbae6ba,contract_manifest,SUCCESS
MAMBA_PHY_K4_NOAUX,A_reference_sequence_terminal_proxy,RLOG_EQEXP_v1,equivalent_exposure_progress_v1,reference_pure_torch_ssd_mamba2_verified_adapter_v1,2,17,100,5bafa2031158613ec5ac194a73c6ba6733b719e1c6b5709ddab17673dd22324b,formal,3.722853064537048,6.499446868896484,0.29690972411381644,0.6298877000808716,28.76492780156083,1.3935694089253916,19.360233796399456,1.811102019570966,4,f4c2ea3e35189680c206407e6e9db8fe1118bf91b4e855eb3a999e8b1cbae6ba,contract_manifest,SUCCESS
MAMBA_PHY_K4_NOAUX,A_reference_sequence_terminal_proxy,RLOG_EQEXP_v1,equivalent_exposure_progress_v1,reference_pure_torch_ssd_mamba2_verified_adapter_v1,2,17,106,e29ed08b013b66b938382bc561703ae8b895cd02313b3ff67a6519c6bef1be82,formal,4.333580017089844,4.449117660522461,0.6832595593958153,1.2606611251831055,28.76492780156083,1.3935694089253916,19.360233796399456,1.811102019570966,4,f4c2ea3e35189680c206407e6e9db8fe1118bf91b4e855eb3a999e8b1cbae6ba,contract_manifest,SUCCESS
MAMBA_PHY_K4_NOAUX,A_reference_sequence_terminal_proxy,RLOG_EQEXP_v1,equivalent_exposure_progress_v1,reference_pure_torch_ssd_mamba2_verified_adapter_v1,2,17,107,e29ed08b013b66b938382bc561703ae8b895cd02313b3ff67a6519c6bef1be82,formal,15.745314598083496,6.909210205078125,0.4795292163535364,1.0102900266647339,28.76492780156083,1.3935694089253916,19.360233796399456,1.811102019570966,4,f4c2ea3e35189680c206407e6e9db8fe1118bf91b4e855eb3a999e8b1cbae6ba,contract_manifest,SUCCESS
MAMBA_PHY_K4_NOAUX,A_reference_sequence_terminal_proxy,RLOG_EQEXP_v1,equivalent_exposure_progress_v1,reference_pure_torch_ssd_mamba2_verified_adapter_v1,2,17,111,0f06b9d9a003e06bd9303307516e78c675a42cbcdeba2c3cbbfe145587fa0664,formal,19.06198024749756,6.253317832946777,1.7888696872525427,1.327152967453003,28.76492780156083,1.3935694089253916,19.360233796399456,1.811102019570966,4,f4c2ea3e35189680c206407e6e9db8fe1118bf91b4e855eb3a999e8b1cbae6ba,contract_manifest,SUCCESS
MAMBA_PHY_K4_NOAUX,A_reference_sequence_terminal_proxy,RLOG_EQEXP_v1,equivalent_exposure_progress_v1,reference_pure_torch_ssd_mamba2_verified_adapter_v1,2,17,113,79b084fe655b9290a759644a3b54967388aea9f801c7c8088d2f2fe2ffd2ec9a,formal,46.77769660949707,47.98621368408203,2.296400590463846,2.00205397605896,28.76492780156083,1.3935694089253916,19.360233796399456,1.811102019570966,4,f4c2ea3e35189680c206407e6e9db8fe1118bf91b4e855eb3a999e8b1cbae6ba,contract_manifest,SUCCESS
MAMBA_PHY_K4_NOAUX,A_reference_sequence_terminal_proxy,RLOG_EQEXP_v1,equivalent_exposure_progress_v1,reference_pure_torch_ssd_mamba2_verified_adapter_v1,2,17,144,2282a691149bdb2299e5997fdb0464cdb01fb8dc4c6321b154bc3e66598f5484,pass_main,40.296024322509766,15.263731002807617,1.032547201965241,1.081300139427185,28.76492780156083,1.3935694089253916,19.360233796399456,1.811102019570966,4,f4c2ea3e35189680c206407e6e9db8fe1118bf91b4e855eb3a999e8b1cbae6ba,contract_manifest,SUCCESS
MAMBA_PHY_K4_NOAUX,A_reference_sequence_terminal_proxy,RLOG_EQEXP_v1,equivalent_exposure_progress_v1,reference_pure_torch_ssd_mamba2_verified_adapter_v1,2,17,145,2282a691149bdb2299e5997fdb0464cdb01fb8dc4c6321b154bc3e66598f5484,pass_main,30.32354736328125,9.09871768951416,0.6489329981742521,1.2898046970367432,28.76492780156083,1.3935694089253916,19.360233796399456,1.811102019570966,4,f4c2ea3e35189680c206407e6e9db8fe1118bf91b4e855eb3a999e8b1cbae6ba,contract_manifest,SUCCESS
MAMBA_PHY_K4_NOAUX,A_reference_sequence_terminal_proxy,RLOG_EQEXP_v1,equivalent_exposure_progress_v1,reference_pure_torch_ssd_mamba2_verified_adapter_v1,2,17,146,2282a691149bdb2299e5997fdb0464cdb01fb8dc4c6321b154bc3e66598f5484,pass_main,36.139909744262695,12.162945747375488,0.657148774071851,1.1942672729492188,28.76492780156083,1.3935694089253916,19.360233796399456,1.811102019570966,4,f4c2ea3e35189680c206407e6e9db8fe1118bf91b4e855eb3a999e8b1cbae6ba,contract_manifest,SUCCESS
MAMBA_PHY_K4_NOAUX,A_reference_sequence_terminal_proxy,RLOG_EQEXP_v1,equivalent_exposure_progress_v1,reference_pure_torch_ssd_mamba2_verified_adapter_v1,2,17,147,2282a691149bdb2299e5997fdb0464cdb01fb8dc4c6321b154bc3e66598f5484,pass_main,18.330870628356934,6.069738864898682,1.663141406080464,1.365117073059082,28.76492780156083,1.3935694089253916,19.360233796399456,1.811102019570966,4,f4c2ea3e35189680c206407e6e9db8fe1118bf91b4e855eb3a999e8b1cbae6ba,contract_manifest,SUCCESS
MAMBA_PHY_K4_NOAUX,A_reference_sequence_terminal_proxy,RLOG_EQEXP_v1,equivalent_exposure_progress_v1,reference_pure_torch_ssd_mamba2_verified_adapter_v1,2,17,180,8a8473e9b2ce9f38abfa999c0e58f70d83edb9b52cced02647e66c88c0e8faa0,pass_main,30.35521411895752,6.533724784851074,0.653953408572333,1.1522072553634644,28.76492780156083,1.3935694089253916,19.360233796399456,1.811102019570966,4,f4c2ea3e35189680c206407e6e9db8fe1118bf91b4e855eb3a999e8b1cbae6ba,contract_manifest,SUCCESS
MAMBA_PHY_K4_NOAUX,A_reference_sequence_terminal_proxy,RLOG_EQEXP_v1,equivalent_exposure_progress_v1,reference_pure_torch_ssd_mamba2_verified_adapter_v1,2,17,181,8a8473e9b2ce9f38abfa999c0e58f70d83edb9b52cced02647e66c88c0e8faa0,pass_main,36.61757659912109,7.759494304656982,0.8616659343812317,1.018925428390503,28.76492780156083,1.3935694089253916,19.360233796399456,1.811102019570966,4,f4c2ea3e35189680c206407e6e9db8fe1118bf91b4e855eb3a999e8b1cbae6ba,contract_manifest,SUCCESS
MAMBA_PHY_K4_NOAUX,A_reference_sequence_terminal_proxy,RLOG_EQEXP_v1,equivalent_exposure_progress_v1,reference_pure_torch_ssd_mamba2_verified_adapter_v1,2,17,182,8a8473e9b2ce9f38abfa999c0e58f70d83edb9b52cced02647e66c88c0e8faa0,pass_main,6.812788248062134,4.235742568969727,2.782968189682732,1.3600584268569946,28.76492780156083,1.3935694089253916,19.360233796399456,1.811102019570966,4,f4c2ea3e35189680c206407e6e9db8fe1118bf91b4e855eb3a999e8b1cbae6ba,contract_manifest,SUCCESS
MAMBA_PHY_K4_NOAUX,A_reference_sequence_terminal_proxy,RLOG_EQEXP_v1,equivalent_exposure_progress_v1,reference_pure_torch_ssd_mamba2_verified_adapter_v1,2,17,183,8a8473e9b2ce9f38abfa999c0e58f70d83edb9b52cced02647e66c88c0e8faa0,pass_main,22.358110427856445,5.359943866729736,1.466812795297333,1.267174482345581,28.76492780156083,1.3935694089253916,19.360233796399456,1.811102019570966,4,f4c2ea3e35189680c206407e6e9db8fe1118bf91b4e855eb3a999e8b1cbae6ba,contract_manifest,SUCCESS
MAMBA_PHY_K4_NOAUX,A_reference_sequence_terminal_proxy,RLOG_EQEXP_v1,equivalent_exposure_progress_v1,reference_pure_torch_ssd_mamba2_verified_adapter_v1,2,17,192,d0df1d7856526ff46e44dab7ece16ff8ecaf11df5adb1ff1426e78164cf4fdb0,pass_main,7.682702541351318,6.367170810699463,0.5528463906595573,0.7268978357315063,28.76492780156083,1.3935694089253916,19.360233796399456,1.811102019570966,4,f4c2ea3e35189680c206407e6e9db8fe1118bf91b4e855eb3a999e8b1cbae6ba,contract_manifest,SUCCESS
MAMBA_PHY_K4_NOAUX,A_reference_sequence_terminal_proxy,RLOG_EQEXP_v1,equivalent_exposure_progress_v1,reference_pure_torch_ssd_mamba2_verified_adapter_v1,2,17,193,d0df1d7856526ff46e44dab7ece16ff8ecaf11df5adb1ff1426e78164cf4fdb0,pass_main,1.2347824573516846,4.05258321762085,0.3632668159670156,1.1775016784667969,28.76492780156083,1.3935694089253916,19.360233796399456,1.811102019570966,4,f4c2ea3e35189680c206407e6e9db8fe1118bf91b4e855eb3a999e8b1cbae6ba,contract_manifest,SUCCESS
MAMBA_PHY_K4_NOAUX,A_reference_sequence_terminal_proxy,RLOG_EQEXP_v1,equivalent_exposure_progress_v1,reference_pure_torch_ssd_mamba2_verified_adapter_v1,2,17,194,d0df1d7856526ff46e44dab7ece16ff8ecaf11df5adb1ff1426e78164cf4fdb0,pass_main,3.71956479549408,4.771134376525879,0.4070402328732997,1.0373677015304565,28.76492780156083,1.3935694089253916,19.360233796399456,1.811102019570966,4,f4c2ea3e35189680c206407e6e9db8fe1118bf91b4e855eb3a999e8b1cbae6ba,contract_manifest,SUCCESS
MAMBA_PHY_K4_NOAUX,A_reference_sequence_terminal_proxy,RLOG_EQEXP_v1,equivalent_exposure_progress_v1,reference_pure_torch_ssd_mamba2_verified_adapter_v1,2,17,195,d0df1d7856526ff46e44dab7ece16ff8ecaf11df5adb1ff1426e78164cf4fdb0,pass_main,5.976794481277466,5.541301250457764,0.4006720230611883,0.8846060633659363,28.76492780156083,1.3935694089253916,19.360233796399456,1.811102019570966,4,f4c2ea3e35189680c206407e6e9db8fe1118bf91b4e855eb3a999e8b1cbae6ba,contract_manifest,SUCCESS
MAMBA_PHY_K4_AUX,A_reference_sequence_terminal_proxy,RLOG_EQEXP_v1,equivalent_exposure_progress_v1,reference_pure_torch_ssd_mamba2_verified_adapter_v1,2,17,7,b81f1a89267dc027a918d7fdd21883843b646707941bd3c6b1588ddfa55e2354,formal,2.632662534713745,6.498622894287109,1.0847713678704898,0.44779515266418457,28.76492780156083,1.3935694089253916,19.360233796399456,1.811102019570966,4,cb69a52a6e8867209ddb6d726e77b69d981adf4dd9e5772863b0790e9fea5dd9,contract_manifest,SUCCESS
MAMBA_PHY_K4_AUX,A_reference_sequence_terminal_proxy,RLOG_EQEXP_v1,equivalent_exposure_progress_v1,reference_pure_torch_ssd_mamba2_verified_adapter_v1,2,17,11,96862a41ec960ce1e9ac06b48dad2308ccd05ed8299c6010ee55bc2d7729a83b,formal,17.736404418945312,7.047904968261719,0.717252593093317,0.8137514591217041,28.76492780156083,1.3935694089253916,19.360233796399456,1.811102019570966,4,cb69a52a6e8867209ddb6d726e77b69d981adf4dd9e5772863b0790e9fea5dd9,contract_manifest,SUCCESS
MAMBA_PHY_K4_AUX,A_reference_sequence_terminal_proxy,RLOG_EQEXP_v1,equivalent_exposure_progress_v1,reference_pure_torch_ssd_mamba2_verified_adapter_v1,2,17,14,5d358d88eb01d2343e2814639067c269c27e39a1913ae399dbdce8aae7ccfc5a,formal,6.098482370376587,6.086808204650879,1.6891952901381333,1.4190948009490967,28.76492780156083,1.3935694089253916,19.360233796399456,1.811102019570966,4,cb69a52a6e8867209ddb6d726e77b69d981adf4dd9e5772863b0790e9fea5dd9,contract_manifest,SUCCESS
MAMBA_PHY_K4_AUX,A_reference_sequence_terminal_proxy,RLOG_EQEXP_v1,equivalent_exposure_progress_v1,reference_pure_torch_ssd_mamba2_verified_adapter_v1,2,17,21,3e82fb2a6944aaa8f9f1da3121bc0805ed614903c8e64509a2e7f66c19e70db5,formal,49.31291389465332,13.208786010742188,1.363387052663027,1.4069197177886963,28.76492780156083,1.3935694089253916,19.360233796399456,1.811102019570966,4,cb69a52a6e8867209ddb6d726e77b69d981adf4dd9e5772863b0790e9fea5dd9,contract_manifest,SUCCESS
MAMBA_PHY_K4_AUX,A_reference_sequence_terminal_proxy,RLOG_EQEXP_v1,equivalent_exposure_progress_v1,reference_pure_torch_ssd_mamba2_verified_adapter_v1,2,17,23,1cc20ba113bb8c81584260fdfdb122fb5f8380ab4610533dedf6e7951b5dd601,formal,65.08415985107422,15.294271469116211,6.757139793441747,1.299233317375183,28.76492780156083,1.3935694089253916,19.360233796399456,1.811102019570966,4,cb69a52a6e8867209ddb6d726e77b69d981adf4dd9e5772863b0790e9fea5dd9,contract_manifest,SUCCESS
MAMBA_PHY_K4_AUX,A_reference_sequence_terminal_proxy,RLOG_EQEXP_v1,equivalent_exposure_progress_v1,reference_pure_torch_ssd_mamba2_verified_adapter_v1,2,17,30,4f7fcbe1719005d11d07758bb4161ee87609b38be4446916dc57c94322330ae2,formal,10.066497802734377,5.3409528732299805,0.5302255401715978,1.121781587600708,28.76492780156083,1.3935694089253916,19.360233796399456,1.811102019570966,4,cb69a52a6e8867209ddb6d726e77b69d981adf4dd9e5772863b0790e9fea5dd9,contract_manifest,SUCCESS
MAMBA_PHY_K4_AUX,A_reference_sequence_terminal_proxy,RLOG_EQEXP_v1,equivalent_exposure_progress_v1,reference_pure_torch_ssd_mamba2_verified_adapter_v1,2,17,31,cc255d9703401474177cd4c742d77bceb1d9a5aa17481d0048411b58ddf9c519,formal,48.365509033203125,27.749114990234375,0.8592239110949081,1.6852476596832275,28.76492780156083,1.3935694089253916,19.360233796399456,1.811102019570966,4,cb69a52a6e8867209ddb6d726e77b69d981adf4dd9e5772863b0790e9fea5dd9,contract_manifest,SUCCESS
MAMBA_PHY_K4_AUX,A_reference_sequence_terminal_proxy,RLOG_EQEXP_v1,equivalent_exposure_progress_v1,reference_pure_torch_ssd_mamba2_verified_adapter_v1,2,17,39,fa5882873103aa52140e4b087c0124ec6f5e29a6267b8238115a0afb2f7a75eb,formal,57.65474891662598,38.06626892089844,1.973881005435518,1.5902230739593506,28.76492780156083,1.3935694089253916,19.360233796399456,1.811102019570966,4,cb69a52a6e8867209ddb6d726e77b69d981adf4dd9e5772863b0790e9fea5dd9,contract_manifest,SUCCESS
MAMBA_PHY_K4_AUX,A_reference_sequence_terminal_proxy,RLOG_EQEXP_v1,equivalent_exposure_progress_v1,reference_pure_torch_ssd_mamba2_verified_adapter_v1,2,17,57,f0e4294642b1a1d56a09f022ec59ba54f596ca071c05c95e9a89b119c00e9ae1,formal,43.48048782348633,12.143465042114258,3.8775169520942554,1.2901854515075684,28.76492780156083,1.3935694089253916,19.360233796399456,1.811102019570966,4,cb69a52a6e8867209ddb6d726e77b69d981adf4dd9e5772863b0790e9fea5dd9,contract_manifest,SUCCESS
MAMBA_PHY_K4_AUX,A_reference_sequence_terminal_proxy,RLOG_EQEXP_v1,equivalent_exposure_progress_v1,reference_pure_torch_ssd_mamba2_verified_adapter_v1,2,17,58,dcd7753890fd5e4806443cbb1eb645812b56676ad786ed6852a88a3ae37ecc00,formal,53.0235481262207,36.388938903808594,2.927520009813267,1.5458873510360718,28.76492780156083,1.3935694089253916,19.360233796399456,1.811102019570966,4,cb69a52a6e8867209ddb6d726e77b69d981adf4dd9e5772863b0790e9fea5dd9,contract_manifest,SUCCESS
MAMBA_PHY_K4_AUX,A_reference_sequence_terminal_proxy,RLOG_EQEXP_v1,equivalent_exposure_progress_v1,reference_pure_torch_ssd_mamba2_verified_adapter_v1,2,17,61,27f9c2a5e9e9837f62e328ff7681122675461e3fa07ddc90e774eb32d77dfefe,formal,60.34411811828613,32.60266876220703,1.7809342625445705,1.4686613082885742,28.76492780156083,1.3935694089253916,19.360233796399456,1.811102019570966,4,cb69a52a6e8867209ddb6d726e77b69d981adf4dd9e5772863b0790e9fea5dd9,contract_manifest,SUCCESS
MAMBA_PHY_K4_AUX,A_reference_sequence_terminal_proxy,RLOG_EQEXP_v1,equivalent_exposure_progress_v1,reference_pure_torch_ssd_mamba2_verified_adapter_v1,2,17,62,8cb487efdeec8957db1548e3c5027ee452ca503d6299e7f8b3a632b250e0bbeb,formal,58.803592681884766,31.122831344604492,2.3770510351257603,1.621772289276123,28.76492780156083,1.3935694089253916,19.360233796399456,1.811102019570966,4,cb69a52a6e8867209ddb6d726e77b69d981adf4dd9e5772863b0790e9fea5dd9,contract_manifest,SUCCESS
MAMBA_PHY_K4_AUX,A_reference_sequence_terminal_proxy,RLOG_EQEXP_v1,equivalent_exposure_progress_v1,reference_pure_torch_ssd_mamba2_verified_adapter_v1,2,17,68,490f0a2476932f3c7f1932dc7c133abf7735511d7855876732c3cf2717a5b4d2,formal,6.6173996925354,11.214598655700684,0.769957951697351,1.8155517578125,28.76492780156083,1.3935694089253916,19.360233796399456,1.811102019570966,4,cb69a52a6e8867209ddb6d726e77b69d981adf4dd9e5772863b0790e9fea5dd9,contract_manifest,SUCCESS
MAMBA_PHY_K4_AUX,A_reference_sequence_terminal_proxy,RLOG_EQEXP_v1,equivalent_exposure_progress_v1,reference_pure_torch_ssd_mamba2_verified_adapter_v1,2,17,69,a66b6dc7b4704a9101a0e60a1255a3abc6f7232965acf4b58eede6695289d371,formal,59.64018630981445,29.542203903198242,4.131675070725286,1.8409502506256104,28.76492780156083,1.3935694089253916,19.360233796399456,1.811102019570966,4,cb69a52a6e8867209ddb6d726e77b69d981adf4dd9e5772863b0790e9fea5dd9,contract_manifest,SUCCESS
MAMBA_PHY_K4_AUX,A_reference_sequence_terminal_proxy,RLOG_EQEXP_v1,equivalent_exposure_progress_v1,reference_pure_torch_ssd_mamba2_verified_adapter_v1,2,17,72,667b6d7862b280420085ba92043a58aa349ba085b9a5909efe1a2454f039b81c,formal,27.42224597930908,12.550048828125,0.40046928630133605,0.5726664662361145,28.76492780156083,1.3935694089253916,19.360233796399456,1.811102019570966,4,cb69a52a6e8867209ddb6d726e77b69d981adf4dd9e5772863b0790e9fea5dd9,contract_manifest,SUCCESS
MAMBA_PHY_K4_AUX,A_reference_sequence_terminal_proxy,RLOG_EQEXP_v1,equivalent_exposure_progress_v1,reference_pure_torch_ssd_mamba2_verified_adapter_v1,2,17,77,c0b782de4cab74d31dbb6310a3fb14d80c1a612738376b38f73168275f3d5835,formal,4.457285404205322,4.5088982582092285,0.7181510701957228,1.2588669061660767,28.76492780156083,1.3935694089253916,19.360233796399456,1.811102019570966,4,cb69a52a6e8867209ddb6d726e77b69d981adf4dd9e5772863b0790e9fea5dd9,contract_manifest,SUCCESS
MAMBA_PHY_K4_AUX,A_reference_sequence_terminal_proxy,RLOG_EQEXP_v1,equivalent_exposure_progress_v1,reference_pure_torch_ssd_mamba2_verified_adapter_v1,2,17,82,311de2710d82b7b2af003a68d0d7e82ea572a37f529862ef628537ec86267771,formal,45.0401725769043,39.76118087768555,6.533538265446023,1.7565158605575562,28.76492780156083,1.3935694089253916,19.360233796399456,1.811102019570966,4,cb69a52a6e8867209ddb6d726e77b69d981adf4dd9e5772863b0790e9fea5dd9,contract_manifest,SUCCESS
MAMBA_PHY_K4_AUX,A_reference_sequence_terminal_proxy,RLOG_EQEXP_v1,equivalent_exposure_progress_v1,reference_pure_torch_ssd_mamba2_verified_adapter_v1,2,17,96,584ec920fea64939745a3279fa08a18784d72ad5b54faa9e3860724e211e900e,formal,29.391660690307617,14.374563217163086,0.4782446978786253,0.7695407271385193,28.76492780156083,1.3935694089253916,19.360233796399456,1.811102019570966,4,cb69a52a6e8867209ddb6d726e77b69d981adf4dd9e5772863b0790e9fea5dd9,contract_manifest,SUCCESS
MAMBA_PHY_K4_AUX,A_reference_sequence_terminal_proxy,RLOG_EQEXP_v1,equivalent_exposure_progress_v1,reference_pure_torch_ssd_mamba2_verified_adapter_v1,2,17,99,5bafa2031158613ec5ac194a73c6ba6733b719e1c6b5709ddab17673dd22324b,formal,0.1551136970520019,4.146190643310547,0.2791399824679966,1.108917474746704,28.76492780156083,1.3935694089253916,19.360233796399456,1.811102019570966,4,cb69a52a6e8867209ddb6d726e77b69d981adf4dd9e5772863b0790e9fea5dd9,contract_manifest,SUCCESS
MAMBA_PHY_K4_AUX,A_reference_sequence_terminal_proxy,RLOG_EQEXP_v1,equivalent_exposure_progress_v1,reference_pure_torch_ssd_mamba2_verified_adapter_v1,2,17,100,5bafa2031158613ec5ac194a73c6ba6733b719e1c6b5709ddab17673dd22324b,formal,3.722853064537048,6.462862491607666,0.29690972411381644,0.6420251727104187,28.76492780156083,1.3935694089253916,19.360233796399456,1.811102019570966,4,cb69a52a6e8867209ddb6d726e77b69d981adf4dd9e5772863b0790e9fea5dd9,contract_manifest,SUCCESS
MAMBA_PHY_K4_AUX,A_reference_sequence_terminal_proxy,RLOG_EQEXP_v1,equivalent_exposure_progress_v1,reference_pure_torch_ssd_mamba2_verified_adapter_v1,2,17,106,e29ed08b013b66b938382bc561703ae8b895cd02313b3ff67a6519c6bef1be82,formal,4.333580017089844,4.503568649291992,0.6832595593958153,1.2609511613845825,28.76492780156083,1.3935694089253916,19.360233796399456,1.811102019570966,4,cb69a52a6e8867209ddb6d726e77b69d981adf4dd9e5772863b0790e9fea5dd9,contract_manifest,SUCCESS
MAMBA_PHY_K4_AUX,A_reference_sequence_terminal_proxy,RLOG_EQEXP_v1,equivalent_exposure_progress_v1,reference_pure_torch_ssd_mamba2_verified_adapter_v1,2,17,107,e29ed08b013b66b938382bc561703ae8b895cd02313b3ff67a6519c6bef1be82,formal,15.745314598083496,6.987349987030029,0.4795292163535364,1.0082083940505981,28.76492780156083,1.3935694089253916,19.360233796399456,1.811102019570966,4,cb69a52a6e8867209ddb6d726e77b69d981adf4dd9e5772863b0790e9fea5dd9,contract_manifest,SUCCESS
MAMBA_PHY_K4_AUX,A_reference_sequence_terminal_proxy,RLOG_EQEXP_v1,equivalent_exposure_progress_v1,reference_pure_torch_ssd_mamba2_verified_adapter_v1,2,17,111,0f06b9d9a003e06bd9303307516e78c675a42cbcdeba2c3cbbfe145587fa0664,formal,19.06198024749756,6.390811443328857,1.7888696872525427,1.3157198429107666,28.76492780156083,1.3935694089253916,19.360233796399456,1.811102019570966,4,cb69a52a6e8867209ddb6d726e77b69d981adf4dd9e5772863b0790e9fea5dd9,contract_manifest,SUCCESS
MAMBA_PHY_K4_AUX,A_reference_sequence_terminal_proxy,RLOG_EQEXP_v1,equivalent_exposure_progress_v1,reference_pure_torch_ssd_mamba2_verified_adapter_v1,2,17,113,79b084fe655b9290a759644a3b54967388aea9f801c7c8088d2f2fe2ffd2ec9a,formal,46.77769660949707,48.15875244140625,2.296400590463846,1.9424028396606445,28.76492780156083,1.3935694089253916,19.360233796399456,1.811102019570966,4,cb69a52a6e8867209ddb6d726e77b69d981adf4dd9e5772863b0790e9fea5dd9,contract_manifest,SUCCESS
MAMBA_PHY_K4_AUX,A_reference_sequence_terminal_proxy,RLOG_EQEXP_v1,equivalent_exposure_progress_v1,reference_pure_torch_ssd_mamba2_verified_adapter_v1,2,17,144,2282a691149bdb2299e5997fdb0464cdb01fb8dc4c6321b154bc3e66598f5484,pass_main,40.296024322509766,15.321367263793945,1.032547201965241,1.0591175556182861,28.76492780156083,1.3935694089253916,19.360233796399456,1.811102019570966,4,cb69a52a6e8867209ddb6d726e77b69d981adf4dd9e5772863b0790e9fea5dd9,contract_manifest,SUCCESS
MAMBA_PHY_K4_AUX,A_reference_sequence_terminal_proxy,RLOG_EQEXP_v1,equivalent_exposure_progress_v1,reference_pure_torch_ssd_mamba2_verified_adapter_v1,2,17,145,2282a691149bdb2299e5997fdb0464cdb01fb8dc4c6321b154bc3e66598f5484,pass_main,30.32354736328125,9.116573333740234,0.6489329981742521,1.2806990146636963,28.76492780156083,1.3935694089253916,19.360233796399456,1.811102019570966,4,cb69a52a6e8867209ddb6d726e77b69d981adf4dd9e5772863b0790e9fea5dd9,contract_manifest,SUCCESS
MAMBA_PHY_K4_AUX,A_reference_sequence_terminal_proxy,RLOG_EQEXP_v1,equivalent_exposure_progress_v1,reference_pure_torch_ssd_mamba2_verified_adapter_v1,2,17,146,2282a691149bdb2299e5997fdb0464cdb01fb8dc4c6321b154bc3e66598f5484,pass_main,36.139909744262695,12.198131561279297,0.657148774071851,1.178791880607605,28.76492780156083,1.3935694089253916,19.360233796399456,1.811102019570966,4,cb69a52a6e8867209ddb6d726e77b69d981adf4dd9e5772863b0790e9fea5dd9,contract_manifest,SUCCESS
MAMBA_PHY_K4_AUX,A_reference_sequence_terminal_proxy,RLOG_EQEXP_v1,equivalent_exposure_progress_v1,reference_pure_torch_ssd_mamba2_verified_adapter_v1,2,17,147,2282a691149bdb2299e5997fdb0464cdb01fb8dc4c6321b154bc3e66598f5484,pass_main,18.330870628356934,6.0754594802856445,1.663141406080464,1.36134934425354,28.76492780156083,1.3935694089253916,19.360233796399456,1.811102019570966,4,cb69a52a6e8867209ddb6d726e77b69d981adf4dd9e5772863b0790e9fea5dd9,contract_manifest,SUCCESS
MAMBA_PHY_K4_AUX,A_reference_sequence_terminal_proxy,RLOG_EQEXP_v1,equivalent_exposure_progress_v1,reference_pure_torch_ssd_mamba2_verified_adapter_v1,2,17,180,8a8473e9b2ce9f38abfa999c0e58f70d83edb9b52cced02647e66c88c0e8faa0,pass_main,30.35521411895752,6.668707847595215,0.653953408572333,1.1421256065368652,28.76492780156083,1.3935694089253916,19.360233796399456,1.811102019570966,4,cb69a52a6e8867209ddb6d726e77b69d981adf4dd9e5772863b0790e9fea5dd9,contract_manifest,SUCCESS
MAMBA_PHY_K4_AUX,A_reference_sequence_terminal_proxy,RLOG_EQEXP_v1,equivalent_exposure_progress_v1,reference_pure_torch_ssd_mamba2_verified_adapter_v1,2,17,181,8a8473e9b2ce9f38abfa999c0e58f70d83edb9b52cced02647e66c88c0e8faa0,pass_main,36.61757659912109,7.917959213256836,0.8616659343812317,1.0066548585891724,28.76492780156083,1.3935694089253916,19.360233796399456,1.811102019570966,4,cb69a52a6e8867209ddb6d726e77b69d981adf4dd9e5772863b0790e9fea5dd9,contract_manifest,SUCCESS
MAMBA_PHY_K4_AUX,A_reference_sequence_terminal_proxy,RLOG_EQEXP_v1,equivalent_exposure_progress_v1,reference_pure_torch_ssd_mamba2_verified_adapter_v1,2,17,182,8a8473e9b2ce9f38abfa999c0e58f70d83edb9b52cced02647e66c88c0e8faa0,pass_main,6.812788248062134,4.329283714294434,2.782968189682732,1.3544058799743652,28.76492780156083,1.3935694089253916,19.360233796399456,1.811102019570966,4,cb69a52a6e8867209ddb6d726e77b69d981adf4dd9e5772863b0790e9fea5dd9,contract_manifest,SUCCESS
MAMBA_PHY_K4_AUX,A_reference_sequence_terminal_proxy,RLOG_EQEXP_v1,equivalent_exposure_progress_v1,reference_pure_torch_ssd_mamba2_verified_adapter_v1,2,17,183,8a8473e9b2ce9f38abfa999c0e58f70d83edb9b52cced02647e66c88c0e8faa0,pass_main,22.358110427856445,5.473366737365723,1.466812795297333,1.2594168186187744,28.76492780156083,1.3935694089253916,19.360233796399456,1.811102019570966,4,cb69a52a6e8867209ddb6d726e77b69d981adf4dd9e5772863b0790e9fea5dd9,contract_manifest,SUCCESS
MAMBA_PHY_K4_AUX,A_reference_sequence_terminal_proxy,RLOG_EQEXP_v1,equivalent_exposure_progress_v1,reference_pure_torch_ssd_mamba2_verified_adapter_v1,2,17,192,d0df1d7856526ff46e44dab7ece16ff8ecaf11df5adb1ff1426e78164cf4fdb0,pass_main,7.682702541351318,6.3880414962768555,0.5528463906595573,0.7340872883796692,28.76492780156083,1.3935694089253916,19.360233796399456,1.811102019570966,4,cb69a52a6e8867209ddb6d726e77b69d981adf4dd9e5772863b0790e9fea5dd9,contract_manifest,SUCCESS
MAMBA_PHY_K4_AUX,A_reference_sequence_terminal_proxy,RLOG_EQEXP_v1,equivalent_exposure_progress_v1,reference_pure_torch_ssd_mamba2_verified_adapter_v1,2,17,193,d0df1d7856526ff46e44dab7ece16ff8ecaf11df5adb1ff1426e78164cf4fdb0,pass_main,1.2347824573516846,4.072748184204102,0.3632668159670156,1.1828522682189941,28.76492780156083,1.3935694089253916,19.360233796399456,1.811102019570966,4,cb69a52a6e8867209ddb6d726e77b69d981adf4dd9e5772863b0790e9fea5dd9,contract_manifest,SUCCESS
MAMBA_PHY_K4_AUX,A_reference_sequence_terminal_proxy,RLOG_EQEXP_v1,equivalent_exposure_progress_v1,reference_pure_torch_ssd_mamba2_verified_adapter_v1,2,17,194,d0df1d7856526ff46e44dab7ece16ff8ecaf11df5adb1ff1426e78164cf4fdb0,pass_main,3.71956479549408,4.791477680206299,0.4070402328732997,1.04346764087677,28.76492780156083,1.3935694089253916,19.360233796399456,1.811102019570966,4,cb69a52a6e8867209ddb6d726e77b69d981adf4dd9e5772863b0790e9fea5dd9,contract_manifest,SUCCESS
MAMBA_PHY_K4_AUX,A_reference_sequence_terminal_proxy,RLOG_EQEXP_v1,equivalent_exposure_progress_v1,reference_pure_torch_ssd_mamba2_verified_adapter_v1,2,17,195,d0df1d7856526ff46e44dab7ece16ff8ecaf11df5adb1ff1426e78164cf4fdb0,pass_main,5.976794481277466,5.562150001525879,0.4006720230611883,0.8912514448165894,28.76492780156083,1.3935694089253916,19.360233796399456,1.811102019570966,4,cb69a52a6e8867209ddb6d726e77b69d981adf4dd9e5772863b0790e9fea5dd9,contract_manifest,SUCCESS
MAMBA_PHY_K32_AUX,A_reference_sequence_terminal_proxy,RLOG_EQEXP_v1,equivalent_exposure_progress_v1,reference_pure_torch_ssd_mamba2_verified_adapter_v1,2,17,7,b81f1a89267dc027a918d7fdd21883843b646707941bd3c6b1588ddfa55e2354,formal,2.632662534713745,20.38766860961914,1.0847713678704898,1.0767486095428467,28.76492780156083,1.3935694089253916,19.360233796399456,1.811102019570966,32,9c808954d938365c0f30af0ff10ceb1735802caccc50d390f0c2a2a3b63e5096,contract_manifest,SUCCESS
MAMBA_PHY_K32_AUX,A_reference_sequence_terminal_proxy,RLOG_EQEXP_v1,equivalent_exposure_progress_v1,reference_pure_torch_ssd_mamba2_verified_adapter_v1,2,17,11,96862a41ec960ce1e9ac06b48dad2308ccd05ed8299c6010ee55bc2d7729a83b,formal,17.736404418945312,22.16892433166504,0.717252593093317,1.2477171421051025,28.76492780156083,1.3935694089253916,19.360233796399456,1.811102019570966,32,9c808954d938365c0f30af0ff10ceb1735802caccc50d390f0c2a2a3b63e5096,contract_manifest,SUCCESS
MAMBA_PHY_K32_AUX,A_reference_sequence_terminal_proxy,RLOG_EQEXP_v1,equivalent_exposure_progress_v1,reference_pure_torch_ssd_mamba2_verified_adapter_v1,2,17,14,5d358d88eb01d2343e2814639067c269c27e39a1913ae399dbdce8aae7ccfc5a,formal,6.098482370376587,20.919038772583008,1.6891952901381333,1.4763565063476562,28.76492780156083,1.3935694089253916,19.360233796399456,1.811102019570966,32,9c808954d938365c0f30af0ff10ceb1735802caccc50d390f0c2a2a3b63e5096,contract_manifest,SUCCESS
MAMBA_PHY_K32_AUX,A_reference_sequence_terminal_proxy,RLOG_EQEXP_v1,equivalent_exposure_progress_v1,reference_pure_torch_ssd_mamba2_verified_adapter_v1,2,17,21,3e82fb2a6944aaa8f9f1da3121bc0805ed614903c8e64509a2e7f66c19e70db5,formal,49.31291389465332,33.95005798339844,1.363387052663027,1.6880683898925781,28.76492780156083,1.3935694089253916,19.360233796399456,1.811102019570966,32,9c808954d938365c0f30af0ff10ceb1735802caccc50d390f0c2a2a3b63e5096,contract_manifest,SUCCESS
MAMBA_PHY_K32_AUX,A_reference_sequence_terminal_proxy,RLOG_EQEXP_v1,equivalent_exposure_progress_v1,reference_pure_torch_ssd_mamba2_verified_adapter_v1,2,17,23,1cc20ba113bb8c81584260fdfdb122fb5f8380ab4610533dedf6e7951b5dd601,formal,65.08415985107422,45.682533264160156,6.757139793441747,2.0043771266937256,28.76492780156083,1.3935694089253916,19.360233796399456,1.811102019570966,32,9c808954d938365c0f30af0ff10ceb1735802caccc50d390f0c2a2a3b63e5096,contract_manifest,SUCCESS
MAMBA_PHY_K32_AUX,A_reference_sequence_terminal_proxy,RLOG_EQEXP_v1,equivalent_exposure_progress_v1,reference_pure_torch_ssd_mamba2_verified_adapter_v1,2,17,30,4f7fcbe1719005d11d07758bb4161ee87609b38be4446916dc57c94322330ae2,formal,10.066497802734377,17.852188110351562,0.5302255401715978,1.2889693975448608,28.76492780156083,1.3935694089253916,19.360233796399456,1.811102019570966,32,9c808954d938365c0f30af0ff10ceb1735802caccc50d390f0c2a2a3b63e5096,contract_manifest,SUCCESS
MAMBA_PHY_K32_AUX,A_reference_sequence_terminal_proxy,RLOG_EQEXP_v1,equivalent_exposure_progress_v1,reference_pure_torch_ssd_mamba2_verified_adapter_v1,2,17,31,cc255d9703401474177cd4c742d77bceb1d9a5aa17481d0048411b58ddf9c519,formal,48.365509033203125,45.1779899597168,0.8592239110949081,1.8021743297576904,28.76492780156083,1.3935694089253916,19.360233796399456,1.811102019570966,32,9c808954d938365c0f30af0ff10ceb1735802caccc50d390f0c2a2a3b63e5096,contract_manifest,SUCCESS
MAMBA_PHY_K32_AUX,A_reference_sequence_terminal_proxy,RLOG_EQEXP_v1,equivalent_exposure_progress_v1,reference_pure_torch_ssd_mamba2_verified_adapter_v1,2,17,39,fa5882873103aa52140e4b087c0124ec6f5e29a6267b8238115a0afb2f7a75eb,formal,57.65474891662598,61.80852127075195,1.973881005435518,2.0612998008728027,28.76492780156083,1.3935694089253916,19.360233796399456,1.811102019570966,32,9c808954d938365c0f30af0ff10ceb1735802caccc50d390f0c2a2a3b63e5096,contract_manifest,SUCCESS
MAMBA_PHY_K32_AUX,A_reference_sequence_terminal_proxy,RLOG_EQEXP_v1,equivalent_exposure_progress_v1,reference_pure_torch_ssd_mamba2_verified_adapter_v1,2,17,57,f0e4294642b1a1d56a09f022ec59ba54f596ca071c05c95e9a89b119c00e9ae1,formal,43.48048782348633,30.448463439941406,3.8775169520942554,1.538948893547058,28.76492780156083,1.3935694089253916,19.360233796399456,1.811102019570966,32,9c808954d938365c0f30af0ff10ceb1735802caccc50d390f0c2a2a3b63e5096,contract_manifest,SUCCESS
MAMBA_PHY_K32_AUX,A_reference_sequence_terminal_proxy,RLOG_EQEXP_v1,equivalent_exposure_progress_v1,reference_pure_torch_ssd_mamba2_verified_adapter_v1,2,17,58,dcd7753890fd5e4806443cbb1eb645812b56676ad786ed6852a88a3ae37ecc00,formal,53.0235481262207,57.3333740234375,2.927520009813267,1.8804394006729126,28.76492780156083,1.3935694089253916,19.360233796399456,1.811102019570966,32,9c808954d938365c0f30af0ff10ceb1735802caccc50d390f0c2a2a3b63e5096,contract_manifest,SUCCESS
MAMBA_PHY_K32_AUX,A_reference_sequence_terminal_proxy,RLOG_EQEXP_v1,equivalent_exposure_progress_v1,reference_pure_torch_ssd_mamba2_verified_adapter_v1,2,17,61,27f9c2a5e9e9837f62e328ff7681122675461e3fa07ddc90e774eb32d77dfefe,formal,60.34411811828613,54.13276672363281,1.7809342625445705,1.8623671531677246,28.76492780156083,1.3935694089253916,19.360233796399456,1.811102019570966,32,9c808954d938365c0f30af0ff10ceb1735802caccc50d390f0c2a2a3b63e5096,contract_manifest,SUCCESS
MAMBA_PHY_K32_AUX,A_reference_sequence_terminal_proxy,RLOG_EQEXP_v1,equivalent_exposure_progress_v1,reference_pure_torch_ssd_mamba2_verified_adapter_v1,2,17,62,8cb487efdeec8957db1548e3c5027ee452ca503d6299e7f8b3a632b250e0bbeb,formal,58.803592681884766,54.699668884277344,2.3770510351257603,2.011953353881836,28.76492780156083,1.3935694089253916,19.360233796399456,1.811102019570966,32,9c808954d938365c0f30af0ff10ceb1735802caccc50d390f0c2a2a3b63e5096,contract_manifest,SUCCESS
MAMBA_PHY_K32_AUX,A_reference_sequence_terminal_proxy,RLOG_EQEXP_v1,equivalent_exposure_progress_v1,reference_pure_torch_ssd_mamba2_verified_adapter_v1,2,17,68,490f0a2476932f3c7f1932dc7c133abf7735511d7855876732c3cf2717a5b4d2,formal,6.6173996925354,30.443666458129883,0.769957951697351,1.9600293636322021,28.76492780156083,1.3935694089253916,19.360233796399456,1.811102019570966,32,9c808954d938365c0f30af0ff10ceb1735802caccc50d390f0c2a2a3b63e5096,contract_manifest,SUCCESS
MAMBA_PHY_K32_AUX,A_reference_sequence_terminal_proxy,RLOG_EQEXP_v1,equivalent_exposure_progress_v1,reference_pure_torch_ssd_mamba2_verified_adapter_v1,2,17,69,a66b6dc7b4704a9101a0e60a1255a3abc6f7232965acf4b58eede6695289d371,formal,59.64018630981445,53.011749267578125,4.131675070725286,2.1977005004882812,28.76492780156083,1.3935694089253916,19.360233796399456,1.811102019570966,32,9c808954d938365c0f30af0ff10ceb1735802caccc50d390f0c2a2a3b63e5096,contract_manifest,SUCCESS
MAMBA_PHY_K32_AUX,A_reference_sequence_terminal_proxy,RLOG_EQEXP_v1,equivalent_exposure_progress_v1,reference_pure_torch_ssd_mamba2_verified_adapter_v1,2,17,72,667b6d7862b280420085ba92043a58aa349ba085b9a5909efe1a2454f039b81c,formal,27.42224597930908,24.04238510131836,0.40046928630133605,1.0523507595062256,28.76492780156083,1.3935694089253916,19.360233796399456,1.811102019570966,32,9c808954d938365c0f30af0ff10ceb1735802caccc50d390f0c2a2a3b63e5096,contract_manifest,SUCCESS
MAMBA_PHY_K32_AUX,A_reference_sequence_terminal_proxy,RLOG_EQEXP_v1,equivalent_exposure_progress_v1,reference_pure_torch_ssd_mamba2_verified_adapter_v1,2,17,77,c0b782de4cab74d31dbb6310a3fb14d80c1a612738376b38f73168275f3d5835,formal,4.457285404205322,15.791045188903809,0.7181510701957228,1.2993963956832886,28.76492780156083,1.3935694089253916,19.360233796399456,1.811102019570966,32,9c808954d938365c0f30af0ff10ceb1735802caccc50d390f0c2a2a3b63e5096,contract_manifest,SUCCESS
MAMBA_PHY_K32_AUX,A_reference_sequence_terminal_proxy,RLOG_EQEXP_v1,equivalent_exposure_progress_v1,reference_pure_torch_ssd_mamba2_verified_adapter_v1,2,17,82,311de2710d82b7b2af003a68d0d7e82ea572a37f529862ef628537ec86267771,formal,45.0401725769043,55.46650695800781,6.533538265446023,1.8692384958267212,28.76492780156083,1.3935694089253916,19.360233796399456,1.811102019570966,32,9c808954d938365c0f30af0ff10ceb1735802caccc50d390f0c2a2a3b63e5096,contract_manifest,SUCCESS
MAMBA_PHY_K32_AUX,A_reference_sequence_terminal_proxy,RLOG_EQEXP_v1,equivalent_exposure_progress_v1,reference_pure_torch_ssd_mamba2_verified_adapter_v1,2,17,96,584ec920fea64939745a3279fa08a18784d72ad5b54faa9e3860724e211e900e,formal,29.391660690307617,25.778438568115234,0.4782446978786253,1.1239758729934692,28.76492780156083,1.3935694089253916,19.360233796399456,1.811102019570966,32,9c808954d938365c0f30af0ff10ceb1735802caccc50d390f0c2a2a3b63e5096,contract_manifest,SUCCESS
MAMBA_PHY_K32_AUX,A_reference_sequence_terminal_proxy,RLOG_EQEXP_v1,equivalent_exposure_progress_v1,reference_pure_torch_ssd_mamba2_verified_adapter_v1,2,17,99,5bafa2031158613ec5ac194a73c6ba6733b719e1c6b5709ddab17673dd22324b,formal,0.1551136970520019,13.212830543518066,0.2791399824679966,1.1946139335632324,28.76492780156083,1.3935694089253916,19.360233796399456,1.811102019570966,32,9c808954d938365c0f30af0ff10ceb1735802caccc50d390f0c2a2a3b63e5096,contract_manifest,SUCCESS
MAMBA_PHY_K32_AUX,A_reference_sequence_terminal_proxy,RLOG_EQEXP_v1,equivalent_exposure_progress_v1,reference_pure_torch_ssd_mamba2_verified_adapter_v1,2,17,100,5bafa2031158613ec5ac194a73c6ba6733b719e1c6b5709ddab17673dd22324b,formal,3.722853064537048,18.423385620117188,0.29690972411381644,1.1126620769500732,28.76492780156083,1.3935694089253916,19.360233796399456,1.811102019570966,32,9c808954d938365c0f30af0ff10ceb1735802caccc50d390f0c2a2a3b63e5096,contract_manifest,SUCCESS
MAMBA_PHY_K32_AUX,A_reference_sequence_terminal_proxy,RLOG_EQEXP_v1,equivalent_exposure_progress_v1,reference_pure_torch_ssd_mamba2_verified_adapter_v1,2,17,106,e29ed08b013b66b938382bc561703ae8b895cd02313b3ff67a6519c6bef1be82,formal,4.333580017089844,15.759430885314941,0.6832595593958153,1.299148440361023,28.76492780156083,1.3935694089253916,19.360233796399456,1.811102019570966,32,9c808954d938365c0f30af0ff10ceb1735802caccc50d390f0c2a2a3b63e5096,contract_manifest,SUCCESS
MAMBA_PHY_K32_AUX,A_reference_sequence_terminal_proxy,RLOG_EQEXP_v1,equivalent_exposure_progress_v1,reference_pure_torch_ssd_mamba2_verified_adapter_v1,2,17,107,e29ed08b013b66b938382bc561703ae8b895cd02313b3ff67a6519c6bef1be82,formal,15.745314598083496,21.392765045166016,0.4795292163535364,1.2981224060058594,28.76492780156083,1.3935694089253916,19.360233796399456,1.811102019570966,32,9c808954d938365c0f30af0ff10ceb1735802caccc50d390f0c2a2a3b63e5096,contract_manifest,SUCCESS
MAMBA_PHY_K32_AUX,A_reference_sequence_terminal_proxy,RLOG_EQEXP_v1,equivalent_exposure_progress_v1,reference_pure_torch_ssd_mamba2_verified_adapter_v1,2,17,111,0f06b9d9a003e06bd9303307516e78c675a42cbcdeba2c3cbbfe145587fa0664,formal,19.06198024749756,22.66223907470703,1.7888696872525427,1.4736915826797485,28.76492780156083,1.3935694089253916,19.360233796399456,1.811102019570966,32,9c808954d938365c0f30af0ff10ceb1735802caccc50d390f0c2a2a3b63e5096,contract_manifest,SUCCESS
MAMBA_PHY_K32_AUX,A_reference_sequence_terminal_proxy,RLOG_EQEXP_v1,equivalent_exposure_progress_v1,reference_pure_torch_ssd_mamba2_verified_adapter_v1,2,17,113,79b084fe655b9290a759644a3b54967388aea9f801c7c8088d2f2fe2ffd2ec9a,formal,46.77769660949707,56.332786560058594,2.296400590463846,1.9067785739898682,28.76492780156083,1.3935694089253916,19.360233796399456,1.811102019570966,32,9c808954d938365c0f30af0ff10ceb1735802caccc50d390f0c2a2a3b63e5096,contract_manifest,SUCCESS
MAMBA_PHY_K32_AUX,A_reference_sequence_terminal_proxy,RLOG_EQEXP_v1,equivalent_exposure_progress_v1,reference_pure_torch_ssd_mamba2_verified_adapter_v1,2,17,144,2282a691149bdb2299e5997fdb0464cdb01fb8dc4c6321b154bc3e66598f5484,pass_main,40.296024322509766,28.667531967163086,1.032547201965241,1.2955896854400635,28.76492780156083,1.3935694089253916,19.360233796399456,1.811102019570966,32,9c808954d938365c0f30af0ff10ceb1735802caccc50d390f0c2a2a3b63e5096,contract_manifest,SUCCESS
MAMBA_PHY_K32_AUX,A_reference_sequence_terminal_proxy,RLOG_EQEXP_v1,equivalent_exposure_progress_v1,reference_pure_torch_ssd_mamba2_verified_adapter_v1,2,17,145,2282a691149bdb2299e5997fdb0464cdb01fb8dc4c6321b154bc3e66598f5484,pass_main,30.32354736328125,19.694982528686523,0.6489329981742521,1.289693832397461,28.76492780156083,1.3935694089253916,19.360233796399456,1.811102019570966,32,9c808954d938365c0f30af0ff10ceb1735802caccc50d390f0c2a2a3b63e5096,contract_manifest,SUCCESS
MAMBA_PHY_K32_AUX,A_reference_sequence_terminal_proxy,RLOG_EQEXP_v1,equivalent_exposure_progress_v1,reference_pure_torch_ssd_mamba2_verified_adapter_v1,2,17,146,2282a691149bdb2299e5997fdb0464cdb01fb8dc4c6321b154bc3e66598f5484,pass_main,36.139909744262695,24.21405792236328,0.657148774071851,1.2982008457183838,28.76492780156083,1.3935694089253916,19.360233796399456,1.811102019570966,32,9c808954d938365c0f30af0ff10ceb1735802caccc50d390f0c2a2a3b63e5096,contract_manifest,SUCCESS
MAMBA_PHY_K32_AUX,A_reference_sequence_terminal_proxy,RLOG_EQEXP_v1,equivalent_exposure_progress_v1,reference_pure_torch_ssd_mamba2_verified_adapter_v1,2,17,147,2282a691149bdb2299e5997fdb0464cdb01fb8dc4c6321b154bc3e66598f5484,pass_main,18.330870628356934,15.132427215576172,1.663141406080464,1.2712938785552979,28.76492780156083,1.3935694089253916,19.360233796399456,1.811102019570966,32,9c808954d938365c0f30af0ff10ceb1735802caccc50d390f0c2a2a3b63e5096,contract_manifest,SUCCESS
MAMBA_PHY_K32_AUX,A_reference_sequence_terminal_proxy,RLOG_EQEXP_v1,equivalent_exposure_progress_v1,reference_pure_torch_ssd_mamba2_verified_adapter_v1,2,17,180,8a8473e9b2ce9f38abfa999c0e58f70d83edb9b52cced02647e66c88c0e8faa0,pass_main,30.35521411895752,23.586605072021484,0.653953408572333,1.4254088401794434,28.76492780156083,1.3935694089253916,19.360233796399456,1.811102019570966,32,9c808954d938365c0f30af0ff10ceb1735802caccc50d390f0c2a2a3b63e5096,contract_manifest,SUCCESS
MAMBA_PHY_K32_AUX,A_reference_sequence_terminal_proxy,RLOG_EQEXP_v1,equivalent_exposure_progress_v1,reference_pure_torch_ssd_mamba2_verified_adapter_v1,2,17,181,8a8473e9b2ce9f38abfa999c0e58f70d83edb9b52cced02647e66c88c0e8faa0,pass_main,36.61757659912109,26.772069931030273,0.8616659343812317,1.4292104244232178,28.76492780156083,1.3935694089253916,19.360233796399456,1.811102019570966,32,9c808954d938365c0f30af0ff10ceb1735802caccc50d390f0c2a2a3b63e5096,contract_manifest,SUCCESS
MAMBA_PHY_K32_AUX,A_reference_sequence_terminal_proxy,RLOG_EQEXP_v1,equivalent_exposure_progress_v1,reference_pure_torch_ssd_mamba2_verified_adapter_v1,2,17,182,8a8473e9b2ce9f38abfa999c0e58f70d83edb9b52cced02647e66c88c0e8faa0,pass_main,6.812788248062134,17.230915069580078,2.782968189682732,1.38737952709198,28.76492780156083,1.3935694089253916,19.360233796399456,1.811102019570966,32,9c808954d938365c0f30af0ff10ceb1735802caccc50d390f0c2a2a3b63e5096,contract_manifest,SUCCESS
MAMBA_PHY_K32_AUX,A_reference_sequence_terminal_proxy,RLOG_EQEXP_v1,equivalent_exposure_progress_v1,reference_pure_torch_ssd_mamba2_verified_adapter_v1,2,17,183,8a8473e9b2ce9f38abfa999c0e58f70d83edb9b52cced02647e66c88c0e8faa0,pass_main,22.358110427856445,20.40199851989746,1.466812795297333,1.4110015630722046,28.76492780156083,1.3935694089253916,19.360233796399456,1.811102019570966,32,9c808954d938365c0f30af0ff10ceb1735802caccc50d390f0c2a2a3b63e5096,contract_manifest,SUCCESS
MAMBA_PHY_K32_AUX,A_reference_sequence_terminal_proxy,RLOG_EQEXP_v1,equivalent_exposure_progress_v1,reference_pure_torch_ssd_mamba2_verified_adapter_v1,2,17,192,d0df1d7856526ff46e44dab7ece16ff8ecaf11df5adb1ff1426e78164cf4fdb0,pass_main,7.682702541351318,20.08962631225586,0.5528463906595573,1.1850281953811646,28.76492780156083,1.3935694089253916,19.360233796399456,1.811102019570966,32,9c808954d938365c0f30af0ff10ceb1735802caccc50d390f0c2a2a3b63e5096,contract_manifest,SUCCESS
MAMBA_PHY_K32_AUX,A_reference_sequence_terminal_proxy,RLOG_EQEXP_v1,equivalent_exposure_progress_v1,reference_pure_torch_ssd_mamba2_verified_adapter_v1,2,17,193,d0df1d7856526ff46e44dab7ece16ff8ecaf11df5adb1ff1426e78164cf4fdb0,pass_main,1.2347824573516846,14.158699989318848,0.3632668159670156,1.2439872026443481,28.76492780156083,1.3935694089253916,19.360233796399456,1.811102019570966,32,9c808954d938365c0f30af0ff10ceb1735802caccc50d390f0c2a2a3b63e5096,contract_manifest,SUCCESS
MAMBA_PHY_K32_AUX,A_reference_sequence_terminal_proxy,RLOG_EQEXP_v1,equivalent_exposure_progress_v1,reference_pure_torch_ssd_mamba2_verified_adapter_v1,2,17,194,d0df1d7856526ff46e44dab7ece16ff8ecaf11df5adb1ff1426e78164cf4fdb0,pass_main,3.71956479549408,16.058231353759766,0.4070402328732997,1.2321964502334595,28.76492780156083,1.3935694089253916,19.360233796399456,1.811102019570966,32,9c808954d938365c0f30af0ff10ceb1735802caccc50d390f0c2a2a3b63e5096,contract_manifest,SUCCESS
MAMBA_PHY_K32_AUX,A_reference_sequence_terminal_proxy,RLOG_EQEXP_v1,equivalent_exposure_progress_v1,reference_pure_torch_ssd_mamba2_verified_adapter_v1,2,17,195,d0df1d7856526ff46e44dab7ece16ff8ecaf11df5adb1ff1426e78164cf4fdb0,pass_main,5.976794481277466,18.038846969604492,0.4006720230611883,1.2129751443862915,28.76492780156083,1.3935694089253916,19.360233796399456,1.811102019570966,32,9c808954d938365c0f30af0ff10ceb1735802caccc50d390f0c2a2a3b63e5096,contract_manifest,SUCCESS
CONST_DQ,A_reference_sequence_terminal_proxy,NONE,equivalent_exposure_progress_v1,torch_terminal_v1,3,17,1,4158b4ed1d621be17c0f4c7cd25cc4fd5fe8c20a14d93a2ba34e39f37e99b6f2,formal,8.637125968933105,30.74533175718095,0.2471706001514426,1.6422649736594241,30.74533175718095,1.6422649736594241,19.96848999420672,1.9208950171338692,0,656036d3b9c0d0b481d2b5d9ebaeac0a3f4baa8ff117ea3daddc82536a20603d,contract_manifest,SUCCESS
CONST_DQ,A_reference_sequence_terminal_proxy,NONE,equivalent_exposure_progress_v1,torch_terminal_v1,3,17,4,20caa3962d19a1c914fd7e4ad138c3326e95fec7d73688d1d6b577885be05ce6,formal,4.774026870727539,30.74533175718095,0.3826446287582914,1.6422649736594241,30.74533175718095,1.6422649736594241,19.96848999420672,1.9208950171338692,0,656036d3b9c0d0b481d2b5d9ebaeac0a3f4baa8ff117ea3daddc82536a20603d,contract_manifest,SUCCESS
CONST_DQ,A_reference_sequence_terminal_proxy,NONE,equivalent_exposure_progress_v1,torch_terminal_v1,3,17,13,f53192358bead2012e60074318af5f16d7b1dd6ebc9b1930f8b56ed817ac2f20,formal,7.083702087402344,30.74533175718095,1.30293854696983,1.6422649736594241,30.74533175718095,1.6422649736594241,19.96848999420672,1.9208950171338692,0,656036d3b9c0d0b481d2b5d9ebaeac0a3f4baa8ff117ea3daddc82536a20603d,contract_manifest,SUCCESS
CONST_DQ,A_reference_sequence_terminal_proxy,NONE,equivalent_exposure_progress_v1,torch_terminal_v1,3,17,20,59923924a2a32b66894219e86e1fbcbbad735ec10b54c5d10adf485dddfe540f,formal,56.62374496459961,30.74533175718095,1.3353451763349196,1.6422649736594241,30.74533175718095,1.6422649736594241,19.96848999420672,1.9208950171338692,0,656036d3b9c0d0b481d2b5d9ebaeac0a3f4baa8ff117ea3daddc82536a20603d,contract_manifest,SUCCESS
CONST_DQ,A_reference_sequence_terminal_proxy,NONE,equivalent_exposure_progress_v1,torch_terminal_v1,3,17,34,49be816d3f38705a74dbb36266214c3e232f4efa1137b6dc5a33f7fff88a2412,formal,8.413393497467041,30.74533175718095,3.0928605658036448,1.6422649736594241,30.74533175718095,1.6422649736594241,19.96848999420672,1.9208950171338692,0,656036d3b9c0d0b481d2b5d9ebaeac0a3f4baa8ff117ea3daddc82536a20603d,contract_manifest,SUCCESS
CONST_DQ,A_reference_sequence_terminal_proxy,NONE,equivalent_exposure_progress_v1,torch_terminal_v1,3,17,40,16cd7d03a922a4569cb1f5c8ec1269f8c4c0cc50a98c497a54784441eb27bc6d,formal,56.28345680236816,30.74533175718095,0.962213752802924,1.6422649736594241,30.74533175718095,1.6422649736594241,19.96848999420672,1.9208950171338692,0,656036d3b9c0d0b481d2b5d9ebaeac0a3f4baa8ff117ea3daddc82536a20603d,contract_manifest,SUCCESS
CONST_DQ,A_reference_sequence_terminal_proxy,NONE,equivalent_exposure_progress_v1,torch_terminal_v1,3,17,48,fa304c0f023238a6e791bd19b20de4880bc0fe3f0d1d849934c60a124f30d055,formal,1.869468986988068,30.74533175718095,0.21903317307652082,1.6422649736594241,30.74533175718095,1.6422649736594241,19.96848999420672,1.9208950171338692,0,656036d3b9c0d0b481d2b5d9ebaeac0a3f4baa8ff117ea3daddc82536a20603d,contract_manifest,SUCCESS
CONST_DQ,A_reference_sequence_terminal_proxy,NONE,equivalent_exposure_progress_v1,torch_terminal_v1,3,17,49,fa304c0f023238a6e791bd19b20de4880bc0fe3f0d1d849934c60a124f30d055,formal,1.8423005938529968,30.74533175718095,0.21986123057994328,1.6422649736594241,30.74533175718095,1.6422649736594241,19.96848999420672,1.9208950171338692,0,656036d3b9c0d0b481d2b5d9ebaeac0a3f4baa8ff117ea3daddc82536a20603d,contract_manifest,SUCCESS
CONST_DQ,A_reference_sequence_terminal_proxy,NONE,equivalent_exposure_progress_v1,torch_terminal_v1,3,17,52,5ef7f13b66ec12b2261ca84d2486c42a88363c2a07c3f35200d58a57b0f44c42,formal,29.101886749267575,30.74533175718095,0.4344704944965986,1.6422649736594241,30.74533175718095,1.6422649736594241,19.96848999420672,1.9208950171338692,0,656036d3b9c0d0b481d2b5d9ebaeac0a3f4baa8ff117ea3daddc82536a20603d,contract_manifest,SUCCESS
CONST_DQ,A_reference_sequence_terminal_proxy,NONE,equivalent_exposure_progress_v1,torch_terminal_v1,3,17,54,ca4dc2c3fda0278554df1f21f732f0bc05df2aed173355268d5c68dd5219cbd3,formal,26.571630477905277,30.74533175718095,0.5464019211754307,1.6422649736594241,30.74533175718095,1.6422649736594241,19.96848999420672,1.9208950171338692,0,656036d3b9c0d0b481d2b5d9ebaeac0a3f4baa8ff117ea3daddc82536a20603d,contract_manifest,SUCCESS
CONST_DQ,A_reference_sequence_terminal_proxy,NONE,equivalent_exposure_progress_v1,torch_terminal_v1,3,17,59,538dda5a8ef6d1c941df1c45ae5b919b2159b55834a8d9212b58d3f22cf3d8bc,formal,1.302653431892395,30.74533175718095,1.232722393990695,1.6422649736594241,30.74533175718095,1.6422649736594241,19.96848999420672,1.9208950171338692,0,656036d3b9c0d0b481d2b5d9ebaeac0a3f4baa8ff117ea3daddc82536a20603d,contract_manifest,SUCCESS
CONST_DQ,A_reference_sequence_terminal_proxy,NONE,equivalent_exposure_progress_v1,torch_terminal_v1,3,17,74,96b16c88a29a240018dcb0601ec45e6cac1110e4439f1f4f414ff93aee6ca449,formal,1.1291950941085815,30.74533175718095,0.2684293983015196,1.6422649736594241,30.74533175718095,1.6422649736594241,19.96848999420672,1.9208950171338692,0,656036d3b9c0d0b481d2b5d9ebaeac0a3f4baa8ff117ea3daddc82536a20603d,contract_manifest,SUCCESS
CONST_DQ,A_reference_sequence_terminal_proxy,NONE,equivalent_exposure_progress_v1,torch_terminal_v1,3,17,75,3277ff338b1ece83ce0fcbca272659e59298a780ccb3bf6718496c548b864511,formal,11.11442756652832,30.74533175718095,0.39521401605598383,1.6422649736594241,30.74533175718095,1.6422649736594241,19.96848999420672,1.9208950171338692,0,656036d3b9c0d0b481d2b5d9ebaeac0a3f4baa8ff117ea3daddc82536a20603d,contract_manifest,SUCCESS
CONST_DQ,A_reference_sequence_terminal_proxy,NONE,equivalent_exposure_progress_v1,torch_terminal_v1,3,17,76,8f8c3686ac46b21276dc57ba01e762d6068954b2e2a0b1d936fd19c70d420335,formal,29.09636402130127,30.74533175718095,0.2487101974307388,1.6422649736594241,30.74533175718095,1.6422649736594241,19.96848999420672,1.9208950171338692,0,656036d3b9c0d0b481d2b5d9ebaeac0a3f4baa8ff117ea3daddc82536a20603d,contract_manifest,SUCCESS
CONST_DQ,A_reference_sequence_terminal_proxy,NONE,equivalent_exposure_progress_v1,torch_terminal_v1,3,17,81,dd5996d0d16fc760a97193bf36d6bb5114adf204f85fc47cd99633fc788ed641,formal,37.25409126281738,30.74533175718095,0.8428728979281324,1.6422649736594241,30.74533175718095,1.6422649736594241,19.96848999420672,1.9208950171338692,0,656036d3b9c0d0b481d2b5d9ebaeac0a3f4baa8ff117ea3daddc82536a20603d,contract_manifest,SUCCESS
CONST_DQ,A_reference_sequence_terminal_proxy,NONE,equivalent_exposure_progress_v1,torch_terminal_v1,3,17,90,28d3ba8e515e80482e027ca163a5bec82884082a8f8fc608079f144368ad3db9,formal,47.333452224731445,30.74533175718095,0.548073820161284,1.6422649736594241,30.74533175718095,1.6422649736594241,19.96848999420672,1.9208950171338692,0,656036d3b9c0d0b481d2b5d9ebaeac0a3f4baa8ff117ea3daddc82536a20603d,contract_manifest,SUCCESS
CONST_DQ,A_reference_sequence_terminal_proxy,NONE,equivalent_exposure_progress_v1,torch_terminal_v1,3,17,92,81f089e3ec3746fd0625404be432642bee44aa5042c33fd1661b60d2e04189a7,formal,35.61216163635254,30.74533175718095,0.8025962161228163,1.6422649736594241,30.74533175718095,1.6422649736594241,19.96848999420672,1.9208950171338692,0,656036d3b9c0d0b481d2b5d9ebaeac0a3f4baa8ff117ea3daddc82536a20603d,contract_manifest,SUCCESS
CONST_DQ,A_reference_sequence_terminal_proxy,NONE,equivalent_exposure_progress_v1,torch_terminal_v1,3,17,94,601ef43fbd685e1456b985b9dedb599b4f32c57eda67793b43004416acf24438,formal,42.34056854248047,30.74533175718095,1.0369038982606233,1.6422649736594241,30.74533175718095,1.6422649736594241,19.96848999420672,1.9208950171338692,0,656036d3b9c0d0b481d2b5d9ebaeac0a3f4baa8ff117ea3daddc82536a20603d,contract_manifest,SUCCESS
CONST_DQ,A_reference_sequence_terminal_proxy,NONE,equivalent_exposure_progress_v1,torch_terminal_v1,3,17,95,601ef43fbd685e1456b985b9dedb599b4f32c57eda67793b43004416acf24438,formal,44.55615997314453,30.74533175718095,0.7038945438852546,1.6422649736594241,30.74533175718095,1.6422649736594241,19.96848999420672,1.9208950171338692,0,656036d3b9c0d0b481d2b5d9ebaeac0a3f4baa8ff117ea3daddc82536a20603d,contract_manifest,SUCCESS
CONST_DQ,A_reference_sequence_terminal_proxy,NONE,equivalent_exposure_progress_v1,torch_terminal_v1,3,17,102,fd417a2babd1a5a6f117e24361afb85c522f1bd42c53e6ac0f1a2dd4dee79edf,formal,2.336227536201477,30.74533175718095,0.35206716216550205,1.6422649736594241,30.74533175718095,1.6422649736594241,19.96848999420672,1.9208950171338692,0,656036d3b9c0d0b481d2b5d9ebaeac0a3f4baa8ff117ea3daddc82536a20603d,contract_manifest,SUCCESS
CONST_DQ,A_reference_sequence_terminal_proxy,NONE,equivalent_exposure_progress_v1,torch_terminal_v1,3,17,105,a6a2d17b23617cebe0634d08f8412f1f7dab788ad637db87676837cd9cea8acb,formal,12.88395929336548,30.74533175718095,0.39027547233490384,1.6422649736594241,30.74533175718095,1.6422649736594241,19.96848999420672,1.9208950171338692,0,656036d3b9c0d0b481d2b5d9ebaeac0a3f4baa8ff117ea3daddc82536a20603d,contract_manifest,SUCCESS
CONST_DQ,A_reference_sequence_terminal_proxy,NONE,equivalent_exposure_progress_v1,torch_terminal_v1,3,17,109,685c2c9ae214e0656d16aef6eb52d0269603217fe7b034fe09ebf346e9ff5b25,formal,41.71175575256348,30.74533175718095,2.4137061776896296,1.6422649736594241,30.74533175718095,1.6422649736594241,19.96848999420672,1.9208950171338692,0,656036d3b9c0d0b481d2b5d9ebaeac0a3f4baa8ff117ea3daddc82536a20603d,contract_manifest,SUCCESS
CONST_DQ,A_reference_sequence_terminal_proxy,NONE,equivalent_exposure_progress_v1,torch_terminal_v1,3,17,112,b883d29a5bb52293cd7c63e9750120e9004c89ff5831b5a5fd8319f34d0334df,formal,37.46864891052246,30.74533175718095,0.3474366765269507,1.6422649736594241,30.74533175718095,1.6422649736594241,19.96848999420672,1.9208950171338692,0,656036d3b9c0d0b481d2b5d9ebaeac0a3f4baa8ff117ea3daddc82536a20603d,contract_manifest,SUCCESS
CONST_DQ,A_reference_sequence_terminal_proxy,NONE,equivalent_exposure_progress_v1,torch_terminal_v1,3,17,116,cf15a84e17a08d5442e642f55bd238c27a3e70672bdf8932fcea209f247160de,formal,4.148553848266602,30.74533175718095,2.0773694115595793,1.6422649736594241,30.74533175718095,1.6422649736594241,19.96848999420672,1.9208950171338692,0,656036d3b9c0d0b481d2b5d9ebaeac0a3f4baa8ff117ea3daddc82536a20603d,contract_manifest,SUCCESS
CONST_DQ,A_reference_sequence_terminal_proxy,NONE,equivalent_exposure_progress_v1,torch_terminal_v1,3,17,140,4290660b4d4ae5cd887571e6f751868ac4c279f09fdac5bfe67da201d4aef605,pass_main,3.393480896949768,30.74533175718095,0.9542694585783289,1.6422649736594241,30.74533175718095,1.6422649736594241,19.96848999420672,1.9208950171338692,0,656036d3b9c0d0b481d2b5d9ebaeac0a3f4baa8ff117ea3daddc82536a20603d,contract_manifest,SUCCESS
CONST_DQ,A_reference_sequence_terminal_proxy,NONE,equivalent_exposure_progress_v1,torch_terminal_v1,3,17,141,4290660b4d4ae5cd887571e6f751868ac4c279f09fdac5bfe67da201d4aef605,pass_main,35.72157287597656,30.74533175718095,0.6935485221278894,1.6422649736594241,30.74533175718095,1.6422649736594241,19.96848999420672,1.9208950171338692,0,656036d3b9c0d0b481d2b5d9ebaeac0a3f4baa8ff117ea3daddc82536a20603d,contract_manifest,SUCCESS
CONST_DQ,A_reference_sequence_terminal_proxy,NONE,equivalent_exposure_progress_v1,torch_terminal_v1,3,17,142,4290660b4d4ae5cd887571e6f751868ac4c279f09fdac5bfe67da201d4aef605,pass_main,44.42843627929688,30.74533175718095,0.9263084561645332,1.6422649736594241,30.74533175718095,1.6422649736594241,19.96848999420672,1.9208950171338692,0,656036d3b9c0d0b481d2b5d9ebaeac0a3f4baa8ff117ea3daddc82536a20603d,contract_manifest,SUCCESS
CONST_DQ,A_reference_sequence_terminal_proxy,NONE,equivalent_exposure_progress_v1,torch_terminal_v1,3,17,143,4290660b4d4ae5cd887571e6f751868ac4c279f09fdac5bfe67da201d4aef605,pass_main,50.90607452392578,30.74533175718095,1.0501544936377583,1.6422649736594241,30.74533175718095,1.6422649736594241,19.96848999420672,1.9208950171338692,0,656036d3b9c0d0b481d2b5d9ebaeac0a3f4baa8ff117ea3daddc82536a20603d,contract_manifest,SUCCESS
CONST_DQ,A_reference_sequence_terminal_proxy,NONE,equivalent_exposure_progress_v1,torch_terminal_v1,3,17,148,aef676bb275647280889c762b29aa161b83e18f4f4d1ff4b87535d8f7c77da48,pass_main,29.44637680053711,30.74533175718095,0.7338443632807123,1.6422649736594241,30.74533175718095,1.6422649736594241,19.96848999420672,1.9208950171338692,0,656036d3b9c0d0b481d2b5d9ebaeac0a3f4baa8ff117ea3daddc82536a20603d,contract_manifest,SUCCESS
CONST_DQ,A_reference_sequence_terminal_proxy,NONE,equivalent_exposure_progress_v1,torch_terminal_v1,3,17,149,aef676bb275647280889c762b29aa161b83e18f4f4d1ff4b87535d8f7c77da48,pass_main,3.960146188735962,30.74533175718095,2.6439145587685995,1.6422649736594241,30.74533175718095,1.6422649736594241,19.96848999420672,1.9208950171338692,0,656036d3b9c0d0b481d2b5d9ebaeac0a3f4baa8ff117ea3daddc82536a20603d,contract_manifest,SUCCESS
CONST_DQ,A_reference_sequence_terminal_proxy,NONE,equivalent_exposure_progress_v1,torch_terminal_v1,3,17,150,aef676bb275647280889c762b29aa161b83e18f4f4d1ff4b87535d8f7c77da48,pass_main,38.56780624389648,30.74533175718095,0.6964995761101671,1.6422649736594241,30.74533175718095,1.6422649736594241,19.96848999420672,1.9208950171338692,0,656036d3b9c0d0b481d2b5d9ebaeac0a3f4baa8ff117ea3daddc82536a20603d,contract_manifest,SUCCESS
CONST_DQ,A_reference_sequence_terminal_proxy,NONE,equivalent_exposure_progress_v1,torch_terminal_v1,3,17,151,aef676bb275647280889c762b29aa161b83e18f4f4d1ff4b87535d8f7c77da48,pass_main,44.21941566467285,30.74533175718095,0.7665122885489518,1.6422649736594241,30.74533175718095,1.6422649736594241,19.96848999420672,1.9208950171338692,0,656036d3b9c0d0b481d2b5d9ebaeac0a3f4baa8ff117ea3daddc82536a20603d,contract_manifest,SUCCESS
CONST_DQ,A_reference_sequence_terminal_proxy,NONE,equivalent_exposure_progress_v1,torch_terminal_v1,3,17,168,d48d7315f47e485987c1fcbacb55056d36e090c8fd8b14eb91aeacb0d1ffd139,pass_main,12.661317825317385,30.74533175718095,0.3279736648445495,1.6422649736594241,30.74533175718095,1.6422649736594241,19.96848999420672,1.9208950171338692,0,656036d3b9c0d0b481d2b5d9ebaeac0a3f4baa8ff117ea3daddc82536a20603d,contract_manifest,SUCCESS
CONST_DQ,A_reference_sequence_terminal_proxy,NONE,equivalent_exposure_progress_v1,torch_terminal_v1,3,17,169,d48d7315f47e485987c1fcbacb55056d36e090c8fd8b14eb91aeacb0d1ffd139,pass_main,19.71621990203857,30.74533175718095,0.2405192473654785,1.6422649736594241,30.74533175718095,1.6422649736594241,19.96848999420672,1.9208950171338692,0,656036d3b9c0d0b481d2b5d9ebaeac0a3f4baa8ff117ea3daddc82536a20603d,contract_manifest,SUCCESS
CONST_DQ,A_reference_sequence_terminal_proxy,NONE,equivalent_exposure_progress_v1,torch_terminal_v1,3,17,170,d48d7315f47e485987c1fcbacb55056d36e090c8fd8b14eb91aeacb0d1ffd139,pass_main,6.387043476104736,30.74533175718095,0.24840697659849834,1.6422649736594241,30.74533175718095,1.6422649736594241,19.96848999420672,1.9208950171338692,0,656036d3b9c0d0b481d2b5d9ebaeac0a3f4baa8ff117ea3daddc82536a20603d,contract_manifest,SUCCESS
CONST_DQ,A_reference_sequence_terminal_proxy,NONE,equivalent_exposure_progress_v1,torch_terminal_v1,3,17,171,d48d7315f47e485987c1fcbacb55056d36e090c8fd8b14eb91aeacb0d1ffd139,pass_main,25.57870388031006,30.74533175718095,0.18187131201550544,1.6422649736594241,30.74533175718095,1.6422649736594241,19.96848999420672,1.9208950171338692,0,656036d3b9c0d0b481d2b5d9ebaeac0a3f4baa8ff117ea3daddc82536a20603d,contract_manifest,SUCCESS
TREE_U_DQ,A_reference_sequence_terminal_proxy,NONE,equivalent_exposure_progress_v1,torch_terminal_v1,3,17,1,4158b4ed1d621be17c0f4c7cd25cc4fd5fe8c20a14d93a2ba34e39f37e99b6f2,formal,8.637125968933105,5.619873676273378,0.2471706001514426,0.5149192243634313,30.74533175718095,1.6422649736594241,19.96848999420672,1.9208950171338692,0,3d14888208aa42247fdd4660df69a0ce40c289ea08536a5d6c78c18d58ae49c5,contract_manifest,SUCCESS
TREE_U_DQ,A_reference_sequence_terminal_proxy,NONE,equivalent_exposure_progress_v1,torch_terminal_v1,3,17,4,20caa3962d19a1c914fd7e4ad138c3326e95fec7d73688d1d6b577885be05ce6,formal,4.774026870727539,4.136698802442305,0.3826446287582914,0.6306151156660934,30.74533175718095,1.6422649736594241,19.96848999420672,1.9208950171338692,0,3d14888208aa42247fdd4660df69a0ce40c289ea08536a5d6c78c18d58ae49c5,contract_manifest,SUCCESS
TREE_U_DQ,A_reference_sequence_terminal_proxy,NONE,equivalent_exposure_progress_v1,torch_terminal_v1,3,17,13,f53192358bead2012e60074318af5f16d7b1dd6ebc9b1930f8b56ed817ac2f20,formal,7.083702087402344,12.979456136950434,1.30293854696983,1.1659536827153185,30.74533175718095,1.6422649736594241,19.96848999420672,1.9208950171338692,0,3d14888208aa42247fdd4660df69a0ce40c289ea08536a5d6c78c18d58ae49c5,contract_manifest,SUCCESS
TREE_U_DQ,A_reference_sequence_terminal_proxy,NONE,equivalent_exposure_progress_v1,torch_terminal_v1,3,17,20,59923924a2a32b66894219e86e1fbcbbad735ec10b54c5d10adf485dddfe540f,formal,56.62374496459961,49.712850521133056,1.3353451763349196,2.77974215976409,30.74533175718095,1.6422649736594241,19.96848999420672,1.9208950171338692,0,3d14888208aa42247fdd4660df69a0ce40c289ea08536a5d6c78c18d58ae49c5,contract_manifest,SUCCESS
TREE_U_DQ,A_reference_sequence_terminal_proxy,NONE,equivalent_exposure_progress_v1,torch_terminal_v1,3,17,34,49be816d3f38705a74dbb36266214c3e232f4efa1137b6dc5a33f7fff88a2412,formal,8.413393497467041,9.227381439413607,3.0928605658036448,1.822971262313248,30.74533175718095,1.6422649736594241,19.96848999420672,1.9208950171338692,0,3d14888208aa42247fdd4660df69a0ce40c289ea08536a5d6c78c18d58ae49c5,contract_manifest,SUCCESS
TREE_U_DQ,A_reference_sequence_terminal_proxy,NONE,equivalent_exposure_progress_v1,torch_terminal_v1,3,17,40,16cd7d03a922a4569cb1f5c8ec1269f8c4c0cc50a98c497a54784441eb27bc6d,formal,56.28345680236816,53.00232131385046,0.962213752802924,2.098394646504054,30.74533175718095,1.6422649736594241,19.96848999420672,1.9208950171338692,0,3d14888208aa42247fdd4660df69a0ce40c289ea08536a5d6c78c18d58ae49c5,contract_manifest,SUCCESS
TREE_U_DQ,A_reference_sequence_terminal_proxy,NONE,equivalent_exposure_progress_v1,torch_terminal_v1,3,17,48,fa304c0f023238a6e791bd19b20de4880bc0fe3f0d1d849934c60a124f30d055,formal,1.869468986988068,3.4165903194722964,0.21903317307652082,0.46477232871744034,30.74533175718095,1.6422649736594241,19.96848999420672,1.9208950171338692,0,3d14888208aa42247fdd4660df69a0ce40c289ea08536a5d6c78c18d58ae49c5,contract_manifest,SUCCESS
TREE_U_DQ,A_reference_sequence_terminal_proxy,NONE,equivalent_exposure_progress_v1,torch_terminal_v1,3,17,49,fa304c0f023238a6e791bd19b20de4880bc0fe3f0d1d849934c60a124f30d055,formal,1.8423005938529968,3.4165903194722964,0.21986123057994328,0.46477232871744034,30.74533175718095,1.6422649736594241,19.96848999420672,1.9208950171338692,0,3d14888208aa42247fdd4660df69a0ce40c289ea08536a5d6c78c18d58ae49c5,contract_manifest,SUCCESS
TREE_U_DQ,A_reference_sequence_terminal_proxy,NONE,equivalent_exposure_progress_v1,torch_terminal_v1,3,17,52,5ef7f13b66ec12b2261ca84d2486c42a88363c2a07c3f35200d58a57b0f44c42,formal,29.101886749267575,29.528589012718367,0.4344704944965986,1.4200058343708206,30.74533175718095,1.6422649736594241,19.96848999420672,1.9208950171338692,0,3d14888208aa42247fdd4660df69a0ce40c289ea08536a5d6c78c18d58ae49c5,contract_manifest,SUCCESS
TREE_U_DQ,A_reference_sequence_terminal_proxy,NONE,equivalent_exposure_progress_v1,torch_terminal_v1,3,17,54,ca4dc2c3fda0278554df1f21f732f0bc05df2aed173355268d5c68dd5219cbd3,formal,26.571630477905277,25.681986621552877,0.5464019211754307,1.2321670166283705,30.74533175718095,1.6422649736594241,19.96848999420672,1.9208950171338692,0,3d14888208aa42247fdd4660df69a0ce40c289ea08536a5d6c78c18d58ae49c5,contract_manifest,SUCCESS
TREE_U_DQ,A_reference_sequence_terminal_proxy,NONE,equivalent_exposure_progress_v1,torch_terminal_v1,3,17,59,538dda5a8ef6d1c941df1c45ae5b919b2159b55834a8d9212b58d3f22cf3d8bc,formal,1.302653431892395,9.362959051236324,1.232722393990695,1.6084024863229576,30.74533175718095,1.6422649736594241,19.96848999420672,1.9208950171338692,0,3d14888208aa42247fdd4660df69a0ce40c289ea08536a5d6c78c18d58ae49c5,contract_manifest,SUCCESS
TREE_U_DQ,A_reference_sequence_terminal_proxy,NONE,equivalent_exposure_progress_v1,torch_terminal_v1,3,17,74,96b16c88a29a240018dcb0601ec45e6cac1110e4439f1f4f414ff93aee6ca449,formal,1.1291950941085815,1.7031869935920765,0.2684293983015196,0.37268943255991194,30.74533175718095,1.6422649736594241,19.96848999420672,1.9208950171338692,0,3d14888208aa42247fdd4660df69a0ce40c289ea08536a5d6c78c18d58ae49c5,contract_manifest,SUCCESS
TREE_U_DQ,A_reference_sequence_terminal_proxy,NONE,equivalent_exposure_progress_v1,torch_terminal_v1,3,17,75,3277ff338b1ece83ce0fcbca272659e59298a780ccb3bf6718496c548b864511,formal,11.11442756652832,6.644618290693284,0.39521401605598383,0.4934670265499613,30.74533175718095,1.6422649736594241,19.96848999420672,1.9208950171338692,0,3d14888208aa42247fdd4660df69a0ce40c289ea08536a5d6c78c18d58ae49c5,contract_manifest,SUCCESS
TREE_U_DQ,A_reference_sequence_terminal_proxy,NONE,equivalent_exposure_progress_v1,torch_terminal_v1,3,17,76,8f8c3686ac46b21276dc57ba01e762d6068954b2e2a0b1d936fd19c70d420335,formal,29.09636402130127,30.36261903059764,0.2487101974307388,1.4058191103040971,30.74533175718095,1.6422649736594241,19.96848999420672,1.9208950171338692,0,3d14888208aa42247fdd4660df69a0ce40c289ea08536a5d6c78c18d58ae49c5,contract_manifest,SUCCESS
TREE_U_DQ,A_reference_sequence_terminal_proxy,NONE,equivalent_exposure_progress_v1,torch_terminal_v1,3,17,81,dd5996d0d16fc760a97193bf36d6bb5114adf204f85fc47cd99633fc788ed641,formal,37.25409126281738,41.85859829877669,0.8428728979281324,2.2335061269184684,30.74533175718095,1.6422649736594241,19.96848999420672,1.9208950171338692,0,3d14888208aa42247fdd4660df69a0ce40c289ea08536a5d6c78c18d58ae49c5,contract_manifest,SUCCESS
TREE_U_DQ,A_reference_sequence_terminal_proxy,NONE,equivalent_exposure_progress_v1,torch_terminal_v1,3,17,90,28d3ba8e515e80482e027ca163a5bec82884082a8f8fc608079f144368ad3db9,formal,47.333452224731445,47.891166452801485,0.548073820161284,2.904483582065221,30.74533175718095,1.6422649736594241,19.96848999420672,1.9208950171338692,0,3d14888208aa42247fdd4660df69a0ce40c289ea08536a5d6c78c18d58ae49c5,contract_manifest,SUCCESS
TREE_U_DQ,A_reference_sequence_terminal_proxy,NONE,equivalent_exposure_progress_v1,torch_terminal_v1,3,17,92,81f089e3ec3746fd0625404be432642bee44aa5042c33fd1661b60d2e04189a7,formal,35.61216163635254,31.850114319002824,0.8025962161228163,1.7548787816142977,30.74533175718095,1.6422649736594241,19.96848999420672,1.9208950171338692,0,3d14888208aa42247fdd4660df69a0ce40c289ea08536a5d6c78c18d58ae49c5,contract_manifest,SUCCESS
TREE_U_DQ,A_reference_sequence_terminal_proxy,NONE,equivalent_exposure_progress_v1,torch_terminal_v1,3,17,94,601ef43fbd685e1456b985b9dedb599b4f32c57eda67793b43004416acf24438,formal,42.34056854248047,48.00365059992629,1.0369038982606233,1.7077293020450384,30.74533175718095,1.6422649736594241,19.96848999420672,1.9208950171338692,0,3d14888208aa42247fdd4660df69a0ce40c289ea08536a5d6c78c18d58ae49c5,contract_manifest,SUCCESS
TREE_U_DQ,A_reference_sequence_terminal_proxy,NONE,equivalent_exposure_progress_v1,torch_terminal_v1,3,17,95,601ef43fbd685e1456b985b9dedb599b4f32c57eda67793b43004416acf24438,formal,44.55615997314453,49.76121395600034,0.7038945438852546,1.7968692133307353,30.74533175718095,1.6422649736594241,19.96848999420672,1.9208950171338692,0,3d14888208aa42247fdd4660df69a0ce40c289ea08536a5d6c78c18d58ae49c5,contract_manifest,SUCCESS
TREE_U_DQ,A_reference_sequence_terminal_proxy,NONE,equivalent_exposure_progress_v1,torch_terminal_v1,3,17,102,fd417a2babd1a5a6f117e24361afb85c522f1bd42c53e6ac0f1a2dd4dee79edf,formal,2.336227536201477,3.834344856999459,0.35206716216550205,0.6658374100391607,30.74533175718095,1.6422649736594241,19.96848999420672,1.9208950171338692,0,3d14888208aa42247fdd4660df69a0ce40c289ea08536a5d6c78c18d58ae49c5,contract_manifest,SUCCESS
TREE_U_DQ,A_reference_sequence_terminal_proxy,NONE,equivalent_exposure_progress_v1,torch_terminal_v1,3,17,105,a6a2d17b23617cebe0634d08f8412f1f7dab788ad637db87676837cd9cea8acb,formal,12.88395929336548,5.439662612685623,0.39027547233490384,1.0489964471563171,30.74533175718095,1.6422649736594241,19.96848999420672,1.9208950171338692,0,3d14888208aa42247fdd4660df69a0ce40c289ea08536a5d6c78c18d58ae49c5,contract_manifest,SUCCESS
TREE_U_DQ,A_reference_sequence_terminal_proxy,NONE,equivalent_exposure_progress_v1,torch_terminal_v1,3,17,109,685c2c9ae214e0656d16aef6eb52d0269603217fe7b034fe09ebf346e9ff5b25,formal,41.71175575256348,46.944967166083174,2.4137061776896296,1.514405770642937,30.74533175718095,1.6422649736594241,19.96848999420672,1.9208950171338692,0,3d14888208aa42247fdd4660df69a0ce40c289ea08536a5d6c78c18d58ae49c5,contract_manifest,SUCCESS
TREE_U_DQ,A_reference_sequence_terminal_proxy,NONE,equivalent_exposure_progress_v1,torch_terminal_v1,3,17,112,b883d29a5bb52293cd7c63e9750120e9004c89ff5831b5a5fd8319f34d0334df,formal,37.46864891052246,47.0414784553713,0.3474366765269507,3.952602669397082,30.74533175718095,1.6422649736594241,19.96848999420672,1.9208950171338692,0,3d14888208aa42247fdd4660df69a0ce40c289ea08536a5d6c78c18d58ae49c5,contract_manifest,SUCCESS
TREE_U_DQ,A_reference_sequence_terminal_proxy,NONE,equivalent_exposure_progress_v1,torch_terminal_v1,3,17,116,cf15a84e17a08d5442e642f55bd238c27a3e70672bdf8932fcea209f247160de,formal,4.148553848266602,14.40775828073042,2.0773694115595793,1.3892155895134002,30.74533175718095,1.6422649736594241,19.96848999420672,1.9208950171338692,0,3d14888208aa42247fdd4660df69a0ce40c289ea08536a5d6c78c18d58ae49c5,contract_manifest,SUCCESS
TREE_U_DQ,A_reference_sequence_terminal_proxy,NONE,equivalent_exposure_progress_v1,torch_terminal_v1,3,17,140,4290660b4d4ae5cd887571e6f751868ac4c279f09fdac5bfe67da201d4aef605,pass_main,3.393480896949768,6.321690505918131,0.9542694585783289,2.2515683735655196,30.74533175718095,1.6422649736594241,19.96848999420672,1.9208950171338692,0,3d14888208aa42247fdd4660df69a0ce40c289ea08536a5d6c78c18d58ae49c5,contract_manifest,SUCCESS
TREE_U_DQ,A_reference_sequence_terminal_proxy,NONE,equivalent_exposure_progress_v1,torch_terminal_v1,3,17,141,4290660b4d4ae5cd887571e6f751868ac4c279f09fdac5bfe67da201d4aef605,pass_main,35.72157287597656,38.20608971786687,0.6935485221278894,2.843920296063999,30.74533175718095,1.6422649736594241,19.96848999420672,1.9208950171338692,0,3d14888208aa42247fdd4660df69a0ce40c289ea08536a5d6c78c18d58ae49c5,contract_manifest,SUCCESS
TREE_U_DQ,A_reference_sequence_terminal_proxy,NONE,equivalent_exposure_progress_v1,torch_terminal_v1,3,17,142,4290660b4d4ae5cd887571e6f751868ac4c279f09fdac5bfe67da201d4aef605,pass_main,44.42843627929688,40.18779280768499,0.9263084561645332,1.656256186297914,30.74533175718095,1.6422649736594241,19.96848999420672,1.9208950171338692,0,3d14888208aa42247fdd4660df69a0ce40c289ea08536a5d6c78c18d58ae49c5,contract_manifest,SUCCESS
TREE_U_DQ,A_reference_sequence_terminal_proxy,NONE,equivalent_exposure_progress_v1,torch_terminal_v1,3,17,143,4290660b4d4ae5cd887571e6f751868ac4c279f09fdac5bfe67da201d4aef605,pass_main,50.90607452392578,45.234812896009466,1.0501544936377583,1.6946971730200724,30.74533175718095,1.6422649736594241,19.96848999420672,1.9208950171338692,0,3d14888208aa42247fdd4660df69a0ce40c289ea08536a5d6c78c18d58ae49c5,contract_manifest,SUCCESS
TREE_U_DQ,A_reference_sequence_terminal_proxy,NONE,equivalent_exposure_progress_v1,torch_terminal_v1,3,17,148,aef676bb275647280889c762b29aa161b83e18f4f4d1ff4b87535d8f7c77da48,pass_main,29.44637680053711,32.50443600999173,0.7338443632807123,2.160155322127344,30.74533175718095,1.6422649736594241,19.96848999420672,1.9208950171338692,0,3d14888208aa42247fdd4660df69a0ce40c289ea08536a5d6c78c18d58ae49c5,contract_manifest,SUCCESS
TREE_U_DQ,A_reference_sequence_terminal_proxy,NONE,equivalent_exposure_progress_v1,torch_terminal_v1,3,17,149,aef676bb275647280889c762b29aa161b83e18f4f4d1ff4b87535d8f7c77da48,pass_main,3.960146188735962,9.470636899917121,2.6439145587685995,1.9509047807295266,30.74533175718095,1.6422649736594241,19.96848999420672,1.9208950171338692,0,3d14888208aa42247fdd4660df69a0ce40c289ea08536a5d6c78c18d58ae49c5,contract_manifest,SUCCESS
TREE_U_DQ,A_reference_sequence_terminal_proxy,NONE,equivalent_exposure_progress_v1,torch_terminal_v1,3,17,150,aef676bb275647280889c762b29aa161b83e18f4f4d1ff4b87535d8f7c77da48,pass_main,38.56780624389648,39.2056468794081,0.6964995761101671,1.5958193703268413,30.74533175718095,1.6422649736594241,19.96848999420672,1.9208950171338692,0,3d14888208aa42247fdd4660df69a0ce40c289ea08536a5d6c78c18d58ae49c5,contract_manifest,SUCCESS
TREE_U_DQ,A_reference_sequence_terminal_proxy,NONE,equivalent_exposure_progress_v1,torch_terminal_v1,3,17,151,aef676bb275647280889c762b29aa161b83e18f4f4d1ff4b87535d8f7c77da48,pass_main,44.21941566467285,43.43899977814203,0.7665122885489518,1.27614273704806,30.74533175718095,1.6422649736594241,19.96848999420672,1.9208950171338692,0,3d14888208aa42247fdd4660df69a0ce40c289ea08536a5d6c78c18d58ae49c5,contract_manifest,SUCCESS
TREE_U_DQ,A_reference_sequence_terminal_proxy,NONE,equivalent_exposure_progress_v1,torch_terminal_v1,3,17,168,d48d7315f47e485987c1fcbacb55056d36e090c8fd8b14eb91aeacb0d1ffd139,pass_main,12.661317825317385,14.861252132498144,0.3279736648445495,0.6390022018017819,30.74533175718095,1.6422649736594241,19.96848999420672,1.9208950171338692,0,3d14888208aa42247fdd4660df69a0ce40c289ea08536a5d6c78c18d58ae49c5,contract_manifest,SUCCESS
TREE_U_DQ,A_reference_sequence_terminal_proxy,NONE,equivalent_exposure_progress_v1,torch_terminal_v1,3,17,169,d48d7315f47e485987c1fcbacb55056d36e090c8fd8b14eb91aeacb0d1ffd139,pass_main,19.71621990203857,17.284543773279587,0.2405192473654785,0.6933595234819144,30.74533175718095,1.6422649736594241,19.96848999420672,1.9208950171338692,0,3d14888208aa42247fdd4660df69a0ce40c289ea08536a5d6c78c18d58ae49c5,contract_manifest,SUCCESS
TREE_U_DQ,A_reference_sequence_terminal_proxy,NONE,equivalent_exposure_progress_v1,torch_terminal_v1,3,17,170,d48d7315f47e485987c1fcbacb55056d36e090c8fd8b14eb91aeacb0d1ffd139,pass_main,6.387043476104736,8.246967145369258,0.24840697659849834,0.5575640853517442,30.74533175718095,1.6422649736594241,19.96848999420672,1.9208950171338692,0,3d14888208aa42247fdd4660df69a0ce40c289ea08536a5d6c78c18d58ae49c5,contract_manifest,SUCCESS
TREE_U_DQ,A_reference_sequence_terminal_proxy,NONE,equivalent_exposure_progress_v1,torch_terminal_v1,3,17,171,d48d7315f47e485987c1fcbacb55056d36e090c8fd8b14eb91aeacb0d1ffd139,pass_main,25.57870388031006,19.037850153440694,0.18187131201550544,0.5926633054685033,30.74533175718095,1.6422649736594241,19.96848999420672,1.9208950171338692,0,3d14888208aa42247fdd4660df69a0ce40c289ea08536a5d6c78c18d58ae49c5,contract_manifest,SUCCESS
STATIC_PHY_K4_AUX,A_reference_sequence_terminal_proxy,RLOG_EQEXP_v1,equivalent_exposure_progress_v1,torch_terminal_v1,3,17,1,4158b4ed1d621be17c0f4c7cd25cc4fd5fe8c20a14d93a2ba34e39f37e99b6f2,formal,8.637125968933105,5.761949062347412,0.2471706001514426,1.4354262351989746,30.74533175718095,1.6422649736594241,19.96848999420672,1.9208950171338692,4,ac0054050f3a32c53ddf508a1d7f9b02a82c6abc6bc1b91079fa6f2215472efd,contract_manifest,SUCCESS
STATIC_PHY_K4_AUX,A_reference_sequence_terminal_proxy,RLOG_EQEXP_v1,equivalent_exposure_progress_v1,torch_terminal_v1,3,17,4,20caa3962d19a1c914fd7e4ad138c3326e95fec7d73688d1d6b577885be05ce6,formal,4.774026870727539,4.714180946350098,0.3826446287582914,1.4150283336639404,30.74533175718095,1.6422649736594241,19.96848999420672,1.9208950171338692,4,ac0054050f3a32c53ddf508a1d7f9b02a82c6abc6bc1b91079fa6f2215472efd,contract_manifest,SUCCESS
STATIC_PHY_K4_AUX,A_reference_sequence_terminal_proxy,RLOG_EQEXP_v1,equivalent_exposure_progress_v1,torch_terminal_v1,3,17,13,f53192358bead2012e60074318af5f16d7b1dd6ebc9b1930f8b56ed817ac2f20,formal,7.083702087402344,12.300188064575195,1.30293854696983,1.4831656217575073,30.74533175718095,1.6422649736594241,19.96848999420672,1.9208950171338692,4,ac0054050f3a32c53ddf508a1d7f9b02a82c6abc6bc1b91079fa6f2215472efd,contract_manifest,SUCCESS
STATIC_PHY_K4_AUX,A_reference_sequence_terminal_proxy,RLOG_EQEXP_v1,equivalent_exposure_progress_v1,torch_terminal_v1,3,17,20,59923924a2a32b66894219e86e1fbcbbad735ec10b54c5d10adf485dddfe540f,formal,56.62374496459961,48.033348083496094,1.3353451763349196,1.4831656217575073,30.74533175718095,1.6422649736594241,19.96848999420672,1.9208950171338692,4,ac0054050f3a32c53ddf508a1d7f9b02a82c6abc6bc1b91079fa6f2215472efd,contract_manifest,SUCCESS
STATIC_PHY_K4_AUX,A_reference_sequence_terminal_proxy,RLOG_EQEXP_v1,equivalent_exposure_progress_v1,torch_terminal_v1,3,17,34,49be816d3f38705a74dbb36266214c3e232f4efa1137b6dc5a33f7fff88a2412,formal,8.413393497467041,12.909420013427734,3.0928605658036448,1.4831656217575073,30.74533175718095,1.6422649736594241,19.96848999420672,1.9208950171338692,4,ac0054050f3a32c53ddf508a1d7f9b02a82c6abc6bc1b91079fa6f2215472efd,contract_manifest,SUCCESS
STATIC_PHY_K4_AUX,A_reference_sequence_terminal_proxy,RLOG_EQEXP_v1,equivalent_exposure_progress_v1,torch_terminal_v1,3,17,40,16cd7d03a922a4569cb1f5c8ec1269f8c4c0cc50a98c497a54784441eb27bc6d,formal,56.28345680236816,42.9185905456543,0.962213752802924,2.272930145263672,30.74533175718095,1.6422649736594241,19.96848999420672,1.9208950171338692,4,ac0054050f3a32c53ddf508a1d7f9b02a82c6abc6bc1b91079fa6f2215472efd,contract_manifest,SUCCESS
STATIC_PHY_K4_AUX,A_reference_sequence_terminal_proxy,RLOG_EQEXP_v1,equivalent_exposure_progress_v1,torch_terminal_v1,3,17,48,fa304c0f023238a6e791bd19b20de4880bc0fe3f0d1d849934c60a124f30d055,formal,1.869468986988068,11.676790237426758,0.21903317307652082,1.4831656217575073,30.74533175718095,1.6422649736594241,19.96848999420672,1.9208950171338692,4,ac0054050f3a32c53ddf508a1d7f9b02a82c6abc6bc1b91079fa6f2215472efd,contract_manifest,SUCCESS
STATIC_PHY_K4_AUX,A_reference_sequence_terminal_proxy,RLOG_EQEXP_v1,equivalent_exposure_progress_v1,torch_terminal_v1,3,17,49,fa304c0f023238a6e791bd19b20de4880bc0fe3f0d1d849934c60a124f30d055,formal,1.8423005938529968,11.676790237426758,0.21986123057994328,1.4831656217575073,30.74533175718095,1.6422649736594241,19.96848999420672,1.9208950171338692,4,ac0054050f3a32c53ddf508a1d7f9b02a82c6abc6bc1b91079fa6f2215472efd,contract_manifest,SUCCESS
STATIC_PHY_K4_AUX,A_reference_sequence_terminal_proxy,RLOG_EQEXP_v1,equivalent_exposure_progress_v1,torch_terminal_v1,3,17,52,5ef7f13b66ec12b2261ca84d2486c42a88363c2a07c3f35200d58a57b0f44c42,formal,29.101886749267575,16.992603302001953,0.4344704944965986,1.4831656217575073,30.74533175718095,1.6422649736594241,19.96848999420672,1.9208950171338692,4,ac0054050f3a32c53ddf508a1d7f9b02a82c6abc6bc1b91079fa6f2215472efd,contract_manifest,SUCCESS
STATIC_PHY_K4_AUX,A_reference_sequence_terminal_proxy,RLOG_EQEXP_v1,equivalent_exposure_progress_v1,torch_terminal_v1,3,17,54,ca4dc2c3fda0278554df1f21f732f0bc05df2aed173355268d5c68dd5219cbd3,formal,26.571630477905277,15.350257873535156,0.5464019211754307,1.4831656217575073,30.74533175718095,1.6422649736594241,19.96848999420672,1.9208950171338692,4,ac0054050f3a32c53ddf508a1d7f9b02a82c6abc6bc1b91079fa6f2215472efd,contract_manifest,SUCCESS
STATIC_PHY_K4_AUX,A_reference_sequence_terminal_proxy,RLOG_EQEXP_v1,equivalent_exposure_progress_v1,torch_terminal_v1,3,17,59,538dda5a8ef6d1c941df1c45ae5b919b2159b55834a8d9212b58d3f22cf3d8bc,formal,1.302653431892395,14.263994216918945,1.232722393990695,1.4831656217575073,30.74533175718095,1.6422649736594241,19.96848999420672,1.9208950171338692,4,ac0054050f3a32c53ddf508a1d7f9b02a82c6abc6bc1b91079fa6f2215472efd,contract_manifest,SUCCESS
STATIC_PHY_K4_AUX,A_reference_sequence_terminal_proxy,RLOG_EQEXP_v1,equivalent_exposure_progress_v1,torch_terminal_v1,3,17,74,96b16c88a29a240018dcb0601ec45e6cac1110e4439f1f4f414ff93aee6ca449,formal,1.1291950941085815,11.621819496154785,0.2684293983015196,1.4831656217575073,30.74533175718095,1.6422649736594241,19.96848999420672,1.9208950171338692,4,ac0054050f3a32c53ddf508a1d7f9b02a82c6abc6bc1b91079fa6f2215472efd,contract_manifest,SUCCESS
STATIC_PHY_K4_AUX,A_reference_sequence_terminal_proxy,RLOG_EQEXP_v1,equivalent_exposure_progress_v1,torch_terminal_v1,3,17,75,3277ff338b1ece83ce0fcbca272659e59298a780ccb3bf6718496c548b864511,formal,11.11442756652832,13.600759506225586,0.39521401605598383,1.4831656217575073,30.74533175718095,1.6422649736594241,19.96848999420672,1.9208950171338692,4,ac0054050f3a32c53ddf508a1d7f9b02a82c6abc6bc1b91079fa6f2215472efd,contract_manifest,SUCCESS
STATIC_PHY_K4_AUX,A_reference_sequence_terminal_proxy,RLOG_EQEXP_v1,equivalent_exposure_progress_v1,torch_terminal_v1,3,17,76,8f8c3686ac46b21276dc57ba01e762d6068954b2e2a0b1d936fd19c70d420335,formal,29.09636402130127,18.66846466064453,0.2487101974307388,1.4831656217575073,30.74533175718095,1.6422649736594241,19.96848999420672,1.9208950171338692,4,ac0054050f3a32c53ddf508a1d7f9b02a82c6abc6bc1b91079fa6f2215472efd,contract_manifest,SUCCESS
STATIC_PHY_K4_AUX,A_reference_sequence_terminal_proxy,RLOG_EQEXP_v1,equivalent_exposure_progress_v1,torch_terminal_v1,3,17,81,dd5996d0d16fc760a97193bf36d6bb5114adf204f85fc47cd99633fc788ed641,formal,37.25409126281738,22.330331802368164,0.8428728979281324,1.4831656217575073,30.74533175718095,1.6422649736594241,19.96848999420672,1.9208950171338692,4,ac0054050f3a32c53ddf508a1d7f9b02a82c6abc6bc1b91079fa6f2215472efd,contract_manifest,SUCCESS
STATIC_PHY_K4_AUX,A_reference_sequence_terminal_proxy,RLOG_EQEXP_v1,equivalent_exposure_progress_v1,torch_terminal_v1,3,17,90,28d3ba8e515e80482e027ca163a5bec82884082a8f8fc608079f144368ad3db9,formal,47.333452224731445,32.65778350830078,0.548073820161284,1.4831656217575073,30.74533175718095,1.6422649736594241,19.96848999420672,1.9208950171338692,4,ac0054050f3a32c53ddf508a1d7f9b02a82c6abc6bc1b91079fa6f2215472efd,contract_manifest,SUCCESS
STATIC_PHY_K4_AUX,A_reference_sequence_terminal_proxy,RLOG_EQEXP_v1,equivalent_exposure_progress_v1,torch_terminal_v1,3,17,92,81f089e3ec3746fd0625404be432642bee44aa5042c33fd1661b60d2e04189a7,formal,35.61216163635254,24.04550552368164,0.8025962161228163,1.4831656217575073,30.74533175718095,1.6422649736594241,19.96848999420672,1.9208950171338692,4,ac0054050f3a32c53ddf508a1d7f9b02a82c6abc6bc1b91079fa6f2215472efd,contract_manifest,SUCCESS
STATIC_PHY_K4_AUX,A_reference_sequence_terminal_proxy,RLOG_EQEXP_v1,equivalent_exposure_progress_v1,torch_terminal_v1,3,17,94,601ef43fbd685e1456b985b9dedb599b4f32c57eda67793b43004416acf24438,formal,42.34056854248047,25.890995025634766,1.0369038982606233,1.4831656217575073,30.74533175718095,1.6422649736594241,19.96848999420672,1.9208950171338692,4,ac0054050f3a32c53ddf508a1d7f9b02a82c6abc6bc1b91079fa6f2215472efd,contract_manifest,SUCCESS
STATIC_PHY_K4_AUX,A_reference_sequence_terminal_proxy,RLOG_EQEXP_v1,equivalent_exposure_progress_v1,torch_terminal_v1,3,17,95,601ef43fbd685e1456b985b9dedb599b4f32c57eda67793b43004416acf24438,formal,44.55615997314453,17.668569564819336,0.7038945438852546,1.9682283401489258,30.74533175718095,1.6422649736594241,19.96848999420672,1.9208950171338692,4,ac0054050f3a32c53ddf508a1d7f9b02a82c6abc6bc1b91079fa6f2215472efd,contract_manifest,SUCCESS
STATIC_PHY_K4_AUX,A_reference_sequence_terminal_proxy,RLOG_EQEXP_v1,equivalent_exposure_progress_v1,torch_terminal_v1,3,17,102,fd417a2babd1a5a6f117e24361afb85c522f1bd42c53e6ac0f1a2dd4dee79edf,formal,2.336227536201477,4.665245532989502,0.35206716216550205,1.3977547883987427,30.74533175718095,1.6422649736594241,19.96848999420672,1.9208950171338692,4,ac0054050f3a32c53ddf508a1d7f9b02a82c6abc6bc1b91079fa6f2215472efd,contract_manifest,SUCCESS
STATIC_PHY_K4_AUX,A_reference_sequence_terminal_proxy,RLOG_EQEXP_v1,equivalent_exposure_progress_v1,torch_terminal_v1,3,17,105,a6a2d17b23617cebe0634d08f8412f1f7dab788ad637db87676837cd9cea8acb,formal,12.88395929336548,13.76656723022461,0.39027547233490384,1.4831656217575073,30.74533175718095,1.6422649736594241,19.96848999420672,1.9208950171338692,4,ac0054050f3a32c53ddf508a1d7f9b02a82c6abc6bc1b91079fa6f2215472efd,contract_manifest,SUCCESS
STATIC_PHY_K4_AUX,A_reference_sequence_terminal_proxy,RLOG_EQEXP_v1,equivalent_exposure_progress_v1,torch_terminal_v1,3,17,109,685c2c9ae214e0656d16aef6eb52d0269603217fe7b034fe09ebf346e9ff5b25,formal,41.71175575256348,28.554357528686523,2.4137061776896296,1.4831656217575073,30.74533175718095,1.6422649736594241,19.96848999420672,1.9208950171338692,4,ac0054050f3a32c53ddf508a1d7f9b02a82c6abc6bc1b91079fa6f2215472efd,contract_manifest,SUCCESS
STATIC_PHY_K4_AUX,A_reference_sequence_terminal_proxy,RLOG_EQEXP_v1,equivalent_exposure_progress_v1,torch_terminal_v1,3,17,112,b883d29a5bb52293cd7c63e9750120e9004c89ff5831b5a5fd8319f34d0334df,formal,37.46864891052246,31.25777244567871,0.3474366765269507,1.4831656217575073,30.74533175718095,1.6422649736594241,19.96848999420672,1.9208950171338692,4,ac0054050f3a32c53ddf508a1d7f9b02a82c6abc6bc1b91079fa6f2215472efd,contract_manifest,SUCCESS
STATIC_PHY_K4_AUX,A_reference_sequence_terminal_proxy,RLOG_EQEXP_v1,equivalent_exposure_progress_v1,torch_terminal_v1,3,17,116,cf15a84e17a08d5442e642f55bd238c27a3e70672bdf8932fcea209f247160de,formal,4.148553848266602,13.587501525878906,2.0773694115595793,1.4831656217575073,30.74533175718095,1.6422649736594241,19.96848999420672,1.9208950171338692,4,ac0054050f3a32c53ddf508a1d7f9b02a82c6abc6bc1b91079fa6f2215472efd,contract_manifest,SUCCESS
STATIC_PHY_K4_AUX,A_reference_sequence_terminal_proxy,RLOG_EQEXP_v1,equivalent_exposure_progress_v1,torch_terminal_v1,3,17,140,4290660b4d4ae5cd887571e6f751868ac4c279f09fdac5bfe67da201d4aef605,pass_main,3.393480896949768,12.844034194946289,0.9542694585783289,1.4831656217575073,30.74533175718095,1.6422649736594241,19.96848999420672,1.9208950171338692,4,ac0054050f3a32c53ddf508a1d7f9b02a82c6abc6bc1b91079fa6f2215472efd,contract_manifest,SUCCESS
STATIC_PHY_K4_AUX,A_reference_sequence_terminal_proxy,RLOG_EQEXP_v1,equivalent_exposure_progress_v1,torch_terminal_v1,3,17,141,4290660b4d4ae5cd887571e6f751868ac4c279f09fdac5bfe67da201d4aef605,pass_main,35.72157287597656,14.560983657836914,0.6935485221278894,1.4831656217575073,30.74533175718095,1.6422649736594241,19.96848999420672,1.9208950171338692,4,ac0054050f3a32c53ddf508a1d7f9b02a82c6abc6bc1b91079fa6f2215472efd,contract_manifest,SUCCESS
STATIC_PHY_K4_AUX,A_reference_sequence_terminal_proxy,RLOG_EQEXP_v1,equivalent_exposure_progress_v1,torch_terminal_v1,3,17,142,4290660b4d4ae5cd887571e6f751868ac4c279f09fdac5bfe67da201d4aef605,pass_main,44.42843627929688,16.27793312072754,0.9263084561645332,1.4831656217575073,30.74533175718095,1.6422649736594241,19.96848999420672,1.9208950171338692,4,ac0054050f3a32c53ddf508a1d7f9b02a82c6abc6bc1b91079fa6f2215472efd,contract_manifest,SUCCESS
STATIC_PHY_K4_AUX,A_reference_sequence_terminal_proxy,RLOG_EQEXP_v1,equivalent_exposure_progress_v1,torch_terminal_v1,3,17,143,4290660b4d4ae5cd887571e6f751868ac4c279f09fdac5bfe67da201d4aef605,pass_main,50.90607452392578,17.994882583618164,1.0501544936377583,1.4831656217575073,30.74533175718095,1.6422649736594241,19.96848999420672,1.9208950171338692,4,ac0054050f3a32c53ddf508a1d7f9b02a82c6abc6bc1b91079fa6f2215472efd,contract_manifest,SUCCESS
STATIC_PHY_K4_AUX,A_reference_sequence_terminal_proxy,RLOG_EQEXP_v1,equivalent_exposure_progress_v1,torch_terminal_v1,3,17,148,aef676bb275647280889c762b29aa161b83e18f4f4d1ff4b87535d8f7c77da48,pass_main,29.44637680053711,12.958497047424316,0.7338443632807123,1.4831656217575073,30.74533175718095,1.6422649736594241,19.96848999420672,1.9208950171338692,4,ac0054050f3a32c53ddf508a1d7f9b02a82c6abc6bc1b91079fa6f2215472efd,contract_manifest,SUCCESS
STATIC_PHY_K4_AUX,A_reference_sequence_terminal_proxy,RLOG_EQEXP_v1,equivalent_exposure_progress_v1,torch_terminal_v1,3,17,149,aef676bb275647280889c762b29aa161b83e18f4f4d1ff4b87535d8f7c77da48,pass_main,3.960146188735962,12.042791366577148,2.6439145587685995,1.4831656217575073,30.74533175718095,1.6422649736594241,19.96848999420672,1.9208950171338692,4,ac0054050f3a32c53ddf508a1d7f9b02a82c6abc6bc1b91079fa6f2215472efd,contract_manifest,SUCCESS
STATIC_PHY_K4_AUX,A_reference_sequence_terminal_proxy,RLOG_EQEXP_v1,equivalent_exposure_progress_v1,torch_terminal_v1,3,17,150,aef676bb275647280889c762b29aa161b83e18f4f4d1ff4b87535d8f7c77da48,pass_main,38.56780624389648,13.8742036819458,0.6964995761101671,1.4831656217575073,30.74533175718095,1.6422649736594241,19.96848999420672,1.9208950171338692,4,ac0054050f3a32c53ddf508a1d7f9b02a82c6abc6bc1b91079fa6f2215472efd,contract_manifest,SUCCESS
STATIC_PHY_K4_AUX,A_reference_sequence_terminal_proxy,RLOG_EQEXP_v1,equivalent_exposure_progress_v1,torch_terminal_v1,3,17,151,aef676bb275647280889c762b29aa161b83e18f4f4d1ff4b87535d8f7c77da48,pass_main,44.21941566467285,14.789910316467285,0.7665122885489518,1.4831656217575073,30.74533175718095,1.6422649736594241,19.96848999420672,1.9208950171338692,4,ac0054050f3a32c53ddf508a1d7f9b02a82c6abc6bc1b91079fa6f2215472efd,contract_manifest,SUCCESS
STATIC_PHY_K4_AUX,A_reference_sequence_terminal_proxy,RLOG_EQEXP_v1,equivalent_exposure_progress_v1,torch_terminal_v1,3,17,168,d48d7315f47e485987c1fcbacb55056d36e090c8fd8b14eb91aeacb0d1ffd139,pass_main,12.661317825317385,14.09549331665039,0.3279736648445495,1.4831656217575073,30.74533175718095,1.6422649736594241,19.96848999420672,1.9208950171338692,4,ac0054050f3a32c53ddf508a1d7f9b02a82c6abc6bc1b91079fa6f2215472efd,contract_manifest,SUCCESS
STATIC_PHY_K4_AUX,A_reference_sequence_terminal_proxy,RLOG_EQEXP_v1,equivalent_exposure_progress_v1,torch_terminal_v1,3,17,169,d48d7315f47e485987c1fcbacb55056d36e090c8fd8b14eb91aeacb0d1ffd139,pass_main,19.71621990203857,15.57969856262207,0.2405192473654785,1.4831656217575073,30.74533175718095,1.6422649736594241,19.96848999420672,1.9208950171338692,4,ac0054050f3a32c53ddf508a1d7f9b02a82c6abc6bc1b91079fa6f2215472efd,contract_manifest,SUCCESS
STATIC_PHY_K4_AUX,A_reference_sequence_terminal_proxy,RLOG_EQEXP_v1,equivalent_exposure_progress_v1,torch_terminal_v1,3,17,170,d48d7315f47e485987c1fcbacb55056d36e090c8fd8b14eb91aeacb0d1ffd139,pass_main,6.387043476104736,12.611289024353027,0.24840697659849834,1.4831656217575073,30.74533175718095,1.6422649736594241,19.96848999420672,1.9208950171338692,4,ac0054050f3a32c53ddf508a1d7f9b02a82c6abc6bc1b91079fa6f2215472efd,contract_manifest,SUCCESS
STATIC_PHY_K4_AUX,A_reference_sequence_terminal_proxy,RLOG_EQEXP_v1,equivalent_exposure_progress_v1,torch_terminal_v1,3,17,171,d48d7315f47e485987c1fcbacb55056d36e090c8fd8b14eb91aeacb0d1ffd139,pass_main,25.57870388031006,17.06390380859375,0.18187131201550544,1.4831656217575073,30.74533175718095,1.6422649736594241,19.96848999420672,1.9208950171338692,4,ac0054050f3a32c53ddf508a1d7f9b02a82c6abc6bc1b91079fa6f2215472efd,contract_manifest,SUCCESS
GRU_PHY_K4_AUX,A_reference_sequence_terminal_proxy,RLOG_EQEXP_v1,equivalent_exposure_progress_v1,torch_terminal_v1,3,17,1,4158b4ed1d621be17c0f4c7cd25cc4fd5fe8c20a14d93a2ba34e39f37e99b6f2,formal,8.637125968933105,6.429980278015137,0.2471706001514426,1.1415272951126099,30.74533175718095,1.6422649736594241,19.96848999420672,1.9208950171338692,4,e2dbcad69aa779ab68271799dd5f94f84df88fb60a88daa0a9ea7f4304f0c3d4,contract_manifest,SUCCESS
GRU_PHY_K4_AUX,A_reference_sequence_terminal_proxy,RLOG_EQEXP_v1,equivalent_exposure_progress_v1,torch_terminal_v1,3,17,4,20caa3962d19a1c914fd7e4ad138c3326e95fec7d73688d1d6b577885be05ce6,formal,4.774026870727539,4.015590667724609,0.3826446287582914,1.072465181350708,30.74533175718095,1.6422649736594241,19.96848999420672,1.9208950171338692,4,e2dbcad69aa779ab68271799dd5f94f84df88fb60a88daa0a9ea7f4304f0c3d4,contract_manifest,SUCCESS
GRU_PHY_K4_AUX,A_reference_sequence_terminal_proxy,RLOG_EQEXP_v1,equivalent_exposure_progress_v1,torch_terminal_v1,3,17,13,f53192358bead2012e60074318af5f16d7b1dd6ebc9b1930f8b56ed817ac2f20,formal,7.083702087402344,11.493168830871582,1.30293854696983,1.4456533193588257,30.74533175718095,1.6422649736594241,19.96848999420672,1.9208950171338692,4,e2dbcad69aa779ab68271799dd5f94f84df88fb60a88daa0a9ea7f4304f0c3d4,contract_manifest,SUCCESS
GRU_PHY_K4_AUX,A_reference_sequence_terminal_proxy,RLOG_EQEXP_v1,equivalent_exposure_progress_v1,torch_terminal_v1,3,17,20,59923924a2a32b66894219e86e1fbcbbad735ec10b54c5d10adf485dddfe540f,formal,56.62374496459961,47.2197151184082,1.3353451763349196,1.450762391090393,30.74533175718095,1.6422649736594241,19.96848999420672,1.9208950171338692,4,e2dbcad69aa779ab68271799dd5f94f84df88fb60a88daa0a9ea7f4304f0c3d4,contract_manifest,SUCCESS
GRU_PHY_K4_AUX,A_reference_sequence_terminal_proxy,RLOG_EQEXP_v1,equivalent_exposure_progress_v1,torch_terminal_v1,3,17,34,49be816d3f38705a74dbb36266214c3e232f4efa1137b6dc5a33f7fff88a2412,formal,8.413393497467041,12.103164672851562,3.0928605658036448,1.447603464126587,30.74533175718095,1.6422649736594241,19.96848999420672,1.9208950171338692,4,e2dbcad69aa779ab68271799dd5f94f84df88fb60a88daa0a9ea7f4304f0c3d4,contract_manifest,SUCCESS
GRU_PHY_K4_AUX,A_reference_sequence_terminal_proxy,RLOG_EQEXP_v1,equivalent_exposure_progress_v1,torch_terminal_v1,3,17,40,16cd7d03a922a4569cb1f5c8ec1269f8c4c0cc50a98c497a54784441eb27bc6d,formal,56.28345680236816,46.174644470214844,0.962213752802924,2.6213557720184326,30.74533175718095,1.6422649736594241,19.96848999420672,1.9208950171338692,4,e2dbcad69aa779ab68271799dd5f94f84df88fb60a88daa0a9ea7f4304f0c3d4,contract_manifest,SUCCESS
GRU_PHY_K4_AUX,A_reference_sequence_terminal_proxy,RLOG_EQEXP_v1,equivalent_exposure_progress_v1,torch_terminal_v1,3,17,48,fa304c0f023238a6e791bd19b20de4880bc0fe3f0d1d849934c60a124f30d055,formal,1.869468986988068,10.869967460632324,0.21903317307652082,1.4450767040252686,30.74533175718095,1.6422649736594241,19.96848999420672,1.9208950171338692,4,e2dbcad69aa779ab68271799dd5f94f84df88fb60a88daa0a9ea7f4304f0c3d4,contract_manifest,SUCCESS
GRU_PHY_K4_AUX,A_reference_sequence_terminal_proxy,RLOG_EQEXP_v1,equivalent_exposure_progress_v1,torch_terminal_v1,3,17,49,fa304c0f023238a6e791bd19b20de4880bc0fe3f0d1d849934c60a124f30d055,formal,1.8423005938529968,10.869967460632324,0.21986123057994328,1.4450767040252686,30.74533175718095,1.6422649736594241,19.96848999420672,1.9208950171338692,4,e2dbcad69aa779ab68271799dd5f94f84df88fb60a88daa0a9ea7f4304f0c3d4,contract_manifest,SUCCESS
GRU_PHY_K4_AUX,A_reference_sequence_terminal_proxy,RLOG_EQEXP_v1,equivalent_exposure_progress_v1,torch_terminal_v1,3,17,52,5ef7f13b66ec12b2261ca84d2486c42a88363c2a07c3f35200d58a57b0f44c42,formal,29.101886749267575,16.186176300048828,0.4344704944965986,1.446243405342102,30.74533175718095,1.6422649736594241,19.96848999420672,1.9208950171338692,4,e2dbcad69aa779ab68271799dd5f94f84df88fb60a88daa0a9ea7f4304f0c3d4,contract_manifest,SUCCESS
GRU_PHY_K4_AUX,A_reference_sequence_terminal_proxy,RLOG_EQEXP_v1,equivalent_exposure_progress_v1,torch_terminal_v1,3,17,54,ca4dc2c3fda0278554df1f21f732f0bc05df2aed173355268d5c68dd5219cbd3,formal,26.571630477905277,14.3203125,0.5464019211754307,1.3927180767059326,30.74533175718095,1.6422649736594241,19.96848999420672,1.9208950171338692,4,e2dbcad69aa779ab68271799dd5f94f84df88fb60a88daa0a9ea7f4304f0c3d4,contract_manifest,SUCCESS
GRU_PHY_K4_AUX,A_reference_sequence_terminal_proxy,RLOG_EQEXP_v1,equivalent_exposure_progress_v1,torch_terminal_v1,3,17,59,538dda5a8ef6d1c941df1c45ae5b919b2159b55834a8d9212b58d3f22cf3d8bc,formal,1.302653431892395,13.457742691040039,1.232722393990695,1.4476388692855835,30.74533175718095,1.6422649736594241,19.96848999420672,1.9208950171338692,4,e2dbcad69aa779ab68271799dd5f94f84df88fb60a88daa0a9ea7f4304f0c3d4,contract_manifest,SUCCESS
GRU_PHY_K4_AUX,A_reference_sequence_terminal_proxy,RLOG_EQEXP_v1,equivalent_exposure_progress_v1,torch_terminal_v1,3,17,74,96b16c88a29a240018dcb0601ec45e6cac1110e4439f1f4f414ff93aee6ca449,formal,1.1291950941085815,10.815547943115234,0.2684293983015196,1.4474231004714966,30.74533175718095,1.6422649736594241,19.96848999420672,1.9208950171338692,4,e2dbcad69aa779ab68271799dd5f94f84df88fb60a88daa0a9ea7f4304f0c3d4,contract_manifest,SUCCESS
GRU_PHY_K4_AUX,A_reference_sequence_terminal_proxy,RLOG_EQEXP_v1,equivalent_exposure_progress_v1,torch_terminal_v1,3,17,75,3277ff338b1ece83ce0fcbca272659e59298a780ccb3bf6718496c548b864511,formal,11.11442756652832,12.785360336303711,0.39521401605598383,1.4353519678115845,30.74533175718095,1.6422649736594241,19.96848999420672,1.9208950171338692,4,e2dbcad69aa779ab68271799dd5f94f84df88fb60a88daa0a9ea7f4304f0c3d4,contract_manifest,SUCCESS
GRU_PHY_K4_AUX,A_reference_sequence_terminal_proxy,RLOG_EQEXP_v1,equivalent_exposure_progress_v1,torch_terminal_v1,3,17,76,8f8c3686ac46b21276dc57ba01e762d6068954b2e2a0b1d936fd19c70d420335,formal,29.09636402130127,17.862058639526367,0.2487101974307388,1.446422815322876,30.74533175718095,1.6422649736594241,19.96848999420672,1.9208950171338692,4,e2dbcad69aa779ab68271799dd5f94f84df88fb60a88daa0a9ea7f4304f0c3d4,contract_manifest,SUCCESS
GRU_PHY_K4_AUX,A_reference_sequence_terminal_proxy,RLOG_EQEXP_v1,equivalent_exposure_progress_v1,torch_terminal_v1,3,17,81,dd5996d0d16fc760a97193bf36d6bb5114adf204f85fc47cd99633fc788ed641,formal,37.25409126281738,21.52387046813965,0.8428728979281324,1.4472025632858276,30.74533175718095,1.6422649736594241,19.96848999420672,1.9208950171338692,4,e2dbcad69aa779ab68271799dd5f94f84df88fb60a88daa0a9ea7f4304f0c3d4,contract_manifest,SUCCESS
GRU_PHY_K4_AUX,A_reference_sequence_terminal_proxy,RLOG_EQEXP_v1,equivalent_exposure_progress_v1,torch_terminal_v1,3,17,90,28d3ba8e515e80482e027ca163a5bec82884082a8f8fc608079f144368ad3db9,formal,47.333452224731445,31.845809936523438,0.548073820161284,1.4494611024856567,30.74533175718095,1.6422649736594241,19.96848999420672,1.9208950171338692,4,e2dbcad69aa779ab68271799dd5f94f84df88fb60a88daa0a9ea7f4304f0c3d4,contract_manifest,SUCCESS
GRU_PHY_K4_AUX,A_reference_sequence_terminal_proxy,RLOG_EQEXP_v1,equivalent_exposure_progress_v1,torch_terminal_v1,3,17,92,81f089e3ec3746fd0625404be432642bee44aa5042c33fd1661b60d2e04189a7,formal,35.61216163635254,23.239078521728516,0.8025962161228163,1.44772207736969,30.74533175718095,1.6422649736594241,19.96848999420672,1.9208950171338692,4,e2dbcad69aa779ab68271799dd5f94f84df88fb60a88daa0a9ea7f4304f0c3d4,contract_manifest,SUCCESS
GRU_PHY_K4_AUX,A_reference_sequence_terminal_proxy,RLOG_EQEXP_v1,equivalent_exposure_progress_v1,torch_terminal_v1,3,17,94,601ef43fbd685e1456b985b9dedb599b4f32c57eda67793b43004416acf24438,formal,42.34056854248047,24.87788963317871,1.0369038982606233,1.4464361667633057,30.74533175718095,1.6422649736594241,19.96848999420672,1.9208950171338692,4,e2dbcad69aa779ab68271799dd5f94f84df88fb60a88daa0a9ea7f4304f0c3d4,contract_manifest,SUCCESS
GRU_PHY_K4_AUX,A_reference_sequence_terminal_proxy,RLOG_EQEXP_v1,equivalent_exposure_progress_v1,torch_terminal_v1,3,17,95,601ef43fbd685e1456b985b9dedb599b4f32c57eda67793b43004416acf24438,formal,44.55615997314453,18.76854705810547,0.7038945438852546,2.010021924972534,30.74533175718095,1.6422649736594241,19.96848999420672,1.9208950171338692,4,e2dbcad69aa779ab68271799dd5f94f84df88fb60a88daa0a9ea7f4304f0c3d4,contract_manifest,SUCCESS
GRU_PHY_K4_AUX,A_reference_sequence_terminal_proxy,RLOG_EQEXP_v1,equivalent_exposure_progress_v1,torch_terminal_v1,3,17,102,fd417a2babd1a5a6f117e24361afb85c522f1bd42c53e6ac0f1a2dd4dee79edf,formal,2.336227536201477,4.086450576782227,0.35206716216550205,1.076560139656067,30.74533175718095,1.6422649736594241,19.96848999420672,1.9208950171338692,4,e2dbcad69aa779ab68271799dd5f94f84df88fb60a88daa0a9ea7f4304f0c3d4,contract_manifest,SUCCESS
GRU_PHY_K4_AUX,A_reference_sequence_terminal_proxy,RLOG_EQEXP_v1,equivalent_exposure_progress_v1,torch_terminal_v1,3,17,105,a6a2d17b23617cebe0634d08f8412f1f7dab788ad637db87676837cd9cea8acb,formal,12.88395929336548,12.960323333740234,0.39027547233490384,1.4475613832473755,30.74533175718095,1.6422649736594241,19.96848999420672,1.9208950171338692,4,e2dbcad69aa779ab68271799dd5f94f84df88fb60a88daa0a9ea7f4304f0c3d4,contract_manifest,SUCCESS
GRU_PHY_K4_AUX,A_reference_sequence_terminal_proxy,RLOG_EQEXP_v1,equivalent_exposure_progress_v1,torch_terminal_v1,3,17,109,685c2c9ae214e0656d16aef6eb52d0269603217fe7b034fe09ebf346e9ff5b25,formal,41.71175575256348,27.578784942626953,2.4137061776896296,1.4387696981430054,30.74533175718095,1.6422649736594241,19.96848999420672,1.9208950171338692,4,e2dbcad69aa779ab68271799dd5f94f84df88fb60a88daa0a9ea7f4304f0c3d4,contract_manifest,SUCCESS
GRU_PHY_K4_AUX,A_reference_sequence_terminal_proxy,RLOG_EQEXP_v1,equivalent_exposure_progress_v1,torch_terminal_v1,3,17,112,b883d29a5bb52293cd7c63e9750120e9004c89ff5831b5a5fd8319f34d0334df,formal,37.46864891052246,30.45172119140625,0.3474366765269507,1.4480379819869995,30.74533175718095,1.6422649736594241,19.96848999420672,1.9208950171338692,4,e2dbcad69aa779ab68271799dd5f94f84df88fb60a88daa0a9ea7f4304f0c3d4,contract_manifest,SUCCESS
GRU_PHY_K4_AUX,A_reference_sequence_terminal_proxy,RLOG_EQEXP_v1,equivalent_exposure_progress_v1,torch_terminal_v1,3,17,116,cf15a84e17a08d5442e642f55bd238c27a3e70672bdf8932fcea209f247160de,formal,4.148553848266602,12.781259536743164,2.0773694115595793,1.447651743888855,30.74533175718095,1.6422649736594241,19.96848999420672,1.9208950171338692,4,e2dbcad69aa779ab68271799dd5f94f84df88fb60a88daa0a9ea7f4304f0c3d4,contract_manifest,SUCCESS
GRU_PHY_K4_AUX,A_reference_sequence_terminal_proxy,RLOG_EQEXP_v1,equivalent_exposure_progress_v1,torch_terminal_v1,3,17,140,4290660b4d4ae5cd887571e6f751868ac4c279f09fdac5bfe67da201d4aef605,pass_main,3.393480896949768,12.03780460357666,0.9542694585783289,1.4475977420806885,30.74533175718095,1.6422649736594241,19.96848999420672,1.9208950171338692,4,e2dbcad69aa779ab68271799dd5f94f84df88fb60a88daa0a9ea7f4304f0c3d4,contract_manifest,SUCCESS
GRU_PHY_K4_AUX,A_reference_sequence_terminal_proxy,RLOG_EQEXP_v1,equivalent_exposure_progress_v1,torch_terminal_v1,3,17,141,4290660b4d4ae5cd887571e6f751868ac4c279f09fdac5bfe67da201d4aef605,pass_main,35.72157287597656,13.754345893859863,0.6935485221278894,1.4463406801223755,30.74533175718095,1.6422649736594241,19.96848999420672,1.9208950171338692,4,e2dbcad69aa779ab68271799dd5f94f84df88fb60a88daa0a9ea7f4304f0c3d4,contract_manifest,SUCCESS
GRU_PHY_K4_AUX,A_reference_sequence_terminal_proxy,RLOG_EQEXP_v1,equivalent_exposure_progress_v1,torch_terminal_v1,3,17,142,4290660b4d4ae5cd887571e6f751868ac4c279f09fdac5bfe67da201d4aef605,pass_main,44.42843627929688,15.464555740356445,0.9263084561645332,1.4411113262176514,30.74533175718095,1.6422649736594241,19.96848999420672,1.9208950171338692,4,e2dbcad69aa779ab68271799dd5f94f84df88fb60a88daa0a9ea7f4304f0c3d4,contract_manifest,SUCCESS
GRU_PHY_K4_AUX,A_reference_sequence_terminal_proxy,RLOG_EQEXP_v1,equivalent_exposure_progress_v1,torch_terminal_v1,3,17,143,4290660b4d4ae5cd887571e6f751868ac4c279f09fdac5bfe67da201d4aef605,pass_main,50.90607452392578,17.021060943603516,1.0501544936377583,1.4144620895385742,30.74533175718095,1.6422649736594241,19.96848999420672,1.9208950171338692,4,e2dbcad69aa779ab68271799dd5f94f84df88fb60a88daa0a9ea7f4304f0c3d4,contract_manifest,SUCCESS
GRU_PHY_K4_AUX,A_reference_sequence_terminal_proxy,RLOG_EQEXP_v1,equivalent_exposure_progress_v1,torch_terminal_v1,3,17,148,aef676bb275647280889c762b29aa161b83e18f4f4d1ff4b87535d8f7c77da48,pass_main,29.44637680053711,12.151712417602539,0.7338443632807123,1.4460525512695312,30.74533175718095,1.6422649736594241,19.96848999420672,1.9208950171338692,4,e2dbcad69aa779ab68271799dd5f94f84df88fb60a88daa0a9ea7f4304f0c3d4,contract_manifest,SUCCESS
GRU_PHY_K4_AUX,A_reference_sequence_terminal_proxy,RLOG_EQEXP_v1,equivalent_exposure_progress_v1,torch_terminal_v1,3,17,149,aef676bb275647280889c762b29aa161b83e18f4f4d1ff4b87535d8f7c77da48,pass_main,3.960146188735962,11.23653793334961,2.6439145587685995,1.4475595951080322,30.74533175718095,1.6422649736594241,19.96848999420672,1.9208950171338692,4,e2dbcad69aa779ab68271799dd5f94f84df88fb60a88daa0a9ea7f4304f0c3d4,contract_manifest,SUCCESS
GRU_PHY_K4_AUX,A_reference_sequence_terminal_proxy,RLOG_EQEXP_v1,equivalent_exposure_progress_v1,torch_terminal_v1,3,17,150,aef676bb275647280889c762b29aa161b83e18f4f4d1ff4b87535d8f7c77da48,pass_main,38.56780624389648,13.059951782226562,0.6964995761101671,1.4393706321716309,30.74533175718095,1.6422649736594241,19.96848999420672,1.9208950171338692,4,e2dbcad69aa779ab68271799dd5f94f84df88fb60a88daa0a9ea7f4304f0c3d4,contract_manifest,SUCCESS
GRU_PHY_K4_AUX,A_reference_sequence_terminal_proxy,RLOG_EQEXP_v1,equivalent_exposure_progress_v1,torch_terminal_v1,3,17,151,aef676bb275647280889c762b29aa161b83e18f4f4d1ff4b87535d8f7c77da48,pass_main,44.21941566467285,13.799906730651855,0.7665122885489518,1.403416633605957,30.74533175718095,1.6422649736594241,19.96848999420672,1.9208950171338692,4,e2dbcad69aa779ab68271799dd5f94f84df88fb60a88daa0a9ea7f4304f0c3d4,contract_manifest,SUCCESS
GRU_PHY_K4_AUX,A_reference_sequence_terminal_proxy,RLOG_EQEXP_v1,equivalent_exposure_progress_v1,torch_terminal_v1,3,17,168,d48d7315f47e485987c1fcbacb55056d36e090c8fd8b14eb91aeacb0d1ffd139,pass_main,12.661317825317385,13.289012908935547,0.3279736648445495,1.4454747438430786,30.74533175718095,1.6422649736594241,19.96848999420672,1.9208950171338692,4,e2dbcad69aa779ab68271799dd5f94f84df88fb60a88daa0a9ea7f4304f0c3d4,contract_manifest,SUCCESS
GRU_PHY_K4_AUX,A_reference_sequence_terminal_proxy,RLOG_EQEXP_v1,equivalent_exposure_progress_v1,torch_terminal_v1,3,17,169,d48d7315f47e485987c1fcbacb55056d36e090c8fd8b14eb91aeacb0d1ffd139,pass_main,19.71621990203857,14.768186569213867,0.2405192473654785,1.436470866203308,30.74533175718095,1.6422649736594241,19.96848999420672,1.9208950171338692,4,e2dbcad69aa779ab68271799dd5f94f84df88fb60a88daa0a9ea7f4304f0c3d4,contract_manifest,SUCCESS
GRU_PHY_K4_AUX,A_reference_sequence_terminal_proxy,RLOG_EQEXP_v1,equivalent_exposure_progress_v1,torch_terminal_v1,3,17,170,d48d7315f47e485987c1fcbacb55056d36e090c8fd8b14eb91aeacb0d1ffd139,pass_main,6.387043476104736,11.805076599121094,0.24840697659849834,1.4474538564682007,30.74533175718095,1.6422649736594241,19.96848999420672,1.9208950171338692,4,e2dbcad69aa779ab68271799dd5f94f84df88fb60a88daa0a9ea7f4304f0c3d4,contract_manifest,SUCCESS
GRU_PHY_K4_AUX,A_reference_sequence_terminal_proxy,RLOG_EQEXP_v1,equivalent_exposure_progress_v1,torch_terminal_v1,3,17,171,d48d7315f47e485987c1fcbacb55056d36e090c8fd8b14eb91aeacb0d1ffd139,pass_main,25.57870388031006,16.14080047607422,0.18187131201550544,1.3897817134857178,30.74533175718095,1.6422649736594241,19.96848999420672,1.9208950171338692,4,e2dbcad69aa779ab68271799dd5f94f84df88fb60a88daa0a9ea7f4304f0c3d4,contract_manifest,SUCCESS
MAMBA_RAW_K4_AUX,A_reference_sequence_terminal_proxy,NONE,equivalent_exposure_progress_v1,reference_pure_torch_ssd_mamba2_verified_adapter_v1,3,17,1,4158b4ed1d621be17c0f4c7cd25cc4fd5fe8c20a14d93a2ba34e39f37e99b6f2,formal,8.637125968933105,6.183584690093994,0.2471706001514426,0.758342981338501,30.74533175718095,1.6422649736594241,19.96848999420672,1.9208950171338692,4,58e0b649ab50437a4bfe72766573b8edc351b1b08fe82133b4969b6cace70346,contract_manifest,SUCCESS
MAMBA_RAW_K4_AUX,A_reference_sequence_terminal_proxy,NONE,equivalent_exposure_progress_v1,reference_pure_torch_ssd_mamba2_verified_adapter_v1,3,17,4,20caa3962d19a1c914fd7e4ad138c3326e95fec7d73688d1d6b577885be05ce6,formal,4.774026870727539,5.584745407104492,0.3826446287582914,0.7503339052200317,30.74533175718095,1.6422649736594241,19.96848999420672,1.9208950171338692,4,58e0b649ab50437a4bfe72766573b8edc351b1b08fe82133b4969b6cace70346,contract_manifest,SUCCESS
MAMBA_RAW_K4_AUX,A_reference_sequence_terminal_proxy,NONE,equivalent_exposure_progress_v1,reference_pure_torch_ssd_mamba2_verified_adapter_v1,3,17,13,f53192358bead2012e60074318af5f16d7b1dd6ebc9b1930f8b56ed817ac2f20,formal,7.083702087402344,4.744511604309082,1.30293854696983,1.3160059452056885,30.74533175718095,1.6422649736594241,19.96848999420672,1.9208950171338692,4,58e0b649ab50437a4bfe72766573b8edc351b1b08fe82133b4969b6cace70346,contract_manifest,SUCCESS
MAMBA_RAW_K4_AUX,A_reference_sequence_terminal_proxy,NONE,equivalent_exposure_progress_v1,reference_pure_torch_ssd_mamba2_verified_adapter_v1,3,17,20,59923924a2a32b66894219e86e1fbcbbad735ec10b54c5d10adf485dddfe540f,formal,56.62374496459961,39.862754821777344,1.3353451763349196,2.64966082572937,30.74533175718095,1.6422649736594241,19.96848999420672,1.9208950171338692,4,58e0b649ab50437a4bfe72766573b8edc351b1b08fe82133b4969b6cace70346,contract_manifest,SUCCESS
MAMBA_RAW_K4_AUX,A_reference_sequence_terminal_proxy,NONE,equivalent_exposure_progress_v1,reference_pure_torch_ssd_mamba2_verified_adapter_v1,3,17,34,49be816d3f38705a74dbb36266214c3e232f4efa1137b6dc5a33f7fff88a2412,formal,8.413393497467041,5.1080498695373535,3.0928605658036448,1.561704158782959,30.74533175718095,1.6422649736594241,19.96848999420672,1.9208950171338692,4,58e0b649ab50437a4bfe72766573b8edc351b1b08fe82133b4969b6cace70346,contract_manifest,SUCCESS
MAMBA_RAW_K4_AUX,A_reference_sequence_terminal_proxy,NONE,equivalent_exposure_progress_v1,reference_pure_torch_ssd_mamba2_verified_adapter_v1,3,17,40,16cd7d03a922a4569cb1f5c8ec1269f8c4c0cc50a98c497a54784441eb27bc6d,formal,56.28345680236816,49.50145721435547,0.962213752802924,2.685450553894043,30.74533175718095,1.6422649736594241,19.96848999420672,1.9208950171338692,4,58e0b649ab50437a4bfe72766573b8edc351b1b08fe82133b4969b6cace70346,contract_manifest,SUCCESS
MAMBA_RAW_K4_AUX,A_reference_sequence_terminal_proxy,NONE,equivalent_exposure_progress_v1,reference_pure_torch_ssd_mamba2_verified_adapter_v1,3,17,48,fa304c0f023238a6e791bd19b20de4880bc0fe3f0d1d849934c60a124f30d055,formal,1.869468986988068,4.0654072761535645,0.21903317307652082,1.1878430843353271,30.74533175718095,1.6422649736594241,19.96848999420672,1.9208950171338692,4,58e0b649ab50437a4bfe72766573b8edc351b1b08fe82133b4969b6cace70346,contract_manifest,SUCCESS
MAMBA_RAW_K4_AUX,A_reference_sequence_terminal_proxy,NONE,equivalent_exposure_progress_v1,reference_pure_torch_ssd_mamba2_verified_adapter_v1,3,17,49,fa304c0f023238a6e791bd19b20de4880bc0fe3f0d1d849934c60a124f30d055,formal,1.8423005938529968,4.0654072761535645,0.21986123057994328,1.1878430843353271,30.74533175718095,1.6422649736594241,19.96848999420672,1.9208950171338692,4,58e0b649ab50437a4bfe72766573b8edc351b1b08fe82133b4969b6cace70346,contract_manifest,SUCCESS
MAMBA_RAW_K4_AUX,A_reference_sequence_terminal_proxy,NONE,equivalent_exposure_progress_v1,reference_pure_torch_ssd_mamba2_verified_adapter_v1,3,17,52,5ef7f13b66ec12b2261ca84d2486c42a88363c2a07c3f35200d58a57b0f44c42,formal,29.101886749267575,9.17003059387207,0.4344704944965986,1.4157977104187012,30.74533175718095,1.6422649736594241,19.96848999420672,1.9208950171338692,4,58e0b649ab50437a4bfe72766573b8edc351b1b08fe82133b4969b6cace70346,contract_manifest,SUCCESS
MAMBA_RAW_K4_AUX,A_reference_sequence_terminal_proxy,NONE,equivalent_exposure_progress_v1,reference_pure_torch_ssd_mamba2_verified_adapter_v1,3,17,54,ca4dc2c3fda0278554df1f21f732f0bc05df2aed173355268d5c68dd5219cbd3,formal,26.571630477905277,8.208816528320312,0.5464019211754307,1.1554464101791382,30.74533175718095,1.6422649736594241,19.96848999420672,1.9208950171338692,4,58e0b649ab50437a4bfe72766573b8edc351b1b08fe82133b4969b6cace70346,contract_manifest,SUCCESS
MAMBA_RAW_K4_AUX,A_reference_sequence_terminal_proxy,NONE,equivalent_exposure_progress_v1,reference_pure_torch_ssd_mamba2_verified_adapter_v1,3,17,59,538dda5a8ef6d1c941df1c45ae5b919b2159b55834a8d9212b58d3f22cf3d8bc,formal,1.302653431892395,6.529216766357422,1.232722393990695,1.6330506801605225,30.74533175718095,1.6422649736594241,19.96848999420672,1.9208950171338692,4,58e0b649ab50437a4bfe72766573b8edc351b1b08fe82133b4969b6cace70346,contract_manifest,SUCCESS
MAMBA_RAW_K4_AUX,A_reference_sequence_terminal_proxy,NONE,equivalent_exposure_progress_v1,reference_pure_torch_ssd_mamba2_verified_adapter_v1,3,17,74,96b16c88a29a240018dcb0601ec45e6cac1110e4439f1f4f414ff93aee6ca449,formal,1.1291950941085815,3.8675377368927,0.2684293983015196,1.3306587934494019,30.74533175718095,1.6422649736594241,19.96848999420672,1.9208950171338692,4,58e0b649ab50437a4bfe72766573b8edc351b1b08fe82133b4969b6cace70346,contract_manifest,SUCCESS
MAMBA_RAW_K4_AUX,A_reference_sequence_terminal_proxy,NONE,equivalent_exposure_progress_v1,reference_pure_torch_ssd_mamba2_verified_adapter_v1,3,17,75,3277ff338b1ece83ce0fcbca272659e59298a780ccb3bf6718496c548b864511,formal,11.11442756652832,6.231012344360352,0.39521401605598383,1.1165305376052856,30.74533175718095,1.6422649736594241,19.96848999420672,1.9208950171338692,4,58e0b649ab50437a4bfe72766573b8edc351b1b08fe82133b4969b6cace70346,contract_manifest,SUCCESS
MAMBA_RAW_K4_AUX,A_reference_sequence_terminal_proxy,NONE,equivalent_exposure_progress_v1,reference_pure_torch_ssd_mamba2_verified_adapter_v1,3,17,76,8f8c3686ac46b21276dc57ba01e762d6068954b2e2a0b1d936fd19c70d420335,formal,29.09636402130127,10.839162826538086,0.2487101974307388,1.4482256174087524,30.74533175718095,1.6422649736594241,19.96848999420672,1.9208950171338692,4,58e0b649ab50437a4bfe72766573b8edc351b1b08fe82133b4969b6cace70346,contract_manifest,SUCCESS
MAMBA_RAW_K4_AUX,A_reference_sequence_terminal_proxy,NONE,equivalent_exposure_progress_v1,reference_pure_torch_ssd_mamba2_verified_adapter_v1,3,17,81,dd5996d0d16fc760a97193bf36d6bb5114adf204f85fc47cd99633fc788ed641,formal,37.25409126281738,14.439981460571289,0.8428728979281324,1.742738962173462,30.74533175718095,1.6422649736594241,19.96848999420672,1.9208950171338692,4,58e0b649ab50437a4bfe72766573b8edc351b1b08fe82133b4969b6cace70346,contract_manifest,SUCCESS
MAMBA_RAW_K4_AUX,A_reference_sequence_terminal_proxy,NONE,equivalent_exposure_progress_v1,reference_pure_torch_ssd_mamba2_verified_adapter_v1,3,17,90,28d3ba8e515e80482e027ca163a5bec82884082a8f8fc608079f144368ad3db9,formal,47.333452224731445,24.313013076782227,0.548073820161284,2.6108949184417725,30.74533175718095,1.6422649736594241,19.96848999420672,1.9208950171338692,4,58e0b649ab50437a4bfe72766573b8edc351b1b08fe82133b4969b6cace70346,contract_manifest,SUCCESS
MAMBA_RAW_K4_AUX,A_reference_sequence_terminal_proxy,NONE,equivalent_exposure_progress_v1,reference_pure_torch_ssd_mamba2_verified_adapter_v1,3,17,92,81f089e3ec3746fd0625404be432642bee44aa5042c33fd1661b60d2e04189a7,formal,35.61216163635254,15.928986549377441,0.8025962161228163,2.4530200958251953,30.74533175718095,1.6422649736594241,19.96848999420672,1.9208950171338692,4,58e0b649ab50437a4bfe72766573b8edc351b1b08fe82133b4969b6cace70346,contract_manifest,SUCCESS
MAMBA_RAW_K4_AUX,A_reference_sequence_terminal_proxy,NONE,equivalent_exposure_progress_v1,reference_pure_torch_ssd_mamba2_verified_adapter_v1,3,17,94,601ef43fbd685e1456b985b9dedb599b4f32c57eda67793b43004416acf24438,formal,42.34056854248047,18.22149658203125,1.0369038982606233,2.348456621170044,30.74533175718095,1.6422649736594241,19.96848999420672,1.9208950171338692,4,58e0b649ab50437a4bfe72766573b8edc351b1b08fe82133b4969b6cace70346,contract_manifest,SUCCESS
MAMBA_RAW_K4_AUX,A_reference_sequence_terminal_proxy,NONE,equivalent_exposure_progress_v1,reference_pure_torch_ssd_mamba2_verified_adapter_v1,3,17,95,601ef43fbd685e1456b985b9dedb599b4f32c57eda67793b43004416acf24438,formal,44.55615997314453,22.03086280822754,0.7038945438852546,2.4220192432403564,30.74533175718095,1.6422649736594241,19.96848999420672,1.9208950171338692,4,58e0b649ab50437a4bfe72766573b8edc351b1b08fe82133b4969b6cace70346,contract_manifest,SUCCESS
MAMBA_RAW_K4_AUX,A_reference_sequence_terminal_proxy,NONE,equivalent_exposure_progress_v1,reference_pure_torch_ssd_mamba2_verified_adapter_v1,3,17,102,fd417a2babd1a5a6f117e24361afb85c522f1bd42c53e6ac0f1a2dd4dee79edf,formal,2.336227536201477,5.060988903045654,0.35206716216550205,0.7419747710227966,30.74533175718095,1.6422649736594241,19.96848999420672,1.9208950171338692,4,58e0b649ab50437a4bfe72766573b8edc351b1b08fe82133b4969b6cace70346,contract_manifest,SUCCESS
MAMBA_RAW_K4_AUX,A_reference_sequence_terminal_proxy,NONE,equivalent_exposure_progress_v1,reference_pure_torch_ssd_mamba2_verified_adapter_v1,3,17,105,a6a2d17b23617cebe0634d08f8412f1f7dab788ad637db87676837cd9cea8acb,formal,12.88395929336548,5.914632320404053,0.39027547233490384,1.481864333152771,30.74533175718095,1.6422649736594241,19.96848999420672,1.9208950171338692,4,58e0b649ab50437a4bfe72766573b8edc351b1b08fe82133b4969b6cace70346,contract_manifest,SUCCESS
MAMBA_RAW_K4_AUX,A_reference_sequence_terminal_proxy,NONE,equivalent_exposure_progress_v1,reference_pure_torch_ssd_mamba2_verified_adapter_v1,3,17,109,685c2c9ae214e0656d16aef6eb52d0269603217fe7b034fe09ebf346e9ff5b25,formal,41.71175575256348,20.928375244140625,2.4137061776896296,1.6670498847961426,30.74533175718095,1.6422649736594241,19.96848999420672,1.9208950171338692,4,58e0b649ab50437a4bfe72766573b8edc351b1b08fe82133b4969b6cace70346,contract_manifest,SUCCESS
MAMBA_RAW_K4_AUX,A_reference_sequence_terminal_proxy,NONE,equivalent_exposure_progress_v1,reference_pure_torch_ssd_mamba2_verified_adapter_v1,3,17,112,b883d29a5bb52293cd7c63e9750120e9004c89ff5831b5a5fd8319f34d0334df,formal,37.46864891052246,22.944686889648438,0.3474366765269507,2.102144956588745,30.74533175718095,1.6422649736594241,19.96848999420672,1.9208950171338692,4,58e0b649ab50437a4bfe72766573b8edc351b1b08fe82133b4969b6cace70346,contract_manifest,SUCCESS
MAMBA_RAW_K4_AUX,A_reference_sequence_terminal_proxy,NONE,equivalent_exposure_progress_v1,reference_pure_torch_ssd_mamba2_verified_adapter_v1,3,17,116,cf15a84e17a08d5442e642f55bd238c27a3e70672bdf8932fcea209f247160de,formal,4.148553848266602,5.797544479370117,2.0773694115595793,1.6788281202316284,30.74533175718095,1.6422649736594241,19.96848999420672,1.9208950171338692,4,58e0b649ab50437a4bfe72766573b8edc351b1b08fe82133b4969b6cace70346,contract_manifest,SUCCESS
MAMBA_RAW_K4_AUX,A_reference_sequence_terminal_proxy,NONE,equivalent_exposure_progress_v1,reference_pure_torch_ssd_mamba2_verified_adapter_v1,3,17,140,4290660b4d4ae5cd887571e6f751868ac4c279f09fdac5bfe67da201d4aef605,pass_main,3.393480896949768,4.919824123382568,0.9542694585783289,1.5242563486099243,30.74533175718095,1.6422649736594241,19.96848999420672,1.9208950171338692,4,58e0b649ab50437a4bfe72766573b8edc351b1b08fe82133b4969b6cace70346,contract_manifest,SUCCESS
MAMBA_RAW_K4_AUX,A_reference_sequence_terminal_proxy,NONE,equivalent_exposure_progress_v1,reference_pure_torch_ssd_mamba2_verified_adapter_v1,3,17,141,4290660b4d4ae5cd887571e6f751868ac4c279f09fdac5bfe67da201d4aef605,pass_main,35.72157287597656,6.761824131011963,0.6935485221278894,1.4800397157669067,30.74533175718095,1.6422649736594241,19.96848999420672,1.9208950171338692,4,58e0b649ab50437a4bfe72766573b8edc351b1b08fe82133b4969b6cace70346,contract_manifest,SUCCESS
MAMBA_RAW_K4_AUX,A_reference_sequence_terminal_proxy,NONE,equivalent_exposure_progress_v1,reference_pure_torch_ssd_mamba2_verified_adapter_v1,3,17,142,4290660b4d4ae5cd887571e6f751868ac4c279f09fdac5bfe67da201d4aef605,pass_main,44.42843627929688,8.624287605285645,0.9263084561645332,1.4172130823135376,30.74533175718095,1.6422649736594241,19.96848999420672,1.9208950171338692,4,58e0b649ab50437a4bfe72766573b8edc351b1b08fe82133b4969b6cace70346,contract_manifest,SUCCESS
MAMBA_RAW_K4_AUX,A_reference_sequence_terminal_proxy,NONE,equivalent_exposure_progress_v1,reference_pure_torch_ssd_mamba2_verified_adapter_v1,3,17,143,4290660b4d4ae5cd887571e6f751868ac4c279f09fdac5bfe67da201d4aef605,pass_main,50.90607452392578,10.508607864379883,1.0501544936377583,1.3359302282333374,30.74533175718095,1.6422649736594241,19.96848999420672,1.9208950171338692,4,58e0b649ab50437a4bfe72766573b8edc351b1b08fe82133b4969b6cace70346,contract_manifest,SUCCESS
MAMBA_RAW_K4_AUX,A_reference_sequence_terminal_proxy,NONE,equivalent_exposure_progress_v1,reference_pure_torch_ssd_mamba2_verified_adapter_v1,3,17,148,aef676bb275647280889c762b29aa161b83e18f4f4d1ff4b87535d8f7c77da48,pass_main,29.44637680053711,5.2183098793029785,0.7338443632807123,1.4347044229507446,30.74533175718095,1.6422649736594241,19.96848999420672,1.9208950171338692,4,58e0b649ab50437a4bfe72766573b8edc351b1b08fe82133b4969b6cace70346,contract_manifest,SUCCESS
MAMBA_RAW_K4_AUX,A_reference_sequence_terminal_proxy,NONE,equivalent_exposure_progress_v1,reference_pure_torch_ssd_mamba2_verified_adapter_v1,3,17,149,aef676bb275647280889c762b29aa161b83e18f4f4d1ff4b87535d8f7c77da48,pass_main,3.960146188735962,4.164891719818115,2.6439145587685995,1.4980353116989136,30.74533175718095,1.6422649736594241,19.96848999420672,1.9208950171338692,4,58e0b649ab50437a4bfe72766573b8edc351b1b08fe82133b4969b6cace70346,contract_manifest,SUCCESS
MAMBA_RAW_K4_AUX,A_reference_sequence_terminal_proxy,NONE,equivalent_exposure_progress_v1,reference_pure_torch_ssd_mamba2_verified_adapter_v1,3,17,150,aef676bb275647280889c762b29aa161b83e18f4f4d1ff4b87535d8f7c77da48,pass_main,38.56780624389648,6.2939558029174805,0.6964995761101671,1.3530617952346802,30.74533175718095,1.6422649736594241,19.96848999420672,1.9208950171338692,4,58e0b649ab50437a4bfe72766573b8edc351b1b08fe82133b4969b6cace70346,contract_manifest,SUCCESS
MAMBA_RAW_K4_AUX,A_reference_sequence_terminal_proxy,NONE,equivalent_exposure_progress_v1,reference_pure_torch_ssd_mamba2_verified_adapter_v1,3,17,151,aef676bb275647280889c762b29aa161b83e18f4f4d1ff4b87535d8f7c77da48,pass_main,44.21941566467285,7.393008232116699,0.7665122885489518,1.253938913345337,30.74533175718095,1.6422649736594241,19.96848999420672,1.9208950171338692,4,58e0b649ab50437a4bfe72766573b8edc351b1b08fe82133b4969b6cace70346,contract_manifest,SUCCESS
MAMBA_RAW_K4_AUX,A_reference_sequence_terminal_proxy,NONE,equivalent_exposure_progress_v1,reference_pure_torch_ssd_mamba2_verified_adapter_v1,3,17,168,d48d7315f47e485987c1fcbacb55056d36e090c8fd8b14eb91aeacb0d1ffd139,pass_main,12.661317825317385,6.37463903427124,0.3279736648445495,1.2559890747070312,30.74533175718095,1.6422649736594241,19.96848999420672,1.9208950171338692,4,58e0b649ab50437a4bfe72766573b8edc351b1b08fe82133b4969b6cace70346,contract_manifest,SUCCESS
MAMBA_RAW_K4_AUX,A_reference_sequence_terminal_proxy,NONE,equivalent_exposure_progress_v1,reference_pure_torch_ssd_mamba2_verified_adapter_v1,3,17,169,d48d7315f47e485987c1fcbacb55056d36e090c8fd8b14eb91aeacb0d1ffd139,pass_main,19.71621990203857,8.036371231079102,0.2405192473654785,1.1337578296661377,30.74533175718095,1.6422649736594241,19.96848999420672,1.9208950171338692,4,58e0b649ab50437a4bfe72766573b8edc351b1b08fe82133b4969b6cace70346,contract_manifest,SUCCESS
MAMBA_RAW_K4_AUX,A_reference_sequence_terminal_proxy,NONE,equivalent_exposure_progress_v1,reference_pure_torch_ssd_mamba2_verified_adapter_v1,3,17,170,d48d7315f47e485987c1fcbacb55056d36e090c8fd8b14eb91aeacb0d1ffd139,pass_main,6.387043476104736,4.738281726837158,0.24840697659849834,1.3624358177185059,30.74533175718095,1.6422649736594241,19.96848999420672,1.9208950171338692,4,58e0b649ab50437a4bfe72766573b8edc351b1b08fe82133b4969b6cace70346,contract_manifest,SUCCESS
MAMBA_RAW_K4_AUX,A_reference_sequence_terminal_proxy,NONE,equivalent_exposure_progress_v1,reference_pure_torch_ssd_mamba2_verified_adapter_v1,3,17,171,d48d7315f47e485987c1fcbacb55056d36e090c8fd8b14eb91aeacb0d1ffd139,pass_main,25.57870388031006,9.724384307861328,0.18187131201550544,0.9997863173484802,30.74533175718095,1.6422649736594241,19.96848999420672,1.9208950171338692,4,58e0b649ab50437a4bfe72766573b8edc351b1b08fe82133b4969b6cace70346,contract_manifest,SUCCESS
MAMBA_PHY_K4_NOAUX,A_reference_sequence_terminal_proxy,RLOG_EQEXP_v1,equivalent_exposure_progress_v1,reference_pure_torch_ssd_mamba2_verified_adapter_v1,3,17,1,4158b4ed1d621be17c0f4c7cd25cc4fd5fe8c20a14d93a2ba34e39f37e99b6f2,formal,8.637125968933105,6.826234817504883,0.2471706001514426,0.6186827421188354,30.74533175718095,1.6422649736594241,19.96848999420672,1.9208950171338692,4,e0225794d354c389089fd2f4fda57db0595794ef917900f116c35b755b21e60e,contract_manifest,SUCCESS
MAMBA_PHY_K4_NOAUX,A_reference_sequence_terminal_proxy,RLOG_EQEXP_v1,equivalent_exposure_progress_v1,reference_pure_torch_ssd_mamba2_verified_adapter_v1,3,17,4,20caa3962d19a1c914fd7e4ad138c3326e95fec7d73688d1d6b577885be05ce6,formal,4.774026870727539,6.13546085357666,0.3826446287582914,0.6051412224769592,30.74533175718095,1.6422649736594241,19.96848999420672,1.9208950171338692,4,e0225794d354c389089fd2f4fda57db0595794ef917900f116c35b755b21e60e,contract_manifest,SUCCESS
MAMBA_PHY_K4_NOAUX,A_reference_sequence_terminal_proxy,RLOG_EQEXP_v1,equivalent_exposure_progress_v1,reference_pure_torch_ssd_mamba2_verified_adapter_v1,3,17,13,f53192358bead2012e60074318af5f16d7b1dd6ebc9b1930f8b56ed817ac2f20,formal,7.083702087402344,4.874334335327148,1.30293854696983,1.2482707500457764,30.74533175718095,1.6422649736594241,19.96848999420672,1.9208950171338692,4,e0225794d354c389089fd2f4fda57db0595794ef917900f116c35b755b21e60e,contract_manifest,SUCCESS
MAMBA_PHY_K4_NOAUX,A_reference_sequence_terminal_proxy,RLOG_EQEXP_v1,equivalent_exposure_progress_v1,reference_pure_torch_ssd_mamba2_verified_adapter_v1,3,17,20,59923924a2a32b66894219e86e1fbcbbad735ec10b54c5d10adf485dddfe540f,formal,56.62374496459961,37.75495147705078,1.3353451763349196,2.3068008422851562,30.74533175718095,1.6422649736594241,19.96848999420672,1.9208950171338692,4,e0225794d354c389089fd2f4fda57db0595794ef917900f116c35b755b21e60e,contract_manifest,SUCCESS
MAMBA_PHY_K4_NOAUX,A_reference_sequence_terminal_proxy,RLOG_EQEXP_v1,equivalent_exposure_progress_v1,reference_pure_torch_ssd_mamba2_verified_adapter_v1,3,17,34,49be816d3f38705a74dbb36266214c3e232f4efa1137b6dc5a33f7fff88a2412,formal,8.413393497467041,5.052199363708496,3.0928605658036448,1.5417848825454712,30.74533175718095,1.6422649736594241,19.96848999420672,1.9208950171338692,4,e0225794d354c389089fd2f4fda57db0595794ef917900f116c35b755b21e60e,contract_manifest,SUCCESS
MAMBA_PHY_K4_NOAUX,A_reference_sequence_terminal_proxy,RLOG_EQEXP_v1,equivalent_exposure_progress_v1,reference_pure_torch_ssd_mamba2_verified_adapter_v1,3,17,40,16cd7d03a922a4569cb1f5c8ec1269f8c4c0cc50a98c497a54784441eb27bc6d,formal,56.28345680236816,46.51432800292969,0.962213752802924,2.363185405731201,30.74533175718095,1.6422649736594241,19.96848999420672,1.9208950171338692,4,e0225794d354c389089fd2f4fda57db0595794ef917900f116c35b755b21e60e,contract_manifest,SUCCESS
MAMBA_PHY_K4_NOAUX,A_reference_sequence_terminal_proxy,RLOG_EQEXP_v1,equivalent_exposure_progress_v1,reference_pure_torch_ssd_mamba2_verified_adapter_v1,3,17,48,fa304c0f023238a6e791bd19b20de4880bc0fe3f0d1d849934c60a124f30d055,formal,1.869468986988068,4.466026782989502,0.21903317307652082,1.0511677265167236,30.74533175718095,1.6422649736594241,19.96848999420672,1.9208950171338692,4,e0225794d354c389089fd2f4fda57db0595794ef917900f116c35b755b21e60e,contract_manifest,SUCCESS
MAMBA_PHY_K4_NOAUX,A_reference_sequence_terminal_proxy,RLOG_EQEXP_v1,equivalent_exposure_progress_v1,reference_pure_torch_ssd_mamba2_verified_adapter_v1,3,17,49,fa304c0f023238a6e791bd19b20de4880bc0fe3f0d1d849934c60a124f30d055,formal,1.8423005938529968,4.466026782989502,0.21986123057994328,1.0511677265167236,30.74533175718095,1.6422649736594241,19.96848999420672,1.9208950171338692,4,e0225794d354c389089fd2f4fda57db0595794ef917900f116c35b755b21e60e,contract_manifest,SUCCESS
MAMBA_PHY_K4_NOAUX,A_reference_sequence_terminal_proxy,RLOG_EQEXP_v1,equivalent_exposure_progress_v1,reference_pure_torch_ssd_mamba2_verified_adapter_v1,3,17,52,5ef7f13b66ec12b2261ca84d2486c42a88363c2a07c3f35200d58a57b0f44c42,formal,29.101886749267575,9.399879455566406,0.4344704944965986,1.3580632209777832,30.74533175718095,1.6422649736594241,19.96848999420672,1.9208950171338692,4,e0225794d354c389089fd2f4fda57db0595794ef917900f116c35b755b21e60e,contract_manifest,SUCCESS
MAMBA_PHY_K4_NOAUX,A_reference_sequence_terminal_proxy,RLOG_EQEXP_v1,equivalent_exposure_progress_v1,reference_pure_torch_ssd_mamba2_verified_adapter_v1,3,17,54,ca4dc2c3fda0278554df1f21f732f0bc05df2aed173355268d5c68dd5219cbd3,formal,26.571630477905277,8.302923202514648,0.5464019211754307,1.0698776245117188,30.74533175718095,1.6422649736594241,19.96848999420672,1.9208950171338692,4,e0225794d354c389089fd2f4fda57db0595794ef917900f116c35b755b21e60e,contract_manifest,SUCCESS
MAMBA_PHY_K4_NOAUX,A_reference_sequence_terminal_proxy,RLOG_EQEXP_v1,equivalent_exposure_progress_v1,reference_pure_torch_ssd_mamba2_verified_adapter_v1,3,17,59,538dda5a8ef6d1c941df1c45ae5b919b2159b55834a8d9212b58d3f22cf3d8bc,formal,1.302653431892395,6.374612808227539,1.232722393990695,1.5963116884231567,30.74533175718095,1.6422649736594241,19.96848999420672,1.9208950171338692,4,e0225794d354c389089fd2f4fda57db0595794ef917900f116c35b755b21e60e,contract_manifest,SUCCESS
MAMBA_PHY_K4_NOAUX,A_reference_sequence_terminal_proxy,RLOG_EQEXP_v1,equivalent_exposure_progress_v1,reference_pure_torch_ssd_mamba2_verified_adapter_v1,3,17,74,96b16c88a29a240018dcb0601ec45e6cac1110e4439f1f4f414ff93aee6ca449,formal,1.1291950941085815,4.154411792755127,0.2684293983015196,1.2125940322875977,30.74533175718095,1.6422649736594241,19.96848999420672,1.9208950171338692,4,e0225794d354c389089fd2f4fda57db0595794ef917900f116c35b755b21e60e,contract_manifest,SUCCESS
MAMBA_PHY_K4_NOAUX,A_reference_sequence_terminal_proxy,RLOG_EQEXP_v1,equivalent_exposure_progress_v1,reference_pure_torch_ssd_mamba2_verified_adapter_v1,3,17,75,3277ff338b1ece83ce0fcbca272659e59298a780ccb3bf6718496c548b864511,formal,11.11442756652832,6.594590187072754,0.39521401605598383,0.9729039072990417,30.74533175718095,1.6422649736594241,19.96848999420672,1.9208950171338692,4,e0225794d354c389089fd2f4fda57db0595794ef917900f116c35b755b21e60e,contract_manifest,SUCCESS
MAMBA_PHY_K4_NOAUX,A_reference_sequence_terminal_proxy,RLOG_EQEXP_v1,equivalent_exposure_progress_v1,reference_pure_torch_ssd_mamba2_verified_adapter_v1,3,17,76,8f8c3686ac46b21276dc57ba01e762d6068954b2e2a0b1d936fd19c70d420335,formal,29.09636402130127,11.041674613952637,0.2487101974307388,1.3926442861557007,30.74533175718095,1.6422649736594241,19.96848999420672,1.9208950171338692,4,e0225794d354c389089fd2f4fda57db0595794ef917900f116c35b755b21e60e,contract_manifest,SUCCESS
MAMBA_PHY_K4_NOAUX,A_reference_sequence_terminal_proxy,RLOG_EQEXP_v1,equivalent_exposure_progress_v1,reference_pure_torch_ssd_mamba2_verified_adapter_v1,3,17,81,dd5996d0d16fc760a97193bf36d6bb5114adf204f85fc47cd99633fc788ed641,formal,37.25409126281738,14.239263534545898,0.8428728979281324,1.6747463941574097,30.74533175718095,1.6422649736594241,19.96848999420672,1.9208950171338692,4,e0225794d354c389089fd2f4fda57db0595794ef917900f116c35b755b21e60e,contract_manifest,SUCCESS
MAMBA_PHY_K4_NOAUX,A_reference_sequence_terminal_proxy,RLOG_EQEXP_v1,equivalent_exposure_progress_v1,reference_pure_torch_ssd_mamba2_verified_adapter_v1,3,17,90,28d3ba8e515e80482e027ca163a5bec82884082a8f8fc608079f144368ad3db9,formal,47.333452224731445,23.149316787719727,0.548073820161284,2.1763217449188232,30.74533175718095,1.6422649736594241,19.96848999420672,1.9208950171338692,4,e0225794d354c389089fd2f4fda57db0595794ef917900f116c35b755b21e60e,contract_manifest,SUCCESS
MAMBA_PHY_K4_NOAUX,A_reference_sequence_terminal_proxy,RLOG_EQEXP_v1,equivalent_exposure_progress_v1,reference_pure_torch_ssd_mamba2_verified_adapter_v1,3,17,92,81f089e3ec3746fd0625404be432642bee44aa5042c33fd1661b60d2e04189a7,formal,35.61216163635254,15.033210754394531,0.8025962161228163,2.0792083740234375,30.74533175718095,1.6422649736594241,19.96848999420672,1.9208950171338692,4,e0225794d354c389089fd2f4fda57db0595794ef917900f116c35b755b21e60e,contract_manifest,SUCCESS
MAMBA_PHY_K4_NOAUX,A_reference_sequence_terminal_proxy,RLOG_EQEXP_v1,equivalent_exposure_progress_v1,reference_pure_torch_ssd_mamba2_verified_adapter_v1,3,17,94,601ef43fbd685e1456b985b9dedb599b4f32c57eda67793b43004416acf24438,formal,42.34056854248047,17.222383499145508,1.0369038982606233,1.9667316675186157,30.74533175718095,1.6422649736594241,19.96848999420672,1.9208950171338692,4,e0225794d354c389089fd2f4fda57db0595794ef917900f116c35b755b21e60e,contract_manifest,SUCCESS
MAMBA_PHY_K4_NOAUX,A_reference_sequence_terminal_proxy,RLOG_EQEXP_v1,equivalent_exposure_progress_v1,reference_pure_torch_ssd_mamba2_verified_adapter_v1,3,17,95,601ef43fbd685e1456b985b9dedb599b4f32c57eda67793b43004416acf24438,formal,44.55615997314453,20.805957794189453,0.7038945438852546,1.9825059175491333,30.74533175718095,1.6422649736594241,19.96848999420672,1.9208950171338692,4,e0225794d354c389089fd2f4fda57db0595794ef917900f116c35b755b21e60e,contract_manifest,SUCCESS
MAMBA_PHY_K4_NOAUX,A_reference_sequence_terminal_proxy,RLOG_EQEXP_v1,equivalent_exposure_progress_v1,reference_pure_torch_ssd_mamba2_verified_adapter_v1,3,17,102,fd417a2babd1a5a6f117e24361afb85c522f1bd42c53e6ac0f1a2dd4dee79edf,formal,2.336227536201477,5.647083759307861,0.35206716216550205,0.6008626818656921,30.74533175718095,1.6422649736594241,19.96848999420672,1.9208950171338692,4,e0225794d354c389089fd2f4fda57db0595794ef917900f116c35b755b21e60e,contract_manifest,SUCCESS
MAMBA_PHY_K4_NOAUX,A_reference_sequence_terminal_proxy,RLOG_EQEXP_v1,equivalent_exposure_progress_v1,reference_pure_torch_ssd_mamba2_verified_adapter_v1,3,17,105,a6a2d17b23617cebe0634d08f8412f1f7dab788ad637db87676837cd9cea8acb,formal,12.88395929336548,6.048493385314941,0.39027547233490384,1.4250004291534424,30.74533175718095,1.6422649736594241,19.96848999420672,1.9208950171338692,4,e0225794d354c389089fd2f4fda57db0595794ef917900f116c35b755b21e60e,contract_manifest,SUCCESS
MAMBA_PHY_K4_NOAUX,A_reference_sequence_terminal_proxy,RLOG_EQEXP_v1,equivalent_exposure_progress_v1,reference_pure_torch_ssd_mamba2_verified_adapter_v1,3,17,109,685c2c9ae214e0656d16aef6eb52d0269603217fe7b034fe09ebf346e9ff5b25,formal,41.71175575256348,20.552358627319336,2.4137061776896296,1.6092536449432373,30.74533175718095,1.6422649736594241,19.96848999420672,1.9208950171338692,4,e0225794d354c389089fd2f4fda57db0595794ef917900f116c35b755b21e60e,contract_manifest,SUCCESS
MAMBA_PHY_K4_NOAUX,A_reference_sequence_terminal_proxy,RLOG_EQEXP_v1,equivalent_exposure_progress_v1,reference_pure_torch_ssd_mamba2_verified_adapter_v1,3,17,112,b883d29a5bb52293cd7c63e9750120e9004c89ff5831b5a5fd8319f34d0334df,formal,37.46864891052246,22.369224548339844,0.3474366765269507,1.9440960884094238,30.74533175718095,1.6422649736594241,19.96848999420672,1.9208950171338692,4,e0225794d354c389089fd2f4fda57db0595794ef917900f116c35b755b21e60e,contract_manifest,SUCCESS
MAMBA_PHY_K4_NOAUX,A_reference_sequence_terminal_proxy,RLOG_EQEXP_v1,equivalent_exposure_progress_v1,reference_pure_torch_ssd_mamba2_verified_adapter_v1,3,17,116,cf15a84e17a08d5442e642f55bd238c27a3e70672bdf8932fcea209f247160de,formal,4.148553848266602,5.594343662261963,2.0773694115595793,1.6481964588165283,30.74533175718095,1.6422649736594241,19.96848999420672,1.9208950171338692,4,e0225794d354c389089fd2f4fda57db0595794ef917900f116c35b755b21e60e,contract_manifest,SUCCESS
MAMBA_PHY_K4_NOAUX,A_reference_sequence_terminal_proxy,RLOG_EQEXP_v1,equivalent_exposure_progress_v1,reference_pure_torch_ssd_mamba2_verified_adapter_v1,3,17,140,4290660b4d4ae5cd887571e6f751868ac4c279f09fdac5bfe67da201d4aef605,pass_main,3.393480896949768,4.986653804779053,0.9542694585783289,1.503069281578064,30.74533175718095,1.6422649736594241,19.96848999420672,1.9208950171338692,4,e0225794d354c389089fd2f4fda57db0595794ef917900f116c35b755b21e60e,contract_manifest,SUCCESS
MAMBA_PHY_K4_NOAUX,A_reference_sequence_terminal_proxy,RLOG_EQEXP_v1,equivalent_exposure_progress_v1,reference_pure_torch_ssd_mamba2_verified_adapter_v1,3,17,141,4290660b4d4ae5cd887571e6f751868ac4c279f09fdac5bfe67da201d4aef605,pass_main,35.72157287597656,6.824343681335449,0.6935485221278894,1.4522303342819214,30.74533175718095,1.6422649736594241,19.96848999420672,1.9208950171338692,4,e0225794d354c389089fd2f4fda57db0595794ef917900f116c35b755b21e60e,contract_manifest,SUCCESS
MAMBA_PHY_K4_NOAUX,A_reference_sequence_terminal_proxy,RLOG_EQEXP_v1,equivalent_exposure_progress_v1,reference_pure_torch_ssd_mamba2_verified_adapter_v1,3,17,142,4290660b4d4ae5cd887571e6f751868ac4c279f09fdac5bfe67da201d4aef605,pass_main,44.42843627929688,8.681340217590332,0.9263084561645332,1.3850128650665283,30.74533175718095,1.6422649736594241,19.96848999420672,1.9208950171338692,4,e0225794d354c389089fd2f4fda57db0595794ef917900f116c35b755b21e60e,contract_manifest,SUCCESS
MAMBA_PHY_K4_NOAUX,A_reference_sequence_terminal_proxy,RLOG_EQEXP_v1,equivalent_exposure_progress_v1,reference_pure_torch_ssd_mamba2_verified_adapter_v1,3,17,143,4290660b4d4ae5cd887571e6f751868ac4c279f09fdac5bfe67da201d4aef605,pass_main,50.90607452392578,10.558465003967285,1.0501544936377583,1.3018107414245605,30.74533175718095,1.6422649736594241,19.96848999420672,1.9208950171338692,4,e0225794d354c389089fd2f4fda57db0595794ef917900f116c35b755b21e60e,contract_manifest,SUCCESS
MAMBA_PHY_K4_NOAUX,A_reference_sequence_terminal_proxy,RLOG_EQEXP_v1,equivalent_exposure_progress_v1,reference_pure_torch_ssd_mamba2_verified_adapter_v1,3,17,148,aef676bb275647280889c762b29aa161b83e18f4f4d1ff4b87535d8f7c77da48,pass_main,29.44637680053711,5.271011829376221,0.7338443632807123,1.4139820337295532,30.74533175718095,1.6422649736594241,19.96848999420672,1.9208950171338692,4,e0225794d354c389089fd2f4fda57db0595794ef917900f116c35b755b21e60e,contract_manifest,SUCCESS
MAMBA_PHY_K4_NOAUX,A_reference_sequence_terminal_proxy,RLOG_EQEXP_v1,equivalent_exposure_progress_v1,reference_pure_torch_ssd_mamba2_verified_adapter_v1,3,17,149,aef676bb275647280889c762b29aa161b83e18f4f4d1ff4b87535d8f7c77da48,pass_main,3.960146188735962,4.216131210327148,2.6439145587685995,1.4831271171569824,30.74533175718095,1.6422649736594241,19.96848999420672,1.9208950171338692,4,e0225794d354c389089fd2f4fda57db0595794ef917900f116c35b755b21e60e,contract_manifest,SUCCESS
MAMBA_PHY_K4_NOAUX,A_reference_sequence_terminal_proxy,RLOG_EQEXP_v1,equivalent_exposure_progress_v1,reference_pure_torch_ssd_mamba2_verified_adapter_v1,3,17,150,aef676bb275647280889c762b29aa161b83e18f4f4d1ff4b87535d8f7c77da48,pass_main,38.56780624389648,6.349829196929932,0.6964995761101671,1.3273204565048218,30.74533175718095,1.6422649736594241,19.96848999420672,1.9208950171338692,4,e0225794d354c389089fd2f4fda57db0595794ef917900f116c35b755b21e60e,contract_manifest,SUCCESS
MAMBA_PHY_K4_NOAUX,A_reference_sequence_terminal_proxy,RLOG_EQEXP_v1,equivalent_exposure_progress_v1,reference_pure_torch_ssd_mamba2_verified_adapter_v1,3,17,151,aef676bb275647280889c762b29aa161b83e18f4f4d1ff4b87535d8f7c77da48,pass_main,44.21941566467285,7.453742980957031,0.7665122885489518,1.224083662033081,30.74533175718095,1.6422649736594241,19.96848999420672,1.9208950171338692,4,e0225794d354c389089fd2f4fda57db0595794ef917900f116c35b755b21e60e,contract_manifest,SUCCESS
MAMBA_PHY_K4_NOAUX,A_reference_sequence_terminal_proxy,RLOG_EQEXP_v1,equivalent_exposure_progress_v1,reference_pure_torch_ssd_mamba2_verified_adapter_v1,3,17,168,d48d7315f47e485987c1fcbacb55056d36e090c8fd8b14eb91aeacb0d1ffd139,pass_main,12.661317825317385,6.780694484710693,0.3279736648445495,1.1294701099395752,30.74533175718095,1.6422649736594241,19.96848999420672,1.9208950171338692,4,e0225794d354c389089fd2f4fda57db0595794ef917900f116c35b755b21e60e,contract_manifest,SUCCESS
MAMBA_PHY_K4_NOAUX,A_reference_sequence_terminal_proxy,RLOG_EQEXP_v1,equivalent_exposure_progress_v1,reference_pure_torch_ssd_mamba2_verified_adapter_v1,3,17,169,d48d7315f47e485987c1fcbacb55056d36e090c8fd8b14eb91aeacb0d1ffd139,pass_main,19.71621990203857,8.514034271240234,0.2405192473654785,1.00323486328125,30.74533175718095,1.6422649736594241,19.96848999420672,1.9208950171338692,4,e0225794d354c389089fd2f4fda57db0595794ef917900f116c35b755b21e60e,contract_manifest,SUCCESS
MAMBA_PHY_K4_NOAUX,A_reference_sequence_terminal_proxy,RLOG_EQEXP_v1,equivalent_exposure_progress_v1,reference_pure_torch_ssd_mamba2_verified_adapter_v1,3,17,170,d48d7315f47e485987c1fcbacb55056d36e090c8fd8b14eb91aeacb0d1ffd139,pass_main,6.387043476104736,5.067034721374512,0.24840697659849834,1.2474040985107422,30.74533175718095,1.6422649736594241,19.96848999420672,1.9208950171338692,4,e0225794d354c389089fd2f4fda57db0595794ef917900f116c35b755b21e60e,contract_manifest,SUCCESS
MAMBA_PHY_K4_NOAUX,A_reference_sequence_terminal_proxy,RLOG_EQEXP_v1,equivalent_exposure_progress_v1,reference_pure_torch_ssd_mamba2_verified_adapter_v1,3,17,171,d48d7315f47e485987c1fcbacb55056d36e090c8fd8b14eb91aeacb0d1ffd139,pass_main,25.57870388031006,10.268999099731445,0.18187131201550544,0.8719071745872498,30.74533175718095,1.6422649736594241,19.96848999420672,1.9208950171338692,4,e0225794d354c389089fd2f4fda57db0595794ef917900f116c35b755b21e60e,contract_manifest,SUCCESS
MAMBA_PHY_K4_AUX,A_reference_sequence_terminal_proxy,RLOG_EQEXP_v1,equivalent_exposure_progress_v1,reference_pure_torch_ssd_mamba2_verified_adapter_v1,3,17,1,4158b4ed1d621be17c0f4c7cd25cc4fd5fe8c20a14d93a2ba34e39f37e99b6f2,formal,8.637125968933105,6.887323379516602,0.2471706001514426,0.6012891530990601,30.74533175718095,1.6422649736594241,19.96848999420672,1.9208950171338692,4,8234b719dac37d02295fa551c8dd5a36677d022a5e96cedf2acc49acc56ea883,contract_manifest,SUCCESS
MAMBA_PHY_K4_AUX,A_reference_sequence_terminal_proxy,RLOG_EQEXP_v1,equivalent_exposure_progress_v1,reference_pure_torch_ssd_mamba2_verified_adapter_v1,3,17,4,20caa3962d19a1c914fd7e4ad138c3326e95fec7d73688d1d6b577885be05ce6,formal,4.774026870727539,6.227691650390625,0.3826446287582914,0.5946924686431885,30.74533175718095,1.6422649736594241,19.96848999420672,1.9208950171338692,4,8234b719dac37d02295fa551c8dd5a36677d022a5e96cedf2acc49acc56ea883,contract_manifest,SUCCESS
MAMBA_PHY_K4_AUX,A_reference_sequence_terminal_proxy,RLOG_EQEXP_v1,equivalent_exposure_progress_v1,reference_pure_torch_ssd_mamba2_verified_adapter_v1,3,17,13,f53192358bead2012e60074318af5f16d7b1dd6ebc9b1930f8b56ed817ac2f20,formal,7.083702087402344,4.918416976928711,1.30293854696983,1.2442576885223389,30.74533175718095,1.6422649736594241,19.96848999420672,1.9208950171338692,4,8234b719dac37d02295fa551c8dd5a36677d022a5e96cedf2acc49acc56ea883,contract_manifest,SUCCESS
MAMBA_PHY_K4_AUX,A_reference_sequence_terminal_proxy,RLOG_EQEXP_v1,equivalent_exposure_progress_v1,reference_pure_torch_ssd_mamba2_verified_adapter_v1,3,17,20,59923924a2a32b66894219e86e1fbcbbad735ec10b54c5d10adf485dddfe540f,formal,56.62374496459961,37.80769729614258,1.3353451763349196,2.2603025436401367,30.74533175718095,1.6422649736594241,19.96848999420672,1.9208950171338692,4,8234b719dac37d02295fa551c8dd5a36677d022a5e96cedf2acc49acc56ea883,contract_manifest,SUCCESS
MAMBA_PHY_K4_AUX,A_reference_sequence_terminal_proxy,RLOG_EQEXP_v1,equivalent_exposure_progress_v1,reference_pure_torch_ssd_mamba2_verified_adapter_v1,3,17,34,49be816d3f38705a74dbb36266214c3e232f4efa1137b6dc5a33f7fff88a2412,formal,8.413393497467041,5.090008735656738,3.0928605658036448,1.5348081588745117,30.74533175718095,1.6422649736594241,19.96848999420672,1.9208950171338692,4,8234b719dac37d02295fa551c8dd5a36677d022a5e96cedf2acc49acc56ea883,contract_manifest,SUCCESS
MAMBA_PHY_K4_AUX,A_reference_sequence_terminal_proxy,RLOG_EQEXP_v1,equivalent_exposure_progress_v1,reference_pure_torch_ssd_mamba2_verified_adapter_v1,3,17,40,16cd7d03a922a4569cb1f5c8ec1269f8c4c0cc50a98c497a54784441eb27bc6d,formal,56.28345680236816,46.63779830932617,0.962213752802924,2.290611743927002,30.74533175718095,1.6422649736594241,19.96848999420672,1.9208950171338692,4,8234b719dac37d02295fa551c8dd5a36677d022a5e96cedf2acc49acc56ea883,contract_manifest,SUCCESS
MAMBA_PHY_K4_AUX,A_reference_sequence_terminal_proxy,RLOG_EQEXP_v1,equivalent_exposure_progress_v1,reference_pure_torch_ssd_mamba2_verified_adapter_v1,3,17,48,fa304c0f023238a6e791bd19b20de4880bc0fe3f0d1d849934c60a124f30d055,formal,1.869468986988068,4.477354526519775,0.21903317307652082,1.0483126640319824,30.74533175718095,1.6422649736594241,19.96848999420672,1.9208950171338692,4,8234b719dac37d02295fa551c8dd5a36677d022a5e96cedf2acc49acc56ea883,contract_manifest,SUCCESS
MAMBA_PHY_K4_AUX,A_reference_sequence_terminal_proxy,RLOG_EQEXP_v1,equivalent_exposure_progress_v1,reference_pure_torch_ssd_mamba2_verified_adapter_v1,3,17,49,fa304c0f023238a6e791bd19b20de4880bc0fe3f0d1d849934c60a124f30d055,formal,1.8423005938529968,4.477354526519775,0.21986123057994328,1.0483126640319824,30.74533175718095,1.6422649736594241,19.96848999420672,1.9208950171338692,4,8234b719dac37d02295fa551c8dd5a36677d022a5e96cedf2acc49acc56ea883,contract_manifest,SUCCESS
MAMBA_PHY_K4_AUX,A_reference_sequence_terminal_proxy,RLOG_EQEXP_v1,equivalent_exposure_progress_v1,reference_pure_torch_ssd_mamba2_verified_adapter_v1,3,17,52,5ef7f13b66ec12b2261ca84d2486c42a88363c2a07c3f35200d58a57b0f44c42,formal,29.101886749267575,9.38253402709961,0.4344704944965986,1.3425620794296265,30.74533175718095,1.6422649736594241,19.96848999420672,1.9208950171338692,4,8234b719dac37d02295fa551c8dd5a36677d022a5e96cedf2acc49acc56ea883,contract_manifest,SUCCESS
MAMBA_PHY_K4_AUX,A_reference_sequence_terminal_proxy,RLOG_EQEXP_v1,equivalent_exposure_progress_v1,reference_pure_torch_ssd_mamba2_verified_adapter_v1,3,17,54,ca4dc2c3fda0278554df1f21f732f0bc05df2aed173355268d5c68dd5219cbd3,formal,26.571630477905277,8.395341873168945,0.5464019211754307,1.0535088777542114,30.74533175718095,1.6422649736594241,19.96848999420672,1.9208950171338692,4,8234b719dac37d02295fa551c8dd5a36677d022a5e96cedf2acc49acc56ea883,contract_manifest,SUCCESS
MAMBA_PHY_K4_AUX,A_reference_sequence_terminal_proxy,RLOG_EQEXP_v1,equivalent_exposure_progress_v1,reference_pure_torch_ssd_mamba2_verified_adapter_v1,3,17,59,538dda5a8ef6d1c941df1c45ae5b919b2159b55834a8d9212b58d3f22cf3d8bc,formal,1.302653431892395,6.434659957885742,1.232722393990695,1.5870511531829834,30.74533175718095,1.6422649736594241,19.96848999420672,1.9208950171338692,4,8234b719dac37d02295fa551c8dd5a36677d022a5e96cedf2acc49acc56ea883,contract_manifest,SUCCESS
MAMBA_PHY_K4_AUX,A_reference_sequence_terminal_proxy,RLOG_EQEXP_v1,equivalent_exposure_progress_v1,reference_pure_torch_ssd_mamba2_verified_adapter_v1,3,17,74,96b16c88a29a240018dcb0601ec45e6cac1110e4439f1f4f414ff93aee6ca449,formal,1.1291950941085815,4.157312393188477,0.2684293983015196,1.2134442329406738,30.74533175718095,1.6422649736594241,19.96848999420672,1.9208950171338692,4,8234b719dac37d02295fa551c8dd5a36677d022a5e96cedf2acc49acc56ea883,contract_manifest,SUCCESS
MAMBA_PHY_K4_AUX,A_reference_sequence_terminal_proxy,RLOG_EQEXP_v1,equivalent_exposure_progress_v1,reference_pure_torch_ssd_mamba2_verified_adapter_v1,3,17,75,3277ff338b1ece83ce0fcbca272659e59298a780ccb3bf6718496c548b864511,formal,11.11442756652832,6.632155895233154,0.39521401605598383,0.964583694934845,30.74533175718095,1.6422649736594241,19.96848999420672,1.9208950171338692,4,8234b719dac37d02295fa551c8dd5a36677d022a5e96cedf2acc49acc56ea883,contract_manifest,SUCCESS
MAMBA_PHY_K4_AUX,A_reference_sequence_terminal_proxy,RLOG_EQEXP_v1,equivalent_exposure_progress_v1,reference_pure_torch_ssd_mamba2_verified_adapter_v1,3,17,76,8f8c3686ac46b21276dc57ba01e762d6068954b2e2a0b1d936fd19c70d420335,formal,29.09636402130127,11.024584770202637,0.2487101974307388,1.376558780670166,30.74533175718095,1.6422649736594241,19.96848999420672,1.9208950171338692,4,8234b719dac37d02295fa551c8dd5a36677d022a5e96cedf2acc49acc56ea883,contract_manifest,SUCCESS
MAMBA_PHY_K4_AUX,A_reference_sequence_terminal_proxy,RLOG_EQEXP_v1,equivalent_exposure_progress_v1,reference_pure_torch_ssd_mamba2_verified_adapter_v1,3,17,81,dd5996d0d16fc760a97193bf36d6bb5114adf204f85fc47cd99633fc788ed641,formal,37.25409126281738,14.258172988891602,0.8428728979281324,1.654852032661438,30.74533175718095,1.6422649736594241,19.96848999420672,1.9208950171338692,4,8234b719dac37d02295fa551c8dd5a36677d022a5e96cedf2acc49acc56ea883,contract_manifest,SUCCESS
MAMBA_PHY_K4_AUX,A_reference_sequence_terminal_proxy,RLOG_EQEXP_v1,equivalent_exposure_progress_v1,reference_pure_torch_ssd_mamba2_verified_adapter_v1,3,17,90,28d3ba8e515e80482e027ca163a5bec82884082a8f8fc608079f144368ad3db9,formal,47.333452224731445,23.14967918395996,0.548073820161284,2.135582447052002,30.74533175718095,1.6422649736594241,19.96848999420672,1.9208950171338692,4,8234b719dac37d02295fa551c8dd5a36677d022a5e96cedf2acc49acc56ea883,contract_manifest,SUCCESS
MAMBA_PHY_K4_AUX,A_reference_sequence_terminal_proxy,RLOG_EQEXP_v1,equivalent_exposure_progress_v1,reference_pure_torch_ssd_mamba2_verified_adapter_v1,3,17,92,81f089e3ec3746fd0625404be432642bee44aa5042c33fd1661b60d2e04189a7,formal,35.61216163635254,15.095964431762695,0.8025962161228163,2.045163154602051,30.74533175718095,1.6422649736594241,19.96848999420672,1.9208950171338692,4,8234b719dac37d02295fa551c8dd5a36677d022a5e96cedf2acc49acc56ea883,contract_manifest,SUCCESS
MAMBA_PHY_K4_AUX,A_reference_sequence_terminal_proxy,RLOG_EQEXP_v1,equivalent_exposure_progress_v1,reference_pure_torch_ssd_mamba2_verified_adapter_v1,3,17,94,601ef43fbd685e1456b985b9dedb599b4f32c57eda67793b43004416acf24438,formal,42.34056854248047,17.341571807861328,1.0369038982606233,1.9177019596099854,30.74533175718095,1.6422649736594241,19.96848999420672,1.9208950171338692,4,8234b719dac37d02295fa551c8dd5a36677d022a5e96cedf2acc49acc56ea883,contract_manifest,SUCCESS
MAMBA_PHY_K4_AUX,A_reference_sequence_terminal_proxy,RLOG_EQEXP_v1,equivalent_exposure_progress_v1,reference_pure_torch_ssd_mamba2_verified_adapter_v1,3,17,95,601ef43fbd685e1456b985b9dedb599b4f32c57eda67793b43004416acf24438,formal,44.55615997314453,20.945636749267578,0.7038945438852546,1.9210495948791504,30.74533175718095,1.6422649736594241,19.96848999420672,1.9208950171338692,4,8234b719dac37d02295fa551c8dd5a36677d022a5e96cedf2acc49acc56ea883,contract_manifest,SUCCESS
MAMBA_PHY_K4_AUX,A_reference_sequence_terminal_proxy,RLOG_EQEXP_v1,equivalent_exposure_progress_v1,reference_pure_torch_ssd_mamba2_verified_adapter_v1,3,17,102,fd417a2babd1a5a6f117e24361afb85c522f1bd42c53e6ac0f1a2dd4dee79edf,formal,2.336227536201477,5.729019641876221,0.35206716216550205,0.5911211967468262,30.74533175718095,1.6422649736594241,19.96848999420672,1.9208950171338692,4,8234b719dac37d02295fa551c8dd5a36677d022a5e96cedf2acc49acc56ea883,contract_manifest,SUCCESS
MAMBA_PHY_K4_AUX,A_reference_sequence_terminal_proxy,RLOG_EQEXP_v1,equivalent_exposure_progress_v1,reference_pure_torch_ssd_mamba2_verified_adapter_v1,3,17,105,a6a2d17b23617cebe0634d08f8412f1f7dab788ad637db87676837cd9cea8acb,formal,12.88395929336548,6.049302101135254,0.39027547233490384,1.4204931259155273,30.74533175718095,1.6422649736594241,19.96848999420672,1.9208950171338692,4,8234b719dac37d02295fa551c8dd5a36677d022a5e96cedf2acc49acc56ea883,contract_manifest,SUCCESS
MAMBA_PHY_K4_AUX,A_reference_sequence_terminal_proxy,RLOG_EQEXP_v1,equivalent_exposure_progress_v1,reference_pure_torch_ssd_mamba2_verified_adapter_v1,3,17,109,685c2c9ae214e0656d16aef6eb52d0269603217fe7b034fe09ebf346e9ff5b25,formal,41.71175575256348,20.594654083251953,2.4137061776896296,1.567530870437622,30.74533175718095,1.6422649736594241,19.96848999420672,1.9208950171338692,4,8234b719dac37d02295fa551c8dd5a36677d022a5e96cedf2acc49acc56ea883,contract_manifest,SUCCESS
MAMBA_PHY_K4_AUX,A_reference_sequence_terminal_proxy,RLOG_EQEXP_v1,equivalent_exposure_progress_v1,reference_pure_torch_ssd_mamba2_verified_adapter_v1,3,17,112,b883d29a5bb52293cd7c63e9750120e9004c89ff5831b5a5fd8319f34d0334df,formal,37.46864891052246,22.33794403076172,0.3474366765269507,1.9184337854385376,30.74533175718095,1.6422649736594241,19.96848999420672,1.9208950171338692,4,8234b719dac37d02295fa551c8dd5a36677d022a5e96cedf2acc49acc56ea883,contract_manifest,SUCCESS
MAMBA_PHY_K4_AUX,A_reference_sequence_terminal_proxy,RLOG_EQEXP_v1,equivalent_exposure_progress_v1,reference_pure_torch_ssd_mamba2_verified_adapter_v1,3,17,116,cf15a84e17a08d5442e642f55bd238c27a3e70672bdf8932fcea209f247160de,formal,4.148553848266602,5.656093597412109,2.0773694115595793,1.636114239692688,30.74533175718095,1.6422649736594241,19.96848999420672,1.9208950171338692,4,8234b719dac37d02295fa551c8dd5a36677d022a5e96cedf2acc49acc56ea883,contract_manifest,SUCCESS
MAMBA_PHY_K4_AUX,A_reference_sequence_terminal_proxy,RLOG_EQEXP_v1,equivalent_exposure_progress_v1,reference_pure_torch_ssd_mamba2_verified_adapter_v1,3,17,140,4290660b4d4ae5cd887571e6f751868ac4c279f09fdac5bfe67da201d4aef605,pass_main,3.393480896949768,4.990387916564941,0.9542694585783289,1.4960637092590332,30.74533175718095,1.6422649736594241,19.96848999420672,1.9208950171338692,4,8234b719dac37d02295fa551c8dd5a36677d022a5e96cedf2acc49acc56ea883,contract_manifest,SUCCESS
MAMBA_PHY_K4_AUX,A_reference_sequence_terminal_proxy,RLOG_EQEXP_v1,equivalent_exposure_progress_v1,reference_pure_torch_ssd_mamba2_verified_adapter_v1,3,17,141,4290660b4d4ae5cd887571e6f751868ac4c279f09fdac5bfe67da201d4aef605,pass_main,35.72157287597656,6.835456848144531,0.6935485221278894,1.4386829137802124,30.74533175718095,1.6422649736594241,19.96848999420672,1.9208950171338692,4,8234b719dac37d02295fa551c8dd5a36677d022a5e96cedf2acc49acc56ea883,contract_manifest,SUCCESS
MAMBA_PHY_K4_AUX,A_reference_sequence_terminal_proxy,RLOG_EQEXP_v1,equivalent_exposure_progress_v1,reference_pure_torch_ssd_mamba2_verified_adapter_v1,3,17,142,4290660b4d4ae5cd887571e6f751868ac4c279f09fdac5bfe67da201d4aef605,pass_main,44.42843627929688,8.703987121582031,0.9263084561645332,1.363142490386963,30.74533175718095,1.6422649736594241,19.96848999420672,1.9208950171338692,4,8234b719dac37d02295fa551c8dd5a36677d022a5e96cedf2acc49acc56ea883,contract_manifest,SUCCESS
MAMBA_PHY_K4_AUX,A_reference_sequence_terminal_proxy,RLOG_EQEXP_v1,equivalent_exposure_progress_v1,reference_pure_torch_ssd_mamba2_verified_adapter_v1,3,17,143,4290660b4d4ae5cd887571e6f751868ac4c279f09fdac5bfe67da201d4aef605,pass_main,50.90607452392578,10.597257614135742,1.0501544936377583,1.2703346014022827,30.74533175718095,1.6422649736594241,19.96848999420672,1.9208950171338692,4,8234b719dac37d02295fa551c8dd5a36677d022a5e96cedf2acc49acc56ea883,contract_manifest,SUCCESS
MAMBA_PHY_K4_AUX,A_reference_sequence_terminal_proxy,RLOG_EQEXP_v1,equivalent_exposure_progress_v1,reference_pure_torch_ssd_mamba2_verified_adapter_v1,3,17,148,aef676bb275647280889c762b29aa161b83e18f4f4d1ff4b87535d8f7c77da48,pass_main,29.44637680053711,5.294652462005615,0.7338443632807123,1.4034801721572876,30.74533175718095,1.6422649736594241,19.96848999420672,1.9208950171338692,4,8234b719dac37d02295fa551c8dd5a36677d022a5e96cedf2acc49acc56ea883,contract_manifest,SUCCESS
MAMBA_PHY_K4_AUX,A_reference_sequence_terminal_proxy,RLOG_EQEXP_v1,equivalent_exposure_progress_v1,reference_pure_torch_ssd_mamba2_verified_adapter_v1,3,17,149,aef676bb275647280889c762b29aa161b83e18f4f4d1ff4b87535d8f7c77da48,pass_main,3.960146188735962,4.230026721954346,2.6439145587685995,1.4778406620025635,30.74533175718095,1.6422649736594241,19.96848999420672,1.9208950171338692,4,8234b719dac37d02295fa551c8dd5a36677d022a5e96cedf2acc49acc56ea883,contract_manifest,SUCCESS
MAMBA_PHY_K4_AUX,A_reference_sequence_terminal_proxy,RLOG_EQEXP_v1,equivalent_exposure_progress_v1,reference_pure_torch_ssd_mamba2_verified_adapter_v1,3,17,150,aef676bb275647280889c762b29aa161b83e18f4f4d1ff4b87535d8f7c77da48,pass_main,38.56780624389648,6.387060642242432,0.6964995761101671,1.310195803642273,30.74533175718095,1.6422649736594241,19.96848999420672,1.9208950171338692,4,8234b719dac37d02295fa551c8dd5a36677d022a5e96cedf2acc49acc56ea883,contract_manifest,SUCCESS
MAMBA_PHY_K4_AUX,A_reference_sequence_terminal_proxy,RLOG_EQEXP_v1,equivalent_exposure_progress_v1,reference_pure_torch_ssd_mamba2_verified_adapter_v1,3,17,151,aef676bb275647280889c762b29aa161b83e18f4f4d1ff4b87535d8f7c77da48,pass_main,44.21941566467285,7.508747577667236,0.7665122885489518,1.1994777917861938,30.74533175718095,1.6422649736594241,19.96848999420672,1.9208950171338692,4,8234b719dac37d02295fa551c8dd5a36677d022a5e96cedf2acc49acc56ea883,contract_manifest,SUCCESS
MAMBA_PHY_K4_AUX,A_reference_sequence_terminal_proxy,RLOG_EQEXP_v1,equivalent_exposure_progress_v1,reference_pure_torch_ssd_mamba2_verified_adapter_v1,3,17,168,d48d7315f47e485987c1fcbacb55056d36e090c8fd8b14eb91aeacb0d1ffd139,pass_main,12.661317825317385,6.764122009277344,0.3279736648445495,1.1164668798446655,30.74533175718095,1.6422649736594241,19.96848999420672,1.9208950171338692,4,8234b719dac37d02295fa551c8dd5a36677d022a5e96cedf2acc49acc56ea883,contract_manifest,SUCCESS
MAMBA_PHY_K4_AUX,A_reference_sequence_terminal_proxy,RLOG_EQEXP_v1,equivalent_exposure_progress_v1,reference_pure_torch_ssd_mamba2_verified_adapter_v1,3,17,169,d48d7315f47e485987c1fcbacb55056d36e090c8fd8b14eb91aeacb0d1ffd139,pass_main,19.71621990203857,8.510451316833496,0.2405192473654785,0.9834715723991394,30.74533175718095,1.6422649736594241,19.96848999420672,1.9208950171338692,4,8234b719dac37d02295fa551c8dd5a36677d022a5e96cedf2acc49acc56ea883,contract_manifest,SUCCESS
MAMBA_PHY_K4_AUX,A_reference_sequence_terminal_proxy,RLOG_EQEXP_v1,equivalent_exposure_progress_v1,reference_pure_torch_ssd_mamba2_verified_adapter_v1,3,17,170,d48d7315f47e485987c1fcbacb55056d36e090c8fd8b14eb91aeacb0d1ffd139,pass_main,6.387043476104736,5.0430402755737305,0.24840697659849834,1.2403644323349,30.74533175718095,1.6422649736594241,19.96848999420672,1.9208950171338692,4,8234b719dac37d02295fa551c8dd5a36677d022a5e96cedf2acc49acc56ea883,contract_manifest,SUCCESS
MAMBA_PHY_K4_AUX,A_reference_sequence_terminal_proxy,RLOG_EQEXP_v1,equivalent_exposure_progress_v1,reference_pure_torch_ssd_mamba2_verified_adapter_v1,3,17,171,d48d7315f47e485987c1fcbacb55056d36e090c8fd8b14eb91aeacb0d1ffd139,pass_main,25.57870388031006,10.283590316772461,0.18187131201550544,0.8456736207008362,30.74533175718095,1.6422649736594241,19.96848999420672,1.9208950171338692,4,8234b719dac37d02295fa551c8dd5a36677d022a5e96cedf2acc49acc56ea883,contract_manifest,SUCCESS
MAMBA_PHY_K32_AUX,A_reference_sequence_terminal_proxy,RLOG_EQEXP_v1,equivalent_exposure_progress_v1,reference_pure_torch_ssd_mamba2_verified_adapter_v1,3,17,1,4158b4ed1d621be17c0f4c7cd25cc4fd5fe8c20a14d93a2ba34e39f37e99b6f2,formal,8.637125968933105,18.367630004882812,0.2471706001514426,1.211689829826355,30.74533175718095,1.6422649736594241,19.96848999420672,1.9208950171338692,32,bb38c9aab79cf80cb80f03164d42ac987213caed4a957c482c8ac7f2e35bfc6a,contract_manifest,SUCCESS
MAMBA_PHY_K32_AUX,A_reference_sequence_terminal_proxy,RLOG_EQEXP_v1,equivalent_exposure_progress_v1,reference_pure_torch_ssd_mamba2_verified_adapter_v1,3,17,4,20caa3962d19a1c914fd7e4ad138c3326e95fec7d73688d1d6b577885be05ce6,formal,4.774026870727539,19.64772605895996,0.3826446287582914,1.2759124040603638,30.74533175718095,1.6422649736594241,19.96848999420672,1.9208950171338692,32,bb38c9aab79cf80cb80f03164d42ac987213caed4a957c482c8ac7f2e35bfc6a,contract_manifest,SUCCESS
MAMBA_PHY_K32_AUX,A_reference_sequence_terminal_proxy,RLOG_EQEXP_v1,equivalent_exposure_progress_v1,reference_pure_torch_ssd_mamba2_verified_adapter_v1,3,17,13,f53192358bead2012e60074318af5f16d7b1dd6ebc9b1930f8b56ed817ac2f20,formal,7.083702087402344,17.582597732543945,1.30293854696983,1.4794448614120483,30.74533175718095,1.6422649736594241,19.96848999420672,1.9208950171338692,32,bb38c9aab79cf80cb80f03164d42ac987213caed4a957c482c8ac7f2e35bfc6a,contract_manifest,SUCCESS
MAMBA_PHY_K32_AUX,A_reference_sequence_terminal_proxy,RLOG_EQEXP_v1,equivalent_exposure_progress_v1,reference_pure_torch_ssd_mamba2_verified_adapter_v1,3,17,20,59923924a2a32b66894219e86e1fbcbbad735ec10b54c5d10adf485dddfe540f,formal,56.62374496459961,57.72621154785156,1.3353451763349196,2.779336929321289,30.74533175718095,1.6422649736594241,19.96848999420672,1.9208950171338692,32,bb38c9aab79cf80cb80f03164d42ac987213caed4a957c482c8ac7f2e35bfc6a,contract_manifest,SUCCESS
MAMBA_PHY_K32_AUX,A_reference_sequence_terminal_proxy,RLOG_EQEXP_v1,equivalent_exposure_progress_v1,reference_pure_torch_ssd_mamba2_verified_adapter_v1,3,17,34,49be816d3f38705a74dbb36266214c3e232f4efa1137b6dc5a33f7fff88a2412,formal,8.413393497467041,18.17662239074707,3.0928605658036448,1.6212027072906494,30.74533175718095,1.6422649736594241,19.96848999420672,1.9208950171338692,32,bb38c9aab79cf80cb80f03164d42ac987213caed4a957c482c8ac7f2e35bfc6a,contract_manifest,SUCCESS
MAMBA_PHY_K32_AUX,A_reference_sequence_terminal_proxy,RLOG_EQEXP_v1,equivalent_exposure_progress_v1,reference_pure_torch_ssd_mamba2_verified_adapter_v1,3,17,40,16cd7d03a922a4569cb1f5c8ec1269f8c4c0cc50a98c497a54784441eb27bc6d,formal,56.28345680236816,68.42727661132812,0.962213752802924,3.153959274291992,30.74533175718095,1.6422649736594241,19.96848999420672,1.9208950171338692,32,bb38c9aab79cf80cb80f03164d42ac987213caed4a957c482c8ac7f2e35bfc6a,contract_manifest,SUCCESS
MAMBA_PHY_K32_AUX,A_reference_sequence_terminal_proxy,RLOG_EQEXP_v1,equivalent_exposure_progress_v1,reference_pure_torch_ssd_mamba2_verified_adapter_v1,3,17,48,fa304c0f023238a6e791bd19b20de4880bc0fe3f0d1d849934c60a124f30d055,formal,1.869468986988068,13.937304496765137,0.21903317307652082,1.297905683517456,30.74533175718095,1.6422649736594241,19.96848999420672,1.9208950171338692,32,bb38c9aab79cf80cb80f03164d42ac987213caed4a957c482c8ac7f2e35bfc6a,contract_manifest,SUCCESS
MAMBA_PHY_K32_AUX,A_reference_sequence_terminal_proxy,RLOG_EQEXP_v1,equivalent_exposure_progress_v1,reference_pure_torch_ssd_mamba2_verified_adapter_v1,3,17,49,fa304c0f023238a6e791bd19b20de4880bc0fe3f0d1d849934c60a124f30d055,formal,1.8423005938529968,13.937304496765137,0.21986123057994328,1.297905683517456,30.74533175718095,1.6422649736594241,19.96848999420672,1.9208950171338692,32,bb38c9aab79cf80cb80f03164d42ac987213caed4a957c482c8ac7f2e35bfc6a,contract_manifest,SUCCESS
MAMBA_PHY_K32_AUX,A_reference_sequence_terminal_proxy,RLOG_EQEXP_v1,equivalent_exposure_progress_v1,reference_pure_torch_ssd_mamba2_verified_adapter_v1,3,17,52,5ef7f13b66ec12b2261ca84d2486c42a88363c2a07c3f35200d58a57b0f44c42,formal,29.101886749267575,19.315650939941406,0.4344704944965986,1.4017690420150757,30.74533175718095,1.6422649736594241,19.96848999420672,1.9208950171338692,32,bb38c9aab79cf80cb80f03164d42ac987213caed4a957c482c8ac7f2e35bfc6a,contract_manifest,SUCCESS
MAMBA_PHY_K32_AUX,A_reference_sequence_terminal_proxy,RLOG_EQEXP_v1,equivalent_exposure_progress_v1,reference_pure_torch_ssd_mamba2_verified_adapter_v1,3,17,54,ca4dc2c3fda0278554df1f21f732f0bc05df2aed173355268d5c68dd5219cbd3,formal,26.571630477905277,25.613853454589844,0.5464019211754307,1.5966969728469849,30.74533175718095,1.6422649736594241,19.96848999420672,1.9208950171338692,32,bb38c9aab79cf80cb80f03164d42ac987213caed4a957c482c8ac7f2e35bfc6a,contract_manifest,SUCCESS
MAMBA_PHY_K32_AUX,A_reference_sequence_terminal_proxy,RLOG_EQEXP_v1,equivalent_exposure_progress_v1,reference_pure_torch_ssd_mamba2_verified_adapter_v1,3,17,59,538dda5a8ef6d1c941df1c45ae5b919b2159b55834a8d9212b58d3f22cf3d8bc,formal,1.302653431892395,22.118404388427734,1.232722393990695,1.7685056924819946,30.74533175718095,1.6422649736594241,19.96848999420672,1.9208950171338692,32,bb38c9aab79cf80cb80f03164d42ac987213caed4a957c482c8ac7f2e35bfc6a,contract_manifest,SUCCESS
MAMBA_PHY_K32_AUX,A_reference_sequence_terminal_proxy,RLOG_EQEXP_v1,equivalent_exposure_progress_v1,reference_pure_torch_ssd_mamba2_verified_adapter_v1,3,17,74,96b16c88a29a240018dcb0601ec45e6cac1110e4439f1f4f414ff93aee6ca449,formal,1.1291950941085815,13.113743782043457,0.2684293983015196,1.3227155208587646,30.74533175718095,1.6422649736594241,19.96848999420672,1.9208950171338692,32,bb38c9aab79cf80cb80f03164d42ac987213caed4a957c482c8ac7f2e35bfc6a,contract_manifest,SUCCESS
MAMBA_PHY_K32_AUX,A_reference_sequence_terminal_proxy,RLOG_EQEXP_v1,equivalent_exposure_progress_v1,reference_pure_torch_ssd_mamba2_verified_adapter_v1,3,17,75,3277ff338b1ece83ce0fcbca272659e59298a780ccb3bf6718496c548b864511,formal,11.11442756652832,18.282032012939453,0.39521401605598383,1.342206597328186,30.74533175718095,1.6422649736594241,19.96848999420672,1.9208950171338692,32,bb38c9aab79cf80cb80f03164d42ac987213caed4a957c482c8ac7f2e35bfc6a,contract_manifest,SUCCESS
MAMBA_PHY_K32_AUX,A_reference_sequence_terminal_proxy,RLOG_EQEXP_v1,equivalent_exposure_progress_v1,reference_pure_torch_ssd_mamba2_verified_adapter_v1,3,17,76,8f8c3686ac46b21276dc57ba01e762d6068954b2e2a0b1d936fd19c70d420335,formal,29.09636402130127,21.362403869628906,0.2487101974307388,1.4299874305725098,30.74533175718095,1.6422649736594241,19.96848999420672,1.9208950171338692,32,bb38c9aab79cf80cb80f03164d42ac987213caed4a957c482c8ac7f2e35bfc6a,contract_manifest,SUCCESS
MAMBA_PHY_K32_AUX,A_reference_sequence_terminal_proxy,RLOG_EQEXP_v1,equivalent_exposure_progress_v1,reference_pure_torch_ssd_mamba2_verified_adapter_v1,3,17,81,dd5996d0d16fc760a97193bf36d6bb5114adf204f85fc47cd99633fc788ed641,formal,37.25409126281738,29.819246292114258,0.8428728979281324,1.8276599645614624,30.74533175718095,1.6422649736594241,19.96848999420672,1.9208950171338692,32,bb38c9aab79cf80cb80f03164d42ac987213caed4a957c482c8ac7f2e35bfc6a,contract_manifest,SUCCESS
MAMBA_PHY_K32_AUX,A_reference_sequence_terminal_proxy,RLOG_EQEXP_v1,equivalent_exposure_progress_v1,reference_pure_torch_ssd_mamba2_verified_adapter_v1,3,17,90,28d3ba8e515e80482e027ca163a5bec82884082a8f8fc608079f144368ad3db9,formal,47.333452224731445,45.20682144165039,0.548073820161284,2.6571617126464844,30.74533175718095,1.6422649736594241,19.96848999420672,1.9208950171338692,32,bb38c9aab79cf80cb80f03164d42ac987213caed4a957c482c8ac7f2e35bfc6a,contract_manifest,SUCCESS
MAMBA_PHY_K32_AUX,A_reference_sequence_terminal_proxy,RLOG_EQEXP_v1,equivalent_exposure_progress_v1,reference_pure_torch_ssd_mamba2_verified_adapter_v1,3,17,92,81f089e3ec3746fd0625404be432642bee44aa5042c33fd1661b60d2e04189a7,formal,35.61216163635254,40.248695373535156,0.8025962161228163,2.71183443069458,30.74533175718095,1.6422649736594241,19.96848999420672,1.9208950171338692,32,bb38c9aab79cf80cb80f03164d42ac987213caed4a957c482c8ac7f2e35bfc6a,contract_manifest,SUCCESS
MAMBA_PHY_K32_AUX,A_reference_sequence_terminal_proxy,RLOG_EQEXP_v1,equivalent_exposure_progress_v1,reference_pure_torch_ssd_mamba2_verified_adapter_v1,3,17,94,601ef43fbd685e1456b985b9dedb599b4f32c57eda67793b43004416acf24438,formal,42.34056854248047,47.21697235107422,1.0369038982606233,2.9059135913848877,30.74533175718095,1.6422649736594241,19.96848999420672,1.9208950171338692,32,bb38c9aab79cf80cb80f03164d42ac987213caed4a957c482c8ac7f2e35bfc6a,contract_manifest,SUCCESS
MAMBA_PHY_K32_AUX,A_reference_sequence_terminal_proxy,RLOG_EQEXP_v1,equivalent_exposure_progress_v1,reference_pure_torch_ssd_mamba2_verified_adapter_v1,3,17,95,601ef43fbd685e1456b985b9dedb599b4f32c57eda67793b43004416acf24438,formal,44.55615997314453,53.00414276123047,0.7038945438852546,3.1112966537475586,30.74533175718095,1.6422649736594241,19.96848999420672,1.9208950171338692,32,bb38c9aab79cf80cb80f03164d42ac987213caed4a957c482c8ac7f2e35bfc6a,contract_manifest,SUCCESS
MAMBA_PHY_K32_AUX,A_reference_sequence_terminal_proxy,RLOG_EQEXP_v1,equivalent_exposure_progress_v1,reference_pure_torch_ssd_mamba2_verified_adapter_v1,3,17,102,fd417a2babd1a5a6f117e24361afb85c522f1bd42c53e6ac0f1a2dd4dee79edf,formal,2.336227536201477,18.477685928344727,0.35206716216550205,1.2543433904647827,30.74533175718095,1.6422649736594241,19.96848999420672,1.9208950171338692,32,bb38c9aab79cf80cb80f03164d42ac987213caed4a957c482c8ac7f2e35bfc6a,contract_manifest,SUCCESS
MAMBA_PHY_K32_AUX,A_reference_sequence_terminal_proxy,RLOG_EQEXP_v1,equivalent_exposure_progress_v1,reference_pure_torch_ssd_mamba2_verified_adapter_v1,3,17,105,a6a2d17b23617cebe0634d08f8412f1f7dab788ad637db87676837cd9cea8acb,formal,12.88395929336548,16.169784545898438,0.39027547233490384,1.4316887855529785,30.74533175718095,1.6422649736594241,19.96848999420672,1.9208950171338692,32,bb38c9aab79cf80cb80f03164d42ac987213caed4a957c482c8ac7f2e35bfc6a,contract_manifest,SUCCESS
MAMBA_PHY_K32_AUX,A_reference_sequence_terminal_proxy,RLOG_EQEXP_v1,equivalent_exposure_progress_v1,reference_pure_torch_ssd_mamba2_verified_adapter_v1,3,17,109,685c2c9ae214e0656d16aef6eb52d0269603217fe7b034fe09ebf346e9ff5b25,formal,41.71175575256348,39.15423583984375,2.4137061776896296,1.9608862400054932,30.74533175718095,1.6422649736594241,19.96848999420672,1.9208950171338692,32,bb38c9aab79cf80cb80f03164d42ac987213caed4a957c482c8ac7f2e35bfc6a,contract_manifest,SUCCESS
MAMBA_PHY_K32_AUX,A_reference_sequence_terminal_proxy,RLOG_EQEXP_v1,equivalent_exposure_progress_v1,reference_pure_torch_ssd_mamba2_verified_adapter_v1,3,17,112,b883d29a5bb52293cd7c63e9750120e9004c89ff5831b5a5fd8319f34d0334df,formal,37.46864891052246,36.59669494628906,0.3474366765269507,2.0197410583496094,30.74533175718095,1.6422649736594241,19.96848999420672,1.9208950171338692,32,bb38c9aab79cf80cb80f03164d42ac987213caed4a957c482c8ac7f2e35bfc6a,contract_manifest,SUCCESS
MAMBA_PHY_K32_AUX,A_reference_sequence_terminal_proxy,RLOG_EQEXP_v1,equivalent_exposure_progress_v1,reference_pure_torch_ssd_mamba2_verified_adapter_v1,3,17,116,cf15a84e17a08d5442e642f55bd238c27a3e70672bdf8932fcea209f247160de,formal,4.148553848266602,21.623306274414062,2.0773694115595793,1.819279670715332,30.74533175718095,1.6422649736594241,19.96848999420672,1.9208950171338692,32,bb38c9aab79cf80cb80f03164d42ac987213caed4a957c482c8ac7f2e35bfc6a,contract_manifest,SUCCESS
MAMBA_PHY_K32_AUX,A_reference_sequence_terminal_proxy,RLOG_EQEXP_v1,equivalent_exposure_progress_v1,reference_pure_torch_ssd_mamba2_verified_adapter_v1,3,17,140,4290660b4d4ae5cd887571e6f751868ac4c279f09fdac5bfe67da201d4aef605,pass_main,3.393480896949768,15.290709495544434,0.9542694585783289,1.4839556217193604,30.74533175718095,1.6422649736594241,19.96848999420672,1.9208950171338692,32,bb38c9aab79cf80cb80f03164d42ac987213caed4a957c482c8ac7f2e35bfc6a,contract_manifest,SUCCESS
MAMBA_PHY_K32_AUX,A_reference_sequence_terminal_proxy,RLOG_EQEXP_v1,equivalent_exposure_progress_v1,reference_pure_torch_ssd_mamba2_verified_adapter_v1,3,17,141,4290660b4d4ae5cd887571e6f751868ac4c279f09fdac5bfe67da201d4aef605,pass_main,35.72157287597656,19.013580322265625,0.6935485221278894,1.5449615716934204,30.74533175718095,1.6422649736594241,19.96848999420672,1.9208950171338692,32,bb38c9aab79cf80cb80f03164d42ac987213caed4a957c482c8ac7f2e35bfc6a,contract_manifest,SUCCESS
MAMBA_PHY_K32_AUX,A_reference_sequence_terminal_proxy,RLOG_EQEXP_v1,equivalent_exposure_progress_v1,reference_pure_torch_ssd_mamba2_verified_adapter_v1,3,17,142,4290660b4d4ae5cd887571e6f751868ac4c279f09fdac5bfe67da201d4aef605,pass_main,44.42843627929688,22.75644302368164,0.9263084561645332,1.60157310962677,30.74533175718095,1.6422649736594241,19.96848999420672,1.9208950171338692,32,bb38c9aab79cf80cb80f03164d42ac987213caed4a957c482c8ac7f2e35bfc6a,contract_manifest,SUCCESS
MAMBA_PHY_K32_AUX,A_reference_sequence_terminal_proxy,RLOG_EQEXP_v1,equivalent_exposure_progress_v1,reference_pure_torch_ssd_mamba2_verified_adapter_v1,3,17,143,4290660b4d4ae5cd887571e6f751868ac4c279f09fdac5bfe67da201d4aef605,pass_main,50.90607452392578,26.491424560546875,1.0501544936377583,1.6524698734283447,30.74533175718095,1.6422649736594241,19.96848999420672,1.9208950171338692,32,bb38c9aab79cf80cb80f03164d42ac987213caed4a957c482c8ac7f2e35bfc6a,contract_manifest,SUCCESS
MAMBA_PHY_K32_AUX,A_reference_sequence_terminal_proxy,RLOG_EQEXP_v1,equivalent_exposure_progress_v1,reference_pure_torch_ssd_mamba2_verified_adapter_v1,3,17,148,aef676bb275647280889c762b29aa161b83e18f4f4d1ff4b87535d8f7c77da48,pass_main,29.44637680053711,17.56264305114746,0.7338443632807123,1.5320460796356201,30.74533175718095,1.6422649736594241,19.96848999420672,1.9208950171338692,32,bb38c9aab79cf80cb80f03164d42ac987213caed4a957c482c8ac7f2e35bfc6a,contract_manifest,SUCCESS
MAMBA_PHY_K32_AUX,A_reference_sequence_terminal_proxy,RLOG_EQEXP_v1,equivalent_exposure_progress_v1,reference_pure_torch_ssd_mamba2_verified_adapter_v1,3,17,149,aef676bb275647280889c762b29aa161b83e18f4f4d1ff4b87535d8f7c77da48,pass_main,3.960146188735962,14.774821281433105,2.6439145587685995,1.4859989881515503,30.74533175718095,1.6422649736594241,19.96848999420672,1.9208950171338692,32,bb38c9aab79cf80cb80f03164d42ac987213caed4a957c482c8ac7f2e35bfc6a,contract_manifest,SUCCESS
MAMBA_PHY_K32_AUX,A_reference_sequence_terminal_proxy,RLOG_EQEXP_v1,equivalent_exposure_progress_v1,reference_pure_torch_ssd_mamba2_verified_adapter_v1,3,17,150,aef676bb275647280889c762b29aa161b83e18f4f4d1ff4b87535d8f7c77da48,pass_main,38.56780624389648,20.437744140625,0.6964995761101671,1.5754996538162231,30.74533175718095,1.6422649736594241,19.96848999420672,1.9208950171338692,32,bb38c9aab79cf80cb80f03164d42ac987213caed4a957c482c8ac7f2e35bfc6a,contract_manifest,SUCCESS
MAMBA_PHY_K32_AUX,A_reference_sequence_terminal_proxy,RLOG_EQEXP_v1,equivalent_exposure_progress_v1,reference_pure_torch_ssd_mamba2_verified_adapter_v1,3,17,151,aef676bb275647280889c762b29aa161b83e18f4f4d1ff4b87535d8f7c77da48,pass_main,44.21941566467285,23.366390228271484,0.7665122885489518,1.6145071983337402,30.74533175718095,1.6422649736594241,19.96848999420672,1.9208950171338692,32,bb38c9aab79cf80cb80f03164d42ac987213caed4a957c482c8ac7f2e35bfc6a,contract_manifest,SUCCESS
MAMBA_PHY_K32_AUX,A_reference_sequence_terminal_proxy,RLOG_EQEXP_v1,equivalent_exposure_progress_v1,reference_pure_torch_ssd_mamba2_verified_adapter_v1,3,17,168,d48d7315f47e485987c1fcbacb55056d36e090c8fd8b14eb91aeacb0d1ffd139,pass_main,12.661317825317385,15.26396369934082,0.3279736648445495,1.2750893831253052,30.74533175718095,1.6422649736594241,19.96848999420672,1.9208950171338692,32,bb38c9aab79cf80cb80f03164d42ac987213caed4a957c482c8ac7f2e35bfc6a,contract_manifest,SUCCESS
MAMBA_PHY_K32_AUX,A_reference_sequence_terminal_proxy,RLOG_EQEXP_v1,equivalent_exposure_progress_v1,reference_pure_torch_ssd_mamba2_verified_adapter_v1,3,17,169,d48d7315f47e485987c1fcbacb55056d36e090c8fd8b14eb91aeacb0d1ffd139,pass_main,19.71621990203857,17.892108917236328,0.2405192473654785,1.2658616304397583,30.74533175718095,1.6422649736594241,19.96848999420672,1.9208950171338692,32,bb38c9aab79cf80cb80f03164d42ac987213caed4a957c482c8ac7f2e35bfc6a,contract_manifest,SUCCESS
MAMBA_PHY_K32_AUX,A_reference_sequence_terminal_proxy,RLOG_EQEXP_v1,equivalent_exposure_progress_v1,reference_pure_torch_ssd_mamba2_verified_adapter_v1,3,17,170,d48d7315f47e485987c1fcbacb55056d36e090c8fd8b14eb91aeacb0d1ffd139,pass_main,6.387043476104736,12.71870231628418,0.24840697659849834,1.281654715538025,30.74533175718095,1.6422649736594241,19.96848999420672,1.9208950171338692,32,bb38c9aab79cf80cb80f03164d42ac987213caed4a957c482c8ac7f2e35bfc6a,contract_manifest,SUCCESS
MAMBA_PHY_K32_AUX,A_reference_sequence_terminal_proxy,RLOG_EQEXP_v1,equivalent_exposure_progress_v1,reference_pure_torch_ssd_mamba2_verified_adapter_v1,3,17,171,d48d7315f47e485987c1fcbacb55056d36e090c8fd8b14eb91aeacb0d1ffd139,pass_main,25.57870388031006,20.57845115661621,0.18187131201550544,1.2520830631256104,30.74533175718095,1.6422649736594241,19.96848999420672,1.9208950171338692,32,bb38c9aab79cf80cb80f03164d42ac987213caed4a957c482c8ac7f2e35bfc6a,contract_manifest,SUCCESS
CONST_DQ,A_reference_sequence_terminal_proxy,NONE,equivalent_exposure_progress_v1,torch_terminal_v1,4,17,0,4db5fedaca3a9977a840ef0a14e0a347ebf06f58add282691f9764d395c85c56,formal,13.506645679473875,31.189024450057186,0.5568467653162318,1.5807846953774598,31.189024450057186,1.5807846953774598,19.455260759625077,1.8666934918492002,0,2278ba5a122e9da209384e0fbf9cf26b2586ecf92dff0c76c6ef295b48d775b1,contract_manifest,SUCCESS
CONST_DQ,A_reference_sequence_terminal_proxy,NONE,equivalent_exposure_progress_v1,torch_terminal_v1,4,17,6,59ab2c8a76e6cea570ab2bdbab7ec1c6b4a24bf5487ed181e33d3819c2dcf2f6,formal,6.117770195007324,31.189024450057186,0.8609633006685008,1.5807846953774598,31.189024450057186,1.5807846953774598,19.455260759625077,1.8666934918492002,0,2278ba5a122e9da209384e0fbf9cf26b2586ecf92dff0c76c6ef295b48d775b1,contract_manifest,SUCCESS
CONST_DQ,A_reference_sequence_terminal_proxy,NONE,equivalent_exposure_progress_v1,torch_terminal_v1,4,17,9,7374ab8bcdc516fd8ff63f4e609f73f9064a59eb0114fa48fdd2554679d9a876,formal,3.669000267982483,31.189024450057186,0.8386195127838436,1.5807846953774598,31.189024450057186,1.5807846953774598,19.455260759625077,1.8666934918492002,0,2278ba5a122e9da209384e0fbf9cf26b2586ecf92dff0c76c6ef295b48d775b1,contract_manifest,SUCCESS
CONST_DQ,A_reference_sequence_terminal_proxy,NONE,equivalent_exposure_progress_v1,torch_terminal_v1,4,17,15,8320198d6b750dba772a0e6acbad0f0e283bed44595fb3a4adb50c6d6af03770,formal,46.04010391235352,31.189024450057186,0.6025106451997915,1.5807846953774598,31.189024450057186,1.5807846953774598,19.455260759625077,1.8666934918492002,0,2278ba5a122e9da209384e0fbf9cf26b2586ecf92dff0c76c6ef295b48d775b1,contract_manifest,SUCCESS
CONST_DQ,A_reference_sequence_terminal_proxy,NONE,equivalent_exposure_progress_v1,torch_terminal_v1,4,17,18,02495b203f4e92e4d84d061078678dfd5ea9465249cd1858a9b84e7b7ffaaf24,formal,6.017935276031494,31.189024450057186,0.7173909583204263,1.5807846953774598,31.189024450057186,1.5807846953774598,19.455260759625077,1.8666934918492002,0,2278ba5a122e9da209384e0fbf9cf26b2586ecf92dff0c76c6ef295b48d775b1,contract_manifest,SUCCESS
CONST_DQ,A_reference_sequence_terminal_proxy,NONE,equivalent_exposure_progress_v1,torch_terminal_v1,4,17,22,8fd7101200e3b1cb67e396805be6ff4533f7aa6bb922fa7af059fad2c392f70e,formal,63.91909408569336,31.189024450057186,6.436429863363623,1.5807846953774598,31.189024450057186,1.5807846953774598,19.455260759625077,1.8666934918492002,0,2278ba5a122e9da209384e0fbf9cf26b2586ecf92dff0c76c6ef295b48d775b1,contract_manifest,SUCCESS
CONST_DQ,A_reference_sequence_terminal_proxy,NONE,equivalent_exposure_progress_v1,torch_terminal_v1,4,17,24,f60df8a644040bd0be92f658adf4a27a588d9061d14c5f9eac373efd44410172,formal,16.00606060028076,31.189024450057186,0.5555177420197319,1.5807846953774598,31.189024450057186,1.5807846953774598,19.455260759625077,1.8666934918492002,0,2278ba5a122e9da209384e0fbf9cf26b2586ecf92dff0c76c6ef295b48d775b1,contract_manifest,SUCCESS
CONST_DQ,A_reference_sequence_terminal_proxy,NONE,equivalent_exposure_progress_v1,torch_terminal_v1,4,17,25,29df981316e2ec1429a8852627cec65def69b5a421a66109aec528bf167f657a,formal,0.1714805662631988,31.189024450057186,0.2533661148781425,1.5807846953774598,31.189024450057186,1.5807846953774598,19.455260759625077,1.8666934918492002,0,2278ba5a122e9da209384e0fbf9cf26b2586ecf92dff0c76c6ef295b48d775b1,contract_manifest,SUCCESS
CONST_DQ,A_reference_sequence_terminal_proxy,NONE,equivalent_exposure_progress_v1,torch_terminal_v1,4,17,27,603622c1fc454d943e7bccc8cb062a41eee8581cbcad34ffeb7de56c13a625ca,formal,9.989048480987549,31.189024450057186,0.3220711678987629,1.5807846953774598,31.189024450057186,1.5807846953774598,19.455260759625077,1.8666934918492002,0,2278ba5a122e9da209384e0fbf9cf26b2586ecf92dff0c76c6ef295b48d775b1,contract_manifest,SUCCESS
CONST_DQ,A_reference_sequence_terminal_proxy,NONE,equivalent_exposure_progress_v1,torch_terminal_v1,4,17,28,432bf64dffb15dc46bcf356604f79c43e0238dae3dca2dd01efd91c4d1703112,formal,39.56353569030762,31.189024450057186,0.5183954505297508,1.5807846953774598,31.189024450057186,1.5807846953774598,19.455260759625077,1.8666934918492002,0,2278ba5a122e9da209384e0fbf9cf26b2586ecf92dff0c76c6ef295b48d775b1,contract_manifest,SUCCESS
CONST_DQ,A_reference_sequence_terminal_proxy,NONE,equivalent_exposure_progress_v1,torch_terminal_v1,4,17,29,a97bac9b2c736cc33758f16f5332b4e974ef6ef447181c619ab9ff02d88ffb89,formal,17.576498985290527,31.189024450057186,0.33431207825041354,1.5807846953774598,31.189024450057186,1.5807846953774598,19.455260759625077,1.8666934918492002,0,2278ba5a122e9da209384e0fbf9cf26b2586ecf92dff0c76c6ef295b48d775b1,contract_manifest,SUCCESS
CONST_DQ,A_reference_sequence_terminal_proxy,NONE,equivalent_exposure_progress_v1,torch_terminal_v1,4,17,32,052788fd2e1aceae61efd5c34e8e3d76de906357c39fe9b8ec5b8912aaae073e,formal,57.54034423828125,31.189024450057186,0.8658280294020552,1.5807846953774598,31.189024450057186,1.5807846953774598,19.455260759625077,1.8666934918492002,0,2278ba5a122e9da209384e0fbf9cf26b2586ecf92dff0c76c6ef295b48d775b1,contract_manifest,SUCCESS
CONST_DQ,A_reference_sequence_terminal_proxy,NONE,equivalent_exposure_progress_v1,torch_terminal_v1,4,17,38,d73fc8da155734c1b9df67d55a45a97780a6633b3b0e61b3d61b3e01c3d4d5b8,formal,5.322521686553955,31.189024450057186,1.0995530386459058,1.5807846953774598,31.189024450057186,1.5807846953774598,19.455260759625077,1.8666934918492002,0,2278ba5a122e9da209384e0fbf9cf26b2586ecf92dff0c76c6ef295b48d775b1,contract_manifest,SUCCESS
CONST_DQ,A_reference_sequence_terminal_proxy,NONE,equivalent_exposure_progress_v1,torch_terminal_v1,4,17,43,97cdbd709d1cdc651b15abf2347ee874b5a0f4bdddafd2fce6eeacaf576ceda5,formal,52.191043853759766,31.189024450057186,4.446025450022809,1.5807846953774598,31.189024450057186,1.5807846953774598,19.455260759625077,1.8666934918492002,0,2278ba5a122e9da209384e0fbf9cf26b2586ecf92dff0c76c6ef295b48d775b1,contract_manifest,SUCCESS
CONST_DQ,A_reference_sequence_terminal_proxy,NONE,equivalent_exposure_progress_v1,torch_terminal_v1,4,17,46,5404563b0b3f1459042a691c0755a27284de48f249020910321075b3ec11a323,formal,45.29147720336914,31.189024450057186,1.5113702797081814,1.5807846953774598,31.189024450057186,1.5807846953774598,19.455260759625077,1.8666934918492002,0,2278ba5a122e9da209384e0fbf9cf26b2586ecf92dff0c76c6ef295b48d775b1,contract_manifest,SUCCESS
CONST_DQ,A_reference_sequence_terminal_proxy,NONE,equivalent_exposure_progress_v1,torch_terminal_v1,4,17,55,caaca8bc777b6ee58409439c8c6c16c8b57e06f0571d0cfbd27dd349b8037d92,formal,41.64340782165527,31.189024450057186,0.44915598874541796,1.5807846953774598,31.189024450057186,1.5807846953774598,19.455260759625077,1.8666934918492002,0,2278ba5a122e9da209384e0fbf9cf26b2586ecf92dff0c76c6ef295b48d775b1,contract_manifest,SUCCESS
CONST_DQ,A_reference_sequence_terminal_proxy,NONE,equivalent_exposure_progress_v1,torch_terminal_v1,4,17,64,1788e40307f5b3a04b01269a5946fbb7443b6b8ec66160a1e6f43ac31024d5c7,formal,34.532243728637695,31.189024450057186,1.1187631155488567,1.5807846953774598,31.189024450057186,1.5807846953774598,19.455260759625077,1.8666934918492002,0,2278ba5a122e9da209384e0fbf9cf26b2586ecf92dff0c76c6ef295b48d775b1,contract_manifest,SUCCESS
CONST_DQ,A_reference_sequence_terminal_proxy,NONE,equivalent_exposure_progress_v1,torch_terminal_v1,4,17,73,fe344a4792e96ac764ec826efbb548a6a8357b0288fd33a728e4054b5c41aab5,formal,16.860888481140137,31.189024450057186,0.6750449213994406,1.5807846953774598,31.189024450057186,1.5807846953774598,19.455260759625077,1.8666934918492002,0,2278ba5a122e9da209384e0fbf9cf26b2586ecf92dff0c76c6ef295b48d775b1,contract_manifest,SUCCESS
CONST_DQ,A_reference_sequence_terminal_proxy,NONE,equivalent_exposure_progress_v1,torch_terminal_v1,4,17,87,66ae8b02307cff09999534ecb75463518405acef13e4056ed3fc37c36364e98f,formal,17.658838272094727,31.189024450057186,1.2209187347067616,1.5807846953774598,31.189024450057186,1.5807846953774598,19.455260759625077,1.8666934918492002,0,2278ba5a122e9da209384e0fbf9cf26b2586ecf92dff0c76c6ef295b48d775b1,contract_manifest,SUCCESS
CONST_DQ,A_reference_sequence_terminal_proxy,NONE,equivalent_exposure_progress_v1,torch_terminal_v1,4,17,88,66ae8b02307cff09999534ecb75463518405acef13e4056ed3fc37c36364e98f,formal,38.27968978881836,31.189024450057186,0.5092477284281047,1.5807846953774598,31.189024450057186,1.5807846953774598,19.455260759625077,1.8666934918492002,0,2278ba5a122e9da209384e0fbf9cf26b2586ecf92dff0c76c6ef295b48d775b1,contract_manifest,SUCCESS
CONST_DQ,A_reference_sequence_terminal_proxy,NONE,equivalent_exposure_progress_v1,torch_terminal_v1,4,17,98,b9f60f59661dba993be84bc849630ffee8e2a88560a1cd716ac669b13e591b7e,formal,1.2563902139663696,31.189024450057186,0.48962209205214274,1.5807846953774598,31.189024450057186,1.5807846953774598,19.455260759625077,1.8666934918492002,0,2278ba5a122e9da209384e0fbf9cf26b2586ecf92dff0c76c6ef295b48d775b1,contract_manifest,SUCCESS
CONST_DQ,A_reference_sequence_terminal_proxy,NONE,equivalent_exposure_progress_v1,torch_terminal_v1,4,17,101,e91c4479eae93c9537ea8923dfdaf6b8d856c8e8a1dcfa0b2b7d93b4bf9a90c1,formal,1.019090175628662,31.189024450057186,0.5339349751914885,1.5807846953774598,31.189024450057186,1.5807846953774598,19.455260759625077,1.8666934918492002,0,2278ba5a122e9da209384e0fbf9cf26b2586ecf92dff0c76c6ef295b48d775b1,contract_manifest,SUCCESS
CONST_DQ,A_reference_sequence_terminal_proxy,NONE,equivalent_exposure_progress_v1,torch_terminal_v1,4,17,110,353bcd44fc9f76ccbc5c85479375a56ea38dada086dc770d3c43e2c4991c51e9,formal,37.64780616760254,31.189024450057186,1.5417473664901922,1.5807846953774598,31.189024450057186,1.5807846953774598,19.455260759625077,1.8666934918492002,0,2278ba5a122e9da209384e0fbf9cf26b2586ecf92dff0c76c6ef295b48d775b1,contract_manifest,SUCCESS
CONST_DQ,A_reference_sequence_terminal_proxy,NONE,equivalent_exposure_progress_v1,torch_terminal_v1,4,17,117,240824940fd52f191a9391bfd66b29fc0db7d014f14e40d0e0880995fdb25aaf,formal,6.473586320877075,31.189024450057186,2.3071123614380715,1.5807846953774598,31.189024450057186,1.5807846953774598,19.455260759625077,1.8666934918492002,0,2278ba5a122e9da209384e0fbf9cf26b2586ecf92dff0c76c6ef295b48d775b1,contract_manifest,SUCCESS
CONST_DQ,A_reference_sequence_terminal_proxy,NONE,equivalent_exposure_progress_v1,torch_terminal_v1,4,17,184,f877daa12838b05c4c46e233ddaf7aae23bd076119a0a051eda3bbcccc879b35,pass_main,3.38776433467865,31.189024450057186,0.5020345492988255,1.5807846953774598,31.189024450057186,1.5807846953774598,19.455260759625077,1.8666934918492002,0,2278ba5a122e9da209384e0fbf9cf26b2586ecf92dff0c76c6ef295b48d775b1,contract_manifest,SUCCESS
CONST_DQ,A_reference_sequence_terminal_proxy,NONE,equivalent_exposure_progress_v1,torch_terminal_v1,4,17,185,f877daa12838b05c4c46e233ddaf7aae23bd076119a0a051eda3bbcccc879b35,pass_main,5.121310472488403,31.189024450057186,0.4179857851174886,1.5807846953774598,31.189024450057186,1.5807846953774598,19.455260759625077,1.8666934918492002,0,2278ba5a122e9da209384e0fbf9cf26b2586ecf92dff0c76c6ef295b48d775b1,contract_manifest,SUCCESS
CONST_DQ,A_reference_sequence_terminal_proxy,NONE,equivalent_exposure_progress_v1,torch_terminal_v1,4,17,186,f877daa12838b05c4c46e233ddaf7aae23bd076119a0a051eda3bbcccc879b35,pass_main,0.2428667023777961,31.189024450057186,0.2257023864787131,1.5807846953774598,31.189024450057186,1.5807846953774598,19.455260759625077,1.8666934918492002,0,2278ba5a122e9da209384e0fbf9cf26b2586ecf92dff0c76c6ef295b48d775b1,contract_manifest,SUCCESS
CONST_DQ,A_reference_sequence_terminal_proxy,NONE,equivalent_exposure_progress_v1,torch_terminal_v1,4,17,187,f877daa12838b05c4c46e233ddaf7aae23bd076119a0a051eda3bbcccc879b35,pass_main,2.007620692253113,31.189024450057186,0.3681723626755823,1.5807846953774598,31.189024450057186,1.5807846953774598,19.455260759625077,1.8666934918492002,0,2278ba5a122e9da209384e0fbf9cf26b2586ecf92dff0c76c6ef295b48d775b1,contract_manifest,SUCCESS
CONST_DQ,A_reference_sequence_terminal_proxy,NONE,equivalent_exposure_progress_v1,torch_terminal_v1,4,17,188,52f32506f2cf5af65c3f6e92444a7466c3f60cd39101a8d7adee76b6c22a3fcc,pass_main,13.60419750213623,31.189024450057186,0.5498196163824405,1.5807846953774598,31.189024450057186,1.5807846953774598,19.455260759625077,1.8666934918492002,0,2278ba5a122e9da209384e0fbf9cf26b2586ecf92dff0c76c6ef295b48d775b1,contract_manifest,SUCCESS
CONST_DQ,A_reference_sequence_terminal_proxy,NONE,equivalent_exposure_progress_v1,torch_terminal_v1,4,17,189,52f32506f2cf5af65c3f6e92444a7466c3f60cd39101a8d7adee76b6c22a3fcc,pass_main,2.942147970199585,31.189024450057186,0.2081651139823478,1.5807846953774598,31.189024450057186,1.5807846953774598,19.455260759625077,1.8666934918492002,0,2278ba5a122e9da209384e0fbf9cf26b2586ecf92dff0c76c6ef295b48d775b1,contract_manifest,SUCCESS
CONST_DQ,A_reference_sequence_terminal_proxy,NONE,equivalent_exposure_progress_v1,torch_terminal_v1,4,17,190,52f32506f2cf5af65c3f6e92444a7466c3f60cd39101a8d7adee76b6c22a3fcc,pass_main,7.020557880401611,31.189024450057186,0.3485922186862819,1.5807846953774598,31.189024450057186,1.5807846953774598,19.455260759625077,1.8666934918492002,0,2278ba5a122e9da209384e0fbf9cf26b2586ecf92dff0c76c6ef295b48d775b1,contract_manifest,SUCCESS
CONST_DQ,A_reference_sequence_terminal_proxy,NONE,equivalent_exposure_progress_v1,torch_terminal_v1,4,17,191,52f32506f2cf5af65c3f6e92444a7466c3f60cd39101a8d7adee76b6c22a3fcc,pass_main,10.375359535217283,31.189024450057186,2.274850839357904,1.5807846953774598,31.189024450057186,1.5807846953774598,19.455260759625077,1.8666934918492002,0,2278ba5a122e9da209384e0fbf9cf26b2586ecf92dff0c76c6ef295b48d775b1,contract_manifest,SUCCESS
CONST_DQ,A_reference_sequence_terminal_proxy,NONE,equivalent_exposure_progress_v1,torch_terminal_v1,4,17,196,bbce1047d34536c22b50d8082ef4564abc920ac4f396e21bb1e28c6b463ae03b,pass_main,12.807421684265137,31.189024450057186,0.4469254467301296,1.5807846953774598,31.189024450057186,1.5807846953774598,19.455260759625077,1.8666934918492002,0,2278ba5a122e9da209384e0fbf9cf26b2586ecf92dff0c76c6ef295b48d775b1,contract_manifest,SUCCESS
CONST_DQ,A_reference_sequence_terminal_proxy,NONE,equivalent_exposure_progress_v1,torch_terminal_v1,4,17,197,bbce1047d34536c22b50d8082ef4564abc920ac4f396e21bb1e28c6b463ae03b,pass_main,2.9207271337509155,31.189024450057186,0.2855375873620676,1.5807846953774598,31.189024450057186,1.5807846953774598,19.455260759625077,1.8666934918492002,0,2278ba5a122e9da209384e0fbf9cf26b2586ecf92dff0c76c6ef295b48d775b1,contract_manifest,SUCCESS
CONST_DQ,A_reference_sequence_terminal_proxy,NONE,equivalent_exposure_progress_v1,torch_terminal_v1,4,17,198,bbce1047d34536c22b50d8082ef4564abc920ac4f396e21bb1e28c6b463ae03b,pass_main,9.415826797485352,31.189024450057186,0.38963434577370587,1.5807846953774598,31.189024450057186,1.5807846953774598,19.455260759625077,1.8666934918492002,0,2278ba5a122e9da209384e0fbf9cf26b2586ecf92dff0c76c6ef295b48d775b1,contract_manifest,SUCCESS
CONST_DQ,A_reference_sequence_terminal_proxy,NONE,equivalent_exposure_progress_v1,torch_terminal_v1,4,17,199,bbce1047d34536c22b50d8082ef4564abc920ac4f396e21bb1e28c6b463ae03b,pass_main,6.082921266555786,31.189024450057186,0.2623798745020674,1.5807846953774598,31.189024450057186,1.5807846953774598,19.455260759625077,1.8666934918492002,0,2278ba5a122e9da209384e0fbf9cf26b2586ecf92dff0c76c6ef295b48d775b1,contract_manifest,SUCCESS
TREE_U_DQ,A_reference_sequence_terminal_proxy,NONE,equivalent_exposure_progress_v1,torch_terminal_v1,4,17,0,4db5fedaca3a9977a840ef0a14e0a347ebf06f58add282691f9764d395c85c56,formal,13.506645679473875,20.916342732709573,0.5568467653162318,0.3701676155066343,31.189024450057186,1.5807846953774598,19.455260759625077,1.8666934918492002,0,c9846d2bf64c7945247beb13f55c504987203898a35a9f8c37c5cb11d2f7e536,contract_manifest,SUCCESS
TREE_U_DQ,A_reference_sequence_terminal_proxy,NONE,equivalent_exposure_progress_v1,torch_terminal_v1,4,17,6,59ab2c8a76e6cea570ab2bdbab7ec1c6b4a24bf5487ed181e33d3819c2dcf2f6,formal,6.117770195007324,7.118541664717224,0.8609633006685008,0.5676724270093204,31.189024450057186,1.5807846953774598,19.455260759625077,1.8666934918492002,0,c9846d2bf64c7945247beb13f55c504987203898a35a9f8c37c5cb11d2f7e536,contract_manifest,SUCCESS
TREE_U_DQ,A_reference_sequence_terminal_proxy,NONE,equivalent_exposure_progress_v1,torch_terminal_v1,4,17,9,7374ab8bcdc516fd8ff63f4e609f73f9064a59eb0114fa48fdd2554679d9a876,formal,3.669000267982483,11.632602107602066,0.8386195127838436,1.3996788413107266,31.189024450057186,1.5807846953774598,19.455260759625077,1.8666934918492002,0,c9846d2bf64c7945247beb13f55c504987203898a35a9f8c37c5cb11d2f7e536,contract_manifest,SUCCESS
TREE_U_DQ,A_reference_sequence_terminal_proxy,NONE,equivalent_exposure_progress_v1,torch_terminal_v1,4,17,15,8320198d6b750dba772a0e6acbad0f0e283bed44595fb3a4adb50c6d6af03770,formal,46.04010391235352,43.79140402814316,0.6025106451997915,1.5610313744568383,31.189024450057186,1.5807846953774598,19.455260759625077,1.8666934918492002,0,c9846d2bf64c7945247beb13f55c504987203898a35a9f8c37c5cb11d2f7e536,contract_manifest,SUCCESS
TREE_U_DQ,A_reference_sequence_terminal_proxy,NONE,equivalent_exposure_progress_v1,torch_terminal_v1,4,17,18,02495b203f4e92e4d84d061078678dfd5ea9465249cd1858a9b84e7b7ffaaf24,formal,6.017935276031494,11.32297030599195,0.7173909583204263,2.3847131328628315,31.189024450057186,1.5807846953774598,19.455260759625077,1.8666934918492002,0,c9846d2bf64c7945247beb13f55c504987203898a35a9f8c37c5cb11d2f7e536,contract_manifest,SUCCESS
TREE_U_DQ,A_reference_sequence_terminal_proxy,NONE,equivalent_exposure_progress_v1,torch_terminal_v1,4,17,22,8fd7101200e3b1cb67e396805be6ff4533f7aa6bb922fa7af059fad2c392f70e,formal,63.91909408569336,52.11299786011374,6.436429863363623,1.9690572435407774,31.189024450057186,1.5807846953774598,19.455260759625077,1.8666934918492002,0,c9846d2bf64c7945247beb13f55c504987203898a35a9f8c37c5cb11d2f7e536,contract_manifest,SUCCESS
TREE_U_DQ,A_reference_sequence_terminal_proxy,NONE,equivalent_exposure_progress_v1,torch_terminal_v1,4,17,24,f60df8a644040bd0be92f658adf4a27a588d9061d14c5f9eac373efd44410172,formal,16.00606060028076,17.959430975343523,0.5555177420197319,0.3343545480222156,31.189024450057186,1.5807846953774598,19.455260759625077,1.8666934918492002,0,c9846d2bf64c7945247beb13f55c504987203898a35a9f8c37c5cb11d2f7e536,contract_manifest,SUCCESS
TREE_U_DQ,A_reference_sequence_terminal_proxy,NONE,equivalent_exposure_progress_v1,torch_terminal_v1,4,17,25,29df981316e2ec1429a8852627cec65def69b5a421a66109aec528bf167f657a,formal,0.1714805662631988,1.9611496189233477,0.2533661148781425,0.5733214976171106,31.189024450057186,1.5807846953774598,19.455260759625077,1.8666934918492002,0,c9846d2bf64c7945247beb13f55c504987203898a35a9f8c37c5cb11d2f7e536,contract_manifest,SUCCESS
TREE_U_DQ,A_reference_sequence_terminal_proxy,NONE,equivalent_exposure_progress_v1,torch_terminal_v1,4,17,27,603622c1fc454d943e7bccc8cb062a41eee8581cbcad34ffeb7de56c13a625ca,formal,9.989048480987549,9.819015229494775,0.3220711678987629,1.5784511322520918,31.189024450057186,1.5807846953774598,19.455260759625077,1.8666934918492002,0,c9846d2bf64c7945247beb13f55c504987203898a35a9f8c37c5cb11d2f7e536,contract_manifest,SUCCESS
TREE_U_DQ,A_reference_sequence_terminal_proxy,NONE,equivalent_exposure_progress_v1,torch_terminal_v1,4,17,28,432bf64dffb15dc46bcf356604f79c43e0238dae3dca2dd01efd91c4d1703112,formal,39.56353569030762,37.67047231043478,0.5183954505297508,1.090320365061282,31.189024450057186,1.5807846953774598,19.455260759625077,1.8666934918492002,0,c9846d2bf64c7945247beb13f55c504987203898a35a9f8c37c5cb11d2f7e536,contract_manifest,SUCCESS
TREE_U_DQ,A_reference_sequence_terminal_proxy,NONE,equivalent_exposure_progress_v1,torch_terminal_v1,4,17,29,a97bac9b2c736cc33758f16f5332b4e974ef6ef447181c619ab9ff02d88ffb89,formal,17.576498985290527,18.38091354718676,0.33431207825041354,0.9658678433291101,31.189024450057186,1.5807846953774598,19.455260759625077,1.8666934918492002,0,c9846d2bf64c7945247beb13f55c504987203898a35a9f8c37c5cb11d2f7e536,contract_manifest,SUCCESS
TREE_U_DQ,A_reference_sequence_terminal_proxy,NONE,equivalent_exposure_progress_v1,torch_terminal_v1,4,17,32,052788fd2e1aceae61efd5c34e8e3d76de906357c39fe9b8ec5b8912aaae073e,formal,57.54034423828125,51.78769466710467,0.8658280294020552,2.727891819520206,31.189024450057186,1.5807846953774598,19.455260759625077,1.8666934918492002,0,c9846d2bf64c7945247beb13f55c504987203898a35a9f8c37c5cb11d2f7e536,contract_manifest,SUCCESS
TREE_U_DQ,A_reference_sequence_terminal_proxy,NONE,equivalent_exposure_progress_v1,torch_terminal_v1,4,17,38,d73fc8da155734c1b9df67d55a45a97780a6633b3b0e61b3d61b3e01c3d4d5b8,formal,5.322521686553955,12.483885689911574,1.0995530386459058,2.244343542039741,31.189024450057186,1.5807846953774598,19.455260759625077,1.8666934918492002,0,c9846d2bf64c7945247beb13f55c504987203898a35a9f8c37c5cb11d2f7e536,contract_manifest,SUCCESS
TREE_U_DQ,A_reference_sequence_terminal_proxy,NONE,equivalent_exposure_progress_v1,torch_terminal_v1,4,17,43,97cdbd709d1cdc651b15abf2347ee874b5a0f4bdddafd2fce6eeacaf576ceda5,formal,52.191043853759766,52.37053765420562,4.446025450022809,2.701586251428962,31.189024450057186,1.5807846953774598,19.455260759625077,1.8666934918492002,0,c9846d2bf64c7945247beb13f55c504987203898a35a9f8c37c5cb11d2f7e536,contract_manifest,SUCCESS
TREE_U_DQ,A_reference_sequence_terminal_proxy,NONE,equivalent_exposure_progress_v1,torch_terminal_v1,4,17,46,5404563b0b3f1459042a691c0755a27284de48f249020910321075b3ec11a323,formal,45.29147720336914,44.13367451382687,1.5113702797081814,1.7596921348996986,31.189024450057186,1.5807846953774598,19.455260759625077,1.8666934918492002,0,c9846d2bf64c7945247beb13f55c504987203898a35a9f8c37c5cb11d2f7e536,contract_manifest,SUCCESS
TREE_U_DQ,A_reference_sequence_terminal_proxy,NONE,equivalent_exposure_progress_v1,torch_terminal_v1,4,17,55,caaca8bc777b6ee58409439c8c6c16c8b57e06f0571d0cfbd27dd349b8037d92,formal,41.64340782165527,41.84141747252145,0.44915598874541796,1.5906223591469708,31.189024450057186,1.5807846953774598,19.455260759625077,1.8666934918492002,0,c9846d2bf64c7945247beb13f55c504987203898a35a9f8c37c5cb11d2f7e536,contract_manifest,SUCCESS
TREE_U_DQ,A_reference_sequence_terminal_proxy,NONE,equivalent_exposure_progress_v1,torch_terminal_v1,4,17,64,1788e40307f5b3a04b01269a5946fbb7443b6b8ec66160a1e6f43ac31024d5c7,formal,34.532243728637695,32.468595923522166,1.1187631155488567,1.7994597713436666,31.189024450057186,1.5807846953774598,19.455260759625077,1.8666934918492002,0,c9846d2bf64c7945247beb13f55c504987203898a35a9f8c37c5cb11d2f7e536,contract_manifest,SUCCESS
TREE_U_DQ,A_reference_sequence_terminal_proxy,NONE,equivalent_exposure_progress_v1,torch_terminal_v1,4,17,73,fe344a4792e96ac764ec826efbb548a6a8357b0288fd33a728e4054b5c41aab5,formal,16.860888481140137,21.140644234871125,0.6750449213994406,0.37576329179415896,31.189024450057186,1.5807846953774598,19.455260759625077,1.8666934918492002,0,c9846d2bf64c7945247beb13f55c504987203898a35a9f8c37c5cb11d2f7e536,contract_manifest,SUCCESS
TREE_U_DQ,A_reference_sequence_terminal_proxy,NONE,equivalent_exposure_progress_v1,torch_terminal_v1,4,17,87,66ae8b02307cff09999534ecb75463518405acef13e4056ed3fc37c36364e98f,formal,17.658838272094727,11.760725472249423,1.2209187347067616,2.212702136116911,31.189024450057186,1.5807846953774598,19.455260759625077,1.8666934918492002,0,c9846d2bf64c7945247beb13f55c504987203898a35a9f8c37c5cb11d2f7e536,contract_manifest,SUCCESS
TREE_U_DQ,A_reference_sequence_terminal_proxy,NONE,equivalent_exposure_progress_v1,torch_terminal_v1,4,17,88,66ae8b02307cff09999534ecb75463518405acef13e4056ed3fc37c36364e98f,formal,38.27968978881836,43.45477300447127,0.5092477284281047,1.4191785820132257,31.189024450057186,1.5807846953774598,19.455260759625077,1.8666934918492002,0,c9846d2bf64c7945247beb13f55c504987203898a35a9f8c37c5cb11d2f7e536,contract_manifest,SUCCESS
TREE_U_DQ,A_reference_sequence_terminal_proxy,NONE,equivalent_exposure_progress_v1,torch_terminal_v1,4,17,98,b9f60f59661dba993be84bc849630ffee8e2a88560a1cd716ac669b13e591b7e,formal,1.2563902139663696,3.0865246026302318,0.48962209205214274,0.36035250528110374,31.189024450057186,1.5807846953774598,19.455260759625077,1.8666934918492002,0,c9846d2bf64c7945247beb13f55c504987203898a35a9f8c37c5cb11d2f7e536,contract_manifest,SUCCESS
TREE_U_DQ,A_reference_sequence_terminal_proxy,NONE,equivalent_exposure_progress_v1,torch_terminal_v1,4,17,101,e91c4479eae93c9537ea8923dfdaf6b8d856c8e8a1dcfa0b2b7d93b4bf9a90c1,formal,1.019090175628662,3.2529482654685578,0.5339349751914885,0.5079664719200723,31.189024450057186,1.5807846953774598,19.455260759625077,1.8666934918492002,0,c9846d2bf64c7945247beb13f55c504987203898a35a9f8c37c5cb11d2f7e536,contract_manifest,SUCCESS
TREE_U_DQ,A_reference_sequence_terminal_proxy,NONE,equivalent_exposure_progress_v1,torch_terminal_v1,4,17,110,353bcd44fc9f76ccbc5c85479375a56ea38dada086dc770d3c43e2c4991c51e9,formal,37.64780616760254,46.97669905275765,1.5417473664901922,2.075583117258104,31.189024450057186,1.5807846953774598,19.455260759625077,1.8666934918492002,0,c9846d2bf64c7945247beb13f55c504987203898a35a9f8c37c5cb11d2f7e536,contract_manifest,SUCCESS
TREE_U_DQ,A_reference_sequence_terminal_proxy,NONE,equivalent_exposure_progress_v1,torch_terminal_v1,4,17,117,240824940fd52f191a9391bfd66b29fc0db7d014f14e40d0e0880995fdb25aaf,formal,6.473586320877075,19.427248657449592,2.3071123614380715,3.5537848920524184,31.189024450057186,1.5807846953774598,19.455260759625077,1.8666934918492002,0,c9846d2bf64c7945247beb13f55c504987203898a35a9f8c37c5cb11d2f7e536,contract_manifest,SUCCESS
TREE_U_DQ,A_reference_sequence_terminal_proxy,NONE,equivalent_exposure_progress_v1,torch_terminal_v1,4,17,184,f877daa12838b05c4c46e233ddaf7aae23bd076119a0a051eda3bbcccc879b35,pass_main,3.38776433467865,9.797519171553244,0.5020345492988255,0.3734143846010288,31.189024450057186,1.5807846953774598,19.455260759625077,1.8666934918492002,0,c9846d2bf64c7945247beb13f55c504987203898a35a9f8c37c5cb11d2f7e536,contract_manifest,SUCCESS
TREE_U_DQ,A_reference_sequence_terminal_proxy,NONE,equivalent_exposure_progress_v1,torch_terminal_v1,4,17,185,f877daa12838b05c4c46e233ddaf7aae23bd076119a0a051eda3bbcccc879b35,pass_main,5.121310472488403,10.86213569423959,0.4179857851174886,0.38349864089135577,31.189024450057186,1.5807846953774598,19.455260759625077,1.8666934918492002,0,c9846d2bf64c7945247beb13f55c504987203898a35a9f8c37c5cb11d2f7e536,contract_manifest,SUCCESS
TREE_U_DQ,A_reference_sequence_terminal_proxy,NONE,equivalent_exposure_progress_v1,torch_terminal_v1,4,17,186,f877daa12838b05c4c46e233ddaf7aae23bd076119a0a051eda3bbcccc879b35,pass_main,0.2428667023777961,5.4632919382247636,0.2257023864787131,0.5999354181010502,31.189024450057186,1.5807846953774598,19.455260759625077,1.8666934918492002,0,c9846d2bf64c7945247beb13f55c504987203898a35a9f8c37c5cb11d2f7e536,contract_manifest,SUCCESS
TREE_U_DQ,A_reference_sequence_terminal_proxy,NONE,equivalent_exposure_progress_v1,torch_terminal_v1,4,17,187,f877daa12838b05c4c46e233ddaf7aae23bd076119a0a051eda3bbcccc879b35,pass_main,2.007620692253113,8.977480163471519,0.3681723626755823,0.40936904671694,31.189024450057186,1.5807846953774598,19.455260759625077,1.8666934918492002,0,c9846d2bf64c7945247beb13f55c504987203898a35a9f8c37c5cb11d2f7e536,contract_manifest,SUCCESS
TREE_U_DQ,A_reference_sequence_terminal_proxy,NONE,equivalent_exposure_progress_v1,torch_terminal_v1,4,17,188,52f32506f2cf5af65c3f6e92444a7466c3f60cd39101a8d7adee76b6c22a3fcc,pass_main,13.60419750213623,20.701887055749953,0.5498196163824405,0.3653027986236488,31.189024450057186,1.5807846953774598,19.455260759625077,1.8666934918492002,0,c9846d2bf64c7945247beb13f55c504987203898a35a9f8c37c5cb11d2f7e536,contract_manifest,SUCCESS
TREE_U_DQ,A_reference_sequence_terminal_proxy,NONE,equivalent_exposure_progress_v1,torch_terminal_v1,4,17,189,52f32506f2cf5af65c3f6e92444a7466c3f60cd39101a8d7adee76b6c22a3fcc,pass_main,2.942147970199585,13.646187893251012,0.2081651139823478,1.0927241853242906,31.189024450057186,1.5807846953774598,19.455260759625077,1.8666934918492002,0,c9846d2bf64c7945247beb13f55c504987203898a35a9f8c37c5cb11d2f7e536,contract_manifest,SUCCESS
TREE_U_DQ,A_reference_sequence_terminal_proxy,NONE,equivalent_exposure_progress_v1,torch_terminal_v1,4,17,190,52f32506f2cf5af65c3f6e92444a7466c3f60cd39101a8d7adee76b6c22a3fcc,pass_main,7.020557880401611,16.506093808072436,0.3485922186862819,0.4145039912029506,31.189024450057186,1.5807846953774598,19.455260759625077,1.8666934918492002,0,c9846d2bf64c7945247beb13f55c504987203898a35a9f8c37c5cb11d2f7e536,contract_manifest,SUCCESS
TREE_U_DQ,A_reference_sequence_terminal_proxy,NONE,equivalent_exposure_progress_v1,torch_terminal_v1,4,17,191,52f32506f2cf5af65c3f6e92444a7466c3f60cd39101a8d7adee76b6c22a3fcc,pass_main,10.375359535217283,17.956226698893893,2.274850839357904,0.35916674893276784,31.189024450057186,1.5807846953774598,19.455260759625077,1.8666934918492002,0,c9846d2bf64c7945247beb13f55c504987203898a35a9f8c37c5cb11d2f7e536,contract_manifest,SUCCESS
TREE_U_DQ,A_reference_sequence_terminal_proxy,NONE,equivalent_exposure_progress_v1,torch_terminal_v1,4,17,196,bbce1047d34536c22b50d8082ef4564abc920ac4f396e21bb1e28c6b463ae03b,pass_main,12.807421684265137,11.176220125748527,0.4469254467301296,0.6003505520175232,31.189024450057186,1.5807846953774598,19.455260759625077,1.8666934918492002,0,c9846d2bf64c7945247beb13f55c504987203898a35a9f8c37c5cb11d2f7e536,contract_manifest,SUCCESS
TREE_U_DQ,A_reference_sequence_terminal_proxy,NONE,equivalent_exposure_progress_v1,torch_terminal_v1,4,17,197,bbce1047d34536c22b50d8082ef4564abc920ac4f396e21bb1e28c6b463ae03b,pass_main,2.9207271337509155,3.34927792702578,0.2855375873620676,0.7755400575942647,31.189024450057186,1.5807846953774598,19.455260759625077,1.8666934918492002,0,c9846d2bf64c7945247beb13f55c504987203898a35a9f8c37c5cb11d2f7e536,contract_manifest,SUCCESS
TREE_U_DQ,A_reference_sequence_terminal_proxy,NONE,equivalent_exposure_progress_v1,torch_terminal_v1,4,17,198,bbce1047d34536c22b50d8082ef4564abc920ac4f396e21bb1e28c6b463ae03b,pass_main,9.415826797485352,9.769622447384965,0.38963434577370587,0.5685976412937651,31.189024450057186,1.5807846953774598,19.455260759625077,1.8666934918492002,0,c9846d2bf64c7945247beb13f55c504987203898a35a9f8c37c5cb11d2f7e536,contract_manifest,SUCCESS
TREE_U_DQ,A_reference_sequence_terminal_proxy,NONE,equivalent_exposure_progress_v1,torch_terminal_v1,4,17,199,bbce1047d34536c22b50d8082ef4564abc920ac4f396e21bb1e28c6b463ae03b,pass_main,6.082921266555786,7.297688257151541,0.2623798745020674,0.5504516526133875,31.189024450057186,1.5807846953774598,19.455260759625077,1.8666934918492002,0,c9846d2bf64c7945247beb13f55c504987203898a35a9f8c37c5cb11d2f7e536,contract_manifest,SUCCESS
STATIC_PHY_K4_AUX,A_reference_sequence_terminal_proxy,RLOG_EQEXP_v1,equivalent_exposure_progress_v1,torch_terminal_v1,4,17,0,4db5fedaca3a9977a840ef0a14e0a347ebf06f58add282691f9764d395c85c56,formal,13.506645679473875,14.386041641235352,0.5568467653162318,1.4698288440704346,31.189024450057186,1.5807846953774598,19.455260759625077,1.8666934918492002,4,46b1ce6e05381f3d6e92eff089c17418a0f509531273dda0a12f567f2da65e65,contract_manifest,SUCCESS
STATIC_PHY_K4_AUX,A_reference_sequence_terminal_proxy,RLOG_EQEXP_v1,equivalent_exposure_progress_v1,torch_terminal_v1,4,17,6,59ab2c8a76e6cea570ab2bdbab7ec1c6b4a24bf5487ed181e33d3819c2dcf2f6,formal,6.117770195007324,3.6675362586975098,0.8609633006685008,1.3040189743041992,31.189024450057186,1.5807846953774598,19.455260759625077,1.8666934918492002,4,46b1ce6e05381f3d6e92eff089c17418a0f509531273dda0a12f567f2da65e65,contract_manifest,SUCCESS
STATIC_PHY_K4_AUX,A_reference_sequence_terminal_proxy,RLOG_EQEXP_v1,equivalent_exposure_progress_v1,torch_terminal_v1,4,17,9,7374ab8bcdc516fd8ff63f4e609f73f9064a59eb0114fa48fdd2554679d9a876,formal,3.669000267982483,16.120235443115234,0.8386195127838436,1.4698288440704346,31.189024450057186,1.5807846953774598,19.455260759625077,1.8666934918492002,4,46b1ce6e05381f3d6e92eff089c17418a0f509531273dda0a12f567f2da65e65,contract_manifest,SUCCESS
STATIC_PHY_K4_AUX,A_reference_sequence_terminal_proxy,RLOG_EQEXP_v1,equivalent_exposure_progress_v1,torch_terminal_v1,4,17,15,8320198d6b750dba772a0e6acbad0f0e283bed44595fb3a4adb50c6d6af03770,formal,46.04010391235352,18.90439224243164,0.6025106451997915,1.4698288440704346,31.189024450057186,1.5807846953774598,19.455260759625077,1.8666934918492002,4,46b1ce6e05381f3d6e92eff089c17418a0f509531273dda0a12f567f2da65e65,contract_manifest,SUCCESS
STATIC_PHY_K4_AUX,A_reference_sequence_terminal_proxy,RLOG_EQEXP_v1,equivalent_exposure_progress_v1,torch_terminal_v1,4,17,18,02495b203f4e92e4d84d061078678dfd5ea9465249cd1858a9b84e7b7ffaaf24,formal,6.017935276031494,16.76628875732422,0.7173909583204263,1.4698288440704346,31.189024450057186,1.5807846953774598,19.455260759625077,1.8666934918492002,4,46b1ce6e05381f3d6e92eff089c17418a0f509531273dda0a12f567f2da65e65,contract_manifest,SUCCESS
STATIC_PHY_K4_AUX,A_reference_sequence_terminal_proxy,RLOG_EQEXP_v1,equivalent_exposure_progress_v1,torch_terminal_v1,4,17,22,8fd7101200e3b1cb67e396805be6ff4533f7aa6bb922fa7af059fad2c392f70e,formal,63.91909408569336,55.54656982421875,6.436429863363623,1.4698288440704346,31.189024450057186,1.5807846953774598,19.455260759625077,1.8666934918492002,4,46b1ce6e05381f3d6e92eff089c17418a0f509531273dda0a12f567f2da65e65,contract_manifest,SUCCESS
STATIC_PHY_K4_AUX,A_reference_sequence_terminal_proxy,RLOG_EQEXP_v1,equivalent_exposure_progress_v1,torch_terminal_v1,4,17,24,f60df8a644040bd0be92f658adf4a27a588d9061d14c5f9eac373efd44410172,formal,16.00606060028076,14.877449989318848,0.5555177420197319,1.4698288440704346,31.189024450057186,1.5807846953774598,19.455260759625077,1.8666934918492002,4,46b1ce6e05381f3d6e92eff089c17418a0f509531273dda0a12f567f2da65e65,contract_manifest,SUCCESS
STATIC_PHY_K4_AUX,A_reference_sequence_terminal_proxy,RLOG_EQEXP_v1,equivalent_exposure_progress_v1,torch_terminal_v1,4,17,25,29df981316e2ec1429a8852627cec65def69b5a421a66109aec528bf167f657a,formal,0.1714805662631988,11.771751403808594,0.2533661148781425,1.4698288440704346,31.189024450057186,1.5807846953774598,19.455260759625077,1.8666934918492002,4,46b1ce6e05381f3d6e92eff089c17418a0f509531273dda0a12f567f2da65e65,contract_manifest,SUCCESS
STATIC_PHY_K4_AUX,A_reference_sequence_terminal_proxy,RLOG_EQEXP_v1,equivalent_exposure_progress_v1,torch_terminal_v1,4,17,27,603622c1fc454d943e7bccc8cb062a41eee8581cbcad34ffeb7de56c13a625ca,formal,9.989048480987549,13.1295166015625,0.3220711678987629,1.4698288440704346,31.189024450057186,1.5807846953774598,19.455260759625077,1.8666934918492002,4,46b1ce6e05381f3d6e92eff089c17418a0f509531273dda0a12f567f2da65e65,contract_manifest,SUCCESS
STATIC_PHY_K4_AUX,A_reference_sequence_terminal_proxy,RLOG_EQEXP_v1,equivalent_exposure_progress_v1,torch_terminal_v1,4,17,28,432bf64dffb15dc46bcf356604f79c43e0238dae3dca2dd01efd91c4d1703112,formal,39.56353569030762,19.324575424194336,0.5183954505297508,1.4698288440704346,31.189024450057186,1.5807846953774598,19.455260759625077,1.8666934918492002,4,46b1ce6e05381f3d6e92eff089c17418a0f509531273dda0a12f567f2da65e65,contract_manifest,SUCCESS
STATIC_PHY_K4_AUX,A_reference_sequence_terminal_proxy,RLOG_EQEXP_v1,equivalent_exposure_progress_v1,torch_terminal_v1,4,17,29,a97bac9b2c736cc33758f16f5332b4e974ef6ef447181c619ab9ff02d88ffb89,formal,17.576498985290527,14.197629928588867,0.33431207825041354,1.4698288440704346,31.189024450057186,1.5807846953774598,19.455260759625077,1.8666934918492002,4,46b1ce6e05381f3d6e92eff089c17418a0f509531273dda0a12f567f2da65e65,contract_manifest,SUCCESS
STATIC_PHY_K4_AUX,A_reference_sequence_terminal_proxy,RLOG_EQEXP_v1,equivalent_exposure_progress_v1,torch_terminal_v1,4,17,32,052788fd2e1aceae61efd5c34e8e3d76de906357c39fe9b8ec5b8912aaae073e,formal,57.54034423828125,18.005800247192383,0.8658280294020552,1.6826698780059814,31.189024450057186,1.5807846953774598,19.455260759625077,1.8666934918492002,4,46b1ce6e05381f3d6e92eff089c17418a0f509531273dda0a12f567f2da65e65,contract_manifest,SUCCESS
STATIC_PHY_K4_AUX,A_reference_sequence_terminal_proxy,RLOG_EQEXP_v1,equivalent_exposure_progress_v1,torch_terminal_v1,4,17,38,d73fc8da155734c1b9df67d55a45a97780a6633b3b0e61b3d61b3e01c3d4d5b8,formal,5.322521686553955,24.179367065429688,1.0995530386459058,1.4698288440704346,31.189024450057186,1.5807846953774598,19.455260759625077,1.8666934918492002,4,46b1ce6e05381f3d6e92eff089c17418a0f509531273dda0a12f567f2da65e65,contract_manifest,SUCCESS
STATIC_PHY_K4_AUX,A_reference_sequence_terminal_proxy,RLOG_EQEXP_v1,equivalent_exposure_progress_v1,torch_terminal_v1,4,17,43,97cdbd709d1cdc651b15abf2347ee874b5a0f4bdddafd2fce6eeacaf576ceda5,formal,52.191043853759766,37.981605529785156,4.446025450022809,1.4698288440704346,31.189024450057186,1.5807846953774598,19.455260759625077,1.8666934918492002,4,46b1ce6e05381f3d6e92eff089c17418a0f509531273dda0a12f567f2da65e65,contract_manifest,SUCCESS
STATIC_PHY_K4_AUX,A_reference_sequence_terminal_proxy,RLOG_EQEXP_v1,equivalent_exposure_progress_v1,torch_terminal_v1,4,17,46,5404563b0b3f1459042a691c0755a27284de48f249020910321075b3ec11a323,formal,45.29147720336914,20.416641235351562,1.5113702797081814,1.4698288440704346,31.189024450057186,1.5807846953774598,19.455260759625077,1.8666934918492002,4,46b1ce6e05381f3d6e92eff089c17418a0f509531273dda0a12f567f2da65e65,contract_manifest,SUCCESS
STATIC_PHY_K4_AUX,A_reference_sequence_terminal_proxy,RLOG_EQEXP_v1,equivalent_exposure_progress_v1,torch_terminal_v1,4,17,55,caaca8bc777b6ee58409439c8c6c16c8b57e06f0571d0cfbd27dd349b8037d92,formal,41.64340782165527,27.628673553466797,0.44915598874541796,1.4698288440704346,31.189024450057186,1.5807846953774598,19.455260759625077,1.8666934918492002,4,46b1ce6e05381f3d6e92eff089c17418a0f509531273dda0a12f567f2da65e65,contract_manifest,SUCCESS
STATIC_PHY_K4_AUX,A_reference_sequence_terminal_proxy,RLOG_EQEXP_v1,equivalent_exposure_progress_v1,torch_terminal_v1,4,17,64,1788e40307f5b3a04b01269a5946fbb7443b6b8ec66160a1e6f43ac31024d5c7,formal,34.532243728637695,16.76628875732422,1.1187631155488567,1.4698288440704346,31.189024450057186,1.5807846953774598,19.455260759625077,1.8666934918492002,4,46b1ce6e05381f3d6e92eff089c17418a0f509531273dda0a12f567f2da65e65,contract_manifest,SUCCESS
STATIC_PHY_K4_AUX,A_reference_sequence_terminal_proxy,RLOG_EQEXP_v1,equivalent_exposure_progress_v1,torch_terminal_v1,4,17,73,fe344a4792e96ac764ec826efbb548a6a8357b0288fd33a728e4054b5c41aab5,formal,16.860888481140137,6.623694896697998,0.6750449213994406,1.3776572942733765,31.189024450057186,1.5807846953774598,19.455260759625077,1.8666934918492002,4,46b1ce6e05381f3d6e92eff089c17418a0f509531273dda0a12f567f2da65e65,contract_manifest,SUCCESS
STATIC_PHY_K4_AUX,A_reference_sequence_terminal_proxy,RLOG_EQEXP_v1,equivalent_exposure_progress_v1,torch_terminal_v1,4,17,87,66ae8b02307cff09999534ecb75463518405acef13e4056ed3fc37c36364e98f,formal,17.658838272094727,14.200222969055176,1.2209187347067616,1.4698288440704346,31.189024450057186,1.5807846953774598,19.455260759625077,1.8666934918492002,4,46b1ce6e05381f3d6e92eff089c17418a0f509531273dda0a12f567f2da65e65,contract_manifest,SUCCESS
STATIC_PHY_K4_AUX,A_reference_sequence_terminal_proxy,RLOG_EQEXP_v1,equivalent_exposure_progress_v1,torch_terminal_v1,4,17,88,66ae8b02307cff09999534ecb75463518405acef13e4056ed3fc37c36364e98f,formal,38.27968978881836,19.332355499267578,0.5092477284281047,1.4698288440704346,31.189024450057186,1.5807846953774598,19.455260759625077,1.8666934918492002,4,46b1ce6e05381f3d6e92eff089c17418a0f509531273dda0a12f567f2da65e65,contract_manifest,SUCCESS
STATIC_PHY_K4_AUX,A_reference_sequence_terminal_proxy,RLOG_EQEXP_v1,equivalent_exposure_progress_v1,torch_terminal_v1,4,17,98,b9f60f59661dba993be84bc849630ffee8e2a88560a1cd716ac669b13e591b7e,formal,1.2563902139663696,12.13866901397705,0.48962209205214274,1.4698288440704346,31.189024450057186,1.5807846953774598,19.455260759625077,1.8666934918492002,4,46b1ce6e05381f3d6e92eff089c17418a0f509531273dda0a12f567f2da65e65,contract_manifest,SUCCESS
STATIC_PHY_K4_AUX,A_reference_sequence_terminal_proxy,RLOG_EQEXP_v1,equivalent_exposure_progress_v1,torch_terminal_v1,4,17,101,e91c4479eae93c9537ea8923dfdaf6b8d856c8e8a1dcfa0b2b7d93b4bf9a90c1,formal,1.019090175628662,12.26479721069336,0.5339349751914885,1.4698288440704346,31.189024450057186,1.5807846953774598,19.455260759625077,1.8666934918492002,4,46b1ce6e05381f3d6e92eff089c17418a0f509531273dda0a12f567f2da65e65,contract_manifest,SUCCESS
STATIC_PHY_K4_AUX,A_reference_sequence_terminal_proxy,RLOG_EQEXP_v1,equivalent_exposure_progress_v1,torch_terminal_v1,4,17,110,353bcd44fc9f76ccbc5c85479375a56ea38dada086dc770d3c43e2c4991c51e9,formal,37.64780616760254,27.628673553466797,1.5417473664901922,1.4698288440704346,31.189024450057186,1.5807846953774598,19.455260759625077,1.8666934918492002,4,46b1ce6e05381f3d6e92eff089c17418a0f509531273dda0a12f567f2da65e65,contract_manifest,SUCCESS
STATIC_PHY_K4_AUX,A_reference_sequence_terminal_proxy,RLOG_EQEXP_v1,equivalent_exposure_progress_v1,torch_terminal_v1,4,17,117,240824940fd52f191a9391bfd66b29fc0db7d014f14e40d0e0880995fdb25aaf,formal,6.473586320877075,55.54656982421875,2.3071123614380715,1.4698288440704346,31.189024450057186,1.5807846953774598,19.455260759625077,1.8666934918492002,4,46b1ce6e05381f3d6e92eff089c17418a0f509531273dda0a12f567f2da65e65,contract_manifest,SUCCESS
STATIC_PHY_K4_AUX,A_reference_sequence_terminal_proxy,RLOG_EQEXP_v1,equivalent_exposure_progress_v1,torch_terminal_v1,4,17,184,f877daa12838b05c4c46e233ddaf7aae23bd076119a0a051eda3bbcccc879b35,pass_main,3.38776433467865,12.769309997558594,0.5020345492988255,1.4698288440704346,31.189024450057186,1.5807846953774598,19.455260759625077,1.8666934918492002,4,46b1ce6e05381f3d6e92eff089c17418a0f509531273dda0a12f567f2da65e65,contract_manifest,SUCCESS
STATIC_PHY_K4_AUX,A_reference_sequence_terminal_proxy,RLOG_EQEXP_v1,equivalent_exposure_progress_v1,torch_terminal_v1,4,17,185,f877daa12838b05c4c46e233ddaf7aae23bd076119a0a051eda3bbcccc879b35,pass_main,5.121310472488403,13.147693634033203,0.4179857851174886,1.4698288440704346,31.189024450057186,1.5807846953774598,19.455260759625077,1.8666934918492002,4,46b1ce6e05381f3d6e92eff089c17418a0f509531273dda0a12f567f2da65e65,contract_manifest,SUCCESS
STATIC_PHY_K4_AUX,A_reference_sequence_terminal_proxy,RLOG_EQEXP_v1,equivalent_exposure_progress_v1,torch_terminal_v1,4,17,186,f877daa12838b05c4c46e233ddaf7aae23bd076119a0a051eda3bbcccc879b35,pass_main,0.2428667023777961,12.012541770935059,0.2257023864787131,1.4698288440704346,31.189024450057186,1.5807846953774598,19.455260759625077,1.8666934918492002,4,46b1ce6e05381f3d6e92eff089c17418a0f509531273dda0a12f567f2da65e65,contract_manifest,SUCCESS
STATIC_PHY_K4_AUX,A_reference_sequence_terminal_proxy,RLOG_EQEXP_v1,equivalent_exposure_progress_v1,torch_terminal_v1,4,17,187,f877daa12838b05c4c46e233ddaf7aae23bd076119a0a051eda3bbcccc879b35,pass_main,2.007620692253113,12.390925407409668,0.3681723626755823,1.4698288440704346,31.189024450057186,1.5807846953774598,19.455260759625077,1.8666934918492002,4,46b1ce6e05381f3d6e92eff089c17418a0f509531273dda0a12f567f2da65e65,contract_manifest,SUCCESS
STATIC_PHY_K4_AUX,A_reference_sequence_terminal_proxy,RLOG_EQEXP_v1,equivalent_exposure_progress_v1,torch_terminal_v1,4,17,188,52f32506f2cf5af65c3f6e92444a7466c3f60cd39101a8d7adee76b6c22a3fcc,pass_main,13.60419750213623,14.661230087280273,0.5498196163824405,1.4698288440704346,31.189024450057186,1.5807846953774598,19.455260759625077,1.8666934918492002,4,46b1ce6e05381f3d6e92eff089c17418a0f509531273dda0a12f567f2da65e65,contract_manifest,SUCCESS
STATIC_PHY_K4_AUX,A_reference_sequence_terminal_proxy,RLOG_EQEXP_v1,equivalent_exposure_progress_v1,torch_terminal_v1,4,17,189,52f32506f2cf5af65c3f6e92444a7466c3f60cd39101a8d7adee76b6c22a3fcc,pass_main,2.942147970199585,12.390925407409668,0.2081651139823478,1.4698288440704346,31.189024450057186,1.5807846953774598,19.455260759625077,1.8666934918492002,4,46b1ce6e05381f3d6e92eff089c17418a0f509531273dda0a12f567f2da65e65,contract_manifest,SUCCESS
STATIC_PHY_K4_AUX,A_reference_sequence_terminal_proxy,RLOG_EQEXP_v1,equivalent_exposure_progress_v1,torch_terminal_v1,4,17,190,52f32506f2cf5af65c3f6e92444a7466c3f60cd39101a8d7adee76b6c22a3fcc,pass_main,7.020557880401611,13.147693634033203,0.3485922186862819,1.4698288440704346,31.189024450057186,1.5807846953774598,19.455260759625077,1.8666934918492002,4,46b1ce6e05381f3d6e92eff089c17418a0f509531273dda0a12f567f2da65e65,contract_manifest,SUCCESS
STATIC_PHY_K4_AUX,A_reference_sequence_terminal_proxy,RLOG_EQEXP_v1,equivalent_exposure_progress_v1,torch_terminal_v1,4,17,191,52f32506f2cf5af65c3f6e92444a7466c3f60cd39101a8d7adee76b6c22a3fcc,pass_main,10.375359535217283,13.904461860656738,2.274850839357904,1.4698288440704346,31.189024450057186,1.5807846953774598,19.455260759625077,1.8666934918492002,4,46b1ce6e05381f3d6e92eff089c17418a0f509531273dda0a12f567f2da65e65,contract_manifest,SUCCESS
STATIC_PHY_K4_AUX,A_reference_sequence_terminal_proxy,RLOG_EQEXP_v1,equivalent_exposure_progress_v1,torch_terminal_v1,4,17,196,bbce1047d34536c22b50d8082ef4564abc920ac4f396e21bb1e28c6b463ae03b,pass_main,12.807421684265137,12.477364540100098,0.4469254467301296,1.4698288440704346,31.189024450057186,1.5807846953774598,19.455260759625077,1.8666934918492002,4,46b1ce6e05381f3d6e92eff089c17418a0f509531273dda0a12f567f2da65e65,contract_manifest,SUCCESS
STATIC_PHY_K4_AUX,A_reference_sequence_terminal_proxy,RLOG_EQEXP_v1,equivalent_exposure_progress_v1,torch_terminal_v1,4,17,197,bbce1047d34536c22b50d8082ef4564abc920ac4f396e21bb1e28c6b463ae03b,pass_main,2.9207271337509155,11.844959259033203,0.2855375873620676,1.4698288440704346,31.189024450057186,1.5807846953774598,19.455260759625077,1.8666934918492002,4,46b1ce6e05381f3d6e92eff089c17418a0f509531273dda0a12f567f2da65e65,contract_manifest,SUCCESS
STATIC_PHY_K4_AUX,A_reference_sequence_terminal_proxy,RLOG_EQEXP_v1,equivalent_exposure_progress_v1,torch_terminal_v1,4,17,198,bbce1047d34536c22b50d8082ef4564abc920ac4f396e21bb1e28c6b463ae03b,pass_main,9.415826797485352,12.266563415527344,0.38963434577370587,1.4698288440704346,31.189024450057186,1.5807846953774598,19.455260759625077,1.8666934918492002,4,46b1ce6e05381f3d6e92eff089c17418a0f509531273dda0a12f567f2da65e65,contract_manifest,SUCCESS
STATIC_PHY_K4_AUX,A_reference_sequence_terminal_proxy,RLOG_EQEXP_v1,equivalent_exposure_progress_v1,torch_terminal_v1,4,17,199,bbce1047d34536c22b50d8082ef4564abc920ac4f396e21bb1e28c6b463ae03b,pass_main,6.082921266555786,12.055761337280273,0.2623798745020674,1.4698288440704346,31.189024450057186,1.5807846953774598,19.455260759625077,1.8666934918492002,4,46b1ce6e05381f3d6e92eff089c17418a0f509531273dda0a12f567f2da65e65,contract_manifest,SUCCESS
GRU_PHY_K4_AUX,A_reference_sequence_terminal_proxy,RLOG_EQEXP_v1,equivalent_exposure_progress_v1,torch_terminal_v1,4,17,0,4db5fedaca3a9977a840ef0a14e0a347ebf06f58add282691f9764d395c85c56,formal,13.506645679473875,13.298312187194824,0.5568467653162318,1.3641695976257324,31.189024450057186,1.5807846953774598,19.455260759625077,1.8666934918492002,4,8f32b22ef6d59724651d9441dae019a62577c837a5fb11c22000e55778f6d4e5,contract_manifest,SUCCESS
GRU_PHY_K4_AUX,A_reference_sequence_terminal_proxy,RLOG_EQEXP_v1,equivalent_exposure_progress_v1,torch_terminal_v1,4,17,6,59ab2c8a76e6cea570ab2bdbab7ec1c6b4a24bf5487ed181e33d3819c2dcf2f6,formal,6.117770195007324,2.4986531734466553,0.8609633006685008,0.9835408926010132,31.189024450057186,1.5807846953774598,19.455260759625077,1.8666934918492002,4,8f32b22ef6d59724651d9441dae019a62577c837a5fb11c22000e55778f6d4e5,contract_manifest,SUCCESS
GRU_PHY_K4_AUX,A_reference_sequence_terminal_proxy,RLOG_EQEXP_v1,equivalent_exposure_progress_v1,torch_terminal_v1,4,17,9,7374ab8bcdc516fd8ff63f4e609f73f9064a59eb0114fa48fdd2554679d9a876,formal,3.669000267982483,15.170299530029297,0.8386195127838436,1.4360902309417725,31.189024450057186,1.5807846953774598,19.455260759625077,1.8666934918492002,4,8f32b22ef6d59724651d9441dae019a62577c837a5fb11c22000e55778f6d4e5,contract_manifest,SUCCESS
GRU_PHY_K4_AUX,A_reference_sequence_terminal_proxy,RLOG_EQEXP_v1,equivalent_exposure_progress_v1,torch_terminal_v1,4,17,15,8320198d6b750dba772a0e6acbad0f0e283bed44595fb3a4adb50c6d6af03770,formal,46.04010391235352,17.722854614257812,0.6025106451997915,1.3901960849761963,31.189024450057186,1.5807846953774598,19.455260759625077,1.8666934918492002,4,8f32b22ef6d59724651d9441dae019a62577c837a5fb11c22000e55778f6d4e5,contract_manifest,SUCCESS
GRU_PHY_K4_AUX,A_reference_sequence_terminal_proxy,RLOG_EQEXP_v1,equivalent_exposure_progress_v1,torch_terminal_v1,4,17,18,02495b203f4e92e4d84d061078678dfd5ea9465249cd1858a9b84e7b7ffaaf24,formal,6.017935276031494,15.816426277160645,0.7173909583204263,1.4362820386886597,31.189024450057186,1.5807846953774598,19.455260759625077,1.8666934918492002,4,8f32b22ef6d59724651d9441dae019a62577c837a5fb11c22000e55778f6d4e5,contract_manifest,SUCCESS
GRU_PHY_K4_AUX,A_reference_sequence_terminal_proxy,RLOG_EQEXP_v1,equivalent_exposure_progress_v1,torch_terminal_v1,4,17,22,8fd7101200e3b1cb67e396805be6ff4533f7aa6bb922fa7af059fad2c392f70e,formal,63.91909408569336,54.381378173828125,6.436429863363623,1.4450266361236572,31.189024450057186,1.5807846953774598,19.455260759625077,1.8666934918492002,4,8f32b22ef6d59724651d9441dae019a62577c837a5fb11c22000e55778f6d4e5,contract_manifest,SUCCESS
GRU_PHY_K4_AUX,A_reference_sequence_terminal_proxy,RLOG_EQEXP_v1,equivalent_exposure_progress_v1,torch_terminal_v1,4,17,24,f60df8a644040bd0be92f658adf4a27a588d9061d14c5f9eac373efd44410172,formal,16.00606060028076,13.913594245910645,0.5555177420197319,1.4212582111358643,31.189024450057186,1.5807846953774598,19.455260759625077,1.8666934918492002,4,8f32b22ef6d59724651d9441dae019a62577c837a5fb11c22000e55778f6d4e5,contract_manifest,SUCCESS
GRU_PHY_K4_AUX,A_reference_sequence_terminal_proxy,RLOG_EQEXP_v1,equivalent_exposure_progress_v1,torch_terminal_v1,4,17,25,29df981316e2ec1429a8852627cec65def69b5a421a66109aec528bf167f657a,formal,0.1714805662631988,10.821825981140137,0.2533661148781425,1.4357824325561523,31.189024450057186,1.5807846953774598,19.455260759625077,1.8666934918492002,4,8f32b22ef6d59724651d9441dae019a62577c837a5fb11c22000e55778f6d4e5,contract_manifest,SUCCESS
GRU_PHY_K4_AUX,A_reference_sequence_terminal_proxy,RLOG_EQEXP_v1,equivalent_exposure_progress_v1,torch_terminal_v1,4,17,27,603622c1fc454d943e7bccc8cb062a41eee8581cbcad34ffeb7de56c13a625ca,formal,9.989048480987549,12.179582595825195,0.3220711678987629,1.4359703063964844,31.189024450057186,1.5807846953774598,19.455260759625077,1.8666934918492002,4,8f32b22ef6d59724651d9441dae019a62577c837a5fb11c22000e55778f6d4e5,contract_manifest,SUCCESS
GRU_PHY_K4_AUX,A_reference_sequence_terminal_proxy,RLOG_EQEXP_v1,equivalent_exposure_progress_v1,torch_terminal_v1,4,17,28,432bf64dffb15dc46bcf356604f79c43e0238dae3dca2dd01efd91c4d1703112,formal,39.56353569030762,18.172990798950195,0.5183954505297508,1.3816136121749878,31.189024450057186,1.5807846953774598,19.455260759625077,1.8666934918492002,4,8f32b22ef6d59724651d9441dae019a62577c837a5fb11c22000e55778f6d4e5,contract_manifest,SUCCESS
GRU_PHY_K4_AUX,A_reference_sequence_terminal_proxy,RLOG_EQEXP_v1,equivalent_exposure_progress_v1,torch_terminal_v1,4,17,29,a97bac9b2c736cc33758f16f5332b4e974ef6ef447181c619ab9ff02d88ffb89,formal,17.576498985290527,13.245820999145508,0.33431207825041354,1.433386206626892,31.189024450057186,1.5807846953774598,19.455260759625077,1.8666934918492002,4,8f32b22ef6d59724651d9441dae019a62577c837a5fb11c22000e55778f6d4e5,contract_manifest,SUCCESS
GRU_PHY_K4_AUX,A_reference_sequence_terminal_proxy,RLOG_EQEXP_v1,equivalent_exposure_progress_v1,torch_terminal_v1,4,17,32,052788fd2e1aceae61efd5c34e8e3d76de906357c39fe9b8ec5b8912aaae073e,formal,57.54034423828125,19.09722137451172,0.8658280294020552,1.7661112546920776,31.189024450057186,1.5807846953774598,19.455260759625077,1.8666934918492002,4,8f32b22ef6d59724651d9441dae019a62577c837a5fb11c22000e55778f6d4e5,contract_manifest,SUCCESS
GRU_PHY_K4_AUX,A_reference_sequence_terminal_proxy,RLOG_EQEXP_v1,equivalent_exposure_progress_v1,torch_terminal_v1,4,17,38,d73fc8da155734c1b9df67d55a45a97780a6633b3b0e61b3d61b3e01c3d4d5b8,formal,5.322521686553955,23.229528427124023,1.0995530386459058,1.4364417791366577,31.189024450057186,1.5807846953774598,19.455260759625077,1.8666934918492002,4,8f32b22ef6d59724651d9441dae019a62577c837a5fb11c22000e55778f6d4e5,contract_manifest,SUCCESS
GRU_PHY_K4_AUX,A_reference_sequence_terminal_proxy,RLOG_EQEXP_v1,equivalent_exposure_progress_v1,torch_terminal_v1,4,17,43,97cdbd709d1cdc651b15abf2347ee874b5a0f4bdddafd2fce6eeacaf576ceda5,formal,52.191043853759766,37.01966094970703,4.446025450022809,1.4359692335128784,31.189024450057186,1.5807846953774598,19.455260759625077,1.8666934918492002,4,8f32b22ef6d59724651d9441dae019a62577c837a5fb11c22000e55778f6d4e5,contract_manifest,SUCCESS
GRU_PHY_K4_AUX,A_reference_sequence_terminal_proxy,RLOG_EQEXP_v1,equivalent_exposure_progress_v1,torch_terminal_v1,4,17,46,5404563b0b3f1459042a691c0755a27284de48f249020910321075b3ec11a323,formal,45.29147720336914,19.45262908935547,1.5113702797081814,1.4306706190109253,31.189024450057186,1.5807846953774598,19.455260759625077,1.8666934918492002,4,8f32b22ef6d59724651d9441dae019a62577c837a5fb11c22000e55778f6d4e5,contract_manifest,SUCCESS
GRU_PHY_K4_AUX,A_reference_sequence_terminal_proxy,RLOG_EQEXP_v1,equivalent_exposure_progress_v1,torch_terminal_v1,4,17,55,caaca8bc777b6ee58409439c8c6c16c8b57e06f0571d0cfbd27dd349b8037d92,formal,41.64340782165527,26.677412033081055,0.44915598874541796,1.4355742931365967,31.189024450057186,1.5807846953774598,19.455260759625077,1.8666934918492002,4,8f32b22ef6d59724651d9441dae019a62577c837a5fb11c22000e55778f6d4e5,contract_manifest,SUCCESS
GRU_PHY_K4_AUX,A_reference_sequence_terminal_proxy,RLOG_EQEXP_v1,equivalent_exposure_progress_v1,torch_terminal_v1,4,17,64,1788e40307f5b3a04b01269a5946fbb7443b6b8ec66160a1e6f43ac31024d5c7,formal,34.532243728637695,15.814872741699219,1.1187631155488567,1.4344934225082397,31.189024450057186,1.5807846953774598,19.455260759625077,1.8666934918492002,4,8f32b22ef6d59724651d9441dae019a62577c837a5fb11c22000e55778f6d4e5,contract_manifest,SUCCESS
GRU_PHY_K4_AUX,A_reference_sequence_terminal_proxy,RLOG_EQEXP_v1,equivalent_exposure_progress_v1,torch_terminal_v1,4,17,73,fe344a4792e96ac764ec826efbb548a6a8357b0288fd33a728e4054b5c41aab5,formal,16.860888481140137,8.848570823669434,0.6750449213994406,1.2077587842941284,31.189024450057186,1.5807846953774598,19.455260759625077,1.8666934918492002,4,8f32b22ef6d59724651d9441dae019a62577c837a5fb11c22000e55778f6d4e5,contract_manifest,SUCCESS
GRU_PHY_K4_AUX,A_reference_sequence_terminal_proxy,RLOG_EQEXP_v1,equivalent_exposure_progress_v1,torch_terminal_v1,4,17,87,66ae8b02307cff09999534ecb75463518405acef13e4056ed3fc37c36364e98f,formal,17.658838272094727,13.25036907196045,1.2209187347067616,1.4361321926116943,31.189024450057186,1.5807846953774598,19.455260759625077,1.8666934918492002,4,8f32b22ef6d59724651d9441dae019a62577c837a5fb11c22000e55778f6d4e5,contract_manifest,SUCCESS
GRU_PHY_K4_AUX,A_reference_sequence_terminal_proxy,RLOG_EQEXP_v1,equivalent_exposure_progress_v1,torch_terminal_v1,4,17,88,66ae8b02307cff09999534ecb75463518405acef13e4056ed3fc37c36364e98f,formal,38.27968978881836,18.368408203125,0.5092477284281047,1.428690791130066,31.189024450057186,1.5807846953774598,19.455260759625077,1.8666934918492002,4,8f32b22ef6d59724651d9441dae019a62577c837a5fb11c22000e55778f6d4e5,contract_manifest,SUCCESS
GRU_PHY_K4_AUX,A_reference_sequence_terminal_proxy,RLOG_EQEXP_v1,equivalent_exposure_progress_v1,torch_terminal_v1,4,17,98,b9f60f59661dba993be84bc849630ffee8e2a88560a1cd716ac669b13e591b7e,formal,1.2563902139663696,11.188720703125,0.48962209205214274,1.4358278512954712,31.189024450057186,1.5807846953774598,19.455260759625077,1.8666934918492002,4,8f32b22ef6d59724651d9441dae019a62577c837a5fb11c22000e55778f6d4e5,contract_manifest,SUCCESS
GRU_PHY_K4_AUX,A_reference_sequence_terminal_proxy,RLOG_EQEXP_v1,equivalent_exposure_progress_v1,torch_terminal_v1,4,17,101,e91c4479eae93c9537ea8923dfdaf6b8d856c8e8a1dcfa0b2b7d93b4bf9a90c1,formal,1.019090175628662,11.299055099487305,0.5339349751914885,1.417561650276184,31.189024450057186,1.5807846953774598,19.455260759625077,1.8666934918492002,4,8f32b22ef6d59724651d9441dae019a62577c837a5fb11c22000e55778f6d4e5,contract_manifest,SUCCESS
GRU_PHY_K4_AUX,A_reference_sequence_terminal_proxy,RLOG_EQEXP_v1,equivalent_exposure_progress_v1,torch_terminal_v1,4,17,110,353bcd44fc9f76ccbc5c85479375a56ea38dada086dc770d3c43e2c4991c51e9,formal,37.64780616760254,26.66533088684082,1.5417473664901922,1.4312165975570679,31.189024450057186,1.5807846953774598,19.455260759625077,1.8666934918492002,4,8f32b22ef6d59724651d9441dae019a62577c837a5fb11c22000e55778f6d4e5,contract_manifest,SUCCESS
GRU_PHY_K4_AUX,A_reference_sequence_terminal_proxy,RLOG_EQEXP_v1,equivalent_exposure_progress_v1,torch_terminal_v1,4,17,117,240824940fd52f191a9391bfd66b29fc0db7d014f14e40d0e0880995fdb25aaf,formal,6.473586320877075,54.59688186645508,2.3071123614380715,1.4368878602981567,31.189024450057186,1.5807846953774598,19.455260759625077,1.8666934918492002,4,8f32b22ef6d59724651d9441dae019a62577c837a5fb11c22000e55778f6d4e5,contract_manifest,SUCCESS
GRU_PHY_K4_AUX,A_reference_sequence_terminal_proxy,RLOG_EQEXP_v1,equivalent_exposure_progress_v1,torch_terminal_v1,4,17,184,f877daa12838b05c4c46e233ddaf7aae23bd076119a0a051eda3bbcccc879b35,pass_main,3.38776433467865,11.804505348205566,0.5020345492988255,1.4185090065002441,31.189024450057186,1.5807846953774598,19.455260759625077,1.8666934918492002,4,8f32b22ef6d59724651d9441dae019a62577c837a5fb11c22000e55778f6d4e5,contract_manifest,SUCCESS
GRU_PHY_K4_AUX,A_reference_sequence_terminal_proxy,RLOG_EQEXP_v1,equivalent_exposure_progress_v1,torch_terminal_v1,4,17,185,f877daa12838b05c4c46e233ddaf7aae23bd076119a0a051eda3bbcccc879b35,pass_main,5.121310472488403,12.021970748901367,0.4179857851174886,1.3517842292785645,31.189024450057186,1.5807846953774598,19.455260759625077,1.8666934918492002,4,8f32b22ef6d59724651d9441dae019a62577c837a5fb11c22000e55778f6d4e5,contract_manifest,SUCCESS
GRU_PHY_K4_AUX,A_reference_sequence_terminal_proxy,RLOG_EQEXP_v1,equivalent_exposure_progress_v1,torch_terminal_v1,4,17,186,f877daa12838b05c4c46e233ddaf7aae23bd076119a0a051eda3bbcccc879b35,pass_main,0.2428667023777961,11.062603950500488,0.2257023864787131,1.435815453529358,31.189024450057186,1.5807846953774598,19.455260759625077,1.8666934918492002,4,8f32b22ef6d59724651d9441dae019a62577c837a5fb11c22000e55778f6d4e5,contract_manifest,SUCCESS
GRU_PHY_K4_AUX,A_reference_sequence_terminal_proxy,RLOG_EQEXP_v1,equivalent_exposure_progress_v1,torch_terminal_v1,4,17,187,f877daa12838b05c4c46e233ddaf7aae23bd076119a0a051eda3bbcccc879b35,pass_main,2.007620692253113,11.439090728759766,0.3681723626755823,1.4325746297836304,31.189024450057186,1.5807846953774598,19.455260759625077,1.8666934918492002,4,8f32b22ef6d59724651d9441dae019a62577c837a5fb11c22000e55778f6d4e5,contract_manifest,SUCCESS
GRU_PHY_K4_AUX,A_reference_sequence_terminal_proxy,RLOG_EQEXP_v1,equivalent_exposure_progress_v1,torch_terminal_v1,4,17,188,52f32506f2cf5af65c3f6e92444a7466c3f60cd39101a8d7adee76b6c22a3fcc,pass_main,13.60419750213623,13.572409629821777,0.5498196163824405,1.3648583889007568,31.189024450057186,1.5807846953774598,19.455260759625077,1.8666934918492002,4,8f32b22ef6d59724651d9441dae019a62577c837a5fb11c22000e55778f6d4e5,contract_manifest,SUCCESS
GRU_PHY_K4_AUX,A_reference_sequence_terminal_proxy,RLOG_EQEXP_v1,equivalent_exposure_progress_v1,torch_terminal_v1,4,17,189,52f32506f2cf5af65c3f6e92444a7466c3f60cd39101a8d7adee76b6c22a3fcc,pass_main,2.942147970199585,11.440983772277832,0.2081651139823478,1.435875654220581,31.189024450057186,1.5807846953774598,19.455260759625077,1.8666934918492002,4,8f32b22ef6d59724651d9441dae019a62577c837a5fb11c22000e55778f6d4e5,contract_manifest,SUCCESS
GRU_PHY_K4_AUX,A_reference_sequence_terminal_proxy,RLOG_EQEXP_v1,equivalent_exposure_progress_v1,torch_terminal_v1,4,17,190,52f32506f2cf5af65c3f6e92444a7466c3f60cd39101a8d7adee76b6c22a3fcc,pass_main,7.020557880401611,12.195938110351562,0.3485922186862819,1.4329248666763306,31.189024450057186,1.5807846953774598,19.455260759625077,1.8666934918492002,4,8f32b22ef6d59724651d9441dae019a62577c837a5fb11c22000e55778f6d4e5,contract_manifest,SUCCESS
GRU_PHY_K4_AUX,A_reference_sequence_terminal_proxy,RLOG_EQEXP_v1,equivalent_exposure_progress_v1,torch_terminal_v1,4,17,191,52f32506f2cf5af65c3f6e92444a7466c3f60cd39101a8d7adee76b6c22a3fcc,pass_main,10.375359535217283,12.941147804260254,2.274850839357904,1.4205857515335083,31.189024450057186,1.5807846953774598,19.455260759625077,1.8666934918492002,4,8f32b22ef6d59724651d9441dae019a62577c837a5fb11c22000e55778f6d4e5,contract_manifest,SUCCESS
GRU_PHY_K4_AUX,A_reference_sequence_terminal_proxy,RLOG_EQEXP_v1,equivalent_exposure_progress_v1,torch_terminal_v1,4,17,196,bbce1047d34536c22b50d8082ef4564abc920ac4f396e21bb1e28c6b463ae03b,pass_main,12.807421684265137,11.335766792297363,0.4469254467301296,1.3508877754211426,31.189024450057186,1.5807846953774598,19.455260759625077,1.8666934918492002,4,8f32b22ef6d59724651d9441dae019a62577c837a5fb11c22000e55778f6d4e5,contract_manifest,SUCCESS
GRU_PHY_K4_AUX,A_reference_sequence_terminal_proxy,RLOG_EQEXP_v1,equivalent_exposure_progress_v1,torch_terminal_v1,4,17,197,bbce1047d34536c22b50d8082ef4564abc920ac4f396e21bb1e28c6b463ae03b,pass_main,2.9207271337509155,10.895050048828125,0.2855375873620676,1.4358268976211548,31.189024450057186,1.5807846953774598,19.455260759625077,1.8666934918492002,4,8f32b22ef6d59724651d9441dae019a62577c837a5fb11c22000e55778f6d4e5,contract_manifest,SUCCESS
GRU_PHY_K4_AUX,A_reference_sequence_terminal_proxy,RLOG_EQEXP_v1,equivalent_exposure_progress_v1,torch_terminal_v1,4,17,198,bbce1047d34536c22b50d8082ef4564abc920ac4f396e21bb1e28c6b463ae03b,pass_main,9.415826797485352,11.30182933807373,0.38963434577370587,1.4185909032821655,31.189024450057186,1.5807846953774598,19.455260759625077,1.8666934918492002,4,8f32b22ef6d59724651d9441dae019a62577c837a5fb11c22000e55778f6d4e5,contract_manifest,SUCCESS
GRU_PHY_K4_AUX,A_reference_sequence_terminal_proxy,RLOG_EQEXP_v1,equivalent_exposure_progress_v1,torch_terminal_v1,4,17,199,bbce1047d34536c22b50d8082ef4564abc920ac4f396e21bb1e28c6b463ae03b,pass_main,6.082921266555786,11.104036331176758,0.2623798745020674,1.4326276779174805,31.189024450057186,1.5807846953774598,19.455260759625077,1.8666934918492002,4,8f32b22ef6d59724651d9441dae019a62577c837a5fb11c22000e55778f6d4e5,contract_manifest,SUCCESS
MAMBA_RAW_K4_AUX,A_reference_sequence_terminal_proxy,NONE,equivalent_exposure_progress_v1,reference_pure_torch_ssd_mamba2_verified_adapter_v1,4,17,0,4db5fedaca3a9977a840ef0a14e0a347ebf06f58add282691f9764d395c85c56,formal,13.506645679473875,6.976589202880859,0.5568467653162318,0.8673692941665649,31.189024450057186,1.5807846953774598,19.455260759625077,1.8666934918492002,4,abca352cf0b30067113dde224b75bf322972f1611ba639c878a89b6ef3120440,contract_manifest,SUCCESS
MAMBA_RAW_K4_AUX,A_reference_sequence_terminal_proxy,NONE,equivalent_exposure_progress_v1,reference_pure_torch_ssd_mamba2_verified_adapter_v1,4,17,6,59ab2c8a76e6cea570ab2bdbab7ec1c6b4a24bf5487ed181e33d3819c2dcf2f6,formal,6.117770195007324,6.696146011352539,0.8609633006685008,0.6891277432441711,31.189024450057186,1.5807846953774598,19.455260759625077,1.8666934918492002,4,abca352cf0b30067113dde224b75bf322972f1611ba639c878a89b6ef3120440,contract_manifest,SUCCESS
MAMBA_RAW_K4_AUX,A_reference_sequence_terminal_proxy,NONE,equivalent_exposure_progress_v1,reference_pure_torch_ssd_mamba2_verified_adapter_v1,4,17,9,7374ab8bcdc516fd8ff63f4e609f73f9064a59eb0114fa48fdd2554679d9a876,formal,3.669000267982483,7.978598594665527,0.8386195127838436,1.4586416482925415,31.189024450057186,1.5807846953774598,19.455260759625077,1.8666934918492002,4,abca352cf0b30067113dde224b75bf322972f1611ba639c878a89b6ef3120440,contract_manifest,SUCCESS
MAMBA_RAW_K4_AUX,A_reference_sequence_terminal_proxy,NONE,equivalent_exposure_progress_v1,reference_pure_torch_ssd_mamba2_verified_adapter_v1,4,17,15,8320198d6b750dba772a0e6acbad0f0e283bed44595fb3a4adb50c6d6af03770,formal,46.04010391235352,11.634323120117188,0.6025106451997915,1.3092015981674194,31.189024450057186,1.5807846953774598,19.455260759625077,1.8666934918492002,4,abca352cf0b30067113dde224b75bf322972f1611ba639c878a89b6ef3120440,contract_manifest,SUCCESS
MAMBA_RAW_K4_AUX,A_reference_sequence_terminal_proxy,NONE,equivalent_exposure_progress_v1,reference_pure_torch_ssd_mamba2_verified_adapter_v1,4,17,18,02495b203f4e92e4d84d061078678dfd5ea9465249cd1858a9b84e7b7ffaaf24,formal,6.017935276031494,8.358573913574219,0.7173909583204263,1.6922926902770996,31.189024450057186,1.5807846953774598,19.455260759625077,1.8666934918492002,4,abca352cf0b30067113dde224b75bf322972f1611ba639c878a89b6ef3120440,contract_manifest,SUCCESS
MAMBA_RAW_K4_AUX,A_reference_sequence_terminal_proxy,NONE,equivalent_exposure_progress_v1,reference_pure_torch_ssd_mamba2_verified_adapter_v1,4,17,22,8fd7101200e3b1cb67e396805be6ff4533f7aa6bb922fa7af059fad2c392f70e,formal,63.91909408569336,47.483524322509766,6.436429863363623,2.880796432495117,31.189024450057186,1.5807846953774598,19.455260759625077,1.8666934918492002,4,abca352cf0b30067113dde224b75bf322972f1611ba639c878a89b6ef3120440,contract_manifest,SUCCESS
MAMBA_RAW_K4_AUX,A_reference_sequence_terminal_proxy,NONE,equivalent_exposure_progress_v1,reference_pure_torch_ssd_mamba2_verified_adapter_v1,4,17,24,f60df8a644040bd0be92f658adf4a27a588d9061d14c5f9eac373efd44410172,formal,16.00606060028076,7.161220550537109,0.5555177420197319,1.0479559898376465,31.189024450057186,1.5807846953774598,19.455260759625077,1.8666934918492002,4,abca352cf0b30067113dde224b75bf322972f1611ba639c878a89b6ef3120440,contract_manifest,SUCCESS
MAMBA_RAW_K4_AUX,A_reference_sequence_terminal_proxy,NONE,equivalent_exposure_progress_v1,reference_pure_torch_ssd_mamba2_verified_adapter_v1,4,17,25,29df981316e2ec1429a8852627cec65def69b5a421a66109aec528bf167f657a,formal,0.1714805662631988,3.825535297393799,0.2533661148781425,1.2364612817764282,31.189024450057186,1.5807846953774598,19.455260759625077,1.8666934918492002,4,abca352cf0b30067113dde224b75bf322972f1611ba639c878a89b6ef3120440,contract_manifest,SUCCESS
MAMBA_RAW_K4_AUX,A_reference_sequence_terminal_proxy,NONE,equivalent_exposure_progress_v1,reference_pure_torch_ssd_mamba2_verified_adapter_v1,4,17,27,603622c1fc454d943e7bccc8cb062a41eee8581cbcad34ffeb7de56c13a625ca,formal,9.989048480987549,4.9219512939453125,0.3220711678987629,1.395155906677246,31.189024450057186,1.5807846953774598,19.455260759625077,1.8666934918492002,4,abca352cf0b30067113dde224b75bf322972f1611ba639c878a89b6ef3120440,contract_manifest,SUCCESS
MAMBA_RAW_K4_AUX,A_reference_sequence_terminal_proxy,NONE,equivalent_exposure_progress_v1,reference_pure_torch_ssd_mamba2_verified_adapter_v1,4,17,28,432bf64dffb15dc46bcf356604f79c43e0238dae3dca2dd01efd91c4d1703112,formal,39.56353569030762,11.938657760620117,0.5183954505297508,1.1181886196136475,31.189024450057186,1.5807846953774598,19.455260759625077,1.8666934918492002,4,abca352cf0b30067113dde224b75bf322972f1611ba639c878a89b6ef3120440,contract_manifest,SUCCESS
MAMBA_RAW_K4_AUX,A_reference_sequence_terminal_proxy,NONE,equivalent_exposure_progress_v1,reference_pure_torch_ssd_mamba2_verified_adapter_v1,4,17,29,a97bac9b2c736cc33758f16f5332b4e974ef6ef447181c619ab9ff02d88ffb89,formal,17.576498985290527,6.355203628540039,0.33431207825041354,1.2994829416275024,31.189024450057186,1.5807846953774598,19.455260759625077,1.8666934918492002,4,abca352cf0b30067113dde224b75bf322972f1611ba639c878a89b6ef3120440,contract_manifest,SUCCESS
MAMBA_RAW_K4_AUX,A_reference_sequence_terminal_proxy,NONE,equivalent_exposure_progress_v1,reference_pure_torch_ssd_mamba2_verified_adapter_v1,4,17,32,052788fd2e1aceae61efd5c34e8e3d76de906357c39fe9b8ec5b8912aaae073e,formal,57.54034423828125,22.460247039794922,0.8658280294020552,1.3705941438674927,31.189024450057186,1.5807846953774598,19.455260759625077,1.8666934918492002,4,abca352cf0b30067113dde224b75bf322972f1611ba639c878a89b6ef3120440,contract_manifest,SUCCESS
MAMBA_RAW_K4_AUX,A_reference_sequence_terminal_proxy,NONE,equivalent_exposure_progress_v1,reference_pure_torch_ssd_mamba2_verified_adapter_v1,4,17,38,d73fc8da155734c1b9df67d55a45a97780a6633b3b0e61b3d61b3e01c3d4d5b8,formal,5.322521686553955,15.743895530700684,1.0995530386459058,2.0064713954925537,31.189024450057186,1.5807846953774598,19.455260759625077,1.8666934918492002,4,abca352cf0b30067113dde224b75bf322972f1611ba639c878a89b6ef3120440,contract_manifest,SUCCESS
MAMBA_RAW_K4_AUX,A_reference_sequence_terminal_proxy,NONE,equivalent_exposure_progress_v1,reference_pure_torch_ssd_mamba2_verified_adapter_v1,4,17,43,97cdbd709d1cdc651b15abf2347ee874b5a0f4bdddafd2fce6eeacaf576ceda5,formal,52.191043853759766,29.67770004272461,4.446025450022809,2.4910690784454346,31.189024450057186,1.5807846953774598,19.455260759625077,1.8666934918492002,4,abca352cf0b30067113dde224b75bf322972f1611ba639c878a89b6ef3120440,contract_manifest,SUCCESS
MAMBA_RAW_K4_AUX,A_reference_sequence_terminal_proxy,NONE,equivalent_exposure_progress_v1,reference_pure_torch_ssd_mamba2_verified_adapter_v1,4,17,46,5404563b0b3f1459042a691c0755a27284de48f249020910321075b3ec11a323,formal,45.29147720336914,12.804430961608887,1.5113702797081814,1.822107195854187,31.189024450057186,1.5807846953774598,19.455260759625077,1.8666934918492002,4,abca352cf0b30067113dde224b75bf322972f1611ba639c878a89b6ef3120440,contract_manifest,SUCCESS
MAMBA_RAW_K4_AUX,A_reference_sequence_terminal_proxy,NONE,equivalent_exposure_progress_v1,reference_pure_torch_ssd_mamba2_verified_adapter_v1,4,17,55,caaca8bc777b6ee58409439c8c6c16c8b57e06f0571d0cfbd27dd349b8037d92,formal,41.64340782165527,19.434221267700195,0.44915598874541796,1.7322922945022583,31.189024450057186,1.5807846953774598,19.455260759625077,1.8666934918492002,4,abca352cf0b30067113dde224b75bf322972f1611ba639c878a89b6ef3120440,contract_manifest,SUCCESS
MAMBA_RAW_K4_AUX,A_reference_sequence_terminal_proxy,NONE,equivalent_exposure_progress_v1,reference_pure_torch_ssd_mamba2_verified_adapter_v1,4,17,64,1788e40307f5b3a04b01269a5946fbb7443b6b8ec66160a1e6f43ac31024d5c7,formal,34.532243728637695,8.853218078613281,1.1187631155488567,1.5939966440200806,31.189024450057186,1.5807846953774598,19.455260759625077,1.8666934918492002,4,abca352cf0b30067113dde224b75bf322972f1611ba639c878a89b6ef3120440,contract_manifest,SUCCESS
MAMBA_RAW_K4_AUX,A_reference_sequence_terminal_proxy,NONE,equivalent_exposure_progress_v1,reference_pure_torch_ssd_mamba2_verified_adapter_v1,4,17,73,fe344a4792e96ac764ec826efbb548a6a8357b0288fd33a728e4054b5c41aab5,formal,16.860888481140137,7.9957122802734375,0.6750449213994406,0.7308884859085083,31.189024450057186,1.5807846953774598,19.455260759625077,1.8666934918492002,4,abca352cf0b30067113dde224b75bf322972f1611ba639c878a89b6ef3120440,contract_manifest,SUCCESS
MAMBA_RAW_K4_AUX,A_reference_sequence_terminal_proxy,NONE,equivalent_exposure_progress_v1,reference_pure_torch_ssd_mamba2_verified_adapter_v1,4,17,87,66ae8b02307cff09999534ecb75463518405acef13e4056ed3fc37c36364e98f,formal,17.658838272094727,6.050017356872559,1.2209187347067616,1.5942728519439697,31.189024450057186,1.5807846953774598,19.455260759625077,1.8666934918492002,4,abca352cf0b30067113dde224b75bf322972f1611ba639c878a89b6ef3120440,contract_manifest,SUCCESS
MAMBA_RAW_K4_AUX,A_reference_sequence_terminal_proxy,NONE,equivalent_exposure_progress_v1,reference_pure_torch_ssd_mamba2_verified_adapter_v1,4,17,88,66ae8b02307cff09999534ecb75463518405acef13e4056ed3fc37c36364e98f,formal,38.27968978881836,11.665908813476562,0.5092477284281047,1.5719720125198364,31.189024450057186,1.5807846953774598,19.455260759625077,1.8666934918492002,4,abca352cf0b30067113dde224b75bf322972f1611ba639c878a89b6ef3120440,contract_manifest,SUCCESS
MAMBA_RAW_K4_AUX,A_reference_sequence_terminal_proxy,NONE,equivalent_exposure_progress_v1,reference_pure_torch_ssd_mamba2_verified_adapter_v1,4,17,98,b9f60f59661dba993be84bc849630ffee8e2a88560a1cd716ac669b13e591b7e,formal,1.2563902139663696,4.115922451019287,0.48962209205214274,1.2787994146347046,31.189024450057186,1.5807846953774598,19.455260759625077,1.8666934918492002,4,abca352cf0b30067113dde224b75bf322972f1611ba639c878a89b6ef3120440,contract_manifest,SUCCESS
MAMBA_RAW_K4_AUX,A_reference_sequence_terminal_proxy,NONE,equivalent_exposure_progress_v1,reference_pure_torch_ssd_mamba2_verified_adapter_v1,4,17,101,e91c4479eae93c9537ea8923dfdaf6b8d856c8e8a1dcfa0b2b7d93b4bf9a90c1,formal,1.019090175628662,4.857059955596924,0.5339349751914885,0.9846208095550537,31.189024450057186,1.5807846953774598,19.455260759625077,1.8666934918492002,4,abca352cf0b30067113dde224b75bf322972f1611ba639c878a89b6ef3120440,contract_manifest,SUCCESS
MAMBA_RAW_K4_AUX,A_reference_sequence_terminal_proxy,NONE,equivalent_exposure_progress_v1,reference_pure_torch_ssd_mamba2_verified_adapter_v1,4,17,110,353bcd44fc9f76ccbc5c85479375a56ea38dada086dc770d3c43e2c4991c51e9,formal,37.64780616760254,19.883092880249023,1.5417473664901922,1.6243047714233398,31.189024450057186,1.5807846953774598,19.455260759625077,1.8666934918492002,4,abca352cf0b30067113dde224b75bf322972f1611ba639c878a89b6ef3120440,contract_manifest,SUCCESS
MAMBA_RAW_K4_AUX,A_reference_sequence_terminal_proxy,NONE,equivalent_exposure_progress_v1,reference_pure_torch_ssd_mamba2_verified_adapter_v1,4,17,117,240824940fd52f191a9391bfd66b29fc0db7d014f14e40d0e0880995fdb25aaf,formal,6.473586320877075,44.63987731933594,2.3071123614380715,4.542872905731201,31.189024450057186,1.5807846953774598,19.455260759625077,1.8666934918492002,4,abca352cf0b30067113dde224b75bf322972f1611ba639c878a89b6ef3120440,contract_manifest,SUCCESS
MAMBA_RAW_K4_AUX,A_reference_sequence_terminal_proxy,NONE,equivalent_exposure_progress_v1,reference_pure_torch_ssd_mamba2_verified_adapter_v1,4,17,184,f877daa12838b05c4c46e233ddaf7aae23bd076119a0a051eda3bbcccc879b35,pass_main,3.38776433467865,5.179889678955078,0.5020345492988255,0.999653160572052,31.189024450057186,1.5807846953774598,19.455260759625077,1.8666934918492002,4,abca352cf0b30067113dde224b75bf322972f1611ba639c878a89b6ef3120440,contract_manifest,SUCCESS
MAMBA_RAW_K4_AUX,A_reference_sequence_terminal_proxy,NONE,equivalent_exposure_progress_v1,reference_pure_torch_ssd_mamba2_verified_adapter_v1,4,17,185,f877daa12838b05c4c46e233ddaf7aae23bd076119a0a051eda3bbcccc879b35,pass_main,5.121310472488403,5.896507263183594,0.4179857851174886,0.849208652973175,31.189024450057186,1.5807846953774598,19.455260759625077,1.8666934918492002,4,abca352cf0b30067113dde224b75bf322972f1611ba639c878a89b6ef3120440,contract_manifest,SUCCESS
MAMBA_RAW_K4_AUX,A_reference_sequence_terminal_proxy,NONE,equivalent_exposure_progress_v1,reference_pure_torch_ssd_mamba2_verified_adapter_v1,4,17,186,f877daa12838b05c4c46e233ddaf7aae23bd076119a0a051eda3bbcccc879b35,pass_main,0.2428667023777961,3.8683602809906006,0.2257023864787131,1.2700787782669067,31.189024450057186,1.5807846953774598,19.455260759625077,1.8666934918492002,4,abca352cf0b30067113dde224b75bf322972f1611ba639c878a89b6ef3120440,contract_manifest,SUCCESS
MAMBA_RAW_K4_AUX,A_reference_sequence_terminal_proxy,NONE,equivalent_exposure_progress_v1,reference_pure_torch_ssd_mamba2_verified_adapter_v1,4,17,187,f877daa12838b05c4c46e233ddaf7aae23bd076119a0a051eda3bbcccc879b35,pass_main,2.007620692253113,4.504723072052002,0.3681723626755823,1.1420024633407593,31.189024450057186,1.5807846953774598,19.455260759625077,1.8666934918492002,4,abca352cf0b30067113dde224b75bf322972f1611ba639c878a89b6ef3120440,contract_manifest,SUCCESS
MAMBA_RAW_K4_AUX,A_reference_sequence_terminal_proxy,NONE,equivalent_exposure_progress_v1,reference_pure_torch_ssd_mamba2_verified_adapter_v1,4,17,188,52f32506f2cf5af65c3f6e92444a7466c3f60cd39101a8d7adee76b6c22a3fcc,pass_main,13.60419750213623,7.247339248657227,0.5498196163824405,0.8782877326011658,31.189024450057186,1.5807846953774598,19.455260759625077,1.8666934918492002,4,abca352cf0b30067113dde224b75bf322972f1611ba639c878a89b6ef3120440,contract_manifest,SUCCESS
MAMBA_RAW_K4_AUX,A_reference_sequence_terminal_proxy,NONE,equivalent_exposure_progress_v1,reference_pure_torch_ssd_mamba2_verified_adapter_v1,4,17,189,52f32506f2cf5af65c3f6e92444a7466c3f60cd39101a8d7adee76b6c22a3fcc,pass_main,2.942147970199585,4.142805576324463,0.2081651139823478,1.2885571718215942,31.189024450057186,1.5807846953774598,19.455260759625077,1.8666934918492002,4,abca352cf0b30067113dde224b75bf322972f1611ba639c878a89b6ef3120440,contract_manifest,SUCCESS
MAMBA_RAW_K4_AUX,A_reference_sequence_terminal_proxy,NONE,equivalent_exposure_progress_v1,reference_pure_torch_ssd_mamba2_verified_adapter_v1,4,17,190,52f32506f2cf5af65c3f6e92444a7466c3f60cd39101a8d7adee76b6c22a3fcc,pass_main,7.020557880401611,5.1387505531311035,0.3485922186862819,1.1647353172302246,31.189024450057186,1.5807846953774598,19.455260759625077,1.8666934918492002,4,abca352cf0b30067113dde224b75bf322972f1611ba639c878a89b6ef3120440,contract_manifest,SUCCESS
MAMBA_RAW_K4_AUX,A_reference_sequence_terminal_proxy,NONE,equivalent_exposure_progress_v1,reference_pure_torch_ssd_mamba2_verified_adapter_v1,4,17,191,52f32506f2cf5af65c3f6e92444a7466c3f60cd39101a8d7adee76b6c22a3fcc,pass_main,10.375359535217283,6.172876358032227,2.274850839357904,1.0260400772094727,31.189024450057186,1.5807846953774598,19.455260759625077,1.8666934918492002,4,abca352cf0b30067113dde224b75bf322972f1611ba639c878a89b6ef3120440,contract_manifest,SUCCESS
MAMBA_RAW_K4_AUX,A_reference_sequence_terminal_proxy,NONE,equivalent_exposure_progress_v1,reference_pure_torch_ssd_mamba2_verified_adapter_v1,4,17,196,bbce1047d34536c22b50d8082ef4564abc920ac4f396e21bb1e28c6b463ae03b,pass_main,12.807421684265137,5.208207607269287,0.4469254467301296,0.882675051689148,31.189024450057186,1.5807846953774598,19.455260759625077,1.8666934918492002,4,abca352cf0b30067113dde224b75bf322972f1611ba639c878a89b6ef3120440,contract_manifest,SUCCESS
MAMBA_RAW_K4_AUX,A_reference_sequence_terminal_proxy,NONE,equivalent_exposure_progress_v1,reference_pure_torch_ssd_mamba2_verified_adapter_v1,4,17,197,bbce1047d34536c22b50d8082ef4564abc920ac4f396e21bb1e28c6b463ae03b,pass_main,2.9207271337509155,3.6899874210357666,0.2855375873620676,1.2972090244293213,31.189024450057186,1.5807846953774598,19.455260759625077,1.8666934918492002,4,abca352cf0b30067113dde224b75bf322972f1611ba639c878a89b6ef3120440,contract_manifest,SUCCESS
MAMBA_RAW_K4_AUX,A_reference_sequence_terminal_proxy,NONE,equivalent_exposure_progress_v1,reference_pure_torch_ssd_mamba2_verified_adapter_v1,4,17,198,bbce1047d34536c22b50d8082ef4564abc920ac4f396e21bb1e28c6b463ae03b,pass_main,9.415826797485352,4.661585330963135,0.38963434577370587,1.0325019359588623,31.189024450057186,1.5807846953774598,19.455260759625077,1.8666934918492002,4,abca352cf0b30067113dde224b75bf322972f1611ba639c878a89b6ef3120440,contract_manifest,SUCCESS
MAMBA_RAW_K4_AUX,A_reference_sequence_terminal_proxy,NONE,equivalent_exposure_progress_v1,reference_pure_torch_ssd_mamba2_verified_adapter_v1,4,17,199,bbce1047d34536c22b50d8082ef4564abc920ac4f396e21bb1e28c6b463ae03b,pass_main,6.082921266555786,4.156476974487305,0.2623798745020674,1.1726062297821045,31.189024450057186,1.5807846953774598,19.455260759625077,1.8666934918492002,4,abca352cf0b30067113dde224b75bf322972f1611ba639c878a89b6ef3120440,contract_manifest,SUCCESS
MAMBA_PHY_K4_NOAUX,A_reference_sequence_terminal_proxy,RLOG_EQEXP_v1,equivalent_exposure_progress_v1,reference_pure_torch_ssd_mamba2_verified_adapter_v1,4,17,0,4db5fedaca3a9977a840ef0a14e0a347ebf06f58add282691f9764d395c85c56,formal,13.506645679473875,7.624411582946777,0.5568467653162318,0.7032852172851562,31.189024450057186,1.5807846953774598,19.455260759625077,1.8666934918492002,4,f5bb4751dda887c67d9ab86fbb3f4c1695d344206f0ed5f94f7d89af72e2d0af,contract_manifest,SUCCESS
MAMBA_PHY_K4_NOAUX,A_reference_sequence_terminal_proxy,RLOG_EQEXP_v1,equivalent_exposure_progress_v1,reference_pure_torch_ssd_mamba2_verified_adapter_v1,4,17,6,59ab2c8a76e6cea570ab2bdbab7ec1c6b4a24bf5487ed181e33d3819c2dcf2f6,formal,6.117770195007324,6.968034267425537,0.8609633006685008,0.538801372051239,31.189024450057186,1.5807846953774598,19.455260759625077,1.8666934918492002,4,f5bb4751dda887c67d9ab86fbb3f4c1695d344206f0ed5f94f7d89af72e2d0af,contract_manifest,SUCCESS
MAMBA_PHY_K4_NOAUX,A_reference_sequence_terminal_proxy,RLOG_EQEXP_v1,equivalent_exposure_progress_v1,reference_pure_torch_ssd_mamba2_verified_adapter_v1,4,17,9,7374ab8bcdc516fd8ff63f4e609f73f9064a59eb0114fa48fdd2554679d9a876,formal,3.669000267982483,7.976560592651367,0.8386195127838436,1.4042407274246216,31.189024450057186,1.5807846953774598,19.455260759625077,1.8666934918492002,4,f5bb4751dda887c67d9ab86fbb3f4c1695d344206f0ed5f94f7d89af72e2d0af,contract_manifest,SUCCESS
MAMBA_PHY_K4_NOAUX,A_reference_sequence_terminal_proxy,RLOG_EQEXP_v1,equivalent_exposure_progress_v1,reference_pure_torch_ssd_mamba2_verified_adapter_v1,4,17,15,8320198d6b750dba772a0e6acbad0f0e283bed44595fb3a4adb50c6d6af03770,formal,46.04010391235352,11.169431686401367,0.6025106451997915,1.2926044464111328,31.189024450057186,1.5807846953774598,19.455260759625077,1.8666934918492002,4,f5bb4751dda887c67d9ab86fbb3f4c1695d344206f0ed5f94f7d89af72e2d0af,contract_manifest,SUCCESS
MAMBA_PHY_K4_NOAUX,A_reference_sequence_terminal_proxy,RLOG_EQEXP_v1,equivalent_exposure_progress_v1,reference_pure_torch_ssd_mamba2_verified_adapter_v1,4,17,18,02495b203f4e92e4d84d061078678dfd5ea9465249cd1858a9b84e7b7ffaaf24,formal,6.017935276031494,8.1815767288208,0.7173909583204263,1.6339976787567139,31.189024450057186,1.5807846953774598,19.455260759625077,1.8666934918492002,4,f5bb4751dda887c67d9ab86fbb3f4c1695d344206f0ed5f94f7d89af72e2d0af,contract_manifest,SUCCESS
MAMBA_PHY_K4_NOAUX,A_reference_sequence_terminal_proxy,RLOG_EQEXP_v1,equivalent_exposure_progress_v1,reference_pure_torch_ssd_mamba2_verified_adapter_v1,4,17,22,8fd7101200e3b1cb67e396805be6ff4533f7aa6bb922fa7af059fad2c392f70e,formal,63.91909408569336,43.17475891113281,6.436429863363623,2.3660075664520264,31.189024450057186,1.5807846953774598,19.455260759625077,1.8666934918492002,4,f5bb4751dda887c67d9ab86fbb3f4c1695d344206f0ed5f94f7d89af72e2d0af,contract_manifest,SUCCESS
MAMBA_PHY_K4_NOAUX,A_reference_sequence_terminal_proxy,RLOG_EQEXP_v1,equivalent_exposure_progress_v1,reference_pure_torch_ssd_mamba2_verified_adapter_v1,4,17,24,f60df8a644040bd0be92f658adf4a27a588d9061d14c5f9eac373efd44410172,formal,16.00606060028076,7.665233612060547,0.5555177420197319,0.8920391798019409,31.189024450057186,1.5807846953774598,19.455260759625077,1.8666934918492002,4,f5bb4751dda887c67d9ab86fbb3f4c1695d344206f0ed5f94f7d89af72e2d0af,contract_manifest,SUCCESS
MAMBA_PHY_K4_NOAUX,A_reference_sequence_terminal_proxy,RLOG_EQEXP_v1,equivalent_exposure_progress_v1,reference_pure_torch_ssd_mamba2_verified_adapter_v1,4,17,25,29df981316e2ec1429a8852627cec65def69b5a421a66109aec528bf167f657a,formal,0.1714805662631988,4.057216167449951,0.2533661148781425,1.1203397512435913,31.189024450057186,1.5807846953774598,19.455260759625077,1.8666934918492002,4,f5bb4751dda887c67d9ab86fbb3f4c1695d344206f0ed5f94f7d89af72e2d0af,contract_manifest,SUCCESS
MAMBA_PHY_K4_NOAUX,A_reference_sequence_terminal_proxy,RLOG_EQEXP_v1,equivalent_exposure_progress_v1,reference_pure_torch_ssd_mamba2_verified_adapter_v1,4,17,27,603622c1fc454d943e7bccc8cb062a41eee8581cbcad34ffeb7de56c13a625ca,formal,9.989048480987549,5.0098185539245605,0.3220711678987629,1.3408482074737549,31.189024450057186,1.5807846953774598,19.455260759625077,1.8666934918492002,4,f5bb4751dda887c67d9ab86fbb3f4c1695d344206f0ed5f94f7d89af72e2d0af,contract_manifest,SUCCESS
MAMBA_PHY_K4_NOAUX,A_reference_sequence_terminal_proxy,RLOG_EQEXP_v1,equivalent_exposure_progress_v1,reference_pure_torch_ssd_mamba2_verified_adapter_v1,4,17,28,432bf64dffb15dc46bcf356604f79c43e0238dae3dca2dd01efd91c4d1703112,formal,39.56353569030762,11.983299255371094,0.5183954505297508,1.0497016906738281,31.189024450057186,1.5807846953774598,19.455260759625077,1.8666934918492002,4,f5bb4751dda887c67d9ab86fbb3f4c1695d344206f0ed5f94f7d89af72e2d0af,contract_manifest,SUCCESS
MAMBA_PHY_K4_NOAUX,A_reference_sequence_terminal_proxy,RLOG_EQEXP_v1,equivalent_exposure_progress_v1,reference_pure_torch_ssd_mamba2_verified_adapter_v1,4,17,29,a97bac9b2c736cc33758f16f5332b4e974ef6ef447181c619ab9ff02d88ffb89,formal,17.576498985290527,6.3596954345703125,0.33431207825041354,1.2404686212539673,31.189024450057186,1.5807846953774598,19.455260759625077,1.8666934918492002,4,f5bb4751dda887c67d9ab86fbb3f4c1695d344206f0ed5f94f7d89af72e2d0af,contract_manifest,SUCCESS
MAMBA_PHY_K4_NOAUX,A_reference_sequence_terminal_proxy,RLOG_EQEXP_v1,equivalent_exposure_progress_v1,reference_pure_torch_ssd_mamba2_verified_adapter_v1,4,17,32,052788fd2e1aceae61efd5c34e8e3d76de906357c39fe9b8ec5b8912aaae073e,formal,57.54034423828125,21.850223541259766,0.8658280294020552,1.3580365180969238,31.189024450057186,1.5807846953774598,19.455260759625077,1.8666934918492002,4,f5bb4751dda887c67d9ab86fbb3f4c1695d344206f0ed5f94f7d89af72e2d0af,contract_manifest,SUCCESS
MAMBA_PHY_K4_NOAUX,A_reference_sequence_terminal_proxy,RLOG_EQEXP_v1,equivalent_exposure_progress_v1,reference_pure_torch_ssd_mamba2_verified_adapter_v1,4,17,38,d73fc8da155734c1b9df67d55a45a97780a6633b3b0e61b3d61b3e01c3d4d5b8,formal,5.322521686553955,15.192201614379883,1.0995530386459058,1.8137309551239014,31.189024450057186,1.5807846953774598,19.455260759625077,1.8666934918492002,4,f5bb4751dda887c67d9ab86fbb3f4c1695d344206f0ed5f94f7d89af72e2d0af,contract_manifest,SUCCESS
MAMBA_PHY_K4_NOAUX,A_reference_sequence_terminal_proxy,RLOG_EQEXP_v1,equivalent_exposure_progress_v1,reference_pure_torch_ssd_mamba2_verified_adapter_v1,4,17,43,97cdbd709d1cdc651b15abf2347ee874b5a0f4bdddafd2fce6eeacaf576ceda5,formal,52.191043853759766,27.801185607910156,4.446025450022809,2.0605509281158447,31.189024450057186,1.5807846953774598,19.455260759625077,1.8666934918492002,4,f5bb4751dda887c67d9ab86fbb3f4c1695d344206f0ed5f94f7d89af72e2d0af,contract_manifest,SUCCESS
MAMBA_PHY_K4_NOAUX,A_reference_sequence_terminal_proxy,RLOG_EQEXP_v1,equivalent_exposure_progress_v1,reference_pure_torch_ssd_mamba2_verified_adapter_v1,4,17,46,5404563b0b3f1459042a691c0755a27284de48f249020910321075b3ec11a323,formal,45.29147720336914,11.898412704467773,1.5113702797081814,1.693772554397583,31.189024450057186,1.5807846953774598,19.455260759625077,1.8666934918492002,4,f5bb4751dda887c67d9ab86fbb3f4c1695d344206f0ed5f94f7d89af72e2d0af,contract_manifest,SUCCESS
MAMBA_PHY_K4_NOAUX,A_reference_sequence_terminal_proxy,RLOG_EQEXP_v1,equivalent_exposure_progress_v1,reference_pure_torch_ssd_mamba2_verified_adapter_v1,4,17,55,caaca8bc777b6ee58409439c8c6c16c8b57e06f0571d0cfbd27dd349b8037d92,formal,41.64340782165527,18.98503875732422,0.44915598874541796,1.6546803712844849,31.189024450057186,1.5807846953774598,19.455260759625077,1.8666934918492002,4,f5bb4751dda887c67d9ab86fbb3f4c1695d344206f0ed5f94f7d89af72e2d0af,contract_manifest,SUCCESS
MAMBA_PHY_K4_NOAUX,A_reference_sequence_terminal_proxy,RLOG_EQEXP_v1,equivalent_exposure_progress_v1,reference_pure_torch_ssd_mamba2_verified_adapter_v1,4,17,64,1788e40307f5b3a04b01269a5946fbb7443b6b8ec66160a1e6f43ac31024d5c7,formal,34.532243728637695,8.422595977783203,1.1187631155488567,1.5672677755355835,31.189024450057186,1.5807846953774598,19.455260759625077,1.8666934918492002,4,f5bb4751dda887c67d9ab86fbb3f4c1695d344206f0ed5f94f7d89af72e2d0af,contract_manifest,SUCCESS
MAMBA_PHY_K4_NOAUX,A_reference_sequence_terminal_proxy,RLOG_EQEXP_v1,equivalent_exposure_progress_v1,reference_pure_torch_ssd_mamba2_verified_adapter_v1,4,17,73,fe344a4792e96ac764ec826efbb548a6a8357b0288fd33a728e4054b5c41aab5,formal,16.860888481140137,8.711770057678223,0.6750449213994406,0.573898196220398,31.189024450057186,1.5807846953774598,19.455260759625077,1.8666934918492002,4,f5bb4751dda887c67d9ab86fbb3f4c1695d344206f0ed5f94f7d89af72e2d0af,contract_manifest,SUCCESS
MAMBA_PHY_K4_NOAUX,A_reference_sequence_terminal_proxy,RLOG_EQEXP_v1,equivalent_exposure_progress_v1,reference_pure_torch_ssd_mamba2_verified_adapter_v1,4,17,87,66ae8b02307cff09999534ecb75463518405acef13e4056ed3fc37c36364e98f,formal,17.658838272094727,5.756183624267578,1.2209187347067616,1.5817234516143799,31.189024450057186,1.5807846953774598,19.455260759625077,1.8666934918492002,4,f5bb4751dda887c67d9ab86fbb3f4c1695d344206f0ed5f94f7d89af72e2d0af,contract_manifest,SUCCESS
MAMBA_PHY_K4_NOAUX,A_reference_sequence_terminal_proxy,RLOG_EQEXP_v1,equivalent_exposure_progress_v1,reference_pure_torch_ssd_mamba2_verified_adapter_v1,4,17,88,66ae8b02307cff09999534ecb75463518405acef13e4056ed3fc37c36364e98f,formal,38.27968978881836,11.092083930969238,0.5092477284281047,1.538039207458496,31.189024450057186,1.5807846953774598,19.455260759625077,1.8666934918492002,4,f5bb4751dda887c67d9ab86fbb3f4c1695d344206f0ed5f94f7d89af72e2d0af,contract_manifest,SUCCESS
MAMBA_PHY_K4_NOAUX,A_reference_sequence_terminal_proxy,RLOG_EQEXP_v1,equivalent_exposure_progress_v1,reference_pure_torch_ssd_mamba2_verified_adapter_v1,4,17,98,b9f60f59661dba993be84bc849630ffee8e2a88560a1cd716ac669b13e591b7e,formal,1.2563902139663696,4.3207597732543945,0.48962209205214274,1.1622380018234253,31.189024450057186,1.5807846953774598,19.455260759625077,1.8666934918492002,4,f5bb4751dda887c67d9ab86fbb3f4c1695d344206f0ed5f94f7d89af72e2d0af,contract_manifest,SUCCESS
MAMBA_PHY_K4_NOAUX,A_reference_sequence_terminal_proxy,RLOG_EQEXP_v1,equivalent_exposure_progress_v1,reference_pure_torch_ssd_mamba2_verified_adapter_v1,4,17,101,e91c4479eae93c9537ea8923dfdaf6b8d856c8e8a1dcfa0b2b7d93b4bf9a90c1,formal,1.019090175628662,5.199860572814941,0.5339349751914885,0.8346789479255676,31.189024450057186,1.5807846953774598,19.455260759625077,1.8666934918492002,4,f5bb4751dda887c67d9ab86fbb3f4c1695d344206f0ed5f94f7d89af72e2d0af,contract_manifest,SUCCESS
MAMBA_PHY_K4_NOAUX,A_reference_sequence_terminal_proxy,RLOG_EQEXP_v1,equivalent_exposure_progress_v1,reference_pure_torch_ssd_mamba2_verified_adapter_v1,4,17,110,353bcd44fc9f76ccbc5c85479375a56ea38dada086dc770d3c43e2c4991c51e9,formal,37.64780616760254,19.221454620361328,1.5417473664901922,1.5787099599838257,31.189024450057186,1.5807846953774598,19.455260759625077,1.8666934918492002,4,f5bb4751dda887c67d9ab86fbb3f4c1695d344206f0ed5f94f7d89af72e2d0af,contract_manifest,SUCCESS
MAMBA_PHY_K4_NOAUX,A_reference_sequence_terminal_proxy,RLOG_EQEXP_v1,equivalent_exposure_progress_v1,reference_pure_torch_ssd_mamba2_verified_adapter_v1,4,17,117,240824940fd52f191a9391bfd66b29fc0db7d014f14e40d0e0880995fdb25aaf,formal,6.473586320877075,41.202796936035156,2.3071123614380715,3.0580177307128906,31.189024450057186,1.5807846953774598,19.455260759625077,1.8666934918492002,4,f5bb4751dda887c67d9ab86fbb3f4c1695d344206f0ed5f94f7d89af72e2d0af,contract_manifest,SUCCESS
MAMBA_PHY_K4_NOAUX,A_reference_sequence_terminal_proxy,RLOG_EQEXP_v1,equivalent_exposure_progress_v1,reference_pure_torch_ssd_mamba2_verified_adapter_v1,4,17,184,f877daa12838b05c4c46e233ddaf7aae23bd076119a0a051eda3bbcccc879b35,pass_main,3.38776433467865,5.648467540740967,0.5020345492988255,0.8409683704376221,31.189024450057186,1.5807846953774598,19.455260759625077,1.8666934918492002,4,f5bb4751dda887c67d9ab86fbb3f4c1695d344206f0ed5f94f7d89af72e2d0af,contract_manifest,SUCCESS
MAMBA_PHY_K4_NOAUX,A_reference_sequence_terminal_proxy,RLOG_EQEXP_v1,equivalent_exposure_progress_v1,reference_pure_torch_ssd_mamba2_verified_adapter_v1,4,17,185,f877daa12838b05c4c46e233ddaf7aae23bd076119a0a051eda3bbcccc879b35,pass_main,5.121310472488403,6.431964874267578,0.4179857851174886,0.6869726777076721,31.189024450057186,1.5807846953774598,19.455260759625077,1.8666934918492002,4,f5bb4751dda887c67d9ab86fbb3f4c1695d344206f0ed5f94f7d89af72e2d0af,contract_manifest,SUCCESS
MAMBA_PHY_K4_NOAUX,A_reference_sequence_terminal_proxy,RLOG_EQEXP_v1,equivalent_exposure_progress_v1,reference_pure_torch_ssd_mamba2_verified_adapter_v1,4,17,186,f877daa12838b05c4c46e233ddaf7aae23bd076119a0a051eda3bbcccc879b35,pass_main,0.2428667023777961,4.190378189086914,0.2257023864787131,1.1439043283462524,31.189024450057186,1.5807846953774598,19.455260759625077,1.8666934918492002,4,f5bb4751dda887c67d9ab86fbb3f4c1695d344206f0ed5f94f7d89af72e2d0af,contract_manifest,SUCCESS
MAMBA_PHY_K4_NOAUX,A_reference_sequence_terminal_proxy,RLOG_EQEXP_v1,equivalent_exposure_progress_v1,reference_pure_torch_ssd_mamba2_verified_adapter_v1,4,17,187,f877daa12838b05c4c46e233ddaf7aae23bd076119a0a051eda3bbcccc879b35,pass_main,2.007620692253113,4.902719020843506,0.3681723626755823,0.9954002499580383,31.189024450057186,1.5807846953774598,19.455260759625077,1.8666934918492002,4,f5bb4751dda887c67d9ab86fbb3f4c1695d344206f0ed5f94f7d89af72e2d0af,contract_manifest,SUCCESS
MAMBA_PHY_K4_NOAUX,A_reference_sequence_terminal_proxy,RLOG_EQEXP_v1,equivalent_exposure_progress_v1,reference_pure_torch_ssd_mamba2_verified_adapter_v1,4,17,188,52f32506f2cf5af65c3f6e92444a7466c3f60cd39101a8d7adee76b6c22a3fcc,pass_main,13.60419750213623,7.877222061157227,0.5498196163824405,0.7157523036003113,31.189024450057186,1.5807846953774598,19.455260759625077,1.8666934918492002,4,f5bb4751dda887c67d9ab86fbb3f4c1695d344206f0ed5f94f7d89af72e2d0af,contract_manifest,SUCCESS
MAMBA_PHY_K4_NOAUX,A_reference_sequence_terminal_proxy,RLOG_EQEXP_v1,equivalent_exposure_progress_v1,reference_pure_torch_ssd_mamba2_verified_adapter_v1,4,17,189,52f32506f2cf5af65c3f6e92444a7466c3f60cd39101a8d7adee76b6c22a3fcc,pass_main,2.942147970199585,4.517658233642578,0.2081651139823478,1.1570775508880615,31.189024450057186,1.5807846953774598,19.455260759625077,1.8666934918492002,4,f5bb4751dda887c67d9ab86fbb3f4c1695d344206f0ed5f94f7d89af72e2d0af,contract_manifest,SUCCESS
MAMBA_PHY_K4_NOAUX,A_reference_sequence_terminal_proxy,RLOG_EQEXP_v1,equivalent_exposure_progress_v1,reference_pure_torch_ssd_mamba2_verified_adapter_v1,4,17,190,52f32506f2cf5af65c3f6e92444a7466c3f60cd39101a8d7adee76b6c22a3fcc,pass_main,7.020557880401611,5.604093074798584,0.3485922186862819,1.0144840478897095,31.189024450057186,1.5807846953774598,19.455260759625077,1.8666934918492002,4,f5bb4751dda887c67d9ab86fbb3f4c1695d344206f0ed5f94f7d89af72e2d0af,contract_manifest,SUCCESS
MAMBA_PHY_K4_NOAUX,A_reference_sequence_terminal_proxy,RLOG_EQEXP_v1,equivalent_exposure_progress_v1,reference_pure_torch_ssd_mamba2_verified_adapter_v1,4,17,191,52f32506f2cf5af65c3f6e92444a7466c3f60cd39101a8d7adee76b6c22a3fcc,pass_main,10.375359535217283,6.722685813903809,2.274850839357904,0.8655105829238892,31.189024450057186,1.5807846953774598,19.455260759625077,1.8666934918492002,4,f5bb4751dda887c67d9ab86fbb3f4c1695d344206f0ed5f94f7d89af72e2d0af,contract_manifest,SUCCESS
MAMBA_PHY_K4_NOAUX,A_reference_sequence_terminal_proxy,RLOG_EQEXP_v1,equivalent_exposure_progress_v1,reference_pure_torch_ssd_mamba2_verified_adapter_v1,4,17,196,bbce1047d34536c22b50d8082ef4564abc920ac4f396e21bb1e28c6b463ae03b,pass_main,12.807421684265137,5.591067314147949,0.4469254467301296,0.7646052241325378,31.189024450057186,1.5807846953774598,19.455260759625077,1.8666934918492002,4,f5bb4751dda887c67d9ab86fbb3f4c1695d344206f0ed5f94f7d89af72e2d0af,contract_manifest,SUCCESS
MAMBA_PHY_K4_NOAUX,A_reference_sequence_terminal_proxy,RLOG_EQEXP_v1,equivalent_exposure_progress_v1,reference_pure_torch_ssd_mamba2_verified_adapter_v1,4,17,197,bbce1047d34536c22b50d8082ef4564abc920ac4f396e21bb1e28c6b463ae03b,pass_main,2.9207271337509155,3.924508810043335,0.2855375873620676,1.2146871089935303,31.189024450057186,1.5807846953774598,19.455260759625077,1.8666934918492002,4,f5bb4751dda887c67d9ab86fbb3f4c1695d344206f0ed5f94f7d89af72e2d0af,contract_manifest,SUCCESS
MAMBA_PHY_K4_NOAUX,A_reference_sequence_terminal_proxy,RLOG_EQEXP_v1,equivalent_exposure_progress_v1,reference_pure_torch_ssd_mamba2_verified_adapter_v1,4,17,198,bbce1047d34536c22b50d8082ef4564abc920ac4f396e21bb1e28c6b463ae03b,pass_main,9.415826797485352,4.997427463531494,0.38963434577370587,0.9209893941879272,31.189024450057186,1.5807846953774598,19.455260759625077,1.8666934918492002,4,f5bb4751dda887c67d9ab86fbb3f4c1695d344206f0ed5f94f7d89af72e2d0af,contract_manifest,SUCCESS
MAMBA_PHY_K4_NOAUX,A_reference_sequence_terminal_proxy,RLOG_EQEXP_v1,equivalent_exposure_progress_v1,reference_pure_torch_ssd_mamba2_verified_adapter_v1,4,17,199,bbce1047d34536c22b50d8082ef4564abc920ac4f396e21bb1e28c6b463ae03b,pass_main,6.082921266555786,4.443224906921387,0.2623798745020674,1.073173999786377,31.189024450057186,1.5807846953774598,19.455260759625077,1.8666934918492002,4,f5bb4751dda887c67d9ab86fbb3f4c1695d344206f0ed5f94f7d89af72e2d0af,contract_manifest,SUCCESS
MAMBA_PHY_K4_AUX,A_reference_sequence_terminal_proxy,RLOG_EQEXP_v1,equivalent_exposure_progress_v1,reference_pure_torch_ssd_mamba2_verified_adapter_v1,4,17,0,4db5fedaca3a9977a840ef0a14e0a347ebf06f58add282691f9764d395c85c56,formal,13.506645679473875,7.463138580322266,0.5568467653162318,0.7164311408996582,31.189024450057186,1.5807846953774598,19.455260759625077,1.8666934918492002,4,8d0120ddc1636acab0f33afc09cc9302ed3650666c7a3bcae25dd63d70e9875f,contract_manifest,SUCCESS
MAMBA_PHY_K4_AUX,A_reference_sequence_terminal_proxy,RLOG_EQEXP_v1,equivalent_exposure_progress_v1,reference_pure_torch_ssd_mamba2_verified_adapter_v1,4,17,6,59ab2c8a76e6cea570ab2bdbab7ec1c6b4a24bf5487ed181e33d3819c2dcf2f6,formal,6.117770195007324,6.879748344421387,0.8609633006685008,0.5663295388221741,31.189024450057186,1.5807846953774598,19.455260759625077,1.8666934918492002,4,8d0120ddc1636acab0f33afc09cc9302ed3650666c7a3bcae25dd63d70e9875f,contract_manifest,SUCCESS
MAMBA_PHY_K4_AUX,A_reference_sequence_terminal_proxy,RLOG_EQEXP_v1,equivalent_exposure_progress_v1,reference_pure_torch_ssd_mamba2_verified_adapter_v1,4,17,9,7374ab8bcdc516fd8ff63f4e609f73f9064a59eb0114fa48fdd2554679d9a876,formal,3.669000267982483,8.023646354675293,0.8386195127838436,1.3997383117675781,31.189024450057186,1.5807846953774598,19.455260759625077,1.8666934918492002,4,8d0120ddc1636acab0f33afc09cc9302ed3650666c7a3bcae25dd63d70e9875f,contract_manifest,SUCCESS
MAMBA_PHY_K4_AUX,A_reference_sequence_terminal_proxy,RLOG_EQEXP_v1,equivalent_exposure_progress_v1,reference_pure_torch_ssd_mamba2_verified_adapter_v1,4,17,15,8320198d6b750dba772a0e6acbad0f0e283bed44595fb3a4adb50c6d6af03770,formal,46.04010391235352,11.297324180603027,0.6025106451997915,1.268080472946167,31.189024450057186,1.5807846953774598,19.455260759625077,1.8666934918492002,4,8d0120ddc1636acab0f33afc09cc9302ed3650666c7a3bcae25dd63d70e9875f,contract_manifest,SUCCESS
MAMBA_PHY_K4_AUX,A_reference_sequence_terminal_proxy,RLOG_EQEXP_v1,equivalent_exposure_progress_v1,reference_pure_torch_ssd_mamba2_verified_adapter_v1,4,17,18,02495b203f4e92e4d84d061078678dfd5ea9465249cd1858a9b84e7b7ffaaf24,formal,6.017935276031494,8.253759384155273,0.7173909583204263,1.61931312084198,31.189024450057186,1.5807846953774598,19.455260759625077,1.8666934918492002,4,8d0120ddc1636acab0f33afc09cc9302ed3650666c7a3bcae25dd63d70e9875f,contract_manifest,SUCCESS
MAMBA_PHY_K4_AUX,A_reference_sequence_terminal_proxy,RLOG_EQEXP_v1,equivalent_exposure_progress_v1,reference_pure_torch_ssd_mamba2_verified_adapter_v1,4,17,22,8fd7101200e3b1cb67e396805be6ff4533f7aa6bb922fa7af059fad2c392f70e,formal,63.91909408569336,43.08035659790039,6.436429863363623,2.275949239730835,31.189024450057186,1.5807846953774598,19.455260759625077,1.8666934918492002,4,8d0120ddc1636acab0f33afc09cc9302ed3650666c7a3bcae25dd63d70e9875f,contract_manifest,SUCCESS
MAMBA_PHY_K4_AUX,A_reference_sequence_terminal_proxy,RLOG_EQEXP_v1,equivalent_exposure_progress_v1,reference_pure_torch_ssd_mamba2_verified_adapter_v1,4,17,24,f60df8a644040bd0be92f658adf4a27a588d9061d14c5f9eac373efd44410172,formal,16.00606060028076,7.560803413391113,0.5555177420197319,0.9001274108886719,31.189024450057186,1.5807846953774598,19.455260759625077,1.8666934918492002,4,8d0120ddc1636acab0f33afc09cc9302ed3650666c7a3bcae25dd63d70e9875f,contract_manifest,SUCCESS
MAMBA_PHY_K4_AUX,A_reference_sequence_terminal_proxy,RLOG_EQEXP_v1,equivalent_exposure_progress_v1,reference_pure_torch_ssd_mamba2_verified_adapter_v1,4,17,25,29df981316e2ec1429a8852627cec65def69b5a421a66109aec528bf167f657a,formal,0.1714805662631988,4.060027122497559,0.2533661148781425,1.1393678188323975,31.189024450057186,1.5807846953774598,19.455260759625077,1.8666934918492002,4,8d0120ddc1636acab0f33afc09cc9302ed3650666c7a3bcae25dd63d70e9875f,contract_manifest,SUCCESS
MAMBA_PHY_K4_AUX,A_reference_sequence_terminal_proxy,RLOG_EQEXP_v1,equivalent_exposure_progress_v1,reference_pure_torch_ssd_mamba2_verified_adapter_v1,4,17,27,603622c1fc454d943e7bccc8cb062a41eee8581cbcad34ffeb7de56c13a625ca,formal,9.989048480987549,5.024354934692383,0.3220711678987629,1.341996431350708,31.189024450057186,1.5807846953774598,19.455260759625077,1.8666934918492002,4,8d0120ddc1636acab0f33afc09cc9302ed3650666c7a3bcae25dd63d70e9875f,contract_manifest,SUCCESS
MAMBA_PHY_K4_AUX,A_reference_sequence_terminal_proxy,RLOG_EQEXP_v1,equivalent_exposure_progress_v1,reference_pure_torch_ssd_mamba2_verified_adapter_v1,4,17,28,432bf64dffb15dc46bcf356604f79c43e0238dae3dca2dd01efd91c4d1703112,formal,39.56353569030762,11.987319946289062,0.5183954505297508,1.0380682945251465,31.189024450057186,1.5807846953774598,19.455260759625077,1.8666934918492002,4,8d0120ddc1636acab0f33afc09cc9302ed3650666c7a3bcae25dd63d70e9875f,contract_manifest,SUCCESS
MAMBA_PHY_K4_AUX,A_reference_sequence_terminal_proxy,RLOG_EQEXP_v1,equivalent_exposure_progress_v1,reference_pure_torch_ssd_mamba2_verified_adapter_v1,4,17,29,a97bac9b2c736cc33758f16f5332b4e974ef6ef447181c619ab9ff02d88ffb89,formal,17.576498985290527,6.395501136779785,0.33431207825041354,1.2409621477127075,31.189024450057186,1.5807846953774598,19.455260759625077,1.8666934918492002,4,8d0120ddc1636acab0f33afc09cc9302ed3650666c7a3bcae25dd63d70e9875f,contract_manifest,SUCCESS
MAMBA_PHY_K4_AUX,A_reference_sequence_terminal_proxy,RLOG_EQEXP_v1,equivalent_exposure_progress_v1,reference_pure_torch_ssd_mamba2_verified_adapter_v1,4,17,32,052788fd2e1aceae61efd5c34e8e3d76de906357c39fe9b8ec5b8912aaae073e,formal,57.54034423828125,21.950563430786133,0.8658280294020552,1.3029297590255737,31.189024450057186,1.5807846953774598,19.455260759625077,1.8666934918492002,4,8d0120ddc1636acab0f33afc09cc9302ed3650666c7a3bcae25dd63d70e9875f,contract_manifest,SUCCESS
MAMBA_PHY_K4_AUX,A_reference_sequence_terminal_proxy,RLOG_EQEXP_v1,equivalent_exposure_progress_v1,reference_pure_torch_ssd_mamba2_verified_adapter_v1,4,17,38,d73fc8da155734c1b9df67d55a45a97780a6633b3b0e61b3d61b3e01c3d4d5b8,formal,5.322521686553955,15.326702117919922,1.0995530386459058,1.7872661352157593,31.189024450057186,1.5807846953774598,19.455260759625077,1.8666934918492002,4,8d0120ddc1636acab0f33afc09cc9302ed3650666c7a3bcae25dd63d70e9875f,contract_manifest,SUCCESS
MAMBA_PHY_K4_AUX,A_reference_sequence_terminal_proxy,RLOG_EQEXP_v1,equivalent_exposure_progress_v1,reference_pure_torch_ssd_mamba2_verified_adapter_v1,4,17,43,97cdbd709d1cdc651b15abf2347ee874b5a0f4bdddafd2fce6eeacaf576ceda5,formal,52.191043853759766,27.940969467163086,4.446025450022809,1.9984921216964722,31.189024450057186,1.5807846953774598,19.455260759625077,1.8666934918492002,4,8d0120ddc1636acab0f33afc09cc9302ed3650666c7a3bcae25dd63d70e9875f,contract_manifest,SUCCESS
MAMBA_PHY_K4_AUX,A_reference_sequence_terminal_proxy,RLOG_EQEXP_v1,equivalent_exposure_progress_v1,reference_pure_torch_ssd_mamba2_verified_adapter_v1,4,17,46,5404563b0b3f1459042a691c0755a27284de48f249020910321075b3ec11a323,formal,45.29147720336914,12.12021255493164,1.5113702797081814,1.653813123703003,31.189024450057186,1.5807846953774598,19.455260759625077,1.8666934918492002,4,8d0120ddc1636acab0f33afc09cc9302ed3650666c7a3bcae25dd63d70e9875f,contract_manifest,SUCCESS
MAMBA_PHY_K4_AUX,A_reference_sequence_terminal_proxy,RLOG_EQEXP_v1,equivalent_exposure_progress_v1,reference_pure_torch_ssd_mamba2_verified_adapter_v1,4,17,55,caaca8bc777b6ee58409439c8c6c16c8b57e06f0571d0cfbd27dd349b8037d92,formal,41.64340782165527,19.08416175842285,0.44915598874541796,1.6258506774902344,31.189024450057186,1.5807846953774598,19.455260759625077,1.8666934918492002,4,8d0120ddc1636acab0f33afc09cc9302ed3650666c7a3bcae25dd63d70e9875f,contract_manifest,SUCCESS
MAMBA_PHY_K4_AUX,A_reference_sequence_terminal_proxy,RLOG_EQEXP_v1,equivalent_exposure_progress_v1,reference_pure_torch_ssd_mamba2_verified_adapter_v1,4,17,64,1788e40307f5b3a04b01269a5946fbb7443b6b8ec66160a1e6f43ac31024d5c7,formal,34.532243728637695,8.553682327270508,1.1187631155488567,1.5470739603042603,31.189024450057186,1.5807846953774598,19.455260759625077,1.8666934918492002,4,8d0120ddc1636acab0f33afc09cc9302ed3650666c7a3bcae25dd63d70e9875f,contract_manifest,SUCCESS
MAMBA_PHY_K4_AUX,A_reference_sequence_terminal_proxy,RLOG_EQEXP_v1,equivalent_exposure_progress_v1,reference_pure_torch_ssd_mamba2_verified_adapter_v1,4,17,73,fe344a4792e96ac764ec826efbb548a6a8357b0288fd33a728e4054b5c41aab5,formal,16.860888481140137,8.505003929138184,0.6750449213994406,0.5885084867477417,31.189024450057186,1.5807846953774598,19.455260759625077,1.8666934918492002,4,8d0120ddc1636acab0f33afc09cc9302ed3650666c7a3bcae25dd63d70e9875f,contract_manifest,SUCCESS
MAMBA_PHY_K4_AUX,A_reference_sequence_terminal_proxy,RLOG_EQEXP_v1,equivalent_exposure_progress_v1,reference_pure_torch_ssd_mamba2_verified_adapter_v1,4,17,87,66ae8b02307cff09999534ecb75463518405acef13e4056ed3fc37c36364e98f,formal,17.658838272094727,5.861132621765137,1.2209187347067616,1.5684616565704346,31.189024450057186,1.5807846953774598,19.455260759625077,1.8666934918492002,4,8d0120ddc1636acab0f33afc09cc9302ed3650666c7a3bcae25dd63d70e9875f,contract_manifest,SUCCESS
MAMBA_PHY_K4_AUX,A_reference_sequence_terminal_proxy,RLOG_EQEXP_v1,equivalent_exposure_progress_v1,reference_pure_torch_ssd_mamba2_verified_adapter_v1,4,17,88,66ae8b02307cff09999534ecb75463518405acef13e4056ed3fc37c36364e98f,formal,38.27968978881836,11.243110656738281,0.5092477284281047,1.5095213651657104,31.189024450057186,1.5807846953774598,19.455260759625077,1.8666934918492002,4,8d0120ddc1636acab0f33afc09cc9302ed3650666c7a3bcae25dd63d70e9875f,contract_manifest,SUCCESS
MAMBA_PHY_K4_AUX,A_reference_sequence_terminal_proxy,RLOG_EQEXP_v1,equivalent_exposure_progress_v1,reference_pure_torch_ssd_mamba2_verified_adapter_v1,4,17,98,b9f60f59661dba993be84bc849630ffee8e2a88560a1cd716ac669b13e591b7e,formal,1.2563902139663696,4.321600437164307,0.48962209205214274,1.175856590270996,31.189024450057186,1.5807846953774598,19.455260759625077,1.8666934918492002,4,8d0120ddc1636acab0f33afc09cc9302ed3650666c7a3bcae25dd63d70e9875f,contract_manifest,SUCCESS
MAMBA_PHY_K4_AUX,A_reference_sequence_terminal_proxy,RLOG_EQEXP_v1,equivalent_exposure_progress_v1,reference_pure_torch_ssd_mamba2_verified_adapter_v1,4,17,101,e91c4479eae93c9537ea8923dfdaf6b8d856c8e8a1dcfa0b2b7d93b4bf9a90c1,formal,1.019090175628662,5.14438009262085,0.5339349751914885,0.8589574098587036,31.189024450057186,1.5807846953774598,19.455260759625077,1.8666934918492002,4,8d0120ddc1636acab0f33afc09cc9302ed3650666c7a3bcae25dd63d70e9875f,contract_manifest,SUCCESS
MAMBA_PHY_K4_AUX,A_reference_sequence_terminal_proxy,RLOG_EQEXP_v1,equivalent_exposure_progress_v1,reference_pure_torch_ssd_mamba2_verified_adapter_v1,4,17,110,353bcd44fc9f76ccbc5c85479375a56ea38dada086dc770d3c43e2c4991c51e9,formal,37.64780616760254,19.365543365478516,1.5417473664901922,1.5420197248458862,31.189024450057186,1.5807846953774598,19.455260759625077,1.8666934918492002,4,8d0120ddc1636acab0f33afc09cc9302ed3650666c7a3bcae25dd63d70e9875f,contract_manifest,SUCCESS
MAMBA_PHY_K4_AUX,A_reference_sequence_terminal_proxy,RLOG_EQEXP_v1,equivalent_exposure_progress_v1,reference_pure_torch_ssd_mamba2_verified_adapter_v1,4,17,117,240824940fd52f191a9391bfd66b29fc0db7d014f14e40d0e0880995fdb25aaf,formal,6.473586320877075,40.8875617980957,2.3071123614380715,3.0113444328308105,31.189024450057186,1.5807846953774598,19.455260759625077,1.8666934918492002,4,8d0120ddc1636acab0f33afc09cc9302ed3650666c7a3bcae25dd63d70e9875f,contract_manifest,SUCCESS
MAMBA_PHY_K4_AUX,A_reference_sequence_terminal_proxy,RLOG_EQEXP_v1,equivalent_exposure_progress_v1,reference_pure_torch_ssd_mamba2_verified_adapter_v1,4,17,184,f877daa12838b05c4c46e233ddaf7aae23bd076119a0a051eda3bbcccc879b35,pass_main,3.38776433467865,5.556563377380371,0.5020345492988255,0.8598180413246155,31.189024450057186,1.5807846953774598,19.455260759625077,1.8666934918492002,4,8d0120ddc1636acab0f33afc09cc9302ed3650666c7a3bcae25dd63d70e9875f,contract_manifest,SUCCESS
MAMBA_PHY_K4_AUX,A_reference_sequence_terminal_proxy,RLOG_EQEXP_v1,equivalent_exposure_progress_v1,reference_pure_torch_ssd_mamba2_verified_adapter_v1,4,17,185,f877daa12838b05c4c46e233ddaf7aae23bd076119a0a051eda3bbcccc879b35,pass_main,5.121310472488403,6.301191329956055,0.4179857851174886,0.7080972194671631,31.189024450057186,1.5807846953774598,19.455260759625077,1.8666934918492002,4,8d0120ddc1636acab0f33afc09cc9302ed3650666c7a3bcae25dd63d70e9875f,contract_manifest,SUCCESS
MAMBA_PHY_K4_AUX,A_reference_sequence_terminal_proxy,RLOG_EQEXP_v1,equivalent_exposure_progress_v1,reference_pure_torch_ssd_mamba2_verified_adapter_v1,4,17,186,f877daa12838b05c4c46e233ddaf7aae23bd076119a0a051eda3bbcccc879b35,pass_main,0.2428667023777961,4.157482147216797,0.2257023864787131,1.1575400829315186,31.189024450057186,1.5807846953774598,19.455260759625077,1.8666934918492002,4,8d0120ddc1636acab0f33afc09cc9302ed3650666c7a3bcae25dd63d70e9875f,contract_manifest,SUCCESS
MAMBA_PHY_K4_AUX,A_reference_sequence_terminal_proxy,RLOG_EQEXP_v1,equivalent_exposure_progress_v1,reference_pure_torch_ssd_mamba2_verified_adapter_v1,4,17,187,f877daa12838b05c4c46e233ddaf7aae23bd076119a0a051eda3bbcccc879b35,pass_main,2.007620692253113,4.842929363250732,0.3681723626755823,1.0118162631988525,31.189024450057186,1.5807846953774598,19.455260759625077,1.8666934918492002,4,8d0120ddc1636acab0f33afc09cc9302ed3650666c7a3bcae25dd63d70e9875f,contract_manifest,SUCCESS
MAMBA_PHY_K4_AUX,A_reference_sequence_terminal_proxy,RLOG_EQEXP_v1,equivalent_exposure_progress_v1,reference_pure_torch_ssd_mamba2_verified_adapter_v1,4,17,188,52f32506f2cf5af65c3f6e92444a7466c3f60cd39101a8d7adee76b6c22a3fcc,pass_main,13.60419750213623,7.720608711242676,0.5498196163824405,0.7280082702636719,31.189024450057186,1.5807846953774598,19.455260759625077,1.8666934918492002,4,8d0120ddc1636acab0f33afc09cc9302ed3650666c7a3bcae25dd63d70e9875f,contract_manifest,SUCCESS
MAMBA_PHY_K4_AUX,A_reference_sequence_terminal_proxy,RLOG_EQEXP_v1,equivalent_exposure_progress_v1,reference_pure_torch_ssd_mamba2_verified_adapter_v1,4,17,189,52f32506f2cf5af65c3f6e92444a7466c3f60cd39101a8d7adee76b6c22a3fcc,pass_main,2.942147970199585,4.461911678314209,0.2081651139823478,1.1660373210906982,31.189024450057186,1.5807846953774598,19.455260759625077,1.8666934918492002,4,8d0120ddc1636acab0f33afc09cc9302ed3650666c7a3bcae25dd63d70e9875f,contract_manifest,SUCCESS
MAMBA_PHY_K4_AUX,A_reference_sequence_terminal_proxy,RLOG_EQEXP_v1,equivalent_exposure_progress_v1,reference_pure_torch_ssd_mamba2_verified_adapter_v1,4,17,190,52f32506f2cf5af65c3f6e92444a7466c3f60cd39101a8d7adee76b6c22a3fcc,pass_main,7.020557880401611,5.519316673278809,0.3485922186862819,1.0246409177780151,31.189024450057186,1.5807846953774598,19.455260759625077,1.8666934918492002,4,8d0120ddc1636acab0f33afc09cc9302ed3650666c7a3bcae25dd63d70e9875f,contract_manifest,SUCCESS
MAMBA_PHY_K4_AUX,A_reference_sequence_terminal_proxy,RLOG_EQEXP_v1,equivalent_exposure_progress_v1,reference_pure_torch_ssd_mamba2_verified_adapter_v1,4,17,191,52f32506f2cf5af65c3f6e92444a7466c3f60cd39101a8d7adee76b6c22a3fcc,pass_main,10.375359535217283,6.604799270629883,2.274850839357904,0.8766146898269653,31.189024450057186,1.5807846953774598,19.455260759625077,1.8666934918492002,4,8d0120ddc1636acab0f33afc09cc9302ed3650666c7a3bcae25dd63d70e9875f,contract_manifest,SUCCESS
MAMBA_PHY_K4_AUX,A_reference_sequence_terminal_proxy,RLOG_EQEXP_v1,equivalent_exposure_progress_v1,reference_pure_torch_ssd_mamba2_verified_adapter_v1,4,17,196,bbce1047d34536c22b50d8082ef4564abc920ac4f396e21bb1e28c6b463ae03b,pass_main,12.807421684265137,5.498161315917969,0.4469254467301296,0.7843049764633179,31.189024450057186,1.5807846953774598,19.455260759625077,1.8666934918492002,4,8d0120ddc1636acab0f33afc09cc9302ed3650666c7a3bcae25dd63d70e9875f,contract_manifest,SUCCESS
MAMBA_PHY_K4_AUX,A_reference_sequence_terminal_proxy,RLOG_EQEXP_v1,equivalent_exposure_progress_v1,reference_pure_torch_ssd_mamba2_verified_adapter_v1,4,17,197,bbce1047d34536c22b50d8082ef4564abc920ac4f396e21bb1e28c6b463ae03b,pass_main,2.9207271337509155,3.9109394550323486,0.2855375873620676,1.2262511253356934,31.189024450057186,1.5807846953774598,19.455260759625077,1.8666934918492002,4,8d0120ddc1636acab0f33afc09cc9302ed3650666c7a3bcae25dd63d70e9875f,contract_manifest,SUCCESS
MAMBA_PHY_K4_AUX,A_reference_sequence_terminal_proxy,RLOG_EQEXP_v1,equivalent_exposure_progress_v1,reference_pure_torch_ssd_mamba2_verified_adapter_v1,4,17,198,bbce1047d34536c22b50d8082ef4564abc920ac4f396e21bb1e28c6b463ae03b,pass_main,9.415826797485352,4.937110900878906,0.38963434577370587,0.9379559755325317,31.189024450057186,1.5807846953774598,19.455260759625077,1.8666934918492002,4,8d0120ddc1636acab0f33afc09cc9302ed3650666c7a3bcae25dd63d70e9875f,contract_manifest,SUCCESS
MAMBA_PHY_K4_AUX,A_reference_sequence_terminal_proxy,RLOG_EQEXP_v1,equivalent_exposure_progress_v1,reference_pure_torch_ssd_mamba2_verified_adapter_v1,4,17,199,bbce1047d34536c22b50d8082ef4564abc920ac4f396e21bb1e28c6b463ae03b,pass_main,6.082921266555786,4.408937931060791,0.2623798745020674,1.0874569416046143,31.189024450057186,1.5807846953774598,19.455260759625077,1.8666934918492002,4,8d0120ddc1636acab0f33afc09cc9302ed3650666c7a3bcae25dd63d70e9875f,contract_manifest,SUCCESS
MAMBA_PHY_K32_AUX,A_reference_sequence_terminal_proxy,RLOG_EQEXP_v1,equivalent_exposure_progress_v1,reference_pure_torch_ssd_mamba2_verified_adapter_v1,4,17,0,4db5fedaca3a9977a840ef0a14e0a347ebf06f58add282691f9764d395c85c56,formal,13.506645679473875,17.293397903442383,0.5568467653162318,1.18877112865448,31.189024450057186,1.5807846953774598,19.455260759625077,1.8666934918492002,32,b243c1a5c88f9b1febe4b10ec68e72635b43938d221a45059cbaa2cdcb43c9d6,contract_manifest,SUCCESS
MAMBA_PHY_K32_AUX,A_reference_sequence_terminal_proxy,RLOG_EQEXP_v1,equivalent_exposure_progress_v1,reference_pure_torch_ssd_mamba2_verified_adapter_v1,4,17,6,59ab2c8a76e6cea570ab2bdbab7ec1c6b4a24bf5487ed181e33d3819c2dcf2f6,formal,6.117770195007324,21.615293502807617,0.8609633006685008,1.2803128957748413,31.189024450057186,1.5807846953774598,19.455260759625077,1.8666934918492002,32,b243c1a5c88f9b1febe4b10ec68e72635b43938d221a45059cbaa2cdcb43c9d6,contract_manifest,SUCCESS
MAMBA_PHY_K32_AUX,A_reference_sequence_terminal_proxy,RLOG_EQEXP_v1,equivalent_exposure_progress_v1,reference_pure_torch_ssd_mamba2_verified_adapter_v1,4,17,9,7374ab8bcdc516fd8ff63f4e609f73f9064a59eb0114fa48fdd2554679d9a876,formal,3.669000267982483,19.586870193481445,0.8386195127838436,1.4469162225723267,31.189024450057186,1.5807846953774598,19.455260759625077,1.8666934918492002,32,b243c1a5c88f9b1febe4b10ec68e72635b43938d221a45059cbaa2cdcb43c9d6,contract_manifest,SUCCESS
MAMBA_PHY_K32_AUX,A_reference_sequence_terminal_proxy,RLOG_EQEXP_v1,equivalent_exposure_progress_v1,reference_pure_torch_ssd_mamba2_verified_adapter_v1,4,17,15,8320198d6b750dba772a0e6acbad0f0e283bed44595fb3a4adb50c6d6af03770,formal,46.04010391235352,31.273962020874023,0.6025106451997915,1.742716670036316,31.189024450057186,1.5807846953774598,19.455260759625077,1.8666934918492002,32,b243c1a5c88f9b1febe4b10ec68e72635b43938d221a45059cbaa2cdcb43c9d6,contract_manifest,SUCCESS
MAMBA_PHY_K32_AUX,A_reference_sequence_terminal_proxy,RLOG_EQEXP_v1,equivalent_exposure_progress_v1,reference_pure_torch_ssd_mamba2_verified_adapter_v1,4,17,18,02495b203f4e92e4d84d061078678dfd5ea9465249cd1858a9b84e7b7ffaaf24,formal,6.017935276031494,22.762529373168945,0.7173909583204263,1.6778404712677002,31.189024450057186,1.5807846953774598,19.455260759625077,1.8666934918492002,32,b243c1a5c88f9b1febe4b10ec68e72635b43938d221a45059cbaa2cdcb43c9d6,contract_manifest,SUCCESS
MAMBA_PHY_K32_AUX,A_reference_sequence_terminal_proxy,RLOG_EQEXP_v1,equivalent_exposure_progress_v1,reference_pure_torch_ssd_mamba2_verified_adapter_v1,4,17,22,8fd7101200e3b1cb67e396805be6ff4533f7aa6bb922fa7af059fad2c392f70e,formal,63.91909408569336,68.3276138305664,6.436429863363623,2.979947090148926,31.189024450057186,1.5807846953774598,19.455260759625077,1.8666934918492002,32,b243c1a5c88f9b1febe4b10ec68e72635b43938d221a45059cbaa2cdcb43c9d6,contract_manifest,SUCCESS
MAMBA_PHY_K32_AUX,A_reference_sequence_terminal_proxy,RLOG_EQEXP_v1,equivalent_exposure_progress_v1,reference_pure_torch_ssd_mamba2_verified_adapter_v1,4,17,24,f60df8a644040bd0be92f658adf4a27a588d9061d14c5f9eac373efd44410172,formal,16.00606060028076,17.027408599853516,0.5555177420197319,1.233066439628601,31.189024450057186,1.5807846953774598,19.455260759625077,1.8666934918492002,32,b243c1a5c88f9b1febe4b10ec68e72635b43938d221a45059cbaa2cdcb43c9d6,contract_manifest,SUCCESS
MAMBA_PHY_K32_AUX,A_reference_sequence_terminal_proxy,RLOG_EQEXP_v1,equivalent_exposure_progress_v1,reference_pure_torch_ssd_mamba2_verified_adapter_v1,4,17,25,29df981316e2ec1429a8852627cec65def69b5a421a66109aec528bf167f657a,formal,0.1714805662631988,13.748461723327637,0.2533661148781425,1.3139679431915283,31.189024450057186,1.5807846953774598,19.455260759625077,1.8666934918492002,32,b243c1a5c88f9b1febe4b10ec68e72635b43938d221a45059cbaa2cdcb43c9d6,contract_manifest,SUCCESS
MAMBA_PHY_K32_AUX,A_reference_sequence_terminal_proxy,RLOG_EQEXP_v1,equivalent_exposure_progress_v1,reference_pure_torch_ssd_mamba2_verified_adapter_v1,4,17,27,603622c1fc454d943e7bccc8cb062a41eee8581cbcad34ffeb7de56c13a625ca,formal,9.989048480987549,14.715336799621582,0.3220711678987629,1.3671095371246338,31.189024450057186,1.5807846953774598,19.455260759625077,1.8666934918492002,32,b243c1a5c88f9b1febe4b10ec68e72635b43938d221a45059cbaa2cdcb43c9d6,contract_manifest,SUCCESS
MAMBA_PHY_K32_AUX,A_reference_sequence_terminal_proxy,RLOG_EQEXP_v1,equivalent_exposure_progress_v1,reference_pure_torch_ssd_mamba2_verified_adapter_v1,4,17,28,432bf64dffb15dc46bcf356604f79c43e0238dae3dca2dd01efd91c4d1703112,formal,39.56353569030762,26.645490646362305,0.5183954505297508,1.4448530673980713,31.189024450057186,1.5807846953774598,19.455260759625077,1.8666934918492002,32,b243c1a5c88f9b1febe4b10ec68e72635b43938d221a45059cbaa2cdcb43c9d6,contract_manifest,SUCCESS
MAMBA_PHY_K32_AUX,A_reference_sequence_terminal_proxy,RLOG_EQEXP_v1,equivalent_exposure_progress_v1,reference_pure_torch_ssd_mamba2_verified_adapter_v1,4,17,29,a97bac9b2c736cc33758f16f5332b4e974ef6ef447181c619ab9ff02d88ffb89,formal,17.576498985290527,18.604509353637695,0.33431207825041354,1.4220287799835205,31.189024450057186,1.5807846953774598,19.455260759625077,1.8666934918492002,32,b243c1a5c88f9b1febe4b10ec68e72635b43938d221a45059cbaa2cdcb43c9d6,contract_manifest,SUCCESS
MAMBA_PHY_K32_AUX,A_reference_sequence_terminal_proxy,RLOG_EQEXP_v1,equivalent_exposure_progress_v1,reference_pure_torch_ssd_mamba2_verified_adapter_v1,4,17,32,052788fd2e1aceae61efd5c34e8e3d76de906357c39fe9b8ec5b8912aaae073e,formal,57.54034423828125,41.85302734375,0.8658280294020552,1.8000212907791138,31.189024450057186,1.5807846953774598,19.455260759625077,1.8666934918492002,32,b243c1a5c88f9b1febe4b10ec68e72635b43938d221a45059cbaa2cdcb43c9d6,contract_manifest,SUCCESS
MAMBA_PHY_K32_AUX,A_reference_sequence_terminal_proxy,RLOG_EQEXP_v1,equivalent_exposure_progress_v1,reference_pure_torch_ssd_mamba2_verified_adapter_v1,4,17,38,d73fc8da155734c1b9df67d55a45a97780a6633b3b0e61b3d61b3e01c3d4d5b8,formal,5.322521686553955,35.68549346923828,1.0995530386459058,2.0626983642578125,31.189024450057186,1.5807846953774598,19.455260759625077,1.8666934918492002,32,b243c1a5c88f9b1febe4b10ec68e72635b43938d221a45059cbaa2cdcb43c9d6,contract_manifest,SUCCESS
MAMBA_PHY_K32_AUX,A_reference_sequence_terminal_proxy,RLOG_EQEXP_v1,equivalent_exposure_progress_v1,reference_pure_torch_ssd_mamba2_verified_adapter_v1,4,17,43,97cdbd709d1cdc651b15abf2347ee874b5a0f4bdddafd2fce6eeacaf576ceda5,formal,52.191043853759766,54.067684173583984,4.446025450022809,2.5727200508117676,31.189024450057186,1.5807846953774598,19.455260759625077,1.8666934918492002,32,b243c1a5c88f9b1febe4b10ec68e72635b43938d221a45059cbaa2cdcb43c9d6,contract_manifest,SUCCESS
MAMBA_PHY_K32_AUX,A_reference_sequence_terminal_proxy,RLOG_EQEXP_v1,equivalent_exposure_progress_v1,reference_pure_torch_ssd_mamba2_verified_adapter_v1,4,17,46,5404563b0b3f1459042a691c0755a27284de48f249020910321075b3ec11a323,formal,45.29147720336914,38.1086540222168,1.5113702797081814,2.2034547328948975,31.189024450057186,1.5807846953774598,19.455260759625077,1.8666934918492002,32,b243c1a5c88f9b1febe4b10ec68e72635b43938d221a45059cbaa2cdcb43c9d6,contract_manifest,SUCCESS
MAMBA_PHY_K32_AUX,A_reference_sequence_terminal_proxy,RLOG_EQEXP_v1,equivalent_exposure_progress_v1,reference_pure_torch_ssd_mamba2_verified_adapter_v1,4,17,55,caaca8bc777b6ee58409439c8c6c16c8b57e06f0571d0cfbd27dd349b8037d92,formal,41.64340782165527,36.17933654785156,0.44915598874541796,1.8050857782363892,31.189024450057186,1.5807846953774598,19.455260759625077,1.8666934918492002,32,b243c1a5c88f9b1febe4b10ec68e72635b43938d221a45059cbaa2cdcb43c9d6,contract_manifest,SUCCESS
MAMBA_PHY_K32_AUX,A_reference_sequence_terminal_proxy,RLOG_EQEXP_v1,equivalent_exposure_progress_v1,reference_pure_torch_ssd_mamba2_verified_adapter_v1,4,17,64,1788e40307f5b3a04b01269a5946fbb7443b6b8ec66160a1e6f43ac31024d5c7,formal,34.532243728637695,26.704498291015625,1.1187631155488567,1.7771345376968384,31.189024450057186,1.5807846953774598,19.455260759625077,1.8666934918492002,32,b243c1a5c88f9b1febe4b10ec68e72635b43938d221a45059cbaa2cdcb43c9d6,contract_manifest,SUCCESS
MAMBA_PHY_K32_AUX,A_reference_sequence_terminal_proxy,RLOG_EQEXP_v1,equivalent_exposure_progress_v1,reference_pure_torch_ssd_mamba2_verified_adapter_v1,4,17,73,fe344a4792e96ac764ec826efbb548a6a8357b0288fd33a728e4054b5c41aab5,formal,16.860888481140137,19.061317443847656,0.6750449213994406,1.159242033958435,31.189024450057186,1.5807846953774598,19.455260759625077,1.8666934918492002,32,b243c1a5c88f9b1febe4b10ec68e72635b43938d221a45059cbaa2cdcb43c9d6,contract_manifest,SUCCESS
MAMBA_PHY_K32_AUX,A_reference_sequence_terminal_proxy,RLOG_EQEXP_v1,equivalent_exposure_progress_v1,reference_pure_torch_ssd_mamba2_verified_adapter_v1,4,17,87,66ae8b02307cff09999534ecb75463518405acef13e4056ed3fc37c36364e98f,formal,17.658838272094727,20.834320068359375,1.2209187347067616,1.6573628187179565,31.189024450057186,1.5807846953774598,19.455260759625077,1.8666934918492002,32,b243c1a5c88f9b1febe4b10ec68e72635b43938d221a45059cbaa2cdcb43c9d6,contract_manifest,SUCCESS
MAMBA_PHY_K32_AUX,A_reference_sequence_terminal_proxy,RLOG_EQEXP_v1,equivalent_exposure_progress_v1,reference_pure_torch_ssd_mamba2_verified_adapter_v1,4,17,88,66ae8b02307cff09999534ecb75463518405acef13e4056ed3fc37c36364e98f,formal,38.27968978881836,31.905303955078125,0.5092477284281047,1.8739182949066162,31.189024450057186,1.5807846953774598,19.455260759625077,1.8666934918492002,32,b243c1a5c88f9b1febe4b10ec68e72635b43938d221a45059cbaa2cdcb43c9d6,contract_manifest,SUCCESS
MAMBA_PHY_K32_AUX,A_reference_sequence_terminal_proxy,RLOG_EQEXP_v1,equivalent_exposure_progress_v1,reference_pure_torch_ssd_mamba2_verified_adapter_v1,4,17,98,b9f60f59661dba993be84bc849630ffee8e2a88560a1cd716ac669b13e591b7e,formal,1.2563902139663696,13.59464168548584,0.48962209205214274,1.3060065507888794,31.189024450057186,1.5807846953774598,19.455260759625077,1.8666934918492002,32,b243c1a5c88f9b1febe4b10ec68e72635b43938d221a45059cbaa2cdcb43c9d6,contract_manifest,SUCCESS
MAMBA_PHY_K32_AUX,A_reference_sequence_terminal_proxy,RLOG_EQEXP_v1,equivalent_exposure_progress_v1,reference_pure_torch_ssd_mamba2_verified_adapter_v1,4,17,101,e91c4479eae93c9537ea8923dfdaf6b8d856c8e8a1dcfa0b2b7d93b4bf9a90c1,formal,1.019090175628662,16.49517822265625,0.5339349751914885,1.2858680486679077,31.189024450057186,1.5807846953774598,19.455260759625077,1.8666934918492002,32,b243c1a5c88f9b1febe4b10ec68e72635b43938d221a45059cbaa2cdcb43c9d6,contract_manifest,SUCCESS
MAMBA_PHY_K32_AUX,A_reference_sequence_terminal_proxy,RLOG_EQEXP_v1,equivalent_exposure_progress_v1,reference_pure_torch_ssd_mamba2_verified_adapter_v1,4,17,110,353bcd44fc9f76ccbc5c85479375a56ea38dada086dc770d3c43e2c4991c51e9,formal,37.64780616760254,39.173370361328125,1.5417473664901922,1.8742623329162598,31.189024450057186,1.5807846953774598,19.455260759625077,1.8666934918492002,32,b243c1a5c88f9b1febe4b10ec68e72635b43938d221a45059cbaa2cdcb43c9d6,contract_manifest,SUCCESS
MAMBA_PHY_K32_AUX,A_reference_sequence_terminal_proxy,RLOG_EQEXP_v1,equivalent_exposure_progress_v1,reference_pure_torch_ssd_mamba2_verified_adapter_v1,4,17,117,240824940fd52f191a9391bfd66b29fc0db7d014f14e40d0e0880995fdb25aaf,formal,6.473586320877075,55.917476654052734,2.3071123614380715,3.112426996231079,31.189024450057186,1.5807846953774598,19.455260759625077,1.8666934918492002,32,b243c1a5c88f9b1febe4b10ec68e72635b43938d221a45059cbaa2cdcb43c9d6,contract_manifest,SUCCESS
MAMBA_PHY_K32_AUX,A_reference_sequence_terminal_proxy,RLOG_EQEXP_v1,equivalent_exposure_progress_v1,reference_pure_torch_ssd_mamba2_verified_adapter_v1,4,17,184,f877daa12838b05c4c46e233ddaf7aae23bd076119a0a051eda3bbcccc879b35,pass_main,3.38776433467865,15.572064399719238,0.5020345492988255,1.2435250282287598,31.189024450057186,1.5807846953774598,19.455260759625077,1.8666934918492002,32,b243c1a5c88f9b1febe4b10ec68e72635b43938d221a45059cbaa2cdcb43c9d6,contract_manifest,SUCCESS
MAMBA_PHY_K32_AUX,A_reference_sequence_terminal_proxy,RLOG_EQEXP_v1,equivalent_exposure_progress_v1,reference_pure_torch_ssd_mamba2_verified_adapter_v1,4,17,185,f877daa12838b05c4c46e233ddaf7aae23bd076119a0a051eda3bbcccc879b35,pass_main,5.121310472488403,17.19049835205078,0.4179857851174886,1.2198436260223389,31.189024450057186,1.5807846953774598,19.455260759625077,1.8666934918492002,32,b243c1a5c88f9b1febe4b10ec68e72635b43938d221a45059cbaa2cdcb43c9d6,contract_manifest,SUCCESS
MAMBA_PHY_K32_AUX,A_reference_sequence_terminal_proxy,RLOG_EQEXP_v1,equivalent_exposure_progress_v1,reference_pure_torch_ssd_mamba2_verified_adapter_v1,4,17,186,f877daa12838b05c4c46e233ddaf7aae23bd076119a0a051eda3bbcccc879b35,pass_main,0.2428667023777961,12.471435546875,0.2257023864787131,1.2724239826202393,31.189024450057186,1.5807846953774598,19.455260759625077,1.8666934918492002,32,b243c1a5c88f9b1febe4b10ec68e72635b43938d221a45059cbaa2cdcb43c9d6,contract_manifest,SUCCESS
MAMBA_PHY_K32_AUX,A_reference_sequence_terminal_proxy,RLOG_EQEXP_v1,equivalent_exposure_progress_v1,reference_pure_torch_ssd_mamba2_verified_adapter_v1,4,17,187,f877daa12838b05c4c46e233ddaf7aae23bd076119a0a051eda3bbcccc879b35,pass_main,2.007620692253113,13.993396759033203,0.3681723626755823,1.260603904724121,31.189024450057186,1.5807846953774598,19.455260759625077,1.8666934918492002,32,b243c1a5c88f9b1febe4b10ec68e72635b43938d221a45059cbaa2cdcb43c9d6,contract_manifest,SUCCESS
MAMBA_PHY_K32_AUX,A_reference_sequence_terminal_proxy,RLOG_EQEXP_v1,equivalent_exposure_progress_v1,reference_pure_torch_ssd_mamba2_verified_adapter_v1,4,17,188,52f32506f2cf5af65c3f6e92444a7466c3f60cd39101a8d7adee76b6c22a3fcc,pass_main,13.60419750213623,17.63385581970215,0.5498196163824405,1.193804383277893,31.189024450057186,1.5807846953774598,19.455260759625077,1.8666934918492002,32,b243c1a5c88f9b1febe4b10ec68e72635b43938d221a45059cbaa2cdcb43c9d6,contract_manifest,SUCCESS
MAMBA_PHY_K32_AUX,A_reference_sequence_terminal_proxy,RLOG_EQEXP_v1,equivalent_exposure_progress_v1,reference_pure_torch_ssd_mamba2_verified_adapter_v1,4,17,189,52f32506f2cf5af65c3f6e92444a7466c3f60cd39101a8d7adee76b6c22a3fcc,pass_main,2.942147970199585,12.07761001586914,0.2081651139823478,1.2514492273330688,31.189024450057186,1.5807846953774598,19.455260759625077,1.8666934918492002,32,b243c1a5c88f9b1febe4b10ec68e72635b43938d221a45059cbaa2cdcb43c9d6,contract_manifest,SUCCESS
MAMBA_PHY_K32_AUX,A_reference_sequence_terminal_proxy,RLOG_EQEXP_v1,equivalent_exposure_progress_v1,reference_pure_torch_ssd_mamba2_verified_adapter_v1,4,17,190,52f32506f2cf5af65c3f6e92444a7466c3f60cd39101a8d7adee76b6c22a3fcc,pass_main,7.020557880401611,13.872336387634277,0.3485922186862819,1.237267255783081,31.189024450057186,1.5807846953774598,19.455260759625077,1.8666934918492002,32,b243c1a5c88f9b1febe4b10ec68e72635b43938d221a45059cbaa2cdcb43c9d6,contract_manifest,SUCCESS
MAMBA_PHY_K32_AUX,A_reference_sequence_terminal_proxy,RLOG_EQEXP_v1,equivalent_exposure_progress_v1,reference_pure_torch_ssd_mamba2_verified_adapter_v1,4,17,191,52f32506f2cf5af65c3f6e92444a7466c3f60cd39101a8d7adee76b6c22a3fcc,pass_main,10.375359535217283,15.731511116027832,2.274850839357904,1.218506097793579,31.189024450057186,1.5807846953774598,19.455260759625077,1.8666934918492002,32,b243c1a5c88f9b1febe4b10ec68e72635b43938d221a45059cbaa2cdcb43c9d6,contract_manifest,SUCCESS
MAMBA_PHY_K32_AUX,A_reference_sequence_terminal_proxy,RLOG_EQEXP_v1,equivalent_exposure_progress_v1,reference_pure_torch_ssd_mamba2_verified_adapter_v1,4,17,196,bbce1047d34536c22b50d8082ef4564abc920ac4f396e21bb1e28c6b463ae03b,pass_main,12.807421684265137,17.522994995117188,0.4469254467301296,1.2818081378936768,31.189024450057186,1.5807846953774598,19.455260759625077,1.8666934918492002,32,b243c1a5c88f9b1febe4b10ec68e72635b43938d221a45059cbaa2cdcb43c9d6,contract_manifest,SUCCESS
MAMBA_PHY_K32_AUX,A_reference_sequence_terminal_proxy,RLOG_EQEXP_v1,equivalent_exposure_progress_v1,reference_pure_torch_ssd_mamba2_verified_adapter_v1,4,17,197,bbce1047d34536c22b50d8082ef4564abc920ac4f396e21bb1e28c6b463ae03b,pass_main,2.9207271337509155,12.846895217895508,0.2855375873620676,1.3134880065917969,31.189024450057186,1.5807846953774598,19.455260759625077,1.8666934918492002,32,b243c1a5c88f9b1febe4b10ec68e72635b43938d221a45059cbaa2cdcb43c9d6,contract_manifest,SUCCESS
MAMBA_PHY_K32_AUX,A_reference_sequence_terminal_proxy,RLOG_EQEXP_v1,equivalent_exposure_progress_v1,reference_pure_torch_ssd_mamba2_verified_adapter_v1,4,17,198,bbce1047d34536c22b50d8082ef4564abc920ac4f396e21bb1e28c6b463ae03b,pass_main,9.415826797485352,15.912736892700195,0.38963434577370587,1.2988085746765137,31.189024450057186,1.5807846953774598,19.455260759625077,1.8666934918492002,32,b243c1a5c88f9b1febe4b10ec68e72635b43938d221a45059cbaa2cdcb43c9d6,contract_manifest,SUCCESS
MAMBA_PHY_K32_AUX,A_reference_sequence_terminal_proxy,RLOG_EQEXP_v1,equivalent_exposure_progress_v1,reference_pure_torch_ssd_mamba2_verified_adapter_v1,4,17,199,bbce1047d34536c22b50d8082ef4564abc920ac4f396e21bb1e28c6b463ae03b,pass_main,6.082921266555786,14.347439765930176,0.2623798745020674,1.3088557720184326,31.189024450057186,1.5807846953774598,19.455260759625077,1.8666934918492002,32,b243c1a5c88f9b1febe4b10ec68e72635b43938d221a45059cbaa2cdcb43c9d6,contract_manifest,SUCCESS
