target_id,family,input_set,model,cv_variant,fold,n_train,n_test,R2,MAE,RMSE,spearman_rho,band,pc_index,theta_boot_q50_deg,target_flag
median_depth_um,A,A,dummy,src_gkf,0,160,40,-0.003650205515641325,16.647868875,18.84388492096856,,,,,
median_depth_um,A,A,ridge,src_gkf,0,160,40,0.7371758155982598,8.199294490190574,9.64299445677261,0.8742964352720451,,,,
median_depth_um,A,A,extratrees,src_gkf,0,160,40,0.9629109532172515,2.8788087417341166,3.622447419322909,0.9755617065941227,,,,
Sq_um,B,A,dummy,src_gkf,0,160,40,-0.0057710792569347635,1.1375791444440917,1.7072199579940204,,,,,
Sq_um,B,A,ridge,src_gkf,0,160,40,0.22906925950251622,0.9449162700750872,1.4946778171528483,0.5699812382739212,,,,
Sq_um,B,A,extratrees,src_gkf,0,160,40,0.21241901379512218,0.7743157320911775,1.5107323146035485,0.7148217636022515,,,,
Sa_um,B,A,dummy,src_gkf,0,160,40,-0.00026536942352950454,0.6620150303566572,1.0933712408898693,,,,,
Sa_um,B,A,ridge,src_gkf,0,160,40,0.1799717685061023,0.563471213527106,0.9899754662068299,0.6485928705440901,,,,
Sa_um,B,A,extratrees,src_gkf,0,160,40,0.2276286455377894,0.454069785752839,0.9607781305384242,0.7163227016885554,,,,
Ssk_skewness,B,A,dummy,src_gkf,0,160,40,-0.10910586317775284,1.4125004922718607,1.6650471801942217,,,,,
Ssk_skewness,B,A,ridge,src_gkf,0,160,40,0.17404780803070707,1.1531940757757186,1.4368700699080068,0.5380863039399626,,,,
Ssk_skewness,B,A,extratrees,src_gkf,0,160,40,0.05634113121940343,1.1918650984221872,1.5358455948416967,0.5330206378986867,,,,
kurtosis_excess_fisher,B,A,dummy,src_gkf,0,160,40,-0.23124067509268809,8.31684672775951,9.19849581911181,,,,,
kurtosis_excess_fisher,B,A,ridge,src_gkf,0,160,40,-0.22228422867848807,7.9117904179015515,9.164978323566261,0.5181988742964354,,,,
kurtosis_excess_fisher,B,A,extratrees,src_gkf,0,160,40,-1.6322584175420296,9.049519048757357,13.449607165453587,0.6393996247654786,,,,
grad_rms_um_per_um,B,A,dummy,src_gkf,0,160,40,-0.01219948478189048,0.33406635710466415,0.4089089401205293,,,,,
grad_rms_um_per_um,B,A,ridge,src_gkf,0,160,40,0.23677444848314155,0.28327014487754754,0.3550749221753406,0.5114446529080676,,,,
grad_rms_um_per_um,B,A,extratrees,src_gkf,0,160,40,0.3418721076681297,0.2281137496188328,0.3297225868199151,0.6335834896810508,,,,
lap_rms_um_per_px2,B,A,dummy,src_gkf,0,160,40,-0.0011148356477954646,0.16371561923263994,0.20823278847583063,,,,,
lap_rms_um_per_px2,B,A,ridge,src_gkf,0,160,40,0.11924956402994147,0.1566412130967664,0.19531410129644028,0.3035647279549719,,,,
lap_rms_um_per_px2,B,A,extratrees,src_gkf,0,160,40,0.20657849389084293,0.1361841502575467,0.1853784088838469,0.41313320825515953,,,,
acf_e_fold_lag_um,B,A,dummy,src_gkf,0,160,40,-0.0006243464142219324,7.7340625,8.256893426858554,,,,,
acf_e_fold_lag_um,B,A,ridge,src_gkf,0,160,40,0.2457911340711546,6.537023722405772,7.168478103403782,0.5883024162123687,,,,
acf_e_fold_lag_um,B,A,extratrees,src_gkf,0,160,40,0.3007429746967092,5.663729379960318,6.902391132626295,0.5679124426749013,,,,
aniso_gradx_over_y,B,A,dummy,src_gkf,0,160,40,-0.22890100963422855,0.4971371279837881,0.5724057901195807,,,,,
aniso_gradx_over_y,B,A,ridge,src_gkf,0,160,40,0.2770226277296288,0.33291290451393196,0.439043872327537,0.6523452157598499,,,,
aniso_gradx_over_y,B,A,extratrees,src_gkf,0,160,40,0.15824301119691364,0.31537666267442555,0.4737387754183792,0.5091932457786118,,,,
pit_density_per_Mpx,B,A,dummy,src_gkf,0,160,40,-0.0008532821656583867,7591.1865234375,11580.53704026564,,,,,
pit_density_per_Mpx,B,A,ridge,src_gkf,0,160,40,0.012055027846388677,7597.4245118136705,11505.615826893238,0.2384347265805017,,,,
pit_density_per_Mpx,B,A,extratrees,src_gkf,0,160,40,-0.5305375521318407,8993.158108568945,14320.74085560002,0.227108588872337,,,,
pit_depth_um,B,A,dummy,src_gkf,0,160,40,-0.01092313763362096,1.8973264008021213,3.080817118135779,,,,,
pit_depth_um,B,A,ridge,src_gkf,0,160,40,0.11941748553438791,1.6723886070213703,2.875357698096863,0.6467166979362102,,,,
pit_depth_um,B,A,extratrees,src_gkf,0,160,40,0.24401618147787907,1.5528212484063326,2.6641771569145067,0.5602251407129456,,,,
peak_to_valley_p98p2_um,B,A,dummy,src_gkf,0,160,40,-2.7131400007318618e-05,4.722234767327272,7.536777795081844,,,,,
peak_to_valley_p98p2_um,B,A,ridge,src_gkf,0,160,40,0.2216560021621916,3.9202315049606513,6.6491420351332,0.6431519699812384,,,,
peak_to_valley_p98p2_um,B,A,extratrees,src_gkf,0,160,40,0.21633818749687694,3.3234965926184685,6.671817558834738,0.6814258911819888,,,,
deepest_negative_residual_um,B,A,dummy,src_gkf,0,160,40,-0.01092313763362096,1.8973264008021213,3.080817118135779,,,,,
deepest_negative_residual_um,B,A,ridge,src_gkf,0,160,40,0.11941748553438791,1.6723886070213703,2.875357698096863,0.6467166979362102,,,,
deepest_negative_residual_um,B,A,extratrees,src_gkf,0,160,40,0.24401618147787907,1.5528212484063326,2.6641771569145067,0.5602251407129456,,,,
rms_DCT_8_16_um,C,A,dummy,src_gkf,0,160,40,-0.030413258020589362,0.3218319648592133,0.3800572806452203,,,,,
rms_DCT_8_16_um,C,A,ridge,src_gkf,0,160,40,0.20377201036180015,0.27546910733490226,0.33408890855161666,0.5637898686679175,,,,
rms_DCT_8_16_um,C,A,extratrees,src_gkf,0,160,40,0.4244419390073275,0.184182655027063,0.28404549651436667,0.7437148217636023,,,,
E_DCT_8_16_frac,C,A,dummy,src_gkf,0,160,40,-0.0473521384953739,0.1405536830303455,0.16516723612263112,,,,,
E_DCT_8_16_frac,C,A,ridge,src_gkf,0,160,40,0.4042058462057809,0.10883373715859342,0.12457349763402936,0.6165103189493434,,,,
E_DCT_8_16_frac,C,A,extratrees,src_gkf,0,160,40,0.43428208355265807,0.09686077692818433,0.1213884891757386,0.7193245778611634,,,,
rms_DCT_16_32_um,C,A,dummy,src_gkf,0,160,40,-0.006008039247192398,0.43509262284362854,0.5416139935710558,,,,,
rms_DCT_16_32_um,C,A,ridge,src_gkf,0,160,40,0.3915669453959375,0.3373778210261503,0.42120697182381545,0.7003752345215761,,,,
rms_DCT_16_32_um,C,A,extratrees,src_gkf,0,160,40,0.4707705211455242,0.25365558874564637,0.3928358952763888,0.8213330840688089,,,,
E_DCT_16_32_frac,C,A,dummy,src_gkf,0,160,40,-0.00013557560445787153,0.0909564702299612,0.11088338187980219,,,,,
E_DCT_16_32_frac,C,A,ridge,src_gkf,0,160,40,0.20176832560471458,0.08031504742053622,0.09906072537248635,0.46866791744840525,,,,
E_DCT_16_32_frac,C,A,extratrees,src_gkf,0,160,40,0.2201355831958881,0.07716505813018074,0.09791440245108105,0.39962476547842407,,,,
rms_DCT_32_64_um,C,A,dummy,src_gkf,0,160,40,-0.006654992043103158,0.5022005908012618,0.7048523519671496,,,,,
rms_DCT_32_64_um,C,A,ridge,src_gkf,0,160,40,0.3589571158738394,0.4243069480372543,0.5624725974121089,0.6399624765478424,,,,
rms_DCT_32_64_um,C,A,extratrees,src_gkf,0,160,40,0.2859942079032476,0.3428598719881783,0.5936202327690173,0.7579737335834899,,,,
E_DCT_32_64_frac,C,A,dummy,src_gkf,0,160,40,-0.0036278584517093204,0.060956802433878375,0.077229494494177,,,,,
E_DCT_32_64_frac,C,A,ridge,src_gkf,0,160,40,0.3575505529305373,0.048622190656888706,0.06178973292865448,0.5335834896810507,,,,
E_DCT_32_64_frac,C,A,extratrees,src_gkf,0,160,40,-0.05172375336031232,0.057244727002426186,0.07905833789115396,0.34690431519699816,,,,
rms_DCT_64_inf_um,C,A,dummy,src_gkf,0,160,40,-0.000923136090866139,0.8113457563339106,1.4554252315936245,,,,,
rms_DCT_64_inf_um,C,A,ridge,src_gkf,0,160,40,0.16512090071472585,0.6981766507254715,1.3292336594140983,0.5174484052532834,,,,
rms_DCT_64_inf_um,C,A,extratrees,src_gkf,0,160,40,0.1373905424810462,0.5738320335753577,1.3511284642892012,0.5647279549718576,,,,
E_DCT_64_inf_frac,C,A,dummy,src_gkf,0,160,40,-0.0038683137844206517,0.1996587784015471,0.24175316589076293,,,,,
E_DCT_64_inf_frac,C,A,ridge,src_gkf,0,160,40,0.3374756743060475,0.16484826605847208,0.19639693748338563,0.5928705440900564,,,,
E_DCT_64_inf_frac,C,A,extratrees,src_gkf,0,160,40,0.264536155766085,0.15818671986109406,0.20692571317566782,0.5904315196998126,,,,
DCT_8_16_PC1,D,A,dummy,src_gkf,0,160,40,-0.1212987997388455,12.201782528134393,25.247377020065755,,8_16,1.0,11.408346447984119,stable
DCT_8_16_PC1,D,A,ridge,src_gkf,0,160,40,-0.2993061072536738,13.175531382978047,27.177614035956527,-0.05196998123827393,8_16,1.0,11.408346447984119,stable
DCT_8_16_PC1,D,A,extratrees,src_gkf,0,160,40,0.06956445974724013,10.077225368720137,22.998458733433228,0.24202626641651034,8_16,1.0,11.408346447984119,stable
DCT_8_16_PC2,D,A,dummy,src_gkf,0,160,40,-0.14420407137090874,3.768474830329019,4.890444790570339,,8_16,2.0,19.680898106226344,stable
DCT_8_16_PC2,D,A,ridge,src_gkf,0,160,40,-1.0009062573398189,5.219368219934248,6.4671061168672646,-0.42138836772983124,8_16,2.0,19.680898106226344,stable
DCT_8_16_PC2,D,A,extratrees,src_gkf,0,160,40,-0.7813187330869826,4.434250665848099,6.101932984290274,-0.2335834896810507,8_16,2.0,19.680898106226344,stable
DCT_8_16_PC3,D,A,dummy,src_gkf,0,160,40,-0.016006827841864135,6.555367314702489,9.504447839237717,,8_16,3.0,76.51693454556269,unstable_pc
DCT_8_16_PC3,D,A,ridge,src_gkf,0,160,40,-0.12816524822314057,7.473068025806933,10.015322471146003,0.0878048780487805,8_16,3.0,76.51693454556269,unstable_pc
DCT_8_16_PC3,D,A,extratrees,src_gkf,0,160,40,-0.36778127562152485,7.647956042914873,11.027749830926657,-0.054033771106941846,8_16,3.0,76.51693454556269,unstable_pc
DCT_16_32_PC1,D,A,dummy,src_gkf,0,160,40,-2.365796332837178e-06,7.594358524395178,12.175964475472659,,16_32,1.0,37.832008525105465,stable
DCT_16_32_PC1,D,A,ridge,src_gkf,0,160,40,-0.12770408317653925,8.795007719482053,12.930056871093997,-0.226078799249531,16_32,1.0,37.832008525105465,stable
DCT_16_32_PC1,D,A,extratrees,src_gkf,0,160,40,-2.7285497588012193,11.220007290776726,23.51109358839716,-0.0028142589118198874,16_32,1.0,37.832008525105465,stable
DCT_16_32_PC2,D,A,dummy,src_gkf,0,160,40,-0.15519799130035516,9.752338561329015,19.68917837870048,,16_32,2.0,68.90890825745952,unstable_pc
DCT_16_32_PC2,D,A,ridge,src_gkf,0,160,40,0.0025426542764004356,10.886004256926602,18.295595404833993,0.2786116322701689,16_32,2.0,68.90890825745952,unstable_pc
DCT_16_32_PC2,D,A,extratrees,src_gkf,0,160,40,-0.9352630919001863,14.033412474697556,25.484105135512316,0.025515947467166986,16_32,2.0,68.90890825745952,unstable_pc
DCT_16_32_PC3,D,A,dummy,src_gkf,0,160,40,-0.001937082087210218,10.14908781828168,21.24751083538187,,16_32,3.0,73.33306375972731,unstable_pc
DCT_16_32_PC3,D,A,ridge,src_gkf,0,160,40,0.002510100701048068,11.250927011286231,21.200303953969666,-0.2103189493433396,16_32,3.0,73.33306375972731,unstable_pc
DCT_16_32_PC3,D,A,extratrees,src_gkf,0,160,40,-0.676706939944175,16.02895845817498,27.48630840943516,-0.28367729831144467,16_32,3.0,73.33306375972731,unstable_pc
DCT_32_64_PC1,D,A,dummy,src_gkf,0,160,40,-0.0009758617473036857,21.879709244737974,47.92145152352559,,32_64,1.0,13.698521653088918,stable
DCT_32_64_PC1,D,A,ridge,src_gkf,0,160,40,0.1343870329816772,25.08008566105851,44.56357653023757,0.28330206378986866,32_64,1.0,13.698521653088918,stable
DCT_32_64_PC1,D,A,extratrees,src_gkf,0,160,40,0.19788505007045476,19.073268044472393,42.89794294591856,0.12495309568480302,32_64,1.0,13.698521653088918,stable
DCT_32_64_PC2,D,A,dummy,src_gkf,0,160,40,-0.27750976081640166,19.268534404092286,27.76050759705333,,32_64,2.0,48.69718370366198,unstable_pc
DCT_32_64_PC2,D,A,ridge,src_gkf,0,160,40,-0.46992174643840423,19.773610738938554,29.77778547559446,0.017636022514071297,32_64,2.0,48.69718370366198,unstable_pc
DCT_32_64_PC2,D,A,extratrees,src_gkf,0,160,40,-1.3017991857583389,23.39084660996946,37.26310200870181,-0.08311444652908069,32_64,2.0,48.69718370366198,unstable_pc
DCT_32_64_PC3,D,A,dummy,src_gkf,0,160,40,-0.047965564671950345,14.995031046624542,28.04062336739757,,32_64,3.0,68.99291831749125,unstable_pc
DCT_32_64_PC3,D,A,ridge,src_gkf,0,160,40,-0.12157302493916355,16.085964006741236,29.00867789308243,-0.03395872420262664,32_64,3.0,68.99291831749125,unstable_pc
DCT_32_64_PC3,D,A,extratrees,src_gkf,0,160,40,-0.4442556020594919,17.478727827707978,32.918208250468666,0.20938086303939965,32_64,3.0,68.99291831749125,unstable_pc
DCT_64_inf_PC1,D,A,dummy,src_gkf,0,160,40,-0.13695493581444929,61.84560448159624,125.99582090642939,,64_inf,1.0,19.316244179189223,stable
DCT_64_inf_PC1,D,A,ridge,src_gkf,0,160,40,-0.39979515160387713,67.94559585529115,139.80308572219047,0.05872420262664166,64_inf,1.0,19.316244179189223,stable
DCT_64_inf_PC1,D,A,extratrees,src_gkf,0,160,40,-0.07938943345969007,54.38661581619381,122.76472516438272,0.11726078799249533,64_inf,1.0,19.316244179189223,stable
DCT_64_inf_PC2,D,A,dummy,src_gkf,0,160,40,-0.00039753505040018844,42.71832518676404,84.45161828821533,,64_inf,2.0,28.505356738404494,stable
DCT_64_inf_PC2,D,A,ridge,src_gkf,0,160,40,0.1136615291064943,45.45116885526106,79.49164229107019,0.18930581613508446,64_inf,2.0,28.505356738404494,stable
DCT_64_inf_PC2,D,A,extratrees,src_gkf,0,160,40,0.3415947501851805,41.15483260124948,68.5122629006672,0.29737335834896816,64_inf,2.0,28.505356738404494,stable
DCT_64_inf_PC3,D,A,dummy,src_gkf,0,160,40,-0.0007837599541336004,44.582321082420414,84.32745761642666,,64_inf,3.0,35.441900328369854,stable
DCT_64_inf_PC3,D,A,ridge,src_gkf,0,160,40,0.047006859610454144,42.73015961682956,82.28937610934307,0.35684803001876175,64_inf,3.0,35.441900328369854,stable
DCT_64_inf_PC3,D,A,extratrees,src_gkf,0,160,40,-0.12313881184170783,44.9784653085845,89.33375720796374,0.43602251407129466,64_inf,3.0,35.441900328369854,stable
median_depth_um,A,R,dummy,src_gkf,0,160,40,-0.003650205515641325,16.647868875,18.84388492096856,,,,,
median_depth_um,A,R,ridge,src_gkf,0,160,40,0.42476957753573075,10.735420412499195,14.265932926005368,0.8097560975609757,,,,
median_depth_um,A,R,extratrees,src_gkf,0,160,40,0.8201221052431125,5.090628935709961,7.9775246066552805,0.8853658536585367,,,,
Sq_um,B,R,dummy,src_gkf,0,160,40,-0.0057710792569347635,1.1375791444440917,1.7072199579940204,,,,,
Sq_um,B,R,ridge,src_gkf,0,160,40,0.262657553949609,0.9615658262985459,1.461754788245713,0.6983114446529082,,,,
Sq_um,B,R,extratrees,src_gkf,0,160,40,0.3131250515072497,0.7319796541268263,1.410843189494077,0.7626061268298514,,,,
Sa_um,B,R,dummy,src_gkf,0,160,40,-0.00026536942352950454,0.6620150303566572,1.0933712408898693,,,,,
Sa_um,B,R,ridge,src_gkf,0,160,40,0.2592278397197867,0.5697140110008126,0.9409192548183499,0.7198874296435274,,,,
Sa_um,B,R,extratrees,src_gkf,0,160,40,0.36837730966312954,0.42314957819399507,0.868838168375252,0.7630751919835171,,,,
Ssk_skewness,B,R,dummy,src_gkf,0,160,40,-0.10910586317775284,1.4125004922718607,1.6650471801942217,,,,,
Ssk_skewness,B,R,ridge,src_gkf,0,160,40,-0.3819017672021279,1.459146822421529,1.8585687453850999,0.45741088180112577,,,,
Ssk_skewness,B,R,extratrees,src_gkf,0,160,40,-0.5209392533652337,1.4085449720761634,1.9498265412116227,0.3474671669793622,,,,
kurtosis_excess_fisher,B,R,dummy,src_gkf,0,160,40,-0.23124067509268809,8.31684672775951,9.19849581911181,,,,,
kurtosis_excess_fisher,B,R,ridge,src_gkf,0,160,40,-2.53913221736341,10.667595235875373,15.595299943241503,0.6013133208255161,,,,
kurtosis_excess_fisher,B,R,extratrees,src_gkf,0,160,40,-6.214197768010675,13.083593887352242,22.265854153161484,0.45497185741088186,,,,
grad_rms_um_per_um,B,R,dummy,src_gkf,0,160,40,-0.01219948478189048,0.33406635710466415,0.4089089401205293,,,,,
grad_rms_um_per_um,B,R,ridge,src_gkf,0,160,40,0.21069990318694087,0.27803146161456477,0.36108930707700476,0.6000000000000001,,,,
grad_rms_um_per_um,B,R,extratrees,src_gkf,0,160,40,0.5486845409364779,0.19550449745452264,0.27304463949688174,0.6474671669793622,,,,
lap_rms_um_per_px2,B,R,dummy,src_gkf,0,160,40,-0.0011148356477954646,0.16371561923263994,0.20823278847583063,,,,,
lap_rms_um_per_px2,B,R,ridge,src_gkf,0,160,40,0.05642478172815957,0.15908942563590173,0.20216009328873624,0.22589118198874303,,,,
lap_rms_um_per_px2,B,R,extratrees,src_gkf,0,160,40,0.41271562845895926,0.12242883647512874,0.15948923984565713,0.4868667917448406,,,,
acf_e_fold_lag_um,B,R,dummy,src_gkf,0,160,40,-0.0006243464142219324,7.7340625,8.256893426858554,,,,,
acf_e_fold_lag_um,B,R,ridge,src_gkf,0,160,40,0.24993419048412557,6.256446567626132,7.1487618752551985,0.4832517691391491,,,,
acf_e_fold_lag_um,B,R,extratrees,src_gkf,0,160,40,0.33985599502566766,5.638651558996559,6.706570405126596,0.5656573303942597,,,,
aniso_gradx_over_y,B,R,dummy,src_gkf,0,160,40,-0.22890100963422855,0.4971371279837881,0.5724057901195807,,,,,
aniso_gradx_over_y,B,R,ridge,src_gkf,0,160,40,-0.4918290695352645,0.5153466479013973,0.6306742514504415,0.5866791744840526,,,,
aniso_gradx_over_y,B,R,extratrees,src_gkf,0,160,40,0.0854819357931792,0.3721432024864124,0.4937893420179185,0.5335834896810507,,,,
pit_density_per_Mpx,B,R,dummy,src_gkf,0,160,40,-0.0008532821656583867,7591.1865234375,11580.53704026564,,,,,
pit_density_per_Mpx,B,R,ridge,src_gkf,0,160,40,0.028824036519444207,7414.01348225272,11407.551909711006,0.38987299886811766,,,,
pit_density_per_Mpx,B,R,extratrees,src_gkf,0,160,40,-0.2836014496333805,8204.556224336533,13114.706947582486,-0.07010488684881254,,,,
pit_depth_um,B,R,dummy,src_gkf,0,160,40,-0.01092313763362096,1.8973264008021213,3.080817118135779,,,,,
pit_depth_um,B,R,ridge,src_gkf,0,160,40,0.10546642459046962,1.7601264946873143,2.8980453244694244,0.6288930581613509,,,,
pit_depth_um,B,R,extratrees,src_gkf,0,160,40,0.21181532617453902,1.7500156143421648,2.7203253167275254,0.46791744840525334,,,,
peak_to_valley_p98p2_um,B,R,dummy,src_gkf,0,160,40,-2.7131400007318618e-05,4.722234767327272,7.536777795081844,,,,,
peak_to_valley_p98p2_um,B,R,ridge,src_gkf,0,160,40,0.2535814792779737,4.073662779318487,6.511349745149143,0.6986866791744841,,,,
peak_to_valley_p98p2_um,B,R,extratrees,src_gkf,0,160,40,0.3840518387057239,2.9856690925294096,5.914961216865232,0.7376518606548309,,,,
deepest_negative_residual_um,B,R,dummy,src_gkf,0,160,40,-0.01092313763362096,1.8973264008021213,3.080817118135779,,,,,
deepest_negative_residual_um,B,R,ridge,src_gkf,0,160,40,0.10546642459046962,1.7601264946873143,2.8980453244694244,0.6288930581613509,,,,
deepest_negative_residual_um,B,R,extratrees,src_gkf,0,160,40,0.21181532617453902,1.7500156143421648,2.7203253167275254,0.46791744840525334,,,,
rms_DCT_8_16_um,C,R,dummy,src_gkf,0,160,40,-0.030413258020589362,0.3218319648592133,0.3800572806452203,,,,,
rms_DCT_8_16_um,C,R,ridge,src_gkf,0,160,40,0.2663429939949421,0.2580450442025351,0.3206932893257467,0.7200750469043153,,,,
rms_DCT_8_16_um,C,R,extratrees,src_gkf,0,160,40,0.6199538780924281,0.16855920901024501,0.23081365074590537,0.7880294581585374,,,,
E_DCT_8_16_frac,C,R,dummy,src_gkf,0,160,40,-0.0473521384953739,0.1405536830303455,0.16516723612263112,,,,,
E_DCT_8_16_frac,C,R,ridge,src_gkf,0,160,40,-0.08523052044507895,0.14732884591879825,0.16812741634295053,0.3592870544090057,,,,
E_DCT_8_16_frac,C,R,extratrees,src_gkf,0,160,40,0.4154311214133466,0.1014779826548577,0.12339438131736076,0.726641651031895,,,,
rms_DCT_16_32_um,C,R,dummy,src_gkf,0,160,40,-0.006008039247192398,0.43509262284362854,0.5416139935710558,,,,,
rms_DCT_16_32_um,C,R,ridge,src_gkf,0,160,40,0.21327526017289344,0.351276911188804,0.47896144424337017,0.7345215759849908,,,,
rms_DCT_16_32_um,C,R,extratrees,src_gkf,0,160,40,0.6459353802489602,0.225272341662276,0.3213145683023988,0.8370936732319798,,,,
E_DCT_16_32_frac,C,R,dummy,src_gkf,0,160,40,-0.00013557560445787153,0.0909564702299612,0.11088338187980219,,,,,
E_DCT_16_32_frac,C,R,ridge,src_gkf,0,160,40,0.10957710244996932,0.0820590202707328,0.10462493112076895,0.4457786116322702,,,,
E_DCT_16_32_frac,C,R,extratrees,src_gkf,0,160,40,0.2150619242838766,0.07963629421149755,0.09823239291848117,0.3606003752345216,,,,
rms_DCT_32_64_um,C,R,dummy,src_gkf,0,160,40,-0.006654992043103158,0.5022005908012618,0.7048523519671496,,,,,
rms_DCT_32_64_um,C,R,ridge,src_gkf,0,160,40,0.19757916432847855,0.437923470229852,0.6293017304825661,0.7669793621013133,,,,
rms_DCT_32_64_um,C,R,extratrees,src_gkf,0,160,40,0.48441138094124414,0.31100405327302677,0.5044399670126252,0.8037523452157599,,,,
E_DCT_32_64_frac,C,R,dummy,src_gkf,0,160,40,-0.0036278584517093204,0.060956802433878375,0.077229494494177,,,,,
E_DCT_32_64_frac,C,R,ridge,src_gkf,0,160,40,0.3398746880652558,0.04592980857658446,0.06263398314614134,0.5386491557223265,,,,
E_DCT_32_64_frac,C,R,extratrees,src_gkf,0,160,40,0.061597133618308875,0.05628783398328567,0.07467779757371941,0.452532833020638,,,,
rms_DCT_64_inf_um,C,R,dummy,src_gkf,0,160,40,-0.000923136090866139,0.8113457563339106,1.4554252315936245,,,,,
rms_DCT_64_inf_um,C,R,ridge,src_gkf,0,160,40,0.2374547105243756,0.7342741291776331,1.2703469727793493,0.5362101313320826,,,,
rms_DCT_64_inf_um,C,R,extratrees,src_gkf,0,160,40,0.054583010160585865,0.636507723611763,1.4144944149461554,0.5737335834896812,,,,
E_DCT_64_inf_frac,C,R,dummy,src_gkf,0,160,40,-0.0038683137844206517,0.1996587784015471,0.24175316589076293,,,,,
E_DCT_64_inf_frac,C,R,ridge,src_gkf,0,160,40,0.14553501726354046,0.1841256936547746,0.2230390628550401,0.4326454033771107,,,,
E_DCT_64_inf_frac,C,R,extratrees,src_gkf,0,160,40,0.3216059130813348,0.15105193985968723,0.1987352126570809,0.5075046904315198,,,,
DCT_8_16_PC1,D,R,dummy,src_gkf,0,160,40,-0.1212987997388455,12.201782528134393,25.247377020065755,,8_16,1.0,11.408346447984119,stable
DCT_8_16_PC1,D,R,ridge,src_gkf,0,160,40,-0.14633905754141918,11.823349441767897,25.527726112965794,0.09362101313320827,8_16,1.0,11.408346447984119,stable
DCT_8_16_PC1,D,R,extratrees,src_gkf,0,160,40,-0.40853740666108784,15.936852067613222,28.296959898295697,-0.04033771106941839,8_16,1.0,11.408346447984119,stable
DCT_8_16_PC2,D,R,dummy,src_gkf,0,160,40,-0.14420407137090874,3.768474830329019,4.890444790570339,,8_16,2.0,19.680898106226344,stable
DCT_8_16_PC2,D,R,ridge,src_gkf,0,160,40,-0.2950975195851102,3.859328834703125,5.2029284291128794,0.012757973733583493,8_16,2.0,19.680898106226344,stable
DCT_8_16_PC2,D,R,extratrees,src_gkf,0,160,40,-2.4596468640116638,5.292207450462733,8.503789508947495,0.02607879924953096,8_16,2.0,19.680898106226344,stable
DCT_8_16_PC3,D,R,dummy,src_gkf,0,160,40,-0.016006827841864135,6.555367314702489,9.504447839237717,,8_16,3.0,76.51693454556269,unstable_pc
DCT_8_16_PC3,D,R,ridge,src_gkf,0,160,40,-0.45354301964606547,8.516761013838764,11.368221405906604,-0.0577861163227017,8_16,3.0,76.51693454556269,unstable_pc
DCT_8_16_PC3,D,R,extratrees,src_gkf,0,160,40,-1.4550772770056368,10.606155835801392,14.774444525077707,-0.28630393996247655,8_16,3.0,76.51693454556269,unstable_pc
DCT_16_32_PC1,D,R,dummy,src_gkf,0,160,40,-2.365796332837178e-06,7.594358524395178,12.175964475472659,,16_32,1.0,37.832008525105465,stable
DCT_16_32_PC1,D,R,ridge,src_gkf,0,160,40,-0.1027793016426306,8.022024796759363,12.78636688453421,0.14634146341463417,16_32,1.0,37.832008525105465,stable
DCT_16_32_PC1,D,R,extratrees,src_gkf,0,160,40,-2.6798013063232413,11.052441200893716,23.356891495660385,0.2641651031894935,16_32,1.0,37.832008525105465,stable
DCT_16_32_PC2,D,R,dummy,src_gkf,0,160,40,-0.15519799130035516,9.752338561329015,19.68917837870048,,16_32,2.0,68.90890825745952,unstable_pc
DCT_16_32_PC2,D,R,ridge,src_gkf,0,160,40,0.09733499691871705,10.468032613384628,17.40454537368644,0.2590994371482177,16_32,2.0,68.90890825745952,unstable_pc
DCT_16_32_PC2,D,R,extratrees,src_gkf,0,160,40,0.24773412968715636,10.320887770832858,15.888579099325375,0.030956848030018764,16_32,2.0,68.90890825745952,unstable_pc
DCT_16_32_PC3,D,R,dummy,src_gkf,0,160,40,-0.001937082087210218,10.14908781828168,21.24751083538187,,16_32,3.0,73.33306375972731,unstable_pc
DCT_16_32_PC3,D,R,ridge,src_gkf,0,160,40,-0.08044743103548857,11.951640266770628,22.064274649694212,-0.16416510318949346,16_32,3.0,73.33306375972731,unstable_pc
DCT_16_32_PC3,D,R,extratrees,src_gkf,0,160,40,0.2940396554322098,11.218992154803137,17.835200149800745,-0.0551594746716698,16_32,3.0,73.33306375972731,unstable_pc
DCT_32_64_PC1,D,R,dummy,src_gkf,0,160,40,-0.0009758617473036857,21.879709244737974,47.92145152352559,,32_64,1.0,13.698521653088918,stable
DCT_32_64_PC1,D,R,ridge,src_gkf,0,160,40,0.08054925423084636,21.728995848063903,45.92851424688702,0.09962476547842404,32_64,1.0,13.698521653088918,stable
DCT_32_64_PC1,D,R,extratrees,src_gkf,0,160,40,-0.014790568861396958,23.08500467434313,48.25100605784747,0.11425891181988744,32_64,1.0,13.698521653088918,stable
DCT_32_64_PC2,D,R,dummy,src_gkf,0,160,40,-0.27750976081640166,19.268534404092286,27.76050759705333,,32_64,2.0,48.69718370366198,unstable_pc
DCT_32_64_PC2,D,R,ridge,src_gkf,0,160,40,-1.1598851522987905,22.646427301117345,36.096128068974075,-0.2536585365853659,32_64,2.0,48.69718370366198,unstable_pc
DCT_32_64_PC2,D,R,extratrees,src_gkf,0,160,40,-1.7358453745040574,20.550859174755136,40.624783863494095,0.06660412757973734,32_64,2.0,48.69718370366198,unstable_pc
DCT_32_64_PC3,D,R,dummy,src_gkf,0,160,40,-0.047965564671950345,14.995031046624542,28.04062336739757,,32_64,3.0,68.99291831749125,unstable_pc
DCT_32_64_PC3,D,R,ridge,src_gkf,0,160,40,-0.1268158312009735,16.824199058944586,29.076399546488254,-0.07354596622889306,32_64,3.0,68.99291831749125,unstable_pc
DCT_32_64_PC3,D,R,extratrees,src_gkf,0,160,40,-0.6700517481965287,20.159652628207017,35.39803238028192,-0.01181988742964353,32_64,3.0,68.99291831749125,unstable_pc
DCT_64_inf_PC1,D,R,dummy,src_gkf,0,160,40,-0.13695493581444929,61.84560448159624,125.99582090642939,,64_inf,1.0,19.316244179189223,stable
DCT_64_inf_PC1,D,R,ridge,src_gkf,0,160,40,-0.6420068842171349,74.37321825950703,151.41608103923522,0.002439024390243903,64_inf,1.0,19.316244179189223,stable
DCT_64_inf_PC1,D,R,extratrees,src_gkf,0,160,40,-0.4243526143039469,61.585396721044916,141.02407937616607,0.11857410881801128,64_inf,1.0,19.316244179189223,stable
DCT_64_inf_PC2,D,R,dummy,src_gkf,0,160,40,-0.00039753505040018844,42.71832518676404,84.45161828821533,,64_inf,2.0,28.505356738404494,stable
DCT_64_inf_PC2,D,R,ridge,src_gkf,0,160,40,-0.0956407895028939,49.66518080226383,88.38035988583832,0.16998123827392123,64_inf,2.0,28.505356738404494,stable
DCT_64_inf_PC2,D,R,extratrees,src_gkf,0,160,40,0.29926540226252674,41.437052806260965,70.68031069862609,0.1851782363977486,64_inf,2.0,28.505356738404494,stable
DCT_64_inf_PC3,D,R,dummy,src_gkf,0,160,40,-0.0007837599541336004,44.582321082420414,84.32745761642666,,64_inf,3.0,35.441900328369854,stable
DCT_64_inf_PC3,D,R,ridge,src_gkf,0,160,40,-0.032127833951423934,44.41232878111224,85.6378247407005,0.2587242026266417,64_inf,3.0,35.441900328369854,stable
DCT_64_inf_PC3,D,R,extratrees,src_gkf,0,160,40,-0.1315140437472222,44.36689934456659,89.66621891687764,0.3431519699812383,64_inf,3.0,35.441900328369854,stable
median_depth_um,A,C,dummy,src_gkf,0,160,40,-0.003650205515641325,16.647868875,18.84388492096856,,,,,
median_depth_um,A,C,ridge,src_gkf,0,160,40,0.7964841193424723,6.576858607715684,8.485518921147099,0.930018761726079,,,,
median_depth_um,A,C,extratrees,src_gkf,0,160,40,0.9680227165338467,2.272188057833337,3.3635666503740858,0.9716697936210134,,,,
Sq_um,B,C,dummy,src_gkf,0,160,40,-0.0057710792569347635,1.1375791444440917,1.7072199579940204,,,,,
Sq_um,B,C,ridge,src_gkf,0,160,40,0.2780637939995807,0.9289286157473828,1.4464030164303543,0.6562851782363979,,,,
Sq_um,B,C,extratrees,src_gkf,0,160,40,0.32493886069257405,0.7104450367489846,1.3986577672572225,0.7496599285886753,,,,
Sa_um,B,C,dummy,src_gkf,0,160,40,-0.00026536942352950454,0.6620150303566572,1.0933712408898693,,,,,
Sa_um,B,C,ridge,src_gkf,0,160,40,0.2551171849999224,0.5320852619247076,0.9435262934451275,0.7144465290806755,,,,
Sa_um,B,C,extratrees,src_gkf,0,160,40,0.2544830987556769,0.4359953784030912,0.9439277994029027,0.7658536585365855,,,,
Ssk_skewness,B,C,dummy,src_gkf,0,160,40,-0.10910586317775284,1.4125004922718607,1.6650471801942217,,,,,
Ssk_skewness,B,C,ridge,src_gkf,0,160,40,-0.13806043412608937,1.324263992572795,1.6866412045301469,0.5493433395872421,,,,
Ssk_skewness,B,C,extratrees,src_gkf,0,160,40,-0.4234797916803241,1.3189549856701872,1.8863214205677266,0.46547842401500944,,,,
kurtosis_excess_fisher,B,C,dummy,src_gkf,0,160,40,-0.23124067509268809,8.31684672775951,9.19849581911181,,,,,
kurtosis_excess_fisher,B,C,ridge,src_gkf,0,160,40,-2.560911010086213,10.383147173042293,15.643210824169701,0.6921200750469045,,,,
kurtosis_excess_fisher,B,C,extratrees,src_gkf,0,160,40,-6.115165073394245,12.812207004511995,22.11249910049194,0.5727954971857412,,,,
grad_rms_um_per_um,B,C,dummy,src_gkf,0,160,40,-0.01219948478189048,0.33406635710466415,0.4089089401205293,,,,,
grad_rms_um_per_um,B,C,ridge,src_gkf,0,160,40,0.24322159141177757,0.28144751708033,0.35357204161377653,0.5979362101313322,,,,
grad_rms_um_per_um,B,C,extratrees,src_gkf,0,160,40,0.47658478651343394,0.21335096892011923,0.2940469781620551,0.6622889305816136,,,,
lap_rms_um_per_px2,B,C,dummy,src_gkf,0,160,40,-0.0011148356477954646,0.16371561923263994,0.20823278847583063,,,,,
lap_rms_um_per_px2,B,C,ridge,src_gkf,0,160,40,0.1020395650230006,0.15797972286351863,0.19721310327087085,0.2789868667917449,,,,
lap_rms_um_per_px2,B,C,extratrees,src_gkf,0,160,40,0.2878296629394653,0.13014479816928556,0.17563016388275174,0.4046904315196999,,,,
acf_e_fold_lag_um,B,C,dummy,src_gkf,0,160,40,-0.0006243464142219324,7.7340625,8.256893426858554,,,,,
acf_e_fold_lag_um,B,C,ridge,src_gkf,0,160,40,0.24606330914923358,6.512443295825838,7.167184524640998,0.5376563529096269,,,,
acf_e_fold_lag_um,B,C,extratrees,src_gkf,0,160,40,0.43527967674459467,5.034582410714285,6.202943924025347,0.6722113856545737,,,,
aniso_gradx_over_y,B,C,dummy,src_gkf,0,160,40,-0.22890100963422855,0.4971371279837881,0.5724057901195807,,,,,
aniso_gradx_over_y,B,C,ridge,src_gkf,0,160,40,0.19067512878750292,0.3635132264920097,0.4645227742275232,0.6377110694183865,,,,
aniso_gradx_over_y,B,C,extratrees,src_gkf,0,160,40,0.2771781188791642,0.28543260688426153,0.43899665708263663,0.5636022514071295,,,,
pit_density_per_Mpx,B,C,dummy,src_gkf,0,160,40,-0.0008532821656583867,7591.1865234375,11580.53704026564,,,,,
pit_density_per_Mpx,B,C,ridge,src_gkf,0,160,40,-0.030544830931618527,7894.806309121303,11751.057078484057,0.17789847331272485,,,,
pit_density_per_Mpx,B,C,extratrees,src_gkf,0,160,40,-0.8058978314118803,10573.663806733628,15555.718640653358,-0.01347419830798904,,,,
pit_depth_um,B,C,dummy,src_gkf,0,160,40,-0.01092313763362096,1.8973264008021213,3.080817118135779,,,,,
pit_depth_um,B,C,ridge,src_gkf,0,160,40,0.16580972291862894,1.6483445035149153,2.7985908650721405,0.6403377110694185,,,,
pit_depth_um,B,C,extratrees,src_gkf,0,160,40,0.23195096569554907,1.608934854379757,2.685352633034868,0.5504690431519701,,,,
peak_to_valley_p98p2_um,B,C,dummy,src_gkf,0,160,40,-2.7131400007318618e-05,4.722234767327272,7.536777795081844,,,,,
peak_to_valley_p98p2_um,B,C,ridge,src_gkf,0,160,40,0.2494468574602987,4.036119282476641,6.529358937571264,0.7318949343339588,,,,
peak_to_valley_p98p2_um,B,C,extratrees,src_gkf,0,160,40,0.3329103664917873,3.1385437911984844,6.1556216118112035,0.7374642345933647,,,,
deepest_negative_residual_um,B,C,dummy,src_gkf,0,160,40,-0.01092313763362096,1.8973264008021213,3.080817118135779,,,,,
deepest_negative_residual_um,B,C,ridge,src_gkf,0,160,40,0.16580972291862894,1.6483445035149153,2.7985908650721405,0.6403377110694185,,,,
deepest_negative_residual_um,B,C,extratrees,src_gkf,0,160,40,0.2319509656955493,1.608934854379757,2.6853526330348676,0.5504690431519701,,,,
rms_DCT_8_16_um,C,C,dummy,src_gkf,0,160,40,-0.030413258020589362,0.3218319648592133,0.3800572806452203,,,,,
rms_DCT_8_16_um,C,C,ridge,src_gkf,0,160,40,0.308961031082886,0.25456664049666405,0.3112394268996477,0.7341463414634147,,,,
rms_DCT_8_16_um,C,C,extratrees,src_gkf,0,160,40,0.5230695497040265,0.17465890557603855,0.2585656703800284,0.7630393996247656,,,,
E_DCT_8_16_frac,C,C,dummy,src_gkf,0,160,40,-0.0473521384953739,0.1405536830303455,0.16516723612263112,,,,,
E_DCT_8_16_frac,C,C,ridge,src_gkf,0,160,40,0.42170819315259234,0.11000061074487848,0.122730091842095,0.7005628517823641,,,,
E_DCT_8_16_frac,C,C,extratrees,src_gkf,0,160,40,0.44649167166049397,0.09614157497748091,0.12007141245729451,0.6924953095684804,,,,
rms_DCT_16_32_um,C,C,dummy,src_gkf,0,160,40,-0.006008039247192398,0.43509262284362854,0.5416139935710558,,,,,
rms_DCT_16_32_um,C,C,ridge,src_gkf,0,160,40,0.34281937392268746,0.3411406968668154,0.4377554148773899,0.7754221388367731,,,,
rms_DCT_16_32_um,C,C,extratrees,src_gkf,0,160,40,0.5703085269032089,0.2441841267247744,0.35397086629018243,0.8474671669793623,,,,
E_DCT_16_32_frac,C,C,dummy,src_gkf,0,160,40,-0.00013557560445787153,0.0909564702299612,0.11088338187980219,,,,,
E_DCT_16_32_frac,C,C,ridge,src_gkf,0,160,40,0.20471695837180848,0.08038429223681376,0.09887759310973748,0.4433395872420263,,,,
E_DCT_16_32_frac,C,C,extratrees,src_gkf,0,160,40,0.20436895523506304,0.07985304880353936,0.09889922437011495,0.3649155722326454,,,,
rms_DCT_32_64_um,C,C,dummy,src_gkf,0,160,40,-0.006654992043103158,0.5022005908012618,0.7048523519671496,,,,,
rms_DCT_32_64_um,C,C,ridge,src_gkf,0,160,40,0.3075875662857991,0.4286047665721111,0.5845750243655258,0.7932457786116325,,,,
rms_DCT_32_64_um,C,C,extratrees,src_gkf,0,160,40,0.45370908850921354,0.3147832822049753,0.5192420012840726,0.8003752345215761,,,,
E_DCT_32_64_frac,C,C,dummy,src_gkf,0,160,40,-0.0036278584517093204,0.060956802433878375,0.077229494494177,,,,,
E_DCT_32_64_frac,C,C,ridge,src_gkf,0,160,40,0.3890919130083479,0.044790149303336316,0.06025384630899243,0.5356472795497187,,,,
E_DCT_32_64_frac,C,C,extratrees,src_gkf,0,160,40,0.1147176892789642,0.05316934553138612,0.0725333492272117,0.42195121951219516,,,,
rms_DCT_64_inf_um,C,C,dummy,src_gkf,0,160,40,-0.000923136090866139,0.8113457563339106,1.4554252315936245,,,,,
rms_DCT_64_inf_um,C,C,ridge,src_gkf,0,160,40,0.212160657699212,0.6924739137902909,1.2912441527335976,0.5191369606003753,,,,
rms_DCT_64_inf_um,C,C,extratrees,src_gkf,0,160,40,0.18207034779687215,0.5507133991030235,1.3156716362876406,0.5609756097560976,,,,
E_DCT_64_inf_frac,C,C,dummy,src_gkf,0,160,40,-0.0038683137844206517,0.1996587784015471,0.24175316589076293,,,,,
E_DCT_64_inf_frac,C,C,ridge,src_gkf,0,160,40,0.3737068979760796,0.1577953211958382,0.19095129637673156,0.6474671669793622,,,,
E_DCT_64_inf_frac,C,C,extratrees,src_gkf,0,160,40,0.2884586213788801,0.15812148050076053,0.2035325516970271,0.5326454033771107,,,,
DCT_8_16_PC1,D,C,dummy,src_gkf,0,160,40,-0.1212987997388455,12.201782528134393,25.247377020065755,,8_16,1.0,11.408346447984119,stable
DCT_8_16_PC1,D,C,ridge,src_gkf,0,160,40,-0.3144501725077664,13.484305642470948,27.33553956450135,-0.0600375234521576,8_16,1.0,11.408346447984119,stable
DCT_8_16_PC1,D,C,extratrees,src_gkf,0,160,40,-0.0950975398482834,10.915419879336351,24.95065714415429,0.21538461538461542,8_16,1.0,11.408346447984119,stable
DCT_8_16_PC2,D,C,dummy,src_gkf,0,160,40,-0.14420407137090874,3.768474830329019,4.890444790570339,,8_16,2.0,19.680898106226344,stable
DCT_8_16_PC2,D,C,ridge,src_gkf,0,160,40,-0.9201316510316155,4.910297429416425,6.33522610147726,-0.3187617260787993,8_16,2.0,19.680898106226344,stable
DCT_8_16_PC2,D,C,extratrees,src_gkf,0,160,40,-1.1956051861994497,4.901283387952325,6.774445293387318,-0.18048780487804877,8_16,2.0,19.680898106226344,stable
DCT_8_16_PC3,D,C,dummy,src_gkf,0,160,40,-0.016006827841864135,6.555367314702489,9.504447839237717,,8_16,3.0,76.51693454556269,unstable_pc
DCT_8_16_PC3,D,C,ridge,src_gkf,0,160,40,-0.3292532660343763,8.355675585440919,10.871324177181792,0.08799249530956849,8_16,3.0,76.51693454556269,unstable_pc
DCT_8_16_PC3,D,C,extratrees,src_gkf,0,160,40,-0.3491477940405332,7.836676239564715,10.952375930057649,-0.02983114446529081,8_16,3.0,76.51693454556269,unstable_pc
DCT_16_32_PC1,D,C,dummy,src_gkf,0,160,40,-2.365796332837178e-06,7.594358524395178,12.175964475472659,,16_32,1.0,37.832008525105465,stable
DCT_16_32_PC1,D,C,ridge,src_gkf,0,160,40,-0.19535915094104928,8.875140021884627,13.312268359688153,-0.18273921200750473,16_32,1.0,37.832008525105465,stable
DCT_16_32_PC1,D,C,extratrees,src_gkf,0,160,40,-2.399753108078,9.843495375485091,22.450527430807192,0.12889305816135085,16_32,1.0,37.832008525105465,stable
DCT_16_32_PC2,D,C,dummy,src_gkf,0,160,40,-0.15519799130035516,9.752338561329015,19.68917837870048,,16_32,2.0,68.90890825745952,unstable_pc
DCT_16_32_PC2,D,C,ridge,src_gkf,0,160,40,0.11204564551133434,11.499248480303196,17.262142671335315,0.2401500938086304,16_32,2.0,68.90890825745952,unstable_pc
DCT_16_32_PC2,D,C,extratrees,src_gkf,0,160,40,-0.01390612159878879,11.611761123409911,18.445832202589653,0.28724202626641654,16_32,2.0,68.90890825745952,unstable_pc
DCT_16_32_PC3,D,C,dummy,src_gkf,0,160,40,-0.001937082087210218,10.14908781828168,21.24751083538187,,16_32,3.0,73.33306375972731,unstable_pc
DCT_16_32_PC3,D,C,ridge,src_gkf,0,160,40,-0.04996418620313725,11.877791496821612,21.750792089382156,-0.23414634146341468,16_32,3.0,73.33306375972731,unstable_pc
DCT_16_32_PC3,D,C,extratrees,src_gkf,0,160,40,-0.4863050905881454,15.253468036068579,25.878661912392626,-0.1397748592870544,16_32,3.0,73.33306375972731,unstable_pc
DCT_32_64_PC1,D,C,dummy,src_gkf,0,160,40,-0.0009758617473036857,21.879709244737974,47.92145152352559,,32_64,1.0,13.698521653088918,stable
DCT_32_64_PC1,D,C,ridge,src_gkf,0,160,40,0.11038714522752835,22.2926287924925,45.17713509821925,0.28761726078799255,32_64,1.0,13.698521653088918,stable
DCT_32_64_PC1,D,C,extratrees,src_gkf,0,160,40,0.21930306176662084,19.533892233884707,42.32133900741756,0.21688555347091934,32_64,1.0,13.698521653088918,stable
DCT_32_64_PC2,D,C,dummy,src_gkf,0,160,40,-0.27750976081640166,19.268534404092286,27.76050759705333,,32_64,2.0,48.69718370366198,unstable_pc
DCT_32_64_PC2,D,C,ridge,src_gkf,0,160,40,-1.033536024000989,22.917415161557035,35.02444196408414,-0.07823639774859288,32_64,2.0,48.69718370366198,unstable_pc
DCT_32_64_PC2,D,C,extratrees,src_gkf,0,160,40,-1.5494580235900939,22.866047529848487,39.21653532065952,-0.09305816135084428,32_64,2.0,48.69718370366198,unstable_pc
DCT_32_64_PC3,D,C,dummy,src_gkf,0,160,40,-0.047965564671950345,14.995031046624542,28.04062336739757,,32_64,3.0,68.99291831749125,unstable_pc
DCT_32_64_PC3,D,C,ridge,src_gkf,0,160,40,-0.28307514650106347,16.678472521159485,31.027029908158998,0.1230769230769231,32_64,3.0,68.99291831749125,unstable_pc
DCT_32_64_PC3,D,C,extratrees,src_gkf,0,160,40,-0.5161107747713736,18.48802748925222,33.72714852182296,0.2187617260787993,32_64,3.0,68.99291831749125,unstable_pc
DCT_64_inf_PC1,D,C,dummy,src_gkf,0,160,40,-0.13695493581444929,61.84560448159624,125.99582090642939,,64_inf,1.0,19.316244179189223,stable
DCT_64_inf_PC1,D,C,ridge,src_gkf,0,160,40,-0.4834608764222459,71.54686826124954,143.920468238967,0.04615384615384616,64_inf,1.0,19.316244179189223,stable
DCT_64_inf_PC1,D,C,extratrees,src_gkf,0,160,40,-0.1241188838054681,55.785692566324656,125.28256502107008,0.10206378986866795,64_inf,1.0,19.316244179189223,stable
DCT_64_inf_PC2,D,C,dummy,src_gkf,0,160,40,-0.00039753505040018844,42.71832518676404,84.45161828821533,,64_inf,2.0,28.505356738404494,stable
DCT_64_inf_PC2,D,C,ridge,src_gkf,0,160,40,0.07843140540396731,45.53677201506666,81.05606245933001,0.19493433395872423,64_inf,2.0,28.505356738404494,stable
DCT_64_inf_PC2,D,C,extratrees,src_gkf,0,160,40,0.25663073986083984,43.28724696908798,72.79875777687755,0.2660412757973734,64_inf,2.0,28.505356738404494,stable
DCT_64_inf_PC3,D,C,dummy,src_gkf,0,160,40,-0.0007837599541336004,44.582321082420414,84.32745761642666,,64_inf,3.0,35.441900328369854,stable
DCT_64_inf_PC3,D,C,ridge,src_gkf,0,160,40,0.012453703626803092,43.09107400276553,83.76789739899654,0.3939962476547843,64_inf,3.0,35.441900328369854,stable
DCT_64_inf_PC3,D,C,extratrees,src_gkf,0,160,40,-0.04005358082562038,43.24427608468803,85.96600389360584,0.44315196998123835,64_inf,3.0,35.441900328369854,stable
median_depth_um,A,A,dummy,src_gkf,1,160,40,-0.003091015205499037,18.431890062500003,20.04836278715508,,,,,
median_depth_um,A,A,ridge,src_gkf,1,160,40,0.5294968979250811,10.949149805372251,13.730614936553435,0.7424015009380863,,,,
median_depth_um,A,A,extratrees,src_gkf,1,160,40,0.9022556569912643,4.606032940417937,6.258273779963373,0.9309568480300189,,,,
Sq_um,B,A,dummy,src_gkf,1,160,40,-0.00032485921867619894,0.9951026503350547,1.3981663947314422,,,,,
Sq_um,B,A,ridge,src_gkf,1,160,40,-0.08431749048850534,1.0890675938876122,1.4556821624580814,0.08705440900562854,,,,
Sq_um,B,A,extratrees,src_gkf,1,160,40,-0.1910016924853999,1.0016422225244734,1.5256134822803187,0.4330206378986867,,,,
Sa_um,B,A,dummy,src_gkf,1,160,40,-0.0023935004141069083,0.6151779524034483,1.0185603394117988,,,,,
Sa_um,B,A,ridge,src_gkf,1,160,40,0.05177798126520139,0.6174864228838551,0.9906555081468242,0.06979362101313322,,,,
Sa_um,B,A,extratrees,src_gkf,1,160,40,-0.1423639359561979,0.6003568054296324,1.0873513117233886,0.47898686679174485,,,,
Ssk_skewness,B,A,dummy,src_gkf,1,160,40,-0.036825570011215,2.002739546756276,2.717647177817201,,,,,
Ssk_skewness,B,A,ridge,src_gkf,1,160,40,0.05215987779454989,1.8574276722822192,2.598410531993796,0.2056285178236398,,,,
Ssk_skewness,B,A,extratrees,src_gkf,1,160,40,0.23094150799253244,1.6043807507897214,2.340560705671051,0.3977485928705442,,,,
kurtosis_excess_fisher,B,A,dummy,src_gkf,1,160,40,-0.036300078637270694,14.697640943593063,27.83843851855278,,,,,
kurtosis_excess_fisher,B,A,ridge,src_gkf,1,160,40,0.040317303500574386,13.114706083882567,26.789582059919024,0.5136960600375235,,,,
kurtosis_excess_fisher,B,A,extratrees,src_gkf,1,160,40,0.0257793588014954,13.38442370762633,26.991733019506626,0.5667917448405254,,,,
grad_rms_um_per_um,B,A,dummy,src_gkf,1,160,40,-0.012731347571608653,0.3347492521007177,0.4193300084449365,,,,,
grad_rms_um_per_um,B,A,ridge,src_gkf,1,160,40,-0.00024559427349157836,0.31656008429077703,0.4167370756742798,0.29718574108818013,,,,
grad_rms_um_per_um,B,A,extratrees,src_gkf,1,160,40,-0.028157223237745388,0.3074957654732013,0.42251154633458354,0.3919324577861164,,,,
lap_rms_um_per_px2,B,A,dummy,src_gkf,1,160,40,-0.028117364011477353,0.14745649964723592,0.19386047542720844,,,,,
lap_rms_um_per_px2,B,A,ridge,src_gkf,1,160,40,-0.17372352808876856,0.15716867958641534,0.20713373274442276,0.017260787992495315,,,,
lap_rms_um_per_px2,B,A,extratrees,src_gkf,1,160,40,-0.33882436241008174,0.16260317092454518,0.22122272097533688,0.04840525328330207,,,,
acf_e_fold_lag_um,B,A,dummy,src_gkf,1,160,40,-0.01498986623429266,8.1,8.845867679317841,,,,,
acf_e_fold_lag_um,B,A,ridge,src_gkf,1,160,40,0.1733028826389036,7.018575137058008,7.983306388430612,0.40234636058338197,,,,
acf_e_fold_lag_um,B,A,extratrees,src_gkf,1,160,40,0.31280244196618623,5.354031656746029,7.278642506653925,0.5379634566979112,,,,
aniso_gradx_over_y,B,A,dummy,src_gkf,1,160,40,-0.0036889747241697357,0.6307416466878845,0.8300816769217217,,,,,
aniso_gradx_over_y,B,A,ridge,src_gkf,1,160,40,0.4832408351304077,0.4361676640257352,0.5956146132290263,0.7262664165103191,,,,
aniso_gradx_over_y,B,A,extratrees,src_gkf,1,160,40,0.6651812398608876,0.33281313858636075,0.4794310336556884,0.6926829268292684,,,,
pit_density_per_Mpx,B,A,dummy,src_gkf,1,160,40,-0.09608822765233227,6100.76904296875,8728.07721317156,,,,,
pit_density_per_Mpx,B,A,ridge,src_gkf,1,160,40,-0.44970943127653307,6699.014727128984,10037.748385064562,0.3510805462477983,,,,
pit_density_per_Mpx,B,A,extratrees,src_gkf,1,160,40,-2.6020171974152952,7967.588461836558,15822.267181856148,0.2793491229813619,,,,
pit_depth_um,B,A,dummy,src_gkf,1,160,40,-0.00427286589316167,1.3931935179687571,2.353484082680334,,,,,
pit_depth_um,B,A,ridge,src_gkf,1,160,40,0.05287977764359397,1.4569776573676285,2.285535417929458,0.27579737335834903,,,,
pit_depth_um,B,A,extratrees,src_gkf,1,160,40,-0.33620240550586544,1.4506505201838509,2.7146980165338435,0.45909943714821777,,,,
peak_to_valley_p98p2_um,B,A,dummy,src_gkf,1,160,40,-0.0003983558726172731,3.792082507789601,5.3782677165295585,,,,,
peak_to_valley_p98p2_um,B,A,ridge,src_gkf,1,160,40,-0.015180588366768166,4.050141866430815,5.4178575774573465,0.1307692307692308,,,,
peak_to_valley_p98p2_um,B,A,extratrees,src_gkf,1,160,40,-0.1764561880092539,3.8941378273848244,5.832353127699513,0.41200750469043157,,,,
deepest_negative_residual_um,B,A,dummy,src_gkf,1,160,40,-0.00427286589316167,1.3931935179687571,2.353484082680334,,,,,
deepest_negative_residual_um,B,A,ridge,src_gkf,1,160,40,0.05287977764359397,1.4569776573676285,2.285535417929458,0.27579737335834903,,,,
deepest_negative_residual_um,B,A,extratrees,src_gkf,1,160,40,-0.33620240550586544,1.450650520183851,2.7146980165338435,0.45909943714821777,,,,
rms_DCT_8_16_um,C,A,dummy,src_gkf,1,160,40,-0.006038759229164636,0.36308244213350677,0.4721227012748517,,,,,
rms_DCT_8_16_um,C,A,ridge,src_gkf,1,160,40,0.09642431995212775,0.33446406699917,0.44743483544807927,0.4482176360225142,,,,
rms_DCT_8_16_um,C,A,extratrees,src_gkf,1,160,40,0.2499660171400082,0.28514090302205153,0.40765051691017246,0.6881801125703566,,,,
E_DCT_8_16_frac,C,A,dummy,src_gkf,1,160,40,-0.05097768180029516,0.17609485415197348,0.22022761132754598,,,,,
E_DCT_8_16_frac,C,A,ridge,src_gkf,1,160,40,0.41759972504059517,0.1353920198484475,0.1639403308343804,0.5307692307692309,,,,
E_DCT_8_16_frac,C,A,extratrees,src_gkf,1,160,40,0.626451115117141,0.09808633172045807,0.13129516812434505,0.5994371482176362,,,,
rms_DCT_16_32_um,C,A,dummy,src_gkf,1,160,40,-9.33268394869291e-05,0.4171272964965313,0.5819472489301883,,,,,
rms_DCT_16_32_um,C,A,ridge,src_gkf,1,160,40,0.23989115623637614,0.37138999680628715,0.5073425033707517,0.3954971857410882,,,,
rms_DCT_16_32_um,C,A,extratrees,src_gkf,1,160,40,0.16373064245761693,0.3521447580710693,0.5321529164186662,0.6165103189493434,,,,
E_DCT_16_32_frac,C,A,dummy,src_gkf,1,160,40,-0.01713714822644552,0.10707183206001077,0.12868543397241292,,,,,
E_DCT_16_32_frac,C,A,ridge,src_gkf,1,160,40,0.1420649812085646,0.09832080007304747,0.11818621681991573,0.5050656660412759,,,,
E_DCT_16_32_frac,C,A,extratrees,src_gkf,1,160,40,0.4804577417385716,0.07308429577993836,0.09197082290375129,0.7106941838649157,,,,
rms_DCT_32_64_um,C,A,dummy,src_gkf,1,160,40,-8.994614703539128e-05,0.474738541282945,0.7016580887807813,,,,,
rms_DCT_32_64_um,C,A,ridge,src_gkf,1,160,40,0.12342490485979163,0.4586388795583563,0.6569019774921822,0.26772983114446536,,,,
rms_DCT_32_64_um,C,A,extratrees,src_gkf,1,160,40,-0.0509439336982378,0.4366326578412595,0.7192763475272002,0.50281425891182,,,,
E_DCT_32_64_frac,C,A,dummy,src_gkf,1,160,40,-0.0036700291633111615,0.07922903336410254,0.09826234240027852,,,,,
E_DCT_32_64_frac,C,A,ridge,src_gkf,1,160,40,0.11966758529672117,0.06997092156743105,0.09202694000332494,0.4433395872420263,,,,
E_DCT_32_64_frac,C,A,extratrees,src_gkf,1,160,40,0.16768118595328296,0.06090124857483829,0.08948216654402882,0.5724202626641651,,,,
rms_DCT_64_inf_um,C,A,dummy,src_gkf,1,160,40,-0.00012589979520605254,0.69028327415038,1.075753916699195,,,,,
rms_DCT_64_inf_um,C,A,ridge,src_gkf,1,160,40,-0.12265142809606133,0.8129705724366907,1.1397459705575825,0.24183864915572234,,,,
rms_DCT_64_inf_um,C,A,extratrees,src_gkf,1,160,40,-0.28589447333086837,0.6952058455795409,1.2197989741585402,0.4251407129455911,,,,
E_DCT_64_inf_frac,C,A,dummy,src_gkf,1,160,40,-0.049558678955863966,0.22612302793247138,0.27258019663091454,,,,,
E_DCT_64_inf_frac,C,A,ridge,src_gkf,1,160,40,0.33480979525261967,0.17745255471821525,0.21700206222049645,0.5568480300187618,,,,
E_DCT_64_inf_frac,C,A,extratrees,src_gkf,1,160,40,0.44945610213268516,0.14691531835712635,0.1974180760044962,0.6288930581613509,,,,
DCT_8_16_PC1,D,A,dummy,src_gkf,1,160,40,-0.011950834166968738,25.65599818874778,64.2408811568798,,8_16,1.0,15.0089331091161,stable
DCT_8_16_PC1,D,A,ridge,src_gkf,1,160,40,-0.004227835625379983,26.51081897229825,63.995275126102015,-0.07598499061913698,8_16,1.0,15.0089331091161,stable
DCT_8_16_PC1,D,A,extratrees,src_gkf,1,160,40,-0.136470881208691,27.315825781725238,68.07865065111498,-0.13170731707317074,8_16,1.0,15.0089331091161,stable
DCT_8_16_PC2,D,A,dummy,src_gkf,1,160,40,-0.15150417324761212,7.5805825576614065,12.932945133769346,,8_16,2.0,23.23703295921558,stable
DCT_8_16_PC2,D,A,ridge,src_gkf,1,160,40,-0.09816196097039498,8.057888065843958,12.629840765925033,0.4118198874296436,8_16,2.0,23.23703295921558,stable
DCT_8_16_PC2,D,A,extratrees,src_gkf,1,160,40,-0.5735156419757172,8.064637512269423,15.11820427820501,0.006566604127579738,8_16,2.0,23.23703295921558,stable
DCT_8_16_PC3,D,A,dummy,src_gkf,1,160,40,-0.017230095171139048,8.526344363736927,13.685577146565091,,8_16,3.0,76.5671766593558,unstable_pc
DCT_8_16_PC3,D,A,ridge,src_gkf,1,160,40,0.05155915874419892,8.817552913519211,13.214740536649265,0.14146341463414636,8_16,3.0,76.5671766593558,unstable_pc
DCT_8_16_PC3,D,A,extratrees,src_gkf,1,160,40,-0.5998439170526204,11.26846951765337,17.162965286595597,-0.06885553470919327,8_16,3.0,76.5671766593558,unstable_pc
DCT_16_32_PC1,D,A,dummy,src_gkf,1,160,40,-0.04793239709211927,12.807355611691127,26.90254502403308,,16_32,1.0,64.40368277019607,unstable_pc
DCT_16_32_PC1,D,A,ridge,src_gkf,1,160,40,-0.04065266541342183,13.793393045201904,26.808939455926918,-0.11801125703564729,16_32,1.0,64.40368277019607,unstable_pc
DCT_16_32_PC1,D,A,extratrees,src_gkf,1,160,40,-0.23161619081519902,14.536625336235943,29.165164358220306,0.005253283302063791,16_32,1.0,64.40368277019607,unstable_pc
DCT_16_32_PC2,D,A,dummy,src_gkf,1,160,40,-0.010574000215866963,12.07391399046467,27.093179764654554,,16_32,2.0,69.33258938377675,unstable_pc
DCT_16_32_PC2,D,A,ridge,src_gkf,1,160,40,-0.03530784561434075,14.31851149964665,27.422728935166855,-0.053846153846153856,16_32,2.0,69.33258938377675,unstable_pc
DCT_16_32_PC2,D,A,extratrees,src_gkf,1,160,40,-0.17424816159252865,15.655514527183499,29.20490936083997,0.06322701688555347,16_32,2.0,69.33258938377675,unstable_pc
DCT_16_32_PC3,D,A,dummy,src_gkf,1,160,40,-4.489575468058504e-06,10.63734541200969,17.88737161813795,,16_32,3.0,78.5184934097841,unstable_pc
DCT_16_32_PC3,D,A,ridge,src_gkf,1,160,40,-0.025283403893527012,11.24150624617157,18.11204625554981,0.10262664165103191,16_32,3.0,78.5184934097841,unstable_pc
DCT_16_32_PC3,D,A,extratrees,src_gkf,1,160,40,-1.5494167711870581,16.21741695303179,28.560511038196363,0.04446529080675423,16_32,3.0,78.5184934097841,unstable_pc
DCT_32_64_PC1,D,A,dummy,src_gkf,1,160,40,-0.028092338229392944,15.97927170867077,27.211158738045057,,32_64,1.0,12.83067060942853,stable
DCT_32_64_PC1,D,A,ridge,src_gkf,1,160,40,0.07264441858286386,18.66362202964533,25.843665997258285,0.13377110694183866,32_64,1.0,12.83067060942853,stable
DCT_32_64_PC1,D,A,extratrees,src_gkf,1,160,40,0.3137870524173796,13.567091634477134,22.23107319526972,0.2705440900562852,32_64,1.0,12.83067060942853,stable
DCT_32_64_PC2,D,A,dummy,src_gkf,1,160,40,-0.2319204473019929,16.63837232480352,24.4292739571156,,32_64,2.0,41.11939364336981,unstable_pc
DCT_32_64_PC2,D,A,ridge,src_gkf,1,160,40,-0.3769314016770109,16.53732629098302,25.827084306992624,0.027204502814258912,32_64,2.0,41.11939364336981,unstable_pc
DCT_32_64_PC2,D,A,extratrees,src_gkf,1,160,40,-1.3822666200454452,22.736299854984015,33.97147554424926,-0.02607879924953096,32_64,2.0,41.11939364336981,unstable_pc
DCT_32_64_PC3,D,A,dummy,src_gkf,1,160,40,-0.03531343902320727,13.75364512163119,29.82928485788987,,32_64,3.0,73.17034603293304,unstable_pc
DCT_32_64_PC3,D,A,ridge,src_gkf,1,160,40,0.03679432635865432,13.785011862551187,28.77176018753081,0.2636022514071295,32_64,3.0,73.17034603293304,unstable_pc
DCT_32_64_PC3,D,A,extratrees,src_gkf,1,160,40,-0.003938074053376317,14.781110878211194,29.373816554083593,0.2309568480300188,32_64,3.0,73.17034603293304,unstable_pc
DCT_64_inf_PC1,D,A,dummy,src_gkf,1,160,40,-0.029158736159182075,56.36049482135661,110.68921915923454,,64_inf,1.0,20.983035915355586,stable
DCT_64_inf_PC1,D,A,ridge,src_gkf,1,160,40,0.03510684464729508,56.79389080707183,107.17753247104872,0.38255159474671674,64_inf,1.0,20.983035915355586,stable
DCT_64_inf_PC1,D,A,extratrees,src_gkf,1,160,40,-0.32824887200231845,69.07988595408418,125.7488057448906,0.35178236397748597,64_inf,1.0,20.983035915355586,stable
DCT_64_inf_PC2,D,A,dummy,src_gkf,1,160,40,-0.0038856044606370155,37.76364373403841,80.59857030286905,,64_inf,2.0,35.714134200912255,stable
DCT_64_inf_PC2,D,A,ridge,src_gkf,1,160,40,0.03668761768364026,39.93297315587559,78.95302900300553,0.13039399624765483,64_inf,2.0,35.714134200912255,stable
DCT_64_inf_PC2,D,A,extratrees,src_gkf,1,160,40,0.23499239114240278,38.02393740599632,70.35874790683401,0.4461538461538462,64_inf,2.0,35.714134200912255,stable
DCT_64_inf_PC3,D,A,dummy,src_gkf,1,160,40,-0.04759056933840777,32.65617378063249,63.71180142509425,,64_inf,3.0,50.81079669876973,unstable_pc
DCT_64_inf_PC3,D,A,ridge,src_gkf,1,160,40,0.03472942046176197,35.62277089943393,61.15734586714323,0.10694183864915573,64_inf,3.0,50.81079669876973,unstable_pc
DCT_64_inf_PC3,D,A,extratrees,src_gkf,1,160,40,-0.20042775773115684,40.345294360503644,68.20121462341395,0.08724202626641653,64_inf,3.0,50.81079669876973,unstable_pc
median_depth_um,A,R,dummy,src_gkf,1,160,40,-0.003091015205499037,18.431890062500003,20.04836278715508,,,,,
median_depth_um,A,R,ridge,src_gkf,1,160,40,0.5511736153427806,10.679849201900677,13.410591449358025,0.7575984990619137,,,,
median_depth_um,A,R,extratrees,src_gkf,1,160,40,0.7075512941871811,6.300043593501052,10.825141807278797,0.8356472795497187,,,,
Sq_um,B,R,dummy,src_gkf,1,160,40,-0.00032485921867619894,0.9951026503350547,1.3981663947314422,,,,,
Sq_um,B,R,ridge,src_gkf,1,160,40,0.12677136503197617,0.9481500219866593,1.3063282327750134,0.3960600375234522,,,,
Sq_um,B,R,extratrees,src_gkf,1,160,40,0.0511181356604431,0.8903946922695415,1.3617406494213486,0.4804878048780489,,,,
Sa_um,B,R,dummy,src_gkf,1,160,40,-0.0023935004141069083,0.6151779524034483,1.0185603394117988,,,,,
Sa_um,B,R,ridge,src_gkf,1,160,40,0.08139839704627039,0.5789319021582715,0.9750597742051949,0.3407129455909944,,,,
Sa_um,B,R,extratrees,src_gkf,1,160,40,-0.007343993633840418,0.5413617530667809,1.021072409630248,0.48217636022514077,,,,
Ssk_skewness,B,R,dummy,src_gkf,1,160,40,-0.036825570011215,2.002739546756276,2.717647177817201,,,,,
Ssk_skewness,B,R,ridge,src_gkf,1,160,40,0.2598067680908158,1.6310230488700248,2.2962162099251757,0.6159474671669795,,,,
Ssk_skewness,B,R,extratrees,src_gkf,1,160,40,0.26936368855477566,1.5042095485431617,2.2813443831859934,0.551219512195122,,,,
kurtosis_excess_fisher,B,R,dummy,src_gkf,1,160,40,-0.036300078637270694,14.697640943593063,27.83843851855278,,,,,
kurtosis_excess_fisher,B,R,ridge,src_gkf,1,160,40,0.24500653844070897,12.482526518705797,23.76149170388366,0.4671669793621014,,,,
kurtosis_excess_fisher,B,R,extratrees,src_gkf,1,160,40,0.1621144763432082,11.739428912094303,25.031936570555008,0.5983114446529081,,,,
grad_rms_um_per_um,B,R,dummy,src_gkf,1,160,40,-0.012731347571608653,0.3347492521007177,0.4193300084449365,,,,,
grad_rms_um_per_um,B,R,ridge,src_gkf,1,160,40,0.11505165691456154,0.29998625228360876,0.3919834911044945,0.38686679174484057,,,,
grad_rms_um_per_um,B,R,extratrees,src_gkf,1,160,40,0.1356911530029542,0.27358042574752445,0.3873854417089753,0.4606003752345217,,,,
lap_rms_um_per_px2,B,R,dummy,src_gkf,1,160,40,-0.028117364011477353,0.14745649964723592,0.19386047542720844,,,,,
lap_rms_um_per_px2,B,R,ridge,src_gkf,1,160,40,-0.10179843420110246,0.15628575360235045,0.2006868895455912,-0.050093808630394004,,,,
lap_rms_um_per_px2,B,R,extratrees,src_gkf,1,160,40,-0.1658613151698063,0.14781140805474707,0.2064388221337996,0.24165103189493436,,,,
acf_e_fold_lag_um,B,R,dummy,src_gkf,1,160,40,-0.01498986623429266,8.1,8.845867679317841,,,,,
acf_e_fold_lag_um,B,R,ridge,src_gkf,1,160,40,0.17871923836704529,7.018409562630178,7.957110890086967,0.3349601495036366,,,,
acf_e_fold_lag_um,B,R,extratrees,src_gkf,1,160,40,0.26425062878620387,6.020822805735931,7.531379560679013,0.45922107355598035,,,,
aniso_gradx_over_y,B,R,dummy,src_gkf,1,160,40,-0.0036889747241697357,0.6307416466878845,0.8300816769217217,,,,,
aniso_gradx_over_y,B,R,ridge,src_gkf,1,160,40,0.13552356527278964,0.5810225736455493,0.7703672827961306,0.523639774859287,,,,
aniso_gradx_over_y,B,R,extratrees,src_gkf,1,160,40,0.4596214187938824,0.4351022522530091,0.6090743550461387,0.7581613508442778,,,,
pit_density_per_Mpx,B,R,dummy,src_gkf,1,160,40,-0.09608822765233227,6100.76904296875,8728.07721317156,,,,,
pit_density_per_Mpx,B,R,ridge,src_gkf,1,160,40,-0.2871777954458423,6268.624510453663,9458.343724408307,0.026173605746052226,,,,
pit_density_per_Mpx,B,R,extratrees,src_gkf,1,160,40,-1.728154313036994,6501.789038632157,13769.88422568738,0.05834942935116154,,,,
pit_depth_um,B,R,dummy,src_gkf,1,160,40,-0.00427286589316167,1.3931935179687571,2.353484082680334,,,,,
pit_depth_um,B,R,ridge,src_gkf,1,160,40,0.03963215999845815,1.439355482108804,2.3014641017693687,0.22026266416510323,,,,
pit_depth_um,B,R,extratrees,src_gkf,1,160,40,-0.12102892768908347,1.3269426067316654,2.4865306148541593,0.48236397748592874,,,,
peak_to_valley_p98p2_um,B,R,dummy,src_gkf,1,160,40,-0.0003983558726172731,3.792082507789601,5.3782677165295585,,,,,
peak_to_valley_p98p2_um,B,R,ridge,src_gkf,1,160,40,0.13557753172174092,3.4290830187605352,4.999412309321912,0.41651031894934337,,,,
peak_to_valley_p98p2_um,B,R,extratrees,src_gkf,1,160,40,0.10316538896211214,3.356329104415056,5.092278084570621,0.4589118198874297,,,,
deepest_negative_residual_um,B,R,dummy,src_gkf,1,160,40,-0.00427286589316167,1.3931935179687571,2.353484082680334,,,,,
deepest_negative_residual_um,B,R,ridge,src_gkf,1,160,40,0.03963215999845815,1.439355482108804,2.3014641017693687,0.22026266416510323,,,,
deepest_negative_residual_um,B,R,extratrees,src_gkf,1,160,40,-0.12102892768908347,1.3269426067316654,2.4865306148541593,0.48236397748592874,,,,
rms_DCT_8_16_um,C,R,dummy,src_gkf,1,160,40,-0.006038759229164636,0.36308244213350677,0.4721227012748517,,,,,
rms_DCT_8_16_um,C,R,ridge,src_gkf,1,160,40,0.14150870857916986,0.30748488757937265,0.43612951034209585,0.5163227016885554,,,,
rms_DCT_8_16_um,C,R,extratrees,src_gkf,1,160,40,0.17685234854855814,0.2854896453568001,0.427057544430912,0.6309568480300188,,,,
E_DCT_8_16_frac,C,R,dummy,src_gkf,1,160,40,-0.05097768180029516,0.17609485415197348,0.22022761132754598,,,,,
E_DCT_8_16_frac,C,R,ridge,src_gkf,1,160,40,-0.11378420835137448,0.18884727032996348,0.22671254358396029,0.06904315196998126,,,,
E_DCT_8_16_frac,C,R,extratrees,src_gkf,1,160,40,0.3657456608505888,0.12565292757716628,0.17108295582741218,0.49455909943714826,,,,
rms_DCT_16_32_um,C,R,dummy,src_gkf,1,160,40,-9.33268394869291e-05,0.4171272964965313,0.5819472489301883,,,,,
rms_DCT_16_32_um,C,R,ridge,src_gkf,1,160,40,0.27013828441595333,0.34587210285230646,0.49714565325397314,0.6215759849906192,,,,
rms_DCT_16_32_um,C,R,extratrees,src_gkf,1,160,40,0.36638902904337844,0.28764461909776645,0.46320655750662165,0.676547842401501,,,,
E_DCT_16_32_frac,C,R,dummy,src_gkf,1,160,40,-0.01713714822644552,0.10707183206001077,0.12868543397241292,,,,,
E_DCT_16_32_frac,C,R,ridge,src_gkf,1,160,40,0.2518225908880364,0.08587548970925166,0.11036768389343019,0.6155722326454034,,,,
E_DCT_16_32_frac,C,R,extratrees,src_gkf,1,160,40,0.42077104412396493,0.07485429361541467,0.097110181447868,0.7213883677298313,,,,
rms_DCT_32_64_um,C,R,dummy,src_gkf,1,160,40,-8.994614703539128e-05,0.474738541282945,0.7016580887807813,,,,,
rms_DCT_32_64_um,C,R,ridge,src_gkf,1,160,40,0.16410928623350762,0.42789964510395295,0.6414765070644746,0.4615384615384616,,,,
rms_DCT_32_64_um,C,R,extratrees,src_gkf,1,160,40,0.15615054369099723,0.37563525271876863,0.6445231084002917,0.5097560975609756,,,,
E_DCT_32_64_frac,C,R,dummy,src_gkf,1,160,40,-0.0036700291633111615,0.07922903336410254,0.09826234240027852,,,,,
E_DCT_32_64_frac,C,R,ridge,src_gkf,1,160,40,0.09854192153075714,0.06405537352978798,0.0931245961491927,0.49136960600375235,,,,
E_DCT_32_64_frac,C,R,extratrees,src_gkf,1,160,40,0.14372660943429805,0.061316795159155266,0.09076070463237847,0.4894934333958725,,,,
rms_DCT_64_inf_um,C,R,dummy,src_gkf,1,160,40,-0.00012589979520605254,0.69028327415038,1.075753916699195,,,,,
rms_DCT_64_inf_um,C,R,ridge,src_gkf,1,160,40,0.08097503699913744,0.6826342587532984,1.031215074362999,0.2671669793621013,,,,
rms_DCT_64_inf_um,C,R,extratrees,src_gkf,1,160,40,-0.1262779959563145,0.6689138698597598,1.141585380956159,0.4737335834896811,,,,
E_DCT_64_inf_frac,C,R,dummy,src_gkf,1,160,40,-0.049558678955863966,0.22612302793247138,0.27258019663091454,,,,,
E_DCT_64_inf_frac,C,R,ridge,src_gkf,1,160,40,0.020700074371401866,0.21249742531034976,0.2632987511018263,0.3337711069418387,,,,
E_DCT_64_inf_frac,C,R,extratrees,src_gkf,1,160,40,0.2611823386489689,0.17606023308346685,0.2286965287186459,0.46791744840525334,,,,
DCT_8_16_PC1,D,R,dummy,src_gkf,1,160,40,-0.011950834166968738,25.65599818874778,64.2408811568798,,8_16,1.0,15.0089331091161,stable
DCT_8_16_PC1,D,R,ridge,src_gkf,1,160,40,-0.0015943057256992965,25.793313348764705,63.91130807103845,0.09643527204502816,8_16,1.0,15.0089331091161,stable
DCT_8_16_PC1,D,R,extratrees,src_gkf,1,160,40,-0.3434776206342667,35.78093154741132,74.01964555712657,-0.40018761726078805,8_16,1.0,15.0089331091161,stable
DCT_8_16_PC2,D,R,dummy,src_gkf,1,160,40,-0.15150417324761212,7.5805825576614065,12.932945133769346,,8_16,2.0,23.23703295921558,stable
DCT_8_16_PC2,D,R,ridge,src_gkf,1,160,40,-0.13631821604237815,7.679431287887707,12.847382707774205,0.1553470919324578,8_16,2.0,23.23703295921558,stable
DCT_8_16_PC2,D,R,extratrees,src_gkf,1,160,40,-0.7760250879676389,10.225742478827708,16.061615502412618,-0.10300187617260789,8_16,2.0,23.23703295921558,stable
DCT_8_16_PC3,D,R,dummy,src_gkf,1,160,40,-0.017230095171139048,8.526344363736927,13.685577146565091,,8_16,3.0,76.5671766593558,unstable_pc
DCT_8_16_PC3,D,R,ridge,src_gkf,1,160,40,-0.029321752922639055,8.788408369818667,13.766676031789236,0.09437148217636025,8_16,3.0,76.5671766593558,unstable_pc
DCT_8_16_PC3,D,R,extratrees,src_gkf,1,160,40,-0.27930840664202483,10.20329987383397,15.347623747994763,-0.02326454033771107,8_16,3.0,76.5671766593558,unstable_pc
DCT_16_32_PC1,D,R,dummy,src_gkf,1,160,40,-0.04793239709211927,12.807355611691127,26.90254502403308,,16_32,1.0,64.40368277019607,unstable_pc
DCT_16_32_PC1,D,R,ridge,src_gkf,1,160,40,-0.065382925391404,13.336261645360759,27.125615382769436,-0.250844277673546,16_32,1.0,64.40368277019607,unstable_pc
DCT_16_32_PC1,D,R,extratrees,src_gkf,1,160,40,-0.11346851580254769,14.126675027266142,27.73101107128118,-0.07410881801125704,16_32,1.0,64.40368277019607,unstable_pc
DCT_16_32_PC2,D,R,dummy,src_gkf,1,160,40,-0.010574000215866963,12.07391399046467,27.093179764654554,,16_32,2.0,69.33258938377675,unstable_pc
DCT_16_32_PC2,D,R,ridge,src_gkf,1,160,40,0.06530736626024491,11.407618484721056,26.056154954182936,0.14390243902439023,16_32,2.0,69.33258938377675,unstable_pc
DCT_16_32_PC2,D,R,extratrees,src_gkf,1,160,40,-0.4691916164382641,15.7710735180087,32.667442775245924,-0.25797373358348974,16_32,2.0,69.33258938377675,unstable_pc
DCT_16_32_PC3,D,R,dummy,src_gkf,1,160,40,-4.489575468058504e-06,10.63734541200969,17.88737161813795,,16_32,3.0,78.5184934097841,unstable_pc
DCT_16_32_PC3,D,R,ridge,src_gkf,1,160,40,0.08045251592127045,11.081957750376104,17.15270565576358,0.13452157598499065,16_32,3.0,78.5184934097841,unstable_pc
DCT_16_32_PC3,D,R,extratrees,src_gkf,1,160,40,-1.329189138036905,14.763841372736792,27.299075077777395,-0.008818011257035649,16_32,3.0,78.5184934097841,unstable_pc
DCT_32_64_PC1,D,R,dummy,src_gkf,1,160,40,-0.028092338229392944,15.97927170867077,27.211158738045057,,32_64,1.0,12.83067060942853,stable
DCT_32_64_PC1,D,R,ridge,src_gkf,1,160,40,-0.020928987020119028,17.831605967152193,27.116194596747935,-0.06829268292682927,32_64,1.0,12.83067060942853,stable
DCT_32_64_PC1,D,R,extratrees,src_gkf,1,160,40,0.3180011994590549,14.432242768216005,22.16270572362159,0.25984990619136966,32_64,1.0,12.83067060942853,stable
DCT_32_64_PC2,D,R,dummy,src_gkf,1,160,40,-0.2319204473019929,16.63837232480352,24.4292739571156,,32_64,2.0,41.11939364336981,unstable_pc
DCT_32_64_PC2,D,R,ridge,src_gkf,1,160,40,-0.29506166884786067,15.163157123360758,25.047503887875845,-0.015196998123827393,32_64,2.0,41.11939364336981,unstable_pc
DCT_32_64_PC2,D,R,extratrees,src_gkf,1,160,40,-1.5308761180072263,22.945683839589076,35.015043633530965,0.02889305816135085,32_64,2.0,41.11939364336981,unstable_pc
DCT_32_64_PC3,D,R,dummy,src_gkf,1,160,40,-0.03531343902320727,13.75364512163119,29.82928485788987,,32_64,3.0,73.17034603293304,unstable_pc
DCT_32_64_PC3,D,R,ridge,src_gkf,1,160,40,-0.018491627220885487,13.67739576006564,29.58595874444381,0.18386491557223267,32_64,3.0,73.17034603293304,unstable_pc
DCT_32_64_PC3,D,R,extratrees,src_gkf,1,160,40,-0.1120130329181308,15.721307136096124,30.91447349290494,0.1975609756097561,32_64,3.0,73.17034603293304,unstable_pc
DCT_64_inf_PC1,D,R,dummy,src_gkf,1,160,40,-0.029158736159182075,56.36049482135661,110.68921915923454,,64_inf,1.0,20.983035915355586,stable
DCT_64_inf_PC1,D,R,ridge,src_gkf,1,160,40,0.0012243542527270446,53.19159982461058,109.04308083114512,0.33733583489681057,64_inf,1.0,20.983035915355586,stable
DCT_64_inf_PC1,D,R,extratrees,src_gkf,1,160,40,-0.5564190934399003,69.87306600662768,136.12171628814957,0.42757973733583493,64_inf,1.0,20.983035915355586,stable
DCT_64_inf_PC2,D,R,dummy,src_gkf,1,160,40,-0.0038856044606370155,37.76364373403841,80.59857030286905,,64_inf,2.0,35.714134200912255,stable
DCT_64_inf_PC2,D,R,ridge,src_gkf,1,160,40,0.046148835540829714,38.22718365376926,78.56435185205918,0.31181988742964356,64_inf,2.0,35.714134200912255,stable
DCT_64_inf_PC2,D,R,extratrees,src_gkf,1,160,40,0.503677505368701,31.31758017179875,56.67182577369821,0.4341463414634147,64_inf,2.0,35.714134200912255,stable
DCT_64_inf_PC3,D,R,dummy,src_gkf,1,160,40,-0.04759056933840777,32.65617378063249,63.71180142509425,,64_inf,3.0,50.81079669876973,unstable_pc
DCT_64_inf_PC3,D,R,ridge,src_gkf,1,160,40,0.007919380986498581,34.24370618500868,62.000840566432,0.16285178236397752,64_inf,3.0,50.81079669876973,unstable_pc
DCT_64_inf_PC3,D,R,extratrees,src_gkf,1,160,40,-0.03336197144544806,37.95535599581466,63.277648578106394,0.1305816135084428,64_inf,3.0,50.81079669876973,unstable_pc
median_depth_um,A,C,dummy,src_gkf,1,160,40,-0.003091015205499037,18.431890062500003,20.04836278715508,,,,,
median_depth_um,A,C,ridge,src_gkf,1,160,40,0.7739464581482199,6.557254519656316,9.517314051406084,0.8988742964352722,,,,
median_depth_um,A,C,extratrees,src_gkf,1,160,40,0.929522857262613,3.56060853616667,5.314138716064284,0.9592870544090056,,,,
Sq_um,B,C,dummy,src_gkf,1,160,40,-0.00032485921867619894,0.9951026503350547,1.3981663947314422,,,,,
Sq_um,B,C,ridge,src_gkf,1,160,40,-0.021765080203590248,1.03210744143515,1.4130705874434994,0.23433395872420262,,,,
Sq_um,B,C,extratrees,src_gkf,1,160,40,-0.02066357452565959,0.8994866609001517,1.4123087073272491,0.45272045028142593,,,,
Sa_um,B,C,dummy,src_gkf,1,160,40,-0.0023935004141069083,0.6151779524034483,1.0185603394117988,,,,,
Sa_um,B,C,ridge,src_gkf,1,160,40,0.04926440976710711,0.6115315247874343,0.9919676667919943,0.2626641651031895,,,,
Sa_um,B,C,extratrees,src_gkf,1,160,40,-0.03243697874398754,0.5513464934387822,1.0337116629888075,0.499437148217636,,,,
Ssk_skewness,B,C,dummy,src_gkf,1,160,40,-0.036825570011215,2.002739546756276,2.717647177817201,,,,,
Ssk_skewness,B,C,ridge,src_gkf,1,160,40,0.23602395507651763,1.6930802945482804,2.332813898986099,0.4386491557223265,,,,
Ssk_skewness,B,C,extratrees,src_gkf,1,160,40,0.3034287535351463,1.4311468099323084,2.2275270946883907,0.4684803001876173,,,,
kurtosis_excess_fisher,B,C,dummy,src_gkf,1,160,40,-0.036300078637270694,14.697640943593063,27.83843851855278,,,,,
kurtosis_excess_fisher,B,C,ridge,src_gkf,1,160,40,0.1269719527347939,12.52565733087447,25.551488456022987,0.5742964352720451,,,,
kurtosis_excess_fisher,B,C,extratrees,src_gkf,1,160,40,0.13037646815641402,12.130488853400106,25.501618689017448,0.6427767354596623,,,,
grad_rms_um_per_um,B,C,dummy,src_gkf,1,160,40,-0.012731347571608653,0.3347492521007177,0.4193300084449365,,,,,
grad_rms_um_per_um,B,C,ridge,src_gkf,1,160,40,0.08222064562161435,0.3084826034623077,0.399188441927642,0.42326454033771116,,,,
grad_rms_um_per_um,B,C,extratrees,src_gkf,1,160,40,0.10287958208613646,0.2848127134997478,0.39467006466305204,0.5118198874296436,,,,
lap_rms_um_per_px2,B,C,dummy,src_gkf,1,160,40,-0.028117364011477353,0.14745649964723592,0.19386047542720844,,,,,
lap_rms_um_per_px2,B,C,ridge,src_gkf,1,160,40,-0.0941395417153914,0.15482898677213103,0.1999881593248272,-0.0028142589118198874,,,,
lap_rms_um_per_px2,B,C,extratrees,src_gkf,1,160,40,-0.19972464296783188,0.15081578628324754,0.20941544848189597,0.14371482176360226,,,,
acf_e_fold_lag_um,B,C,dummy,src_gkf,1,160,40,-0.01498986623429266,8.1,8.845867679317841,,,,,
acf_e_fold_lag_um,B,C,ridge,src_gkf,1,160,40,0.18516625857738267,6.944634552207916,7.925817860183257,0.363115948004923,,,,
acf_e_fold_lag_um,B,C,extratrees,src_gkf,1,160,40,0.3668049992087533,5.049187946428572,6.986800204117059,0.5566401363704312,,,,
aniso_gradx_over_y,B,C,dummy,src_gkf,1,160,40,-0.0036889747241697357,0.6307416466878845,0.8300816769217217,,,,,
aniso_gradx_over_y,B,C,ridge,src_gkf,1,160,40,0.4690974990542798,0.42831713311998937,0.6037103705596286,0.7380863039399626,,,,
aniso_gradx_over_y,B,C,extratrees,src_gkf,1,160,40,0.5935551463760369,0.3480551932725923,0.5282287866935852,0.7330206378986869,,,,
pit_density_per_Mpx,B,C,dummy,src_gkf,1,160,40,-0.09608822765233227,6100.76904296875,8728.07721317156,,,,,
pit_density_per_Mpx,B,C,ridge,src_gkf,1,160,40,-0.4941086354296853,6731.142211511324,10190.29861876301,0.30690028692457477,,,,
pit_density_per_Mpx,B,C,extratrees,src_gkf,1,160,40,-3.327803740495388,8280.557040550597,17343.21475743075,0.19561326399681134,,,,
pit_depth_um,B,C,dummy,src_gkf,1,160,40,-0.00427286589316167,1.3931935179687571,2.353484082680334,,,,,
pit_depth_um,B,C,ridge,src_gkf,1,160,40,0.04409507378427213,1.4479970132221252,2.2961103216445533,0.32213883677298316,,,,
pit_depth_um,B,C,extratrees,src_gkf,1,160,40,-0.2583293737098249,1.4260773190435188,2.634405159725095,0.4221388367729832,,,,
peak_to_valley_p98p2_um,B,C,dummy,src_gkf,1,160,40,-0.0003983558726172731,3.792082507789601,5.3782677165295585,,,,,
peak_to_valley_p98p2_um,B,C,ridge,src_gkf,1,160,40,0.025820725831171565,3.831327638963527,5.307321232623087,0.2735459662288931,,,,
peak_to_valley_p98p2_um,B,C,extratrees,src_gkf,1,160,40,0.04986647432274793,3.458384367363758,5.241411450346956,0.43245778611632274,,,,
deepest_negative_residual_um,B,C,dummy,src_gkf,1,160,40,-0.00427286589316167,1.3931935179687571,2.353484082680334,,,,,
deepest_negative_residual_um,B,C,ridge,src_gkf,1,160,40,0.04409507378427213,1.4479970132221252,2.2961103216445533,0.32213883677298316,,,,
deepest_negative_residual_um,B,C,extratrees,src_gkf,1,160,40,-0.2583293737098249,1.4260773190435188,2.634405159725095,0.4221388367729832,,,,
rms_DCT_8_16_um,C,C,dummy,src_gkf,1,160,40,-0.006038759229164636,0.36308244213350677,0.4721227012748517,,,,,
rms_DCT_8_16_um,C,C,ridge,src_gkf,1,160,40,0.17141274524138095,0.312739280229348,0.42846628224883393,0.6161350844277674,,,,
rms_DCT_8_16_um,C,C,extratrees,src_gkf,1,160,40,0.2440662616298651,0.2737088604198328,0.40925066267010995,0.7048780487804879,,,,
E_DCT_8_16_frac,C,C,dummy,src_gkf,1,160,40,-0.05097768180029516,0.17609485415197348,0.22022761132754598,,,,,
E_DCT_8_16_frac,C,C,ridge,src_gkf,1,160,40,0.3808389786843127,0.14015428218111806,0.16903507298669637,0.47242026266416515,,,,
E_DCT_8_16_frac,C,C,extratrees,src_gkf,1,160,40,0.6251052564527343,0.09916010614847068,0.1315314770393682,0.6228893058161351,,,,
rms_DCT_16_32_um,C,C,dummy,src_gkf,1,160,40,-9.33268394869291e-05,0.4171272964965313,0.5819472489301883,,,,,
rms_DCT_16_32_um,C,C,ridge,src_gkf,1,160,40,0.2958783774210022,0.3378813963626171,0.4883005295794784,0.6559099437148219,,,,
rms_DCT_16_32_um,C,C,extratrees,src_gkf,1,160,40,0.3066887677821314,0.3123659020544263,0.48453758772642247,0.6726078799249532,,,,
E_DCT_16_32_frac,C,C,dummy,src_gkf,1,160,40,-0.01713714822644552,0.10707183206001077,0.12868543397241292,,,,,
E_DCT_16_32_frac,C,C,ridge,src_gkf,1,160,40,0.25528642098953624,0.08998120665155071,0.11011190337594419,0.5624765478424016,,,,
E_DCT_16_32_frac,C,C,extratrees,src_gkf,1,160,40,0.47495233414401006,0.07279145255784833,0.09245683010574168,0.7210131332082553,,,,
rms_DCT_32_64_um,C,C,dummy,src_gkf,1,160,40,-8.994614703539128e-05,0.474738541282945,0.7016580887807813,,,,,
rms_DCT_32_64_um,C,C,ridge,src_gkf,1,160,40,0.14860295939025447,0.43522872445259947,0.6473990736117781,0.4315196998123828,,,,
rms_DCT_32_64_um,C,C,extratrees,src_gkf,1,160,40,0.06490256734476663,0.40719019106528476,0.6784759187627621,0.501500938086304,,,,
E_DCT_32_64_frac,C,C,dummy,src_gkf,1,160,40,-0.0036700291633111615,0.07922903336410254,0.09826234240027852,,,,,
E_DCT_32_64_frac,C,C,ridge,src_gkf,1,160,40,0.17054098334938161,0.06394691471385956,0.08932830659517053,0.524390243902439,,,,
E_DCT_32_64_frac,C,C,extratrees,src_gkf,1,160,40,0.1748123360723689,0.0618472088192186,0.0890980087900032,0.5818011257035648,,,,
rms_DCT_64_inf_um,C,C,dummy,src_gkf,1,160,40,-0.00012589979520605254,0.69028327415038,1.075753916699195,,,,,
rms_DCT_64_inf_um,C,C,ridge,src_gkf,1,160,40,-0.08822796981065983,0.782713665609035,1.1221361173755469,0.2666041275797374,,,,
rms_DCT_64_inf_um,C,C,extratrees,src_gkf,1,160,40,-0.036559739260761503,0.609235886364787,1.095173097948578,0.44052532833020647,,,,
E_DCT_64_inf_frac,C,C,dummy,src_gkf,1,160,40,-0.049558678955863966,0.22612302793247138,0.27258019663091454,,,,,
E_DCT_64_inf_frac,C,C,ridge,src_gkf,1,160,40,0.3565600677841456,0.1750077091849238,0.21342482959641337,0.5994371482176362,,,,
E_DCT_64_inf_frac,C,C,extratrees,src_gkf,1,160,40,0.4611181580454262,0.14853660730306567,0.1953159513545511,0.6566604127579738,,,,
DCT_8_16_PC1,D,C,dummy,src_gkf,1,160,40,-0.011950834166968738,25.65599818874778,64.2408811568798,,8_16,1.0,15.0089331091161,stable
DCT_8_16_PC1,D,C,ridge,src_gkf,1,160,40,-0.004050225947793473,26.854421612834237,63.989615711781596,-0.07204502814258913,8_16,1.0,15.0089331091161,stable
DCT_8_16_PC1,D,C,extratrees,src_gkf,1,160,40,-0.23800061606216727,29.320719863661246,71.05460235324603,-0.1375234521575985,8_16,1.0,15.0089331091161,stable
DCT_8_16_PC2,D,C,dummy,src_gkf,1,160,40,-0.15150417324761212,7.5805825576614065,12.932945133769346,,8_16,2.0,23.23703295921558,stable
DCT_8_16_PC2,D,C,ridge,src_gkf,1,160,40,-0.10211439098279596,7.967872608048438,12.652548585099424,0.4185741088180113,8_16,2.0,23.23703295921558,stable
DCT_8_16_PC2,D,C,extratrees,src_gkf,1,160,40,-1.1559924779774091,8.901053049130752,17.69653737539889,0.08292682926829269,8_16,2.0,23.23703295921558,stable
DCT_8_16_PC3,D,C,dummy,src_gkf,1,160,40,-0.017230095171139048,8.526344363736927,13.685577146565091,,8_16,3.0,76.5671766593558,unstable_pc
DCT_8_16_PC3,D,C,ridge,src_gkf,1,160,40,0.044760592050488324,8.8261954091305,13.262018588403748,0.1028142589118199,8_16,3.0,76.5671766593558,unstable_pc
DCT_8_16_PC3,D,C,extratrees,src_gkf,1,160,40,-0.5554934792778088,11.399071469910012,16.923399798480258,-0.18255159474671676,8_16,3.0,76.5671766593558,unstable_pc
DCT_16_32_PC1,D,C,dummy,src_gkf,1,160,40,-0.04793239709211927,12.807355611691127,26.90254502403308,,16_32,1.0,64.40368277019607,unstable_pc
DCT_16_32_PC1,D,C,ridge,src_gkf,1,160,40,-0.056814072312855624,13.942925472342917,27.016309768484764,-0.22195121951219515,16_32,1.0,64.40368277019607,unstable_pc
DCT_16_32_PC1,D,C,extratrees,src_gkf,1,160,40,-0.2372891742966714,13.686399967001881,29.232256448009704,-0.014634146341463417,16_32,1.0,64.40368277019607,unstable_pc
DCT_16_32_PC2,D,C,dummy,src_gkf,1,160,40,-0.010574000215866963,12.07391399046467,27.093179764654554,,16_32,2.0,69.33258938377675,unstable_pc
DCT_16_32_PC2,D,C,ridge,src_gkf,1,160,40,0.006998908919191749,14.23635323789114,26.856584554500632,-0.016135084427767357,16_32,2.0,69.33258938377675,unstable_pc
DCT_16_32_PC2,D,C,extratrees,src_gkf,1,160,40,-0.10714102506340284,15.323804910278458,28.358117011732887,0.08123827392120077,16_32,2.0,69.33258938377675,unstable_pc
DCT_16_32_PC3,D,C,dummy,src_gkf,1,160,40,-4.489575468058504e-06,10.63734541200969,17.88737161813795,,16_32,3.0,78.5184934097841,unstable_pc
DCT_16_32_PC3,D,C,ridge,src_gkf,1,160,40,0.0006658773193208845,11.124879530344927,17.881375089038897,0.12363977485928707,16_32,3.0,78.5184934097841,unstable_pc
DCT_16_32_PC3,D,C,extratrees,src_gkf,1,160,40,-1.4085128641146833,17.375228128034646,27.760036958440157,-0.010131332082551597,16_32,3.0,78.5184934097841,unstable_pc
DCT_32_64_PC1,D,C,dummy,src_gkf,1,160,40,-0.028092338229392944,15.97927170867077,27.211158738045057,,32_64,1.0,12.83067060942853,stable
DCT_32_64_PC1,D,C,ridge,src_gkf,1,160,40,0.015872482046821013,18.7615912654964,26.62297978019824,0.05984990619136961,32_64,1.0,12.83067060942853,stable
DCT_32_64_PC1,D,C,extratrees,src_gkf,1,160,40,0.4410714536164686,12.56552945833449,20.063611973141757,0.26285178236397755,32_64,1.0,12.83067060942853,stable
DCT_32_64_PC2,D,C,dummy,src_gkf,1,160,40,-0.2319204473019929,16.63837232480352,24.4292739571156,,32_64,2.0,41.11939364336981,unstable_pc
DCT_32_64_PC2,D,C,ridge,src_gkf,1,160,40,-0.35507585123071794,16.178335195054483,25.621292287315246,0.05140712945590995,32_64,2.0,41.11939364336981,unstable_pc
DCT_32_64_PC2,D,C,extratrees,src_gkf,1,160,40,-1.2024823315295117,22.37752515723745,32.66445711542432,-0.11500938086303941,32_64,2.0,41.11939364336981,unstable_pc
DCT_32_64_PC3,D,C,dummy,src_gkf,1,160,40,-0.03531343902320727,13.75364512163119,29.82928485788987,,32_64,3.0,73.17034603293304,unstable_pc
DCT_32_64_PC3,D,C,ridge,src_gkf,1,160,40,0.04269891455823149,13.694075820707742,28.68343712380343,0.22439024390243903,32_64,3.0,73.17034603293304,unstable_pc
DCT_32_64_PC3,D,C,extratrees,src_gkf,1,160,40,-0.1754352807007995,17.427410205122282,31.783833480219386,0.14446529080675424,32_64,3.0,73.17034603293304,unstable_pc
DCT_64_inf_PC1,D,C,dummy,src_gkf,1,160,40,-0.029158736159182075,56.36049482135661,110.68921915923454,,64_inf,1.0,20.983035915355586,stable
DCT_64_inf_PC1,D,C,ridge,src_gkf,1,160,40,0.04319531431822443,56.392286379244105,106.72736520144788,0.4384615384615385,64_inf,1.0,20.983035915355586,stable
DCT_64_inf_PC1,D,C,extratrees,src_gkf,1,160,40,-0.2834930619537699,67.04550255681491,123.61207707256584,0.3191369606003753,64_inf,1.0,20.983035915355586,stable
DCT_64_inf_PC2,D,C,dummy,src_gkf,1,160,40,-0.0038856044606370155,37.76364373403841,80.59857030286905,,64_inf,2.0,35.714134200912255,stable
DCT_64_inf_PC2,D,C,ridge,src_gkf,1,160,40,0.03242787048199691,39.68696907232078,79.12740076982035,0.1682926829268293,64_inf,2.0,35.714134200912255,stable
DCT_64_inf_PC2,D,C,extratrees,src_gkf,1,160,40,0.21304855847386117,40.34976718906327,71.36071494572964,0.4320825515947468,64_inf,2.0,35.714134200912255,stable
DCT_64_inf_PC3,D,C,dummy,src_gkf,1,160,40,-0.04759056933840777,32.65617378063249,63.71180142509425,,64_inf,3.0,50.81079669876973,unstable_pc
DCT_64_inf_PC3,D,C,ridge,src_gkf,1,160,40,0.030548874630935696,36.31510253942703,61.2896377163888,0.16172607879924958,64_inf,3.0,50.81079669876973,unstable_pc
DCT_64_inf_PC3,D,C,extratrees,src_gkf,1,160,40,-0.09670514912850803,38.67828817513811,65.1882069996705,0.16247654784240154,64_inf,3.0,50.81079669876973,unstable_pc
median_depth_um,A,A,dummy,src_gkf,2,160,40,-0.0012249129911765522,18.295965812500004,20.32417546656138,,,,,
median_depth_um,A,A,ridge,src_gkf,2,160,40,0.5963747001560282,10.329309150696567,12.90435500844527,0.7303939962476548,,,,
median_depth_um,A,A,extratrees,src_gkf,2,160,40,0.9335281667934394,3.8096796376131152,5.23679942275347,0.9613508442776737,,,,
Sq_um,B,A,dummy,src_gkf,2,160,40,-0.04347111820441074,1.3913361629355125,2.503297009738647,,,,,
Sq_um,B,A,ridge,src_gkf,2,160,40,0.07789260638234718,1.2242407739750827,2.353222088691733,0.5774859287054409,,,,
Sq_um,B,A,extratrees,src_gkf,2,160,40,0.12486090439065323,1.1775894748266147,2.2925071931166197,0.6827392120075048,,,,
Sa_um,B,A,dummy,src_gkf,2,160,40,-0.019099147106472536,0.7047682764802139,1.1239701576335006,,,,,
Sa_um,B,A,ridge,src_gkf,2,160,40,0.18481983687883663,0.5601909101676362,1.0052483359511803,0.6315196998123829,,,,
Sa_um,B,A,extratrees,src_gkf,2,160,40,0.11265860708681552,0.5433321336382059,1.0487981967208027,0.701500938086304,,,,
Ssk_skewness,B,A,dummy,src_gkf,2,160,40,-0.06514239605746264,1.5960881644279965,2.0818105739282595,,,,,
Ssk_skewness,B,A,ridge,src_gkf,2,160,40,0.0014207679199162992,1.5474957793489215,2.0157127330021254,0.22138836772983117,,,,
Ssk_skewness,B,A,extratrees,src_gkf,2,160,40,-0.017824657746473127,1.4678687905251904,2.035044256422961,0.3467166979362101,,,,
kurtosis_excess_fisher,B,A,dummy,src_gkf,2,160,40,-0.0030679139790827925,9.926794605715306,13.166377859398517,,,,,
kurtosis_excess_fisher,B,A,ridge,src_gkf,2,160,40,-0.14495009540798875,10.915459073768337,14.066771221187269,0.1812382739212008,,,,
kurtosis_excess_fisher,B,A,extratrees,src_gkf,2,160,40,-0.08786979350493862,9.395977199256095,13.711646382214125,0.42382739212007514,,,,
grad_rms_um_per_um,B,A,dummy,src_gkf,2,160,40,-0.030824354848522972,0.34567753756439357,0.5781863181065927,,,,,
grad_rms_um_per_um,B,A,ridge,src_gkf,2,160,40,0.047867423434773126,0.3232644845583619,0.5556792596564867,0.4457786116322702,,,,
grad_rms_um_per_um,B,A,extratrees,src_gkf,2,160,40,0.10478818277130164,0.3046542586328219,0.5388133881750906,0.5682926829268293,,,,
lap_rms_um_per_px2,B,A,dummy,src_gkf,2,160,40,-0.036081157496181016,0.16744816693664394,0.2652720135026092,,,,,
lap_rms_um_per_px2,B,A,ridge,src_gkf,2,160,40,0.010996973734291982,0.1645863618654968,0.25917514865988556,0.1977485928705441,,,,
lap_rms_um_per_px2,B,A,extratrees,src_gkf,2,160,40,0.011663827608780042,0.1627547076312253,0.2590877570690167,0.38836772983114454,,,,
acf_e_fold_lag_um,B,A,dummy,src_gkf,2,160,40,-0.016202046980416496,6.3315624999999995,6.95442824865028,,,,,
acf_e_fold_lag_um,B,A,ridge,src_gkf,2,160,40,0.1675704742878127,5.61357916375639,6.294266629544498,0.4811291608684777,,,,
acf_e_fold_lag_um,B,A,extratrees,src_gkf,2,160,40,-0.08628587771926677,5.727900567730879,7.190241291629885,0.4254768624639957,,,,
aniso_gradx_over_y,B,A,dummy,src_gkf,2,160,40,-0.00840342160391705,0.5799427637971761,0.758494325966455,,,,,
aniso_gradx_over_y,B,A,ridge,src_gkf,2,160,40,0.4886752942951301,0.3755008119930384,0.5401116806064773,0.7328330206378987,,,,
aniso_gradx_over_y,B,A,extratrees,src_gkf,2,160,40,0.5894921493802099,0.3412291601415151,0.4839448967657869,0.6542213883677299,,,,
pit_density_per_Mpx,B,A,dummy,src_gkf,2,160,40,-0.5786974194720049,5998.2421875,6782.498714954495,,,,,
pit_density_per_Mpx,B,A,ridge,src_gkf,2,160,40,-1.0498643505137575,6453.333728951931,7728.635614986943,0.2697756137671159,,,,
pit_density_per_Mpx,B,A,extratrees,src_gkf,2,160,40,-4.053835840713581,6695.05432724285,12135.308913874802,0.08394133409779776,,,,
pit_depth_um,B,A,dummy,src_gkf,2,160,40,-0.052213306260089354,1.357083706643898,1.8164205295420266,,,,,
pit_depth_um,B,A,ridge,src_gkf,2,160,40,0.18538819910566295,1.1955481879132481,1.5982321238100583,0.6540337711069419,,,,
pit_depth_um,B,A,extratrees,src_gkf,2,160,40,-0.056392652307405644,1.2348056160398464,1.8200243267097247,0.624577861163227,,,,
peak_to_valley_p98p2_um,B,A,dummy,src_gkf,2,160,40,-0.0583100756449928,5.562328737575237,9.680195559875925,,,,,
peak_to_valley_p98p2_um,B,A,ridge,src_gkf,2,160,40,0.07674782715086004,4.9353963743873095,9.04144479266065,0.574859287054409,,,,
peak_to_valley_p98p2_um,B,A,extratrees,src_gkf,2,160,40,0.13518753815003182,4.576594029353893,8.75061617932645,0.5904315196998126,,,,
deepest_negative_residual_um,B,A,dummy,src_gkf,2,160,40,-0.052213306260089354,1.357083706643898,1.8164205295420266,,,,,
deepest_negative_residual_um,B,A,ridge,src_gkf,2,160,40,0.18538819910566295,1.1955481879132481,1.5982321238100583,0.6540337711069419,,,,
deepest_negative_residual_um,B,A,extratrees,src_gkf,2,160,40,-0.056392652307405644,1.2348056160398464,1.8200243267097247,0.624577861163227,,,,
rms_DCT_8_16_um,C,A,dummy,src_gkf,2,160,40,-0.012020017573364683,0.3312671694398886,0.4966261809949691,,,,,
rms_DCT_8_16_um,C,A,ridge,src_gkf,2,160,40,0.06260318074275684,0.2939996041597654,0.4779657720829993,0.4855534709193246,,,,
rms_DCT_8_16_um,C,A,extratrees,src_gkf,2,160,40,0.23855899563800764,0.24866867387291455,0.4307776765917351,0.6947467166979362,,,,
E_DCT_8_16_frac,C,A,dummy,src_gkf,2,160,40,-0.013146332295778329,0.1731696866940283,0.21367193125986328,,,,,
E_DCT_8_16_frac,C,A,ridge,src_gkf,2,160,40,0.4881997372189819,0.12733244856644696,0.15186637945799544,0.6829268292682927,,,,
E_DCT_8_16_frac,C,A,extratrees,src_gkf,2,160,40,0.5745542305807854,0.1145242214088121,0.13846292182925346,0.6742964352720451,,,,
rms_DCT_16_32_um,C,A,dummy,src_gkf,2,160,40,-0.04847446466380312,0.5093924800566103,0.8627585744743196,,,,,
rms_DCT_16_32_um,C,A,ridge,src_gkf,2,160,40,0.14554364030122002,0.4341134927447798,0.7788526440449076,0.6435272045028143,,,,
rms_DCT_16_32_um,C,A,extratrees,src_gkf,2,160,40,0.18447076943529694,0.42167147727770543,0.7609044451285129,0.6956848030018763,,,,
E_DCT_16_32_frac,C,A,dummy,src_gkf,2,160,40,-8.645053579003914e-06,0.08690686530662364,0.10286640040705504,,,,,
E_DCT_16_32_frac,C,A,ridge,src_gkf,2,160,40,-0.12849883528446782,0.08115320657025285,0.10927535429157056,0.376360225140713,,,,
E_DCT_16_32_frac,C,A,extratrees,src_gkf,2,160,40,0.03601640617997415,0.07628547118008056,0.10099653796367512,0.4497185741088181,,,,
rms_DCT_32_64_um,C,A,dummy,src_gkf,2,160,40,-0.06130449429320328,0.7101230622584837,1.3944036265053796,,,,,
rms_DCT_32_64_um,C,A,ridge,src_gkf,2,160,40,0.08698595231218975,0.6035097702549174,1.293323687263858,0.6596622889305817,,,,
rms_DCT_32_64_um,C,A,extratrees,src_gkf,2,160,40,0.07250258234220819,0.6342385663220258,1.3035414832457337,0.675609756097561,,,,
E_DCT_32_64_frac,C,A,dummy,src_gkf,2,160,40,-0.035923461383164934,0.07996591706058022,0.09809741509716163,,,,,
E_DCT_32_64_frac,C,A,ridge,src_gkf,2,160,40,0.12433100997171376,0.0693764179894386,0.09019110636278631,0.4780487804878049,,,,
E_DCT_32_64_frac,C,A,extratrees,src_gkf,2,160,40,0.12951655503204318,0.0659506070727758,0.08992366255582122,0.5384615384615385,,,,
rms_DCT_64_inf_um,C,A,dummy,src_gkf,2,160,40,-0.045973317068874975,1.0749601303626148,1.8986788417353564,,,,,
rms_DCT_64_inf_um,C,A,ridge,src_gkf,2,160,40,0.15644290805103545,0.8733998001008251,1.7050944798303538,0.6893058161350845,,,,
rms_DCT_64_inf_um,C,A,extratrees,src_gkf,2,160,40,0.1380788593640424,0.8502730225037347,1.7235543163092621,0.6881801125703566,,,,
E_DCT_64_inf_frac,C,A,dummy,src_gkf,2,160,40,-0.003053695838224346,0.18170013686838776,0.2243922093313122,,,,,
E_DCT_64_inf_frac,C,A,ridge,src_gkf,2,160,40,0.2845532396121483,0.15774768591264848,0.18951096545065887,0.4947467166979363,,,,
E_DCT_64_inf_frac,C,A,extratrees,src_gkf,2,160,40,0.24038089232498405,0.15275988193063414,0.19527364082497495,0.5868667917448406,,,,
DCT_8_16_PC1,D,A,dummy,src_gkf,2,160,40,-0.05329941928650528,18.899399287906363,37.39004901864692,,8_16,1.0,11.66002565777669,stable
DCT_8_16_PC1,D,A,ridge,src_gkf,2,160,40,-0.29824268768775997,22.559177293934066,41.51050861729592,-0.2864915572232646,8_16,1.0,11.66002565777669,stable
DCT_8_16_PC1,D,A,extratrees,src_gkf,2,160,40,-0.7791034032893411,22.35839686634692,48.593782708950044,-0.24746716697936214,8_16,1.0,11.66002565777669,stable
DCT_8_16_PC2,D,A,dummy,src_gkf,2,160,40,-0.03165183790585857,10.069924213823134,17.326612320353373,,8_16,2.0,71.19460573998808,unstable_pc
DCT_8_16_PC2,D,A,ridge,src_gkf,2,160,40,-0.3828559001719918,13.579838406411891,20.060213165717776,-0.18836772983114447,8_16,2.0,71.19460573998808,unstable_pc
DCT_8_16_PC2,D,A,extratrees,src_gkf,2,160,40,-0.886114128369285,13.552992361180182,23.427776070950102,-0.3617260787992495,8_16,2.0,71.19460573998808,unstable_pc
DCT_8_16_PC3,D,A,dummy,src_gkf,2,160,40,-0.060038492603115445,8.580856768221109,11.205614106602518,,8_16,3.0,77.97842740168217,unstable_pc
DCT_8_16_PC3,D,A,ridge,src_gkf,2,160,40,0.04135912828353039,7.936777017953494,10.656211093943767,0.3440900562851783,8_16,3.0,77.97842740168217,unstable_pc
DCT_8_16_PC3,D,A,extratrees,src_gkf,2,160,40,-0.5684096199713204,8.987071137029616,13.63027421683225,0.3864915572232646,8_16,3.0,77.97842740168217,unstable_pc
DCT_16_32_PC1,D,A,dummy,src_gkf,2,160,40,-0.08624521486130932,19.225465916404886,38.99591769697393,,16_32,1.0,50.31408656718216,unstable_pc
DCT_16_32_PC1,D,A,ridge,src_gkf,2,160,40,-0.21820775078145593,20.78612286099605,41.29675109778028,-0.29868667917448405,16_32,1.0,50.31408656718216,unstable_pc
DCT_16_32_PC1,D,A,extratrees,src_gkf,2,160,40,-0.7990021371185498,26.88938244011292,50.184666983885506,0.13696060037523455,16_32,1.0,50.31408656718216,unstable_pc
DCT_16_32_PC2,D,A,dummy,src_gkf,2,160,40,-0.0008813369875408927,18.44292074691793,40.25849833729206,,16_32,2.0,60.000546517444334,unstable_pc
DCT_16_32_PC2,D,A,ridge,src_gkf,2,160,40,-0.01996525177180697,19.69483449267216,40.64049266610346,-0.07711069418386493,16_32,2.0,60.000546517444334,unstable_pc
DCT_16_32_PC2,D,A,extratrees,src_gkf,2,160,40,-0.2810654392245615,23.46944514847907,45.54617739099307,0.08836772983114449,16_32,2.0,60.000546517444334,unstable_pc
DCT_16_32_PC3,D,A,dummy,src_gkf,2,160,40,-0.010470361710570364,12.445157471053037,25.495381267826264,,16_32,3.0,76.25259134682184,unstable_pc
DCT_16_32_PC3,D,A,ridge,src_gkf,2,160,40,0.034554111450643465,14.05090691580713,24.920898125231744,0.10675422138836774,16_32,3.0,76.25259134682184,unstable_pc
DCT_16_32_PC3,D,A,extratrees,src_gkf,2,160,40,-0.2942701417193072,16.828814515977417,28.854409253605112,-0.05759849906191371,16_32,3.0,76.25259134682184,unstable_pc
DCT_32_64_PC1,D,A,dummy,src_gkf,2,160,40,-0.05753125325112429,49.912570492633556,128.73154399630295,,32_64,1.0,44.75146193749288,unstable_pc
DCT_32_64_PC1,D,A,ridge,src_gkf,2,160,40,-0.006189925946540109,50.43755675463133,125.567820184923,0.18893058161350848,32_64,1.0,44.75146193749288,unstable_pc
DCT_32_64_PC1,D,A,extratrees,src_gkf,2,160,40,-0.019242783312585887,56.38828473941707,126.379663674352,-0.04671669793621014,32_64,1.0,44.75146193749288,unstable_pc
DCT_32_64_PC2,D,A,dummy,src_gkf,2,160,40,-0.0048207456436335505,19.002044495285634,39.07973397509159,,32_64,2.0,51.49296121058785,unstable_pc
DCT_32_64_PC2,D,A,ridge,src_gkf,2,160,40,-0.057527473273183194,19.98580224247602,40.09157626183276,-0.0577861163227017,32_64,2.0,51.49296121058785,unstable_pc
DCT_32_64_PC2,D,A,extratrees,src_gkf,2,160,40,-0.8587477987756078,30.404421149813754,53.15174605490823,-0.10262664165103191,32_64,2.0,51.49296121058785,unstable_pc
DCT_32_64_PC3,D,A,dummy,src_gkf,2,160,40,-0.013668801635054573,29.736259840733403,69.12000492078964,,32_64,3.0,62.04843267989178,unstable_pc
DCT_32_64_PC3,D,A,ridge,src_gkf,2,160,40,-0.01480732146586261,29.542117568972174,69.15881069828161,0.11013133208255162,32_64,3.0,62.04843267989178,unstable_pc
DCT_32_64_PC3,D,A,extratrees,src_gkf,2,160,40,-0.04079313974878662,30.312884421801932,70.03867650867548,0.24540337711069424,32_64,3.0,62.04843267989178,unstable_pc
DCT_64_inf_PC1,D,A,dummy,src_gkf,2,160,40,-0.07304524153724534,73.1257798214969,155.92853637462088,,64_inf,1.0,27.53545459101933,stable
DCT_64_inf_PC1,D,A,ridge,src_gkf,2,160,40,-0.051645477006215135,81.56420226757714,154.36586293842288,0.22213883677298316,64_inf,1.0,27.53545459101933,stable
DCT_64_inf_PC1,D,A,extratrees,src_gkf,2,160,40,-0.4855073435071682,97.66345502258767,183.465321986031,0.15478424015009384,64_inf,1.0,27.53545459101933,stable
DCT_64_inf_PC2,D,A,dummy,src_gkf,2,160,40,-0.0482159459946514,46.82296954977977,139.57540805489316,,64_inf,2.0,53.45120198645657,unstable_pc
DCT_64_inf_PC2,D,A,ridge,src_gkf,2,160,40,-0.04382421254634106,50.75862247672298,139.28271007083322,0.25140712945591,64_inf,2.0,53.45120198645657,unstable_pc
DCT_64_inf_PC2,D,A,extratrees,src_gkf,2,160,40,-0.16185610948387175,64.03166464646533,146.94665284505982,0.4202626641651032,64_inf,2.0,53.45120198645657,unstable_pc
DCT_64_inf_PC3,D,A,dummy,src_gkf,2,160,40,-0.003696965633155802,53.67710391121007,150.16524028095165,,64_inf,3.0,59.09507462005328,unstable_pc
DCT_64_inf_PC3,D,A,ridge,src_gkf,2,160,40,-0.011694028623310038,52.757867072457444,150.7622822029486,0.19962476547842406,64_inf,3.0,59.09507462005328,unstable_pc
DCT_64_inf_PC3,D,A,extratrees,src_gkf,2,160,40,-0.046479708619975524,54.332733257845426,153.33225248893288,0.3521575984990619,64_inf,3.0,59.09507462005328,unstable_pc
median_depth_um,A,R,dummy,src_gkf,2,160,40,-0.0012249129911765522,18.295965812500004,20.32417546656138,,,,,
median_depth_um,A,R,ridge,src_gkf,2,160,40,0.6045370835433506,10.124982555062413,12.773208296956218,0.8257035647279551,,,,
median_depth_um,A,R,extratrees,src_gkf,2,160,40,0.8063172257985961,5.335536795859326,8.939075605892132,0.902063789868668,,,,
Sq_um,B,R,dummy,src_gkf,2,160,40,-0.04347111820441074,1.3913361629355125,2.503297009738647,,,,,
Sq_um,B,R,ridge,src_gkf,2,160,40,0.15307941365923694,1.1060188547609082,2.2552438588490973,0.6851782363977488,,,,
Sq_um,B,R,extratrees,src_gkf,2,160,40,0.14478060426741834,1.137014917247828,2.2662662700809633,0.6151969981238276,,,,
Sa_um,B,R,dummy,src_gkf,2,160,40,-0.019099147106472536,0.7047682764802139,1.1239701576335006,,,,,
Sa_um,B,R,ridge,src_gkf,2,160,40,0.24328627838834238,0.5540809405678846,0.9685284134523838,0.6410881801125705,,,,
Sa_um,B,R,extratrees,src_gkf,2,160,40,0.14579327234390027,0.5639115915793695,1.0290300450065013,0.6399624765478424,,,,
Ssk_skewness,B,R,dummy,src_gkf,2,160,40,-0.06514239605746264,1.5960881644279965,2.0818105739282595,,,,,
Ssk_skewness,B,R,ridge,src_gkf,2,160,40,0.0680456598314616,1.4716307536529634,1.9473081971722923,0.3480300187617262,,,,
Ssk_skewness,B,R,extratrees,src_gkf,2,160,40,0.2010470784652958,1.3258928639617515,1.8030093089585837,0.5163227016885554,,,,
kurtosis_excess_fisher,B,R,dummy,src_gkf,2,160,40,-0.0030679139790827925,9.926794605715306,13.166377859398517,,,,,
kurtosis_excess_fisher,B,R,ridge,src_gkf,2,160,40,0.007102978958890227,9.528761832486499,13.0994556629632,0.3559099437148218,,,,
kurtosis_excess_fisher,B,R,extratrees,src_gkf,2,160,40,0.2389056410589715,7.669783048957496,11.468863845340154,0.5806754221388368,,,,
grad_rms_um_per_um,B,R,dummy,src_gkf,2,160,40,-0.030824354848522972,0.34567753756439357,0.5781863181065927,,,,,
grad_rms_um_per_um,B,R,ridge,src_gkf,2,160,40,0.07506742833616387,0.32251311459126053,0.5476845777886461,0.4996247654784241,,,,
grad_rms_um_per_um,B,R,extratrees,src_gkf,2,160,40,0.11557228299466005,0.29788933764336145,0.5355581680365944,0.5210131332082553,,,,
lap_rms_um_per_px2,B,R,dummy,src_gkf,2,160,40,-0.036081157496181016,0.16744816693664394,0.2652720135026092,,,,,
lap_rms_um_per_px2,B,R,ridge,src_gkf,2,160,40,0.017183798306054432,0.1645667136832768,0.25836322661042666,0.2634146341463415,,,,
lap_rms_um_per_px2,B,R,extratrees,src_gkf,2,160,40,0.06732444989442121,0.15187255440909073,0.25168645400340284,0.4701688555347093,,,,
acf_e_fold_lag_um,B,R,dummy,src_gkf,2,160,40,-0.016202046980416496,6.3315624999999995,6.95442824865028,,,,,
acf_e_fold_lag_um,B,R,ridge,src_gkf,2,160,40,0.11745333546048264,5.5626078537925565,6.480973370246632,0.4325274070253743,,,,
acf_e_fold_lag_um,B,R,extratrees,src_gkf,2,160,40,0.05122713291845038,4.996282268668834,6.719740874011445,0.4187083396850722,,,,
aniso_gradx_over_y,B,R,dummy,src_gkf,2,160,40,-0.00840342160391705,0.5799427637971761,0.758494325966455,,,,,
aniso_gradx_over_y,B,R,ridge,src_gkf,2,160,40,0.14627862078658094,0.5411798063462627,0.6979000986052449,0.550093808630394,,,,
aniso_gradx_over_y,B,R,extratrees,src_gkf,2,160,40,0.3782140153916077,0.3868186613865857,0.595601311403895,0.7384615384615386,,,,
pit_density_per_Mpx,B,R,dummy,src_gkf,2,160,40,-0.5786974194720049,5998.2421875,6782.498714954495,,,,,
pit_density_per_Mpx,B,R,ridge,src_gkf,2,160,40,-0.5286671295113434,5765.899081974616,6674.161850114155,-0.11894196205494402,,,,
pit_density_per_Mpx,B,R,extratrees,src_gkf,2,160,40,-5.69396295652296,6668.155754358502,13966.317892833542,-0.0807321074656239,,,,
pit_depth_um,B,R,dummy,src_gkf,2,160,40,-0.052213306260089354,1.357083706643898,1.8164205295420266,,,,,
pit_depth_um,B,R,ridge,src_gkf,2,160,40,0.22144130339332546,1.169271236235466,1.5624646018734674,0.5371482176360226,,,,
pit_depth_um,B,R,extratrees,src_gkf,2,160,40,-0.34224841874346223,1.441324037560814,2.0515445745461935,0.5138836772983115,,,,
peak_to_valley_p98p2_um,B,R,dummy,src_gkf,2,160,40,-0.0583100756449928,5.562328737575237,9.680195559875925,,,,,
peak_to_valley_p98p2_um,B,R,ridge,src_gkf,2,160,40,0.18215920462466217,4.451197637101342,8.509656910363619,0.6724202626641652,,,,
peak_to_valley_p98p2_um,B,R,extratrees,src_gkf,2,160,40,0.18567781383481985,4.463495667872057,8.491331563934787,0.5816135084427768,,,,
deepest_negative_residual_um,B,R,dummy,src_gkf,2,160,40,-0.052213306260089354,1.357083706643898,1.8164205295420266,,,,,
deepest_negative_residual_um,B,R,ridge,src_gkf,2,160,40,0.22144130339332546,1.169271236235466,1.5624646018734674,0.5371482176360226,,,,
deepest_negative_residual_um,B,R,extratrees,src_gkf,2,160,40,-0.34224841874346223,1.441324037560814,2.0515445745461935,0.5138836772983115,,,,
rms_DCT_8_16_um,C,R,dummy,src_gkf,2,160,40,-0.012020017573364683,0.3312671694398886,0.4966261809949691,,,,,
rms_DCT_8_16_um,C,R,ridge,src_gkf,2,160,40,0.08220887002889443,0.3008618269688378,0.47294102411704503,0.4855534709193246,,,,
rms_DCT_8_16_um,C,R,extratrees,src_gkf,2,160,40,0.17785905244109568,0.2516583527660243,0.447618676727016,0.5943714821763603,,,,
E_DCT_8_16_frac,C,R,dummy,src_gkf,2,160,40,-0.013146332295778329,0.1731696866940283,0.21367193125986328,,,,,
E_DCT_8_16_frac,C,R,ridge,src_gkf,2,160,40,0.1678096767405679,0.15598159845545187,0.19365232603258908,0.5761726078799251,,,,
E_DCT_8_16_frac,C,R,extratrees,src_gkf,2,160,40,0.33472912997660864,0.12687643173766494,0.17314527355653084,0.6872420262664166,,,,
rms_DCT_16_32_um,C,R,dummy,src_gkf,2,160,40,-0.04847446466380312,0.5093924800566103,0.8627585744743196,,,,,
rms_DCT_16_32_um,C,R,ridge,src_gkf,2,160,40,0.13721967085748765,0.4278342320110868,0.7826371747312619,0.7397748592870544,,,,
rms_DCT_16_32_um,C,R,extratrees,src_gkf,2,160,40,0.21837356268249208,0.3856525125457212,0.7449205846476911,0.7285178236397749,,,,
E_DCT_16_32_frac,C,R,dummy,src_gkf,2,160,40,-8.645053579003914e-06,0.08690686530662364,0.10286640040705504,,,,,
E_DCT_16_32_frac,C,R,ridge,src_gkf,2,160,40,0.0037981067948710256,0.08089238780737254,0.102670421983209,0.27636022514071296,,,,
E_DCT_16_32_frac,C,R,extratrees,src_gkf,2,160,40,-0.1687270592193817,0.08851523009367762,0.11120599884735133,0.3711069418386492,,,,
rms_DCT_32_64_um,C,R,dummy,src_gkf,2,160,40,-0.06130449429320328,0.7101230622584837,1.3944036265053796,,,,,
rms_DCT_32_64_um,C,R,ridge,src_gkf,2,160,40,0.06010332766467075,0.6063633556564765,1.3122257566532889,0.7463414634146343,,,,
rms_DCT_32_64_um,C,R,extratrees,src_gkf,2,160,40,0.10157090659789658,0.5894826799558235,1.282951992135272,0.652532833020638,,,,
E_DCT_32_64_frac,C,R,dummy,src_gkf,2,160,40,-0.035923461383164934,0.07996591706058022,0.09809741509716163,,,,,
E_DCT_32_64_frac,C,R,ridge,src_gkf,2,160,40,0.1988580353758942,0.06647324979839782,0.08626774973731073,0.5906191369606004,,,,
E_DCT_32_64_frac,C,R,extratrees,src_gkf,2,160,40,0.11981652997161707,0.06990926402103474,0.09042329598954475,0.47692307692307706,,,,
rms_DCT_64_inf_um,C,R,dummy,src_gkf,2,160,40,-0.045973317068874975,1.0749601303626148,1.8986788417353564,,,,,
rms_DCT_64_inf_um,C,R,ridge,src_gkf,2,160,40,0.15108536687446406,0.8407112515955992,1.7105005485338094,0.6969981238273921,,,,
rms_DCT_64_inf_um,C,R,extratrees,src_gkf,2,160,40,0.1401787574089881,0.8436589189364485,1.7214534887071546,0.6669793621013134,,,,
E_DCT_64_inf_frac,C,R,dummy,src_gkf,2,160,40,-0.003053695838224346,0.18170013686838776,0.2243922093313122,,,,,
E_DCT_64_inf_frac,C,R,ridge,src_gkf,2,160,40,-0.06788871189367973,0.18560808657769384,0.23153075143162233,0.19943714821763606,,,,
E_DCT_64_inf_frac,C,R,extratrees,src_gkf,2,160,40,0.23603094009698689,0.14737918871247177,0.19583195906964546,0.4455909943714822,,,,
DCT_8_16_PC1,D,R,dummy,src_gkf,2,160,40,-0.05329941928650528,18.899399287906363,37.39004901864692,,8_16,1.0,11.66002565777669,stable
DCT_8_16_PC1,D,R,ridge,src_gkf,2,160,40,-0.1763538998523495,21.580330928774128,39.513828488543616,-0.10262664165103191,8_16,1.0,11.66002565777669,stable
DCT_8_16_PC1,D,R,extratrees,src_gkf,2,160,40,-1.1413911263263756,30.112432142823813,53.31238497379563,-0.3818011257035648,8_16,1.0,11.66002565777669,stable
DCT_8_16_PC2,D,R,dummy,src_gkf,2,160,40,-0.03165183790585857,10.069924213823134,17.326612320353373,,8_16,2.0,71.19460573998808,unstable_pc
DCT_8_16_PC2,D,R,ridge,src_gkf,2,160,40,-0.3936994412585666,13.526889882157274,20.138709770502786,-0.005440900562851784,8_16,2.0,71.19460573998808,unstable_pc
DCT_8_16_PC2,D,R,extratrees,src_gkf,2,160,40,-0.7027761608802301,14.15468553007717,22.26003592096164,-0.07729831144465292,8_16,2.0,71.19460573998808,unstable_pc
DCT_8_16_PC3,D,R,dummy,src_gkf,2,160,40,-0.060038492603115445,8.580856768221109,11.205614106602518,,8_16,3.0,77.97842740168217,unstable_pc
DCT_8_16_PC3,D,R,ridge,src_gkf,2,160,40,0.014583285928546963,8.25837362196584,10.804005748029414,0.39981238273921205,8_16,3.0,77.97842740168217,unstable_pc
DCT_8_16_PC3,D,R,extratrees,src_gkf,2,160,40,-0.10272250670259075,9.086956283852448,11.428992922612924,0.1726078799249531,8_16,3.0,77.97842740168217,unstable_pc
DCT_16_32_PC1,D,R,dummy,src_gkf,2,160,40,-0.08624521486130932,19.225465916404886,38.99591769697393,,16_32,1.0,50.31408656718216,unstable_pc
DCT_16_32_PC1,D,R,ridge,src_gkf,2,160,40,-0.13680044927451873,19.30367643673149,39.89305770977428,-0.12889305816135085,16_32,1.0,50.31408656718216,unstable_pc
DCT_16_32_PC1,D,R,extratrees,src_gkf,2,160,40,-0.14733363840470481,20.487958852104857,40.077449019162195,0.24746716697936214,16_32,1.0,50.31408656718216,unstable_pc
DCT_16_32_PC2,D,R,dummy,src_gkf,2,160,40,-0.0008813369875408927,18.44292074691793,40.25849833729206,,16_32,2.0,60.000546517444334,unstable_pc
DCT_16_32_PC2,D,R,ridge,src_gkf,2,160,40,0.027335734577781268,18.413987641769094,39.68695293832915,0.012195121951219513,16_32,2.0,60.000546517444334,unstable_pc
DCT_16_32_PC2,D,R,extratrees,src_gkf,2,160,40,-0.1077491880926742,22.377118840789137,42.353274796196864,-0.19643527204502817,16_32,2.0,60.000546517444334,unstable_pc
DCT_16_32_PC3,D,R,dummy,src_gkf,2,160,40,-0.010470361710570364,12.445157471053037,25.495381267826264,,16_32,3.0,76.25259134682184,unstable_pc
DCT_16_32_PC3,D,R,ridge,src_gkf,2,160,40,0.09820140665559418,12.784253442547286,24.085435194737034,0.012945590994371484,16_32,3.0,76.25259134682184,unstable_pc
DCT_16_32_PC3,D,R,extratrees,src_gkf,2,160,40,0.09668443885037892,14.032331619630009,24.105684437618603,0.028142589118198877,16_32,3.0,76.25259134682184,unstable_pc
DCT_32_64_PC1,D,R,dummy,src_gkf,2,160,40,-0.05753125325112429,49.912570492633556,128.73154399630295,,32_64,1.0,44.75146193749288,unstable_pc
DCT_32_64_PC1,D,R,ridge,src_gkf,2,160,40,-0.009053049028528326,49.79238526797134,125.7463454944314,0.039212007504690435,32_64,1.0,44.75146193749288,unstable_pc
DCT_32_64_PC1,D,R,extratrees,src_gkf,2,160,40,-0.09228811643297785,51.29436235187338,130.8298902529632,-0.021951219512195124,32_64,1.0,44.75146193749288,unstable_pc
DCT_32_64_PC2,D,R,dummy,src_gkf,2,160,40,-0.0048207456436335505,19.002044495285634,39.07973397509159,,32_64,2.0,51.49296121058785,unstable_pc
DCT_32_64_PC2,D,R,ridge,src_gkf,2,160,40,-0.0058532835556059926,19.7278832473273,39.09980767795119,-0.03564727954971858,32_64,2.0,51.49296121058785,unstable_pc
DCT_32_64_PC2,D,R,extratrees,src_gkf,2,160,40,-0.5326057211607147,27.11299954092135,48.26391233130461,0.16923076923076924,32_64,2.0,51.49296121058785,unstable_pc
DCT_32_64_PC3,D,R,dummy,src_gkf,2,160,40,-0.013668801635054573,29.736259840733403,69.12000492078964,,32_64,3.0,62.04843267989178,unstable_pc
DCT_32_64_PC3,D,R,ridge,src_gkf,2,160,40,-0.03552715933152184,29.981200198190557,69.86126853457837,0.00150093808630394,32_64,3.0,62.04843267989178,unstable_pc
DCT_32_64_PC3,D,R,extratrees,src_gkf,2,160,40,-0.10396008744667085,32.92764355900008,72.13273618305665,-0.11369606003752347,32_64,3.0,62.04843267989178,unstable_pc
DCT_64_inf_PC1,D,R,dummy,src_gkf,2,160,40,-0.07304524153724534,73.1257798214969,155.92853637462088,,64_inf,1.0,27.53545459101933,stable
DCT_64_inf_PC1,D,R,ridge,src_gkf,2,160,40,-0.0577604563652101,75.63035874546169,154.8140062902351,0.016697936210131333,64_inf,1.0,27.53545459101933,stable
DCT_64_inf_PC1,D,R,extratrees,src_gkf,2,160,40,0.0685703323586373,82.04665877419892,145.27524593444664,0.25178236397748593,64_inf,1.0,27.53545459101933,stable
DCT_64_inf_PC2,D,R,dummy,src_gkf,2,160,40,-0.0482159459946514,46.82296954977977,139.57540805489316,,64_inf,2.0,53.45120198645657,unstable_pc
DCT_64_inf_PC2,D,R,ridge,src_gkf,2,160,40,-0.009720964298461476,45.790681593111906,136.98853204108264,0.3455909943714822,64_inf,2.0,53.45120198645657,unstable_pc
DCT_64_inf_PC2,D,R,extratrees,src_gkf,2,160,40,-0.09924100501126576,57.10283164290721,142.93216939662952,0.38930581613508447,64_inf,2.0,53.45120198645657,unstable_pc
DCT_64_inf_PC3,D,R,dummy,src_gkf,2,160,40,-0.003696965633155802,53.67710391121007,150.16524028095165,,64_inf,3.0,59.09507462005328,unstable_pc
DCT_64_inf_PC3,D,R,ridge,src_gkf,2,160,40,-0.021859549916392496,52.218389658453155,151.5178202047254,0.33733583489681057,64_inf,3.0,59.09507462005328,unstable_pc
DCT_64_inf_PC3,D,R,extratrees,src_gkf,2,160,40,0.02293718147820456,53.11827664067041,148.15944863909638,0.5360225140712945,64_inf,3.0,59.09507462005328,unstable_pc
median_depth_um,A,C,dummy,src_gkf,2,160,40,-0.0012249129911765522,18.295965812500004,20.32417546656138,,,,,
median_depth_um,A,C,ridge,src_gkf,2,160,40,0.8086210805694295,6.292264149494129,8.885751448950526,0.9093808630393998,,,,
median_depth_um,A,C,extratrees,src_gkf,2,160,40,0.9452614679437487,3.143192864250014,4.752188787445016,0.9791744840525329,,,,
Sq_um,B,C,dummy,src_gkf,2,160,40,-0.04347111820441074,1.3913361629355125,2.503297009738647,,,,,
Sq_um,B,C,ridge,src_gkf,2,160,40,0.13352573661264977,1.1516166796132201,2.281129799215138,0.6255159474671671,,,,
Sq_um,B,C,extratrees,src_gkf,2,160,40,0.14535931510610234,1.1242555804003775,2.265499370496781,0.6485928705440901,,,,
Sa_um,B,C,dummy,src_gkf,2,160,40,-0.019099147106472536,0.7047682764802139,1.1239701576335006,,,,,
Sa_um,B,C,ridge,src_gkf,2,160,40,0.20412727797088037,0.558499069024268,0.993272407824817,0.6741088180112571,,,,
Sa_um,B,C,extratrees,src_gkf,2,160,40,0.12740737692742687,0.5470092966779923,1.0400454778028787,0.7136960600375235,,,,
Ssk_skewness,B,C,dummy,src_gkf,2,160,40,-0.06514239605746264,1.5960881644279965,2.0818105739282595,,,,,
Ssk_skewness,B,C,ridge,src_gkf,2,160,40,0.08841579298693081,1.4412358451119864,1.9259090354308002,0.41144465290806764,,,,
Ssk_skewness,B,C,extratrees,src_gkf,2,160,40,0.10309713493980843,1.392505199632598,1.9103374079978592,0.41801125703564734,,,,
kurtosis_excess_fisher,B,C,dummy,src_gkf,2,160,40,-0.0030679139790827925,9.926794605715306,13.166377859398517,,,,,
kurtosis_excess_fisher,B,C,ridge,src_gkf,2,160,40,-0.08836070992138878,10.274964677598124,13.714739819095058,0.3298311444652908,,,,
kurtosis_excess_fisher,B,C,extratrees,src_gkf,2,160,40,0.12146888949104828,8.574392332370058,12.321957828347623,0.5200750469043154,,,,
grad_rms_um_per_um,B,C,dummy,src_gkf,2,160,40,-0.030824354848522972,0.34567753756439357,0.5781863181065927,,,,,
grad_rms_um_per_um,B,C,ridge,src_gkf,2,160,40,0.09422983195423229,0.3165153432246558,0.5419815236663659,0.5320825515947468,,,,
grad_rms_um_per_um,B,C,extratrees,src_gkf,2,160,40,0.11088096195486807,0.2918430530244619,0.5369766855105361,0.5622889305816136,,,,
lap_rms_um_per_px2,B,C,dummy,src_gkf,2,160,40,-0.036081157496181016,0.16744816693664394,0.2652720135026092,,,,,
lap_rms_um_per_px2,B,C,ridge,src_gkf,2,160,40,0.0304279020733621,0.164723817960123,0.25661651372924554,0.21219512195121956,,,,
lap_rms_um_per_px2,B,C,extratrees,src_gkf,2,160,40,0.016395324957935498,0.15772111546116047,0.25846684297164724,0.39380863039399633,,,,
acf_e_fold_lag_um,B,C,dummy,src_gkf,2,160,40,-0.016202046980416496,6.3315624999999995,6.95442824865028,,,,,
acf_e_fold_lag_um,B,C,ridge,src_gkf,2,160,40,0.14050484394211482,5.610318659825408,6.395774081613523,0.45969550540188664,,,,
acf_e_fold_lag_um,B,C,extratrees,src_gkf,2,160,40,0.07804331905585182,5.215103769841268,6.624096580291425,0.5146897529806399,,,,
aniso_gradx_over_y,B,C,dummy,src_gkf,2,160,40,-0.00840342160391705,0.5799427637971761,0.758494325966455,,,,,
aniso_gradx_over_y,B,C,ridge,src_gkf,2,160,40,0.49552344929887293,0.3696855280500732,0.5364826397342748,0.7581613508442778,,,,
aniso_gradx_over_y,B,C,extratrees,src_gkf,2,160,40,0.5740989270830972,0.33597624007787186,0.4929348779986318,0.6243902439024391,,,,
pit_density_per_Mpx,B,C,dummy,src_gkf,2,160,40,-0.5786974194720049,5998.2421875,6782.498714954495,,,,,
pit_density_per_Mpx,B,C,ridge,src_gkf,2,160,40,-1.1064309563363022,6474.153960552234,7834.546903331082,0.22895826253915447,,,,
pit_density_per_Mpx,B,C,extratrees,src_gkf,2,160,40,-4.725260479309382,7046.668856956848,12916.293224885054,-0.0013037483193206344,,,,
pit_depth_um,B,C,dummy,src_gkf,2,160,40,-0.052213306260089354,1.357083706643898,1.8164205295420266,,,,,
pit_depth_um,B,C,ridge,src_gkf,2,160,40,0.20565809927001433,1.19750526609491,1.5782225443239715,0.6512195121951221,,,,
pit_depth_um,B,C,extratrees,src_gkf,2,160,40,-0.2155563238376581,1.316663573213955,1.9523247074146877,0.5577861163227018,,,,
peak_to_valley_p98p2_um,B,C,dummy,src_gkf,2,160,40,-0.0583100756449928,5.562328737575237,9.680195559875925,,,,,
peak_to_valley_p98p2_um,B,C,ridge,src_gkf,2,160,40,0.14305217840061046,4.582814034420872,8.71073607191674,0.5904315196998126,,,,
peak_to_valley_p98p2_um,B,C,extratrees,src_gkf,2,160,40,0.15017712556090668,4.577063929886042,8.674448519777437,0.5898686679174485,,,,
deepest_negative_residual_um,B,C,dummy,src_gkf,2,160,40,-0.052213306260089354,1.357083706643898,1.8164205295420266,,,,,
deepest_negative_residual_um,B,C,ridge,src_gkf,2,160,40,0.20565809927001433,1.19750526609491,1.5782225443239715,0.6512195121951221,,,,
deepest_negative_residual_um,B,C,extratrees,src_gkf,2,160,40,-0.2155563238376581,1.316663573213955,1.9523247074146877,0.5577861163227018,,,,
rms_DCT_8_16_um,C,C,dummy,src_gkf,2,160,40,-0.012020017573364683,0.3312671694398886,0.4966261809949691,,,,,
rms_DCT_8_16_um,C,C,ridge,src_gkf,2,160,40,0.10101205476890962,0.27727776372899104,0.4680712790065456,0.5988742964352721,,,,
rms_DCT_8_16_um,C,C,extratrees,src_gkf,2,160,40,0.24528445518200925,0.2329199173736305,0.4288710261813388,0.7210131332082553,,,,
E_DCT_8_16_frac,C,C,dummy,src_gkf,2,160,40,-0.013146332295778329,0.1731696866940283,0.21367193125986328,,,,,
E_DCT_8_16_frac,C,C,ridge,src_gkf,2,160,40,0.4911666970155977,0.12716706587670656,0.1514255469772578,0.6549718574108819,,,,
E_DCT_8_16_frac,C,C,extratrees,src_gkf,2,160,40,0.6468459240343082,0.10103216944285572,0.12615181364707692,0.7071294559099437,,,,
rms_DCT_16_32_um,C,C,dummy,src_gkf,2,160,40,-0.04847446466380312,0.5093924800566103,0.8627585744743196,,,,,
rms_DCT_16_32_um,C,C,ridge,src_gkf,2,160,40,0.16620962372046177,0.42562476936440863,0.7693762827610245,0.7093808630393997,,,,
rms_DCT_16_32_um,C,C,extratrees,src_gkf,2,160,40,0.169879204696468,0.4081472665912485,0.7676813712534614,0.6981238273921202,,,,
E_DCT_16_32_frac,C,C,dummy,src_gkf,2,160,40,-8.645053579003914e-06,0.08690686530662364,0.10286640040705504,,,,,
E_DCT_16_32_frac,C,C,ridge,src_gkf,2,160,40,0.04688069962459496,0.07695314805955282,0.1004257994403695,0.4454033771106942,,,,
E_DCT_16_32_frac,C,C,extratrees,src_gkf,2,160,40,0.04350297301576134,0.07789987337790985,0.1006035898264963,0.41782363977485937,,,,
rms_DCT_32_64_um,C,C,dummy,src_gkf,2,160,40,-0.06130449429320328,0.7101230622584837,1.3944036265053796,,,,,
rms_DCT_32_64_um,C,C,ridge,src_gkf,2,160,40,0.08949254499156933,0.5975826733808055,1.2915471188793186,0.7095684803001877,,,,
rms_DCT_32_64_um,C,C,extratrees,src_gkf,2,160,40,0.051434507205019964,0.6366279547310073,1.3182633034817401,0.6105065666041276,,,,
E_DCT_32_64_frac,C,C,dummy,src_gkf,2,160,40,-0.035923461383164934,0.07996591706058022,0.09809741509716163,,,,,
E_DCT_32_64_frac,C,C,ridge,src_gkf,2,160,40,0.14983323634698287,0.06481676088792962,0.08886807861852698,0.5596622889305818,,,,
E_DCT_32_64_frac,C,C,extratrees,src_gkf,2,160,40,0.1637642934586625,0.06377446013842465,0.08813696328243771,0.551969981238274,,,,
rms_DCT_64_inf_um,C,C,dummy,src_gkf,2,160,40,-0.045973317068874975,1.0749601303626148,1.8986788417353564,,,,,
rms_DCT_64_inf_um,C,C,ridge,src_gkf,2,160,40,0.14877611486605558,0.8617644675072367,1.7128254550077107,0.7088180112570357,,,,
rms_DCT_64_inf_um,C,C,extratrees,src_gkf,2,160,40,0.16031101085597732,0.8243407597829698,1.7011806611765814,0.6870544090056286,,,,
E_DCT_64_inf_frac,C,C,dummy,src_gkf,2,160,40,-0.003053695838224346,0.18170013686838776,0.2243922093313122,,,,,
E_DCT_64_inf_frac,C,C,ridge,src_gkf,2,160,40,0.27443463380242505,0.1625896772965278,0.19084639266368167,0.5163227016885554,,,,
E_DCT_64_inf_frac,C,C,extratrees,src_gkf,2,160,40,0.28194180909238553,0.148977863512913,0.1898565145317667,0.6181988742964354,,,,
DCT_8_16_PC1,D,C,dummy,src_gkf,2,160,40,-0.05329941928650528,18.899399287906363,37.39004901864692,,8_16,1.0,11.66002565777669,stable
DCT_8_16_PC1,D,C,ridge,src_gkf,2,160,40,-0.33291983367670364,23.29242417576255,42.0612453629773,-0.26735459662288935,8_16,1.0,11.66002565777669,stable
DCT_8_16_PC1,D,C,extratrees,src_gkf,2,160,40,-1.1009008019703876,24.146834116989965,52.80595308975564,-0.4424015009380864,8_16,1.0,11.66002565777669,stable
DCT_8_16_PC2,D,C,dummy,src_gkf,2,160,40,-0.03165183790585857,10.069924213823134,17.326612320353373,,8_16,2.0,71.19460573998808,unstable_pc
DCT_8_16_PC2,D,C,ridge,src_gkf,2,160,40,-0.40596803892011346,13.746991551921969,20.22715508342172,-0.15272045028142592,8_16,2.0,71.19460573998808,unstable_pc
DCT_8_16_PC2,D,C,extratrees,src_gkf,2,160,40,-0.7772210464676317,12.765580811265561,22.74143177847131,-0.26191369606003756,8_16,2.0,71.19460573998808,unstable_pc
DCT_8_16_PC3,D,C,dummy,src_gkf,2,160,40,-0.060038492603115445,8.580856768221109,11.205614106602518,,8_16,3.0,77.97842740168217,unstable_pc
DCT_8_16_PC3,D,C,ridge,src_gkf,2,160,40,0.05211815198333458,7.865218484023847,10.596243938685593,0.375984990619137,8_16,3.0,77.97842740168217,unstable_pc
DCT_8_16_PC3,D,C,extratrees,src_gkf,2,160,40,-0.26551752349537616,8.618060290977068,12.243594173548862,0.2630393996247655,8_16,3.0,77.97842740168217,unstable_pc
DCT_16_32_PC1,D,C,dummy,src_gkf,2,160,40,-0.08624521486130932,19.225465916404886,38.99591769697393,,16_32,1.0,50.31408656718216,unstable_pc
DCT_16_32_PC1,D,C,ridge,src_gkf,2,160,40,-0.22823151526963392,20.871675204630215,41.46630381549646,-0.3106941838649156,16_32,1.0,50.31408656718216,unstable_pc
DCT_16_32_PC1,D,C,extratrees,src_gkf,2,160,40,-0.716099294663791,26.4520572635765,49.01470728376921,0.15140712945590995,16_32,1.0,50.31408656718216,unstable_pc
DCT_16_32_PC2,D,C,dummy,src_gkf,2,160,40,-0.0008813369875408927,18.44292074691793,40.25849833729206,,16_32,2.0,60.000546517444334,unstable_pc
DCT_16_32_PC2,D,C,ridge,src_gkf,2,160,40,-0.0016567150346986637,19.375406114972257,40.27408935261707,-0.02382739212007505,16_32,2.0,60.000546517444334,unstable_pc
DCT_16_32_PC2,D,C,extratrees,src_gkf,2,160,40,-0.22743331000573086,23.566883901263914,44.58258315835289,0.016510318949343343,16_32,2.0,60.000546517444334,unstable_pc
DCT_16_32_PC3,D,C,dummy,src_gkf,2,160,40,-0.010470361710570364,12.445157471053037,25.495381267826264,,16_32,3.0,76.25259134682184,unstable_pc
DCT_16_32_PC3,D,C,ridge,src_gkf,2,160,40,0.04176847461131594,14.292389449750695,24.82761193347061,0.10018761726078801,16_32,3.0,76.25259134682184,unstable_pc
DCT_16_32_PC3,D,C,extratrees,src_gkf,2,160,40,-0.1358256898982162,16.004778683772297,27.03059246167677,-0.043339587242026266,16_32,3.0,76.25259134682184,unstable_pc
DCT_32_64_PC1,D,C,dummy,src_gkf,2,160,40,-0.05753125325112429,49.912570492633556,128.73154399630295,,32_64,1.0,44.75146193749288,unstable_pc
DCT_32_64_PC1,D,C,ridge,src_gkf,2,160,40,-0.0006919774148701485,50.4685668093408,125.22429107524998,0.19024390243902442,32_64,1.0,44.75146193749288,unstable_pc
DCT_32_64_PC1,D,C,extratrees,src_gkf,2,160,40,-0.03527852108135776,55.734900437844566,127.36994890790704,-0.10656660412757975,32_64,1.0,44.75146193749288,unstable_pc
DCT_32_64_PC2,D,C,dummy,src_gkf,2,160,40,-0.0048207456436335505,19.002044495285634,39.07973397509159,,32_64,2.0,51.49296121058785,unstable_pc
DCT_32_64_PC2,D,C,ridge,src_gkf,2,160,40,-0.0521777900301017,20.157865527534774,39.990042651686295,-0.06979362101313322,32_64,2.0,51.49296121058785,unstable_pc
DCT_32_64_PC2,D,C,extratrees,src_gkf,2,160,40,-0.9497658437645786,30.534416276942466,54.437544989540534,-0.07392120075046905,32_64,2.0,51.49296121058785,unstable_pc
DCT_32_64_PC3,D,C,dummy,src_gkf,2,160,40,-0.013668801635054573,29.736259840733403,69.12000492078964,,32_64,3.0,62.04843267989178,unstable_pc
DCT_32_64_PC3,D,C,ridge,src_gkf,2,160,40,-0.03626589791494683,29.79067359461363,69.8861833873409,0.009193245778611633,32_64,3.0,62.04843267989178,unstable_pc
DCT_32_64_PC3,D,C,extratrees,src_gkf,2,160,40,-0.19404493275206325,32.600478464487885,75.01809910139184,0.07992495309568483,32_64,3.0,62.04843267989178,unstable_pc
DCT_64_inf_PC1,D,C,dummy,src_gkf,2,160,40,-0.07304524153724534,73.1257798214969,155.92853637462088,,64_inf,1.0,27.53545459101933,stable
DCT_64_inf_PC1,D,C,ridge,src_gkf,2,160,40,-0.06970817968393095,83.9383460154223,155.68588660817764,0.19737335834896813,64_inf,1.0,27.53545459101933,stable
DCT_64_inf_PC1,D,C,extratrees,src_gkf,2,160,40,-0.272539972186463,93.42800264504214,169.80571483583404,0.15816135084427768,64_inf,1.0,27.53545459101933,stable
DCT_64_inf_PC2,D,C,dummy,src_gkf,2,160,40,-0.0482159459946514,46.82296954977977,139.57540805489316,,64_inf,2.0,53.45120198645657,unstable_pc
DCT_64_inf_PC2,D,C,ridge,src_gkf,2,160,40,-0.039297204729138,50.09706642050344,138.98035118517086,0.2590994371482177,64_inf,2.0,53.45120198645657,unstable_pc
DCT_64_inf_PC2,D,C,extratrees,src_gkf,2,160,40,-0.13683447384101255,60.88720703931092,145.35572531449031,0.403189493433396,64_inf,2.0,53.45120198645657,unstable_pc
DCT_64_inf_PC3,D,C,dummy,src_gkf,2,160,40,-0.003696965633155802,53.67710391121007,150.16524028095165,,64_inf,3.0,59.09507462005328,unstable_pc
DCT_64_inf_PC3,D,C,ridge,src_gkf,2,160,40,-0.01474492104951386,51.964981665300094,150.98943253059673,0.3536585365853659,64_inf,3.0,59.09507462005328,unstable_pc
DCT_64_inf_PC3,D,C,extratrees,src_gkf,2,160,40,-0.013218806095890656,53.32700815905855,150.8758503246626,0.4681050656660414,64_inf,3.0,59.09507462005328,unstable_pc
median_depth_um,A,A,dummy,src_gkf,3,160,40,-0.01389194431489571,15.9058946875,18.223061288735057,,,,,
median_depth_um,A,A,ridge,src_gkf,3,160,40,0.5421738631222122,10.509330341455478,12.245479366059604,0.7540337711069419,,,,
median_depth_um,A,A,extratrees,src_gkf,3,160,40,0.9100104991988767,4.372559419936517,5.42901974192746,0.9418386491557225,,,,
Sq_um,B,A,dummy,src_gkf,3,160,40,-0.018690561550714913,0.8078015620632101,1.284769996282351,,,,,
Sq_um,B,A,ridge,src_gkf,3,160,40,-0.17405398557583163,0.8741956019822809,1.3792667863652253,0.5210131332082553,,,,
Sq_um,B,A,extratrees,src_gkf,3,160,40,-0.9138913207100476,1.1169909320154785,1.7610142940812068,0.5572232645403378,,,,
Sa_um,B,A,dummy,src_gkf,3,160,40,-0.0022193878807594825,0.4721007053239143,0.8002344556314346,,,,,
Sa_um,B,A,ridge,src_gkf,3,160,40,-0.07491699550351472,0.4868671054404393,0.8287495615819622,0.5774859287054409,,,,
Sa_um,B,A,extratrees,src_gkf,3,160,40,-0.37551597984955465,0.609074390660177,0.9374943670360543,0.5629719974296885,,,,
Ssk_skewness,B,A,dummy,src_gkf,3,160,40,-0.0015541526161551023,1.4618590065865704,2.126812012677324,,,,,
Ssk_skewness,B,A,ridge,src_gkf,3,160,40,0.0850306938885923,1.2866790066169762,2.0328023275812157,0.35440900562851785,,,,
Ssk_skewness,B,A,extratrees,src_gkf,3,160,40,0.1569220872424536,1.2321567634611483,1.9513076289004196,0.375797373358349,,,,
kurtosis_excess_fisher,B,A,dummy,src_gkf,3,160,40,-1.0414622582111122e-05,11.639485571763903,19.484578632942696,,,,,
kurtosis_excess_fisher,B,A,ridge,src_gkf,3,160,40,0.07990977667629007,10.13150166565828,18.68977034139552,0.4181988742964353,,,,
kurtosis_excess_fisher,B,A,extratrees,src_gkf,3,160,40,0.23737039769661206,9.3600133250924,17.015534122216117,0.4797373358348968,,,,
grad_rms_um_per_um,B,A,dummy,src_gkf,3,160,40,-0.00022436386500035432,0.2515876620534234,0.33723619169612845,,,,,
grad_rms_um_per_um,B,A,ridge,src_gkf,3,160,40,0.04970927391011992,0.2538627884665032,0.3287105986216369,0.5313320825515948,,,,
grad_rms_um_per_um,B,A,extratrees,src_gkf,3,160,40,-0.27110037931450726,0.2870368649604548,0.3801678493245841,0.47917448405253293,,,,
lap_rms_um_per_px2,B,A,dummy,src_gkf,3,160,40,-0.01697164201263912,0.13762293109282558,0.1720469715866874,,,,,
lap_rms_um_per_px2,B,A,ridge,src_gkf,3,160,40,0.026812533557996066,0.1317409200179774,0.16830261526165036,0.2181988742964353,,,,
lap_rms_um_per_px2,B,A,extratrees,src_gkf,3,160,40,-0.2933913505463088,0.14839853768261044,0.1940249531172891,0.29906191369606006,,,,
acf_e_fold_lag_um,B,A,dummy,src_gkf,3,160,40,-0.012333307629616153,7.145390625,7.82829419103589,,,,,
acf_e_fold_lag_um,B,A,ridge,src_gkf,3,160,40,0.18050043093510137,6.341993810831734,7.043357621821597,0.4705285042955063,,,,
acf_e_fold_lag_um,B,A,extratrees,src_gkf,3,160,40,0.3167451850324995,5.114070089285716,6.431269747777323,0.5516864691320826,,,,
aniso_gradx_over_y,B,A,dummy,src_gkf,3,160,40,-0.10505208062637683,0.5685722203251863,0.8236985824733465,,,,,
aniso_gradx_over_y,B,A,ridge,src_gkf,3,160,40,0.3758949129399214,0.42554926966990225,0.6190216043996635,0.6733583489681052,,,,
aniso_gradx_over_y,B,A,extratrees,src_gkf,3,160,40,0.570914051453076,0.3821653843318107,0.5132737944972816,0.754971857410882,,,,
pit_density_per_Mpx,B,A,dummy,src_gkf,3,160,40,-0.021580570771946306,12272.88818359375,41246.28509858605,,,,,
pit_density_per_Mpx,B,A,ridge,src_gkf,3,160,40,-0.009697174709303091,11988.352337932129,41005.6874913218,0.386072185946511,,,,
pit_density_per_Mpx,B,A,extratrees,src_gkf,3,160,40,-0.028887774814324807,11081.300051223732,41393.53632431624,-0.06158084777124693,,,,
pit_depth_um,B,A,dummy,src_gkf,3,160,40,-0.011103849348984784,1.6786583431204782,3.452478676325064,,,,,
pit_depth_um,B,A,ridge,src_gkf,3,160,40,0.06381003057405976,1.5442443336945115,3.322118463095717,0.6885553470919326,,,,
pit_depth_um,B,A,extratrees,src_gkf,3,160,40,0.09527973154305636,1.4671038528542204,3.26580525092851,0.6928705440900564,,,,
peak_to_valley_p98p2_um,B,A,dummy,src_gkf,3,160,40,-0.059569983261385406,3.0201137765148665,3.797834653504753,,,,,
peak_to_valley_p98p2_um,B,A,ridge,src_gkf,3,160,40,-0.20965724849143275,2.8701695042181417,4.0579098604545285,0.5435272045028143,,,,
peak_to_valley_p98p2_um,B,A,extratrees,src_gkf,3,160,40,-1.1775550702896704,3.715068300995253,5.444472432826908,0.5395872420262665,,,,
deepest_negative_residual_um,B,A,dummy,src_gkf,3,160,40,-0.011103849348984784,1.6786583431204782,3.452478676325064,,,,,
deepest_negative_residual_um,B,A,ridge,src_gkf,3,160,40,0.06381003057405976,1.5442443336945115,3.322118463095717,0.6885553470919326,,,,
deepest_negative_residual_um,B,A,extratrees,src_gkf,3,160,40,0.09527973154305636,1.4671038528542204,3.26580525092851,0.6928705440900564,,,,
rms_DCT_8_16_um,C,A,dummy,src_gkf,3,160,40,-0.03674094425666374,0.2597354795483257,0.36944432613446054,,,,,
rms_DCT_8_16_um,C,A,ridge,src_gkf,3,160,40,0.16785573368454965,0.24506223374665675,0.33098871619295117,0.6193245778611634,,,,
rms_DCT_8_16_um,C,A,extratrees,src_gkf,3,160,40,0.09873851708764081,0.2592734806007956,0.3444603839842162,0.6095684803001877,,,,
E_DCT_8_16_frac,C,A,dummy,src_gkf,3,160,40,-0.14692825739518178,0.1794429376539916,0.23488267491515316,,,,,
E_DCT_8_16_frac,C,A,ridge,src_gkf,3,160,40,0.43496607395174536,0.1298333289596087,0.16486183145102293,0.7242026266416511,,,,
E_DCT_8_16_frac,C,A,extratrees,src_gkf,3,160,40,0.6284154459236502,0.11114903483194319,0.13369392830768567,0.7595459269752628,,,,
rms_DCT_16_32_um,C,A,dummy,src_gkf,3,160,40,-0.0010085608819605518,0.3534547329339778,0.45412887008338465,,,,,
rms_DCT_16_32_um,C,A,ridge,src_gkf,3,160,40,0.021138710927339655,0.2998523137756702,0.4490769796114579,0.6131332082551596,,,,
rms_DCT_16_32_um,C,A,extratrees,src_gkf,3,160,40,-0.29085071870562107,0.34050449328862314,0.5157013004127387,0.6504690431519701,,,,
E_DCT_16_32_frac,C,A,dummy,src_gkf,3,160,40,-0.02248408304980809,0.10169807855150151,0.13405207828666454,,,,,
E_DCT_16_32_frac,C,A,ridge,src_gkf,3,160,40,0.17157960704142527,0.09292026601408662,0.12066204014491194,0.4861163227016886,,,,
E_DCT_16_32_frac,C,A,extratrees,src_gkf,3,160,40,0.34598943821500805,0.08324273601037228,0.10721058219315674,0.5906191369606004,,,,
rms_DCT_32_64_um,C,A,dummy,src_gkf,3,160,40,-0.08013871782140591,0.3740163098344561,0.463097648415464,,,,,
rms_DCT_32_64_um,C,A,ridge,src_gkf,3,160,40,-0.024697362226276942,0.32222625079632616,0.45105615962978635,0.601500938086304,,,,
rms_DCT_32_64_um,C,A,extratrees,src_gkf,3,160,40,-0.9043244789738061,0.41482924683348,0.6148982879218253,0.5975609756097562,,,,
E_DCT_32_64_frac,C,A,dummy,src_gkf,3,160,40,-0.0034579634641931367,0.07896318165081569,0.0998211185903281,,,,,
E_DCT_32_64_frac,C,A,ridge,src_gkf,3,160,40,0.4405136771367957,0.05507768996799134,0.07453625657348237,0.7598499061913697,,,,
E_DCT_32_64_frac,C,A,extratrees,src_gkf,3,160,40,0.20152158947637433,0.06579819067461598,0.08904395250574185,0.5825515947467168,,,,
rms_DCT_64_inf_um,C,A,dummy,src_gkf,3,160,40,-0.048556933275907266,0.6461343375820782,1.1730354458549548,,,,,
rms_DCT_64_inf_um,C,A,ridge,src_gkf,3,160,40,-0.18951933931762754,0.7250164598269985,1.2493982145326825,0.4410881801125704,,,,
rms_DCT_64_inf_um,C,A,extratrees,src_gkf,3,160,40,-0.9704059891651649,0.9121941347093481,1.608025704825019,0.5097560975609756,,,,
E_DCT_64_inf_frac,C,A,dummy,src_gkf,3,160,40,-0.0894498196611877,0.21516297811952612,0.2543508118726591,,,,,
E_DCT_64_inf_frac,C,A,ridge,src_gkf,3,160,40,0.2063238357522199,0.17379970786899598,0.21709567996269893,0.5945590994371484,,,,
E_DCT_64_inf_frac,C,A,extratrees,src_gkf,3,160,40,0.24361353882467995,0.16548254492994388,0.21193436642814545,0.625891181988743,,,,
DCT_8_16_PC1,D,A,dummy,src_gkf,3,160,40,-0.004129177166357856,28.49224847330604,55.880517514511624,,8_16,1.0,14.87697065484431,stable
DCT_8_16_PC1,D,A,ridge,src_gkf,3,160,40,0.014948835188497878,28.164091111621065,55.347119163841526,0.11932457786116324,8_16,1.0,14.87697065484431,stable
DCT_8_16_PC1,D,A,extratrees,src_gkf,3,160,40,-0.08578946959571976,31.301399373109348,58.10833597166831,0.10187617260787994,8_16,1.0,14.87697065484431,stable
DCT_8_16_PC2,D,A,dummy,src_gkf,3,160,40,-0.0016457184134763825,6.999233213320932,10.054140328985424,,8_16,2.0,22.866407223033583,stable
DCT_8_16_PC2,D,A,ridge,src_gkf,3,160,40,-0.041633416410479684,7.708454303232711,10.252867030155553,-0.039962476547842414,8_16,2.0,22.866407223033583,stable
DCT_8_16_PC2,D,A,extratrees,src_gkf,3,160,40,-3.7455633930181644,11.41416884497588,21.8842548007136,-0.14934333958724202,8_16,2.0,22.866407223033583,stable
DCT_8_16_PC3,D,A,dummy,src_gkf,3,160,40,-0.0003448613175682791,6.585389283875133,9.299877556671014,,8_16,3.0,66.83265660856154,unstable_pc
DCT_8_16_PC3,D,A,ridge,src_gkf,3,160,40,-0.22889790230767226,7.9244318183642575,10.30766414062431,-0.15797373358348968,8_16,3.0,66.83265660856154,unstable_pc
DCT_8_16_PC3,D,A,extratrees,src_gkf,3,160,40,-1.7453825488414751,9.054476606711606,15.40649304475888,0.10769230769230771,8_16,3.0,66.83265660856154,unstable_pc
DCT_16_32_PC1,D,A,dummy,src_gkf,3,160,40,-0.011603335521881641,12.965921093162496,19.805971286723203,,16_32,1.0,48.58838396592115,unstable_pc
DCT_16_32_PC1,D,A,ridge,src_gkf,3,160,40,-0.01777259366435069,12.475950977685038,19.866272800307975,0.16435272045028146,16_32,1.0,48.58838396592115,unstable_pc
DCT_16_32_PC1,D,A,extratrees,src_gkf,3,160,40,-0.9113278085281002,17.483589068383374,27.2244182387641,-0.13696060037523455,16_32,1.0,48.58838396592115,unstable_pc
DCT_16_32_PC2,D,A,dummy,src_gkf,3,160,40,-0.020399344354583793,7.224136496570996,11.855811794632364,,16_32,2.0,70.43889056442669,unstable_pc
DCT_16_32_PC2,D,A,ridge,src_gkf,3,160,40,-0.40181471401820135,10.019510351929194,13.896054800602066,0.04446529080675423,16_32,2.0,70.43889056442669,unstable_pc
DCT_16_32_PC2,D,A,extratrees,src_gkf,3,160,40,-3.3216733721459546,14.866631942966475,24.39900865890766,-0.0953095684803002,16_32,2.0,70.43889056442669,unstable_pc
DCT_16_32_PC3,D,A,dummy,src_gkf,3,160,40,-0.04202820520564421,11.460419577988912,19.567119514102068,,16_32,3.0,73.4751932583392,unstable_pc
DCT_16_32_PC3,D,A,ridge,src_gkf,3,160,40,-0.03193520109585135,12.534801915184845,19.47212613126408,-0.04859287054409006,16_32,3.0,73.4751932583392,unstable_pc
DCT_16_32_PC3,D,A,extratrees,src_gkf,3,160,40,-0.8234164889622335,15.673375097517157,25.883923006240508,0.3185741088180113,16_32,3.0,73.4751932583392,unstable_pc
DCT_32_64_PC1,D,A,dummy,src_gkf,3,160,40,-0.264776765257132,28.35663412670515,47.13685850434038,,32_64,1.0,16.260222657964214,stable
DCT_32_64_PC1,D,A,ridge,src_gkf,3,160,40,-1.1791948040412432,37.20731872960874,61.87307823315955,-0.2200750469043152,32_64,1.0,16.260222657964214,stable
DCT_32_64_PC1,D,A,extratrees,src_gkf,3,160,40,-4.515755003660692,43.1099084662243,98.43650361051986,-0.3028142589118199,32_64,1.0,16.260222657964214,stable
DCT_32_64_PC2,D,A,dummy,src_gkf,3,160,40,-0.14957763405130153,17.138972877623008,23.284925393183332,,32_64,2.0,52.17172539803012,unstable_pc
DCT_32_64_PC2,D,A,ridge,src_gkf,3,160,40,-0.19144984121758268,16.024111863619197,23.705197597736912,0.0551594746716698,32_64,2.0,52.17172539803012,unstable_pc
DCT_32_64_PC2,D,A,extratrees,src_gkf,3,160,40,-2.313009406089668,22.78620933198272,39.529109643844656,0.05909943714821765,32_64,2.0,52.17172539803012,unstable_pc
DCT_32_64_PC3,D,A,dummy,src_gkf,3,160,40,-0.09197335612909718,12.252542920399167,17.315952374318726,,32_64,3.0,63.02590299520877,unstable_pc
DCT_32_64_PC3,D,A,ridge,src_gkf,3,160,40,-0.6662233243791009,14.978659916540925,21.389811954101027,-0.018949343339587248,32_64,3.0,63.02590299520877,unstable_pc
DCT_32_64_PC3,D,A,extratrees,src_gkf,3,160,40,-1.5555765379964401,18.100403415498107,26.490173814916616,-0.19643527204502817,32_64,3.0,63.02590299520877,unstable_pc
DCT_64_inf_PC1,D,A,dummy,src_gkf,3,160,40,-0.016622753135641544,33.98999986857931,59.050684072431785,,64_inf,1.0,23.40876819906802,stable
DCT_64_inf_PC1,D,A,ridge,src_gkf,3,160,40,0.025867524963668842,35.45431614749238,57.80348609301214,0.3656660412757974,64_inf,1.0,23.40876819906802,stable
DCT_64_inf_PC1,D,A,extratrees,src_gkf,3,160,40,-1.1083841360103532,47.14152899912844,85.03934182489978,0.575797373358349,64_inf,1.0,23.40876819906802,stable
DCT_64_inf_PC2,D,A,dummy,src_gkf,3,160,40,-0.08111490837450952,45.14344166816951,110.67090250521443,,64_inf,2.0,43.12221873363599,unstable_pc
DCT_64_inf_PC2,D,A,ridge,src_gkf,3,160,40,-0.3712657853340591,61.2494954908795,124.64025919156249,-0.004690431519699813,64_inf,2.0,43.12221873363599,unstable_pc
DCT_64_inf_PC2,D,A,extratrees,src_gkf,3,160,40,-0.6500438775704638,64.26772787817353,136.7241619237395,0.25121951219512195,64_inf,2.0,43.12221873363599,unstable_pc
DCT_64_inf_PC3,D,A,dummy,src_gkf,3,160,40,-0.11167919757695599,39.743818745012994,92.30757325698787,,64_inf,3.0,58.62639595678573,unstable_pc
DCT_64_inf_PC3,D,A,ridge,src_gkf,3,160,40,-0.049626362349993736,38.17974401049249,89.69432359169133,0.32251407129455917,64_inf,3.0,58.62639595678573,unstable_pc
DCT_64_inf_PC3,D,A,extratrees,src_gkf,3,160,40,-0.3420585721536995,46.60044392283644,101.42227064983418,0.1977485928705441,64_inf,3.0,58.62639595678573,unstable_pc
median_depth_um,A,R,dummy,src_gkf,3,160,40,-0.01389194431489571,15.9058946875,18.223061288735057,,,,,
median_depth_um,A,R,ridge,src_gkf,3,160,40,0.6618818786671983,8.46209412198686,10.523488316173635,0.8885553470919326,,,,
median_depth_um,A,R,extratrees,src_gkf,3,160,40,0.8889442981318354,4.4575450640541145,6.031091677864163,0.9450281425891184,,,,
Sq_um,B,R,dummy,src_gkf,3,160,40,-0.018690561550714913,0.8078015620632101,1.284769996282351,,,,,
Sq_um,B,R,ridge,src_gkf,3,160,40,-0.2238826122636619,0.899785846081287,1.408231734921799,0.5313320825515948,,,,
Sq_um,B,R,extratrees,src_gkf,3,160,40,-0.5293430317507459,1.0069543821087774,1.5741883679302127,0.47335834896810514,,,,
Sa_um,B,R,dummy,src_gkf,3,160,40,-0.0022193878807594825,0.4721007053239143,0.8002344556314346,,,,,
Sa_um,B,R,ridge,src_gkf,3,160,40,0.02695244473328018,0.4668339811623641,0.7885021462826135,0.5129455909943715,,,,
Sa_um,B,R,extratrees,src_gkf,3,160,40,-0.2787576469407178,0.5766082368403713,0.9039199441107051,0.5390243902439025,,,,
Ssk_skewness,B,R,dummy,src_gkf,3,160,40,-0.0015541526161551023,1.4618590065865704,2.126812012677324,,,,,
Ssk_skewness,B,R,ridge,src_gkf,3,160,40,0.22932344470984556,1.275069540221808,1.8656404975264822,0.4157598499061914,,,,
Ssk_skewness,B,R,extratrees,src_gkf,3,160,40,0.09609300530193177,1.3480973919119492,2.0204762983073694,0.3560975609756098,,,,
kurtosis_excess_fisher,B,R,dummy,src_gkf,3,160,40,-1.0414622582111122e-05,11.639485571763903,19.484578632942696,,,,,
kurtosis_excess_fisher,B,R,ridge,src_gkf,3,160,40,0.28355353153495233,10.104516384064839,16.49227735990101,0.4326454033771107,,,,
kurtosis_excess_fisher,B,R,extratrees,src_gkf,3,160,40,0.19378935541913178,10.047934496033061,17.494962696465226,0.27204502814258913,,,,
grad_rms_um_per_um,B,R,dummy,src_gkf,3,160,40,-0.00022436386500035432,0.2515876620534234,0.33723619169612845,,,,,
grad_rms_um_per_um,B,R,ridge,src_gkf,3,160,40,-0.04021324863134357,0.2705200860856185,0.34391146343988227,0.3596622889305817,,,,
grad_rms_um_per_um,B,R,extratrees,src_gkf,3,160,40,-0.12358798010503125,0.27487235795007975,0.3574283563889901,0.4181988742964353,,,,
lap_rms_um_per_px2,B,R,dummy,src_gkf,3,160,40,-0.01697164201263912,0.13762293109282558,0.1720469715866874,,,,,
lap_rms_um_per_px2,B,R,ridge,src_gkf,3,160,40,-0.07674825892319781,0.13942902438221982,0.1770311538930266,0.15853658536585366,,,,
lap_rms_um_per_px2,B,R,extratrees,src_gkf,3,160,40,-0.012329046124773813,0.12756254759333657,0.17165381497968346,0.3041275797373359,,,,
acf_e_fold_lag_um,B,R,dummy,src_gkf,3,160,40,-0.012333307629616153,7.145390625,7.82829419103589,,,,,
acf_e_fold_lag_um,B,R,ridge,src_gkf,3,160,40,0.07879732104680359,6.7352044872136005,7.467633088042452,0.29218832994014654,,,,
acf_e_fold_lag_um,B,R,extratrees,src_gkf,3,160,40,0.07115146668373229,6.475700242361805,7.498559209040612,0.2847614064957219,,,,
aniso_gradx_over_y,B,R,dummy,src_gkf,3,160,40,-0.10505208062637683,0.5685722203251863,0.8236985824733465,,,,,
aniso_gradx_over_y,B,R,ridge,src_gkf,3,160,40,0.0777219702610834,0.5423907070934894,0.7525023782635044,0.50281425891182,,,,
aniso_gradx_over_y,B,R,extratrees,src_gkf,3,160,40,0.15659368523842965,0.43949268556202126,0.7196069836832643,0.6123827392120076,,,,
pit_density_per_Mpx,B,R,dummy,src_gkf,3,160,40,-0.021580570771946306,12272.88818359375,41246.28509858605,,,,,
pit_density_per_Mpx,B,R,ridge,src_gkf,3,160,40,-0.0226820932063847,12257.461733880025,41268.5160752764,0.3172406899699398,,,,
pit_density_per_Mpx,B,R,extratrees,src_gkf,3,160,40,-0.04433614110122641,12531.017695932542,41703.13279172708,0.049165354268979396,,,,
pit_depth_um,B,R,dummy,src_gkf,3,160,40,-0.011103849348984784,1.6786583431204782,3.452478676325064,,,,,
pit_depth_um,B,R,ridge,src_gkf,3,160,40,0.07526621311308135,1.541091361988099,3.301729468183564,0.5345215759849906,,,,
pit_depth_um,B,R,extratrees,src_gkf,3,160,40,0.07812274608522018,1.5964123439149347,3.296625948636333,0.5926829268292684,,,,
peak_to_valley_p98p2_um,B,R,dummy,src_gkf,3,160,40,-0.059569983261385406,3.0201137765148665,3.797834653504753,,,,,
peak_to_valley_p98p2_um,B,R,ridge,src_gkf,3,160,40,-0.4811765661678824,3.2408495826010197,4.490292641967565,0.5696060037523453,,,,
peak_to_valley_p98p2_um,B,R,extratrees,src_gkf,3,160,40,-1.5658253706092582,3.717594109978928,5.9099632070564025,0.5442776735459663,,,,
deepest_negative_residual_um,B,R,dummy,src_gkf,3,160,40,-0.011103849348984784,1.6786583431204782,3.452478676325064,,,,,
deepest_negative_residual_um,B,R,ridge,src_gkf,3,160,40,0.07526621311308135,1.541091361988099,3.301729468183564,0.5345215759849906,,,,
deepest_negative_residual_um,B,R,extratrees,src_gkf,3,160,40,0.07812274608522041,1.5964123439149347,3.2966259486363327,0.5926829268292684,,,,
rms_DCT_8_16_um,C,R,dummy,src_gkf,3,160,40,-0.03674094425666374,0.2597354795483257,0.36944432613446054,,,,,
rms_DCT_8_16_um,C,R,ridge,src_gkf,3,160,40,0.06611525113502592,0.26283838138649945,0.3506392408406616,0.4296435272045029,,,,
rms_DCT_8_16_um,C,R,extratrees,src_gkf,3,160,40,-0.011813508895941238,0.28281173836361095,0.36497583645652837,0.4722326454033771,,,,
E_DCT_8_16_frac,C,R,dummy,src_gkf,3,160,40,-0.14692825739518178,0.1794429376539916,0.23488267491515316,,,,,
E_DCT_8_16_frac,C,R,ridge,src_gkf,3,160,40,0.036318947146204095,0.1637352290444642,0.21530272071451723,0.49718574108818014,,,,
E_DCT_8_16_frac,C,R,extratrees,src_gkf,3,160,40,0.29829534487815335,0.13820721942047132,0.18372152284686988,0.6407129455909945,,,,
rms_DCT_16_32_um,C,R,dummy,src_gkf,3,160,40,-0.0010085608819605518,0.3534547329339778,0.45412887008338465,,,,,
rms_DCT_16_32_um,C,R,ridge,src_gkf,3,160,40,0.07824360011378018,0.32321386826894544,0.4357810058082745,0.6386491557223266,,,,
rms_DCT_16_32_um,C,R,extratrees,src_gkf,3,160,40,-0.027173108170100768,0.30532272229279245,0.4600256382211226,0.7114446529080677,,,,
E_DCT_16_32_frac,C,R,dummy,src_gkf,3,160,40,-0.02248408304980809,0.10169807855150151,0.13405207828666454,,,,,
E_DCT_16_32_frac,C,R,ridge,src_gkf,3,160,40,0.1516916723003433,0.09524631003135,0.12210182034880154,0.40769230769230774,,,,
E_DCT_16_32_frac,C,R,extratrees,src_gkf,3,160,40,0.28059543162176703,0.08633924565601678,0.11244285629829869,0.6360225140712946,,,,
rms_DCT_32_64_um,C,R,dummy,src_gkf,3,160,40,-0.08013871782140591,0.3740163098344561,0.463097648415464,,,,,
rms_DCT_32_64_um,C,R,ridge,src_gkf,3,160,40,0.09759752550485079,0.30925968677319454,0.4232850672180861,0.6196998123827393,,,,
rms_DCT_32_64_um,C,R,extratrees,src_gkf,3,160,40,-0.5197987669945365,0.3631792343077941,0.5493205582268834,0.5979362101313322,,,,
E_DCT_32_64_frac,C,R,dummy,src_gkf,3,160,40,-0.0034579634641931367,0.07896318165081569,0.0998211185903281,,,,,
E_DCT_32_64_frac,C,R,ridge,src_gkf,3,160,40,0.36327294335209626,0.06397081605900105,0.07951507862844899,0.625328330206379,,,,
E_DCT_32_64_frac,C,R,extratrees,src_gkf,3,160,40,0.03921339164338444,0.07492396817243122,0.09767565019732594,0.3855534709193247,,,,
rms_DCT_64_inf_um,C,R,dummy,src_gkf,3,160,40,-0.048556933275907266,0.6461343375820782,1.1730354458549548,,,,,
rms_DCT_64_inf_um,C,R,ridge,src_gkf,3,160,40,-0.35543808846817826,0.780601558593147,1.3336902309188743,0.4583489681050658,,,,
rms_DCT_64_inf_um,C,R,extratrees,src_gkf,3,160,40,-0.5219320791923983,0.8003438307397095,1.4132297230601985,0.4409005628517825,,,,
E_DCT_64_inf_frac,C,R,dummy,src_gkf,3,160,40,-0.0894498196611877,0.21516297811952612,0.2543508118726591,,,,,
E_DCT_64_inf_frac,C,R,ridge,src_gkf,3,160,40,-0.08001811668493874,0.20694736158324245,0.25324742188617383,0.2681050656660413,,,,
E_DCT_64_inf_frac,C,R,extratrees,src_gkf,3,160,40,0.06523757548728626,0.17644529851249635,0.235602630872402,0.40375234521575987,,,,
DCT_8_16_PC1,D,R,dummy,src_gkf,3,160,40,-0.004129177166357856,28.49224847330604,55.880517514511624,,8_16,1.0,14.87697065484431,stable
DCT_8_16_PC1,D,R,ridge,src_gkf,3,160,40,-0.008640204359185999,28.625582490416512,56.005897823984554,-0.05872420262664166,8_16,1.0,14.87697065484431,stable
DCT_8_16_PC1,D,R,extratrees,src_gkf,3,160,40,-0.16329485691735557,38.10701996136963,60.14652353299138,-0.04052532833020639,8_16,1.0,14.87697065484431,stable
DCT_8_16_PC2,D,R,dummy,src_gkf,3,160,40,-0.0016457184134763825,6.999233213320932,10.054140328985424,,8_16,2.0,22.866407223033583,stable
DCT_8_16_PC2,D,R,ridge,src_gkf,3,160,40,0.00980124342115718,7.163381873927503,9.99652511352128,0.0727954971857411,8_16,2.0,22.866407223033583,stable
DCT_8_16_PC2,D,R,extratrees,src_gkf,3,160,40,-0.21928058073339174,7.512291061752871,11.09276216348951,0.08761726078799251,8_16,2.0,22.866407223033583,stable
DCT_8_16_PC3,D,R,dummy,src_gkf,3,160,40,-0.0003448613175682791,6.585389283875133,9.299877556671014,,8_16,3.0,66.83265660856154,unstable_pc
DCT_8_16_PC3,D,R,ridge,src_gkf,3,160,40,-0.2685253403452148,7.547260135274636,10.472537675837033,-0.013133208255159476,8_16,3.0,66.83265660856154,unstable_pc
DCT_8_16_PC3,D,R,extratrees,src_gkf,3,160,40,-1.6146381793233902,10.276821391281102,15.035163565866272,-0.013320825515947468,8_16,3.0,66.83265660856154,unstable_pc
DCT_16_32_PC1,D,R,dummy,src_gkf,3,160,40,-0.011603335521881641,12.965921093162496,19.805971286723203,,16_32,1.0,48.58838396592115,unstable_pc
DCT_16_32_PC1,D,R,ridge,src_gkf,3,160,40,-0.020032429179572153,12.873861106814735,19.888315846116992,0.12326454033771109,16_32,1.0,48.58838396592115,unstable_pc
DCT_16_32_PC1,D,R,extratrees,src_gkf,3,160,40,0.08587643746820894,12.573221749209198,18.82753529948445,0.32439024390243903,16_32,1.0,48.58838396592115,unstable_pc
DCT_16_32_PC2,D,R,dummy,src_gkf,3,160,40,-0.020399344354583793,7.224136496570996,11.855811794632364,,16_32,2.0,70.43889056442669,unstable_pc
DCT_16_32_PC2,D,R,ridge,src_gkf,3,160,40,-1.6397052366613036,13.961184217013852,19.06882477580034,0.0031894934333958733,16_32,2.0,70.43889056442669,unstable_pc
DCT_16_32_PC2,D,R,extratrees,src_gkf,3,160,40,-7.9442521707058145,16.61688995279651,35.10089809824998,-0.08424015009380864,16_32,2.0,70.43889056442669,unstable_pc
DCT_16_32_PC3,D,R,dummy,src_gkf,3,160,40,-0.04202820520564421,11.460419577988912,19.567119514102068,,16_32,3.0,73.4751932583392,unstable_pc
DCT_16_32_PC3,D,R,ridge,src_gkf,3,160,40,0.009844445239425625,11.300845118396136,19.073872468316463,-0.2392120075046905,16_32,3.0,73.4751932583392,unstable_pc
DCT_16_32_PC3,D,R,extratrees,src_gkf,3,160,40,-0.4272274575921886,14.886738398091518,22.899909000850663,0.20037523452157602,16_32,3.0,73.4751932583392,unstable_pc
DCT_32_64_PC1,D,R,dummy,src_gkf,3,160,40,-0.264776765257132,28.35663412670515,47.13685850434038,,32_64,1.0,16.260222657964214,stable
DCT_32_64_PC1,D,R,ridge,src_gkf,3,160,40,-1.3252198653198746,36.44637065177706,63.91248561822172,-0.27917448405253287,32_64,1.0,16.260222657964214,stable
DCT_32_64_PC1,D,R,extratrees,src_gkf,3,160,40,-1.9077901071955496,36.78618026712117,71.47188280737589,-0.28911819887429646,32_64,1.0,16.260222657964214,stable
DCT_32_64_PC2,D,R,dummy,src_gkf,3,160,40,-0.14957763405130153,17.138972877623008,23.284925393183332,,32_64,2.0,52.17172539803012,unstable_pc
DCT_32_64_PC2,D,R,ridge,src_gkf,3,160,40,-0.9330800431236601,19.215255387530384,30.19469287528443,-0.23039399624765483,32_64,2.0,52.17172539803012,unstable_pc
DCT_32_64_PC2,D,R,extratrees,src_gkf,3,160,40,-2.8363064829122777,21.645565328674053,42.53655812805847,0.2979362101313321,32_64,2.0,52.17172539803012,unstable_pc
DCT_32_64_PC3,D,R,dummy,src_gkf,3,160,40,-0.09197335612909718,12.252542920399167,17.315952374318726,,32_64,3.0,63.02590299520877,unstable_pc
DCT_32_64_PC3,D,R,ridge,src_gkf,3,160,40,-0.24386266900391784,13.133896856191935,18.48104730614207,-0.21651031894934336,32_64,3.0,63.02590299520877,unstable_pc
DCT_32_64_PC3,D,R,extratrees,src_gkf,3,160,40,-2.05963110525907,18.9209188402898,28.9851061690776,-0.13264540337711073,32_64,3.0,63.02590299520877,unstable_pc
DCT_64_inf_PC1,D,R,dummy,src_gkf,3,160,40,-0.016622753135641544,33.98999986857931,59.050684072431785,,64_inf,1.0,23.40876819906802,stable
DCT_64_inf_PC1,D,R,ridge,src_gkf,3,160,40,-0.06771677252668229,37.77485465581299,60.516395545109646,0.1273921200750469,64_inf,1.0,23.40876819906802,stable
DCT_64_inf_PC1,D,R,extratrees,src_gkf,3,160,40,-1.641766436795336,57.72555485306306,95.19019784119641,0.2810506566604128,64_inf,1.0,23.40876819906802,stable
DCT_64_inf_PC2,D,R,dummy,src_gkf,3,160,40,-0.08111490837450952,45.14344166816951,110.67090250521443,,64_inf,2.0,43.12221873363599,unstable_pc
DCT_64_inf_PC2,D,R,ridge,src_gkf,3,160,40,-0.12706894289233306,46.85835958406392,112.99852246028603,0.09887429643527205,64_inf,2.0,43.12221873363599,unstable_pc
DCT_64_inf_PC2,D,R,extratrees,src_gkf,3,160,40,-0.26124609397933507,58.01170769852877,119.53564810889804,-0.11876172607879927,64_inf,2.0,43.12221873363599,unstable_pc
DCT_64_inf_PC3,D,R,dummy,src_gkf,3,160,40,-0.11167919757695599,39.743818745012994,92.30757325698787,,64_inf,3.0,58.62639595678573,unstable_pc
DCT_64_inf_PC3,D,R,ridge,src_gkf,3,160,40,-0.18686397926293075,42.32865142804079,95.37796869802085,0.25947467166979366,64_inf,3.0,58.62639595678573,unstable_pc
DCT_64_inf_PC3,D,R,extratrees,src_gkf,3,160,40,-0.4517642463433418,49.07070285681594,105.48619870636423,0.05365853658536587,64_inf,3.0,58.62639595678573,unstable_pc
median_depth_um,A,C,dummy,src_gkf,3,160,40,-0.01389194431489571,15.9058946875,18.223061288735057,,,,,
median_depth_um,A,C,ridge,src_gkf,3,160,40,0.7930266564144585,6.984875526988634,8.233466207781595,0.9223264540337712,,,,
median_depth_um,A,C,extratrees,src_gkf,3,160,40,0.9273686250562224,3.4880289403333378,4.877391672041456,0.9658536585365854,,,,
Sq_um,B,C,dummy,src_gkf,3,160,40,-0.018690561550714913,0.8078015620632101,1.284769996282351,,,,,
Sq_um,B,C,ridge,src_gkf,3,160,40,-0.061443720701919835,0.8210667472311493,1.3114529994934323,0.554033771106942,,,,
Sq_um,B,C,extratrees,src_gkf,3,160,40,-1.156201845242634,1.1387093105285817,1.8691706426228418,0.5474671669793622,,,,
Sa_um,B,C,dummy,src_gkf,3,160,40,-0.0022193878807594825,0.4721007053239143,0.8002344556314346,,,,,
Sa_um,B,C,ridge,src_gkf,3,160,40,-0.0033873179741263915,0.47730666317076303,0.8007005939762607,0.579549718574109,,,,
Sa_um,B,C,extratrees,src_gkf,3,160,40,-0.49158050022270205,0.5967792580153354,0.976245838124623,0.5896810506566605,,,,
Ssk_skewness,B,C,dummy,src_gkf,3,160,40,-0.0015541526161551023,1.4618590065865704,2.126812012677324,,,,,
Ssk_skewness,B,C,ridge,src_gkf,3,160,40,0.1954711729905233,1.305720056527576,1.9061746587120734,0.4480300187617261,,,,
Ssk_skewness,B,C,extratrees,src_gkf,3,160,40,0.13749426777717444,1.2278725138178372,1.9736624645053884,0.3714821763602252,,,,
kurtosis_excess_fisher,B,C,dummy,src_gkf,3,160,40,-1.0414622582111122e-05,11.639485571763903,19.484578632942696,,,,,
kurtosis_excess_fisher,B,C,ridge,src_gkf,3,160,40,0.23944570635946616,10.041491283560926,16.992366557279432,0.45159474671669797,,,,
kurtosis_excess_fisher,B,C,extratrees,src_gkf,3,160,40,0.26701996078974877,9.613250994431976,16.681489667056205,0.42138836772983124,,,,
grad_rms_um_per_um,B,C,dummy,src_gkf,3,160,40,-0.00022436386500035432,0.2515876620534234,0.33723619169612845,,,,,
grad_rms_um_per_um,B,C,ridge,src_gkf,3,160,40,0.09019963674421083,0.2528706324083152,0.32163145449580827,0.4829268292682927,,,,
grad_rms_um_per_um,B,C,extratrees,src_gkf,3,160,40,-0.22192041342976365,0.2688843088550488,0.372740790461964,0.5525328330206379,,,,
lap_rms_um_per_px2,B,C,dummy,src_gkf,3,160,40,-0.01697164201263912,0.13762293109282558,0.1720469715866874,,,,,
lap_rms_um_per_px2,B,C,ridge,src_gkf,3,160,40,0.0060742410821919,0.13239168665234993,0.1700863980252424,0.22757973733583495,,,,
lap_rms_um_per_px2,B,C,extratrees,src_gkf,3,160,40,-0.19339439327987407,0.13638678558029707,0.1863736915965133,0.3651031894934335,,,,
acf_e_fold_lag_um,B,C,dummy,src_gkf,3,160,40,-0.012333307629616153,7.145390625,7.82829419103589,,,,,
acf_e_fold_lag_um,B,C,ridge,src_gkf,3,160,40,0.15259033512180387,6.262418328899827,7.162292970306515,0.4619734405810425,,,,
acf_e_fold_lag_um,B,C,extratrees,src_gkf,3,160,40,0.2597758398000778,5.58252509920635,6.694019962832211,0.48011769659083925,,,,
aniso_gradx_over_y,B,C,dummy,src_gkf,3,160,40,-0.10505208062637683,0.5685722203251863,0.8236985824733465,,,,,
aniso_gradx_over_y,B,C,ridge,src_gkf,3,160,40,0.38891709857889456,0.4158863674393145,0.6125295024100327,0.6744840525328332,,,,
aniso_gradx_over_y,B,C,extratrees,src_gkf,3,160,40,0.53794885428325,0.36993162364682586,0.5326255197726814,0.7647279549718575,,,,
pit_density_per_Mpx,B,C,dummy,src_gkf,3,160,40,-0.021580570771946306,12272.88818359375,41246.28509858605,,,,,
pit_density_per_Mpx,B,C,ridge,src_gkf,3,160,40,-0.015564560207590228,11976.385257151693,41124.657646852385,0.37445128402838856,,,,
pit_density_per_Mpx,B,C,extratrees,src_gkf,3,160,40,-0.030581259852823672,11528.399504743304,41427.58790656992,0.07866456683036704,,,,
pit_depth_um,B,C,dummy,src_gkf,3,160,40,-0.011103849348984784,1.6786583431204782,3.452478676325064,,,,,
pit_depth_um,B,C,ridge,src_gkf,3,160,40,0.13668829466982013,1.4716721634850969,3.190192852752043,0.7206378986866794,,,,
pit_depth_um,B,C,extratrees,src_gkf,3,160,40,0.11835066431892016,1.4752321776788133,3.223896311144694,0.677110694183865,,,,
peak_to_valley_p98p2_um,B,C,dummy,src_gkf,3,160,40,-0.059569983261385406,3.0201137765148665,3.797834653504753,,,,,
peak_to_valley_p98p2_um,B,C,ridge,src_gkf,3,160,40,-0.0736036374502449,2.7458663482029495,3.8229024551602615,0.5975609756097562,,,,
peak_to_valley_p98p2_um,B,C,extratrees,src_gkf,3,160,40,-1.7363845242783524,3.8520627892011303,6.103230783816781,0.5671669793621014,,,,
deepest_negative_residual_um,B,C,dummy,src_gkf,3,160,40,-0.011103849348984784,1.6786583431204782,3.452478676325064,,,,,
deepest_negative_residual_um,B,C,ridge,src_gkf,3,160,40,0.13668829466982013,1.4716721634850969,3.190192852752043,0.7206378986866794,,,,
deepest_negative_residual_um,B,C,extratrees,src_gkf,3,160,40,0.11835066431892016,1.4752321776788135,3.223896311144694,0.677110694183865,,,,
rms_DCT_8_16_um,C,C,dummy,src_gkf,3,160,40,-0.03674094425666374,0.2597354795483257,0.36944432613446054,,,,,
rms_DCT_8_16_um,C,C,ridge,src_gkf,3,160,40,0.16948247579184872,0.25489773270574095,0.33066503633111693,0.5106941838649157,,,,
rms_DCT_8_16_um,C,C,extratrees,src_gkf,3,160,40,0.19217405429165713,0.24049526553818276,0.3261165015151038,0.678236397748593,,,,
E_DCT_8_16_frac,C,C,dummy,src_gkf,3,160,40,-0.14692825739518178,0.1794429376539916,0.23488267491515316,,,,,
E_DCT_8_16_frac,C,C,ridge,src_gkf,3,160,40,0.46775917270179945,0.12799491213004655,0.1600062513055941,0.7315196998123827,,,,
E_DCT_8_16_frac,C,C,extratrees,src_gkf,3,160,40,0.6388511185514935,0.11190923058325167,0.13180321224368025,0.7427767354596624,,,,
rms_DCT_16_32_um,C,C,dummy,src_gkf,3,160,40,-0.0010085608819605518,0.3534547329339778,0.45412887008338465,,,,,
rms_DCT_16_32_um,C,C,ridge,src_gkf,3,160,40,0.025338979615596613,0.31456020019206166,0.4481124549100179,0.6065666041275798,,,,
rms_DCT_16_32_um,C,C,extratrees,src_gkf,3,160,40,-0.24180390594024792,0.32775950531319736,0.5058092029565554,0.7075046904315199,,,,
E_DCT_16_32_frac,C,C,dummy,src_gkf,3,160,40,-0.02248408304980809,0.10169807855150151,0.13405207828666454,,,,,
E_DCT_16_32_frac,C,C,ridge,src_gkf,3,160,40,0.22306461652857823,0.08992874521319065,0.11685242343836513,0.5435272045028143,,,,
E_DCT_16_32_frac,C,C,extratrees,src_gkf,3,160,40,0.34864882083700743,0.0822322960751485,0.10699238664393927,0.602439024390244,,,,
rms_DCT_32_64_um,C,C,dummy,src_gkf,3,160,40,-0.08013871782140591,0.3740163098344561,0.463097648415464,,,,,
rms_DCT_32_64_um,C,C,ridge,src_gkf,3,160,40,-0.07977682740587588,0.3554862275425069,0.4630200636398143,0.5827392120075048,,,,
rms_DCT_32_64_um,C,C,extratrees,src_gkf,3,160,40,-1.1253989796512922,0.41798066175983184,0.6496105099572168,0.6165103189493434,,,,
E_DCT_32_64_frac,C,C,dummy,src_gkf,3,160,40,-0.0034579634641931367,0.07896318165081569,0.0998211185903281,,,,,
E_DCT_32_64_frac,C,C,ridge,src_gkf,3,160,40,0.45776642653075306,0.055514050688419934,0.07337802906837347,0.7050656660412759,,,,
E_DCT_32_64_frac,C,C,extratrees,src_gkf,3,160,40,0.1732966730461032,0.06842187544273848,0.09060406500511789,0.5718574108818012,,,,
rms_DCT_64_inf_um,C,C,dummy,src_gkf,3,160,40,-0.048556933275907266,0.6461343375820782,1.1730354458549548,,,,,
rms_DCT_64_inf_um,C,C,ridge,src_gkf,3,160,40,-0.14581317182476994,0.6890592865052845,1.226230269748511,0.47729831144465296,,,,
rms_DCT_64_inf_um,C,C,extratrees,src_gkf,3,160,40,-1.1071038779769045,0.8984986828573824,1.6628692431150676,0.5118198874296436,,,,
E_DCT_64_inf_frac,C,C,dummy,src_gkf,3,160,40,-0.0894498196611877,0.21516297811952612,0.2543508118726591,,,,,
E_DCT_64_inf_frac,C,C,ridge,src_gkf,3,160,40,0.19507314068043902,0.17046192485503633,0.2186289768102188,0.6125703564727956,,,,
E_DCT_64_inf_frac,C,C,extratrees,src_gkf,3,160,40,0.21167477370903454,0.16907843069616318,0.21636261642099158,0.5936210131332084,,,,
DCT_8_16_PC1,D,C,dummy,src_gkf,3,160,40,-0.004129177166357856,28.49224847330604,55.880517514511624,,8_16,1.0,14.87697065484431,stable
DCT_8_16_PC1,D,C,ridge,src_gkf,3,160,40,0.00485576228722695,28.377434165331614,55.629946527232455,0.12682926829268296,8_16,1.0,14.87697065484431,stable
DCT_8_16_PC1,D,C,extratrees,src_gkf,3,160,40,-0.08438821865812463,32.412598118684414,58.070828402390205,0.1951219512195122,8_16,1.0,14.87697065484431,stable
DCT_8_16_PC2,D,C,dummy,src_gkf,3,160,40,-0.0016457184134763825,6.999233213320932,10.054140328985424,,8_16,2.0,22.866407223033583,stable
DCT_8_16_PC2,D,C,ridge,src_gkf,3,160,40,-0.07107963057663191,8.097349667000554,10.39677757946763,-0.010694183864915574,8_16,2.0,22.866407223033583,stable
DCT_8_16_PC2,D,C,extratrees,src_gkf,3,160,40,-1.3838342370091183,9.623043297503113,15.510503622930852,0.00375234521575985,8_16,2.0,22.866407223033583,stable
DCT_8_16_PC3,D,C,dummy,src_gkf,3,160,40,-0.0003448613175682791,6.585389283875133,9.299877556671014,,8_16,3.0,66.83265660856154,unstable_pc
DCT_8_16_PC3,D,C,ridge,src_gkf,3,160,40,-0.31504462119136645,8.191117969564681,10.662832879186519,-0.14315196998123828,8_16,3.0,66.83265660856154,unstable_pc
DCT_8_16_PC3,D,C,extratrees,src_gkf,3,160,40,-1.6825630970947119,9.164660133463592,15.2292084379846,0.13189493433395877,8_16,3.0,66.83265660856154,unstable_pc
DCT_16_32_PC1,D,C,dummy,src_gkf,3,160,40,-0.011603335521881641,12.965921093162496,19.805971286723203,,16_32,1.0,48.58838396592115,unstable_pc
DCT_16_32_PC1,D,C,ridge,src_gkf,3,160,40,-0.03063887533385712,13.093937864520168,19.991449246643047,0.16472795497185744,16_32,1.0,48.58838396592115,unstable_pc
DCT_16_32_PC1,D,C,extratrees,src_gkf,3,160,40,-0.4625762069239636,16.165647335122408,23.814982724856897,0.13564727954971859,16_32,1.0,48.58838396592115,unstable_pc
DCT_16_32_PC2,D,C,dummy,src_gkf,3,160,40,-0.020399344354583793,7.224136496570996,11.855811794632364,,16_32,2.0,70.43889056442669,unstable_pc
DCT_16_32_PC2,D,C,ridge,src_gkf,3,160,40,-0.6156380806242403,10.581053740114523,14.9182627344331,-0.004127579737335836,16_32,2.0,70.43889056442669,unstable_pc
DCT_16_32_PC2,D,C,extratrees,src_gkf,3,160,40,-3.0877120948319057,13.333557503793823,23.72937835558404,-0.050844277673545976,16_32,2.0,70.43889056442669,unstable_pc
DCT_16_32_PC3,D,C,dummy,src_gkf,3,160,40,-0.04202820520564421,11.460419577988912,19.567119514102068,,16_32,3.0,73.4751932583392,unstable_pc
DCT_16_32_PC3,D,C,ridge,src_gkf,3,160,40,-0.01036583233561994,12.615974072057845,19.267549616790312,-0.01482176360225141,16_32,3.0,73.4751932583392,unstable_pc
DCT_16_32_PC3,D,C,extratrees,src_gkf,3,160,40,-0.17624090445501484,12.851433685513673,20.789081389435445,0.3585365853658537,16_32,3.0,73.4751932583392,unstable_pc
DCT_32_64_PC1,D,C,dummy,src_gkf,3,160,40,-0.264776765257132,28.35663412670515,47.13685850434038,,32_64,1.0,16.260222657964214,stable
DCT_32_64_PC1,D,C,ridge,src_gkf,3,160,40,-0.9689911751336433,32.42974870330016,58.8133043700114,-0.25196998123827397,32_64,1.0,16.260222657964214,stable
DCT_32_64_PC1,D,C,extratrees,src_gkf,3,160,40,-4.402016089720021,43.148628306288984,97.41630042655076,-0.2482176360225141,32_64,1.0,16.260222657964214,stable
DCT_32_64_PC2,D,C,dummy,src_gkf,3,160,40,-0.14957763405130153,17.138972877623008,23.284925393183332,,32_64,2.0,52.17172539803012,unstable_pc
DCT_32_64_PC2,D,C,ridge,src_gkf,3,160,40,-0.4484822108562849,17.193021970727095,26.13739377874803,0.04183864915572233,32_64,2.0,52.17172539803012,unstable_pc
DCT_32_64_PC2,D,C,extratrees,src_gkf,3,160,40,-3.2927641274136787,22.731180537222173,44.9960313819793,0.11407129455909945,32_64,2.0,52.17172539803012,unstable_pc
DCT_32_64_PC3,D,C,dummy,src_gkf,3,160,40,-0.09197335612909718,12.252542920399167,17.315952374318726,,32_64,3.0,63.02590299520877,unstable_pc
DCT_32_64_PC3,D,C,ridge,src_gkf,3,160,40,-0.3290570466060809,13.63207155069504,19.10346613999833,-0.03696060037523453,32_64,3.0,63.02590299520877,unstable_pc
DCT_32_64_PC3,D,C,extratrees,src_gkf,3,160,40,-1.6993647679449606,18.8715735493062,27.225204420557816,-0.018386491557223265,32_64,3.0,63.02590299520877,unstable_pc
DCT_64_inf_PC1,D,C,dummy,src_gkf,3,160,40,-0.016622753135641544,33.98999986857931,59.050684072431785,,64_inf,1.0,23.40876819906802,stable
DCT_64_inf_PC1,D,C,ridge,src_gkf,3,160,40,0.005790820636303762,37.037674847983645,58.39610820518004,0.3606003752345216,64_inf,1.0,23.40876819906802,stable
DCT_64_inf_PC1,D,C,extratrees,src_gkf,3,160,40,-1.6355121493313565,57.67903927018362,95.07745137805824,0.45046904315197006,64_inf,1.0,23.40876819906802,stable
DCT_64_inf_PC2,D,C,dummy,src_gkf,3,160,40,-0.08111490837450952,45.14344166816951,110.67090250521443,,64_inf,2.0,43.12221873363599,unstable_pc
DCT_64_inf_PC2,D,C,ridge,src_gkf,3,160,40,-0.30863186583774893,60.11743914677502,121.76045691290015,0.05459662288930583,64_inf,2.0,43.12221873363599,unstable_pc
DCT_64_inf_PC2,D,C,extratrees,src_gkf,3,160,40,-0.5226641834658536,62.41017634817424,131.34077953405478,0.14878048780487807,64_inf,2.0,43.12221873363599,unstable_pc
DCT_64_inf_PC3,D,C,dummy,src_gkf,3,160,40,-0.11167919757695599,39.743818745012994,92.30757325698787,,64_inf,3.0,58.62639595678573,unstable_pc
DCT_64_inf_PC3,D,C,ridge,src_gkf,3,160,40,-0.16085617788358264,43.1364766459801,94.32716949645913,0.3065666041275798,64_inf,3.0,58.62639595678573,unstable_pc
DCT_64_inf_PC3,D,C,extratrees,src_gkf,3,160,40,-0.41804395690515395,46.59316536202838,104.2539313351583,0.16866791744840529,64_inf,3.0,58.62639595678573,unstable_pc
median_depth_um,A,A,dummy,src_gkf,4,160,40,-0.0010077036034459308,17.534733593749998,18.741569916678383,,,,,
median_depth_um,A,A,ridge,src_gkf,4,160,40,0.5070723771205116,11.655304077691707,13.151607389789396,0.7470919324577863,,,,
median_depth_um,A,A,extratrees,src_gkf,4,160,40,0.8719453838390361,4.318424556062761,6.703241665829093,0.9247654784240151,,,,
Sq_um,B,A,dummy,src_gkf,4,160,40,-0.014183565903596485,1.0597952497756764,1.9684923647115558,,,,,
Sq_um,B,A,ridge,src_gkf,4,160,40,0.14761011066079643,0.9982504923283994,1.804656686699686,0.4803001876172608,,,,
Sq_um,B,A,extratrees,src_gkf,4,160,40,0.03381032400265582,0.9512844149363904,1.9213507157659815,0.5559099437148218,,,,
Sa_um,B,A,dummy,src_gkf,4,160,40,-0.02261084303294858,0.5541976171466347,0.9964896849534263,,,,,
Sa_um,B,A,ridge,src_gkf,4,160,40,0.15170066895572276,0.5139128311696923,0.9075951639019967,0.5176360225140713,,,,
Sa_um,B,A,extratrees,src_gkf,4,160,40,0.058578150409008045,0.4975287164905848,0.9561141546172495,0.5979362101313322,,,,
Ssk_skewness,B,A,dummy,src_gkf,4,160,40,-0.1171141756813634,1.4651913873855622,1.8177351276879612,,,,,
Ssk_skewness,B,A,ridge,src_gkf,4,160,40,-0.0904819100526828,1.2815670780916797,1.795936807468131,0.23245778611632273,,,,
Ssk_skewness,B,A,extratrees,src_gkf,4,160,40,-0.058859862047479616,1.3147053571699274,1.7697057483373098,0.13414634146341467,,,,
kurtosis_excess_fisher,B,A,dummy,src_gkf,4,160,40,-0.024965237243920413,10.0108023165519,12.910301347765607,,,,,
kurtosis_excess_fisher,B,A,ridge,src_gkf,4,160,40,0.0628637116510391,8.792122208184892,12.3447752942408,0.4375234521575986,,,,
kurtosis_excess_fisher,B,A,extratrees,src_gkf,4,160,40,0.0198046532142786,8.754219827963533,12.625196019705337,0.3660412757973734,,,,
grad_rms_um_per_um,B,A,dummy,src_gkf,4,160,40,-0.09545685935536818,0.26890629204402927,0.3630083303140965,,,,,
grad_rms_um_per_um,B,A,ridge,src_gkf,4,160,40,0.12584612823030683,0.24472706392674218,0.32427457179843466,0.5315196998123828,,,,
grad_rms_um_per_um,B,A,extratrees,src_gkf,4,160,40,-0.29945374784344825,0.27208559564620477,0.39536604180995466,0.3801125703564729,,,,
lap_rms_um_per_px2,B,A,dummy,src_gkf,4,160,40,-0.0844273263756048,0.14169987401635,0.18775551090937506,,,,,
lap_rms_um_per_px2,B,A,ridge,src_gkf,4,160,40,0.12564663017607824,0.12898772383703322,0.16859161104805545,0.33001876172607886,,,,
lap_rms_um_per_px2,B,A,extratrees,src_gkf,4,160,40,-0.2682368098359942,0.13617107369073134,0.20304516098899417,0.15290806754221392,,,,
acf_e_fold_lag_um,B,A,dummy,src_gkf,4,160,40,-0.013968246350625213,6.4684375,7.281964993060338,,,,,
acf_e_fold_lag_um,B,A,ridge,src_gkf,4,160,40,0.03376369168270832,6.242003800151766,7.108501933887246,0.3602110807399962,,,,
acf_e_fold_lag_um,B,A,extratrees,src_gkf,4,160,40,0.2794222430717028,4.953384002976189,6.138706016233541,0.5223201635149748,,,,
aniso_gradx_over_y,B,A,dummy,src_gkf,4,160,40,-0.02050578223069266,0.5267536168833976,0.7946103140546431,,,,,
aniso_gradx_over_y,B,A,ridge,src_gkf,4,160,40,0.04439985817656178,0.4984585169503798,0.7689260347950071,0.5596622889305818,,,,
aniso_gradx_over_y,B,A,extratrees,src_gkf,4,160,40,0.2729492838967891,0.4095636834098479,0.670700787517225,0.6442443034262758,,,,
pit_density_per_Mpx,B,A,dummy,src_gkf,4,160,40,-0.0023313076351290096,8730.38330078125,21438.74316739813,,,,,
pit_density_per_Mpx,B,A,ridge,src_gkf,4,160,40,-0.0258018298580025,8620.179253226917,21688.294830644954,0.1912992609105724,,,,
pit_density_per_Mpx,B,A,extratrees,src_gkf,4,160,40,-0.23034861633749104,10010.178546626985,23752.414654014137,0.025763527185199038,,,,
pit_depth_um,B,A,dummy,src_gkf,4,160,40,-0.0027776331362243667,1.5820704910700443,2.3542485795315,,,,,
pit_depth_um,B,A,ridge,src_gkf,4,160,40,-0.061523604032379886,1.602008433885165,2.42222691519941,0.2200750469043152,,,,
pit_depth_um,B,A,extratrees,src_gkf,4,160,40,-0.3518193428041192,1.6455961070391936,2.7334386189179036,0.42589118198874304,,,,
peak_to_valley_p98p2_um,B,A,dummy,src_gkf,4,160,40,-0.07249791129300864,3.7279255054065956,5.014128261652352,,,,,
peak_to_valley_p98p2_um,B,A,ridge,src_gkf,4,160,40,0.13005859435303402,3.3452556142792043,4.515878123641363,0.525515947467167,,,,
peak_to_valley_p98p2_um,B,A,extratrees,src_gkf,4,160,40,-0.12432888697337185,3.283712707588342,5.133858518569783,0.6007504690431521,,,,
deepest_negative_residual_um,B,A,dummy,src_gkf,4,160,40,-0.0027776331362243667,1.5820704910700443,2.3542485795315,,,,,
deepest_negative_residual_um,B,A,ridge,src_gkf,4,160,40,-0.061523604032379886,1.602008433885165,2.42222691519941,0.2200750469043152,,,,
deepest_negative_residual_um,B,A,extratrees,src_gkf,4,160,40,-0.351819342804119,1.6455961070391936,2.733438618917903,0.42589118198874304,,,,
rms_DCT_8_16_um,C,A,dummy,src_gkf,4,160,40,-0.08856035453684918,0.2677017740082056,0.3329127329643957,,,,,
rms_DCT_8_16_um,C,A,ridge,src_gkf,4,160,40,0.18683228340322522,0.2309844403270649,0.28773600776284525,0.6583489681050658,,,,
rms_DCT_8_16_um,C,A,extratrees,src_gkf,4,160,40,-0.21360798194117114,0.24845933968823902,0.3515145947489867,0.6046904315196998,,,,
E_DCT_8_16_frac,C,A,dummy,src_gkf,4,160,40,-0.014324596722004479,0.1475826811822143,0.20105397699686672,,,,,
E_DCT_8_16_frac,C,A,ridge,src_gkf,4,160,40,0.39704304871503726,0.11957295171392604,0.15501272214418949,0.6305816135084429,,,,
E_DCT_8_16_frac,C,A,extratrees,src_gkf,4,160,40,0.6983089133437501,0.09460212773157507,0.10964919039101913,0.6981238273921202,,,,
rms_DCT_16_32_um,C,A,dummy,src_gkf,4,160,40,-0.08579142139155826,0.35132369276932673,0.4797743727948066,,,,,
rms_DCT_16_32_um,C,A,ridge,src_gkf,4,160,40,0.26748782292589457,0.2902472264611635,0.3940680888584012,0.677485928705441,,,,
rms_DCT_16_32_um,C,A,extratrees,src_gkf,4,160,40,-0.005366792604497572,0.29222785273723495,0.46166410776622674,0.7296435272045029,,,,
E_DCT_16_32_frac,C,A,dummy,src_gkf,4,160,40,-0.0018569921133479994,0.08841515023052646,0.11075606012886552,,,,,
E_DCT_16_32_frac,C,A,ridge,src_gkf,4,160,40,0.1655934726868007,0.08240061461845284,0.10107726406478856,0.4221388367729832,,,,
E_DCT_16_32_frac,C,A,extratrees,src_gkf,4,160,40,0.38440588406911,0.06554056946478541,0.08681841675369474,0.6517823639774861,,,,
rms_DCT_32_64_um,C,A,dummy,src_gkf,4,160,40,-0.0659504545087497,0.44306195409561405,0.6365549508193301,,,,,
rms_DCT_32_64_um,C,A,ridge,src_gkf,4,160,40,0.16603458482683398,0.4091380916001908,0.5630428023002452,0.5684803001876173,,,,
rms_DCT_32_64_um,C,A,extratrees,src_gkf,4,160,40,0.01194705815813435,0.3669990177552592,0.6128546681012753,0.7202626641651032,,,,
E_DCT_32_64_frac,C,A,dummy,src_gkf,4,160,40,-0.026030497966534893,0.06314814346468087,0.08605300088014374,,,,,
E_DCT_32_64_frac,C,A,ridge,src_gkf,4,160,40,-0.0297056601704615,0.058831450288694596,0.0862069807274591,0.5439024390243903,,,,
E_DCT_32_64_frac,C,A,extratrees,src_gkf,4,160,40,-0.06900204154853595,0.06134165208629252,0.08783652627473962,0.5694183864915573,,,,
rms_DCT_64_inf_um,C,A,dummy,src_gkf,4,160,40,-0.002403383280332294,0.8532552026905641,1.8248830413499122,,,,,
rms_DCT_64_inf_um,C,A,ridge,src_gkf,4,160,40,0.18526661796307975,0.7918567445702831,1.6452107133375045,0.48818011257035654,,,,
rms_DCT_64_inf_um,C,A,extratrees,src_gkf,4,160,40,0.047247094334982864,0.730769768961558,1.7791145619406494,0.6028142589118201,,,,
E_DCT_64_inf_frac,C,A,dummy,src_gkf,4,160,40,-0.0036987601963194283,0.18158231633595304,0.22629860156132614,,,,,
E_DCT_64_inf_frac,C,A,ridge,src_gkf,4,160,40,0.24137448770351466,0.15065588837150487,0.19674055773707283,0.5461538461538462,,,,
E_DCT_64_inf_frac,C,A,extratrees,src_gkf,4,160,40,0.3364123761667097,0.1442206708658528,0.18400486901554208,0.4799249530956849,,,,
DCT_8_16_PC1,D,A,dummy,src_gkf,4,160,40,-0.007869194888860953,20.427964072800993,39.30430434002024,,8_16,1.0,12.252212826473862,stable
DCT_8_16_PC1,D,A,ridge,src_gkf,4,160,40,0.023124430205196056,20.127261229854433,38.69524962063827,0.09681050656660414,8_16,1.0,12.252212826473862,stable
DCT_8_16_PC1,D,A,extratrees,src_gkf,4,160,40,-0.2812645434144587,22.001365112376533,44.3156814880001,-0.2309568480300188,8_16,1.0,12.252212826473862,stable
DCT_8_16_PC2,D,A,dummy,src_gkf,4,160,40,-0.18877929127238846,5.0124928352883575,6.485960889649349,,8_16,2.0,23.566687925665384,stable
DCT_8_16_PC2,D,A,ridge,src_gkf,4,160,40,-0.4278881935612513,5.689912625196422,7.108382865939009,-0.01857410881801126,8_16,2.0,23.566687925665384,stable
DCT_8_16_PC2,D,A,extratrees,src_gkf,4,160,40,-0.6309414123959749,5.370784125930736,7.597013361262474,0.13489681050656663,8_16,2.0,23.566687925665384,stable
DCT_8_16_PC3,D,A,dummy,src_gkf,4,160,40,-0.21698356149114573,11.212033829280433,16.90362357556962,,8_16,3.0,77.0556834188418,unstable_pc
DCT_8_16_PC3,D,A,ridge,src_gkf,4,160,40,-0.32119192599373037,10.83273785621519,17.612475922335015,0.08949343339587243,8_16,3.0,77.0556834188418,unstable_pc
DCT_8_16_PC3,D,A,extratrees,src_gkf,4,160,40,-1.5911721346692551,14.507015604726513,24.665253835044197,0.015384615384615387,8_16,3.0,77.0556834188418,unstable_pc
DCT_16_32_PC1,D,A,dummy,src_gkf,4,160,40,-0.11341703483052301,10.5402391389912,21.784972425858093,,16_32,1.0,34.692636343745455,stable
DCT_16_32_PC1,D,A,ridge,src_gkf,4,160,40,-0.8600793257978674,15.965573393803703,28.15748209735762,-0.17166979362101317,16_32,1.0,34.692636343745455,stable
DCT_16_32_PC1,D,A,extratrees,src_gkf,4,160,40,-0.9570728351922513,14.705184137963176,28.88228693353189,-0.38255159474671674,16_32,1.0,34.692636343745455,stable
DCT_16_32_PC2,D,A,dummy,src_gkf,4,160,40,-0.019142911703936782,6.36154391608755,10.044147716981279,,16_32,2.0,60.317807605125026,unstable_pc
DCT_16_32_PC2,D,A,ridge,src_gkf,4,160,40,-1.4286494082823884,10.762010005622459,15.5052209757713,0.05797373358348969,16_32,2.0,60.317807605125026,unstable_pc
DCT_16_32_PC2,D,A,extratrees,src_gkf,4,160,40,-2.865872313981703,10.952516494122232,19.562272299996167,0.25046904315197,16_32,2.0,60.317807605125026,unstable_pc
DCT_16_32_PC3,D,A,dummy,src_gkf,4,160,40,-0.001233798539502562,8.720881711484601,18.627355994274318,,16_32,3.0,70.18815924490892,unstable_pc
DCT_16_32_PC3,D,A,ridge,src_gkf,4,160,40,0.11761242330128507,9.567706573433837,17.486913278456335,-0.07054409005628519,16_32,3.0,70.18815924490892,unstable_pc
DCT_16_32_PC3,D,A,extratrees,src_gkf,4,160,40,-0.3191610848217261,12.530255105467353,21.381214939441644,0.2602251407129456,16_32,3.0,70.18815924490892,unstable_pc
DCT_32_64_PC1,D,A,dummy,src_gkf,4,160,40,-0.011671006492861569,20.578896440656564,41.05298561695373,,32_64,1.0,10.85524191679361,stable
DCT_32_64_PC1,D,A,ridge,src_gkf,4,160,40,0.118175590253362,21.61352704015259,38.327999606681836,-0.1178236397748593,32_64,1.0,10.85524191679361,stable
DCT_32_64_PC1,D,A,extratrees,src_gkf,4,160,40,-0.45936510472583514,22.031524175765817,49.30682908051788,-0.043151969981238276,32_64,1.0,10.85524191679361,stable
DCT_32_64_PC2,D,A,dummy,src_gkf,4,160,40,-0.003404612287686737,19.60105283705593,53.62452588975895,,32_64,2.0,47.5299097366358,unstable_pc
DCT_32_64_PC2,D,A,ridge,src_gkf,4,160,40,0.07138533526129054,18.92779180139159,51.58734629268479,0.18105065666041278,32_64,2.0,47.5299097366358,unstable_pc
DCT_32_64_PC2,D,A,extratrees,src_gkf,4,160,40,-0.2182140581197105,26.347067806923224,59.08635812910399,0.16641651031894938,32_64,2.0,47.5299097366358,unstable_pc
DCT_32_64_PC3,D,A,dummy,src_gkf,4,160,40,-0.011150115701895391,14.504547474371899,32.92213878759685,,32_64,3.0,59.98735270455707,unstable_pc
DCT_32_64_PC3,D,A,ridge,src_gkf,4,160,40,-0.03625081128970464,16.640457398968596,33.32826188941441,-0.100375234521576,32_64,3.0,59.98735270455707,unstable_pc
DCT_32_64_PC3,D,A,extratrees,src_gkf,4,160,40,-0.3137968486604932,20.409663964097277,37.52704183335426,-0.05365853658536587,32_64,3.0,59.98735270455707,unstable_pc
DCT_64_inf_PC1,D,A,dummy,src_gkf,4,160,40,-0.017987931844149818,40.667450412010226,111.68929743367148,,64_inf,1.0,27.426870766457725,stable
DCT_64_inf_PC1,D,A,ridge,src_gkf,4,160,40,-0.0805751214148136,46.99041537980122,115.07148732875368,-0.1405253283302064,64_inf,1.0,27.426870766457725,stable
DCT_64_inf_PC1,D,A,extratrees,src_gkf,4,160,40,-0.09306521990797001,51.22914409531161,115.73461791415883,0.025140712945590997,64_inf,1.0,27.426870766457725,stable
DCT_64_inf_PC2,D,A,dummy,src_gkf,4,160,40,-0.014931173055594549,40.844347606208,155.277443286687,,64_inf,2.0,39.999828358211836,stable
DCT_64_inf_PC2,D,A,ridge,src_gkf,4,160,40,0.06740362404361844,44.75993053887191,148.8459209105825,0.14896810506566605,64_inf,2.0,39.999828358211836,stable
DCT_64_inf_PC2,D,A,extratrees,src_gkf,4,160,40,-0.01770161141310167,55.676043610600004,155.48922780385547,0.06510318949343341,64_inf,2.0,39.999828358211836,stable
DCT_64_inf_PC3,D,A,dummy,src_gkf,4,160,40,-0.0021082799954890152,42.034989961081756,126.10595223568461,,64_inf,3.0,43.17489913289228,unstable_pc
DCT_64_inf_PC3,D,A,ridge,src_gkf,4,160,40,0.008055317165306941,41.39148663481015,125.46482567131817,0.22851782363977488,64_inf,3.0,43.17489913289228,unstable_pc
DCT_64_inf_PC3,D,A,extratrees,src_gkf,4,160,40,-0.1848757920021864,47.23224895753684,137.12437903465067,0.2568480300187618,64_inf,3.0,43.17489913289228,unstable_pc
median_depth_um,A,R,dummy,src_gkf,4,160,40,-0.0010077036034459308,17.534733593749998,18.741569916678383,,,,,
median_depth_um,A,R,ridge,src_gkf,4,160,40,0.6654358766345942,8.732375109874207,10.834950749165383,0.8425891181988744,,,,
median_depth_um,A,R,extratrees,src_gkf,4,160,40,0.852790495524608,4.209579512825398,7.187124746675158,0.9191369606003754,,,,
Sq_um,B,R,dummy,src_gkf,4,160,40,-0.014183565903596485,1.0597952497756764,1.9684923647115558,,,,,
Sq_um,B,R,ridge,src_gkf,4,160,40,0.09728178315759461,1.0348869358074362,1.857169546123407,0.49868667917448406,,,,
Sq_um,B,R,extratrees,src_gkf,4,160,40,-0.037770111446747245,1.0333526496658543,1.9912511033598228,0.4923076923076924,,,,
Sa_um,B,R,dummy,src_gkf,4,160,40,-0.02261084303294858,0.5541976171466347,0.9964896849534263,,,,,
Sa_um,B,R,ridge,src_gkf,4,160,40,0.1103597428645956,0.5400160350444679,0.9294474159009658,0.5298311444652909,,,,
Sa_um,B,R,extratrees,src_gkf,4,160,40,-0.04883427314891198,0.5448147167776376,1.0091856025947918,0.5242026266416511,,,,
Ssk_skewness,B,R,dummy,src_gkf,4,160,40,-0.1171141756813634,1.4651913873855622,1.8177351276879612,,,,,
Ssk_skewness,B,R,ridge,src_gkf,4,160,40,0.000521911672626385,1.2268038185243548,1.7193664865877025,0.36791744840525337,,,,
Ssk_skewness,B,R,extratrees,src_gkf,4,160,40,-0.18774401280735864,1.1434404033071233,1.874317860187754,0.42157598499061916,,,,
kurtosis_excess_fisher,B,R,dummy,src_gkf,4,160,40,-0.024965237243920413,10.0108023165519,12.910301347765607,,,,,
kurtosis_excess_fisher,B,R,ridge,src_gkf,4,160,40,0.004574242962550268,8.614344580201244,12.72290394991327,0.4673545966228894,,,,
kurtosis_excess_fisher,B,R,extratrees,src_gkf,4,160,40,0.19746894749588206,6.915184263121918,11.423856373939397,0.5332082551594748,,,,
grad_rms_um_per_um,B,R,dummy,src_gkf,4,160,40,-0.09545685935536818,0.26890629204402927,0.3630083303140965,,,,,
grad_rms_um_per_um,B,R,ridge,src_gkf,4,160,40,0.07449148833653552,0.2516596388869745,0.3336638528945163,0.4643527204502815,,,,
grad_rms_um_per_um,B,R,extratrees,src_gkf,4,160,40,-0.16189431663385978,0.2719182720958559,0.3738542012566135,0.4395872420262665,,,,
lap_rms_um_per_px2,B,R,dummy,src_gkf,4,160,40,-0.0844273263756048,0.14169987401635,0.18775551090937506,,,,,
lap_rms_um_per_px2,B,R,ridge,src_gkf,4,160,40,0.04590415406316872,0.12810923311536224,0.17611180536324897,0.2786116322701689,,,,
lap_rms_um_per_px2,B,R,extratrees,src_gkf,4,160,40,-0.04120276779566434,0.13202611283010215,0.1839755557995886,0.2988742964352721,,,,
acf_e_fold_lag_um,B,R,dummy,src_gkf,4,160,40,-0.013968246350625213,6.4684375,7.281964993060338,,,,,
acf_e_fold_lag_um,B,R,ridge,src_gkf,4,160,40,0.15577471941602727,5.6854411556549325,6.644550185873363,0.3665074914912562,,,,
acf_e_fold_lag_um,B,R,extratrees,src_gkf,4,160,40,0.12687812187121128,5.675082518981019,6.757310024214978,0.47223080634450315,,,,
aniso_gradx_over_y,B,R,dummy,src_gkf,4,160,40,-0.02050578223069266,0.5267536168833976,0.7946103140546431,,,,,
aniso_gradx_over_y,B,R,ridge,src_gkf,4,160,40,-0.007963265155149113,0.5228560674134483,0.7897121418545636,0.23489681050656663,,,,
aniso_gradx_over_y,B,R,extratrees,src_gkf,4,160,40,0.20196262410803634,0.4171126551523847,0.7026807868866639,0.5913696060037524,,,,
pit_density_per_Mpx,B,R,dummy,src_gkf,4,160,40,-0.0023313076351290096,8730.38330078125,21438.74316739813,,,,,
pit_density_per_Mpx,B,R,ridge,src_gkf,4,160,40,-0.03732372350527724,8926.884936464738,21809.75710308587,-0.014504662942848278,,,,
pit_density_per_Mpx,B,R,extratrees,src_gkf,4,160,40,-0.18501215067029442,9051.324266808495,23310.687129920494,-0.12334035061890562,,,,
pit_depth_um,B,R,dummy,src_gkf,4,160,40,-0.0027776331362243667,1.5820704910700443,2.3542485795315,,,,,
pit_depth_um,B,R,ridge,src_gkf,4,160,40,-0.07390875398537844,1.5630118075658355,2.4363164023601747,0.31238273921200754,,,,
pit_depth_um,B,R,extratrees,src_gkf,4,160,40,-0.16337878759856794,1.5217693536268366,2.5357741380664307,0.3532833020637899,,,,
peak_to_valley_p98p2_um,B,R,dummy,src_gkf,4,160,40,-0.07249791129300864,3.7279255054065956,5.014128261652352,,,,,
peak_to_valley_p98p2_um,B,R,ridge,src_gkf,4,160,40,0.04155812129463132,3.566360570074984,4.740019216971484,0.49493433395872427,,,,
peak_to_valley_p98p2_um,B,R,extratrees,src_gkf,4,160,40,-0.25134756093038013,3.4918009561436407,5.416093925309453,0.5549718574108818,,,,
deepest_negative_residual_um,B,R,dummy,src_gkf,4,160,40,-0.0027776331362243667,1.5820704910700443,2.3542485795315,,,,,
deepest_negative_residual_um,B,R,ridge,src_gkf,4,160,40,-0.07390875398537844,1.5630118075658355,2.4363164023601747,0.31238273921200754,,,,
deepest_negative_residual_um,B,R,extratrees,src_gkf,4,160,40,-0.16337878759856772,1.5217693536268366,2.5357741380664307,0.3532833020637899,,,,
rms_DCT_8_16_um,C,R,dummy,src_gkf,4,160,40,-0.08856035453684918,0.2677017740082056,0.3329127329643957,,,,,
rms_DCT_8_16_um,C,R,ridge,src_gkf,4,160,40,0.06870277376242451,0.2528412246654357,0.30792737809040005,0.5493433395872421,,,,
rms_DCT_8_16_um,C,R,extratrees,src_gkf,4,160,40,-0.2513026116722281,0.2813356288661796,0.35693186802428334,0.5414634146341465,,,,
E_DCT_8_16_frac,C,R,dummy,src_gkf,4,160,40,-0.014324596722004479,0.1475826811822143,0.20105397699686672,,,,,
E_DCT_8_16_frac,C,R,ridge,src_gkf,4,160,40,0.03939318353329302,0.14356224762323197,0.19565773502599484,0.2919324577861164,,,,
E_DCT_8_16_frac,C,R,extratrees,src_gkf,4,160,40,0.415425606117406,0.10686977285993438,0.15263146886475432,0.6799249530956849,,,,
rms_DCT_16_32_um,C,R,dummy,src_gkf,4,160,40,-0.08579142139155826,0.35132369276932673,0.4797743727948066,,,,,
rms_DCT_16_32_um,C,R,ridge,src_gkf,4,160,40,0.14942971668726623,0.3204511284478054,0.42463808837824923,0.7035647279549719,,,,
rms_DCT_16_32_um,C,R,extratrees,src_gkf,4,160,40,-0.022874215571564216,0.2955105469344378,0.4656664602590269,0.7283302063789869,,,,
E_DCT_16_32_frac,C,R,dummy,src_gkf,4,160,40,-0.0018569921133479994,0.08841515023052646,0.11075606012886552,,,,,
E_DCT_16_32_frac,C,R,ridge,src_gkf,4,160,40,0.3558714540721578,0.06791671724528109,0.08880775770703678,0.6223264540337712,,,,
E_DCT_16_32_frac,C,R,extratrees,src_gkf,4,160,40,0.04682239260286025,0.0787896103458055,0.10803178381112473,0.5093808630393997,,,,
rms_DCT_32_64_um,C,R,dummy,src_gkf,4,160,40,-0.0659504545087497,0.44306195409561405,0.6365549508193301,,,,,
rms_DCT_32_64_um,C,R,ridge,src_gkf,4,160,40,0.08639314190121616,0.40979349763319,0.5893144174832955,0.6388367729831145,,,,
rms_DCT_32_64_um,C,R,extratrees,src_gkf,4,160,40,-0.21904429030319594,0.42508006237061124,0.680733514967159,0.6960600375234524,,,,
E_DCT_32_64_frac,C,R,dummy,src_gkf,4,160,40,-0.026030497966534893,0.06314814346468087,0.08605300088014374,,,,,
E_DCT_32_64_frac,C,R,ridge,src_gkf,4,160,40,0.1648700429272406,0.05313738735930629,0.0776359579497348,0.5722326454033773,,,,
E_DCT_32_64_frac,C,R,extratrees,src_gkf,4,160,40,-0.08279590537403192,0.060182610757257705,0.08840140901818194,0.553095684803002,,,,
rms_DCT_64_inf_um,C,R,dummy,src_gkf,4,160,40,-0.002403383280332294,0.8532552026905641,1.8248830413499122,,,,,
rms_DCT_64_inf_um,C,R,ridge,src_gkf,4,160,40,0.08433501302076818,0.8428263157599893,1.7441429523012493,0.4870544090056285,,,,
rms_DCT_64_inf_um,C,R,extratrees,src_gkf,4,160,40,0.020464254803983506,0.809979974846225,1.8039475982494908,0.501500938086304,,,,
E_DCT_64_inf_frac,C,R,dummy,src_gkf,4,160,40,-0.0036987601963194283,0.18158231633595304,0.22629860156132614,,,,,
E_DCT_64_inf_frac,C,R,ridge,src_gkf,4,160,40,0.08616687720927707,0.18134834490034552,0.21593031786054176,0.33208255159474676,,,,
E_DCT_64_inf_frac,C,R,extratrees,src_gkf,4,160,40,0.13643176654861489,0.1625391649017413,0.20990776549282647,0.3041275797373359,,,,
DCT_8_16_PC1,D,R,dummy,src_gkf,4,160,40,-0.007869194888860953,20.427964072800993,39.30430434002024,,8_16,1.0,12.252212826473862,stable
DCT_8_16_PC1,D,R,ridge,src_gkf,4,160,40,-0.0014222950384128463,20.309067219523133,39.1783964225872,-0.0028142589118198874,8_16,1.0,12.252212826473862,stable
DCT_8_16_PC1,D,R,extratrees,src_gkf,4,160,40,-0.2346381192939464,27.129059010076315,43.50186427642439,-0.03470919324577862,8_16,1.0,12.252212826473862,stable
DCT_8_16_PC2,D,R,dummy,src_gkf,4,160,40,-0.18877929127238846,5.0124928352883575,6.485960889649349,,8_16,2.0,23.566687925665384,stable
DCT_8_16_PC2,D,R,ridge,src_gkf,4,160,40,-0.42319089001080945,5.49568845766837,7.096681061018319,-0.24165103189493436,8_16,2.0,23.566687925665384,stable
DCT_8_16_PC2,D,R,extratrees,src_gkf,4,160,40,-2.970784681214126,6.775094929407227,11.853916915422587,-0.09737335834896811,8_16,2.0,23.566687925665384,stable
DCT_8_16_PC3,D,R,dummy,src_gkf,4,160,40,-0.21698356149114573,11.212033829280433,16.90362357556962,,8_16,3.0,77.0556834188418,unstable_pc
DCT_8_16_PC3,D,R,ridge,src_gkf,4,160,40,-0.17762486997024185,11.018512621801477,16.628035434973352,0.07729831144465292,8_16,3.0,77.0556834188418,unstable_pc
DCT_8_16_PC3,D,R,extratrees,src_gkf,4,160,40,-0.3382221365305782,12.507114100589744,17.725625183334433,0.29305816135084434,8_16,3.0,77.0556834188418,unstable_pc
DCT_16_32_PC1,D,R,dummy,src_gkf,4,160,40,-0.11341703483052301,10.5402391389912,21.784972425858093,,16_32,1.0,34.692636343745455,stable
DCT_16_32_PC1,D,R,ridge,src_gkf,4,160,40,-0.4190891842048945,12.60212647531153,24.594212934773108,-0.13151969981238276,16_32,1.0,34.692636343745455,stable
DCT_16_32_PC1,D,R,extratrees,src_gkf,4,160,40,-1.5647915996283484,17.532476100317467,33.06390352554485,-0.12720450281425894,16_32,1.0,34.692636343745455,stable
DCT_16_32_PC2,D,R,dummy,src_gkf,4,160,40,-0.019142911703936782,6.36154391608755,10.044147716981279,,16_32,2.0,60.317807605125026,unstable_pc
DCT_16_32_PC2,D,R,ridge,src_gkf,4,160,40,-0.6681754880569788,8.22324635747383,12.850393147387555,-0.03489681050656661,16_32,2.0,60.317807605125026,unstable_pc
DCT_16_32_PC2,D,R,extratrees,src_gkf,4,160,40,-4.6795079691979495,12.31032455755726,23.711056406183033,-0.03377110694183865,16_32,2.0,60.317807605125026,unstable_pc
DCT_16_32_PC3,D,R,dummy,src_gkf,4,160,40,-0.001233798539502562,8.720881711484601,18.627355994274318,,16_32,3.0,70.18815924490892,unstable_pc
DCT_16_32_PC3,D,R,ridge,src_gkf,4,160,40,0.05423024180328917,9.322645382718132,18.104068128954616,-0.19230769230769232,16_32,3.0,70.18815924490892,unstable_pc
DCT_16_32_PC3,D,R,extratrees,src_gkf,4,160,40,-0.31608593065029167,12.976272415807774,21.356279055461005,-0.058161350844277676,16_32,3.0,70.18815924490892,unstable_pc
DCT_32_64_PC1,D,R,dummy,src_gkf,4,160,40,-0.011671006492861569,20.578896440656564,41.05298561695373,,32_64,1.0,10.85524191679361,stable
DCT_32_64_PC1,D,R,ridge,src_gkf,4,160,40,0.015305196251270803,20.831060520466544,40.501948611145814,-0.04484052532833021,32_64,1.0,10.85524191679361,stable
DCT_32_64_PC1,D,R,extratrees,src_gkf,4,160,40,-1.2549355597193985,29.020030067091433,61.29035867878564,-0.19943714821763606,32_64,1.0,10.85524191679361,stable
DCT_32_64_PC2,D,R,dummy,src_gkf,4,160,40,-0.003404612287686737,19.60105283705593,53.62452588975895,,32_64,2.0,47.5299097366358,unstable_pc
DCT_32_64_PC2,D,R,ridge,src_gkf,4,160,40,0.03833835152141529,18.302393087633078,52.49725159540264,0.14634146341463417,32_64,2.0,47.5299097366358,unstable_pc
DCT_32_64_PC2,D,R,extratrees,src_gkf,4,160,40,-0.02442859237838091,22.382090635860827,54.18340139848536,0.5298311444652909,32_64,2.0,47.5299097366358,unstable_pc
DCT_32_64_PC3,D,R,dummy,src_gkf,4,160,40,-0.011150115701895391,14.504547474371899,32.92213878759685,,32_64,3.0,59.98735270455707,unstable_pc
DCT_32_64_PC3,D,R,ridge,src_gkf,4,160,40,-0.0016775103698649652,15.266887825567148,32.76756616381537,-0.17016885553470923,32_64,3.0,59.98735270455707,unstable_pc
DCT_32_64_PC3,D,R,extratrees,src_gkf,4,160,40,-1.295558629456099,23.686133606024164,49.604881684658636,-0.08968105065666042,32_64,3.0,59.98735270455707,unstable_pc
DCT_64_inf_PC1,D,R,dummy,src_gkf,4,160,40,-0.017987931844149818,40.667450412010226,111.68929743367148,,64_inf,1.0,27.426870766457725,stable
DCT_64_inf_PC1,D,R,ridge,src_gkf,4,160,40,-0.07774463635154594,43.09219928029718,114.92067796279092,-0.19699812382739215,64_inf,1.0,27.426870766457725,stable
DCT_64_inf_PC1,D,R,extratrees,src_gkf,4,160,40,-0.4595801751510977,63.852863922649945,133.7378146380819,-0.013508442776735461,64_inf,1.0,27.426870766457725,stable
DCT_64_inf_PC2,D,R,dummy,src_gkf,4,160,40,-0.014931173055594549,40.844347606208,155.277443286687,,64_inf,2.0,39.999828358211836,stable
DCT_64_inf_PC2,D,R,ridge,src_gkf,4,160,40,-0.02110132817977406,43.778342241308714,155.74872360819234,-0.16979362101313325,64_inf,2.0,39.999828358211836,stable
DCT_64_inf_PC2,D,R,extratrees,src_gkf,4,160,40,0.15630936599206302,48.5341281251332,141.5734089697227,0.2442776735459663,64_inf,2.0,39.999828358211836,stable
DCT_64_inf_PC3,D,R,dummy,src_gkf,4,160,40,-0.0021082799954890152,42.034989961081756,126.10595223568461,,64_inf,3.0,43.17489913289228,unstable_pc
DCT_64_inf_PC3,D,R,ridge,src_gkf,4,160,40,0.01058236844927618,41.033349452583465,125.30490836808364,0.2212007504690432,64_inf,3.0,43.17489913289228,unstable_pc
DCT_64_inf_PC3,D,R,extratrees,src_gkf,4,160,40,-0.08600741802719125,51.669627409558075,131.27881760242553,0.14352720450281425,64_inf,3.0,43.17489913289228,unstable_pc
median_depth_um,A,C,dummy,src_gkf,4,160,40,-0.0010077036034459308,17.534733593749998,18.741569916678383,,,,,
median_depth_um,A,C,ridge,src_gkf,4,160,40,0.7636108977939902,7.301060569036989,9.107537815584857,0.9253283302063792,,,,
median_depth_um,A,C,extratrees,src_gkf,4,160,40,0.892863404459538,3.1385521715833273,6.131350994871081,0.952532833020638,,,,
Sq_um,B,C,dummy,src_gkf,4,160,40,-0.014183565903596485,1.0597952497756764,1.9684923647115558,,,,,
Sq_um,B,C,ridge,src_gkf,4,160,40,0.14591461236786463,1.0282718631008871,1.8064506264885472,0.47354596622889317,,,,
Sq_um,B,C,extratrees,src_gkf,4,160,40,-0.01612641550465166,1.0160280904703853,1.9703769617734643,0.5667917448405254,,,,
Sa_um,B,C,dummy,src_gkf,4,160,40,-0.02261084303294858,0.5541976171466347,0.9964896849534263,,,,,
Sa_um,B,C,ridge,src_gkf,4,160,40,0.11601360650343928,0.5654092842585665,0.9264892849767665,0.47729831144465296,,,,
Sa_um,B,C,extratrees,src_gkf,4,160,40,0.039260065404637445,0.5050908895456975,0.9658741263333881,0.6193245778611634,,,,
Ssk_skewness,B,C,dummy,src_gkf,4,160,40,-0.1171141756813634,1.4651913873855622,1.8177351276879612,,,,,
Ssk_skewness,B,C,ridge,src_gkf,4,160,40,-0.030281006378166442,1.255347449353055,1.7456600190672822,0.4082551594746718,,,,
Ssk_skewness,B,C,extratrees,src_gkf,4,160,40,-0.04812932221213728,1.2763247734613994,1.760715769967178,0.38930581613508447,,,,
kurtosis_excess_fisher,B,C,dummy,src_gkf,4,160,40,-0.024965237243920413,10.0108023165519,12.910301347765607,,,,,
kurtosis_excess_fisher,B,C,ridge,src_gkf,4,160,40,0.05095053418874396,8.367146940875614,12.422992871586292,0.5716697936210132,,,,
kurtosis_excess_fisher,B,C,extratrees,src_gkf,4,160,40,0.10391157701860076,8.123278026261858,12.071388985093424,0.3849906191369606,,,,
grad_rms_um_per_um,B,C,dummy,src_gkf,4,160,40,-0.09545685935536818,0.26890629204402927,0.3630083303140965,,,,,
grad_rms_um_per_um,B,C,ridge,src_gkf,4,160,40,0.1568278065051506,0.23585220160822257,0.31847627844958565,0.5478424015009382,,,,
grad_rms_um_per_um,B,C,extratrees,src_gkf,4,160,40,-0.18656396969230182,0.2653875438215089,0.37780224141124275,0.42589118198874304,,,,
lap_rms_um_per_px2,B,C,dummy,src_gkf,4,160,40,-0.0844273263756048,0.14169987401635,0.18775551090937506,,,,,
lap_rms_um_per_px2,B,C,ridge,src_gkf,4,160,40,0.08786060464558387,0.12896295636173905,0.17219600574128224,0.33452157598499066,,,,
lap_rms_um_per_px2,B,C,extratrees,src_gkf,4,160,40,-0.08889935435602947,0.13102772750518593,0.18814225145449795,0.22157598499061917,,,,
acf_e_fold_lag_um,B,C,dummy,src_gkf,4,160,40,-0.013968246350625213,6.4684375,7.281964993060338,,,,,
acf_e_fold_lag_um,B,C,ridge,src_gkf,4,160,40,-0.02501245313537037,6.313603014253571,7.321515401822444,0.33530736657456467,,,,
acf_e_fold_lag_um,B,C,extratrees,src_gkf,4,160,40,0.3357153840594467,4.6951578571428545,5.8940458079918105,0.5813372672730541,,,,
aniso_gradx_over_y,B,C,dummy,src_gkf,4,160,40,-0.02050578223069266,0.5267536168833976,0.7946103140546431,,,,,
aniso_gradx_over_y,B,C,ridge,src_gkf,4,160,40,0.048737295308925344,0.5028857433463825,0.7671789852932976,0.5551594746716699,,,,
aniso_gradx_over_y,B,C,extratrees,src_gkf,4,160,40,0.2834083248307492,0.3996405227803393,0.665859104374159,0.6457786116322702,,,,
pit_density_per_Mpx,B,C,dummy,src_gkf,4,160,40,-0.0023313076351290096,8730.38330078125,21438.74316739813,,,,,
pit_density_per_Mpx,B,C,ridge,src_gkf,4,160,40,-0.05331708468340168,8841.963148190038,21977.244404915764,0.0781020312307215,,,,
pit_density_per_Mpx,B,C,extratrees,src_gkf,4,160,40,-0.2691703712210578,9586.993373325893,24124.23976471072,-0.012678901173818424,,,,
pit_depth_um,B,C,dummy,src_gkf,4,160,40,-0.0027776331362243667,1.5820704910700443,2.3542485795315,,,,,
pit_depth_um,B,C,ridge,src_gkf,4,160,40,-0.09808040903254067,1.5837051765081664,2.463582267639433,0.25403377110694186,,,,
pit_depth_um,B,C,extratrees,src_gkf,4,160,40,-0.2820248236253251,1.5499156384859163,2.6619397103948352,0.38424015009380863,,,,
peak_to_valley_p98p2_um,B,C,dummy,src_gkf,4,160,40,-0.07249791129300864,3.7279255054065956,5.014128261652352,,,,,
peak_to_valley_p98p2_um,B,C,ridge,src_gkf,4,160,40,0.08242463294901825,3.448012746774564,4.637864803695629,0.5577861163227018,,,,
peak_to_valley_p98p2_um,B,C,extratrees,src_gkf,4,160,40,-0.185447885387942,3.336176685305508,5.271551390473313,0.625140712945591,,,,
deepest_negative_residual_um,B,C,dummy,src_gkf,4,160,40,-0.0027776331362243667,1.5820704910700443,2.3542485795315,,,,,
deepest_negative_residual_um,B,C,ridge,src_gkf,4,160,40,-0.09808040903254067,1.5837051765081664,2.463582267639433,0.25403377110694186,,,,
deepest_negative_residual_um,B,C,extratrees,src_gkf,4,160,40,-0.2820248236253251,1.549915638485916,2.6619397103948352,0.38424015009380863,,,,
rms_DCT_8_16_um,C,C,dummy,src_gkf,4,160,40,-0.08856035453684918,0.2677017740082056,0.3329127329643957,,,,,
rms_DCT_8_16_um,C,C,ridge,src_gkf,4,160,40,0.16748763083487528,0.2375015134236067,0.29113840392875306,0.6397748592870545,,,,
rms_DCT_8_16_um,C,C,extratrees,src_gkf,4,160,40,-0.12206820977962907,0.24720770986276497,0.33799772605427375,0.5801125703564729,,,,
E_DCT_8_16_frac,C,C,dummy,src_gkf,4,160,40,-0.014324596722004479,0.1475826811822143,0.20105397699686672,,,,,
E_DCT_8_16_frac,C,C,ridge,src_gkf,4,160,40,0.45235889560408626,0.1144924619003673,0.14773119420012712,0.6465290806754223,,,,
E_DCT_8_16_frac,C,C,extratrees,src_gkf,4,160,40,0.6725722041349858,0.0920919410264136,0.11423046955260761,0.7380863039399626,,,,
rms_DCT_16_32_um,C,C,dummy,src_gkf,4,160,40,-0.08579142139155826,0.35132369276932673,0.4797743727948066,,,,,
rms_DCT_16_32_um,C,C,ridge,src_gkf,4,160,40,0.2687348316203806,0.29165299038906284,0.3937325206140816,0.7217636022514072,,,,
rms_DCT_16_32_um,C,C,extratrees,src_gkf,4,160,40,-0.07634267010906859,0.3105186619529421,0.47768227015594655,0.727204502814259,,,,
E_DCT_16_32_frac,C,C,dummy,src_gkf,4,160,40,-0.0018569921133479994,0.08841515023052646,0.11075606012886552,,,,,
E_DCT_16_32_frac,C,C,ridge,src_gkf,4,160,40,0.3310573195573421,0.07205743559218866,0.09050218919523856,0.6050656660412759,,,,
E_DCT_16_32_frac,C,C,extratrees,src_gkf,4,160,40,0.3325191001475756,0.06879805246066154,0.09040325194752592,0.6373358348968106,,,,
rms_DCT_32_64_um,C,C,dummy,src_gkf,4,160,40,-0.0659504545087497,0.44306195409561405,0.6365549508193301,,,,,
rms_DCT_32_64_um,C,C,ridge,src_gkf,4,160,40,0.1777233019128469,0.39838907172945953,0.5590831228273833,0.6536585365853659,,,,
rms_DCT_32_64_um,C,C,extratrees,src_gkf,4,160,40,-0.059385055467535475,0.3946824490017202,0.6345915892357333,0.7005628517823641,,,,
E_DCT_32_64_frac,C,C,dummy,src_gkf,4,160,40,-0.026030497966534893,0.06314814346468087,0.08605300088014374,,,,,
E_DCT_32_64_frac,C,C,ridge,src_gkf,4,160,40,0.15844276333351848,0.053266904433548354,0.07793413406593529,0.6255159474671671,,,,
E_DCT_32_64_frac,C,C,extratrees,src_gkf,4,160,40,-0.028371869433647445,0.05969598046117913,0.08615113014055888,0.5930581613508443,,,,
rms_DCT_64_inf_um,C,C,dummy,src_gkf,4,160,40,-0.002403383280332294,0.8532552026905641,1.8248830413499122,,,,,
rms_DCT_64_inf_um,C,C,ridge,src_gkf,4,160,40,0.13073555192260922,0.8393204137108471,1.699376985378673,0.4086303939962478,,,,
rms_DCT_64_inf_um,C,C,extratrees,src_gkf,4,160,40,0.03809797853026042,0.7769596398095631,1.787636411890499,0.5639774859287056,,,,
E_DCT_64_inf_frac,C,C,dummy,src_gkf,4,160,40,-0.0036987601963194283,0.18158231633595304,0.22629860156132614,,,,,
E_DCT_64_inf_frac,C,C,ridge,src_gkf,4,160,40,0.2503658945322187,0.1490685507610128,0.19557117492946155,0.5332082551594748,,,,
E_DCT_64_inf_frac,C,C,extratrees,src_gkf,4,160,40,0.35364367078322123,0.14344852402852526,0.1816001401125373,0.5101313320825517,,,,
DCT_8_16_PC1,D,C,dummy,src_gkf,4,160,40,-0.007869194888860953,20.427964072800993,39.30430434002024,,8_16,1.0,12.252212826473862,stable
DCT_8_16_PC1,D,C,ridge,src_gkf,4,160,40,0.019143552293194976,20.291237863574587,38.77401320862833,0.04859287054409006,8_16,1.0,12.252212826473862,stable
DCT_8_16_PC1,D,C,extratrees,src_gkf,4,160,40,-0.3770563229499744,21.19861871955914,45.94242130678285,-0.06341463414634148,8_16,1.0,12.252212826473862,stable
DCT_8_16_PC2,D,C,dummy,src_gkf,4,160,40,-0.18877929127238846,5.0124928352883575,6.485960889649349,,8_16,2.0,23.566687925665384,stable
DCT_8_16_PC2,D,C,ridge,src_gkf,4,160,40,-0.4989646208026568,5.874246575508719,7.2831524615055585,-0.020637898686679177,8_16,2.0,23.566687925665384,stable
DCT_8_16_PC2,D,C,extratrees,src_gkf,4,160,40,-0.42132101825796364,5.3930843933795884,7.092017510576199,0.10544090056285181,8_16,2.0,23.566687925665384,stable
DCT_8_16_PC3,D,C,dummy,src_gkf,4,160,40,-0.21698356149114573,11.212033829280433,16.90362357556962,,8_16,3.0,77.0556834188418,unstable_pc
DCT_8_16_PC3,D,C,ridge,src_gkf,4,160,40,-0.29945487612163446,11.150892159479392,17.46698947145696,0.0953095684803002,8_16,3.0,77.0556834188418,unstable_pc
DCT_8_16_PC3,D,C,extratrees,src_gkf,4,160,40,-1.3445308589164968,14.23596893262253,23.46202177795795,0.005253283302063791,8_16,3.0,77.0556834188418,unstable_pc
DCT_16_32_PC1,D,C,dummy,src_gkf,4,160,40,-0.11341703483052301,10.5402391389912,21.784972425858093,,16_32,1.0,34.692636343745455,stable
DCT_16_32_PC1,D,C,ridge,src_gkf,4,160,40,-0.5275736237972848,13.296487145134881,25.516973303488346,-0.18705440900562856,16_32,1.0,34.692636343745455,stable
DCT_16_32_PC1,D,C,extratrees,src_gkf,4,160,40,-1.288638901781372,15.57151306848136,31.233217221310156,-0.2056285178236398,16_32,1.0,34.692636343745455,stable
DCT_16_32_PC2,D,C,dummy,src_gkf,4,160,40,-0.019142911703936782,6.36154391608755,10.044147716981279,,16_32,2.0,60.317807605125026,unstable_pc
DCT_16_32_PC2,D,C,ridge,src_gkf,4,160,40,-0.6500743050846498,8.382498158079155,12.78048390670977,0.09774859287054409,16_32,2.0,60.317807605125026,unstable_pc
DCT_16_32_PC2,D,C,extratrees,src_gkf,4,160,40,-2.7613258049068934,11.076900970587857,19.29594372117839,0.019699812382739212,16_32,2.0,60.317807605125026,unstable_pc
DCT_16_32_PC3,D,C,dummy,src_gkf,4,160,40,-0.001233798539502562,8.720881711484601,18.627355994274318,,16_32,3.0,70.18815924490892,unstable_pc
DCT_16_32_PC3,D,C,ridge,src_gkf,4,160,40,0.11490672670149105,9.617427606779028,17.513703131453077,-0.0727954971857411,16_32,3.0,70.18815924490892,unstable_pc
DCT_16_32_PC3,D,C,extratrees,src_gkf,4,160,40,-0.2435125527696771,12.20337061354476,20.759101417581896,0.19136960600375236,16_32,3.0,70.18815924490892,unstable_pc
DCT_32_64_PC1,D,C,dummy,src_gkf,4,160,40,-0.011671006492861569,20.578896440656564,41.05298561695373,,32_64,1.0,10.85524191679361,stable
DCT_32_64_PC1,D,C,ridge,src_gkf,4,160,40,0.11424786351316307,22.112074030930494,38.41326298095133,-0.10544090056285181,32_64,1.0,10.85524191679361,stable
DCT_32_64_PC1,D,C,extratrees,src_gkf,4,160,40,-0.31162452958534703,23.10989704702793,46.74442912810689,-0.11200750469043153,32_64,1.0,10.85524191679361,stable
DCT_32_64_PC2,D,C,dummy,src_gkf,4,160,40,-0.003404612287686737,19.60105283705593,53.62452588975895,,32_64,2.0,47.5299097366358,unstable_pc
DCT_32_64_PC2,D,C,ridge,src_gkf,4,160,40,0.07809465342287136,18.452895127839277,51.400647018828046,0.24202626641651034,32_64,2.0,47.5299097366358,unstable_pc
DCT_32_64_PC2,D,C,extratrees,src_gkf,4,160,40,-0.007375178338812072,23.67703201662071,53.73051977263734,0.31181988742964356,32_64,2.0,47.5299097366358,unstable_pc
DCT_32_64_PC3,D,C,dummy,src_gkf,4,160,40,-0.011150115701895391,14.504547474371899,32.92213878759685,,32_64,3.0,59.98735270455707,unstable_pc
DCT_32_64_PC3,D,C,ridge,src_gkf,4,160,40,-0.03570208626094029,16.72576055434151,33.319436577569036,-0.12664165103189495,32_64,3.0,59.98735270455707,unstable_pc
DCT_32_64_PC3,D,C,extratrees,src_gkf,4,160,40,-0.6350296277513141,22.28896345034064,41.86422316653974,-0.038086303939962485,32_64,3.0,59.98735270455707,unstable_pc
DCT_64_inf_PC1,D,C,dummy,src_gkf,4,160,40,-0.017987931844149818,40.667450412010226,111.68929743367148,,64_inf,1.0,27.426870766457725,stable
DCT_64_inf_PC1,D,C,ridge,src_gkf,4,160,40,-0.08502202015442584,46.81982746822872,115.30802149471148,-0.12101313320825517,64_inf,1.0,27.426870766457725,stable
DCT_64_inf_PC1,D,C,extratrees,src_gkf,4,160,40,-0.1221491674974946,51.87133974230623,117.26422566801658,0.15928705440900565,64_inf,1.0,27.426870766457725,stable
DCT_64_inf_PC2,D,C,dummy,src_gkf,4,160,40,-0.014931173055594549,40.844347606208,155.277443286687,,64_inf,2.0,39.999828358211836,stable
DCT_64_inf_PC2,D,C,ridge,src_gkf,4,160,40,0.06629249560662764,46.56679394510206,148.93456467281123,0.08930581613508444,64_inf,2.0,39.999828358211836,stable
DCT_64_inf_PC2,D,C,extratrees,src_gkf,4,160,40,0.18841768694273275,46.11428876714257,138.85335015997643,0.1553470919324578,64_inf,2.0,39.999828358211836,stable
DCT_64_inf_PC3,D,C,dummy,src_gkf,4,160,40,-0.0021082799954890152,42.034989961081756,126.10595223568461,,64_inf,3.0,43.17489913289228,unstable_pc
DCT_64_inf_PC3,D,C,ridge,src_gkf,4,160,40,0.008397462551822832,40.642429719365055,125.44318589930784,0.27091932457786116,64_inf,3.0,43.17489913289228,unstable_pc
DCT_64_inf_PC3,D,C,extratrees,src_gkf,4,160,40,-0.1806844092848492,49.534836727348114,136.88163210301954,0.11219512195121951,64_inf,3.0,43.17489913289228,unstable_pc
median_depth_um,A,A,dummy,src_gss,0,159,41,-0.013437923678524033,17.709887804878047,19.174295074723727,,,,,
median_depth_um,A,A,ridge,src_gss,0,159,41,0.5460076194231991,11.265238216728843,12.8334999298113,0.7782229965156797,,,,
median_depth_um,A,A,extratrees,src_gss,0,159,41,0.9433407930320674,3.4563136612362237,4.5337344217999025,0.9151567944250873,,,,
Sq_um,B,A,dummy,src_gss,0,159,41,-0.000430273680446458,1.008023532719395,1.9678118143604544,,,,,
Sq_um,B,A,ridge,src_gss,0,159,41,0.1268157139053362,0.9470026967558807,1.8384131031931545,0.2914634146341464,,,,
Sq_um,B,A,extratrees,src_gss,0,159,41,0.09705915837214918,0.8644782469576233,1.8694755935369125,0.528048780487805,,,,
Sa_um,B,A,dummy,src_gss,0,159,41,-0.022675945658118923,0.5526383842628122,0.919324111921733,,,,,
Sa_um,B,A,ridge,src_gss,0,159,41,0.11906232047495358,0.47239243250879515,0.8532419968093197,0.34006968641114993,,,,
Sa_um,B,A,extratrees,src_gss,0,159,41,0.02454437565863743,0.4605963169358413,0.897849177104416,0.5034843205574914,,,,
Ssk_skewness,B,A,dummy,src_gss,0,159,41,-0.03108456036903884,1.8580294367723948,2.4793381378418626,,,,,
Ssk_skewness,B,A,ridge,src_gss,0,159,41,-0.002034391975508143,1.7847316586711257,2.4441616913539046,0.24024390243902444,,,,
Ssk_skewness,B,A,extratrees,src_gss,0,159,41,-0.0906229662180218,1.7509399367899086,2.549916378078079,0.18675958188153313,,,,
kurtosis_excess_fisher,B,A,dummy,src_gss,0,159,41,-0.06450248261886937,11.58348555311412,15.371889051423835,,,,,
kurtosis_excess_fisher,B,A,ridge,src_gss,0,159,41,0.023862168274215945,11.04101969680808,14.72005641119243,0.39895470383275267,,,,
kurtosis_excess_fisher,B,A,extratrees,src_gss,0,159,41,-0.0401247968979066,10.32142488842996,15.194857341608078,0.3951219512195123,,,,
grad_rms_um_per_um,B,A,dummy,src_gss,0,159,41,-1.3440987272073102e-06,0.29912541619161626,0.49526834446655865,,,,,
grad_rms_um_per_um,B,A,ridge,src_gss,0,159,41,0.03671574060476546,0.27314653880594664,0.48609092206540877,0.3168989547038328,,,,
grad_rms_um_per_um,B,A,extratrees,src_gss,0,159,41,0.1387246022257076,0.27794121706397185,0.4596331033591241,0.5611498257839722,,,,
lap_rms_um_per_px2,B,A,dummy,src_gss,0,159,41,-0.0003753064834992603,0.1359254541191587,0.21417876255943125,,,,,
lap_rms_um_per_px2,B,A,ridge,src_gss,0,159,41,0.01842164697248061,0.13509689400302097,0.2121570215200384,0.0818815331010453,,,,
lap_rms_um_per_px2,B,A,extratrees,src_gss,0,159,41,-0.003494029374063512,0.13458739587832216,0.21451235956629255,0.3236933797909408,,,,
acf_e_fold_lag_um,B,A,dummy,src_gss,0,159,41,-0.003975868624768619,6.70233164595797,7.317712305378796,,,,,
acf_e_fold_lag_um,B,A,ridge,src_gss,0,159,41,0.19475436309979577,5.8572061110653495,6.553569120372009,0.4721076116468342,,,,
acf_e_fold_lag_um,B,A,extratrees,src_gss,0,159,41,0.1056706256285802,5.263119279907085,6.906570381264261,0.403891027702299,,,,
aniso_gradx_over_y,B,A,dummy,src_gss,0,159,41,-0.006915084550416006,0.5050637262946046,0.6637309611566409,,,,,
aniso_gradx_over_y,B,A,ridge,src_gss,0,159,41,0.483464959217225,0.3238691739457724,0.4753850802681352,0.7574912891986063,,,,
aniso_gradx_over_y,B,A,extratrees,src_gss,0,159,41,0.6913885569963392,0.2677507526301466,0.36745288861913883,0.7220697772431379,,,,
pit_density_per_Mpx,B,A,dummy,src_gss,0,159,41,-0.026777167989908035,6551.3247334713915,10973.307754058613,,,,,
pit_density_per_Mpx,B,A,ridge,src_gss,0,159,41,-0.39662891522429744,8055.15545874495,12797.937138336776,0.23404411176729986,,,,
pit_density_per_Mpx,B,A,extratrees,src_gss,0,159,41,-1.0103531869412854,9119.981450021225,15354.498607995627,0.17206923097131888,,,,
pit_depth_um,B,A,dummy,src_gss,0,159,41,-0.047077630141519666,1.4586488072418817,1.9026360777483082,,,,,
pit_depth_um,B,A,ridge,src_gss,0,159,41,-0.12140330907885799,1.3109632086278693,1.969006743526151,0.5146341463414635,,,,
pit_depth_um,B,A,extratrees,src_gss,0,159,41,-0.2813133641861827,1.3274827887055913,2.1047182402298636,0.4573170731707317,,,,
peak_to_valley_p98p2_um,B,A,dummy,src_gss,0,159,41,-0.0002909605411995919,3.956614234781733,6.736214777054154,,,,,
peak_to_valley_p98p2_um,B,A,ridge,src_gss,0,159,41,0.09929911272931202,3.687449191766568,6.392092469007519,0.22369337979094078,,,,
peak_to_valley_p98p2_um,B,A,extratrees,src_gss,0,159,41,0.09404623896282793,3.5947766991859718,6.410704664590719,0.5029616724738677,,,,
deepest_negative_residual_um,B,A,dummy,src_gss,0,159,41,-0.047077630141519666,1.4586488072418817,1.9026360777483082,,,,,
deepest_negative_residual_um,B,A,ridge,src_gss,0,159,41,-0.12140330907885799,1.3109632086278693,1.969006743526151,0.5146341463414635,,,,
deepest_negative_residual_um,B,A,extratrees,src_gss,0,159,41,-0.2813133641861827,1.3274827887055913,2.1047182402298636,0.4573170731707317,,,,
rms_DCT_8_16_um,C,A,dummy,src_gss,0,159,41,-0.000766141199487036,0.29927997432825837,0.48656789735099626,,,,,
rms_DCT_8_16_um,C,A,ridge,src_gss,0,159,41,0.04307720230883727,0.26353152918973966,0.47579031852568937,0.4571428571428573,,,,
rms_DCT_8_16_um,C,A,extratrees,src_gss,0,159,41,0.29008776394596547,0.25494027212310155,0.4098071023719852,0.6500000000000001,,,,
E_DCT_8_16_frac,C,A,dummy,src_gss,0,159,41,-0.0023380908809522705,0.16776407436261556,0.21265579539264992,,,,,
E_DCT_8_16_frac,C,A,ridge,src_gss,0,159,41,0.5497800082343787,0.11199181321171212,0.14252219202382985,0.6998257839721256,,,,
E_DCT_8_16_frac,C,A,extratrees,src_gss,0,159,41,0.6327422100271999,0.09975256530417831,0.12872284019740274,0.7275261324041813,,,,
rms_DCT_16_32_um,C,A,dummy,src_gss,0,159,41,-0.00010694241517050784,0.38478449718686136,0.6302741449430055,,,,,
rms_DCT_16_32_um,C,A,ridge,src_gss,0,159,41,0.08313500555300968,0.3528367876371054,0.6034745600814826,0.22369337979094078,,,,
rms_DCT_16_32_um,C,A,extratrees,src_gss,0,159,41,0.1188558135146458,0.32447743173873633,0.5916021736511091,0.6486062717770036,,,,
E_DCT_16_32_frac,C,A,dummy,src_gss,0,159,41,-0.0017134638411309133,0.09551980421487827,0.11589903932413757,,,,,
E_DCT_16_32_frac,C,A,ridge,src_gss,0,159,41,0.05756194276046467,0.09165020456311086,0.11241764632580603,0.1722996515679443,,,,
E_DCT_16_32_frac,C,A,extratrees,src_gss,0,159,41,0.039697791553784056,0.08920841197764647,0.11347809706654201,0.33292682926829276,,,,
rms_DCT_32_64_um,C,A,dummy,src_gss,0,159,41,-0.0024463406661163756,0.5001055943887927,1.1129406884636606,,,,,
rms_DCT_32_64_um,C,A,ridge,src_gss,0,159,41,0.1096801158207843,0.46017429831187173,1.0488526728872856,0.3562717770034844,,,,
rms_DCT_32_64_um,C,A,extratrees,src_gss,0,159,41,0.09870506037474869,0.42389000737080607,1.0552975240404958,0.5621951219512197,,,,
E_DCT_32_64_frac,C,A,dummy,src_gss,0,159,41,-0.023417588005832712,0.07756824869585348,0.10197740058839545,,,,,
E_DCT_32_64_frac,C,A,ridge,src_gss,0,159,41,0.06018271483624593,0.06822204382786404,0.09772354513967657,0.5273519163763067,,,,
E_DCT_32_64_frac,C,A,extratrees,src_gss,0,159,41,-0.11831327246739431,0.07969248284765837,0.10660049934784155,0.3662020905923346,,,,
rms_DCT_64_inf_um,C,A,dummy,src_gss,0,159,41,-0.0018423791866561956,0.7381409198180224,1.4675954338286028,,,,,
rms_DCT_64_inf_um,C,A,ridge,src_gss,0,159,41,0.1424426600869575,0.6733773386899238,1.3578076043922582,0.397212543554007,,,,
rms_DCT_64_inf_um,C,A,extratrees,src_gss,0,159,41,0.12391077792222349,0.5403011543850561,1.3724003531963493,0.5610000440880454,,,,
E_DCT_64_inf_frac,C,A,dummy,src_gss,0,159,41,-0.0002936725528210893,0.1663636728399289,0.204050235356494,,,,,
E_DCT_64_inf_frac,C,A,ridge,src_gss,0,159,41,0.3682715608354301,0.14472687484364471,0.16215806501983743,0.6026132404181186,,,,
E_DCT_64_inf_frac,C,A,extratrees,src_gss,0,159,41,0.3963087169957056,0.1258969470093061,0.1585188057070219,0.6222996515679444,,,,
DCT_8_16_PC1,D,A,dummy,src_gss,0,159,41,-0.07107718001401708,23.870874956125547,50.530122541890194,,8_16,1.0,10.099657057227846,stable
DCT_8_16_PC1,D,A,ridge,src_gss,0,159,41,-0.2673193484860439,27.271357598177584,54.96459103182153,-0.2128919860627178,8_16,1.0,10.099657057227846,stable
DCT_8_16_PC1,D,A,extratrees,src_gss,0,159,41,-0.34346551458786556,24.632312605362387,56.59176378463498,-0.37874564459930316,8_16,1.0,10.099657057227846,stable
DCT_8_16_PC2,D,A,dummy,src_gss,0,159,41,-0.005441025748282202,6.551166400475176,9.510028314170341,,8_16,2.0,63.672412496149434,unstable_pc
DCT_8_16_PC2,D,A,ridge,src_gss,0,159,41,-0.20142839216106156,6.9759528633266585,10.395669272280275,0.14216027874564463,8_16,2.0,63.672412496149434,unstable_pc
DCT_8_16_PC2,D,A,extratrees,src_gss,0,159,41,-0.21744556464907938,7.827349365853892,10.464736197897055,0.21324041811846695,8_16,2.0,63.672412496149434,unstable_pc
DCT_8_16_PC3,D,A,dummy,src_gss,0,159,41,-0.0008334220874695042,10.66711218831478,17.12035403151114,,8_16,3.0,77.73662581647577,unstable_pc
DCT_8_16_PC3,D,A,ridge,src_gss,0,159,41,0.003267050081908085,10.677510865181315,17.085246496982396,0.09268292682926832,8_16,3.0,77.73662581647577,unstable_pc
DCT_8_16_PC3,D,A,extratrees,src_gss,0,159,41,-0.1770812109568498,12.212555973447351,18.566714313144136,0.1628919860627178,8_16,3.0,77.73662581647577,unstable_pc
DCT_16_32_PC1,D,A,dummy,src_gss,0,159,41,-0.0050769026899810665,8.682488137446086,17.98643878465131,,16_32,1.0,46.582561718422895,unstable_pc
DCT_16_32_PC1,D,A,ridge,src_gss,0,159,41,-0.10427548492474759,10.409794066161002,18.853164331380647,-0.0073170731707317095,16_32,1.0,46.582561718422895,unstable_pc
DCT_16_32_PC1,D,A,extratrees,src_gss,0,159,41,-0.30284497616671624,11.155449107194906,20.47820606837916,0.00017421602787456451,16_32,1.0,46.582561718422895,unstable_pc
DCT_16_32_PC2,D,A,dummy,src_gss,0,159,41,-0.0560671962601913,10.979446868851618,20.355862296922602,,16_32,2.0,62.36711143871433,unstable_pc
DCT_16_32_PC2,D,A,ridge,src_gss,0,159,41,-0.3436195033510483,13.348124772955929,22.96052835393873,-0.27439024390243905,16_32,2.0,62.36711143871433,unstable_pc
DCT_16_32_PC2,D,A,extratrees,src_gss,0,159,41,-1.6078715591704245,17.868493425962097,31.987980822731775,-0.45505226480836247,16_32,2.0,62.36711143871433,unstable_pc
DCT_16_32_PC3,D,A,dummy,src_gss,0,159,41,-0.041484689985413103,8.0524737196385,12.536766657646556,,16_32,3.0,69.42159029780507,unstable_pc
DCT_16_32_PC3,D,A,ridge,src_gss,0,159,41,-0.3872101392390128,9.90177976400318,14.468723748424186,0.013066202090592336,16_32,3.0,69.42159029780507,unstable_pc
DCT_16_32_PC3,D,A,extratrees,src_gss,0,159,41,-2.829860350580015,16.069121747204456,24.040891406371898,0.04686411149825785,16_32,3.0,69.42159029780507,unstable_pc
DCT_32_64_PC1,D,A,dummy,src_gss,0,159,41,-0.0010628568910906466,27.763808275633597,59.72024861302336,,32_64,1.0,27.412119800985025,stable
DCT_32_64_PC1,D,A,ridge,src_gss,0,159,41,0.12517150800332977,24.266030778960914,55.82804149543229,0.4121951219512196,32_64,1.0,27.412119800985025,stable
DCT_32_64_PC1,D,A,extratrees,src_gss,0,159,41,-0.1878964521486206,29.567724554279977,65.0549317755889,-0.1466898954703833,32_64,1.0,27.412119800985025,stable
DCT_32_64_PC2,D,A,dummy,src_gss,0,159,41,-0.016367351916829254,23.786671311916596,82.92115020139072,,32_64,2.0,43.316976296504215,unstable_pc
DCT_32_64_PC2,D,A,ridge,src_gss,0,159,41,-0.016237812167578358,25.197533556684558,82.91586573053978,0.07439024390243903,32_64,2.0,43.316976296504215,unstable_pc
DCT_32_64_PC2,D,A,extratrees,src_gss,0,159,41,-0.06732783288052246,30.982855640454186,84.97455167307244,-0.10609756097560978,32_64,2.0,43.316976296504215,unstable_pc
DCT_32_64_PC3,D,A,dummy,src_gss,0,159,41,-0.001764302370711901,21.434038343891768,67.75648527733688,,32_64,3.0,51.47062647287167,unstable_pc
DCT_32_64_PC3,D,A,ridge,src_gss,0,159,41,0.002830439925152195,22.00614027559377,67.60091904678393,-0.1555749128919861,32_64,3.0,51.47062647287167,unstable_pc
DCT_32_64_PC3,D,A,extratrees,src_gss,0,159,41,-0.016250424202949088,23.65151278878059,68.24462692350258,0.14407665505226483,32_64,3.0,51.47062647287167,unstable_pc
DCT_64_inf_PC1,D,A,dummy,src_gss,0,159,41,-0.05158671400170789,41.75354998466461,71.11745934293332,,64_inf,1.0,15.90125503799186,stable
DCT_64_inf_PC1,D,A,ridge,src_gss,0,159,41,-0.14880408553747593,45.4613981796558,74.33214640470878,0.021080139372822302,64_inf,1.0,15.90125503799186,stable
DCT_64_inf_PC1,D,A,extratrees,src_gss,0,159,41,0.05994357739178735,41.53149255823991,67.24045574831301,-0.06097560975609757,64_inf,1.0,15.90125503799186,stable
DCT_64_inf_PC2,D,A,dummy,src_gss,0,159,41,-0.031046025380368603,42.00727052849704,125.409541450866,,64_inf,2.0,58.41508497438174,unstable_pc
DCT_64_inf_PC2,D,A,ridge,src_gss,0,159,41,-0.053725181984514814,49.738731373340784,126.78130949074827,-0.12212543554006972,64_inf,2.0,58.41508497438174,unstable_pc
DCT_64_inf_PC2,D,A,extratrees,src_gss,0,159,41,-0.03201144169234715,48.56015117230581,125.46824110434557,0.08937282229965159,64_inf,2.0,58.41508497438174,unstable_pc
DCT_64_inf_PC3,D,A,dummy,src_gss,0,159,41,-0.050853977444036635,40.47772190303922,117.05370812452401,,64_inf,3.0,44.72183581545603,unstable_pc
DCT_64_inf_PC3,D,A,ridge,src_gss,0,159,41,-0.06958636783227479,41.69597529616722,118.09239202369102,-0.0372822299651568,64_inf,3.0,44.72183581545603,unstable_pc
DCT_64_inf_PC3,D,A,extratrees,src_gss,0,159,41,-0.09986157722092504,47.745457784504595,119.75206339944678,-0.11411149825783974,64_inf,3.0,44.72183581545603,unstable_pc
median_depth_um,A,R,dummy,src_gss,0,159,41,-0.013437923678524033,17.709887804878047,19.174295074723727,,,,,
median_depth_um,A,R,ridge,src_gss,0,159,41,0.6030178302736698,10.224316616549133,12.000693144305771,0.8897212543554008,,,,
median_depth_um,A,R,extratrees,src_gss,0,159,41,0.923351331119194,3.8135341110603216,5.273186591071832,0.9365853658536588,,,,
Sq_um,B,R,dummy,src_gss,0,159,41,-0.000430273680446458,1.008023532719395,1.9678118143604544,,,,,
Sq_um,B,R,ridge,src_gss,0,159,41,0.11757941157591156,0.9046173495928196,1.8481106393359235,0.4869337979094077,,,,
Sq_um,B,R,extratrees,src_gss,0,159,41,0.03353542895843664,0.954696046660386,1.9341186829453605,0.333623693379791,,,,
Sa_um,B,R,dummy,src_gss,0,159,41,-0.022675945658118923,0.5526383842628122,0.919324111921733,,,,,
Sa_um,B,R,ridge,src_gss,0,159,41,0.13653193502944616,0.47186381465823213,0.8447394379669451,0.4391986062717771,,,,
Sa_um,B,R,extratrees,src_gss,0,159,41,0.04428266748695975,0.4440147150057772,0.8887187880418966,0.3087108013937283,,,,
Ssk_skewness,B,R,dummy,src_gss,0,159,41,-0.03108456036903884,1.8580294367723948,2.4793381378418626,,,,,
Ssk_skewness,B,R,ridge,src_gss,0,159,41,0.07798635661009534,1.609148696144161,2.344538089989414,0.39947735191637634,,,,
Ssk_skewness,B,R,extratrees,src_gss,0,159,41,-0.23036912335480464,1.8379155024148648,2.708359625120454,0.2311846689895471,,,,
kurtosis_excess_fisher,B,R,dummy,src_gss,0,159,41,-0.06450248261886937,11.58348555311412,15.371889051423835,,,,,
kurtosis_excess_fisher,B,R,ridge,src_gss,0,159,41,0.08353581295537182,9.893423039678417,14.263025255006848,0.47020905923344963,,,,
kurtosis_excess_fisher,B,R,extratrees,src_gss,0,159,41,-0.3447372814609646,10.865908695854282,17.277170719032217,0.4060975609756099,,,,
grad_rms_um_per_um,B,R,dummy,src_gss,0,159,41,-1.3440987272073102e-06,0.29912541619161626,0.49526834446655865,,,,,
grad_rms_um_per_um,B,R,ridge,src_gss,0,159,41,0.09069339211028504,0.27635425953443965,0.47227553885996837,0.33048780487804885,,,,
grad_rms_um_per_um,B,R,extratrees,src_gss,0,159,41,-0.040932327199197704,0.29825691895413214,0.5053025928929163,0.30923344947735193,,,,
lap_rms_um_per_px2,B,R,dummy,src_gss,0,159,41,-0.0003753064834992603,0.1359254541191587,0.21417876255943125,,,,,
lap_rms_um_per_px2,B,R,ridge,src_gss,0,159,41,0.05008000602147211,0.13191632922484184,0.20870768361221212,0.0055749128919860644,,,,
lap_rms_um_per_px2,B,R,extratrees,src_gss,0,159,41,-0.17158776551572297,0.1525236287081884,0.23178340443899198,0.09599303135888504,,,,
acf_e_fold_lag_um,B,R,dummy,src_gss,0,159,41,-0.003975868624768619,6.70233164595797,7.317712305378796,,,,,
acf_e_fold_lag_um,B,R,ridge,src_gss,0,159,41,0.07433167414681296,6.210416978821369,7.0265379442303395,0.32860853161005626,,,,
acf_e_fold_lag_um,B,R,extratrees,src_gss,0,159,41,-0.38601914298048223,6.87280228372576,8.598017176800688,0.22366665119410256,,,,
aniso_gradx_over_y,B,R,dummy,src_gss,0,159,41,-0.006915084550416006,0.5050637262946046,0.6637309611566409,,,,,
aniso_gradx_over_y,B,R,ridge,src_gss,0,159,41,0.14993987294642075,0.4633563484351868,0.609846416196854,0.4385017421602789,,,,
aniso_gradx_over_y,B,R,extratrees,src_gss,0,159,41,0.2926822103184621,0.3456882692857207,0.5562921656506358,0.6191637630662022,,,,
pit_density_per_Mpx,B,R,dummy,src_gss,0,159,41,-0.026777167989908035,6551.3247334713915,10973.307754058613,,,,,
pit_density_per_Mpx,B,R,ridge,src_gss,0,159,41,-0.17004295261130942,6836.235828471643,11713.868938330974,0.08060479209265808,,,,
pit_density_per_Mpx,B,R,extratrees,src_gss,0,159,41,-1.2575901777476615,9311.755186025495,16271.290973276527,0.16205214298767845,,,,
pit_depth_um,B,R,dummy,src_gss,0,159,41,-0.047077630141519666,1.4586488072418817,1.9026360777483082,,,,,
pit_depth_um,B,R,ridge,src_gss,0,159,41,-0.05626901875413726,1.362176652660053,1.9109686296459338,0.4587108013937283,,,,
pit_depth_um,B,R,extratrees,src_gss,0,159,41,-0.5807349520309741,1.5252396423008283,2.33773788485433,0.3573170731707318,,,,
peak_to_valley_p98p2_um,B,R,dummy,src_gss,0,159,41,-0.0002909605411995919,3.956614234781733,6.736214777054154,,,,,
peak_to_valley_p98p2_um,B,R,ridge,src_gss,0,159,41,0.1377502061062107,3.48854320573945,6.254164545788608,0.405226480836237,,,,
peak_to_valley_p98p2_um,B,R,extratrees,src_gss,0,159,41,0.00022202775337021308,3.841782212753633,6.734487258451115,0.30191637630662027,,,,
deepest_negative_residual_um,B,R,dummy,src_gss,0,159,41,-0.047077630141519666,1.4586488072418817,1.9026360777483082,,,,,
deepest_negative_residual_um,B,R,ridge,src_gss,0,159,41,-0.05626901875413726,1.362176652660053,1.9109686296459338,0.4587108013937283,,,,
deepest_negative_residual_um,B,R,extratrees,src_gss,0,159,41,-0.5807349520309744,1.5252396423008285,2.3377378848543304,0.3573170731707318,,,,
rms_DCT_8_16_um,C,R,dummy,src_gss,0,159,41,-0.000766141199487036,0.29927997432825837,0.48656789735099626,,,,,
rms_DCT_8_16_um,C,R,ridge,src_gss,0,159,41,0.08259015388395874,0.2729262784143189,0.4658636751518722,0.4217770034843207,,,,
rms_DCT_8_16_um,C,R,extratrees,src_gss,0,159,41,-0.010291192713205444,0.288438225133179,0.4888779319093041,0.3196864111498258,,,,
E_DCT_8_16_frac,C,R,dummy,src_gss,0,159,41,-0.0023380908809522705,0.16776407436261556,0.21265579539264992,,,,,
E_DCT_8_16_frac,C,R,ridge,src_gss,0,159,41,0.058476312328612834,0.1703309030359058,0.2061036727101916,0.09930313588850175,,,,
E_DCT_8_16_frac,C,R,extratrees,src_gss,0,159,41,0.2716990444662364,0.13512034367202136,0.18126983745080974,0.5449477351916377,,,,
rms_DCT_16_32_um,C,R,dummy,src_gss,0,159,41,-0.00010694241517050784,0.38478449718686136,0.6302741449430055,,,,,
rms_DCT_16_32_um,C,R,ridge,src_gss,0,159,41,0.15732882901553957,0.3153977136541585,0.5785425947376897,0.5827526132404182,,,,
rms_DCT_16_32_um,C,R,extratrees,src_gss,0,159,41,0.1301107327987907,0.33871153836382545,0.5878117419207857,0.5799651567944253,,,,
E_DCT_16_32_frac,C,R,dummy,src_gss,0,159,41,-0.0017134638411309133,0.09551980421487827,0.11589903932413757,,,,,
E_DCT_16_32_frac,C,R,ridge,src_gss,0,159,41,0.11666532392483298,0.08278061070979888,0.10883553596462846,0.3588850174216029,,,,
E_DCT_16_32_frac,C,R,extratrees,src_gss,0,159,41,-0.12068215793075954,0.09493347402104257,0.12258838100652415,0.2998257839721255,,,,
rms_DCT_32_64_um,C,R,dummy,src_gss,0,159,41,-0.0024463406661163756,0.5001055943887927,1.1129406884636606,,,,,
rms_DCT_32_64_um,C,R,ridge,src_gss,0,159,41,0.08591942075697612,0.43404912704814463,1.0627563138647294,0.5270034843205575,,,,
rms_DCT_32_64_um,C,R,extratrees,src_gss,0,159,41,0.07202139686485931,0.4473468580021407,1.0708051078162608,0.4641114982578398,,,,
E_DCT_32_64_frac,C,R,dummy,src_gss,0,159,41,-0.023417588005832712,0.07756824869585348,0.10197740058839545,,,,,
E_DCT_32_64_frac,C,R,ridge,src_gss,0,159,41,0.01296848068909906,0.07173918580360181,0.10014816821477229,0.5155052264808364,,,,
E_DCT_32_64_frac,C,R,extratrees,src_gss,0,159,41,-0.09942421291683368,0.07627442888826644,0.10569638844388093,0.35243902439024394,,,,
rms_DCT_64_inf_um,C,R,dummy,src_gss,0,159,41,-0.0018423791866561956,0.7381409198180224,1.4675954338286028,,,,,
rms_DCT_64_inf_um,C,R,ridge,src_gss,0,159,41,0.1341914373964651,0.6862910440532032,1.3643242253284993,0.2998257839721255,,,,
rms_DCT_64_inf_um,C,R,extratrees,src_gss,0,159,41,0.047450201936831804,0.6451818500524344,1.43103579490756,0.3979094076655053,,,,
E_DCT_64_inf_frac,C,R,dummy,src_gss,0,159,41,-0.0002936725528210893,0.1663636728399289,0.204050235356494,,,,,
E_DCT_64_inf_frac,C,R,ridge,src_gss,0,159,41,-0.2216347106305061,0.18885236563479202,0.22549868892643693,0.17351916376306623,,,,
E_DCT_64_inf_frac,C,R,extratrees,src_gss,0,159,41,0.10743907811517772,0.14238644056841185,0.19274906211780285,0.5538327526132406,,,,
DCT_8_16_PC1,D,R,dummy,src_gss,0,159,41,-0.07107718001401708,23.870874956125547,50.530122541890194,,8_16,1.0,10.099657057227846,stable
DCT_8_16_PC1,D,R,ridge,src_gss,0,159,41,-0.11156729016642708,24.504091064324736,51.476362129216525,0.04651567944250873,8_16,1.0,10.099657057227846,stable
DCT_8_16_PC1,D,R,extratrees,src_gss,0,159,41,-0.35089765350133906,31.4428735689504,56.74808255686915,-0.23780487804878053,8_16,1.0,10.099657057227846,stable
DCT_8_16_PC2,D,R,dummy,src_gss,0,159,41,-0.005441025748282202,6.551166400475176,9.510028314170341,,8_16,2.0,63.672412496149434,unstable_pc
DCT_8_16_PC2,D,R,ridge,src_gss,0,159,41,-0.10992539785021127,6.6492966607666,9.9919534830909,0.014459930313588854,8_16,2.0,63.672412496149434,unstable_pc
DCT_8_16_PC2,D,R,extratrees,src_gss,0,159,41,-0.6617383048275696,9.372385886514062,12.226012187551044,-0.2163763066202091,8_16,2.0,63.672412496149434,unstable_pc
DCT_8_16_PC3,D,R,dummy,src_gss,0,159,41,-0.0008334220874695042,10.66711218831478,17.12035403151114,,8_16,3.0,77.73662581647577,unstable_pc
DCT_8_16_PC3,D,R,ridge,src_gss,0,159,41,0.00381254690537558,10.60615484111664,17.08057060901833,0.23083623693379793,8_16,3.0,77.73662581647577,unstable_pc
DCT_8_16_PC3,D,R,extratrees,src_gss,0,159,41,-0.5411203423713202,13.815313944574486,21.244676278367805,0.03588850174216029,8_16,3.0,77.73662581647577,unstable_pc
DCT_16_32_PC1,D,R,dummy,src_gss,0,159,41,-0.0050769026899810665,8.682488137446086,17.98643878465131,,16_32,1.0,46.582561718422895,unstable_pc
DCT_16_32_PC1,D,R,ridge,src_gss,0,159,41,-0.01307016287934104,9.737567333531885,18.057819177848838,0.11306620209059236,16_32,1.0,46.582561718422895,unstable_pc
DCT_16_32_PC1,D,R,extratrees,src_gss,0,159,41,0.029463066469082477,9.00753678154764,17.674680465770034,0.3153310104529617,16_32,1.0,46.582561718422895,unstable_pc
DCT_16_32_PC2,D,R,dummy,src_gss,0,159,41,-0.0560671962601913,10.979446868851618,20.355862296922602,,16_32,2.0,62.36711143871433,unstable_pc
DCT_16_32_PC2,D,R,ridge,src_gss,0,159,41,-0.23165379765663108,12.46912345286765,21.983055334712713,-0.24756097560975612,16_32,2.0,62.36711143871433,unstable_pc
DCT_16_32_PC2,D,R,extratrees,src_gss,0,159,41,-0.26814667875968157,12.993121584742505,22.306347945957988,0.028048780487804882,16_32,2.0,62.36711143871433,unstable_pc
DCT_16_32_PC3,D,R,dummy,src_gss,0,159,41,-0.041484689985413103,8.0524737196385,12.536766657646556,,16_32,3.0,69.42159029780507,unstable_pc
DCT_16_32_PC3,D,R,ridge,src_gss,0,159,41,-0.2684855298329927,8.684372104971152,13.835722924571067,0.16777003484320563,16_32,3.0,69.42159029780507,unstable_pc
DCT_16_32_PC3,D,R,extratrees,src_gss,0,159,41,-1.5410799589746027,13.370181679553154,19.582505762461295,0.20331010452961676,16_32,3.0,69.42159029780507,unstable_pc
DCT_32_64_PC1,D,R,dummy,src_gss,0,159,41,-0.0010628568910906466,27.763808275633597,59.72024861302336,,32_64,1.0,27.412119800985025,stable
DCT_32_64_PC1,D,R,ridge,src_gss,0,159,41,0.0699804710163976,25.290151706238177,57.56214474382422,0.1937282229965157,32_64,1.0,27.412119800985025,stable
DCT_32_64_PC1,D,R,extratrees,src_gss,0,159,41,-0.1431682759786177,28.94352902831228,63.81841518323103,-0.2369337979094077,32_64,1.0,27.412119800985025,stable
DCT_32_64_PC2,D,R,dummy,src_gss,0,159,41,-0.016367351916829254,23.786671311916596,82.92115020139072,,32_64,2.0,43.316976296504215,unstable_pc
DCT_32_64_PC2,D,R,ridge,src_gss,0,159,41,-0.005969075134609536,24.55582371219621,82.49588379924131,-0.07648083623693382,32_64,2.0,43.316976296504215,unstable_pc
DCT_32_64_PC2,D,R,extratrees,src_gss,0,159,41,-0.12338551646530749,32.701655243210894,87.17749280672956,0.014459930313588854,32_64,2.0,43.316976296504215,unstable_pc
DCT_32_64_PC3,D,R,dummy,src_gss,0,159,41,-0.001764302370711901,21.434038343891768,67.75648527733688,,32_64,3.0,51.47062647287167,unstable_pc
DCT_32_64_PC3,D,R,ridge,src_gss,0,159,41,-0.00245517806248019,22.701786925383654,67.77984568274847,-0.2153310104529617,32_64,3.0,51.47062647287167,unstable_pc
DCT_32_64_PC3,D,R,extratrees,src_gss,0,159,41,-0.02265036936379472,24.371863382719923,68.45917856235836,-0.05975609756097563,32_64,3.0,51.47062647287167,unstable_pc
DCT_64_inf_PC1,D,R,dummy,src_gss,0,159,41,-0.05158671400170789,41.75354998466461,71.11745934293332,,64_inf,1.0,15.90125503799186,stable
DCT_64_inf_PC1,D,R,ridge,src_gss,0,159,41,-0.180012745557945,46.64757350533461,75.33504239873842,-0.19390243902439028,64_inf,1.0,15.90125503799186,stable
DCT_64_inf_PC1,D,R,extratrees,src_gss,0,159,41,-0.0805198744131872,44.20233105777218,72.08917702718466,0.1594076655052265,64_inf,1.0,15.90125503799186,stable
DCT_64_inf_PC2,D,R,dummy,src_gss,0,159,41,-0.031046025380368603,42.00727052849704,125.409541450866,,64_inf,2.0,58.41508497438174,unstable_pc
DCT_64_inf_PC2,D,R,ridge,src_gss,0,159,41,0.011739241407896617,42.91391962125377,122.77991521867081,0.012020905923344951,64_inf,2.0,58.41508497438174,unstable_pc
DCT_64_inf_PC2,D,R,extratrees,src_gss,0,159,41,0.0008542597472095403,49.25072214389023,123.4542297724401,0.22404181184668992,64_inf,2.0,58.41508497438174,unstable_pc
DCT_64_inf_PC3,D,R,dummy,src_gss,0,159,41,-0.050853977444036635,40.47772190303922,117.05370812452401,,64_inf,3.0,44.72183581545603,unstable_pc
DCT_64_inf_PC3,D,R,ridge,src_gss,0,159,41,-0.09887273472130631,42.14171736089087,119.69821909762152,-0.13188153310104533,64_inf,3.0,44.72183581545603,unstable_pc
DCT_64_inf_PC3,D,R,extratrees,src_gss,0,159,41,-0.15532437835346524,50.47532083138505,122.73430246512385,-0.04634146341463416,64_inf,3.0,44.72183581545603,unstable_pc
median_depth_um,A,C,dummy,src_gss,0,159,41,-0.013437923678524033,17.709887804878047,19.174295074723727,,,,,
median_depth_um,A,C,ridge,src_gss,0,159,41,0.84810773664306,6.207819387744868,7.423157193704052,0.9390243902439025,,,,
median_depth_um,A,C,extratrees,src_gss,0,159,41,0.9607623298534848,2.968888087357721,3.772875171715877,0.9459930313588851,,,,
Sq_um,B,C,dummy,src_gss,0,159,41,-0.000430273680446458,1.008023532719395,1.9678118143604544,,,,,
Sq_um,B,C,ridge,src_gss,0,159,41,0.138178203637773,0.9029153312054122,1.8264125716037316,0.48571428571428577,,,,
Sq_um,B,C,extratrees,src_gss,0,159,41,0.09127817269247251,0.8749919671593951,1.8754506076005726,0.41498257839721264,,,,
Sa_um,B,C,dummy,src_gss,0,159,41,-0.022675945658118923,0.5526383842628122,0.919324111921733,,,,,
Sa_um,B,C,ridge,src_gss,0,159,41,0.11430723188386571,0.46726230336863683,0.8555416946786931,0.41184668989547046,,,,
Sa_um,B,C,extratrees,src_gss,0,159,41,0.08201545400568988,0.4285951087070507,0.8709983161075273,0.41463414634146345,,,,
Ssk_skewness,B,C,dummy,src_gss,0,159,41,-0.03108456036903884,1.8580294367723948,2.4793381378418626,,,,,
Ssk_skewness,B,C,ridge,src_gss,0,159,41,0.08002915451679171,1.6116398082592929,2.341939390220804,0.4238675958188154,,,,
Ssk_skewness,B,C,extratrees,src_gss,0,159,41,-0.1416436891447479,1.776655335638014,2.6088788331060067,0.21968641114982584,,,,
kurtosis_excess_fisher,B,C,dummy,src_gss,0,159,41,-0.06450248261886937,11.58348555311412,15.371889051423835,,,,,
kurtosis_excess_fisher,B,C,ridge,src_gss,0,159,41,0.12257836597991356,9.666065874484477,13.955907140022957,0.5327526132404182,,,,
kurtosis_excess_fisher,B,C,extratrees,src_gss,0,159,41,-0.28647714622124454,10.814973734374256,16.898763954519254,0.4505226480836238,,,,
grad_rms_um_per_um,B,C,dummy,src_gss,0,159,41,-1.3440987272073102e-06,0.29912541619161626,0.49526834446655865,,,,,
grad_rms_um_per_um,B,C,ridge,src_gss,0,159,41,0.06343692083464503,0.2762253913458372,0.47930150786138237,0.3642857142857144,,,,
grad_rms_um_per_um,B,C,extratrees,src_gss,0,159,41,0.07887492277553165,0.2812189283392109,0.47533476804817343,0.4782229965156795,,,,
lap_rms_um_per_px2,B,C,dummy,src_gss,0,159,41,-0.0003753064834992603,0.1359254541191587,0.21417876255943125,,,,,
lap_rms_um_per_px2,B,C,ridge,src_gss,0,159,41,0.041352757138806706,0.13247460302794276,0.20966422703538032,0.10627177700348434,,,,
lap_rms_um_per_px2,B,C,extratrees,src_gss,0,159,41,-0.05623990797052447,0.13947411240593002,0.22007778672372807,0.18519163763066207,,,,
acf_e_fold_lag_um,B,C,dummy,src_gss,0,159,41,-0.003975868624768619,6.70233164595797,7.317712305378796,,,,,
acf_e_fold_lag_um,B,C,ridge,src_gss,0,159,41,0.10197498217087742,5.972061405854933,6.920825703876374,0.46870550579793796,,,,
acf_e_fold_lag_um,B,C,extratrees,src_gss,0,159,41,0.08986625050670949,5.354120363917926,6.967328761081597,0.41130587378322675,,,,
aniso_gradx_over_y,B,C,dummy,src_gss,0,159,41,-0.006915084550416006,0.5050637262946046,0.6637309611566409,,,,,
aniso_gradx_over_y,B,C,ridge,src_gss,0,159,41,0.4945894640409806,0.33053185467043183,0.4702380835303066,0.7580139372822301,,,,
aniso_gradx_over_y,B,C,extratrees,src_gss,0,159,41,0.6988799460925786,0.26754730291830653,0.3629656218394365,0.7545296167247388,,,,
pit_density_per_Mpx,B,C,dummy,src_gss,0,159,41,-0.026777167989908035,6551.3247334713915,10973.307754058613,,,,,
pit_density_per_Mpx,B,C,ridge,src_gss,0,159,41,-0.43003836630725867,8188.99384485972,12950.105385706787,0.23675902346380054,,,,
pit_density_per_Mpx,B,C,extratrees,src_gss,0,159,41,-1.1889954259416187,9256.5484266115,16022.190277598487,0.17206923097131888,,,,
pit_depth_um,B,C,dummy,src_gss,0,159,41,-0.047077630141519666,1.4586488072418817,1.9026360777483082,,,,,
pit_depth_um,B,C,ridge,src_gss,0,159,41,-0.0335625381693041,1.284435783776001,1.8903171163088766,0.5327526132404182,,,,
pit_depth_um,B,C,extratrees,src_gss,0,159,41,-0.2290416248596885,1.2477205582835333,2.0613397720322864,0.4451219512195122,,,,
peak_to_valley_p98p2_um,B,C,dummy,src_gss,0,159,41,-0.0002909605411995919,3.956614234781733,6.736214777054154,,,,,
peak_to_valley_p98p2_um,B,C,ridge,src_gss,0,159,41,0.08518018463054078,3.674736816187862,6.441997251013037,0.38066202090592344,,,,
peak_to_valley_p98p2_um,B,C,extratrees,src_gss,0,159,41,0.04233800416658118,3.665274833637939,6.591114863749707,0.37595818815331017,,,,
deepest_negative_residual_um,B,C,dummy,src_gss,0,159,41,-0.047077630141519666,1.4586488072418817,1.9026360777483082,,,,,
deepest_negative_residual_um,B,C,ridge,src_gss,0,159,41,-0.0335625381693041,1.284435783776001,1.8903171163088766,0.5327526132404182,,,,
deepest_negative_residual_um,B,C,extratrees,src_gss,0,159,41,-0.2290416248596885,1.2477205582835333,2.0613397720322864,0.4451219512195122,,,,
rms_DCT_8_16_um,C,C,dummy,src_gss,0,159,41,-0.000766141199487036,0.29927997432825837,0.48656789735099626,,,,,
rms_DCT_8_16_um,C,C,ridge,src_gss,0,159,41,0.06356021792428357,0.2755904868594074,0.4706706068074311,0.3921602787456447,,,,
rms_DCT_8_16_um,C,C,extratrees,src_gss,0,159,41,0.2535104064714103,0.2564571053111263,0.42023191171266266,0.5419860627177702,,,,
E_DCT_8_16_frac,C,C,dummy,src_gss,0,159,41,-0.0023380908809522705,0.16776407436261556,0.21265579539264992,,,,,
E_DCT_8_16_frac,C,C,ridge,src_gss,0,159,41,0.5702835022770034,0.1069158443084128,0.13923907169092878,0.7597560975609757,,,,
E_DCT_8_16_frac,C,C,extratrees,src_gss,0,159,41,0.6602720726973785,0.10062756564935071,0.12380430034340324,0.6921602787456448,,,,
rms_DCT_16_32_um,C,C,dummy,src_gss,0,159,41,-0.00010694241517050784,0.38478449718686136,0.6302741449430055,,,,,
rms_DCT_16_32_um,C,C,ridge,src_gss,0,159,41,0.15635262199647804,0.31687238348915997,0.5788776090866445,0.5817073170731708,,,,
rms_DCT_16_32_um,C,C,extratrees,src_gss,0,159,41,0.11358087731949418,0.3302111604847178,0.5933703333124998,0.6043554006968643,,,,
E_DCT_16_32_frac,C,C,dummy,src_gss,0,159,41,-0.0017134638411309133,0.09551980421487827,0.11589903932413757,,,,,
E_DCT_16_32_frac,C,C,ridge,src_gss,0,159,41,0.19662542297249175,0.0839809758060603,0.10379277484604728,0.43240418118466906,,,,
E_DCT_16_32_frac,C,C,extratrees,src_gss,0,159,41,-0.08417525394031111,0.09490183802670575,0.12057515414524639,0.29686411149825787,,,,
rms_DCT_32_64_um,C,C,dummy,src_gss,0,159,41,-0.0024463406661163756,0.5001055943887927,1.1129406884636606,,,,,
rms_DCT_32_64_um,C,C,ridge,src_gss,0,159,41,0.10959964234827912,0.4325436373526831,1.0489000732155507,0.5461672473867597,,,,
rms_DCT_32_64_um,C,C,extratrees,src_gss,0,159,41,0.08529548570944034,0.4392231786963935,1.0631189612129879,0.502439024390244,,,,
E_DCT_32_64_frac,C,C,dummy,src_gss,0,159,41,-0.023417588005832712,0.07756824869585348,0.10197740058839545,,,,,
E_DCT_32_64_frac,C,C,ridge,src_gss,0,159,41,0.11183470581174759,0.06592761475717525,0.09500017357684534,0.5869337979094078,,,,
E_DCT_32_64_frac,C,C,extratrees,src_gss,0,159,41,-0.06703695791845443,0.07643293284249188,0.10412792890176559,0.38257839721254366,,,,
rms_DCT_64_inf_um,C,C,dummy,src_gss,0,159,41,-0.0018423791866561956,0.7381409198180224,1.4675954338286028,,,,,
rms_DCT_64_inf_um,C,C,ridge,src_gss,0,159,41,0.1765073469973436,0.6580961999200756,1.330566291362452,0.478048780487805,,,,
rms_DCT_64_inf_um,C,C,extratrees,src_gss,0,159,41,0.10313284885685947,0.587713621078541,1.3885793781779816,0.45000000000000007,,,,
E_DCT_64_inf_frac,C,C,dummy,src_gss,0,159,41,-0.0002936725528210893,0.1663636728399289,0.204050235356494,,,,,
E_DCT_64_inf_frac,C,C,ridge,src_gss,0,159,41,0.3353905224893846,0.1484300568528971,0.1663246446610042,0.6113240418118469,,,,
E_DCT_64_inf_frac,C,C,extratrees,src_gss,0,159,41,0.37443728015536837,0.12913344925592732,0.16136478691659756,0.6242160278745645,,,,
DCT_8_16_PC1,D,C,dummy,src_gss,0,159,41,-0.07107718001401708,23.870874956125547,50.530122541890194,,8_16,1.0,10.099657057227846,stable
DCT_8_16_PC1,D,C,ridge,src_gss,0,159,41,-0.19474656216293962,25.265805086787655,53.367623401891464,-0.1682926829268293,8_16,1.0,10.099657057227846,stable
DCT_8_16_PC1,D,C,extratrees,src_gss,0,159,41,-0.47285530491766403,26.866772407191363,59.2543188175802,-0.38449477351916383,8_16,1.0,10.099657057227846,stable
DCT_8_16_PC2,D,C,dummy,src_gss,0,159,41,-0.005441025748282202,6.551166400475176,9.510028314170341,,8_16,2.0,63.672412496149434,unstable_pc
DCT_8_16_PC2,D,C,ridge,src_gss,0,159,41,-0.2063731291028028,6.892709762165469,10.417040112141663,0.14163763066202095,8_16,2.0,63.672412496149434,unstable_pc
DCT_8_16_PC2,D,C,extratrees,src_gss,0,159,41,-0.10883825254922774,7.4619843432373125,9.987058844883181,0.1595818815331011,8_16,2.0,63.672412496149434,unstable_pc
DCT_8_16_PC3,D,C,dummy,src_gss,0,159,41,-0.0008334220874695042,10.66711218831478,17.12035403151114,,8_16,3.0,77.73662581647577,unstable_pc
DCT_8_16_PC3,D,C,ridge,src_gss,0,159,41,0.00833399971520521,10.80305817849583,17.041764245779667,0.12334494773519164,8_16,3.0,77.73662581647577,unstable_pc
DCT_8_16_PC3,D,C,extratrees,src_gss,0,159,41,-0.25109517987237084,12.809224396061165,19.141546233850182,0.06271777003484322,8_16,3.0,77.73662581647577,unstable_pc
DCT_16_32_PC1,D,C,dummy,src_gss,0,159,41,-0.0050769026899810665,8.682488137446086,17.98643878465131,,16_32,1.0,46.582561718422895,unstable_pc
DCT_16_32_PC1,D,C,ridge,src_gss,0,159,41,-0.20381072221552232,11.838435291557918,19.68451148135393,0.02299651567944251,16_32,1.0,46.582561718422895,unstable_pc
DCT_16_32_PC1,D,C,extratrees,src_gss,0,159,41,-0.28938974639766135,10.606491661205265,20.3721865177811,0.02874564459930314,16_32,1.0,46.582561718422895,unstable_pc
DCT_16_32_PC2,D,C,dummy,src_gss,0,159,41,-0.0560671962601913,10.979446868851618,20.355862296922602,,16_32,2.0,62.36711143871433,unstable_pc
DCT_16_32_PC2,D,C,ridge,src_gss,0,159,41,-0.4102338598530588,13.609860876378304,23.522815212246226,-0.2844947735191638,16_32,2.0,62.36711143871433,unstable_pc
DCT_16_32_PC2,D,C,extratrees,src_gss,0,159,41,-0.9109715034676362,15.446939160716324,27.382357319952764,-0.24547038327526138,16_32,2.0,62.36711143871433,unstable_pc
DCT_16_32_PC3,D,C,dummy,src_gss,0,159,41,-0.041484689985413103,8.0524737196385,12.536766657646556,,16_32,3.0,69.42159029780507,unstable_pc
DCT_16_32_PC3,D,C,ridge,src_gss,0,159,41,-0.23033162762289194,8.996660527739103,13.62605669776663,0.006271777003484322,16_32,3.0,69.42159029780507,unstable_pc
DCT_16_32_PC3,D,C,extratrees,src_gss,0,159,41,-2.639131786561708,15.787388070362503,23.434623964517655,0.12526132404181187,16_32,3.0,69.42159029780507,unstable_pc
DCT_32_64_PC1,D,C,dummy,src_gss,0,159,41,-0.0010628568910906466,27.763808275633597,59.72024861302336,,32_64,1.0,27.412119800985025,stable
DCT_32_64_PC1,D,C,ridge,src_gss,0,159,41,0.14456929301575228,24.120640698094892,55.205627546752055,0.39686411149825795,32_64,1.0,27.412119800985025,stable
DCT_32_64_PC1,D,C,extratrees,src_gss,0,159,41,-0.13901398614861638,28.180507508773417,63.70235112685996,-0.1266550522648084,32_64,1.0,27.412119800985025,stable
DCT_32_64_PC2,D,C,dummy,src_gss,0,159,41,-0.016367351916829254,23.786671311916596,82.92115020139072,,32_64,2.0,43.316976296504215,unstable_pc
DCT_32_64_PC2,D,C,ridge,src_gss,0,159,41,-0.02034954180096782,25.690294011630275,83.0834364817345,0.02439024390243903,32_64,2.0,43.316976296504215,unstable_pc
DCT_32_64_PC2,D,C,extratrees,src_gss,0,159,41,-0.13194815869672483,30.734626497281834,87.50910320898959,-0.23989547038327533,32_64,2.0,43.316976296504215,unstable_pc
DCT_32_64_PC3,D,C,dummy,src_gss,0,159,41,-0.001764302370711901,21.434038343891768,67.75648527733688,,32_64,3.0,51.47062647287167,unstable_pc
DCT_32_64_PC3,D,C,ridge,src_gss,0,159,41,-0.003521175560904588,22.856963511345683,67.81587420026715,-0.20749128919860632,32_64,3.0,51.47062647287167,unstable_pc
DCT_32_64_PC3,D,C,extratrees,src_gss,0,159,41,0.009491628790527229,22.82061304466143,67.37475037616508,0.05034843205574915,32_64,3.0,51.47062647287167,unstable_pc
DCT_64_inf_PC1,D,C,dummy,src_gss,0,159,41,-0.05158671400170789,41.75354998466461,71.11745934293332,,64_inf,1.0,15.90125503799186,stable
DCT_64_inf_PC1,D,C,ridge,src_gss,0,159,41,-0.2818200417351153,49.62159125127121,78.5176362357043,0.035365853658536596,64_inf,1.0,15.90125503799186,stable
DCT_64_inf_PC1,D,C,extratrees,src_gss,0,159,41,0.09791235013609301,41.036482908195744,65.86854291323708,0.09790940766550525,64_inf,1.0,15.90125503799186,stable
DCT_64_inf_PC2,D,C,dummy,src_gss,0,159,41,-0.031046025380368603,42.00727052849704,125.409541450866,,64_inf,2.0,58.41508497438174,unstable_pc
DCT_64_inf_PC2,D,C,ridge,src_gss,0,159,41,-0.04757173755851185,49.6302496184009,126.41058473121693,-0.07700348432055751,64_inf,2.0,58.41508497438174,unstable_pc
DCT_64_inf_PC2,D,C,extratrees,src_gss,0,159,41,-0.00045570141313411305,47.70216627787565,123.53513252125674,0.19355400696864117,64_inf,2.0,58.41508497438174,unstable_pc
DCT_64_inf_PC3,D,C,dummy,src_gss,0,159,41,-0.050853977444036635,40.47772190303922,117.05370812452401,,64_inf,3.0,44.72183581545603,unstable_pc
DCT_64_inf_PC3,D,C,ridge,src_gss,0,159,41,-0.0938207785125531,43.16902121626256,119.42275189941111,-0.048606271777003496,64_inf,3.0,44.72183581545603,unstable_pc
DCT_64_inf_PC3,D,C,extratrees,src_gss,0,159,41,-0.09303372823844502,49.28997782153023,119.37977930952191,-0.10993031358885018,64_inf,3.0,44.72183581545603,unstable_pc
median_depth_um,A,A,dummy,src_gss,1,163,37,-0.10800078292312243,18.49509968496103,20.855588651851857,,,,,
median_depth_um,A,A,ridge,src_gss,1,163,37,0.6714039517562653,9.877574573590627,11.35752200314535,0.8231389284020862,,,,
median_depth_um,A,A,extratrees,src_gss,1,163,37,0.944914834204479,3.5679212013581734,4.65017984188851,0.9701280227596016,,,,
Sq_um,B,A,dummy,src_gss,1,163,37,-0.020340524284794936,1.2339418630691306,2.055591528493842,,,,,
Sq_um,B,A,ridge,src_gss,1,163,37,0.11705317432822848,1.1953010275543865,1.9121921287889203,0.632764343290659,,,,
Sq_um,B,A,extratrees,src_gss,1,163,37,0.029055248252717214,1.2594607516518914,2.005217613292415,0.6602655286865812,,,,
Sa_um,B,A,dummy,src_gss,1,163,37,-0.02423309881661817,0.6660534828138744,1.1840782866174775,,,,,
Sa_um,B,A,ridge,src_gss,1,163,37,0.10778751103961937,0.6927421618874465,1.1051345666935217,0.6341868183973447,,,,
Sa_um,B,A,extratrees,src_gss,1,163,37,-0.11505427665490697,0.7039615399955036,1.235460935734094,0.612375533428165,,,,
Ssk_skewness,B,A,dummy,src_gss,1,163,37,-0.027841462015435914,1.415242387883551,1.9542518066728953,,,,,
Ssk_skewness,B,A,ridge,src_gss,1,163,37,0.20955108180723292,1.1532076649662768,1.7137771991994526,0.4556661925082977,,,,
Ssk_skewness,B,A,extratrees,src_gss,1,163,37,0.31788827184501445,1.1409614356144784,1.592007884213771,0.4914651493598861,,,,
kurtosis_excess_fisher,B,A,dummy,src_gss,1,163,37,-7.821578691391551e-07,11.064906931196505,17.1110773443991,,,,,
kurtosis_excess_fisher,B,A,ridge,src_gss,1,163,37,0.17499081560348595,9.334151114568641,15.541988246779788,0.512565196775723,,,,
kurtosis_excess_fisher,B,A,extratrees,src_gss,1,163,37,0.36948549495960925,9.269102126855234,13.587035981982524,0.41820768136557607,,,,
grad_rms_um_per_um,B,A,dummy,src_gss,1,163,37,-0.011358032255472272,0.2875452845579181,0.4051252700453748,,,,,
grad_rms_um_per_um,B,A,ridge,src_gss,1,163,37,-0.008472994857059435,0.31271521241646205,0.40454701968768947,0.2728781412991939,,,,
grad_rms_um_per_um,B,A,extratrees,src_gss,1,163,37,-0.20664902575641975,0.3385074421114026,0.44251434400247724,0.14011379800853482,,,,
lap_rms_um_per_px2,B,A,dummy,src_gss,1,163,37,-0.0003242256297530943,0.1467508432378789,0.19841900477679586,,,,,
lap_rms_um_per_px2,B,A,ridge,src_gss,1,163,37,0.07154127292585488,0.1511162202774509,0.19115874695744972,0.1813655761024182,,,,
lap_rms_um_per_px2,B,A,extratrees,src_gss,1,163,37,-0.08419537272474287,0.15370665915740558,0.20656971408207822,0.10715979137031767,,,,
acf_e_fold_lag_um,B,A,dummy,src_gss,1,163,37,-0.0003735361490881939,5.908555795058863,6.555696036261907,,,,,
acf_e_fold_lag_um,B,A,ridge,src_gss,1,163,37,0.15360348663649404,5.238829368577039,6.030101805535512,0.3816200950614291,,,,
acf_e_fold_lag_um,B,A,extratrees,src_gss,1,163,37,0.23463144472582897,4.265135408622908,5.734202414650302,0.5303973132045439,,,,
aniso_gradx_over_y,B,A,dummy,src_gss,1,163,37,-0.023718781289756574,0.5548655522855941,0.773283933063891,,,,,
aniso_gradx_over_y,B,A,ridge,src_gss,1,163,37,0.41910931400732077,0.4049960729441193,0.5824999034760925,0.8231389284020862,,,,
aniso_gradx_over_y,B,A,extratrees,src_gss,1,163,37,0.5973547897732117,0.329357035083754,0.4849644675394656,0.8105032318191338,,,,
pit_density_per_Mpx,B,A,dummy,src_gss,1,163,37,-13.601557482043157,5750.270736610843,5800.804418494559,,,,,
pit_density_per_Mpx,B,A,ridge,src_gss,1,163,37,-11.477285627063901,4255.4502811206885,5362.2701537699095,0.02583787635781984,,,,
pit_density_per_Mpx,B,A,extratrees,src_gss,1,163,37,-70.57203590575203,6642.411850466535,12842.817680283704,-0.4362272932289785,,,,
pit_depth_um,B,A,dummy,src_gss,1,163,37,-9.064675986714121e-06,1.3873683589721715,2.220208217088976,,,,,
pit_depth_um,B,A,ridge,src_gss,1,163,37,-0.0008660117701668746,1.400622849172746,2.2211593052433005,0.3992413466097676,,,,
pit_depth_um,B,A,extratrees,src_gss,1,163,37,-0.266717687587668,1.5429632474762116,2.4988009057566525,0.5142247510668563,,,,
peak_to_valley_p98p2_um,B,A,dummy,src_gss,1,163,37,-0.03387932607393562,5.260150623755769,9.499121619051255,,,,,
peak_to_valley_p98p2_um,B,A,ridge,src_gss,1,163,37,0.11651618545151621,4.9788157122700225,8.781077726091826,0.6709340919867234,,,,
peak_to_valley_p98p2_um,B,A,extratrees,src_gss,1,163,37,0.014143768187741768,5.355315512440643,9.275884142041615,0.6818397344713133,,,,
deepest_negative_residual_um,B,A,dummy,src_gss,1,163,37,-9.064675986714121e-06,1.3873683589721715,2.220208217088976,,,,,
deepest_negative_residual_um,B,A,ridge,src_gss,1,163,37,-0.0008660117701668746,1.400622849172746,2.2211593052433005,0.3992413466097676,,,,
deepest_negative_residual_um,B,A,extratrees,src_gss,1,163,37,-0.266717687587668,1.5429632474762116,2.4988009057566525,0.5142247510668563,,,,
rms_DCT_8_16_um,C,A,dummy,src_gss,1,163,37,-0.0059940667635591804,0.2497670825103417,0.33144495064516877,,,,,
rms_DCT_8_16_um,C,A,ridge,src_gss,1,163,37,-0.278393361232115,0.310072780166641,0.373633622773548,0.14604077761972498,,,,
rms_DCT_8_16_um,C,A,extratrees,src_gss,1,163,37,-0.1383748967175964,0.28017525373900865,0.35257892772121197,0.2633949739212897,,,,
E_DCT_8_16_frac,C,A,dummy,src_gss,1,163,37,-0.004122818890762936,0.15561990389134,0.20525100376310693,,,,,
E_DCT_8_16_frac,C,A,ridge,src_gss,1,163,37,0.41944236532195267,0.13006693116761542,0.1560682431944042,0.6318160265528685,,,,
E_DCT_8_16_frac,C,A,extratrees,src_gss,1,163,37,0.6193942405811134,0.10622071135969587,0.1263657994589866,0.7242769084874346,,,,
rms_DCT_16_32_um,C,A,dummy,src_gss,1,163,37,-0.030629454394478728,0.4410653049280193,0.669890569160605,,,,,
rms_DCT_16_32_um,C,A,ridge,src_gss,1,163,37,0.19241464242069695,0.4073400883762465,0.5929892315223269,0.7060218112849691,,,,
rms_DCT_16_32_um,C,A,extratrees,src_gss,1,163,37,-0.09488714354844818,0.45779082353739764,0.6904580014488986,0.6510194404931247,,,,
E_DCT_16_32_frac,C,A,dummy,src_gss,1,163,37,-0.047855594219560205,0.10127003271743133,0.13267160700941272,,,,,
E_DCT_16_32_frac,C,A,ridge,src_gss,1,163,37,0.13307484398556357,0.09289991465745091,0.12067521302061707,0.5362731152204836,,,,
E_DCT_16_32_frac,C,A,extratrees,src_gss,1,163,37,0.37307123710072576,0.07714839513675457,0.1026210299571143,0.6092935040303461,,,,
rms_DCT_32_64_um,C,A,dummy,src_gss,1,163,37,-0.022675896392086337,0.5833413452047318,0.9414831665815058,,,,,
rms_DCT_32_64_um,C,A,ridge,src_gss,1,163,37,0.19275116947564863,0.532525343161431,0.836464013827603,0.7074442863916548,,,,
rms_DCT_32_64_um,C,A,extratrees,src_gss,1,163,37,0.06347652461406483,0.5687509056939579,0.9009545509771808,0.7954006638217164,,,,
E_DCT_32_64_frac,C,A,dummy,src_gss,1,163,37,-0.001449477248832931,0.07061076640421018,0.08376191937134353,,,,,
E_DCT_32_64_frac,C,A,ridge,src_gss,1,163,37,0.3599895593283964,0.05576753732808823,0.06696157001330602,0.6948790896159316,,,,
E_DCT_32_64_frac,C,A,extratrees,src_gss,1,163,37,0.399569233685781,0.047184028083864196,0.06485800220735272,0.7529634898055949,,,,
rms_DCT_64_inf_um,C,A,dummy,src_gss,1,163,37,-0.016873816967251543,0.9734543003999423,1.7587241432776346,,,,,
rms_DCT_64_inf_um,C,A,ridge,src_gss,1,163,37,0.1296719894913918,0.9432181267006325,1.6270678865877126,0.6076339497392129,,,,
rms_DCT_64_inf_um,C,A,extratrees,src_gss,1,163,37,0.08216848036257007,0.9092559774445061,1.670881601584526,0.7273589378852536,,,,
E_DCT_64_inf_frac,C,A,dummy,src_gss,1,163,37,-0.02746842530110083,0.19318804901946135,0.22151928629037762,,,,,
E_DCT_64_inf_frac,C,A,ridge,src_gss,1,163,37,0.3646075112334911,0.1426772721918728,0.1742000757215314,0.5436225699383593,,,,
E_DCT_64_inf_frac,C,A,extratrees,src_gss,1,163,37,0.37441887953832265,0.12737049573095519,0.1728498941684912,0.5974395448079658,,,,
DCT_8_16_PC1,D,A,dummy,src_gss,1,163,37,-0.017735608200956543,18.087991958918227,33.49788086200195,,8_16,1.0,12.125485764206122,stable
DCT_8_16_PC1,D,A,ridge,src_gss,1,163,37,-0.11112960671503691,20.192455921740635,35.00114152684668,-0.16666666666666663,8_16,1.0,12.125485764206122,stable
DCT_8_16_PC1,D,A,extratrees,src_gss,1,163,37,-0.9523798443418954,25.36751762250379,46.39615669503158,-0.22712185870080606,8_16,1.0,12.125485764206122,stable
DCT_8_16_PC2,D,A,dummy,src_gss,1,163,37,-0.1088143962654815,6.087214800404102,8.662149284325393,,8_16,2.0,20.448487798141677,stable
DCT_8_16_PC2,D,A,ridge,src_gss,1,163,37,-0.2288630911820202,6.538895674472103,9.119016181626558,-0.18421052631578946,8_16,2.0,20.448487798141677,stable
DCT_8_16_PC2,D,A,extratrees,src_gss,1,163,37,-0.19681849240623261,6.845703985517977,8.999334231858606,0.03366524419155997,8_16,2.0,20.448487798141677,stable
DCT_8_16_PC3,D,A,dummy,src_gss,1,163,37,-0.002994313845703367,11.589286847693947,18.218379467336394,,8_16,3.0,79.98271722383208,unstable_pc
DCT_8_16_PC3,D,A,ridge,src_gss,1,163,37,-0.16554522148021977,14.10037480280865,19.639257856310167,-0.027027027027027025,8_16,3.0,79.98271722383208,unstable_pc
DCT_8_16_PC3,D,A,extratrees,src_gss,1,163,37,-1.1718630056453256,16.884131601728313,26.80875971203737,-0.2641062114746325,8_16,3.0,79.98271722383208,unstable_pc
DCT_16_32_PC1,D,A,dummy,src_gss,1,163,37,-1.907559060221331e-05,11.070607950997678,18.650851297298527,,16_32,1.0,42.79628184319031,unstable_pc
DCT_16_32_PC1,D,A,ridge,src_gss,1,163,37,-0.060094058394975614,11.72405271063387,19.202895454248523,-0.0644855381697487,16_32,1.0,42.79628184319031,unstable_pc
DCT_16_32_PC1,D,A,extratrees,src_gss,1,163,37,-1.4743467712788676,18.010558808274048,29.337614631475024,-0.18942626837363677,16_32,1.0,42.79628184319031,unstable_pc
DCT_16_32_PC2,D,A,dummy,src_gss,1,163,37,-0.09907619316156402,15.473407806029904,28.151598436512028,,16_32,2.0,74.84775131671431,unstable_pc
DCT_16_32_PC2,D,A,ridge,src_gss,1,163,37,-0.2584109566712991,17.69857131428092,30.12315136033864,-0.19298245614035084,16_32,2.0,74.84775131671431,unstable_pc
DCT_16_32_PC2,D,A,extratrees,src_gss,1,163,37,-0.35792362175037296,19.77399071752326,31.29153227824189,-0.2119487908961593,16_32,2.0,74.84775131671431,unstable_pc
DCT_16_32_PC3,D,A,dummy,src_gss,1,163,37,-0.031673270358548056,15.382146579228687,31.346792433418006,,16_32,3.0,77.30683001895898,unstable_pc
DCT_16_32_PC3,D,A,ridge,src_gss,1,163,37,-0.11744249739472457,15.591463469497958,32.62380487395243,-0.10929350403034611,16_32,3.0,77.30683001895898,unstable_pc
DCT_16_32_PC3,D,A,extratrees,src_gss,1,163,37,-0.4840238253729727,22.66812174831967,37.596070525159185,0.039118065433854904,16_32,3.0,77.30683001895898,unstable_pc
DCT_32_64_PC1,D,A,dummy,src_gss,1,163,37,-0.020366865399257028,29.97835653927285,59.644626729846834,,32_64,1.0,8.888247199315966,stable
DCT_32_64_PC1,D,A,ridge,src_gss,1,163,37,0.07525799090854202,30.73943091226199,56.78105336090437,0.03366524419155997,32_64,1.0,8.888247199315966,stable
DCT_32_64_PC1,D,A,extratrees,src_gss,1,163,37,0.10890874782586135,31.838887553232517,55.73836709389831,0.02892366050260787,32_64,1.0,8.888247199315966,stable
DCT_32_64_PC2,D,A,dummy,src_gss,1,163,37,-0.01933997333818871,21.132067879278736,56.066242771336775,,32_64,2.0,52.91471359864183,unstable_pc
DCT_32_64_PC2,D,A,ridge,src_gss,1,163,37,-0.03138321280002865,20.978454406499143,56.39647435014565,0.24158368895210997,32_64,2.0,52.91471359864183,unstable_pc
DCT_32_64_PC2,D,A,extratrees,src_gss,1,163,37,-0.32348945644700167,28.9369916673045,63.88548092274213,0.17591275486012328,32_64,2.0,52.91471359864183,unstable_pc
DCT_32_64_PC3,D,A,dummy,src_gss,1,163,37,-0.03846878694595257,25.389378323397256,52.106908155901394,,32_64,3.0,62.622384414876535,unstable_pc
DCT_32_64_PC3,D,A,ridge,src_gss,1,163,37,-0.019368923141916516,26.42255778128832,51.62550052592848,-0.12612612612612611,32_64,3.0,62.622384414876535,unstable_pc
DCT_32_64_PC3,D,A,extratrees,src_gss,1,163,37,-0.8740119336209076,38.89196061421283,69.99785901190707,-0.07467994310099572,32_64,3.0,62.622384414876535,unstable_pc
DCT_64_inf_PC1,D,A,dummy,src_gss,1,163,37,-0.0007597425299414873,85.4166548434898,185.23963400865068,,64_inf,1.0,28.049741026846245,stable
DCT_64_inf_PC1,D,A,ridge,src_gss,1,163,37,-0.08255271876998327,100.31148516037206,192.6608750256134,-0.09198672356567092,64_inf,1.0,28.049741026846245,stable
DCT_64_inf_PC1,D,A,extratrees,src_gss,1,163,37,-0.08865478768966328,106.22904593409591,193.20310169488562,0.06164058795637742,64_inf,1.0,28.049741026846245,stable
DCT_64_inf_PC2,D,A,dummy,src_gss,1,163,37,-0.019389869873307042,36.504331240154215,80.50413100625393,,64_inf,2.0,31.93609782856989,stable
DCT_64_inf_PC2,D,A,ridge,src_gss,1,163,37,0.09829061080223811,38.65805392453704,75.71489172024296,0.3378378378378378,64_inf,2.0,31.93609782856989,stable
DCT_64_inf_PC2,D,A,extratrees,src_gss,1,163,37,-0.3584255998366801,54.13439822111582,92.93214007331059,0.27003319108582263,64_inf,2.0,31.93609782856989,stable
DCT_64_inf_PC3,D,A,dummy,src_gss,1,163,37,-0.008707330146549896,40.95751122516092,82.9767700274985,,64_inf,3.0,35.19163844710223,stable
DCT_64_inf_PC3,D,A,ridge,src_gss,1,163,37,-0.015597733008510417,44.41011091201008,83.2596916904029,0.0033191085822664762,64_inf,3.0,35.19163844710223,stable
DCT_64_inf_PC3,D,A,extratrees,src_gss,1,163,37,-0.27794992209655134,50.17254528598276,93.39655449207511,0.3013276434329066,64_inf,3.0,35.19163844710223,stable
median_depth_um,A,R,dummy,src_gss,1,163,37,-0.10800078292312243,18.49509968496103,20.855588651851857,,,,,
median_depth_um,A,R,ridge,src_gss,1,163,37,0.5932625111864915,10.584117031998998,12.635997177683027,0.8740442194240855,,,,
median_depth_um,A,R,extratrees,src_gss,1,163,37,0.8741120942706683,4.906383681851699,7.0298235306848635,0.9532333606929434,,,,
Sq_um,B,R,dummy,src_gss,1,163,37,-0.020340524284794936,1.2339418630691306,2.055591528493842,,,,,
Sq_um,B,R,ridge,src_gss,1,163,37,0.166054472167094,1.1963725565436227,1.85837388307861,0.5977120513137446,,,,
Sq_um,B,R,extratrees,src_gss,1,163,37,0.0242118597784573,1.2089282904711505,2.010212730810603,0.6427597664068075,,,,
Sa_um,B,R,dummy,src_gss,1,163,37,-0.02423309881661817,0.6660534828138744,1.1840782866174775,,,,,
Sa_um,B,R,ridge,src_gss,1,163,37,0.1579012906049806,0.6564640301821287,1.0736494721787933,0.5825380841245024,,,,
Sa_um,B,R,extratrees,src_gss,1,163,37,-0.08651360646520034,0.7169377463490714,1.219547158781941,0.6294825451162206,,,,
Ssk_skewness,B,R,dummy,src_gss,1,163,37,-0.027841462015435914,1.415242387883551,1.9542518066728953,,,,,
Ssk_skewness,B,R,ridge,src_gss,1,163,37,0.26541955838804787,1.2709658312412522,1.6521030625767055,0.47857269955445997,,,,
Ssk_skewness,B,R,extratrees,src_gss,1,163,37,0.19958573089486897,1.2054786103317197,1.7245463328845891,0.4247525346801164,,,,
kurtosis_excess_fisher,B,R,dummy,src_gss,1,163,37,-7.821578691391551e-07,11.064906931196505,17.1110773443991,,,,,
kurtosis_excess_fisher,B,R,ridge,src_gss,1,163,37,0.32813207666263877,8.796078529995317,14.025525372234483,0.651650762806754,,,,
kurtosis_excess_fisher,B,R,extratrees,src_gss,1,163,37,0.35460484220504174,8.876353885028772,13.746433513075086,0.5428249668714075,,,,
grad_rms_um_per_um,B,R,dummy,src_gss,1,163,37,-0.011358032255472272,0.2875452845579181,0.4051252700453748,,,,,
grad_rms_um_per_um,B,R,ridge,src_gss,1,163,37,0.06696554745262129,0.3139240811869497,0.38912193220168306,0.28830537659560235,,,,
grad_rms_um_per_um,B,R,extratrees,src_gss,1,163,37,-0.062452707811379904,0.3040551926115892,0.4152328205316471,0.2610396543024327,,,,
lap_rms_um_per_px2,B,R,dummy,src_gss,1,163,37,-0.0003242256297530943,0.1467508432378789,0.19841900477679586,,,,,
lap_rms_um_per_px2,B,R,ridge,src_gss,1,163,37,0.07229923871458432,0.14420475278115605,0.1910807028992777,0.1608677615297008,,,,
lap_rms_um_per_px2,B,R,extratrees,src_gss,1,163,37,0.027927887346611335,0.1394877380916089,0.19559696679125554,0.2820224058063067,,,,
acf_e_fold_lag_um,B,R,dummy,src_gss,1,163,37,-0.0003735361490881939,5.908555795058863,6.555696036261907,,,,,
acf_e_fold_lag_um,B,R,ridge,src_gss,1,163,37,0.2461259904114257,5.0796141250280105,5.690980492946976,0.3304641187194138,,,,
acf_e_fold_lag_um,B,R,extratrees,src_gss,1,163,37,0.027581126195701744,5.098667219004722,6.463450115199951,0.3811677402405024,,,,
aniso_gradx_over_y,B,R,dummy,src_gss,1,163,37,-0.023718781289756574,0.5548655522855941,0.773283933063891,,,,,
aniso_gradx_over_y,B,R,ridge,src_gss,1,163,37,0.1021749563390657,0.500351664142292,0.7241766355567208,0.5657044642739368,,,,
aniso_gradx_over_y,B,R,extratrees,src_gss,1,163,37,0.18124663885206382,0.4366734737402105,0.6915525692406086,0.6325647572015354,,,,
pit_density_per_Mpx,B,R,dummy,src_gss,1,163,37,-13.601557482043157,5750.270736610843,5800.804418494559,,,,,
pit_density_per_Mpx,B,R,ridge,src_gss,1,163,37,-14.853426906388506,5694.93947801784,6044.358415049441,0.05869611692939922,,,,
pit_density_per_Mpx,B,R,extratrees,src_gss,1,163,37,-88.11756428748761,6203.0423563094955,14330.795072674411,-0.34437241340365954,,,,
pit_depth_um,B,R,dummy,src_gss,1,163,37,-9.064675986714121e-06,1.3873683589721715,2.220208217088976,,,,,
pit_depth_um,B,R,ridge,src_gss,1,163,37,0.15721828013874195,1.2670150456471156,2.0382117027841526,0.6414557536014819,,,,
pit_depth_um,B,R,extratrees,src_gss,1,163,37,-0.19325003735078483,1.595797967125295,2.4252553183211627,0.5295477455808206,,,,
peak_to_valley_p98p2_um,B,R,dummy,src_gss,1,163,37,-0.03387932607393562,5.260150623755769,9.499121619051255,,,,,
peak_to_valley_p98p2_um,B,R,ridge,src_gss,1,163,37,0.14367923070238975,5.062063540116258,8.645035108239645,0.6408630205081521,,,,
peak_to_valley_p98p2_um,B,R,extratrees,src_gss,1,163,37,-0.011721044027750871,5.14557397899861,9.396776865617243,0.6792721249559216,,,,
deepest_negative_residual_um,B,R,dummy,src_gss,1,163,37,-9.064675986714121e-06,1.3873683589721715,2.220208217088976,,,,,
deepest_negative_residual_um,B,R,ridge,src_gss,1,163,37,0.15721828013874195,1.2670150456471156,2.0382117027841526,0.6414557536014819,,,,
deepest_negative_residual_um,B,R,extratrees,src_gss,1,163,37,-0.19325003735078483,1.595797967125295,2.4252553183211627,0.5295477455808206,,,,
rms_DCT_8_16_um,C,R,dummy,src_gss,1,163,37,-0.0059940667635591804,0.2497670825103417,0.33144495064516877,,,,,
rms_DCT_8_16_um,C,R,ridge,src_gss,1,163,37,-0.18594835858920034,0.2969354819818824,0.35987078126680677,0.24859225934250742,,,,
rms_DCT_8_16_um,C,R,extratrees,src_gss,1,163,37,-0.17436907445470284,0.27574506603056037,0.3581096306059227,0.30264951745418284,,,,
E_DCT_8_16_frac,C,R,dummy,src_gss,1,163,37,-0.004122818890762936,0.15561990389134,0.20525100376310693,,,,,
E_DCT_8_16_frac,C,R,ridge,src_gss,1,163,37,0.12591470101073543,0.14214743083113715,0.19150000047214882,0.46102779999189863,,,,
E_DCT_8_16_frac,C,R,extratrees,src_gss,1,163,37,0.2653818174139596,0.11822278654554683,0.17555884221224513,0.6246221337509164,,,,
rms_DCT_16_32_um,C,R,dummy,src_gss,1,163,37,-0.030629454394478728,0.4410653049280193,0.669890569160605,,,,,
rms_DCT_16_32_um,C,R,ridge,src_gss,1,163,37,0.2257944551433987,0.40496734510891924,0.5806049410766216,0.7265722258036376,,,,
rms_DCT_16_32_um,C,R,extratrees,src_gss,1,163,37,-0.012501878607190653,0.42536869941563193,0.6639731347623083,0.672989154166626,,,,
E_DCT_16_32_frac,C,R,dummy,src_gss,1,163,37,-0.047855594219560205,0.10127003271743133,0.13267160700941272,,,,,
E_DCT_16_32_frac,C,R,ridge,src_gss,1,163,37,0.1496790244048225,0.08694429153020819,0.11951398229236378,0.5380831021247694,,,,
E_DCT_16_32_frac,C,R,extratrees,src_gss,1,163,37,0.20704643669402145,0.08656375178739553,0.11541204834755209,0.5155592445782379,,,,
rms_DCT_32_64_um,C,R,dummy,src_gss,1,163,37,-0.022675896392086337,0.5833413452047318,0.9414831665815058,,,,,
rms_DCT_32_64_um,C,R,ridge,src_gss,1,163,37,0.18799338241419095,0.5429744607110234,0.838925380623565,0.6893485875425278,,,,
rms_DCT_32_64_um,C,R,extratrees,src_gss,1,163,37,-0.09977410384597496,0.5969167380488948,0.976326986922153,0.7585798128434454,,,,
E_DCT_32_64_frac,C,R,dummy,src_gss,1,163,37,-0.001449477248832931,0.07061076640421018,0.08376191937134353,,,,,
E_DCT_32_64_frac,C,R,ridge,src_gss,1,163,37,0.3107657816468874,0.057419568448514764,0.06948891229048496,0.6480943642467756,,,,
E_DCT_32_64_frac,C,R,extratrees,src_gss,1,163,37,0.12419250662533421,0.05813147528199744,0.07833149704608193,0.6153754974949719,,,,
rms_DCT_64_inf_um,C,R,dummy,src_gss,1,163,37,-0.016873816967251543,0.9734543003999423,1.7587241432776346,,,,,
rms_DCT_64_inf_um,C,R,ridge,src_gss,1,163,37,0.15374206385747935,0.9461094084492735,1.6044107759479704,0.6348171429561885,,,,
rms_DCT_64_inf_um,C,R,extratrees,src_gss,1,163,37,0.016829592090387813,0.930930006698047,1.7293328535097197,0.6765455527266047,,,,
E_DCT_64_inf_frac,C,R,dummy,src_gss,1,163,37,-0.02746842530110083,0.19318804901946135,0.22151928629037762,,,,,
E_DCT_64_inf_frac,C,R,ridge,src_gss,1,163,37,0.14145547779128476,0.17575121511019196,0.20249239262957938,0.4085116479228805,,,,
E_DCT_64_inf_frac,C,R,extratrees,src_gss,1,163,37,0.2950449212296038,0.13549516152256685,0.18348815045160943,0.4718155422905005,,,,
DCT_8_16_PC1,D,R,dummy,src_gss,1,163,37,-0.017735608200956543,18.087991958918227,33.49788086200195,,8_16,1.0,12.125485764206122,stable
DCT_8_16_PC1,D,R,ridge,src_gss,1,163,37,-0.09528046475419916,19.776970766308057,34.750616976159826,-0.1506727523244287,8_16,1.0,12.125485764206122,stable
DCT_8_16_PC1,D,R,extratrees,src_gss,1,163,37,-0.20039318107503545,24.689241224101096,36.37990901922442,-0.1487760064257734,8_16,1.0,12.125485764206122,stable
DCT_8_16_PC2,D,R,dummy,src_gss,1,163,37,-0.1088143962654815,6.087214800404102,8.662149284325393,,8_16,2.0,20.448487798141677,stable
DCT_8_16_PC2,D,R,ridge,src_gss,1,163,37,-0.3108132158153112,6.868615471488933,9.418172527394816,-0.13265366628720354,8_16,2.0,20.448487798141677,stable
DCT_8_16_PC2,D,R,extratrees,src_gss,1,163,37,-3.1793081942698223,10.939448969085706,16.816996561409464,0.0060458775519637,8_16,2.0,20.448487798141677,stable
DCT_8_16_PC3,D,R,dummy,src_gss,1,163,37,-0.002994313845703367,11.589286847693947,18.218379467336394,,8_16,3.0,79.98271722383208,unstable_pc
DCT_8_16_PC3,D,R,ridge,src_gss,1,163,37,-0.2300202783673324,13.723957196144386,20.175144033016633,-0.13786971750850557,8_16,3.0,79.98271722383208,unstable_pc
DCT_8_16_PC3,D,R,extratrees,src_gss,1,163,37,-0.4174784268072631,14.349066784203682,21.65801933853516,-0.06816430573292406,8_16,3.0,79.98271722383208,unstable_pc
DCT_16_32_PC1,D,R,dummy,src_gss,1,163,37,-1.907559060221331e-05,11.070607950997678,18.650851297298527,,16_32,1.0,42.79628184319031,unstable_pc
DCT_16_32_PC1,D,R,ridge,src_gss,1,163,37,-0.025969412042976536,11.984593544970673,18.891294737358745,-0.12506668269258242,16_32,1.0,42.79628184319031,unstable_pc
DCT_16_32_PC1,D,R,extratrees,src_gss,1,163,37,-2.5219454216169566,19.090614099502925,35.00143323000179,-0.0667417463089326,16_32,1.0,42.79628184319031,unstable_pc
DCT_16_32_PC2,D,R,dummy,src_gss,1,163,37,-0.09907619316156402,15.473407806029904,28.151598436512028,,16_32,2.0,74.84775131671431,unstable_pc
DCT_16_32_PC2,D,R,ridge,src_gss,1,163,37,-0.28783831257277237,17.502706323968063,30.473323988003088,-0.3283741337046951,16_32,2.0,74.84775131671431,unstable_pc
DCT_16_32_PC2,D,R,extratrees,src_gss,1,163,37,-0.14607235798166052,16.632606466279423,28.74717531403922,-0.07302471709822822,16_32,2.0,74.84775131671431,unstable_pc
DCT_16_32_PC3,D,R,dummy,src_gss,1,163,37,-0.031673270358548056,15.382146579228687,31.346792433418006,,16_32,3.0,77.30683001895898,unstable_pc
DCT_16_32_PC3,D,R,ridge,src_gss,1,163,37,-0.04258721328625148,15.56321171486277,31.51216312990265,-0.1859996446868832,16_32,3.0,77.30683001895898,unstable_pc
DCT_16_32_PC3,D,R,extratrees,src_gss,1,163,37,-0.5379738013979991,21.265480619381428,38.273350946613654,0.18647383116154706,16_32,3.0,77.30683001895898,unstable_pc
DCT_32_64_PC1,D,R,dummy,src_gss,1,163,37,-0.020366865399257028,29.97835653927285,59.644626729846834,,32_64,1.0,8.888247199315966,stable
DCT_32_64_PC1,D,R,ridge,src_gss,1,163,37,0.03506955641265408,30.200491048412196,58.00175783052552,0.0891470572367981,32_64,1.0,8.888247199315966,stable
DCT_32_64_PC1,D,R,extratrees,src_gss,1,163,37,-0.3419329861347029,39.59029924804953,68.40038805737147,-0.008535356543948753,32_64,1.0,8.888247199315966,stable
DCT_32_64_PC2,D,R,dummy,src_gss,1,163,37,-0.01933997333818871,21.132067879278736,56.066242771336775,,32_64,2.0,52.91471359864183,unstable_pc
DCT_32_64_PC2,D,R,ridge,src_gss,1,163,37,0.0035258762536256594,21.679391936091665,55.433836720628456,0.00011854661866595489,32_64,2.0,52.91471359864183,unstable_pc
DCT_32_64_PC2,D,R,extratrees,src_gss,1,163,37,-0.33732649806192927,28.43047381157795,64.21857294016107,0.03046648099715041,32_64,2.0,52.91471359864183,unstable_pc
DCT_32_64_PC3,D,R,dummy,src_gss,1,163,37,-0.03846878694595257,25.389378323397256,52.106908155901394,,32_64,3.0,62.622384414876535,unstable_pc
DCT_32_64_PC3,D,R,ridge,src_gss,1,163,37,-0.022432316316086442,25.89854756446392,51.70301444831332,-0.10870724931668065,32_64,3.0,62.622384414876535,unstable_pc
DCT_32_64_PC3,D,R,extratrees,src_gss,1,163,37,-0.1606356746161497,32.71869065659965,55.086672325647484,0.10752178313002109,32_64,3.0,62.622384414876535,unstable_pc
DCT_64_inf_PC1,D,R,dummy,src_gss,1,163,37,-0.0007597425299414873,85.4166548434898,185.23963400865068,,64_inf,1.0,28.049741026846245,stable
DCT_64_inf_PC1,D,R,ridge,src_gss,1,163,37,-0.09019341618261145,96.51948744200749,193.33958336030295,-0.2114871677000635,64_inf,1.0,28.049741026846245,stable
DCT_64_inf_PC1,D,R,extratrees,src_gss,1,163,37,0.07040327564059212,95.23957133974453,178.5320917020833,0.07942623450618978,64_inf,1.0,28.049741026846245,stable
DCT_64_inf_PC2,D,R,dummy,src_gss,1,163,37,-0.019389869873307042,36.504331240154215,80.50413100625393,,64_inf,2.0,31.93609782856989,stable
DCT_64_inf_PC2,D,R,ridge,src_gss,1,163,37,-0.17769603778632503,43.656362298617296,86.52958416532842,0.31746784478742723,64_inf,2.0,31.93609782856989,stable
DCT_64_inf_PC2,D,R,extratrees,src_gss,1,163,37,-0.31619929815152825,51.45201901290985,91.47635202741499,0.33785786319797145,64_inf,2.0,31.93609782856989,stable
DCT_64_inf_PC3,D,R,dummy,src_gss,1,163,37,-0.008707330146549896,40.95751122516092,82.9767700274985,,64_inf,3.0,35.19163844710223,stable
DCT_64_inf_PC3,D,R,ridge,src_gss,1,163,37,-0.025834291204478,39.58498256804565,83.67824116614213,0.34959397844590095,64_inf,3.0,35.19163844710223,stable
DCT_64_inf_PC3,D,R,extratrees,src_gss,1,163,37,-0.3193934263588587,46.83826978204639,94.89888176016039,0.20520419691076794,64_inf,3.0,35.19163844710223,stable
median_depth_um,A,C,dummy,src_gss,1,163,37,-0.10800078292312243,18.49509968496103,20.855588651851857,,,,,
median_depth_um,A,C,ridge,src_gss,1,163,37,0.7673777113607471,7.505652954360168,9.556042681586005,0.9113323850165954,,,,
median_depth_um,A,C,extratrees,src_gss,1,163,37,0.9590622967181237,2.639178550630643,4.008797839604562,0.9798482693219533,,,,
Sq_um,B,C,dummy,src_gss,1,163,37,-0.020340524284794936,1.2339418630691306,2.055591528493842,,,,,
Sq_um,B,C,ridge,src_gss,1,163,37,0.1684748207724478,1.2015330956205645,1.8556751570900054,0.6121384542437173,,,,
Sq_um,B,C,extratrees,src_gss,1,163,37,0.018270862621946216,1.218642607430426,2.016322943054617,0.6552868658131815,,,,
Sa_um,B,C,dummy,src_gss,1,163,37,-0.02423309881661817,0.6660534828138744,1.1840782866174775,,,,,
Sa_um,B,C,ridge,src_gss,1,163,37,0.1633065950450464,0.6657549855759417,1.07019812793969,0.5962541488857278,,,,
Sa_um,B,C,extratrees,src_gss,1,163,37,-0.14357947219633527,0.69660127596292,1.2511638550500455,0.6460407776197249,,,,
Ssk_skewness,B,C,dummy,src_gss,1,163,37,-0.027841462015435914,1.415242387883551,1.9542518066728953,,,,,
Ssk_skewness,B,C,ridge,src_gss,1,163,37,0.2895316529816414,1.1672208943597706,1.6247622600688854,0.5419630156472262,,,,
Ssk_skewness,B,C,extratrees,src_gss,1,163,37,0.2798219015471215,1.234609630516515,1.6358271452285222,0.46064485538169747,,,,
kurtosis_excess_fisher,B,C,dummy,src_gss,1,163,37,-7.821578691391551e-07,11.064906931196505,17.1110773443991,,,,,
kurtosis_excess_fisher,B,C,ridge,src_gss,1,163,37,0.35325230793673346,8.355482140941737,13.76082995796774,0.6531531531531531,,,,
kurtosis_excess_fisher,B,C,extratrees,src_gss,1,163,37,0.3978989324636978,9.360634197732368,13.277364657252157,0.5568990042674252,,,,
grad_rms_um_per_um,B,C,dummy,src_gss,1,163,37,-0.011358032255472272,0.2875452845579181,0.4051252700453748,,,,,
grad_rms_um_per_um,B,C,ridge,src_gss,1,163,37,0.07150431853772654,0.3146817025314951,0.3881743313585845,0.2821242294926506,,,,
grad_rms_um_per_um,B,C,extratrees,src_gss,1,163,37,-0.17839095760590995,0.32420373960391835,0.4373021073143265,0.15742057847321003,,,,
lap_rms_um_per_px2,B,C,dummy,src_gss,1,163,37,-0.0003242256297530943,0.1467508432378789,0.19841900477679586,,,,,
lap_rms_um_per_px2,B,C,ridge,src_gss,1,163,37,0.08656355279866668,0.14743405058070633,0.1896059850052866,0.17567567567567566,,,,
lap_rms_um_per_px2,B,C,extratrees,src_gss,1,163,37,-0.05276039531149945,0.14276617365441763,0.20355306349185912,0.17045993361782832,,,,
acf_e_fold_lag_um,B,C,dummy,src_gss,1,163,37,-0.0003735361490881939,5.908555795058863,6.555696036261907,,,,,
acf_e_fold_lag_um,B,C,ridge,src_gss,1,163,37,0.22021472615672733,5.098274722358285,5.787956069587676,0.39729335347714434,,,,
acf_e_fold_lag_um,B,C,extratrees,src_gss,1,163,37,0.2912896676706678,4.065953346203346,5.5178779961812205,0.5632874085163098,,,,
aniso_gradx_over_y,B,C,dummy,src_gss,1,163,37,-0.023718781289756574,0.5548655522855941,0.773283933063891,,,,,
aniso_gradx_over_y,B,C,ridge,src_gss,1,163,37,0.4117212951511534,0.42068934762645693,0.5861924425346805,0.8117591275486011,,,,
aniso_gradx_over_y,B,C,extratrees,src_gss,1,163,37,0.6147115745585223,0.3168994762861606,0.4743966706212736,0.8048838311996207,,,,
pit_density_per_Mpx,B,C,dummy,src_gss,1,163,37,-13.601557482043157,5750.270736610843,5800.804418494559,,,,,
pit_density_per_Mpx,B,C,ridge,src_gss,1,163,37,-12.10315931737032,4374.922930703982,5495.11318818083,0.06111903747585808,,,,
pit_density_per_Mpx,B,C,extratrees,src_gss,1,163,37,-80.98480398207042,6966.155744751443,13745.334497209928,-0.41393064865624063,,,,
pit_depth_um,B,C,dummy,src_gss,1,163,37,-9.064675986714121e-06,1.3873683589721715,2.220208217088976,,,,,
pit_depth_um,B,C,ridge,src_gss,1,163,37,0.09373687308107781,1.344193939785464,2.1135809815812157,0.5222854433380749,,,,
pit_depth_um,B,C,extratrees,src_gss,1,163,37,-0.30244700241505496,1.5646367019526182,2.533796708116332,0.5689900426742531,,,,
peak_to_valley_p98p2_um,B,C,dummy,src_gss,1,163,37,-0.03387932607393562,5.260150623755769,9.499121619051255,,,,,
peak_to_valley_p98p2_um,B,C,ridge,src_gss,1,163,37,0.14752507546127924,5.01693745854237,8.62560029020413,0.6401137980085349,,,,
peak_to_valley_p98p2_um,B,C,extratrees,src_gss,1,163,37,-0.019684981263526025,5.207265320217214,9.433688546251627,0.6808914177335229,,,,
deepest_negative_residual_um,B,C,dummy,src_gss,1,163,37,-9.064675986714121e-06,1.3873683589721715,2.220208217088976,,,,,
deepest_negative_residual_um,B,C,ridge,src_gss,1,163,37,0.09373687308107781,1.344193939785464,2.1135809815812157,0.5222854433380749,,,,
deepest_negative_residual_um,B,C,extratrees,src_gss,1,163,37,-0.30244700241505473,1.5646367019526182,2.533796708116332,0.5689900426742531,,,,
rms_DCT_8_16_um,C,C,dummy,src_gss,1,163,37,-0.0059940667635591804,0.2497670825103417,0.33144495064516877,,,,,
rms_DCT_8_16_um,C,C,ridge,src_gss,1,163,37,-0.29416369524107355,0.3299871444018673,0.3759311418368357,0.12375533428165007,,,,
rms_DCT_8_16_um,C,C,extratrees,src_gss,1,163,37,-0.0774725808692236,0.26959147140073725,0.3430179216021804,0.29753437648174486,,,,
E_DCT_8_16_frac,C,C,dummy,src_gss,1,163,37,-0.004122818890762936,0.15561990389134,0.20525100376310693,,,,,
E_DCT_8_16_frac,C,C,ridge,src_gss,1,163,37,0.44455357639150006,0.12792813116803078,0.15265567670863472,0.649596965386439,,,,
E_DCT_8_16_frac,C,C,extratrees,src_gss,1,163,37,0.6672063531999822,0.09883549784992396,0.11816242214861575,0.7520151730678044,,,,
rms_DCT_16_32_um,C,C,dummy,src_gss,1,163,37,-0.030629454394478728,0.4410653049280193,0.669890569160605,,,,,
rms_DCT_16_32_um,C,C,ridge,src_gss,1,163,37,0.17965182153928672,0.4219534591757997,0.5976565696740118,0.7136083451872924,,,,
rms_DCT_16_32_um,C,C,extratrees,src_gss,1,163,37,-0.11303066146170093,0.4500884333411291,0.6961553305106879,0.6631104788999526,,,,
E_DCT_16_32_frac,C,C,dummy,src_gss,1,163,37,-0.047855594219560205,0.10127003271743133,0.13267160700941272,,,,,
E_DCT_16_32_frac,C,C,ridge,src_gss,1,163,37,0.28247528680168466,0.08459565723441638,0.10978568181325171,0.6055002370791844,,,,
E_DCT_16_32_frac,C,C,extratrees,src_gss,1,163,37,0.38283031708148363,0.07869633596741098,0.10181917260106024,0.6111901375059269,,,,
rms_DCT_32_64_um,C,C,dummy,src_gss,1,163,37,-0.022675896392086337,0.5833413452047318,0.9414831665815058,,,,,
rms_DCT_32_64_um,C,C,ridge,src_gss,1,163,37,0.21974651567077552,0.5360525213178068,0.8223589203431197,0.7216690374585111,,,,
rms_DCT_32_64_um,C,C,extratrees,src_gss,1,163,37,-0.01047739279686688,0.5738582752446398,0.9358513046078673,0.7534376481744901,,,,
E_DCT_32_64_frac,C,C,dummy,src_gss,1,163,37,-0.001449477248832931,0.07061076640421018,0.08376191937134353,,,,,
E_DCT_32_64_frac,C,C,ridge,src_gss,1,163,37,0.4067509277059814,0.051946278841756025,0.06446895524015445,0.7019914651493598,,,,
E_DCT_32_64_frac,C,C,extratrees,src_gss,1,163,37,0.33058786535038087,0.049423825706310674,0.0684823868676537,0.7482219061166429,,,,
rms_DCT_64_inf_um,C,C,dummy,src_gss,1,163,37,-0.016873816967251543,0.9734543003999423,1.7587241432776346,,,,,
rms_DCT_64_inf_um,C,C,ridge,src_gss,1,163,37,0.1151094108700842,0.9852597449121056,1.6406237008307067,0.6365576102418207,,,,
rms_DCT_64_inf_um,C,C,extratrees,src_gss,1,163,37,0.030638683723918203,0.887905228067461,1.7171452596701202,0.7591275486012327,,,,
E_DCT_64_inf_frac,C,C,dummy,src_gss,1,163,37,-0.02746842530110083,0.19318804901946135,0.22151928629037762,,,,,
E_DCT_64_inf_frac,C,C,ridge,src_gss,1,163,37,0.2916224771782693,0.14751267479144342,0.1839330139679933,0.5007112375533428,,,,
E_DCT_64_inf_frac,C,C,extratrees,src_gss,1,163,37,0.42216008291778984,0.12041400816521061,0.1661234993898164,0.6666666666666665,,,,
DCT_8_16_PC1,D,C,dummy,src_gss,1,163,37,-0.017735608200956543,18.087991958918227,33.49788086200195,,8_16,1.0,12.125485764206122,stable
DCT_8_16_PC1,D,C,ridge,src_gss,1,163,37,-0.16383923379503762,20.787179867052036,35.821712624992664,-0.19890943575154096,8_16,1.0,12.125485764206122,stable
DCT_8_16_PC1,D,C,extratrees,src_gss,1,163,37,-0.7842987332649409,23.554376475651715,44.35408580926605,-0.1683262209577999,8_16,1.0,12.125485764206122,stable
DCT_8_16_PC2,D,C,dummy,src_gss,1,163,37,-0.1088143962654815,6.087214800404102,8.662149284325393,,8_16,2.0,20.448487798141677,stable
DCT_8_16_PC2,D,C,ridge,src_gss,1,163,37,-0.30971063666198617,7.206088882072116,9.414210687085854,-0.15694642010431484,8_16,2.0,20.448487798141677,stable
DCT_8_16_PC2,D,C,extratrees,src_gss,1,163,37,-0.043430464938381874,6.50030517703044,8.402876729340813,0.08795637743006164,8_16,2.0,20.448487798141677,stable
DCT_8_16_PC3,D,C,dummy,src_gss,1,163,37,-0.002994313845703367,11.589286847693947,18.218379467336394,,8_16,3.0,79.98271722383208,unstable_pc
DCT_8_16_PC3,D,C,ridge,src_gss,1,163,37,-0.13801233603881857,12.967729625604948,19.40590911652642,-0.10621147463252724,8_16,3.0,79.98271722383208,unstable_pc
DCT_8_16_PC3,D,C,extratrees,src_gss,1,163,37,-1.0712494130353427,16.159598585662355,26.180425903755633,-0.1514935988620199,8_16,3.0,79.98271722383208,unstable_pc
DCT_16_32_PC1,D,C,dummy,src_gss,1,163,37,-1.907559060221331e-05,11.070607950997678,18.650851297298527,,16_32,1.0,42.79628184319031,unstable_pc
DCT_16_32_PC1,D,C,ridge,src_gss,1,163,37,-0.07247900762645298,12.250930074002888,19.314742269180716,-0.0957799905168326,16_32,1.0,42.79628184319031,unstable_pc
DCT_16_32_PC1,D,C,extratrees,src_gss,1,163,37,-1.3881195921318819,15.671948230864322,28.82189642147323,-0.12043622569938359,16_32,1.0,42.79628184319031,unstable_pc
DCT_16_32_PC2,D,C,dummy,src_gss,1,163,37,-0.09907619316156402,15.473407806029904,28.151598436512028,,16_32,2.0,74.84775131671431,unstable_pc
DCT_16_32_PC2,D,C,ridge,src_gss,1,163,37,-0.30407946745987013,18.12129980474905,30.664874179249114,-0.2119487908961593,16_32,2.0,74.84775131671431,unstable_pc
DCT_16_32_PC2,D,C,extratrees,src_gss,1,163,37,-0.2864193057590658,19.111490619360747,30.45653081915285,-0.10763394973921289,16_32,2.0,74.84775131671431,unstable_pc
DCT_16_32_PC3,D,C,dummy,src_gss,1,163,37,-0.031673270358548056,15.382146579228687,31.346792433418006,,16_32,3.0,77.30683001895898,unstable_pc
DCT_16_32_PC3,D,C,ridge,src_gss,1,163,37,-0.09322048272529937,15.686970650349155,32.26828610600371,-0.07586533902323375,16_32,3.0,77.30683001895898,unstable_pc
DCT_16_32_PC3,D,C,extratrees,src_gss,1,163,37,-0.4635038471188191,23.128425038968473,37.335240488246725,0.13134186818397342,16_32,3.0,77.30683001895898,unstable_pc
DCT_32_64_PC1,D,C,dummy,src_gss,1,163,37,-0.020366865399257028,29.97835653927285,59.644626729846834,,32_64,1.0,8.888247199315966,stable
DCT_32_64_PC1,D,C,ridge,src_gss,1,163,37,0.035807144411685976,32.268876931087505,57.979585465988194,0.036510194404931244,32_64,1.0,8.888247199315966,stable
DCT_32_64_PC1,D,C,extratrees,src_gss,1,163,37,0.10448112508049823,32.1397898035784,55.87667092200558,0.06993835941204363,32_64,1.0,8.888247199315966,stable
DCT_32_64_PC2,D,C,dummy,src_gss,1,163,37,-0.01933997333818871,21.132067879278736,56.066242771336775,,32_64,2.0,52.91471359864183,unstable_pc
DCT_32_64_PC2,D,C,ridge,src_gss,1,163,37,-0.008756628283783874,21.56558603798384,55.77442815344523,0.26220957799905165,32_64,2.0,52.91471359864183,unstable_pc
DCT_32_64_PC2,D,C,extratrees,src_gss,1,163,37,-0.30245863171367016,28.66630638351877,63.37586422924416,0.20483641536273114,32_64,2.0,52.91471359864183,unstable_pc
DCT_32_64_PC3,D,C,dummy,src_gss,1,163,37,-0.03846878694595257,25.389378323397256,52.106908155901394,,32_64,3.0,62.622384414876535,unstable_pc
DCT_32_64_PC3,D,C,ridge,src_gss,1,163,37,-0.026325074215729938,26.41138617627329,51.80134668251476,-0.07420578473210053,32_64,3.0,62.622384414876535,unstable_pc
DCT_32_64_PC3,D,C,extratrees,src_gss,1,163,37,-0.7859704068659619,38.866830494726756,68.33382165045293,-0.06804172593646277,32_64,3.0,62.622384414876535,unstable_pc
DCT_64_inf_PC1,D,C,dummy,src_gss,1,163,37,-0.0007597425299414873,85.4166548434898,185.23963400865068,,64_inf,1.0,28.049741026846245,stable
DCT_64_inf_PC1,D,C,ridge,src_gss,1,163,37,-0.09853254988976201,103.79474234094565,194.07762358643663,-0.14461830251303934,64_inf,1.0,28.049741026846245,stable
DCT_64_inf_PC1,D,C,extratrees,src_gss,1,163,37,-0.043585596163289164,102.74363088510682,189.16162623251896,0.08629682313892839,64_inf,1.0,28.049741026846245,stable
DCT_64_inf_PC2,D,C,dummy,src_gss,1,163,37,-0.019389869873307042,36.504331240154215,80.50413100625393,,64_inf,2.0,31.93609782856989,stable
DCT_64_inf_PC2,D,C,ridge,src_gss,1,163,37,0.05306117220305695,41.20549137276214,77.59057528953115,0.3191085822664769,64_inf,2.0,31.93609782856989,stable
DCT_64_inf_PC2,D,C,extratrees,src_gss,1,163,37,-0.49161648330064156,54.064615309808865,97.38153067386035,0.1427216690374585,64_inf,2.0,31.93609782856989,stable
DCT_64_inf_PC3,D,C,dummy,src_gss,1,163,37,-0.008707330146549896,40.95751122516092,82.9767700274985,,64_inf,3.0,35.19163844710223,stable
DCT_64_inf_PC3,D,C,ridge,src_gss,1,163,37,-0.049861945626285875,43.18052092387914,84.65254787243447,0.1353722143195827,64_inf,3.0,35.19163844710223,stable
DCT_64_inf_PC3,D,C,extratrees,src_gss,1,163,37,-0.545697032560944,54.329633073169646,102.71553287543992,0.26695116168800376,64_inf,3.0,35.19163844710223,stable
median_depth_um,A,A,dummy,src_gss,2,156,44,-0.13037402639280127,16.889719376456874,18.413215088548476,,,,,
median_depth_um,A,A,ridge,src_gss,2,156,44,0.5846788881019161,9.195098110678229,11.161191132999026,0.7575757575757576,,,,
median_depth_um,A,A,extratrees,src_gss,2,156,44,0.9441399490209349,3.2878819794188705,4.093258809981846,0.93446088794926,,,,
Sq_um,B,A,dummy,src_gss,2,156,44,-0.010827195870103168,1.0186368930352077,1.4589065733579414,,,,,
Sq_um,B,A,ridge,src_gss,2,156,44,-0.0038280882419732265,0.942676453910856,1.45384696410926,0.520507399577167,,,,
Sq_um,B,A,extratrees,src_gss,2,156,44,0.44263435724436273,0.6704207388376673,1.0833258824718413,0.6318534178999295,,,,
Sa_um,B,A,dummy,src_gss,2,156,44,-0.0029772488104209405,0.5946792566451372,0.9264638299227932,,,,,
Sa_um,B,A,ridge,src_gss,2,156,44,-0.061990643088494446,0.5906157630206657,0.9533300287161881,0.5269908386187455,,,,
Sa_um,B,A,extratrees,src_gss,2,156,44,0.3627340961064851,0.39753352003917203,0.73848770499211,0.6374911909795631,,,,
Ssk_skewness,B,A,dummy,src_gss,2,156,44,-0.030727863481150308,1.4121149266257071,1.8146185659571497,,,,,
Ssk_skewness,B,A,ridge,src_gss,2,156,44,-0.05156992877584066,1.3873034656158845,1.8328731993553937,0.05863284002818885,,,,
Ssk_skewness,B,A,extratrees,src_gss,2,156,44,0.09227295227605203,1.1534710855010823,1.7029071931614588,0.30725863284002813,,,,
kurtosis_excess_fisher,B,A,dummy,src_gss,2,156,44,-0.09556182173860517,9.047081591092693,11.599492739870932,,,,,
kurtosis_excess_fisher,B,A,ridge,src_gss,2,156,44,-0.2719865328843647,9.079826939025926,12.498612662356624,0.0964059196617336,,,,
kurtosis_excess_fisher,B,A,extratrees,src_gss,2,156,44,-0.17537809658848302,7.9768492266027575,12.014600907714229,0.07427766032417195,,,,
grad_rms_um_per_um,B,A,dummy,src_gss,2,156,44,-0.05243080883777451,0.2964286302317338,0.35991167032367755,,,,,
grad_rms_um_per_um,B,A,ridge,src_gss,2,156,44,0.18428436761126687,0.2548358074649371,0.31686082245948644,0.5226215644820296,,,,
grad_rms_um_per_um,B,A,extratrees,src_gss,2,156,44,0.5079121914405913,0.18471594249782264,0.24610501029587611,0.5509513742071881,,,,
lap_rms_um_per_px2,B,A,dummy,src_gss,2,156,44,-0.003350824402793995,0.14347132371881655,0.1814904248818397,,,,,
lap_rms_um_per_px2,B,A,ridge,src_gss,2,156,44,0.08497265790201736,0.1383665957611557,0.17331827070487318,0.3739252995066948,,,,
lap_rms_um_per_px2,B,A,extratrees,src_gss,2,156,44,0.30011014951830517,0.11391384867322073,0.1515800895261525,0.5112050739957716,,,,
acf_e_fold_lag_um,B,A,dummy,src_gss,2,156,44,-0.030620278608720186,7.257575757575759,8.087022744415084,,,,,
acf_e_fold_lag_um,B,A,ridge,src_gss,2,156,44,0.18522538865167448,6.066168355837937,7.190483047539833,0.47031875333271717,,,,
acf_e_fold_lag_um,B,A,extratrees,src_gss,2,156,44,0.20316208099050848,5.414419597763347,7.110895872247538,0.5377590905437682,,,,
aniso_gradx_over_y,B,A,dummy,src_gss,2,156,44,-0.06935540300367538,0.3964935737964605,0.47483966658151117,,,,,
aniso_gradx_over_y,B,A,ridge,src_gss,2,156,44,-0.08198907360811214,0.36678431247518617,0.477636376374361,0.5890063424947146,,,,
aniso_gradx_over_y,B,A,extratrees,src_gss,2,156,44,-0.1221491481000434,0.3650564541901996,0.4864198050839099,0.5352549423669077,,,,
pit_density_per_Mpx,B,A,dummy,src_gss,2,156,44,-0.042172417151223884,13298.698371940562,42561.69798685889,,,,,
pit_density_per_Mpx,B,A,ridge,src_gss,2,156,44,-0.028635036398044322,13314.011047905613,42284.365168663484,0.23564038243328256,,,,
pit_density_per_Mpx,B,A,extratrees,src_gss,2,156,44,-0.01971820307197958,13031.467190036527,42100.69297556792,0.19089281620394435,,,,
pit_depth_um,B,A,dummy,src_gss,2,156,44,-0.009411726888846728,1.7718363761921394,3.5451752375264127,,,,,
pit_depth_um,B,A,ridge,src_gss,2,156,44,-0.035929878694069384,1.8510739807703573,3.591440815120097,0.4053558844256518,,,,
pit_depth_um,B,A,extratrees,src_gss,2,156,44,0.055480088463645605,1.685066609986888,3.4293285344038913,0.4195912614517266,,,,
peak_to_valley_p98p2_um,B,A,dummy,src_gss,2,156,44,-0.027394618831100503,3.7388911546686003,4.5328507400170786,,,,,
peak_to_valley_p98p2_um,B,A,ridge,src_gss,2,156,44,0.13252443792887636,3.189993141320986,4.165157226093732,0.5540521494009867,,,,
peak_to_valley_p98p2_um,B,A,extratrees,src_gss,2,156,44,0.43541019851136,2.130667948846413,3.360232204336808,0.6274841437632134,,,,
deepest_negative_residual_um,B,A,dummy,src_gss,2,156,44,-0.009411726888846728,1.7718363761921394,3.5451752375264127,,,,,
deepest_negative_residual_um,B,A,ridge,src_gss,2,156,44,-0.035929878694069384,1.8510739807703573,3.591440815120097,0.4053558844256518,,,,
deepest_negative_residual_um,B,A,extratrees,src_gss,2,156,44,0.05548008846364538,1.685066609986888,3.4293285344038913,0.4195912614517266,,,,
rms_DCT_8_16_um,C,A,dummy,src_gss,2,156,44,-0.0701940117098725,0.30916171542084786,0.3665482791558661,,,,,
rms_DCT_8_16_um,C,A,ridge,src_gss,2,156,44,0.2273666356038907,0.26012834397258566,0.3114487956249362,0.6294573643410852,,,,
rms_DCT_8_16_um,C,A,extratrees,src_gss,2,156,44,0.5486853234696236,0.15915125204369043,0.23803436195213812,0.7430584918957013,,,,
E_DCT_8_16_frac,C,A,dummy,src_gss,2,156,44,-0.08585108669220509,0.16624627764100086,0.19483433009140527,,,,,
E_DCT_8_16_frac,C,A,ridge,src_gss,2,156,44,0.20179852857207503,0.138014123945989,0.16704620338290063,0.5441860465116279,,,,
E_DCT_8_16_frac,C,A,extratrees,src_gss,2,156,44,0.46739096071240915,0.10517461839108484,0.13645347932234222,0.6647168685193777,,,,
rms_DCT_16_32_um,C,A,dummy,src_gss,2,156,44,-0.03514217653863505,0.4064376662991338,0.5192209283998731,,,,,
rms_DCT_16_32_um,C,A,ridge,src_gss,2,156,44,0.22181410586728023,0.3176324001649371,0.45018794814802304,0.575616631430585,,,,
rms_DCT_16_32_um,C,A,extratrees,src_gss,2,156,44,0.5423018886786657,0.22721218111822206,0.3452564076825315,0.7295278365045806,,,,
E_DCT_16_32_frac,C,A,dummy,src_gss,2,156,44,-0.2015262521695511,0.09950747546948581,0.11030416107181065,,,,,
E_DCT_16_32_frac,C,A,ridge,src_gss,2,156,44,0.11321544574059073,0.08403608749014263,0.09476202306990596,0.5895701198026779,,,,
E_DCT_16_32_frac,C,A,extratrees,src_gss,2,156,44,0.2860434245173843,0.0663470251913451,0.08502784314714437,0.6545454545454545,,,,
rms_DCT_32_64_um,C,A,dummy,src_gss,2,156,44,-0.05678965546786019,0.41181990983292116,0.5109994323530364,,,,,
rms_DCT_32_64_um,C,A,ridge,src_gss,2,156,44,0.0076372776323548885,0.3659933166996383,0.4951780233477572,0.5193798449612402,,,,
rms_DCT_32_64_um,C,A,extratrees,src_gss,2,156,44,0.5753696578185041,0.23284455988689948,0.32391544214922513,0.6095842142353769,,,,
E_DCT_32_64_frac,C,A,dummy,src_gss,2,156,44,-0.0045327262545395985,0.06428121657463647,0.07909357010728206,,,,,
E_DCT_32_64_frac,C,A,ridge,src_gss,2,156,44,0.15568581057196285,0.052925300153305495,0.07251221609098633,0.41663143058491897,,,,
E_DCT_32_64_frac,C,A,extratrees,src_gss,2,156,44,0.04672677231177691,0.05489725390524827,0.07704914648388377,0.4807610993657505,,,,
rms_DCT_64_inf_um,C,A,dummy,src_gss,2,156,44,-0.00015462854199865816,0.7441214375131171,1.2799215882530113,,,,,
rms_DCT_64_inf_um,C,A,ridge,src_gss,2,156,44,-0.040738196752775124,0.7622427617306482,1.3056312516353916,0.4730091613812544,,,,
rms_DCT_64_inf_um,C,A,extratrees,src_gss,2,156,44,0.35879278646563306,0.5597443608733441,1.0248232968946598,0.5799859055673009,,,,
E_DCT_64_inf_frac,C,A,dummy,src_gss,2,156,44,-0.18489021357527813,0.20792324862084702,0.27662577890406387,,,,,
E_DCT_64_inf_frac,C,A,ridge,src_gss,2,156,44,0.035031440206483966,0.19102876251627798,0.24963770155772028,0.5444679351656095,,,,
E_DCT_64_inf_frac,C,A,extratrees,src_gss,2,156,44,0.24257901811467064,0.16392060541255235,0.22116798406093874,0.553629316420014,,,,
DCT_8_16_PC1,D,A,dummy,src_gss,2,156,44,-0.04807618352667653,16.478868776463766,37.75943159905902,,8_16,1.0,13.408006854024716,stable
DCT_8_16_PC1,D,A,ridge,src_gss,2,156,44,-0.05029406724299745,17.814644739746694,37.79936274713624,-0.07272727272727272,8_16,1.0,13.408006854024716,stable
DCT_8_16_PC1,D,A,extratrees,src_gss,2,156,44,-0.7482441793377013,19.237517380911033,48.767452263580324,-0.03382663847780127,8_16,1.0,13.408006854024716,stable
DCT_8_16_PC2,D,A,dummy,src_gss,2,156,44,-0.017990397807245984,4.384057169544671,7.612063977961272,,8_16,2.0,20.737703549078432,stable
DCT_8_16_PC2,D,A,ridge,src_gss,2,156,44,-0.09480896790039339,5.641319363899253,7.894047987438763,-0.12980972515856237,8_16,2.0,20.737703549078432,stable
DCT_8_16_PC2,D,A,extratrees,src_gss,2,156,44,-0.5437524390642747,6.035437472150735,9.373880600556111,-0.38886539816772375,8_16,2.0,20.737703549078432,stable
DCT_8_16_PC3,D,A,dummy,src_gss,2,156,44,-0.004612468568297112,9.71295748998184,17.661578199359443,,8_16,3.0,81.05435405262392,unstable_pc
DCT_8_16_PC3,D,A,ridge,src_gss,2,156,44,-0.02066598528917063,11.010183254674939,17.80213324909807,-0.07174066243833685,8_16,3.0,81.05435405262392,unstable_pc
DCT_8_16_PC3,D,A,extratrees,src_gss,2,156,44,-0.17756405480679183,12.15131536159467,19.121523727076706,-0.2749823819591261,8_16,3.0,81.05435405262392,unstable_pc
DCT_16_32_PC1,D,A,dummy,src_gss,2,156,44,-0.003972123195265631,9.959955949745572,21.017680274031154,,16_32,1.0,46.02353456285823,unstable_pc
DCT_16_32_PC1,D,A,ridge,src_gss,2,156,44,-0.0025475180040956946,10.05688040678798,21.002763263423954,0.2412966878083157,16_32,1.0,46.02353456285823,unstable_pc
DCT_16_32_PC1,D,A,extratrees,src_gss,2,156,44,-0.09126915166443461,11.56048987993307,21.912397287911297,0.0036645525017618033,16_32,1.0,46.02353456285823,unstable_pc
DCT_16_32_PC2,D,A,dummy,src_gss,2,156,44,-3.4429459796925244e-05,9.917450137982176,23.34779079137433,,16_32,2.0,68.5001173756558,unstable_pc
DCT_16_32_PC2,D,A,ridge,src_gss,2,156,44,-0.045295373213162016,13.524756900006928,23.87029746264526,-0.21606765327695557,16_32,2.0,68.5001173756558,unstable_pc
DCT_16_32_PC2,D,A,extratrees,src_gss,2,156,44,0.05948810585247355,13.348339458540364,22.64229597613187,-0.39957716701902746,16_32,2.0,68.5001173756558,unstable_pc
DCT_16_32_PC3,D,A,dummy,src_gss,2,156,44,-0.016019446084866606,8.053488660231658,12.757025444003123,,16_32,3.0,71.24028435351893,unstable_pc
DCT_16_32_PC3,D,A,ridge,src_gss,2,156,44,-0.5446474851610128,11.426432008663927,15.729434253553984,-0.031007751937984496,16_32,3.0,71.24028435351893,unstable_pc
DCT_16_32_PC3,D,A,extratrees,src_gss,2,156,44,-0.5772428944767387,10.210734050393548,15.894530403781372,0.06102889358703312,16_32,3.0,71.24028435351893,unstable_pc
DCT_32_64_PC1,D,A,dummy,src_gss,2,156,44,-0.04525886256875489,21.21660183468126,36.25838855982873,,32_64,1.0,13.873350004701601,stable
DCT_32_64_PC1,D,A,ridge,src_gss,2,156,44,-0.4461572940094205,29.92128576438414,42.64855642190525,0.06201550387596899,32_64,1.0,13.873350004701601,stable
DCT_32_64_PC1,D,A,extratrees,src_gss,2,156,44,-0.05560407468037143,20.455875655922284,36.43737635894831,-0.18632840028188866,32_64,1.0,13.873350004701601,stable
DCT_32_64_PC2,D,A,dummy,src_gss,2,156,44,-0.0009614617684463589,12.942802998150965,19.979413043399248,,32_64,2.0,49.09565959534007,unstable_pc
DCT_32_64_PC2,D,A,ridge,src_gss,2,156,44,0.028433670879162376,12.721331805794978,19.68386032044531,0.24453840732910498,32_64,2.0,49.09565959534007,unstable_pc
DCT_32_64_PC2,D,A,extratrees,src_gss,2,156,44,-0.7922826589838758,18.230635352516895,26.734822084832224,0.04002818886539817,32_64,2.0,49.09565959534007,unstable_pc
DCT_32_64_PC3,D,A,dummy,src_gss,2,156,44,-0.21448159153194402,11.123175092706411,17.15718186254008,,32_64,3.0,64.63519640179945,unstable_pc
DCT_32_64_PC3,D,A,ridge,src_gss,2,156,44,-0.5113783493291792,12.475426356909482,19.139786315845893,0.04566596194503171,32_64,3.0,64.63519640179945,unstable_pc
DCT_32_64_PC3,D,A,extratrees,src_gss,2,156,44,-1.3146700247760448,15.22387452135802,23.68618027101797,0.017899929527836506,32_64,3.0,64.63519640179945,unstable_pc
DCT_64_inf_PC1,D,A,dummy,src_gss,2,156,44,-0.03204069506253937,58.017825107238224,113.05323102556231,,64_inf,1.0,15.366065189544106,stable
DCT_64_inf_PC1,D,A,ridge,src_gss,2,156,44,0.0045172067520966586,69.33485053538263,111.03283950962565,0.23833685694150805,64_inf,1.0,15.366065189544106,stable
DCT_64_inf_PC1,D,A,extratrees,src_gss,2,156,44,0.14372680802440851,50.97524887847799,102.97711992962783,0.39689922480620154,64_inf,1.0,15.366065189544106,stable
DCT_64_inf_PC2,D,A,dummy,src_gss,2,156,44,-0.03551199931698057,42.647251827810926,105.17069140129612,,64_inf,2.0,39.53316704423747,stable
DCT_64_inf_PC2,D,A,ridge,src_gss,2,156,44,-0.15363390755662043,57.68730454121228,111.00720484763967,-0.0799154334038055,64_inf,2.0,39.53316704423747,stable
DCT_64_inf_PC2,D,A,extratrees,src_gss,2,156,44,0.15075015163645766,42.02009208138337,95.2434021201377,0.4133897110641296,64_inf,2.0,39.53316704423747,stable
DCT_64_inf_PC3,D,A,dummy,src_gss,2,156,44,-0.09477571623801762,45.14901951329323,95.66263906966248,,64_inf,3.0,57.83819219064061,unstable_pc
DCT_64_inf_PC3,D,A,ridge,src_gss,2,156,44,0.010646653129054995,41.94075374662001,90.94011384769824,0.24002818886539815,64_inf,3.0,57.83819219064061,unstable_pc
DCT_64_inf_PC3,D,A,extratrees,src_gss,2,156,44,-0.03490934711958338,37.32823507515773,93.01027632797413,0.4239605355884425,64_inf,3.0,57.83819219064061,unstable_pc
median_depth_um,A,R,dummy,src_gss,2,156,44,-0.13037402639280127,16.889719376456874,18.413215088548476,,,,,
median_depth_um,A,R,ridge,src_gss,2,156,44,0.6206890663094586,8.44572833339224,10.666359623390886,0.8597603946441156,,,,
median_depth_um,A,R,extratrees,src_gss,2,156,44,0.8948865758884155,3.7765349756776185,5.614972494858909,0.925722339675828,,,,
Sq_um,B,R,dummy,src_gss,2,156,44,-0.010827195870103168,1.0186368930352077,1.4589065733579414,,,,,
Sq_um,B,R,ridge,src_gss,2,156,44,0.10069470184341722,0.8481930048674027,1.3760765630583036,0.6081747709654686,,,,
Sq_um,B,R,extratrees,src_gss,2,156,44,0.425719955539389,0.6931324275776992,1.0996409004798136,0.5771670190274841,,,,
Sa_um,B,R,dummy,src_gss,2,156,44,-0.0029772488104209405,0.5946792566451372,0.9264638299227932,,,,,
Sa_um,B,R,ridge,src_gss,2,156,44,0.05339686293770973,0.5188029602836007,0.9000505414833793,0.553629316420014,,,,
Sa_um,B,R,extratrees,src_gss,2,156,44,0.3582792853990876,0.41373943359319926,0.7410644108399989,0.5502466525722339,,,,
Ssk_skewness,B,R,dummy,src_gss,2,156,44,-0.030727863481150308,1.4121149266257071,1.8146185659571497,,,,,
Ssk_skewness,B,R,ridge,src_gss,2,156,44,0.050450741960052836,1.2815225577934273,1.7416949441190375,0.4146582100070472,,,,
Ssk_skewness,B,R,extratrees,src_gss,2,156,44,0.09029429379401444,1.204748050323837,1.7047621767602155,0.2551092318534179,,,,
kurtosis_excess_fisher,B,R,dummy,src_gss,2,156,44,-0.09556182173860517,9.047081591092693,11.599492739870932,,,,,
kurtosis_excess_fisher,B,R,ridge,src_gss,2,156,44,-0.31219649660527193,8.001925317719813,12.69462831181244,0.1905567300916138,,,,
kurtosis_excess_fisher,B,R,extratrees,src_gss,2,156,44,-0.4115876528979663,7.696548674524835,13.166625350956636,0.0861169837914024,,,,
grad_rms_um_per_um,B,R,dummy,src_gss,2,156,44,-0.05243080883777451,0.2964286302317338,0.35991167032367755,,,,,
grad_rms_um_per_um,B,R,ridge,src_gss,2,156,44,0.2095503035645241,0.23655648297120305,0.3119150075800843,0.5171247357293868,,,,
grad_rms_um_per_um,B,R,extratrees,src_gss,2,156,44,0.4968228851470431,0.1828952823607554,0.2488625763515224,0.5268498942917548,,,,
lap_rms_um_per_px2,B,R,dummy,src_gss,2,156,44,-0.003350824402793995,0.14347132371881655,0.1814904248818397,,,,,
lap_rms_um_per_px2,B,R,ridge,src_gss,2,156,44,0.07771883540693203,0.13228074151803848,0.1740038994873474,0.33347427766032417,,,,
lap_rms_um_per_px2,B,R,extratrees,src_gss,2,156,44,0.20040172896804453,0.1220541060183165,0.1620179879937119,0.3823819591261452,,,,
acf_e_fold_lag_um,B,R,dummy,src_gss,2,156,44,-0.030620278608720186,7.257575757575759,8.087022744415084,,,,,
acf_e_fold_lag_um,B,R,ridge,src_gss,2,156,44,0.21809883067784785,6.041166468597635,7.043933611646544,0.470177664761146,,,,
acf_e_fold_lag_um,B,R,extratrees,src_gss,2,156,44,0.2885198262262719,5.670780954840614,6.719248825362612,0.5295759533926366,,,,
aniso_gradx_over_y,B,R,dummy,src_gss,2,156,44,-0.06935540300367538,0.3964935737964605,0.47483966658151117,,,,,
aniso_gradx_over_y,B,R,ridge,src_gss,2,156,44,-0.24938975242331285,0.4359482728672192,0.5132570542680533,0.4684989429175475,,,,
aniso_gradx_over_y,B,R,extratrees,src_gss,2,156,44,-0.023669291287518268,0.3463759239204754,0.4645856538945617,0.5575757575757575,,,,
pit_density_per_Mpx,B,R,dummy,src_gss,2,156,44,-0.042172417151223884,13298.698371940562,42561.69798685889,,,,,
pit_density_per_Mpx,B,R,ridge,src_gss,2,156,44,-0.04231381988629601,13153.712562515024,42564.585290474024,0.007382595101810003,,,,
pit_density_per_Mpx,B,R,extratrees,src_gss,2,156,44,0.05208611706750799,12617.40537319943,40591.35979972308,0.15661648180268362,,,,
pit_depth_um,B,R,dummy,src_gss,2,156,44,-0.009411726888846728,1.7718363761921394,3.5451752375264127,,,,,
pit_depth_um,B,R,ridge,src_gss,2,156,44,-0.011310305770678042,1.7010187132866492,3.5485076898268417,0.364200140944327,,,,
pit_depth_um,B,R,extratrees,src_gss,2,156,44,0.13262751706336406,1.6065375719494945,3.2862935493051872,0.4412966878083157,,,,
peak_to_valley_p98p2_um,B,R,dummy,src_gss,2,156,44,-0.027394618831100503,3.7388911546686003,4.5328507400170786,,,,,
peak_to_valley_p98p2_um,B,R,ridge,src_gss,2,156,44,0.1584988934607635,3.014108687766777,4.102325541332669,0.6159267089499647,,,,
peak_to_valley_p98p2_um,B,R,extratrees,src_gss,2,156,44,0.35130039533901036,2.4761187357016174,3.6018414523007776,0.5757575757575757,,,,
deepest_negative_residual_um,B,R,dummy,src_gss,2,156,44,-0.009411726888846728,1.7718363761921394,3.5451752375264127,,,,,
deepest_negative_residual_um,B,R,ridge,src_gss,2,156,44,-0.011310305770678042,1.7010187132866492,3.5485076898268417,0.364200140944327,,,,
deepest_negative_residual_um,B,R,extratrees,src_gss,2,156,44,0.13262751706336406,1.606537571949495,3.2862935493051872,0.4412966878083157,,,,
rms_DCT_8_16_um,C,R,dummy,src_gss,2,156,44,-0.0701940117098725,0.30916171542084786,0.3665482791558661,,,,,
rms_DCT_8_16_um,C,R,ridge,src_gss,2,156,44,0.2325458617247057,0.2443662850100597,0.31040316639105014,0.6544045102184637,,,,
rms_DCT_8_16_um,C,R,extratrees,src_gss,2,156,44,0.5267536196129201,0.1759202169170069,0.24374941224884736,0.7286821705426356,,,,
E_DCT_8_16_frac,C,R,dummy,src_gss,2,156,44,-0.08585108669220509,0.16624627764100086,0.19483433009140527,,,,,
E_DCT_8_16_frac,C,R,ridge,src_gss,2,156,44,-0.17629486187164645,0.17221727096796108,0.2027862235201533,0.28442565186751234,,,,
E_DCT_8_16_frac,C,R,extratrees,src_gss,2,156,44,0.2577734825624908,0.1198725338186787,0.16108258135686548,0.5899929527836504,,,,
rms_DCT_16_32_um,C,R,dummy,src_gss,2,156,44,-0.03514217653863505,0.4064376662991338,0.5192209283998731,,,,,
rms_DCT_16_32_um,C,R,ridge,src_gss,2,156,44,0.2978896436511399,0.2958621422766196,0.4276169158210653,0.6878083157152924,,,,
rms_DCT_16_32_um,C,R,extratrees,src_gss,2,156,44,0.6500858254644348,0.20926350452081388,0.3018790364147241,0.7089499647639183,,,,
E_DCT_16_32_frac,C,R,dummy,src_gss,2,156,44,-0.2015262521695511,0.09950747546948581,0.11030416107181065,,,,,
E_DCT_16_32_frac,C,R,ridge,src_gss,2,156,44,0.17193461990756698,0.0777879081332842,0.09157092006486486,0.5513742071881607,,,,
E_DCT_16_32_frac,C,R,extratrees,src_gss,2,156,44,0.10216246378703198,0.07435714422320082,0.09535075647292142,0.6315715292459478,,,,
rms_DCT_32_64_um,C,R,dummy,src_gss,2,156,44,-0.05678965546786019,0.41181990983292116,0.5109994323530364,,,,,
rms_DCT_32_64_um,C,R,ridge,src_gss,2,156,44,0.16450682886836832,0.3233730185015501,0.4543573869747528,0.5857646229739252,,,,
rms_DCT_32_64_um,C,R,extratrees,src_gss,2,156,44,0.5334584589752207,0.23011599149828188,0.3395246426001885,0.6241014799154334,,,,
E_DCT_32_64_frac,C,R,dummy,src_gss,2,156,44,-0.0045327262545395985,0.06428121657463647,0.07909357010728206,,,,,
E_DCT_32_64_frac,C,R,ridge,src_gss,2,156,44,0.1600762547589577,0.0511541721477033,0.07232343815070148,0.5278365045806905,,,,
E_DCT_32_64_frac,C,R,extratrees,src_gss,2,156,44,0.01585340855975248,0.05776573192138703,0.07828688812928027,0.37801268498942914,,,,
rms_DCT_64_inf_um,C,R,dummy,src_gss,2,156,44,-0.00015462854199865816,0.7441214375131171,1.2799215882530113,,,,,
rms_DCT_64_inf_um,C,R,ridge,src_gss,2,156,44,0.050172038301526056,0.6424494946232756,1.2473038561164929,0.48611698379140234,,,,
rms_DCT_64_inf_um,C,R,extratrees,src_gss,2,156,44,0.30749445143190124,0.5815086609974036,1.0650289632096683,0.5681465821000704,,,,
E_DCT_64_inf_frac,C,R,dummy,src_gss,2,156,44,-0.18489021357527813,0.20792324862084702,0.27662577890406387,,,,,
E_DCT_64_inf_frac,C,R,ridge,src_gss,2,156,44,-0.23761928435257063,0.21564907393704613,0.28271387773073486,0.1940803382663848,,,,
E_DCT_64_inf_frac,C,R,extratrees,src_gss,2,156,44,0.19148379911926616,0.15752429792583256,0.22850618352811133,0.5794221282593376,,,,
DCT_8_16_PC1,D,R,dummy,src_gss,2,156,44,-0.04807618352667653,16.478868776463766,37.75943159905902,,8_16,1.0,13.408006854024716,stable
DCT_8_16_PC1,D,R,ridge,src_gss,2,156,44,-0.029329460806313268,16.87328928618274,37.420210273108886,0.07484143763213531,8_16,1.0,13.408006854024716,stable
DCT_8_16_PC1,D,R,extratrees,src_gss,2,156,44,-1.4094486061185316,30.114736057951383,57.2516299650291,-0.1901338971106413,8_16,1.0,13.408006854024716,stable
DCT_8_16_PC2,D,R,dummy,src_gss,2,156,44,-0.017990397807245984,4.384057169544671,7.612063977961272,,8_16,2.0,20.737703549078432,stable
DCT_8_16_PC2,D,R,ridge,src_gss,2,156,44,-0.0757900492745216,5.308165515226623,7.825180255814277,0.03495419309372797,8_16,2.0,20.737703549078432,stable
DCT_8_16_PC2,D,R,extratrees,src_gss,2,156,44,-0.8401825741563835,6.064531611324551,10.234368399438234,-0.06398872445384073,8_16,2.0,20.737703549078432,stable
DCT_8_16_PC3,D,R,dummy,src_gss,2,156,44,-0.004612468568297112,9.71295748998184,17.661578199359443,,8_16,3.0,81.05435405262392,unstable_pc
DCT_8_16_PC3,D,R,ridge,src_gss,2,156,44,-0.027181948699057656,10.539500049345007,17.85886753110238,-0.31501057082452427,8_16,3.0,81.05435405262392,unstable_pc
DCT_8_16_PC3,D,R,extratrees,src_gss,2,156,44,-0.6562992773801102,15.369856345594284,22.67773273849655,-0.11853417899929529,8_16,3.0,81.05435405262392,unstable_pc
DCT_16_32_PC1,D,R,dummy,src_gss,2,156,44,-0.003972123195265631,9.959955949745572,21.017680274031154,,16_32,1.0,46.02353456285823,unstable_pc
DCT_16_32_PC1,D,R,ridge,src_gss,2,156,44,0.0049057204250299025,9.78314113767111,20.92454720648886,0.039041578576462295,16_32,1.0,46.02353456285823,unstable_pc
DCT_16_32_PC1,D,R,extratrees,src_gss,2,156,44,0.2268516281197258,9.864250650283594,18.44401118555414,0.25496828752642703,16_32,1.0,46.02353456285823,unstable_pc
DCT_16_32_PC2,D,R,dummy,src_gss,2,156,44,-3.4429459796925244e-05,9.917450137982176,23.34779079137433,,16_32,2.0,68.5001173756558,unstable_pc
DCT_16_32_PC2,D,R,ridge,src_gss,2,156,44,0.04334181408063664,10.692106835941956,22.835825360071734,0.07751937984496124,16_32,2.0,68.5001173756558,unstable_pc
DCT_16_32_PC2,D,R,extratrees,src_gss,2,156,44,-0.5718464951817226,13.730499483352643,29.271392455144056,-0.16053558844256516,16_32,2.0,68.5001173756558,unstable_pc
DCT_16_32_PC3,D,R,dummy,src_gss,2,156,44,-0.016019446084866606,8.053488660231658,12.757025444003123,,16_32,3.0,71.24028435351893,unstable_pc
DCT_16_32_PC3,D,R,ridge,src_gss,2,156,44,-0.08859819181000672,8.342505451603346,13.204811802420563,-0.0002818886539816772,16_32,3.0,71.24028435351893,unstable_pc
DCT_16_32_PC3,D,R,extratrees,src_gss,2,156,44,-2.2572477935605284,11.165582645505687,22.84145741488686,0.06511627906976744,16_32,3.0,71.24028435351893,unstable_pc
DCT_32_64_PC1,D,R,dummy,src_gss,2,156,44,-0.04525886256875489,21.21660183468126,36.25838855982873,,32_64,1.0,13.873350004701601,stable
DCT_32_64_PC1,D,R,ridge,src_gss,2,156,44,-0.04555721640241295,21.199519566979443,36.263562903610385,0.04411557434813248,32_64,1.0,13.873350004701601,stable
DCT_32_64_PC1,D,R,extratrees,src_gss,2,156,44,-0.10740144292876286,20.697722706677443,37.3206425154581,-0.20352360817477097,32_64,1.0,13.873350004701601,stable
DCT_32_64_PC2,D,R,dummy,src_gss,2,156,44,-0.0009614617684463589,12.942802998150965,19.979413043399248,,32_64,2.0,49.09565959534007,unstable_pc
DCT_32_64_PC2,D,R,ridge,src_gss,2,156,44,-0.008375598981002819,12.371691521938574,20.053270442541308,0.11289640591966173,32_64,2.0,49.09565959534007,unstable_pc
DCT_32_64_PC2,D,R,extratrees,src_gss,2,156,44,-0.4934192561775965,14.837114798313415,24.404219373989374,0.19379844961240306,32_64,2.0,49.09565959534007,unstable_pc
DCT_32_64_PC3,D,R,dummy,src_gss,2,156,44,-0.21448159153194402,11.123175092706411,17.15718186254008,,32_64,3.0,64.63519640179945,unstable_pc
DCT_32_64_PC3,D,R,ridge,src_gss,2,156,44,-0.403447968203976,12.571112589713424,18.443725272661272,-0.2692036645525017,32_64,3.0,64.63519640179945,unstable_pc
DCT_32_64_PC3,D,R,extratrees,src_gss,2,156,44,-0.9391117249791214,13.568295343973597,21.67963183494471,0.07188160676532769,32_64,3.0,64.63519640179945,unstable_pc
DCT_64_inf_PC1,D,R,dummy,src_gss,2,156,44,-0.03204069506253937,58.017825107238224,113.05323102556231,,64_inf,1.0,15.366065189544106,stable
DCT_64_inf_PC1,D,R,ridge,src_gss,2,156,44,-0.0026973833534365,57.28989792947735,111.43445884786371,0.2102889358703312,64_inf,1.0,15.366065189544106,stable
DCT_64_inf_PC1,D,R,extratrees,src_gss,2,156,44,-0.32932978147332204,56.94606264495224,128.3071725825663,0.5081042988019732,64_inf,1.0,15.366065189544106,stable
DCT_64_inf_PC2,D,R,dummy,src_gss,2,156,44,-0.03551199931698057,42.647251827810926,105.17069140129612,,64_inf,2.0,39.53316704423747,stable
DCT_64_inf_PC2,D,R,ridge,src_gss,2,156,44,-0.027530190361833684,42.34146395757412,104.76457526112789,0.06229739252995067,64_inf,2.0,39.53316704423747,stable
DCT_64_inf_PC2,D,R,extratrees,src_gss,2,156,44,0.24274425964207136,32.82262914357013,89.93701063716546,0.4377730796335448,64_inf,2.0,39.53316704423747,stable
DCT_64_inf_PC3,D,R,dummy,src_gss,2,156,44,-0.09477571623801762,45.14901951329323,95.66263906966248,,64_inf,3.0,57.83819219064061,unstable_pc
DCT_64_inf_PC3,D,R,ridge,src_gss,2,156,44,-0.05762183586564662,40.39892573628947,94.02535553977822,0.4084566596194503,64_inf,3.0,57.83819219064061,unstable_pc
DCT_64_inf_PC3,D,R,extratrees,src_gss,2,156,44,0.061713202740238504,35.54721196425533,88.56203404017793,0.25750528541226214,64_inf,3.0,57.83819219064061,unstable_pc
median_depth_um,A,C,dummy,src_gss,2,156,44,-0.13037402639280127,16.889719376456874,18.413215088548476,,,,,
median_depth_um,A,C,ridge,src_gss,2,156,44,0.8162800378766486,5.393014803850358,7.423294920135622,0.9245947850599012,,,,
median_depth_um,A,C,extratrees,src_gss,2,156,44,0.9557176256672004,2.5548635435714258,3.6444667371257444,0.9582804792107117,,,,
Sq_um,B,C,dummy,src_gss,2,156,44,-0.010827195870103168,1.0186368930352077,1.4589065733579414,,,,,
Sq_um,B,C,ridge,src_gss,2,156,44,0.07074106307678474,0.9078213405606491,1.3988057065443282,0.5623678646934461,,,,
Sq_um,B,C,extratrees,src_gss,2,156,44,0.5072002349768383,0.6200336405382572,1.0186483080355595,0.6353770260747005,,,,
Sa_um,B,C,dummy,src_gss,2,156,44,-0.0029772488104209405,0.5946792566451372,0.9264638299227932,,,,,
Sa_um,B,C,ridge,src_gss,2,156,44,0.013279375491670131,0.5666290839979017,0.9189249234546142,0.5722339675828049,,,,
Sa_um,B,C,extratrees,src_gss,2,156,44,0.4126622281217688,0.3740381297481305,0.7089684247689831,0.6428470754052149,,,,
Ssk_skewness,B,C,dummy,src_gss,2,156,44,-0.030727863481150308,1.4121149266257071,1.8146185659571497,,,,,
Ssk_skewness,B,C,ridge,src_gss,2,156,44,0.10032165046781205,1.2452260483238364,1.6953406541472973,0.27441860465116275,,,,
Ssk_skewness,B,C,extratrees,src_gss,2,156,44,0.011530661711607992,1.1436496658501056,1.7770307498289304,0.2913319238900634,,,,
kurtosis_excess_fisher,B,C,dummy,src_gss,2,156,44,-0.09556182173860517,9.047081591092693,11.599492739870932,,,,,
kurtosis_excess_fisher,B,C,ridge,src_gss,2,156,44,-0.30750659250837953,8.101431796671978,12.671922153857246,0.30894996476391823,,,,
kurtosis_excess_fisher,B,C,extratrees,src_gss,2,156,44,-0.6197835272437571,8.44991269884372,14.10421896442429,0.07709654686398872,,,,
grad_rms_um_per_um,B,C,dummy,src_gss,2,156,44,-0.05243080883777451,0.2964286302317338,0.35991167032367755,,,,,
grad_rms_um_per_um,B,C,ridge,src_gss,2,156,44,0.256520781726594,0.24036407584330935,0.3025057049082469,0.57646229739253,,,,
grad_rms_um_per_um,B,C,extratrees,src_gss,2,156,44,0.5486821656134854,0.1776138836000478,0.23568958967512804,0.5678646934460888,,,,
lap_rms_um_per_px2,B,C,dummy,src_gss,2,156,44,-0.003350824402793995,0.14347132371881655,0.1814904248818397,,,,,
lap_rms_um_per_px2,B,C,ridge,src_gss,2,156,44,0.09526511746037014,0.1353597676524047,0.1723407501536519,0.3252995066948555,,,,
lap_rms_um_per_px2,B,C,extratrees,src_gss,2,156,44,0.33561398918686547,0.11149710513116771,0.14768539576754242,0.5575757575757575,,,,
acf_e_fold_lag_um,B,C,dummy,src_gss,2,156,44,-0.030620278608720186,7.257575757575759,8.087022744415084,,,,,
acf_e_fold_lag_um,B,C,ridge,src_gss,2,156,44,0.2013371393513882,5.886288662621015,7.119034006801533,0.46545119761350945,,,,
acf_e_fold_lag_um,B,C,extratrees,src_gss,2,156,44,0.23401083528845945,5.242279193722942,6.971891760483595,0.5386056219731957,,,,
aniso_gradx_over_y,B,C,dummy,src_gss,2,156,44,-0.06935540300367538,0.3964935737964605,0.47483966658151117,,,,,
aniso_gradx_over_y,B,C,ridge,src_gss,2,156,44,-0.18694304438475706,0.39637305166015174,0.5002658959237762,0.5704016913319239,,,,
aniso_gradx_over_y,B,C,extratrees,src_gss,2,156,44,-0.1828904647234626,0.35168756357962033,0.4994111367694285,0.6002818886539817,,,,
pit_density_per_Mpx,B,C,dummy,src_gss,2,156,44,-0.042172417151223884,13298.698371940562,42561.69798685889,,,,,
pit_density_per_Mpx,B,C,ridge,src_gss,2,156,44,-0.030208723285134242,13120.025831277359,42316.697783078875,0.11638887175812708,,,,
pit_density_per_Mpx,B,C,extratrees,src_gss,2,156,44,0.009332392364771791,13006.849195075762,41496.65974713141,0.20972596697386783,,,,
pit_depth_um,B,C,dummy,src_gss,2,156,44,-0.009411726888846728,1.7718363761921394,3.5451752375264127,,,,,
pit_depth_um,B,C,ridge,src_gss,2,156,44,9.211238083484119e-05,1.682702663885945,3.528446455520265,0.4214235377026074,,,,
pit_depth_um,B,C,extratrees,src_gss,2,156,44,0.07447859924903533,1.6615843986930268,3.394663782281365,0.45722339675828044,,,,
peak_to_valley_p98p2_um,B,C,dummy,src_gss,2,156,44,-0.027394618831100503,3.7388911546686003,4.5328507400170786,,,,,
peak_to_valley_p98p2_um,B,C,ridge,src_gss,2,156,44,0.15748981278662388,3.0048394596041352,4.104784443137539,0.5830866807610993,,,,
peak_to_valley_p98p2_um,B,C,extratrees,src_gss,2,156,44,0.403992031941674,2.3168524034432125,3.452461213512012,0.592952783650458,,,,
deepest_negative_residual_um,B,C,dummy,src_gss,2,156,44,-0.009411726888846728,1.7718363761921394,3.5451752375264127,,,,,
deepest_negative_residual_um,B,C,ridge,src_gss,2,156,44,9.211238083484119e-05,1.682702663885945,3.528446455520265,0.4214235377026074,,,,
deepest_negative_residual_um,B,C,extratrees,src_gss,2,156,44,0.07447859924903533,1.6615843986930268,3.394663782281365,0.45722339675828044,,,,
rms_DCT_8_16_um,C,C,dummy,src_gss,2,156,44,-0.0701940117098725,0.30916171542084786,0.3665482791558661,,,,,
rms_DCT_8_16_um,C,C,ridge,src_gss,2,156,44,0.35652637658807584,0.23378990270971237,0.2842269805491385,0.7446088794926004,,,,
rms_DCT_8_16_um,C,C,extratrees,src_gss,2,156,44,0.6268673794170085,0.15035840794805572,0.21643701505268184,0.7447498238195912,,,,
E_DCT_8_16_frac,C,C,dummy,src_gss,2,156,44,-0.08585108669220509,0.16624627764100086,0.19483433009140527,,,,,
E_DCT_8_16_frac,C,C,ridge,src_gss,2,156,44,0.21557382926395208,0.1370934748095551,0.16559849470831725,0.5895701198026779,,,,
E_DCT_8_16_frac,C,C,extratrees,src_gss,2,156,44,0.48437849006557965,0.0994865293762543,0.1342597581722605,0.6715997181113459,,,,
rms_DCT_16_32_um,C,C,dummy,src_gss,2,156,44,-0.03514217653863505,0.4064376662991338,0.5192209283998731,,,,,
rms_DCT_16_32_um,C,C,ridge,src_gss,2,156,44,0.2898563005578285,0.30250037780021244,0.4300562923803692,0.6679351656095842,,,,
rms_DCT_16_32_um,C,C,extratrees,src_gss,2,156,44,0.6059433810785457,0.21512874727999742,0.32035499554104596,0.7267089499647638,,,,
E_DCT_16_32_frac,C,C,dummy,src_gss,2,156,44,-0.2015262521695511,0.09950747546948581,0.11030416107181065,,,,,
E_DCT_16_32_frac,C,C,ridge,src_gss,2,156,44,0.1848498895474575,0.07590754640618265,0.09085400148283826,0.608738548273432,,,,
E_DCT_16_32_frac,C,C,extratrees,src_gss,2,156,44,0.2637332618072955,0.06771237095882186,0.0863461254177676,0.5954897815362931,,,,
rms_DCT_32_64_um,C,C,dummy,src_gss,2,156,44,-0.05678965546786019,0.41181990983292116,0.5109994323530364,,,,,
rms_DCT_32_64_um,C,C,ridge,src_gss,2,156,44,0.0697240776025706,0.35808439393071395,0.4794375344075141,0.574630021141649,,,,
rms_DCT_32_64_um,C,C,extratrees,src_gss,2,156,44,0.5995584012550368,0.2230282222389107,0.31455437810416903,0.5977448907681465,,,,
E_DCT_32_64_frac,C,C,dummy,src_gss,2,156,44,-0.0045327262545395985,0.06428121657463647,0.07909357010728206,,,,,
E_DCT_32_64_frac,C,C,ridge,src_gss,2,156,44,0.18276468622174558,0.04951842902945063,0.07133993288892256,0.5112050739957716,,,,
E_DCT_32_64_frac,C,C,extratrees,src_gss,2,156,44,0.08732971602896322,0.05519537582231492,0.07539040723668795,0.4596194503171247,,,,
rms_DCT_64_inf_um,C,C,dummy,src_gss,2,156,44,-0.00015462854199865816,0.7441214375131171,1.2799215882530113,,,,,
rms_DCT_64_inf_um,C,C,ridge,src_gss,2,156,44,0.006227453115602133,0.7461272757041946,1.2758314022473949,0.47751937984496123,,,,
rms_DCT_64_inf_um,C,C,extratrees,src_gss,2,156,44,0.44180179831447164,0.5212920503585856,0.9561895790217098,0.5963354474982381,,,,
E_DCT_64_inf_frac,C,C,dummy,src_gss,2,156,44,-0.18489021357527813,0.20792324862084702,0.27662577890406387,,,,,
E_DCT_64_inf_frac,C,C,ridge,src_gss,2,156,44,0.04575146284410381,0.19129279011545453,0.24824719212279084,0.5338971106412966,,,,
E_DCT_64_inf_frac,C,C,extratrees,src_gss,2,156,44,0.27792274084132274,0.16036952960115622,0.21594613098900756,0.6153629316420014,,,,
DCT_8_16_PC1,D,C,dummy,src_gss,2,156,44,-0.04807618352667653,16.478868776463766,37.75943159905902,,8_16,1.0,13.408006854024716,stable
DCT_8_16_PC1,D,C,ridge,src_gss,2,156,44,-0.050714403572418076,18.264079284280335,37.80692579853938,-0.04129668780831571,8_16,1.0,13.408006854024716,stable
DCT_8_16_PC1,D,C,extratrees,src_gss,2,156,44,-1.1470664341324048,22.028006428077507,54.044532359782224,-0.0031007751937984496,8_16,1.0,13.408006854024716,stable
DCT_8_16_PC2,D,C,dummy,src_gss,2,156,44,-0.017990397807245984,4.384057169544671,7.612063977961272,,8_16,2.0,20.737703549078432,stable
DCT_8_16_PC2,D,C,ridge,src_gss,2,156,44,-0.10397161784661013,5.767530452366166,7.927012501795286,-0.07681465821000703,8_16,2.0,20.737703549078432,stable
DCT_8_16_PC2,D,C,extratrees,src_gss,2,156,44,-0.5094124248924219,5.699039896396806,9.269035581953563,-0.31557434813248764,8_16,2.0,20.737703549078432,stable
DCT_8_16_PC3,D,C,dummy,src_gss,2,156,44,-0.004612468568297112,9.71295748998184,17.661578199359443,,8_16,3.0,81.05435405262392,unstable_pc
DCT_8_16_PC3,D,C,ridge,src_gss,2,156,44,-0.05017571007495203,11.558775704482342,18.057649167933846,-0.18238195912614516,8_16,3.0,81.05435405262392,unstable_pc
DCT_8_16_PC3,D,C,extratrees,src_gss,2,156,44,-0.2305888483615286,12.383319471003022,19.547297112230638,-0.20253699788583507,8_16,3.0,81.05435405262392,unstable_pc
DCT_16_32_PC1,D,C,dummy,src_gss,2,156,44,-0.003972123195265631,9.959955949745572,21.017680274031154,,16_32,1.0,46.02353456285823,unstable_pc
DCT_16_32_PC1,D,C,ridge,src_gss,2,156,44,-0.01513916687307626,10.473264753796654,21.134245417629423,0.17040169133192387,16_32,1.0,46.02353456285823,unstable_pc
DCT_16_32_PC1,D,C,extratrees,src_gss,2,156,44,-0.09278413068316937,11.4045318395508,21.92760220253847,-0.09992952783650456,16_32,1.0,46.02353456285823,unstable_pc
DCT_16_32_PC2,D,C,dummy,src_gss,2,156,44,-3.4429459796925244e-05,9.917450137982176,23.34779079137433,,16_32,2.0,68.5001173756558,unstable_pc
DCT_16_32_PC2,D,C,ridge,src_gss,2,156,44,-0.0027876131133877102,12.94119513413613,23.379907972643768,-0.18054968287526424,16_32,2.0,68.5001173756558,unstable_pc
DCT_16_32_PC2,D,C,extratrees,src_gss,2,156,44,-0.03755122951875056,12.347582050928947,23.781710700324734,-0.08329809725158561,16_32,2.0,68.5001173756558,unstable_pc
DCT_16_32_PC3,D,C,dummy,src_gss,2,156,44,-0.016019446084866606,8.053488660231658,12.757025444003123,,16_32,3.0,71.24028435351893,unstable_pc
DCT_16_32_PC3,D,C,ridge,src_gss,2,156,44,-0.6218706790227666,11.706014585971381,16.11782822084495,-0.04989429175475687,16_32,3.0,71.24028435351893,unstable_pc
DCT_16_32_PC3,D,C,extratrees,src_gss,2,156,44,-0.7154040895561535,10.254341626909078,16.576072294359538,0.02635658914728682,16_32,3.0,71.24028435351893,unstable_pc
DCT_32_64_PC1,D,C,dummy,src_gss,2,156,44,-0.04525886256875489,21.21660183468126,36.25838855982873,,32_64,1.0,13.873350004701601,stable
DCT_32_64_PC1,D,C,ridge,src_gss,2,156,44,-0.44277728075259315,30.02946988375226,42.59868736027708,0.07892882311486962,32_64,1.0,13.873350004701601,stable
DCT_32_64_PC1,D,C,extratrees,src_gss,2,156,44,0.021376345341808656,18.749297197143264,35.083622066253014,-0.15391120507399575,32_64,1.0,13.873350004701601,stable
DCT_32_64_PC2,D,C,dummy,src_gss,2,156,44,-0.0009614617684463589,12.942802998150965,19.979413043399248,,32_64,2.0,49.09565959534007,unstable_pc
DCT_32_64_PC2,D,C,ridge,src_gss,2,156,44,0.03273283340488664,12.952974833503312,19.640261682435035,0.18336856941508103,32_64,2.0,49.09565959534007,unstable_pc
DCT_32_64_PC2,D,C,extratrees,src_gss,2,156,44,-1.0469800944918233,17.992572794957823,28.57135626744876,-0.034249471458773786,32_64,2.0,49.09565959534007,unstable_pc
DCT_32_64_PC3,D,C,dummy,src_gss,2,156,44,-0.21448159153194402,11.123175092706411,17.15718186254008,,32_64,3.0,64.63519640179945,unstable_pc
DCT_32_64_PC3,D,C,ridge,src_gss,2,156,44,-0.5675151949002246,12.76778540649667,19.49199836289871,0.0052149400986610285,32_64,3.0,64.63519640179945,unstable_pc
DCT_32_64_PC3,D,C,extratrees,src_gss,2,156,44,-1.2509978221479843,14.605542328648715,23.358127459099308,0.05158562367864693,32_64,3.0,64.63519640179945,unstable_pc
DCT_64_inf_PC1,D,C,dummy,src_gss,2,156,44,-0.03204069506253937,58.017825107238224,113.05323102556231,,64_inf,1.0,15.366065189544106,stable
DCT_64_inf_PC1,D,C,ridge,src_gss,2,156,44,0.03725841025029042,61.96803915165299,109.1916514085528,0.26455250176180406,64_inf,1.0,15.366065189544106,stable
DCT_64_inf_PC1,D,C,extratrees,src_gss,2,156,44,0.14868355637190123,51.335642302428184,102.67863312102968,0.6004228329809724,64_inf,1.0,15.366065189544106,stable
DCT_64_inf_PC2,D,C,dummy,src_gss,2,156,44,-0.03551199931698057,42.647251827810926,105.17069140129612,,64_inf,2.0,39.53316704423747,stable
DCT_64_inf_PC2,D,C,ridge,src_gss,2,156,44,-0.13150932956703754,58.86896582272761,109.93759465188673,-0.10176180408738549,64_inf,2.0,39.53316704423747,stable
DCT_64_inf_PC2,D,C,extratrees,src_gss,2,156,44,0.211997905530378,37.18812856648813,91.74467087939136,0.4589147286821705,64_inf,2.0,39.53316704423747,stable
DCT_64_inf_PC3,D,C,dummy,src_gss,2,156,44,-0.09477571623801762,45.14901951329323,95.66263906966248,,64_inf,3.0,57.83819219064061,unstable_pc
DCT_64_inf_PC3,D,C,ridge,src_gss,2,156,44,-0.03298391680884083,41.11927163041871,92.9237140704464,0.3174066243833686,64_inf,3.0,57.83819219064061,unstable_pc
DCT_64_inf_PC3,D,C,extratrees,src_gss,2,156,44,0.04649049249374848,35.22245699978544,89.27755620543725,0.4871035940803382,64_inf,3.0,57.83819219064061,unstable_pc
median_depth_um,A,A,dummy,src_gss,3,162,38,-0.03543627659821924,19.718014230019488,21.740653005796084,,,,,
median_depth_um,A,A,ridge,src_gss,3,162,38,0.6944892087523165,10.006293830552654,11.809300498175714,0.8457161615056351,,,,
median_depth_um,A,A,extratrees,src_gss,3,162,38,0.9085036273905638,4.846314599593301,6.462682712519459,0.9496662654557391,,,,
Sq_um,B,A,dummy,src_gss,3,162,38,-0.00012695969255016593,1.1230095011128325,1.8559627075250127,,,,,
Sq_um,B,A,ridge,src_gss,3,162,38,0.27103298001244525,0.8665313159937406,1.584512313567571,0.5717255717255717,,,,
Sq_um,B,A,extratrees,src_gss,3,162,38,0.08713150189621566,0.9774748880724541,1.7731512745079963,0.6785206258890469,,,,
Sa_um,B,A,dummy,src_gss,3,162,38,-0.013112949477057212,0.7376314131307641,1.332471826215943,,,,,
Sa_um,B,A,ridge,src_gss,3,162,38,0.22080839625786486,0.5613867031995919,1.1685605855756482,0.6828974723711565,,,,
Sa_um,B,A,extratrees,src_gss,3,162,38,0.13818771067050173,0.581676860914511,1.2289534786441247,0.6995294890031732,,,,
Ssk_skewness,B,A,dummy,src_gss,3,162,38,-0.024161898207659016,1.6514203782509878,2.3255194123697955,,,,,
Ssk_skewness,B,A,ridge,src_gss,3,162,38,0.13311327766325787,1.453073745483179,2.1395223979508096,0.5305832147937412,,,,
Ssk_skewness,B,A,extratrees,src_gss,3,162,38,0.07459468404740843,1.523946161784894,2.2105566890830146,0.44983039719881823,,,,
kurtosis_excess_fisher,B,A,dummy,src_gss,3,162,38,-0.031887428817293895,14.038983479059079,27.320995608718107,,,,,
kurtosis_excess_fisher,B,A,ridge,src_gss,3,162,38,0.03224921411531978,12.130149636598953,26.45831161108782,0.5312397417660576,,,,
kurtosis_excess_fisher,B,A,extratrees,src_gss,3,162,38,0.006219837352573143,12.778929788355166,26.811772292374197,0.30955246744720427,,,,
grad_rms_um_per_um,B,A,dummy,src_gss,3,162,38,-8.731434121234116e-05,0.2994328510338078,0.37185817970193463,,,,,
grad_rms_um_per_um,B,A,ridge,src_gss,3,162,38,0.3670106446652931,0.22773533521947095,0.29583978839211705,0.5841995841995842,,,,
grad_rms_um_per_um,B,A,extratrees,src_gss,3,162,38,0.3950039751259098,0.2126642139306866,0.2892242079090028,0.6739249370828319,,,,
lap_rms_um_per_px2,B,A,dummy,src_gss,3,162,38,-0.0008931303971544402,0.1490397521105545,0.17663855523225655,,,,,
lap_rms_um_per_px2,B,A,ridge,src_gss,3,162,38,0.15197428762357756,0.13161396854498433,0.16259087183596313,0.39096181201444363,,,,
lap_rms_um_per_px2,B,A,extratrees,src_gss,3,162,38,0.2508429100167915,0.12158637793093273,0.15281926150271474,0.4456723930408141,,,,
acf_e_fold_lag_um,B,A,dummy,src_gss,3,162,38,-0.0057617795221580614,7.151397011046135,7.756374735349495,,,,,
acf_e_fold_lag_um,B,A,ridge,src_gss,3,162,38,0.3221163104169582,5.822267907667843,6.367791156668872,0.6311933124390086,,,,
acf_e_fold_lag_um,B,A,extratrees,src_gss,3,162,38,0.2707767533461277,5.536525532581454,6.604523224019696,0.5351826609896994,,,,
aniso_gradx_over_y,B,A,dummy,src_gss,3,162,38,-0.06239492218352316,0.5076498906862967,0.6086547096513919,,,,,
aniso_gradx_over_y,B,A,ridge,src_gss,3,162,38,0.41701656467514814,0.34867018639036584,0.4508749438477893,0.7726228252544041,,,,
aniso_gradx_over_y,B,A,extratrees,src_gss,3,162,38,0.2656078391649337,0.39488398352988163,0.5060483462253965,0.6266892825487884,,,,
pit_density_per_Mpx,B,A,dummy,src_gss,3,162,38,-0.12338851474313506,6393.267239278753,9100.898487311953,,,,,
pit_density_per_Mpx,B,A,ridge,src_gss,3,162,38,-0.2678874437932881,5891.429473167618,9668.51178573291,0.14529872869367488,,,,
pit_density_per_Mpx,B,A,extratrees,src_gss,3,162,38,-1.1661986547011756,5968.227193442294,12637.711050005053,-0.02503188748050781,,,,
pit_depth_um,B,A,dummy,src_gss,3,162,38,-0.019557882274635174,1.7524349176239578,2.871334236901591,,,,,
pit_depth_um,B,A,ridge,src_gss,3,162,38,0.0755453456412496,1.5061024854262755,2.7341391449077252,0.5211729948572054,,,,
pit_depth_um,B,A,extratrees,src_gss,3,162,38,-0.3310758518961894,1.5573315185000396,3.2807958612237096,0.617244775139512,,,,
peak_to_valley_p98p2_um,B,A,dummy,src_gss,3,162,38,-0.0012792915481640854,4.559789989639008,7.69856041301243,,,,,
peak_to_valley_p98p2_um,B,A,ridge,src_gss,3,162,38,0.26166686039551745,3.4435028593410557,6.6108619169907925,0.5395557500820659,,,,
peak_to_valley_p98p2_um,B,A,extratrees,src_gss,3,162,38,0.24707910159194812,3.6303224221718713,6.675850169599043,0.6389101652259546,,,,
deepest_negative_residual_um,B,A,dummy,src_gss,3,162,38,-0.019557882274635174,1.7524349176239578,2.871334236901591,,,,,
deepest_negative_residual_um,B,A,ridge,src_gss,3,162,38,0.0755453456412496,1.5061024854262755,2.7341391449077252,0.5211729948572054,,,,
deepest_negative_residual_um,B,A,extratrees,src_gss,3,162,38,-0.3310758518961894,1.5573315185000396,3.2807958612237096,0.617244775139512,,,,
rms_DCT_8_16_um,C,A,dummy,src_gss,3,162,38,-0.00024116575701538245,0.3147237802723724,0.37626657920500484,,,,,
rms_DCT_8_16_um,C,A,ridge,src_gss,3,162,38,0.36703914861909503,0.23388626015214528,0.29931722334594685,0.6054272896378159,,,,
rms_DCT_8_16_um,C,A,extratrees,src_gss,3,162,38,0.5950161855565946,0.18716554957264386,0.23942093152636226,0.8319290950869898,,,,
E_DCT_8_16_frac,C,A,dummy,src_gss,3,162,38,-0.0006605263976831033,0.15730827115750834,0.19564440905924738,,,,,
E_DCT_8_16_frac,C,A,ridge,src_gss,3,162,38,0.3855086010915528,0.12325437227213297,0.15331405188837952,0.5257686836634204,,,,
E_DCT_8_16_frac,C,A,extratrees,src_gss,3,162,38,0.6658149960910067,0.08958998206794387,0.11306222717660377,0.6321260531786846,,,,
rms_DCT_16_32_um,C,A,dummy,src_gss,3,162,38,-0.00031605782545440775,0.42014561493586644,0.5629600760864201,,,,,
rms_DCT_16_32_um,C,A,ridge,src_gss,3,162,38,0.5563364319342753,0.2693241689207555,0.3749176276309018,0.7632126053178684,,,,
rms_DCT_16_32_um,C,A,extratrees,src_gss,3,162,38,0.43570943114253724,0.27618047825672104,0.4228247223889146,0.8540321698216435,,,,
E_DCT_16_32_frac,C,A,dummy,src_gss,3,162,38,-0.0023516871950095553,0.09123272901352941,0.11240218741028318,,,,,
E_DCT_16_32_frac,C,A,ridge,src_gss,3,162,38,0.09409047785624747,0.08457330430080581,0.10685801744248842,0.40825035561877665,,,,
E_DCT_16_32_frac,C,A,extratrees,src_gss,3,162,38,-0.07251087059530659,0.09183986254106577,0.11626943215534044,0.42663311084363714,,,,
rms_DCT_32_64_um,C,A,dummy,src_gss,3,162,38,-5.3437026959368694e-05,0.5027248577029266,0.7713630168335214,,,,,
rms_DCT_32_64_um,C,A,ridge,src_gss,3,162,38,0.36389732998181423,0.38619004233116866,0.6151921973474188,0.6264361527519422,,,,
rms_DCT_32_64_um,C,A,extratrees,src_gss,3,162,38,0.11755314976703768,0.4355787673031731,0.7245885849372952,0.7078454973191814,,,,
E_DCT_32_64_frac,C,A,dummy,src_gss,3,162,38,-0.004316976037176179,0.07610042579014926,0.08598480138927168,,,,,
E_DCT_32_64_frac,C,A,ridge,src_gss,3,162,38,0.29433400899488393,0.0590286505520932,0.07207520467655125,0.5798227377174745,,,,
E_DCT_32_64_frac,C,A,extratrees,src_gss,3,162,38,0.0032667442370686306,0.06718802013673841,0.0856595453397927,0.4454535507167086,,,,
rms_DCT_64_inf_um,C,A,dummy,src_gss,3,162,38,-3.385583501702705e-05,0.8757120977889062,1.6286583671979682,,,,,
rms_DCT_64_inf_um,C,A,ridge,src_gss,3,162,38,0.18803034330359958,0.776832109832967,1.467548771524642,0.597767808294124,,,,
rms_DCT_64_inf_um,C,A,extratrees,src_gss,3,162,38,-0.013074255371479548,0.8265985663169074,1.639242792241505,0.4863770653244337,,,,
E_DCT_64_inf_frac,C,A,dummy,src_gss,3,162,38,-0.0077734062915670865,0.2090062084933333,0.237624363375908,,,,,
E_DCT_64_inf_frac,C,A,ridge,src_gss,3,162,38,0.04377443645494605,0.1903426240034414,0.2314673259269416,0.34763103184155814,,,,
E_DCT_64_inf_frac,C,A,extratrees,src_gss,3,162,38,0.10462237523722873,0.17263763220631675,0.2239817523657375,0.41481562534194116,,,,
DCT_8_16_PC1,D,A,dummy,src_gss,3,162,38,-2.4100285591854842e-05,20.56221118196179,42.973622838183566,,8_16,1.0,12.295801775722573,stable
DCT_8_16_PC1,D,A,ridge,src_gss,3,162,38,0.018733941328004877,20.95088906194211,42.56867409373994,-0.10668563300142249,8_16,1.0,12.295801775722573,stable
DCT_8_16_PC1,D,A,extratrees,src_gss,3,162,38,0.14743384023858663,19.44360385735457,39.67900561786183,0.10668563300142249,8_16,1.0,12.295801775722573,stable
DCT_8_16_PC2,D,A,dummy,src_gss,3,162,38,-0.01572227868022602,5.504243616718675,7.934439242473753,,8_16,2.0,28.90639654911596,stable
DCT_8_16_PC2,D,A,ridge,src_gss,3,162,38,0.07171432611508122,5.64315408802202,7.5852443177176685,0.18678192362402887,8_16,2.0,28.90639654911596,stable
DCT_8_16_PC2,D,A,extratrees,src_gss,3,162,38,-2.985252659410951,6.888705114421819,15.716530507482315,0.2506838822628296,8_16,2.0,28.90639654911596,stable
DCT_8_16_PC3,D,A,dummy,src_gss,3,162,38,-0.004557932697928813,10.07303312653493,18.11469390900476,,8_16,3.0,76.9758363520252,unstable_pc
DCT_8_16_PC3,D,A,ridge,src_gss,3,162,38,0.06728836054297371,10.217293220482821,17.45489354490347,0.08917824707298391,8_16,3.0,76.9758363520252,unstable_pc
DCT_8_16_PC3,D,A,extratrees,src_gss,3,162,38,-0.1445808295271216,11.18085191593871,19.336004571562928,0.10077689025057447,8_16,3.0,76.9758363520252,unstable_pc
DCT_16_32_PC1,D,A,dummy,src_gss,3,162,38,-0.05428801848057674,13.89801581023757,23.71748839007811,,16_32,1.0,47.07715866792129,unstable_pc
DCT_16_32_PC1,D,A,ridge,src_gss,3,162,38,-0.1026768532755209,13.818217022300013,24.25566524689801,0.09486814749972645,16_32,1.0,47.07715866792129,unstable_pc
DCT_16_32_PC1,D,A,extratrees,src_gss,3,162,38,-1.0994094331626054,17.796740818252495,33.46860672102724,0.12791333843965422,16_32,1.0,47.07715866792129,unstable_pc
DCT_16_32_PC2,D,A,dummy,src_gss,3,162,38,-0.02446458447949995,9.589897284506506,19.088139381254464,,16_32,2.0,67.70118769198004,unstable_pc
DCT_16_32_PC2,D,A,ridge,src_gss,3,162,38,-0.06352195532087368,12.089941228741694,19.448600379124617,0.09005361636940584,16_32,2.0,67.70118769198004,unstable_pc
DCT_16_32_PC2,D,A,extratrees,src_gss,3,162,38,-1.1514004998073077,15.591103286574363,27.66150181390721,0.12660028449502134,16_32,2.0,67.70118769198004,unstable_pc
DCT_16_32_PC3,D,A,dummy,src_gss,3,162,38,-0.06671000359462265,10.61688189277292,17.150394891284268,,16_32,3.0,75.53018122746104,unstable_pc
DCT_16_32_PC3,D,A,ridge,src_gss,3,162,38,-0.2946544804224851,12.01418248473956,18.894172652706217,-0.16183389867600392,16_32,3.0,75.53018122746104,unstable_pc
DCT_16_32_PC3,D,A,extratrees,src_gss,3,162,38,-0.0732180932223816,11.841686773940172,17.202633352965695,0.1515483094430463,16_32,3.0,75.53018122746104,unstable_pc
DCT_32_64_PC1,D,A,dummy,src_gss,3,162,38,-0.0005477849874402363,27.01425094028448,51.86908108773486,,32_64,1.0,15.764121314523074,stable
DCT_32_64_PC1,D,A,ridge,src_gss,3,162,38,0.11829075618110685,29.61140907740957,48.691408057252936,-0.08239413502571397,32_64,1.0,15.764121314523074,stable
DCT_32_64_PC1,D,A,extratrees,src_gss,3,162,38,-0.5103485378534676,30.13836263484155,63.72769732875417,0.08523908523908524,32_64,1.0,15.764121314523074,stable
DCT_32_64_PC2,D,A,dummy,src_gss,3,162,38,-0.41237533191449627,20.05915991107257,30.254337644657905,,32_64,2.0,43.76149519218794,unstable_pc
DCT_32_64_PC2,D,A,ridge,src_gss,3,162,38,-0.783999156642754,20.421211060270554,34.00242645335618,-0.19050224313382208,32_64,2.0,43.76149519218794,unstable_pc
DCT_32_64_PC2,D,A,extratrees,src_gss,3,162,38,-1.1788660224238785,22.308126116370637,37.577497171906174,-0.09027245869351133,32_64,2.0,43.76149519218794,unstable_pc
DCT_32_64_PC3,D,A,dummy,src_gss,3,162,38,-0.08198673195072059,10.418221802060422,21.770934010160296,,32_64,3.0,68.08232961073901,unstable_pc
DCT_32_64_PC3,D,A,ridge,src_gss,3,162,38,0.03774066214103233,11.025378800646617,20.531097287809835,0.024619761461866726,32_64,3.0,68.08232961073901,unstable_pc
DCT_32_64_PC3,D,A,extratrees,src_gss,3,162,38,-0.457767110237296,14.374875377006076,25.270286608840873,0.09858846700951963,32_64,3.0,68.08232961073901,unstable_pc
DCT_64_inf_PC1,D,A,dummy,src_gss,3,162,38,-0.15350612375522976,69.43187960124452,139.28920045268492,,64_inf,1.0,15.53039971118676,stable
DCT_64_inf_PC1,D,A,ridge,src_gss,3,162,38,-0.3963691448327218,72.90055928219435,153.25251667100997,0.0027355290513185245,64_inf,1.0,15.53039971118676,stable
DCT_64_inf_PC1,D,A,extratrees,src_gss,3,162,38,-0.3359498149011646,70.33149233795925,149.9003218409739,-0.15614399824926142,64_inf,1.0,15.53039971118676,stable
DCT_64_inf_PC2,D,A,dummy,src_gss,3,162,38,-0.0005486384754891382,43.51222398363862,101.24634831387792,,64_inf,2.0,28.546526860297465,stable
DCT_64_inf_PC2,D,A,ridge,src_gss,3,162,38,0.0853284758339542,42.81792649068033,96.80389791759549,0.42313163365794937,64_inf,2.0,28.546526860297465,stable
DCT_64_inf_PC2,D,A,extratrees,src_gss,3,162,38,0.023769888093754576,50.496254618324926,100.00837378226048,0.6220593062698325,64_inf,2.0,28.546526860297465,stable
DCT_64_inf_PC3,D,A,dummy,src_gss,3,162,38,-0.05751438676893761,47.20304629173228,129.57673212942981,,64_inf,3.0,54.96589343214206,unstable_pc
DCT_64_inf_PC3,D,A,ridge,src_gss,3,162,38,-0.0507017399620342,46.54044031579,129.1586825812402,0.2244228033701718,64_inf,3.0,54.96589343214206,unstable_pc
DCT_64_inf_PC3,D,A,extratrees,src_gss,3,162,38,-0.3310033567203807,60.23762004036134,145.36955339891472,0.1392931392931393,64_inf,3.0,54.96589343214206,unstable_pc
median_depth_um,A,R,dummy,src_gss,3,162,38,-0.03543627659821924,19.718014230019488,21.740653005796084,,,,,
median_depth_um,A,R,ridge,src_gss,3,162,38,0.6707683932570034,9.882924383529051,12.259186639659193,0.9069920122551701,,,,
median_depth_um,A,R,extratrees,src_gss,3,162,38,0.8431600197944861,5.48271106218044,8.461342710348077,0.92056023634971,,,,
Sq_um,B,R,dummy,src_gss,3,162,38,-0.00012695969255016593,1.1230095011128325,1.8559627075250127,,,,,
Sq_um,B,R,ridge,src_gss,3,162,38,0.275692536295537,1.0275008000685097,1.579440094802968,0.6439435386803808,,,,
Sq_um,B,R,extratrees,src_gss,3,162,38,0.08774444443008078,0.9758272326286893,1.7725558862689406,0.5905460115986432,,,,
Sa_um,B,R,dummy,src_gss,3,162,38,-0.013112949477057212,0.7376314131307641,1.332471826215943,,,,,
Sa_um,B,R,ridge,src_gss,3,162,38,0.20834255708449345,0.6583771066687683,1.1778710600982623,0.6375971112813218,,,,
Sa_um,B,R,extratrees,src_gss,3,162,38,0.1580914400933473,0.5717107186350125,1.2146791150917404,0.634533318743845,,,,
Ssk_skewness,B,R,dummy,src_gss,3,162,38,-0.024161898207659016,1.6514203782509878,2.3255194123697955,,,,,
Ssk_skewness,B,R,ridge,src_gss,3,162,38,0.21679987306875448,1.4010871503935203,2.033630451429192,0.6052084473137104,,,,
Ssk_skewness,B,R,extratrees,src_gss,3,162,38,0.29169538752882607,1.4049091859007028,1.9339520261802703,0.568661779188095,,,,
kurtosis_excess_fisher,B,R,dummy,src_gss,3,162,38,-0.031887428817293895,14.038983479059079,27.320995608718107,,,,,
kurtosis_excess_fisher,B,R,ridge,src_gss,3,162,38,0.12264226492654551,12.435021947299314,25.1923519710665,0.5579385053069263,,,,
kurtosis_excess_fisher,B,R,extratrees,src_gss,3,162,38,0.17345871890175313,11.552160541549915,24.45190136234646,0.5730386256702046,,,,
grad_rms_um_per_um,B,R,dummy,src_gss,3,162,38,-8.731434121234116e-05,0.2994328510338078,0.37185817970193463,,,,,
grad_rms_um_per_um,B,R,ridge,src_gss,3,162,38,0.2253536492513737,0.2682863222908038,0.3272729562386295,0.6435058540321699,,,,
grad_rms_um_per_um,B,R,extratrees,src_gss,3,162,38,0.18325218802436116,0.23657891968013445,0.3360488160375242,0.6430681693839588,,,,
lap_rms_um_per_px2,B,R,dummy,src_gss,3,162,38,-0.0008931303971544402,0.1490397521105545,0.17663855523225655,,,,,
lap_rms_um_per_px2,B,R,ridge,src_gss,3,162,38,0.07684406483456308,0.14619093538943426,0.16964035894728396,0.3653572600941022,,,,
lap_rms_um_per_px2,B,R,extratrees,src_gss,3,162,38,0.1380185690052399,0.1282977052765499,0.16392326841751753,0.48243790349053506,,,,
acf_e_fold_lag_um,B,R,dummy,src_gss,3,162,38,-0.0057617795221580614,7.151397011046135,7.756374735349495,,,,,
acf_e_fold_lag_um,B,R,ridge,src_gss,3,162,38,0.23884922644126605,6.028021933798211,6.747557058993385,0.527400975769493,,,,
acf_e_fold_lag_um,B,R,extratrees,src_gss,3,162,38,0.31292604660279344,5.158927359665189,6.410810826549541,0.5572125022469039,,,,
aniso_gradx_over_y,B,R,dummy,src_gss,3,162,38,-0.06239492218352316,0.5076498906862967,0.6086547096513919,,,,,
aniso_gradx_over_y,B,R,ridge,src_gss,3,162,38,0.16357092799682227,0.4273473122495566,0.5400606731015647,0.6610132399606083,,,,
aniso_gradx_over_y,B,R,extratrees,src_gss,3,162,38,0.5536502525138876,0.3024224365052931,0.3945169259050963,0.7815953605427288,,,,
pit_density_per_Mpx,B,R,dummy,src_gss,3,162,38,-0.12338851474313506,6393.267239278753,9100.898487311953,,,,,
pit_density_per_Mpx,B,R,ridge,src_gss,3,162,38,-0.35098928912089655,6844.323474435671,9980.337628203766,-0.04699167967931693,,,,
pit_density_per_Mpx,B,R,extratrees,src_gss,3,162,38,-1.1483487617717913,5705.795948154398,12585.534758946606,-0.0567768720580609,,,,
pit_depth_um,B,R,dummy,src_gss,3,162,38,-0.019557882274635174,1.7524349176239578,2.871334236901591,,,,,
pit_depth_um,B,R,ridge,src_gss,3,162,38,0.12305202203527354,1.5857098337102857,2.662960482060958,0.6391290075500602,,,,
pit_depth_um,B,R,extratrees,src_gss,3,162,38,0.1184862420976559,1.4825081501914217,2.6698837587481483,0.6095852937958202,,,,
peak_to_valley_p98p2_um,B,R,dummy,src_gss,3,162,38,-0.0012792915481640854,4.559789989639008,7.69856041301243,,,,,
peak_to_valley_p98p2_um,B,R,ridge,src_gss,3,162,38,0.2989697832357653,3.9954742256204554,6.441696719852536,0.6319072108545792,,,,
peak_to_valley_p98p2_um,B,R,extratrees,src_gss,3,162,38,0.16582836168586568,3.7863333676771247,7.026832721548177,0.6008316008316009,,,,
deepest_negative_residual_um,B,R,dummy,src_gss,3,162,38,-0.019557882274635174,1.7524349176239578,2.871334236901591,,,,,
deepest_negative_residual_um,B,R,ridge,src_gss,3,162,38,0.12305202203527354,1.5857098337102857,2.662960482060958,0.6391290075500602,,,,
deepest_negative_residual_um,B,R,extratrees,src_gss,3,162,38,0.11848624209765568,1.4825081501914217,2.6698837587481483,0.6095852937958202,,,,
rms_DCT_8_16_um,C,R,dummy,src_gss,3,162,38,-0.00024116575701538245,0.3147237802723724,0.37626657920500484,,,,,
rms_DCT_8_16_um,C,R,ridge,src_gss,3,162,38,0.298695771909409,0.26333143162816547,0.3150623525440882,0.7507385928438561,,,,
rms_DCT_8_16_um,C,R,extratrees,src_gss,3,162,38,0.3042322735929873,0.24076630678977687,0.31381624597149227,0.7325746799431011,,,,
E_DCT_8_16_frac,C,R,dummy,src_gss,3,162,38,-0.0006605263976831033,0.15730827115750834,0.19564440905924738,,,,,
E_DCT_8_16_frac,C,R,ridge,src_gss,3,162,38,-0.19580454510333078,0.16610677293835105,0.21387211159466266,0.26031294452347087,,,,
E_DCT_8_16_frac,C,R,extratrees,src_gss,3,162,38,0.26162826657802596,0.13335115376097587,0.16805892789003302,0.4336360652150125,,,,
rms_DCT_16_32_um,C,R,dummy,src_gss,3,162,38,-0.00031605782545440775,0.42014561493586644,0.5629600760864201,,,,,
rms_DCT_16_32_um,C,R,ridge,src_gss,3,162,38,0.35055303933835025,0.3322049829614208,0.453608120624778,0.7872852609694715,,,,
rms_DCT_16_32_um,C,R,extratrees,src_gss,3,162,38,0.31434855811597995,0.2654818215910398,0.4660802210895876,0.8063245431666484,,,,
E_DCT_16_32_frac,C,R,dummy,src_gss,3,162,38,-0.0023516871950095553,0.09123272901352941,0.11240218741028318,,,,,
E_DCT_16_32_frac,C,R,ridge,src_gss,3,162,38,0.23518076951771016,0.07717472206487455,0.09818476379755751,0.5421818579713317,,,,
E_DCT_16_32_frac,C,R,extratrees,src_gss,3,162,38,0.13892222917094998,0.08180959690100278,0.10418036843445985,0.46974504869241707,,,,
rms_DCT_32_64_um,C,R,dummy,src_gss,3,162,38,-5.3437026959368694e-05,0.5027248577029266,0.7713630168335214,,,,,
rms_DCT_32_64_um,C,R,ridge,src_gss,3,162,38,0.2413027140418207,0.4407277393353586,0.6718641598252276,0.6929642192800087,,,,
rms_DCT_32_64_um,C,R,extratrees,src_gss,3,162,38,-0.0051199327737612155,0.4793890426839171,0.7733144976047063,0.6632016632016632,,,,
E_DCT_32_64_frac,C,R,dummy,src_gss,3,162,38,-0.004316976037176179,0.07610042579014926,0.08598480138927168,,,,,
E_DCT_32_64_frac,C,R,ridge,src_gss,3,162,38,-0.015796059229296944,0.06725844282271212,0.0864747972525115,0.5084801400590874,,,,
E_DCT_32_64_frac,C,R,extratrees,src_gss,3,162,38,-0.17125780229377496,0.07192516010499157,0.09285654898978082,0.43932596564175513,,,,
rms_DCT_64_inf_um,C,R,dummy,src_gss,3,162,38,-3.385583501702705e-05,0.8757120977889062,1.6286583671979682,,,,,
rms_DCT_64_inf_um,C,R,ridge,src_gss,3,162,38,0.21831286267248573,0.9070902510576481,1.4399225268463762,0.4078126709705657,,,,
rms_DCT_64_inf_um,C,R,extratrees,src_gss,3,162,38,0.03291473838639081,0.843606936229201,1.6016035603647967,0.4071561439982493,,,,
E_DCT_64_inf_frac,C,R,dummy,src_gss,3,162,38,-0.0077734062915670865,0.2090062084933333,0.237624363375908,,,,,
E_DCT_64_inf_frac,C,R,ridge,src_gss,3,162,38,-0.13397684278632283,0.21123199242363558,0.25206445769618124,0.09815078236130868,,,,
E_DCT_64_inf_frac,C,R,extratrees,src_gss,3,162,38,0.16468465753985873,0.17767469537118744,0.21633896548225445,0.49731918152970783,,,,
DCT_8_16_PC1,D,R,dummy,src_gss,3,162,38,-2.4100285591854842e-05,20.56221118196179,42.973622838183566,,8_16,1.0,12.295801775722573,stable
DCT_8_16_PC1,D,R,ridge,src_gss,3,162,38,0.019027262464510364,20.611768510490236,42.56231128061812,-0.1500164131743079,8_16,1.0,12.295801775722573,stable
DCT_8_16_PC1,D,R,extratrees,src_gss,3,162,38,-0.21864667373963642,27.484933393689428,47.43901231068975,-0.2789145420724368,8_16,1.0,12.295801775722573,stable
DCT_8_16_PC2,D,R,dummy,src_gss,3,162,38,-0.01572227868022602,5.504243616718675,7.934439242473753,,8_16,2.0,28.90639654911596,stable
DCT_8_16_PC2,D,R,ridge,src_gss,3,162,38,-0.029152672567958504,5.466080874779823,7.986723562715712,0.05635189845716162,8_16,2.0,28.90639654911596,stable
DCT_8_16_PC2,D,R,extratrees,src_gss,3,162,38,-1.5743305432601349,8.161807447923985,12.631673873665054,0.15504978662873398,8_16,2.0,28.90639654911596,stable
DCT_8_16_PC3,D,R,dummy,src_gss,3,162,38,-0.004557932697928813,10.07303312653493,18.11469390900476,,8_16,3.0,76.9758363520252,unstable_pc
DCT_8_16_PC3,D,R,ridge,src_gss,3,162,38,0.05237550551489023,10.789778597976563,17.593880798463562,-0.12331764963343911,8_16,3.0,76.9758363520252,unstable_pc
DCT_8_16_PC3,D,R,extratrees,src_gss,3,162,38,-0.5079813621820588,12.620580063816925,22.19430210105613,0.05963453331874385,8_16,3.0,76.9758363520252,unstable_pc
DCT_16_32_PC1,D,R,dummy,src_gss,3,162,38,-0.05428801848057674,13.89801581023757,23.71748839007811,,16_32,1.0,47.07715866792129,unstable_pc
DCT_16_32_PC1,D,R,ridge,src_gss,3,162,38,-0.09529998630871872,14.023256927445564,24.174394346666173,0.005142794616478827,16_32,1.0,47.07715866792129,unstable_pc
DCT_16_32_PC1,D,R,extratrees,src_gss,3,162,38,-1.1872877101217605,17.8197029083429,34.16190003793088,0.14563956669219827,16_32,1.0,47.07715866792129,unstable_pc
DCT_16_32_PC2,D,R,dummy,src_gss,3,162,38,-0.02446458447949995,9.589897284506506,19.088139381254464,,16_32,2.0,67.70118769198004,unstable_pc
DCT_16_32_PC2,D,R,ridge,src_gss,3,162,38,0.026311230545638442,11.94097470898078,18.609092867986934,0.02396323448955028,16_32,2.0,67.70118769198004,unstable_pc
DCT_16_32_PC2,D,R,extratrees,src_gss,3,162,38,-0.8151363593572645,13.174514355433393,25.407957303256225,0.01214574898785425,16_32,2.0,67.70118769198004,unstable_pc
DCT_16_32_PC3,D,R,dummy,src_gss,3,162,38,-0.06671000359462265,10.61688189277292,17.150394891284268,,16_32,3.0,75.53018122746104,unstable_pc
DCT_16_32_PC3,D,R,ridge,src_gss,3,162,38,-0.38759386649601346,12.050496200519934,19.56059792057538,0.005799321588795273,16_32,3.0,75.53018122746104,unstable_pc
DCT_16_32_PC3,D,R,extratrees,src_gss,3,162,38,-0.9759175025332041,13.777518131476109,23.341853788701037,-0.04168946274209432,16_32,3.0,75.53018122746104,unstable_pc
DCT_32_64_PC1,D,R,dummy,src_gss,3,162,38,-0.0005477849874402363,27.01425094028448,51.86908108773486,,32_64,1.0,15.764121314523074,stable
DCT_32_64_PC1,D,R,ridge,src_gss,3,162,38,0.050420210810757315,28.775058141399853,50.53070621289743,-0.29598424335266443,32_64,1.0,15.764121314523074,stable
DCT_32_64_PC1,D,R,extratrees,src_gss,3,162,38,-0.3017922753693947,32.46576678847229,59.16440233904234,-0.09990152095415253,32_64,1.0,15.764121314523074,stable
DCT_32_64_PC2,D,R,dummy,src_gss,3,162,38,-0.41237533191449627,20.05915991107257,30.254337644657905,,32_64,2.0,43.76149519218794,unstable_pc
DCT_32_64_PC2,D,R,ridge,src_gss,3,162,38,-1.932396708771654,25.45080163109353,43.59372188976437,-0.3872414925046504,32_64,2.0,43.76149519218794,unstable_pc
DCT_32_64_PC2,D,R,extratrees,src_gss,3,162,38,-1.9127455718151554,26.530744842330336,43.447407061397826,-0.11434511434511434,32_64,2.0,43.76149519218794,unstable_pc
DCT_32_64_PC3,D,R,dummy,src_gss,3,162,38,-0.08198673195072059,10.418221802060422,21.770934010160296,,32_64,3.0,68.08232961073901,unstable_pc
DCT_32_64_PC3,D,R,ridge,src_gss,3,162,38,-0.07137262902755093,10.867953581332374,21.663886282395797,-0.13338439654229128,32_64,3.0,68.08232961073901,unstable_pc
DCT_32_64_PC3,D,R,extratrees,src_gss,3,162,38,-1.6556527461135682,17.854588891038407,34.10764521112985,0.2097603676551045,32_64,3.0,68.08232961073901,unstable_pc
DCT_64_inf_PC1,D,R,dummy,src_gss,3,162,38,-0.15350612375522976,69.43187960124452,139.28920045268492,,64_inf,1.0,15.53039971118676,stable
DCT_64_inf_PC1,D,R,ridge,src_gss,3,162,38,-0.6119572035547132,81.16989927545929,164.65853493627515,-0.19312835102308787,64_inf,1.0,15.53039971118676,stable
DCT_64_inf_PC1,D,R,extratrees,src_gss,3,162,38,-0.8112239909846712,82.23759772601795,174.5394384141359,-0.2097603676551045,64_inf,1.0,15.53039971118676,stable
DCT_64_inf_PC2,D,R,dummy,src_gss,3,162,38,-0.0005486384754891382,43.51222398363862,101.24634831387792,,64_inf,2.0,28.546526860297465,stable
DCT_64_inf_PC2,D,R,ridge,src_gss,3,162,38,0.03034347984857999,43.8272084363524,99.67109435685146,0.46077251340409237,64_inf,2.0,28.546526860297465,stable
DCT_64_inf_PC2,D,R,extratrees,src_gss,3,162,38,0.2257448950698161,45.457640575380424,89.06402221953572,0.5413064886749097,64_inf,2.0,28.546526860297465,stable
DCT_64_inf_PC3,D,R,dummy,src_gss,3,162,38,-0.05751438676893761,47.20304629173228,129.57673212942981,,64_inf,3.0,54.96589343214206,unstable_pc
DCT_64_inf_PC3,D,R,ridge,src_gss,3,162,38,-0.09690929627820521,46.98958246579068,131.9681836800391,0.10296531349162928,64_inf,3.0,54.96589343214206,unstable_pc
DCT_64_inf_PC3,D,R,extratrees,src_gss,3,162,38,-0.25912756823845995,60.40383280095328,141.3900171745943,-0.006455848561111719,64_inf,3.0,54.96589343214206,unstable_pc
median_depth_um,A,C,dummy,src_gss,3,162,38,-0.03543627659821924,19.718014230019488,21.740653005796084,,,,,
median_depth_um,A,C,ridge,src_gss,3,162,38,0.8776836249807853,6.402580710091016,7.47228102926134,0.9363168836853046,,,,
median_depth_um,A,C,extratrees,src_gss,3,162,38,0.9100850222710192,4.039693393126565,6.406589782729055,0.956450377503009,,,,
Sq_um,B,C,dummy,src_gss,3,162,38,-0.00012695969255016593,1.1230095011128325,1.8559627075250127,,,,,
Sq_um,B,C,ridge,src_gss,3,162,38,0.2458276214736208,0.9663483765127264,1.611673219709614,0.6448189079768027,,,,
Sq_um,B,C,extratrees,src_gss,3,162,38,0.11501484253452232,0.9687858103217422,1.745861033235584,0.6126490863332967,,,,
Sa_um,B,C,dummy,src_gss,3,162,38,-0.013112949477057212,0.7376314131307641,1.332471826215943,,,,,
Sa_um,B,C,ridge,src_gss,3,162,38,0.21858166237360155,0.6035809374632604,1.1702291206783844,0.6673596673596673,,,,
Sa_um,B,C,extratrees,src_gss,3,162,38,0.14835044720054313,0.5687637752608334,1.2216859046592181,0.7004048582995951,,,,
Ssk_skewness,B,C,dummy,src_gss,3,162,38,-0.024161898207659016,1.6514203782509878,2.3255194123697955,,,,,
Ssk_skewness,B,C,ridge,src_gss,3,162,38,0.3355712435968927,1.3689962782701333,1.8730952906781821,0.707626654995076,,,,
Ssk_skewness,B,C,extratrees,src_gss,3,162,38,0.1036401447595855,1.524498340969555,2.175589031805907,0.45705219389429913,,,,
kurtosis_excess_fisher,B,C,dummy,src_gss,3,162,38,-0.031887428817293895,14.038983479059079,27.320995608718107,,,,,
kurtosis_excess_fisher,B,C,ridge,src_gss,3,162,38,0.13483061768079718,11.812314940337496,25.016752476610282,0.6246854141590984,,,,
kurtosis_excess_fisher,B,C,extratrees,src_gss,3,162,38,0.11430412936314693,12.224149491141688,25.31177903904535,0.40737498632235475,,,,
grad_rms_um_per_um,B,C,dummy,src_gss,3,162,38,-8.731434121234116e-05,0.2994328510338078,0.37185817970193463,,,,,
grad_rms_um_per_um,B,C,ridge,src_gss,3,162,38,0.3229335303774481,0.2504774526034163,0.3059666089181018,0.6892438997702156,,,,
grad_rms_um_per_um,B,C,extratrees,src_gss,3,162,38,0.3533229296253798,0.21278752841420923,0.2990212900993693,0.7045628624575992,,,,
lap_rms_um_per_px2,B,C,dummy,src_gss,3,162,38,-0.0008931303971544402,0.1490397521105545,0.17663855523225655,,,,,
lap_rms_um_per_px2,B,C,ridge,src_gss,3,162,38,0.09577003547547214,0.14156916308415438,0.16789242304672083,0.34631797789692526,,,,
lap_rms_um_per_px2,B,C,extratrees,src_gss,3,162,38,0.23508043952777957,0.11925102580459006,0.15441857238069231,0.5275194222562642,,,,
acf_e_fold_lag_um,B,C,dummy,src_gss,3,162,38,-0.0057617795221580614,7.151397011046135,7.756374735349495,,,,,
acf_e_fold_lag_um,B,C,ridge,src_gss,3,162,38,0.29183492393256005,5.890246177825191,6.508463472866655,0.5680630210750793,,,,
acf_e_fold_lag_um,B,C,extratrees,src_gss,3,162,38,0.2577859006973048,5.509737531328323,6.663092144910091,0.5291545949740464,,,,
aniso_gradx_over_y,B,C,dummy,src_gss,3,162,38,-0.06239492218352316,0.5076498906862967,0.6086547096513919,,,,,
aniso_gradx_over_y,B,C,ridge,src_gss,3,162,38,0.3892940679536574,0.35101138941577914,0.46147062693443,0.755334281650071,,,,
aniso_gradx_over_y,B,C,extratrees,src_gss,3,162,38,0.3687165175415862,0.3604590146385845,0.46918077337180686,0.69580916949338,,,,
pit_density_per_Mpx,B,C,dummy,src_gss,3,162,38,-0.12338851474313506,6393.267239278753,9100.898487311953,,,,,
pit_density_per_Mpx,B,C,ridge,src_gss,3,162,38,-0.3528458215601471,6061.697513041631,9987.192774833793,0.09261798367787888,,,,
pit_density_per_Mpx,B,C,extratrees,src_gss,3,162,38,-1.5670637813493817,6637.30880178963,13757.43945307638,-0.012060818513335582,,,,
pit_depth_um,B,C,dummy,src_gss,3,162,38,-0.019557882274635174,1.7524349176239578,2.871334236901591,,,,,
pit_depth_um,B,C,ridge,src_gss,3,162,38,0.1221222438105678,1.5441531604922356,2.6643718010893584,0.5143888828099354,,,,
pit_depth_um,B,C,extratrees,src_gss,3,162,38,-0.06762909873652623,1.5122995024444805,2.938245009461685,0.5877010613852719,,,,
peak_to_valley_p98p2_um,B,C,dummy,src_gss,3,162,38,-0.0012792915481640854,4.559789989639008,7.69856041301243,,,,,
peak_to_valley_p98p2_um,B,C,ridge,src_gss,3,162,38,0.2828949103552507,3.8043835731711577,6.515133325552381,0.5912025385709596,,,,
peak_to_valley_p98p2_um,B,C,extratrees,src_gss,3,162,38,0.20528648325240495,3.8787738234572964,6.858627317829831,0.5931721194879089,,,,
deepest_negative_residual_um,B,C,dummy,src_gss,3,162,38,-0.019557882274635174,1.7524349176239578,2.871334236901591,,,,,
deepest_negative_residual_um,B,C,ridge,src_gss,3,162,38,0.1221222438105678,1.5441531604922356,2.6643718010893584,0.5143888828099354,,,,
deepest_negative_residual_um,B,C,extratrees,src_gss,3,162,38,-0.067629098736526,1.5122995024444799,2.9382450094616845,0.5877010613852719,,,,
rms_DCT_8_16_um,C,C,dummy,src_gss,3,162,38,-0.00024116575701538245,0.3147237802723724,0.37626657920500484,,,,,
rms_DCT_8_16_um,C,C,ridge,src_gss,3,162,38,0.38143729644011404,0.24656052141195384,0.295893311421149,0.7991027464711675,,,,
rms_DCT_8_16_um,C,C,extratrees,src_gss,3,162,38,0.5544291951557743,0.1906666228999385,0.251131763468728,0.8021665390086443,,,,
E_DCT_8_16_frac,C,C,dummy,src_gss,3,162,38,-0.0006605263976831033,0.15730827115750834,0.19564440905924738,,,,,
E_DCT_8_16_frac,C,C,ridge,src_gss,3,162,38,0.22635792217822126,0.14721177688736506,0.17202600302886933,0.4310099573257468,,,,
E_DCT_8_16_frac,C,C,extratrees,src_gss,3,162,38,0.647961593038532,0.0969060803268576,0.11604303556021464,0.6080533975270817,,,,
rms_DCT_16_32_um,C,C,dummy,src_gss,3,162,38,-0.00031605782545440775,0.42014561493586644,0.5629600760864201,,,,,
rms_DCT_16_32_um,C,C,ridge,src_gss,3,162,38,0.4116632357941241,0.31220170952715176,0.43173968494505943,0.8529379582011161,,,,
rms_DCT_16_32_um,C,C,extratrees,src_gss,3,162,38,0.35525763091389406,0.2793561559808878,0.45196216654343946,0.8120144435933909,,,,
E_DCT_16_32_frac,C,C,dummy,src_gss,3,162,38,-0.0023516871950095553,0.09123272901352941,0.11240218741028318,,,,,
E_DCT_16_32_frac,C,C,ridge,src_gss,3,162,38,0.21438495769088695,0.07767298030589152,0.09951065737956603,0.471495787285261,,,,
E_DCT_16_32_frac,C,C,extratrees,src_gss,3,162,38,-0.06607395954256345,0.09209505382671127,0.11591999871742065,0.446985446985447,,,,
rms_DCT_32_64_um,C,C,dummy,src_gss,3,162,38,-5.3437026959368694e-05,0.5027248577029266,0.7713630168335214,,,,,
rms_DCT_32_64_um,C,C,ridge,src_gss,3,162,38,0.2806042600665304,0.43949919121255515,0.6542310321160552,0.6553233395338658,,,,
rms_DCT_32_64_um,C,C,extratrees,src_gss,3,162,38,0.1221744378808357,0.4585895249291569,0.7226887945330666,0.6765510449720976,,,,
E_DCT_32_64_frac,C,C,dummy,src_gss,3,162,38,-0.004316976037176179,0.07610042579014926,0.08598480138927168,,,,,
E_DCT_32_64_frac,C,C,ridge,src_gss,3,162,38,0.17485972948020057,0.06313866356870053,0.07793816603614384,0.532771638034796,,,,
E_DCT_32_64_frac,C,C,extratrees,src_gss,3,162,38,-0.14933517846475697,0.0697452151795777,0.09198343854715191,0.403873509136667,,,,
rms_DCT_64_inf_um,C,C,dummy,src_gss,3,162,38,-3.385583501702705e-05,0.8757120977889062,1.6286583671979682,,,,,
rms_DCT_64_inf_um,C,C,ridge,src_gss,3,162,38,0.18120044075266595,0.8317929230645437,1.4737080076306028,0.5459021774811248,,,,
rms_DCT_64_inf_um,C,C,extratrees,src_gss,3,162,38,0.01872887746584817,0.8454119295494236,1.613307498607872,0.4771856877120035,,,,
E_DCT_64_inf_frac,C,C,dummy,src_gss,3,162,38,-0.0077734062915670865,0.2090062084933333,0.237624363375908,,,,,
E_DCT_64_inf_frac,C,C,ridge,src_gss,3,162,38,-0.06153838177301352,0.20271885506423776,0.24388066479741213,0.42510121457489874,,,,
E_DCT_64_inf_frac,C,C,extratrees,src_gss,3,162,38,0.15084870164993025,0.1674570169183692,0.2181232994611204,0.47499726447094875,,,,
DCT_8_16_PC1,D,C,dummy,src_gss,3,162,38,-2.4100285591854842e-05,20.56221118196179,42.973622838183566,,8_16,1.0,12.295801775722573,stable
DCT_8_16_PC1,D,C,ridge,src_gss,3,162,38,0.02223723480531037,21.17035843066078,42.49261729918929,-0.10537257905678957,8_16,1.0,12.295801775722573,stable
DCT_8_16_PC1,D,C,extratrees,src_gss,3,162,38,0.042574974746789285,19.94961887590091,42.04836583790892,0.03162271583324215,8_16,1.0,12.295801775722573,stable
DCT_8_16_PC2,D,C,dummy,src_gss,3,162,38,-0.01572227868022602,5.504243616718675,7.934439242473753,,8_16,2.0,28.90639654911596,stable
DCT_8_16_PC2,D,C,ridge,src_gss,3,162,38,0.07026526205931571,5.694132838422859,7.5911623336281,0.22092132618448407,8_16,2.0,28.90639654911596,stable
DCT_8_16_PC2,D,C,extratrees,src_gss,3,162,38,-0.4003709127745403,6.040906909443721,9.316446416463615,0.2417113469745049,8_16,2.0,28.90639654911596,stable
DCT_8_16_PC3,D,C,dummy,src_gss,3,162,38,-0.004557932697928813,10.07303312653493,18.11469390900476,,8_16,3.0,76.9758363520252,unstable_pc
DCT_8_16_PC3,D,C,ridge,src_gss,3,162,38,0.061786024562883735,10.591680513960636,17.506303570836682,0.004923952292373345,8_16,3.0,76.9758363520252,unstable_pc
DCT_8_16_PC3,D,C,extratrees,src_gss,3,162,38,-0.19042592200176367,11.776107088427526,19.719445282355018,0.13622934675566256,8_16,3.0,76.9758363520252,unstable_pc
DCT_16_32_PC1,D,C,dummy,src_gss,3,162,38,-0.05428801848057674,13.89801581023757,23.71748839007811,,16_32,1.0,47.07715866792129,unstable_pc
DCT_16_32_PC1,D,C,ridge,src_gss,3,162,38,-0.12067769448481958,14.126615801978373,24.45284669930142,-0.02177481124849546,16_32,1.0,47.07715866792129,unstable_pc
DCT_16_32_PC1,D,C,extratrees,src_gss,3,162,38,-1.1812369226695072,18.542202264777302,34.11461555212788,0.12287996498522814,16_32,1.0,47.07715866792129,unstable_pc
DCT_16_32_PC2,D,C,dummy,src_gss,3,162,38,-0.02446458447949995,9.589897284506506,19.088139381254464,,16_32,2.0,67.70118769198004,unstable_pc
DCT_16_32_PC2,D,C,ridge,src_gss,3,162,38,0.03782098387698929,11.670144340681869,18.498778974329817,0.12528723055038843,16_32,2.0,67.70118769198004,unstable_pc
DCT_16_32_PC2,D,C,extratrees,src_gss,3,162,38,0.08500267475375156,11.601406228335021,18.039522388407484,0.05219389429915746,16_32,2.0,67.70118769198004,unstable_pc
DCT_16_32_PC3,D,C,dummy,src_gss,3,162,38,-0.06671000359462265,10.61688189277292,17.150394891284268,,16_32,3.0,75.53018122746104,unstable_pc
DCT_16_32_PC3,D,C,ridge,src_gss,3,162,38,-0.3140150616160613,12.181924214404223,19.034922453643937,-0.12769449611554876,16_32,3.0,75.53018122746104,unstable_pc
DCT_16_32_PC3,D,C,extratrees,src_gss,3,162,38,-0.17171440018775863,11.33448217413534,17.974707170500704,0.1379800853485064,16_32,3.0,75.53018122746104,unstable_pc
DCT_32_64_PC1,D,C,dummy,src_gss,3,162,38,-0.0005477849874402363,27.01425094028448,51.86908108773486,,32_64,1.0,15.764121314523074,stable
DCT_32_64_PC1,D,C,ridge,src_gss,3,162,38,0.08393701703917922,27.726117512061172,49.63091749018282,-0.16664842980632452,32_64,1.0,15.764121314523074,stable
DCT_32_64_PC1,D,C,extratrees,src_gss,3,162,38,0.11287777635219787,27.381716240722156,48.840642245668455,0.11128132180763758,32_64,1.0,15.764121314523074,stable
DCT_32_64_PC2,D,C,dummy,src_gss,3,162,38,-0.41237533191449627,20.05915991107257,30.254337644657905,,32_64,2.0,43.76149519218794,unstable_pc
DCT_32_64_PC2,D,C,ridge,src_gss,3,162,38,-1.2406567506034007,23.020814699067206,38.106604562131885,-0.3010176168070905,32_64,2.0,43.76149519218794,unstable_pc
DCT_32_64_PC2,D,C,extratrees,src_gss,3,162,38,-1.4641469258036248,23.271877408882517,39.96187777605741,-0.11040595251121565,32_64,2.0,43.76149519218794,unstable_pc
DCT_32_64_PC3,D,C,dummy,src_gss,3,162,38,-0.08198673195072059,10.418221802060422,21.770934010160296,,32_64,3.0,68.08232961073901,unstable_pc
DCT_32_64_PC3,D,C,ridge,src_gss,3,162,38,0.016264402914949905,11.191392726804528,20.758945430544223,0.022212495896706423,32_64,3.0,68.08232961073901,unstable_pc
DCT_32_64_PC3,D,C,extratrees,src_gss,3,162,38,-1.0680987293095896,18.334628626857604,30.09897648732256,0.08961593172119488,32_64,3.0,68.08232961073901,unstable_pc
DCT_64_inf_PC1,D,C,dummy,src_gss,3,162,38,-0.15350612375522976,69.43187960124452,139.28920045268492,,64_inf,1.0,15.53039971118676,stable
DCT_64_inf_PC1,D,C,ridge,src_gss,3,162,38,-0.46456869579374316,74.77607159430951,156.9503782908992,-0.04387788598314914,64_inf,1.0,15.53039971118676,stable
DCT_64_inf_PC1,D,C,extratrees,src_gss,3,162,38,-0.3498355522432315,71.55700976672918,150.6773329729633,-0.14213808950651058,64_inf,1.0,15.53039971118676,stable
DCT_64_inf_PC2,D,C,dummy,src_gss,3,162,38,-0.0005486384754891382,43.51222398363862,101.24634831387792,,64_inf,2.0,28.546526860297465,stable
DCT_64_inf_PC2,D,C,ridge,src_gss,3,162,38,0.07619047191926276,45.38390386414604,97.28625467790911,0.42991574570521934,64_inf,2.0,28.546526860297465,stable
DCT_64_inf_PC2,D,C,extratrees,src_gss,3,162,38,0.24776399592899445,46.94476867155821,87.78843838907716,0.6627639785534523,64_inf,2.0,28.546526860297465,stable
DCT_64_inf_PC3,D,C,dummy,src_gss,3,162,38,-0.05751438676893761,47.20304629173228,129.57673212942981,,64_inf,3.0,54.96589343214206,unstable_pc
DCT_64_inf_PC3,D,C,ridge,src_gss,3,162,38,-0.07104706573459585,46.448664896486754,130.40317294961474,0.26140715614399823,64_inf,3.0,54.96589343214206,unstable_pc
DCT_64_inf_PC3,D,C,extratrees,src_gss,3,162,38,-0.31324799510763346,61.76279114991511,144.39669533088474,0.1003392056023635,64_inf,3.0,54.96589343214206,unstable_pc
median_depth_um,A,A,dummy,src_gss,4,164,36,-0.024295236374673124,19.609786720867206,21.13862543768401,,,,,
median_depth_um,A,A,ridge,src_gss,4,164,36,0.6653072179848285,9.913428886241997,12.083349581108735,0.8610038610038611,,,,
median_depth_um,A,A,extratrees,src_gss,4,164,36,0.9207642359452157,4.341397411183859,5.879288773296589,0.9454311454311454,,,,
Sq_um,B,A,dummy,src_gss,4,164,36,-0.0033064720730227037,0.9247410320994565,1.3546233601061963,,,,,
Sq_um,B,A,ridge,src_gss,4,164,36,0.36616636905727096,0.7826170689905454,1.0766868111554424,0.6061776061776062,,,,
Sq_um,B,A,extratrees,src_gss,4,164,36,-0.2653983820219228,0.9735048260611452,1.5213018421092017,0.6244530244530245,,,,
Sa_um,B,A,dummy,src_gss,4,164,36,-0.0004980829533720588,0.5532902472205459,0.8620257472951753,,,,,
Sa_um,B,A,ridge,src_gss,4,164,36,0.42777398770891617,0.4306909266098617,0.6519224025586989,0.7148005148005149,,,,
Sa_um,B,A,extratrees,src_gss,4,164,36,0.035405353902538184,0.5511152074391737,0.8464172989130702,0.6851994851994853,,,,
Ssk_skewness,B,A,dummy,src_gss,4,164,36,-0.0027206232091816496,1.5565253323017996,1.9633663268764772,,,,,
Ssk_skewness,B,A,ridge,src_gss,4,164,36,0.11779477180500553,1.3879858421729347,1.8416036974136094,0.3106821106821107,,,,
Ssk_skewness,B,A,extratrees,src_gss,4,164,36,0.13393476256412007,1.3485822968246723,1.824679816330749,0.32689832689832693,,,,
kurtosis_excess_fisher,B,A,dummy,src_gss,4,164,36,-0.007503058151748121,10.261354879038008,12.927156729330962,,,,,
kurtosis_excess_fisher,B,A,ridge,src_gss,4,164,36,0.16224318827062822,8.905427427813663,11.78796429088517,0.5402831402831403,,,,
kurtosis_excess_fisher,B,A,extratrees,src_gss,4,164,36,-0.3721665347535743,11.061976566187631,15.086317357678828,0.30862290862290864,,,,
grad_rms_um_per_um,B,A,dummy,src_gss,4,164,36,-0.001946812601913761,0.30302735567392386,0.3937634382889892,,,,,
grad_rms_um_per_um,B,A,ridge,src_gss,4,164,36,0.301696628897102,0.2621882157501827,0.3287268089080085,0.5485199485199486,,,,
grad_rms_um_per_um,B,A,extratrees,src_gss,4,164,36,0.0794653276127334,0.2706784212041334,0.37742714341264,0.5454311454311455,,,,
lap_rms_um_per_px2,B,A,dummy,src_gss,4,164,36,-0.00016123160953229743,0.15912003637699215,0.19699762011868255,,,,,
lap_rms_um_per_px2,B,A,ridge,src_gss,4,164,36,0.09794215974913145,0.1542648838741497,0.18708680751991044,0.3178893178893179,,,,
lap_rms_um_per_px2,B,A,extratrees,src_gss,4,164,36,-0.04610682551285428,0.1516113637174753,0.20147167137173616,0.3348777348777349,,,,
acf_e_fold_lag_um,B,A,dummy,src_gss,4,164,36,-0.0018397068412783213,7.571138211382114,8.134368264439527,,,,,
acf_e_fold_lag_um,B,A,ridge,src_gss,4,164,36,0.21475072189468358,6.499063140169343,7.201591497361045,0.5208656887649832,,,,
acf_e_fold_lag_um,B,A,extratrees,src_gss,4,164,36,0.385691588644107,5.024042487874777,6.369684782574143,0.6443845303885289,,,,
aniso_gradx_over_y,B,A,dummy,src_gss,4,164,36,-0.008613656476686549,0.5308275035262568,0.7506261594379228,,,,,
aniso_gradx_over_y,B,A,ridge,src_gss,4,164,36,0.3781163510997435,0.38701063655225,0.589407750758532,0.7776061776061777,,,,
aniso_gradx_over_y,B,A,extratrees,src_gss,4,164,36,0.5257393881662851,0.35810875317650176,0.5147185286645104,0.5884169884169885,,,,
pit_density_per_Mpx,B,A,dummy,src_gss,4,164,36,-0.02640995429677595,7121.271066226287,10792.638379299226,,,,,
pit_density_per_Mpx,B,A,ridge,src_gss,4,164,36,-0.05561472558269798,6026.6184510696585,10945.104642168237,0.31339333063152897,,,,
pit_density_per_Mpx,B,A,extratrees,src_gss,4,164,36,-1.286777367194618,8426.537751726717,16109.391670737507,0.24939337510071613,,,,
pit_depth_um,B,A,dummy,src_gss,4,164,36,-0.008744920023530334,1.5819644179866528,2.2295272015368863,,,,,
pit_depth_um,B,A,ridge,src_gss,4,164,36,0.246619970269487,1.3621824758444596,1.9267667671564883,0.6066924066924068,,,,
pit_depth_um,B,A,extratrees,src_gss,4,164,36,-0.46084309272747315,1.5690697794225603,2.6830198190620673,0.5966537966537967,,,,
peak_to_valley_p98p2_um,B,A,dummy,src_gss,4,164,36,-0.0005521122697200731,3.8812473068368667,6.584215264839491,,,,,
peak_to_valley_p98p2_um,B,A,ridge,src_gss,4,164,36,0.2533764576412585,3.37104915597136,5.687678042203515,0.636036036036036,,,,
peak_to_valley_p98p2_um,B,A,extratrees,src_gss,4,164,36,-0.1020352718954245,4.098250681294002,6.910061491963557,0.6110682110682111,,,,
deepest_negative_residual_um,B,A,dummy,src_gss,4,164,36,-0.008744920023530334,1.5819644179866528,2.2295272015368863,,,,,
deepest_negative_residual_um,B,A,ridge,src_gss,4,164,36,0.246619970269487,1.3621824758444596,1.9267667671564883,0.6066924066924068,,,,
deepest_negative_residual_um,B,A,extratrees,src_gss,4,164,36,-0.46084309272747315,1.56906977942256,2.6830198190620673,0.5966537966537967,,,,
rms_DCT_8_16_um,C,A,dummy,src_gss,4,164,36,-0.006118541389839249,0.3197079447597874,0.3911427272809923,,,,,
rms_DCT_8_16_um,C,A,ridge,src_gss,4,164,36,0.3533477712204224,0.25938492473088615,0.3135783515328041,0.645045045045045,,,,
rms_DCT_8_16_um,C,A,extratrees,src_gss,4,164,36,0.4054053983684016,0.22085342670230912,0.30069150880512296,0.7413127413127413,,,,
E_DCT_8_16_frac,C,A,dummy,src_gss,4,164,36,-0.010967534276865365,0.15164174434216798,0.19909367023158522,,,,,
E_DCT_8_16_frac,C,A,ridge,src_gss,4,164,36,0.4775952286792947,0.11474152012331487,0.14311739268370374,0.6615186615186617,,,,
E_DCT_8_16_frac,C,A,extratrees,src_gss,4,164,36,0.7504541453272806,0.08782652178731529,0.09891542656727915,0.7104247104247106,,,,
rms_DCT_16_32_um,C,A,dummy,src_gss,4,164,36,-0.005136960197908547,0.4203647790725921,0.6275519336048695,,,,,
rms_DCT_16_32_um,C,A,ridge,src_gss,4,164,36,0.4301424322442401,0.3377580191426512,0.4725200167500554,0.7722007722007721,,,,
rms_DCT_16_32_um,C,A,extratrees,src_gss,4,164,36,0.17762081828650722,0.3580433002697295,0.5676401478611488,0.7817245817245818,,,,
E_DCT_16_32_frac,C,A,dummy,src_gss,4,164,36,-0.008767610922125968,0.1093031957923894,0.12620542238915095,,,,,
E_DCT_16_32_frac,C,A,ridge,src_gss,4,164,36,0.18489419117619532,0.09769988762793527,0.11344606693707959,0.5513513513513514,,,,
E_DCT_16_32_frac,C,A,extratrees,src_gss,4,164,36,0.4400481281402746,0.07637123767633597,0.0940281302503994,0.7335907335907337,,,,
rms_DCT_32_64_um,C,A,dummy,src_gss,4,164,36,-0.0007879832633137518,0.4860399250365147,0.7658882374877932,,,,,
rms_DCT_32_64_um,C,A,ridge,src_gss,4,164,36,0.30390780296553066,0.4175588243840882,0.6387453351123347,0.692921492921493,,,,
rms_DCT_32_64_um,C,A,extratrees,src_gss,4,164,36,0.13327131471974363,0.43294647651991175,0.7127478956978194,0.794851994851995,,,,
E_DCT_32_64_frac,C,A,dummy,src_gss,4,164,36,-0.02933129057312356,0.09117428730822119,0.11213795763261056,,,,,
E_DCT_32_64_frac,C,A,ridge,src_gss,4,164,36,0.28306143180274634,0.07538089709284924,0.09358710790141406,0.6882882882882883,,,,
E_DCT_32_64_frac,C,A,extratrees,src_gss,4,164,36,0.3458263774400824,0.0629981901930922,0.08939671673812731,0.6844272844272846,,,,
rms_DCT_64_inf_um,C,A,dummy,src_gss,4,164,36,-0.02625154276761843,0.6186129286477028,0.9416021491295669,,,,,
rms_DCT_64_inf_um,C,A,ridge,src_gss,4,164,36,0.2633410716938164,0.5638424649199323,0.7977627575492067,0.5428571428571429,,,,
rms_DCT_64_inf_um,C,A,extratrees,src_gss,4,164,36,-0.9609635805079297,0.8003738886943638,1.301593267477035,0.4164736164736165,,,,
E_DCT_64_inf_frac,C,A,dummy,src_gss,4,164,36,-0.0008969681719739331,0.21013193006485015,0.25057168253414386,,,,,
E_DCT_64_inf_frac,C,A,ridge,src_gss,4,164,36,0.24503296528123109,0.17889889236615403,0.21762124809001007,0.4571428571428572,,,,
E_DCT_64_inf_frac,C,A,extratrees,src_gss,4,164,36,0.4273966806374294,0.1587557247108014,0.1895240083571531,0.6334620334620336,,,,
DCT_8_16_PC1,D,A,dummy,src_gss,4,164,36,-0.01985176945082845,24.716764028343007,50.62769478884297,,8_16,1.0,15.046543606048727,stable
DCT_8_16_PC1,D,A,ridge,src_gss,4,164,36,-0.01769167674144989,26.040099214624387,50.57405048153592,-0.07464607464607464,8_16,1.0,15.046543606048727,stable
DCT_8_16_PC1,D,A,extratrees,src_gss,4,164,36,0.16508933047611307,24.42162635692104,45.80782082176427,-0.25045045045045045,8_16,1.0,15.046543606048727,stable
DCT_8_16_PC2,D,A,dummy,src_gss,4,164,36,-0.34236164299304983,6.585955526514379,9.357177806186343,,8_16,2.0,23.823845013666947,stable
DCT_8_16_PC2,D,A,ridge,src_gss,4,164,36,-0.42222592945848314,6.775380263743074,9.631510694398955,-0.005405405405405406,8_16,2.0,23.823845013666947,stable
DCT_8_16_PC2,D,A,extratrees,src_gss,4,164,36,-3.888174674232043,8.421561833728687,17.85597105960842,0.1451737451737452,8_16,2.0,23.823845013666947,stable
DCT_8_16_PC3,D,A,dummy,src_gss,4,164,36,-0.10925369602723412,6.766561607169027,9.23553995305814,,8_16,3.0,68.90109181458648,unstable_pc
DCT_8_16_PC3,D,A,ridge,src_gss,4,164,36,-0.4664526644789848,7.168349148801399,10.618932829859363,0.1451737451737452,8_16,3.0,68.90109181458648,unstable_pc
DCT_8_16_PC3,D,A,extratrees,src_gss,4,164,36,-3.8802244416212917,11.796437857276453,19.371655943758583,-0.24504504504504507,8_16,3.0,68.90109181458648,unstable_pc
DCT_16_32_PC1,D,A,dummy,src_gss,4,164,36,-0.0050974477596561485,11.66120639083014,19.62967134426578,,16_32,1.0,27.465092252671475,stable
DCT_16_32_PC1,D,A,ridge,src_gss,4,164,36,-0.10834882998557704,12.995453655276522,20.61328352700391,-0.23861003861003863,16_32,1.0,27.465092252671475,stable
DCT_16_32_PC1,D,A,extratrees,src_gss,4,164,36,-3.6803327918496738,24.032447924359502,42.3591571883842,0.05302445302445303,16_32,1.0,27.465092252671475,stable
DCT_16_32_PC2,D,A,dummy,src_gss,4,164,36,-0.2752666595750388,15.831424636285764,23.293487908030823,,16_32,2.0,71.53617977796458,unstable_pc
DCT_16_32_PC2,D,A,ridge,src_gss,4,164,36,-0.5558504798536668,17.804564684208696,25.728706322572492,-0.1626769626769627,16_32,2.0,71.53617977796458,unstable_pc
DCT_16_32_PC2,D,A,extratrees,src_gss,4,164,36,-1.0613794793051872,18.5407195619419,29.61508578044588,0.05534105534105534,16_32,2.0,71.53617977796458,unstable_pc
DCT_16_32_PC3,D,A,dummy,src_gss,4,164,36,-0.030909357210707755,13.475643134944745,35.937764923457586,,16_32,3.0,73.74491482436117,unstable_pc
DCT_16_32_PC3,D,A,ridge,src_gss,4,164,36,-0.028926824859839773,13.253724982579786,35.90319250055462,0.3052767052767053,16_32,3.0,73.74491482436117,unstable_pc
DCT_16_32_PC3,D,A,extratrees,src_gss,4,164,36,-0.27242930952213884,20.227860724030464,39.92617030010053,-0.07464607464607464,16_32,3.0,73.74491482436117,unstable_pc
DCT_32_64_PC1,D,A,dummy,src_gss,4,164,36,-0.024503860527921972,31.27732526881386,60.562742029601836,,32_64,1.0,12.072373701079204,stable
DCT_32_64_PC1,D,A,ridge,src_gss,4,164,36,-0.07990817700996478,33.428287640053114,62.17877264371694,-0.30373230373230375,32_64,1.0,12.072373701079204,stable
DCT_32_64_PC1,D,A,extratrees,src_gss,4,164,36,-0.6017249416147992,37.5705832056162,75.72559589446149,-0.22419562419562422,32_64,1.0,12.072373701079204,stable
DCT_32_64_PC2,D,A,dummy,src_gss,4,164,36,-0.0004025373564577883,23.041577281544964,60.04945955271935,,32_64,2.0,58.12622292056783,unstable_pc
DCT_32_64_PC2,D,A,ridge,src_gss,4,164,36,-0.030800461876501872,23.279626623465717,60.95495472688056,0.026769626769626777,32_64,2.0,58.12622292056783,unstable_pc
DCT_32_64_PC2,D,A,extratrees,src_gss,4,164,36,-0.3963898995886317,31.256770904123787,70.9455337150846,-0.08597168597168597,32_64,2.0,58.12622292056783,unstable_pc
DCT_32_64_PC3,D,A,dummy,src_gss,4,164,36,-0.019631261224178242,18.388218884225726,31.95164375885181,,32_64,3.0,66.46572475621991,unstable_pc
DCT_32_64_PC3,D,A,ridge,src_gss,4,164,36,-0.041824584719575286,20.273303379334834,32.29750209976896,-0.14054054054054055,32_64,3.0,66.46572475621991,unstable_pc
DCT_32_64_PC3,D,A,extratrees,src_gss,4,164,36,-1.3992871858833014,29.925652002110244,49.01316543474832,-0.2756756756756757,32_64,3.0,66.46572475621991,unstable_pc
DCT_64_inf_PC1,D,A,dummy,src_gss,4,164,36,-0.034666901356087854,46.01407873355024,84.35038974028024,,64_inf,1.0,20.34203712628972,stable
DCT_64_inf_PC1,D,A,ridge,src_gss,4,164,36,-0.22465982037903864,50.9524000965396,91.76869378401494,0.0362934362934363,64_inf,1.0,20.34203712628972,stable
DCT_64_inf_PC1,D,A,extratrees,src_gss,4,164,36,-1.279207369844808,78.86523268235123,125.19262211233577,-0.2908622908622909,64_inf,1.0,20.34203712628972,stable
DCT_64_inf_PC2,D,A,dummy,src_gss,4,164,36,-0.005447624363368764,43.625882471768286,91.78233846153158,,64_inf,2.0,38.071024774150985,stable
DCT_64_inf_PC2,D,A,ridge,src_gss,4,164,36,0.14062292471528326,42.566687356441506,84.85379580379407,0.4193050193050194,64_inf,2.0,38.071024774150985,stable
DCT_64_inf_PC2,D,A,extratrees,src_gss,4,164,36,-0.3885002427244435,63.42354775883695,107.85800235907978,0.40360360360360364,64_inf,2.0,38.071024774150985,stable
DCT_64_inf_PC3,D,A,dummy,src_gss,4,164,36,-0.12027299302549133,24.632960818240456,34.98488691586879,,64_inf,3.0,47.04570077938345,unstable_pc
DCT_64_inf_PC3,D,A,ridge,src_gss,4,164,36,-1.1914628921444366,34.40715849508675,48.93117016975454,-0.28314028314028317,64_inf,3.0,47.04570077938345,unstable_pc
DCT_64_inf_PC3,D,A,extratrees,src_gss,4,164,36,-4.187146534180337,48.42172170980453,75.28055281984348,-0.26949806949806954,64_inf,3.0,47.04570077938345,unstable_pc
median_depth_um,A,R,dummy,src_gss,4,164,36,-0.024295236374673124,19.609786720867206,21.13862543768401,,,,,
median_depth_um,A,R,ridge,src_gss,4,164,36,0.6075208214417329,10.451220662125117,13.0849623655875,0.8785070785070785,,,,
median_depth_um,A,R,extratrees,src_gss,4,164,36,0.8600746933570687,4.943386624638672,7.812900628365568,0.9214929214929215,,,,
Sq_um,B,R,dummy,src_gss,4,164,36,-0.0033064720730227037,0.9247410320994565,1.3546233601061963,,,,,
Sq_um,B,R,ridge,src_gss,4,164,36,-0.18346035005273809,0.9978436473177238,1.4712233526493663,0.6509652509652509,,,,
Sq_um,B,R,extratrees,src_gss,4,164,36,-0.1609984932559807,0.9909680380692684,1.4571946959771729,0.6543114543114543,,,,
Sa_um,B,R,dummy,src_gss,4,164,36,-0.0004980829533720588,0.5532902472205459,0.8620257472951753,,,,,
Sa_um,B,R,ridge,src_gss,4,164,36,0.15100441794037056,0.5463992907499842,0.7940810322754455,0.5976833976833977,,,,
Sa_um,B,R,extratrees,src_gss,4,164,36,0.12217419356373416,0.5495694394145578,0.8074511907759887,0.6308880308880309,,,,
Ssk_skewness,B,R,dummy,src_gss,4,164,36,-0.0027206232091816496,1.5565253323017996,1.9633663268764772,,,,,
Ssk_skewness,B,R,ridge,src_gss,4,164,36,0.1584380110422937,1.3036100039964618,1.7986821315178214,0.46409266409266414,,,,
Ssk_skewness,B,R,extratrees,src_gss,4,164,36,0.028028065428067905,1.3993694101367626,1.933028366141231,0.42805662805662803,,,,
kurtosis_excess_fisher,B,R,dummy,src_gss,4,164,36,-0.007503058151748121,10.261354879038008,12.927156729330962,,,,,
kurtosis_excess_fisher,B,R,ridge,src_gss,4,164,36,0.17476141521342792,8.456791491922731,11.69956165731164,0.6782496782496783,,,,
kurtosis_excess_fisher,B,R,extratrees,src_gss,4,164,36,-0.5311301633134415,10.09182829305639,15.936240814504174,0.39047619047619053,,,,
grad_rms_um_per_um,B,R,dummy,src_gss,4,164,36,-0.001946812601913761,0.30302735567392386,0.3937634382889892,,,,,
grad_rms_um_per_um,B,R,ridge,src_gss,4,164,36,0.10727546210141758,0.30091188659740076,0.37168222360788444,0.47927927927927927,,,,
grad_rms_um_per_um,B,R,extratrees,src_gss,4,164,36,0.28358048542367353,0.2532006179688013,0.33296359971535117,0.566023166023166,,,,
lap_rms_um_per_px2,B,R,dummy,src_gss,4,164,36,-0.00016123160953229743,0.15912003637699215,0.19699762011868255,,,,,
lap_rms_um_per_px2,B,R,ridge,src_gss,4,164,36,-0.01330218233548952,0.1665639687704267,0.19828755623209582,0.15855855855855858,,,,
lap_rms_um_per_px2,B,R,extratrees,src_gss,4,164,36,0.23071428759132573,0.13741801671149834,0.17277058536518405,0.4571428571428572,,,,
acf_e_fold_lag_um,B,R,dummy,src_gss,4,164,36,-0.0018397068412783213,7.571138211382114,8.134368264439527,,,,,
acf_e_fold_lag_um,B,R,ridge,src_gss,4,164,36,0.2568898001674059,6.289918625421129,7.005696535612978,0.5776663239641319,,,,
acf_e_fold_lag_um,B,R,extratrees,src_gss,4,164,36,0.24197158539557062,5.857082617151367,7.075668091455297,0.6003350581932707,,,,
aniso_gradx_over_y,B,R,dummy,src_gss,4,164,36,-0.008613656476686549,0.5308275035262568,0.7506261594379228,,,,,
aniso_gradx_over_y,B,R,ridge,src_gss,4,164,36,0.04636938029423321,0.5171049506077128,0.7298798381828898,0.5150579150579151,,,,
aniso_gradx_over_y,B,R,extratrees,src_gss,4,164,36,0.16445813456499292,0.40359816824024153,0.6831961042047879,0.5984555984555985,,,,
pit_density_per_Mpx,B,R,dummy,src_gss,4,164,36,-0.02640995429677595,7121.271066226287,10792.638379299226,,,,,
pit_density_per_Mpx,B,R,ridge,src_gss,4,164,36,-0.12029049336720954,7033.703343756739,11275.414689593374,0.29618904151034275,,,,
pit_density_per_Mpx,B,R,extratrees,src_gss,4,164,36,0.19447920630375637,5380.049790159243,9561.04970556729,0.2660471269700244,,,,
pit_depth_um,B,R,dummy,src_gss,4,164,36,-0.008744920023530334,1.5819644179866528,2.2295272015368863,,,,,
pit_depth_um,B,R,ridge,src_gss,4,164,36,0.2745173656072829,1.353664138732202,1.8907565158256743,0.6872586872586873,,,,
pit_depth_um,B,R,extratrees,src_gss,4,164,36,0.19153858828407722,1.3453606762916939,1.9959595830939774,0.6108108108108109,,,,
peak_to_valley_p98p2_um,B,R,dummy,src_gss,4,164,36,-0.0005521122697200731,3.8812473068368667,6.584215264839491,,,,,
peak_to_valley_p98p2_um,B,R,ridge,src_gss,4,164,36,0.1604595432632967,3.7707118597887836,6.031217345970239,0.6638352638352639,,,,
peak_to_valley_p98p2_um,B,R,extratrees,src_gss,4,164,36,-0.1613306526148055,3.955422660570323,7.093525091629724,0.6733590733590734,,,,
deepest_negative_residual_um,B,R,dummy,src_gss,4,164,36,-0.008744920023530334,1.5819644179866528,2.2295272015368863,,,,,
deepest_negative_residual_um,B,R,ridge,src_gss,4,164,36,0.2745173656072829,1.353664138732202,1.8907565158256743,0.6872586872586873,,,,
deepest_negative_residual_um,B,R,extratrees,src_gss,4,164,36,0.19153858828407744,1.3453606762916939,1.9959595830939771,0.6108108108108109,,,,
rms_DCT_8_16_um,C,R,dummy,src_gss,4,164,36,-0.006118541389839249,0.3197079447597874,0.3911427272809923,,,,,
rms_DCT_8_16_um,C,R,ridge,src_gss,4,164,36,0.19298915061171196,0.29438107265762864,0.35030825375102187,0.5768339768339769,,,,
rms_DCT_8_16_um,C,R,extratrees,src_gss,4,164,36,0.32404965244808126,0.2338226018819341,0.32060336857788874,0.6548262548262549,,,,
E_DCT_8_16_frac,C,R,dummy,src_gss,4,164,36,-0.010967534276865365,0.15164174434216798,0.19909367023158522,,,,,
E_DCT_8_16_frac,C,R,ridge,src_gss,4,164,36,0.07101136264097418,0.14248858578767465,0.19085082834906145,0.398970398970399,,,,
E_DCT_8_16_frac,C,R,extratrees,src_gss,4,164,36,0.3146372966653501,0.11906994583254876,0.16392646804091138,0.6234234234234235,,,,
rms_DCT_16_32_um,C,R,dummy,src_gss,4,164,36,-0.005136960197908547,0.4203647790725921,0.6275519336048695,,,,,
rms_DCT_16_32_um,C,R,ridge,src_gss,4,164,36,0.2696704506093639,0.389646926288559,0.5349294238681155,0.7655083655083657,,,,
rms_DCT_16_32_um,C,R,extratrees,src_gss,4,164,36,0.3918216957524576,0.2931768966515915,0.4881491217649926,0.8476190476190477,,,,
E_DCT_16_32_frac,C,R,dummy,src_gss,4,164,36,-0.008767610922125968,0.1093031957923894,0.12620542238915095,,,,,
E_DCT_16_32_frac,C,R,ridge,src_gss,4,164,36,0.2943376498030279,0.08547056273940361,0.1055555136027073,0.6187902187902189,,,,
E_DCT_16_32_frac,C,R,extratrees,src_gss,4,164,36,0.3627051642991821,0.08334090974691861,0.1003119445850318,0.618018018018018,,,,
rms_DCT_32_64_um,C,R,dummy,src_gss,4,164,36,-0.0007879832633137518,0.4860399250365147,0.7658882374877932,,,,,
rms_DCT_32_64_um,C,R,ridge,src_gss,4,164,36,0.1824454657565281,0.46809748400559825,0.6922336780154897,0.7850707850707851,,,,
rms_DCT_32_64_um,C,R,extratrees,src_gss,4,164,36,0.23869789913749573,0.3979862553170228,0.6679944786431444,0.8710424710424711,,,,
E_DCT_32_64_frac,C,R,dummy,src_gss,4,164,36,-0.02933129057312356,0.09117428730822119,0.11213795763261056,,,,,
E_DCT_32_64_frac,C,R,ridge,src_gss,4,164,36,0.4822732782333059,0.06329389754725995,0.07952896765840914,0.7263835263835263,,,,
E_DCT_32_64_frac,C,R,extratrees,src_gss,4,164,36,0.3355687716473328,0.06271494009812646,0.09009487199450938,0.6898326898326899,,,,
rms_DCT_64_inf_um,C,R,dummy,src_gss,4,164,36,-0.02625154276761843,0.6186129286477028,0.9416021491295669,,,,,
rms_DCT_64_inf_um,C,R,ridge,src_gss,4,164,36,-0.22103493438818256,0.728222689766836,1.0270807139711253,0.4718146718146718,,,,
rms_DCT_64_inf_um,C,R,extratrees,src_gss,4,164,36,-1.0455684832844976,0.8402571335989438,1.3293751047112832,0.5037323037323037,,,,
E_DCT_64_inf_frac,C,R,dummy,src_gss,4,164,36,-0.0008969681719739331,0.21013193006485015,0.25057168253414386,,,,,
E_DCT_64_inf_frac,C,R,ridge,src_gss,4,164,36,0.0594301274598078,0.20417807226489035,0.24290297513511758,0.40566280566280566,,,,
E_DCT_64_inf_frac,C,R,extratrees,src_gss,4,164,36,0.3098070723840579,0.16867491045509914,0.20807627032128034,0.4924066924066925,,,,
DCT_8_16_PC1,D,R,dummy,src_gss,4,164,36,-0.01985176945082845,24.716764028343007,50.62769478884297,,8_16,1.0,15.046543606048727,stable
DCT_8_16_PC1,D,R,ridge,src_gss,4,164,36,-0.011609410585821767,24.71812046347433,50.42269530015575,0.07876447876447876,8_16,1.0,15.046543606048727,stable
DCT_8_16_PC1,D,R,extratrees,src_gss,4,164,36,-0.038669043090520994,29.446111366664322,51.09262549965589,-0.25405405405405407,8_16,1.0,15.046543606048727,stable
DCT_8_16_PC2,D,R,dummy,src_gss,4,164,36,-0.34236164299304983,6.585955526514379,9.357177806186343,,8_16,2.0,23.823845013666947,stable
DCT_8_16_PC2,D,R,ridge,src_gss,4,164,36,-0.7708188458545127,7.479395409373591,10.747245824218938,-0.015701415701415703,8_16,2.0,23.823845013666947,stable
DCT_8_16_PC2,D,R,extratrees,src_gss,4,164,36,-3.6586931122233253,11.02330464452222,17.431797265404768,-0.13436293436293437,8_16,2.0,23.823845013666947,stable
DCT_8_16_PC3,D,R,dummy,src_gss,4,164,36,-0.10925369602723412,6.766561607169027,9.23553995305814,,8_16,3.0,68.90109181458648,unstable_pc
DCT_8_16_PC3,D,R,ridge,src_gss,4,164,36,-0.8305086503824834,8.038456257080796,11.864043816384113,0.1595881595881596,8_16,3.0,68.90109181458648,unstable_pc
DCT_8_16_PC3,D,R,extratrees,src_gss,4,164,36,-1.8362369025225007,9.107722018722113,14.767878168455974,0.16061776061776062,8_16,3.0,68.90109181458648,unstable_pc
DCT_16_32_PC1,D,R,dummy,src_gss,4,164,36,-0.0050974477596561485,11.66120639083014,19.62967134426578,,16_32,1.0,27.465092252671475,stable
DCT_16_32_PC1,D,R,ridge,src_gss,4,164,36,0.01488929371404657,11.63962319358904,19.43351960428557,0.1564993564993565,16_32,1.0,27.465092252671475,stable
DCT_16_32_PC1,D,R,extratrees,src_gss,4,164,36,-1.454911061682322,18.38019295984927,30.67798456915466,-0.039639639639639644,16_32,1.0,27.465092252671475,stable
DCT_16_32_PC2,D,R,dummy,src_gss,4,164,36,-0.2752666595750388,15.831424636285764,23.293487908030823,,16_32,2.0,71.53617977796458,unstable_pc
DCT_16_32_PC2,D,R,ridge,src_gss,4,164,36,-0.778631837041101,18.864130773206227,27.509142411990936,-0.11583011583011583,16_32,2.0,71.53617977796458,unstable_pc
DCT_16_32_PC2,D,R,extratrees,src_gss,4,164,36,-1.2673605641731926,18.869163239524806,31.05948962833854,-0.28957528957528955,16_32,2.0,71.53617977796458,unstable_pc
DCT_16_32_PC3,D,R,dummy,src_gss,4,164,36,-0.030909357210707755,13.475643134944745,35.937764923457586,,16_32,3.0,73.74491482436117,unstable_pc
DCT_16_32_PC3,D,R,ridge,src_gss,4,164,36,0.007921240729097057,14.73322374631396,35.25444632535071,-0.12972972972972976,16_32,3.0,73.74491482436117,unstable_pc
DCT_16_32_PC3,D,R,extratrees,src_gss,4,164,36,-0.05650184262051616,17.99184072987702,36.38111056704003,0.059202059202059204,16_32,3.0,73.74491482436117,unstable_pc
DCT_32_64_PC1,D,R,dummy,src_gss,4,164,36,-0.024503860527921972,31.27732526881386,60.562742029601836,,32_64,1.0,12.072373701079204,stable
DCT_32_64_PC1,D,R,ridge,src_gss,4,164,36,-0.34894966397547766,39.04826923819597,69.49388680267747,-0.42393822393822395,32_64,1.0,12.072373701079204,stable
DCT_32_64_PC1,D,R,extratrees,src_gss,4,164,36,-0.4597085231803433,39.20268261246588,72.29059549922697,-0.18712998712998716,32_64,1.0,12.072373701079204,stable
DCT_32_64_PC2,D,R,dummy,src_gss,4,164,36,-0.0004025373564577883,23.041577281544964,60.04945955271935,,32_64,2.0,58.12622292056783,unstable_pc
DCT_32_64_PC2,D,R,ridge,src_gss,4,164,36,0.01660903743258757,26.450630709915927,59.53670799024994,-0.0906048906048906,32_64,2.0,58.12622292056783,unstable_pc
DCT_32_64_PC2,D,R,extratrees,src_gss,4,164,36,-0.3703929801726962,32.56074301375694,70.28202618798896,-0.21621621621621626,32_64,2.0,58.12622292056783,unstable_pc
DCT_32_64_PC3,D,R,dummy,src_gss,4,164,36,-0.019631261224178242,18.388218884225726,31.95164375885181,,32_64,3.0,66.46572475621991,unstable_pc
DCT_32_64_PC3,D,R,ridge,src_gss,4,164,36,-0.04491162820908978,19.93798140016945,32.34531727224562,-0.1958815958815959,32_64,3.0,66.46572475621991,unstable_pc
DCT_32_64_PC3,D,R,extratrees,src_gss,4,164,36,-0.5411807673822422,23.590205826939542,39.28243718555295,-0.03294723294723295,32_64,3.0,66.46572475621991,unstable_pc
DCT_64_inf_PC1,D,R,dummy,src_gss,4,164,36,-0.034666901356087854,46.01407873355024,84.35038974028024,,64_inf,1.0,20.34203712628972,stable
DCT_64_inf_PC1,D,R,ridge,src_gss,4,164,36,-0.11394355048415261,50.57655152097341,87.52223653954516,-0.14774774774774774,64_inf,1.0,20.34203712628972,stable
DCT_64_inf_PC1,D,R,extratrees,src_gss,4,164,36,-1.6044876818486746,81.17934073277107,133.82830247895967,-0.16602316602316602,64_inf,1.0,20.34203712628972,stable
DCT_64_inf_PC2,D,R,dummy,src_gss,4,164,36,-0.005447624363368764,43.625882471768286,91.78233846153158,,64_inf,2.0,38.071024774150985,stable
DCT_64_inf_PC2,D,R,ridge,src_gss,4,164,36,-0.27654728524967687,55.81339204328626,103.41840742185707,0.390990990990991,64_inf,2.0,38.071024774150985,stable
DCT_64_inf_PC2,D,R,extratrees,src_gss,4,164,36,0.43437239455598486,40.325727451174494,68.84060698621242,0.47129987129987133,64_inf,2.0,38.071024774150985,stable
DCT_64_inf_PC3,D,R,dummy,src_gss,4,164,36,-0.12027299302549133,24.632960818240456,34.98488691586879,,64_inf,3.0,47.04570077938345,unstable_pc
DCT_64_inf_PC3,D,R,ridge,src_gss,4,164,36,-2.6916142841976125,42.11295632942087,63.507746147441104,-0.2164736164736165,64_inf,3.0,47.04570077938345,unstable_pc
DCT_64_inf_PC3,D,R,extratrees,src_gss,4,164,36,-10.073559468196033,57.20083052456778,109.9922693385589,-0.0658944658944659,64_inf,3.0,47.04570077938345,unstable_pc
median_depth_um,A,C,dummy,src_gss,4,164,36,-0.024295236374673124,19.609786720867206,21.13862543768401,,,,,
median_depth_um,A,C,ridge,src_gss,4,164,36,0.8202390683229547,6.821419743824509,8.855474199671184,0.9137709137709138,,,,
median_depth_um,A,C,extratrees,src_gss,4,164,36,0.9390152253998522,3.433690193954241,5.157923284303225,0.9675675675675675,,,,
Sq_um,B,C,dummy,src_gss,4,164,36,-0.0033064720730227037,0.9247410320994565,1.3546233601061963,,,,,
Sq_um,B,C,ridge,src_gss,4,164,36,0.1715114394240852,0.8581643088068069,1.2309630358541717,0.6344916344916345,,,,
Sq_um,B,C,extratrees,src_gss,4,164,36,0.025511859954034488,0.8642780299099428,1.335026949596207,0.6821106821106822,,,,
Sa_um,B,C,dummy,src_gss,4,164,36,-0.0004980829533720588,0.5532902472205459,0.8620257472951753,,,,,
Sa_um,B,C,ridge,src_gss,4,164,36,0.2537162555956298,0.5086421777568839,0.7444989648011744,0.6265122265122266,,,,
Sa_um,B,C,extratrees,src_gss,4,164,36,0.17799960604920606,0.4953612097628748,0.7813545043402712,0.7153153153153153,,,,
Ssk_skewness,B,C,dummy,src_gss,4,164,36,-0.0027206232091816496,1.5565253323017996,1.9633663268764772,,,,,
Ssk_skewness,B,C,ridge,src_gss,4,164,36,0.19825590325323383,1.2695189992085278,1.7556148676750378,0.4545688545688546,,,,
Ssk_skewness,B,C,extratrees,src_gss,4,164,36,0.027148358703769304,1.3881464305296292,1.9339029353526853,0.42368082368082366,,,,
kurtosis_excess_fisher,B,C,dummy,src_gss,4,164,36,-0.007503058151748121,10.261354879038008,12.927156729330962,,,,,
kurtosis_excess_fisher,B,C,ridge,src_gss,4,164,36,0.22203665129128414,8.288288993153893,11.35950471750377,0.6718146718146719,,,,
kurtosis_excess_fisher,B,C,extratrees,src_gss,4,164,36,-0.7420514900092778,10.344994255505641,16.998489111144583,0.4154440154440155,,,,
grad_rms_um_per_um,B,C,dummy,src_gss,4,164,36,-0.001946812601913761,0.30302735567392386,0.3937634382889892,,,,,
grad_rms_um_per_um,B,C,ridge,src_gss,4,164,36,0.1530498636486466,0.29000545970123764,0.36202784547056976,0.42651222651222653,,,,
grad_rms_um_per_um,B,C,extratrees,src_gss,4,164,36,0.19419591573227923,0.24816638612357808,0.35312444835222645,0.623938223938224,,,,
lap_rms_um_per_px2,B,C,dummy,src_gss,4,164,36,-0.00016123160953229743,0.15912003637699215,0.19699762011868255,,,,,
lap_rms_um_per_px2,B,C,ridge,src_gss,4,164,36,-0.08925852685466085,0.17045965295483345,0.20558501482439923,0.09395109395109397,,,,
lap_rms_um_per_px2,B,C,extratrees,src_gss,4,164,36,0.05195168655481641,0.14202360773798783,0.19179673349262774,0.3722007722007722,,,,
acf_e_fold_lag_um,B,C,dummy,src_gss,4,164,36,-0.0018397068412783213,7.571138211382114,8.134368264439527,,,,,
acf_e_fold_lag_um,B,C,ridge,src_gss,4,164,36,0.24756153193267993,6.490675689317914,7.049530684126255,0.5698095467597144,,,,
acf_e_fold_lag_um,B,C,extratrees,src_gss,4,164,36,0.4260199267086555,4.8626249173280405,6.15705619836855,0.6917827928676371,,,,
aniso_gradx_over_y,B,C,dummy,src_gss,4,164,36,-0.008613656476686549,0.5308275035262568,0.7506261594379228,,,,,
aniso_gradx_over_y,B,C,ridge,src_gss,4,164,36,0.3846015923184186,0.38241251128827036,0.5863264113092471,0.7678249678249679,,,,
aniso_gradx_over_y,B,C,extratrees,src_gss,4,164,36,0.5754904809873291,0.3390134039748913,0.48697312046897695,0.596911196911197,,,,
pit_density_per_Mpx,B,C,dummy,src_gss,4,164,36,-0.02640995429677595,7121.271066226287,10792.638379299226,,,,,
pit_density_per_Mpx,B,C,ridge,src_gss,4,164,36,-0.07923058925839865,6135.873090579639,11066.857585932707,0.2994922650216105,,,,
pit_density_per_Mpx,B,C,extratrees,src_gss,4,164,36,-0.9113999289411241,8278.536329158398,14727.973052290972,0.31394386788340695,,,,
pit_depth_um,B,C,dummy,src_gss,4,164,36,-0.008744920023530334,1.5819644179866528,2.2295272015368863,,,,,
pit_depth_um,B,C,ridge,src_gss,4,164,36,0.30295366705926785,1.354851467053017,1.8533306941893353,0.5989703989703989,,,,
pit_depth_um,B,C,extratrees,src_gss,4,164,36,-0.09969388637167054,1.5331174663926608,2.3278661241011216,0.5456885456885457,,,,
peak_to_valley_p98p2_um,B,C,dummy,src_gss,4,164,36,-0.0005521122697200731,3.8812473068368667,6.584215264839491,,,,,
peak_to_valley_p98p2_um,B,C,ridge,src_gss,4,164,36,0.20249275343502737,3.6514915398576875,5.8782964417869525,0.64993564993565,,,,
peak_to_valley_p98p2_um,B,C,extratrees,src_gss,4,164,36,-0.22105267073029555,4.0028679107405445,7.27363265227285,0.6512226512226512,,,,
deepest_negative_residual_um,B,C,dummy,src_gss,4,164,36,-0.008744920023530334,1.5819644179866528,2.2295272015368863,,,,,
deepest_negative_residual_um,B,C,ridge,src_gss,4,164,36,0.30295366705926785,1.354851467053017,1.8533306941893353,0.5989703989703989,,,,
deepest_negative_residual_um,B,C,extratrees,src_gss,4,164,36,-0.09969388637167054,1.5331174663926606,2.3278661241011216,0.5456885456885457,,,,
rms_DCT_8_16_um,C,C,dummy,src_gss,4,164,36,-0.006118541389839249,0.3197079447597874,0.3911427272809923,,,,,
rms_DCT_8_16_um,C,C,ridge,src_gss,4,164,36,0.24381067134964796,0.27613576649303423,0.33909856777310826,0.5953667953667955,,,,
rms_DCT_8_16_um,C,C,extratrees,src_gss,4,164,36,0.46472988478862143,0.20902510135151767,0.28529698478890086,0.7840411840411841,,,,
E_DCT_8_16_frac,C,C,dummy,src_gss,4,164,36,-0.010967534276865365,0.15164174434216798,0.19909367023158522,,,,,
E_DCT_8_16_frac,C,C,ridge,src_gss,4,164,36,0.4666898339229584,0.11713906133294577,0.14460349154367422,0.6275418275418276,,,,
E_DCT_8_16_frac,C,C,extratrees,src_gss,4,164,36,0.7626550657598204,0.08408143154246922,0.09646701307983083,0.7482625482625482,,,,
rms_DCT_16_32_um,C,C,dummy,src_gss,4,164,36,-0.005136960197908547,0.4203647790725921,0.6275519336048695,,,,,
rms_DCT_16_32_um,C,C,ridge,src_gss,4,164,36,0.40491483155598496,0.34768474500979324,0.48286598581122464,0.8097812097812098,,,,
rms_DCT_16_32_um,C,C,extratrees,src_gss,4,164,36,0.2830828025487442,0.3265991287890736,0.5299947283008201,0.821879021879022,,,,
E_DCT_16_32_frac,C,C,dummy,src_gss,4,164,36,-0.008767610922125968,0.1093031957923894,0.12620542238915095,,,,,
E_DCT_16_32_frac,C,C,ridge,src_gss,4,164,36,0.30142075582228856,0.08793444567660495,0.10502441927977414,0.590990990990991,,,,
E_DCT_16_32_frac,C,C,extratrees,src_gss,4,164,36,0.44660718741667027,0.07544194952699662,0.0934758035070715,0.7114543114543116,,,,
rms_DCT_32_64_um,C,C,dummy,src_gss,4,164,36,-0.0007879832633137518,0.4860399250365147,0.7658882374877932,,,,,
rms_DCT_32_64_um,C,C,ridge,src_gss,4,164,36,0.31371049471913093,0.40949171718558725,0.6342318350919639,0.7943371943371944,,,,
rms_DCT_32_64_um,C,C,extratrees,src_gss,4,164,36,0.275517145052964,0.3771953268090153,0.6516410199904171,0.8455598455598456,,,,
E_DCT_32_64_frac,C,C,dummy,src_gss,4,164,36,-0.02933129057312356,0.09117428730822119,0.11213795763261056,,,,,
E_DCT_32_64_frac,C,C,ridge,src_gss,4,164,36,0.4376567515128532,0.06372451422756242,0.08288497239723627,0.770913770913771,,,,
E_DCT_32_64_frac,C,C,extratrees,src_gss,4,164,36,0.3740493508058955,0.05991486956691124,0.08744703758204248,0.7127413127413128,,,,
rms_DCT_64_inf_um,C,C,dummy,src_gss,4,164,36,-0.02625154276761843,0.6186129286477028,0.9416021491295669,,,,,
rms_DCT_64_inf_um,C,C,ridge,src_gss,4,164,36,-0.11158926677906167,0.6806693456131315,0.9799698221015486,0.4676962676962677,,,,
rms_DCT_64_inf_um,C,C,extratrees,src_gss,4,164,36,-0.7062289806203397,0.7574119691159935,1.2141132163814286,0.4906048906048906,,,,
E_DCT_64_inf_frac,C,C,dummy,src_gss,4,164,36,-0.0008969681719739331,0.21013193006485015,0.25057168253414386,,,,,
E_DCT_64_inf_frac,C,C,ridge,src_gss,4,164,36,0.17691726669481456,0.1874982938919393,0.22722653602485351,0.4406692406692407,,,,
E_DCT_64_inf_frac,C,C,extratrees,src_gss,4,164,36,0.4243568228949225,0.1549455798402731,0.19002641847939822,0.6285714285714287,,,,
DCT_8_16_PC1,D,C,dummy,src_gss,4,164,36,-0.01985176945082845,24.716764028343007,50.62769478884297,,8_16,1.0,15.046543606048727,stable
DCT_8_16_PC1,D,C,ridge,src_gss,4,164,36,-0.016834665086757905,26.302772035965454,50.55275145730457,-0.060746460746460756,8_16,1.0,15.046543606048727,stable
DCT_8_16_PC1,D,C,extratrees,src_gss,4,164,36,0.03540863903201208,24.837873248685185,49.23696902781631,-0.1917631917631918,8_16,1.0,15.046543606048727,stable
DCT_8_16_PC2,D,C,dummy,src_gss,4,164,36,-0.34236164299304983,6.585955526514379,9.357177806186343,,8_16,2.0,23.823845013666947,stable
DCT_8_16_PC2,D,C,ridge,src_gss,4,164,36,-0.6175477363378987,7.1655325808240455,10.2716134708693,0.038610038610038616,8_16,2.0,23.823845013666947,stable
DCT_8_16_PC2,D,C,extratrees,src_gss,4,164,36,-3.434846022778043,8.541161073129786,17.007848864378452,0.001287001287001287,8_16,2.0,23.823845013666947,stable
DCT_8_16_PC3,D,C,dummy,src_gss,4,164,36,-0.10925369602723412,6.766561607169027,9.23553995305814,,8_16,3.0,68.90109181458648,unstable_pc
DCT_8_16_PC3,D,C,ridge,src_gss,4,164,36,-0.6736932471115704,8.278970959318409,11.344484893101892,0.1922779922779923,8_16,3.0,68.90109181458648,unstable_pc
DCT_8_16_PC3,D,C,extratrees,src_gss,4,164,36,-2.7521649365078744,10.632009929057157,16.985870532575802,-0.07052767052767053,8_16,3.0,68.90109181458648,unstable_pc
DCT_16_32_PC1,D,C,dummy,src_gss,4,164,36,-0.0050974477596561485,11.66120639083014,19.62967134426578,,16_32,1.0,27.465092252671475,stable
DCT_16_32_PC1,D,C,ridge,src_gss,4,164,36,-0.1184625221347626,13.006209506742486,20.707118143190556,-0.2545688545688546,16_32,1.0,27.465092252671475,stable
DCT_16_32_PC1,D,C,extratrees,src_gss,4,164,36,-2.6244031785629764,20.647720238177513,37.2758190255143,-0.036036036036036036,16_32,1.0,27.465092252671475,stable
DCT_16_32_PC2,D,C,dummy,src_gss,4,164,36,-0.2752666595750388,15.831424636285764,23.293487908030823,,16_32,2.0,71.53617977796458,unstable_pc
DCT_16_32_PC2,D,C,ridge,src_gss,4,164,36,-0.7660694365153311,19.245390631305412,27.41182231794655,-0.13616473616473618,16_32,2.0,71.53617977796458,unstable_pc
DCT_16_32_PC2,D,C,extratrees,src_gss,4,164,36,-0.33070603836871393,15.513888903431674,23.79441788392689,0.003861003861003861,16_32,2.0,71.53617977796458,unstable_pc
DCT_16_32_PC3,D,C,dummy,src_gss,4,164,36,-0.030909357210707755,13.475643134944745,35.937764923457586,,16_32,3.0,73.74491482436117,unstable_pc
DCT_16_32_PC3,D,C,ridge,src_gss,4,164,36,0.0034976891219038464,14.663767331186294,35.332956427316105,-0.023938223938223938,16_32,3.0,73.74491482436117,unstable_pc
DCT_16_32_PC3,D,C,extratrees,src_gss,4,164,36,-0.057385941830817355,17.675477476583154,36.39632955847129,-0.013384813384813388,16_32,3.0,73.74491482436117,unstable_pc
DCT_32_64_PC1,D,C,dummy,src_gss,4,164,36,-0.024503860527921972,31.27732526881386,60.562742029601836,,32_64,1.0,12.072373701079204,stable
DCT_32_64_PC1,D,C,ridge,src_gss,4,164,36,-0.3107472758391936,37.71221961837652,68.50278248270025,-0.37709137709137713,32_64,1.0,12.072373701079204,stable
DCT_32_64_PC1,D,C,extratrees,src_gss,4,164,36,-0.31418747536269187,35.19190342562312,68.5926200950314,-0.13153153153153155,32_64,1.0,12.072373701079204,stable
DCT_32_64_PC2,D,C,dummy,src_gss,4,164,36,-0.0004025373564577883,23.041577281544964,60.04945955271935,,32_64,2.0,58.12622292056783,unstable_pc
DCT_32_64_PC2,D,C,ridge,src_gss,4,164,36,-0.021862082211835387,25.43043991083562,60.69009997984725,-0.015701415701415703,32_64,2.0,58.12622292056783,unstable_pc
DCT_32_64_PC2,D,C,extratrees,src_gss,4,164,36,-0.35022415958057795,31.840555741826293,69.76291966709377,-0.2023166023166023,32_64,2.0,58.12622292056783,unstable_pc
DCT_32_64_PC3,D,C,dummy,src_gss,4,164,36,-0.019631261224178242,18.388218884225726,31.95164375885181,,32_64,3.0,66.46572475621991,unstable_pc
DCT_32_64_PC3,D,C,ridge,src_gss,4,164,36,-0.04232935969518903,20.649549730374876,32.30532539210238,-0.14285714285714285,32_64,3.0,66.46572475621991,unstable_pc
DCT_32_64_PC3,D,C,extratrees,src_gss,4,164,36,-1.490871521314538,29.535798855837058,49.93985740815301,-0.25945945945945953,32_64,3.0,66.46572475621991,unstable_pc
DCT_64_inf_PC1,D,C,dummy,src_gss,4,164,36,-0.034666901356087854,46.01407873355024,84.35038974028024,,64_inf,1.0,20.34203712628972,stable
DCT_64_inf_PC1,D,C,ridge,src_gss,4,164,36,-0.29450490485476344,54.134361291903474,94.34929634403122,-0.008494208494208495,64_inf,1.0,20.34203712628972,stable
DCT_64_inf_PC1,D,C,extratrees,src_gss,4,164,36,-1.429396196319729,84.44467164786514,129.2516181767323,-0.2888030888030888,64_inf,1.0,20.34203712628972,stable
DCT_64_inf_PC2,D,C,dummy,src_gss,4,164,36,-0.005447624363368764,43.625882471768286,91.78233846153158,,64_inf,2.0,38.071024774150985,stable
DCT_64_inf_PC2,D,C,ridge,src_gss,4,164,36,0.03981465663151407,46.73199665863785,89.69266509394379,0.42985842985842987,64_inf,2.0,38.071024774150985,stable
DCT_64_inf_PC2,D,C,extratrees,src_gss,4,164,36,0.1409452440147524,47.13344360998371,84.83788161328718,0.4818532818532819,64_inf,2.0,38.071024774150985,stable
DCT_64_inf_PC3,D,C,dummy,src_gss,4,164,36,-0.12027299302549133,24.632960818240456,34.98488691586879,,64_inf,3.0,47.04570077938345,unstable_pc
DCT_64_inf_PC3,D,C,ridge,src_gss,4,164,36,-3.02293065211666,46.25176597291007,66.29637988239456,-0.20797940797940798,64_inf,3.0,47.04570077938345,unstable_pc
DCT_64_inf_PC3,D,C,extratrees,src_gss,4,164,36,-10.033556641911003,65.36605064872663,109.7934180766675,-0.23938223938223938,64_inf,3.0,47.04570077938345,unstable_pc
median_depth_um,A,A,dummy,proc_gkf,0,160,40,-0.20903884552139762,18.13615575,19.713721482017696,,,,,
median_depth_um,A,A,ridge,proc_gkf,0,160,40,0.6110198855367865,8.951503147767061,11.181812074156948,0.7453445291749499,,,,
median_depth_um,A,A,extratrees,proc_gkf,0,160,40,0.9163687328901617,3.8700296387698527,5.184809779671523,0.9545475877098952,,,,
Sq_um,B,A,dummy,proc_gkf,0,160,40,-0.001293578373268378,1.075948678800372,2.040186765648716,,,,,
Sq_um,B,A,ridge,proc_gkf,0,160,40,0.10953588865338504,0.9924482314938695,1.923966123705631,0.3644636243983235,,,,
Sq_um,B,A,extratrees,proc_gkf,0,160,40,0.13623911653455567,0.7989287093133972,1.894898608546572,0.7243304102907224,,,,
Sa_um,B,A,dummy,proc_gkf,0,160,40,-0.003317991617412197,0.5618592433536859,0.9830978498163468,,,,,
Sa_um,B,A,ridge,proc_gkf,0,160,40,0.07250534720625934,0.5106183675621216,0.9452205464584496,0.3303156812114536,,,,
Sa_um,B,A,extratrees,proc_gkf,0,160,40,0.14329692398265703,0.43431038410187384,0.9084323874354011,0.7280829315200488,,,,
Ssk_skewness,B,A,dummy,proc_gkf,0,160,40,-0.05262697088417534,1.4368101625855991,1.784456244724102,,,,,
Ssk_skewness,B,A,ridge,proc_gkf,0,160,40,0.18533634371711982,1.161478952543133,1.569848808431544,0.43416670623306086,,,,
Ssk_skewness,B,A,extratrees,proc_gkf,0,160,40,0.24193084083561733,1.1234044433242878,1.5143388732323855,0.3675594544125178,,,,
kurtosis_excess_fisher,B,A,dummy,proc_gkf,0,160,40,-0.16471817479445217,10.513406640934761,12.953294760078329,,,,,
kurtosis_excess_fisher,B,A,ridge,proc_gkf,0,160,40,0.13915844083779538,7.888766796955769,11.136056731904722,0.43857591867751927,,,,
kurtosis_excess_fisher,B,A,extratrees,proc_gkf,0,160,40,-0.1087105715731067,8.230755041824452,12.638016450119204,0.2991697550080447,,,,
grad_rms_um_per_um,B,A,dummy,proc_gkf,0,160,40,-0.019478774089437545,0.30595655175498393,0.508164469504123,,,,,
grad_rms_um_per_um,B,A,ridge,proc_gkf,0,160,40,0.06516679439851014,0.2889022832602114,0.4866113868560242,0.493737980748617,,,,
grad_rms_um_per_um,B,A,extratrees,proc_gkf,0,160,40,0.17217393155607674,0.2742646121622646,0.4579148748813414,0.6119423994723976,,,,
lap_rms_um_per_px2,B,A,dummy,proc_gkf,0,160,40,-0.004103162090538737,0.1590276929207234,0.2393466709243675,,,,,
lap_rms_um_per_px2,B,A,ridge,proc_gkf,0,160,40,0.08004366238930471,0.15002087238481676,0.2290982816037528,0.24738496204334084,,,,
lap_rms_um_per_px2,B,A,extratrees,proc_gkf,0,160,40,0.12153709766914222,0.15191985539881092,0.22387208128667782,0.3396969842847695,,,,
acf_e_fold_lag_um,B,A,dummy,proc_gkf,0,160,40,-0.014812297196654223,6.350312499999999,7.151988530570099,,,,,
acf_e_fold_lag_um,B,A,ridge,proc_gkf,0,160,40,0.2105647167757393,5.7074919370153445,6.308007705809425,0.45588187912202943,,,,
acf_e_fold_lag_um,B,A,extratrees,proc_gkf,0,160,40,0.32788135878577274,4.927409930555558,5.820454774467193,0.5520901053691547,,,,
aniso_gradx_over_y,B,A,dummy,proc_gkf,0,160,40,-0.27116773054053667,0.7426822297897259,1.0499992112227299,,,,,
aniso_gradx_over_y,B,A,ridge,proc_gkf,0,160,40,0.3160905805586709,0.5587072144983719,0.7701704219538696,0.7609174922766544,,,,
aniso_gradx_over_y,B,A,extratrees,proc_gkf,0,160,40,0.5334373733462519,0.4855123650670573,0.6361250774112256,0.7941079967929588,,,,
pit_density_per_Mpx,B,A,dummy,proc_gkf,0,160,40,-0.06894239199038377,6869.091796875,12660.760796227267,,,,,
pit_density_per_Mpx,B,A,ridge,proc_gkf,0,160,40,0.0024364129391170053,5873.068330029023,12230.746007573456,-0.06468878173285145,,,,
pit_density_per_Mpx,B,A,extratrees,proc_gkf,0,160,40,-0.05226655154121662,5030.834744698661,12561.616663728673,-0.32602550240954375,,,,
pit_depth_um,B,A,dummy,proc_gkf,0,160,40,-0.006899109688281113,1.2584604589222,1.8826038572839754,,,,,
pit_depth_um,B,A,ridge,proc_gkf,0,160,40,0.05593987327793781,1.1401268633535917,1.8229123756543462,0.4794784000771768,,,,
pit_depth_um,B,A,extratrees,proc_gkf,0,160,40,0.29154742264384126,0.892302449693901,1.5791426310783065,0.6774238949241428,,,,
peak_to_valley_p98p2_um,B,A,dummy,proc_gkf,0,160,40,-0.0006947981377236623,4.1312065518480265,6.96628651855469,,,,,
peak_to_valley_p98p2_um,B,A,ridge,proc_gkf,0,160,40,0.12901368049153727,3.570791360244152,6.499144281333215,0.33406820244078,,,,
peak_to_valley_p98p2_um,B,A,extratrees,proc_gkf,0,160,40,0.21851479613292035,2.6565587649947453,6.156174072830466,0.6875557022433239,,,,
deepest_negative_residual_um,B,A,dummy,proc_gkf,0,160,40,-0.006899109688281113,1.2584604589222,1.8826038572839754,,,,,
deepest_negative_residual_um,B,A,ridge,proc_gkf,0,160,40,0.05593987327793781,1.1401268633535917,1.8229123756543462,0.4794784000771768,,,,
deepest_negative_residual_um,B,A,extratrees,proc_gkf,0,160,40,0.29154742264384126,0.892302449693901,1.5791426310783065,0.6774238949241428,,,,
rms_DCT_8_16_um,C,A,dummy,proc_gkf,0,160,40,-0.07823640938109899,0.3290378915118703,0.5041509813816114,,,,,
rms_DCT_8_16_um,C,A,ridge,proc_gkf,0,160,40,0.024382184528491502,0.3156684214108501,0.4795605853767171,0.5155026038787099,,,,
rms_DCT_8_16_um,C,A,extratrees,proc_gkf,0,160,40,0.2965631942795288,0.2560585980927909,0.40720787154034127,0.7367137303474994,,,,
E_DCT_8_16_frac,C,A,dummy,proc_gkf,0,160,40,-0.241885420313386,0.19321815151487107,0.26087841754755914,,,,,
E_DCT_8_16_frac,C,A,ridge,proc_gkf,0,160,40,0.41157255395075143,0.145935388557282,0.179574161759706,0.6441202690138712,,,,
E_DCT_8_16_frac,C,A,extratrees,proc_gkf,0,160,40,0.3933859223902252,0.1459974003840117,0.1823281097489234,0.672233435375892,,,,
rms_DCT_16_32_um,C,A,dummy,proc_gkf,0,160,40,-0.0008444428975245,0.3939953277765157,0.6677898400057328,,,,,
rms_DCT_16_32_um,C,A,ridge,proc_gkf,0,160,40,0.15755175318922043,0.2963706021702115,0.6126721392507747,0.6057507394440091,,,,
rms_DCT_16_32_um,C,A,extratrees,proc_gkf,0,160,40,0.2813553002785446,0.24565275632487213,0.5658660383441244,0.807824007643234,,,,
E_DCT_16_32_frac,C,A,dummy,proc_gkf,0,160,40,-0.006745759166618237,0.0966213194566866,0.12002183416771249,,,,,
E_DCT_16_32_frac,C,A,ridge,proc_gkf,0,160,40,0.06198022333210085,0.09234805707745822,0.11585275140233517,0.24428913202914662,,,,
E_DCT_16_32_frac,C,A,extratrees,proc_gkf,0,160,40,0.18514416159134306,0.08341677727914594,0.10797935917085548,0.4893287683041585,,,,
rms_DCT_32_64_um,C,A,dummy,proc_gkf,0,160,40,-6.217777193096019e-05,0.5558675506007267,1.1414225102309346,,,,,
rms_DCT_32_64_um,C,A,ridge,proc_gkf,0,160,40,0.13164104716661185,0.43797357871747444,1.0636103992713961,0.5245086548290933,,,,
rms_DCT_32_64_um,C,A,extratrees,proc_gkf,0,160,40,0.10394869966723719,0.36880099192278004,1.0804368025751034,0.8127022852413582,,,,
E_DCT_32_64_frac,C,A,dummy,proc_gkf,0,160,40,-0.13192769183332653,0.07845295869077343,0.0940851519246582,,,,,
E_DCT_32_64_frac,C,A,ridge,proc_gkf,0,160,40,0.22591031452550736,0.0623237039522338,0.07780497875532204,0.727707679397116,,,,
E_DCT_32_64_frac,C,A,extratrees,proc_gkf,0,160,40,0.32083888304727404,0.052346910374585096,0.07287828684496647,0.6736713736948163,,,,
rms_DCT_64_inf_um,C,A,dummy,proc_gkf,0,160,40,-0.0006671182059039271,0.8649497166494594,1.56943447727847,,,,,
rms_DCT_64_inf_um,C,A,ridge,proc_gkf,0,160,40,0.13916712898060035,0.6771463191469668,1.455652784526316,0.19147239572637795,,,,
rms_DCT_64_inf_um,C,A,extratrees,proc_gkf,0,160,40,0.07050271138162123,0.5444746803341848,1.5125942251406757,0.6119423994723976,,,,
E_DCT_64_inf_frac,C,A,dummy,proc_gkf,0,160,40,-0.10159713172425344,0.2051180425907515,0.23593764427536093,,,,,
E_DCT_64_inf_frac,C,A,ridge,proc_gkf,0,160,40,0.2728406999416092,0.1462354555537151,0.1916905140929692,0.5772315781011287,,,,
E_DCT_64_inf_frac,C,A,extratrees,proc_gkf,0,160,40,0.13940107715114802,0.1478160515203355,0.20853849729334326,0.46409306303693865,,,,
DCT_8_16_PC1,D,A,dummy,proc_gkf,0,160,40,-0.012333075987889242,44.114908629232254,74.99172540499269,,8_16,1.0,19.582037662965625,stable
DCT_8_16_PC1,D,A,ridge,proc_gkf,0,160,40,0.002104205512730939,43.87557767253587,74.45506184604707,0.25010553993460244,8_16,1.0,19.582037662965625,stable
DCT_8_16_PC1,D,A,extratrees,proc_gkf,0,160,40,-0.22796068252686408,48.26914937695334,82.59311832394181,0.024579014052087716,8_16,1.0,19.582037662965625,stable
DCT_8_16_PC2,D,A,dummy,proc_gkf,0,160,40,-0.0012576279092715303,11.082398768746211,15.989910406023265,,8_16,2.0,77.82229771952674,unstable_pc
DCT_8_16_PC2,D,A,ridge,proc_gkf,0,160,40,-0.08918737178524805,11.972984915381712,16.67724889020158,0.09306252648729395,8_16,2.0,77.82229771952674,unstable_pc
DCT_8_16_PC2,D,A,extratrees,proc_gkf,0,160,40,-1.3328891012104633,16.67325393625608,24.407323564707024,0.26211360786844684,8_16,2.0,77.82229771952674,unstable_pc
DCT_8_16_PC3,D,A,dummy,proc_gkf,0,160,40,-0.027909325419714692,11.26493861880659,17.304552927624833,,8_16,3.0,77.45549773197679,unstable_pc
DCT_8_16_PC3,D,A,ridge,proc_gkf,0,160,40,-0.12451978157648758,11.986381351253044,18.09949802731489,0.0239223228369556,8_16,3.0,77.45549773197679,unstable_pc
DCT_8_16_PC3,D,A,extratrees,proc_gkf,0,160,40,-2.2597480725108614,18.831380003229903,30.815910144759037,0.07420610730992894,8_16,3.0,77.45549773197679,unstable_pc
DCT_16_32_PC1,D,A,dummy,proc_gkf,0,160,40,-0.0003373290735875223,8.034296496086348,16.989547570533066,,16_32,1.0,41.066747169870695,unstable_pc
DCT_16_32_PC1,D,A,ridge,proc_gkf,0,160,40,-0.11125790442982941,9.029404621512958,17.90671855209306,0.19494347786350483,16_32,1.0,41.066747169870695,unstable_pc
DCT_16_32_PC1,D,A,extratrees,proc_gkf,0,160,40,-0.3064455143990872,10.835994027344194,19.41575249534209,-0.13377738182548504,16_32,1.0,41.066747169870695,unstable_pc
DCT_16_32_PC2,D,A,dummy,proc_gkf,0,160,40,-0.022652062880536006,11.999059971174457,21.946372236012447,,16_32,2.0,66.01021349973809,unstable_pc
DCT_16_32_PC2,D,A,ridge,proc_gkf,0,160,40,-0.3349876668664238,17.035542348137227,25.07479657904017,-0.37966133537709534,16_32,2.0,66.01021349973809,unstable_pc
DCT_16_32_PC2,D,A,extratrees,proc_gkf,0,160,40,-1.218340380899206,18.308580415495996,32.32309094096314,-0.0503775975037065,16_32,2.0,66.01021349973809,unstable_pc
DCT_16_32_PC3,D,A,dummy,proc_gkf,0,160,40,-0.07431542087710308,7.498787432565171,14.170336780644577,,16_32,3.0,71.95204087027824,unstable_pc
DCT_16_32_PC3,D,A,ridge,proc_gkf,0,160,40,-0.49109381860000645,10.309874397013028,16.694243821332535,0.10225620349914356,16_32,3.0,71.95204087027824,unstable_pc
DCT_16_32_PC3,D,A,extratrees,proc_gkf,0,160,40,-1.4822787447903978,12.65830422048298,21.53969460551797,0.20075988576896073,16_32,3.0,71.95204087027824,unstable_pc
DCT_32_64_PC1,D,A,dummy,proc_gkf,0,160,40,-0.00014860891925039255,28.031803057659687,61.878584912150984,,32_64,1.0,31.204163923932597,stable
DCT_32_64_PC1,D,A,ridge,proc_gkf,0,160,40,0.1143273593274311,25.02400390217695,58.229722479045925,0.1391247245772751,32_64,1.0,31.204163923932597,stable
DCT_32_64_PC1,D,A,extratrees,proc_gkf,0,160,40,-0.20032280182666584,27.680087124078284,67.7886732185391,0.04080866836892426,32_64,1.0,31.204163923932597,stable
DCT_32_64_PC2,D,A,dummy,proc_gkf,0,160,40,-0.0334168674199149,22.397339813532053,84.10049330773607,,32_64,2.0,45.40742090041364,unstable_pc
DCT_32_64_PC2,D,A,ridge,proc_gkf,0,160,40,-0.03344934358137985,25.000824786530195,84.10181476852708,-0.09325015254876025,32_64,2.0,45.40742090041364,unstable_pc
DCT_32_64_PC2,D,A,extratrees,proc_gkf,0,160,40,-0.08999996762085449,27.8277832300633,86.37220619161408,-0.07617618095532529,32_64,2.0,45.40742090041364,unstable_pc
DCT_32_64_PC3,D,A,dummy,proc_gkf,0,160,40,-0.008320751549462324,19.981957907816955,69.24863422783359,,32_64,3.0,55.99126930543697,unstable_pc
DCT_32_64_PC3,D,A,ridge,proc_gkf,0,160,40,0.0007511793927946764,22.456289934942255,68.9364130169225,-0.07805244156998846,32_64,3.0,55.99126930543697,unstable_pc
DCT_32_64_PC3,D,A,extratrees,proc_gkf,0,160,40,0.11576225091766179,21.11576392498565,64.84797000058724,0.13865565942360933,32_64,3.0,55.99126930543697,unstable_pc
DCT_64_inf_PC1,D,A,dummy,proc_gkf,0,160,40,-0.06442236522939959,55.55610266791363,115.94539877954706,,64_inf,1.0,18.043304511236556,stable
DCT_64_inf_PC1,D,A,ridge,proc_gkf,0,160,40,-0.01520300354787918,56.467885257861006,113.2329886103956,0.19306721724884168,64_inf,1.0,18.043304511236556,stable
DCT_64_inf_PC1,D,A,extratrees,proc_gkf,0,160,40,0.11743283794248616,41.194780846556036,105.57726449623372,0.12908673028882708,64_inf,1.0,18.043304511236556,stable
DCT_64_inf_PC2,D,A,dummy,proc_gkf,0,160,40,-0.02338265873163836,40.81574271698106,125.38972728378512,,64_inf,2.0,53.11326025157106,unstable_pc
DCT_64_inf_PC2,D,A,ridge,proc_gkf,0,160,40,-0.0012226730126847496,42.34928550079054,124.0247239089098,0.1299310475654255,64_inf,2.0,53.11326025157106,unstable_pc
DCT_64_inf_PC2,D,A,extratrees,proc_gkf,0,160,40,0.00454576011556318,41.46412400946125,123.66693048802068,0.4175617997932917,64_inf,2.0,53.11326025157106,unstable_pc
DCT_64_inf_PC3,D,A,dummy,proc_gkf,0,160,40,-0.08475674443613235,37.68540189158176,119.46414476541207,,64_inf,3.0,46.07144618750122,unstable_pc
DCT_64_inf_PC3,D,A,ridge,proc_gkf,0,160,40,-0.08049768017909531,36.84335794279151,119.22938896265846,0.19297340421810855,64_inf,3.0,46.07144618750122,unstable_pc
DCT_64_inf_PC3,D,A,extratrees,proc_gkf,0,160,40,-0.13782339622149342,45.804491624944205,122.35136775463818,0.07082883820353521,64_inf,3.0,46.07144618750122,unstable_pc
median_depth_um,A,R,dummy,proc_gkf,0,160,40,-0.20903884552139762,18.13615575,19.713721482017696,,,,,
median_depth_um,A,R,ridge,proc_gkf,0,160,40,0.5802990321525059,9.085424544692886,11.6149802195484,0.7892490275580685,,,,
median_depth_um,A,R,extratrees,proc_gkf,0,160,40,0.8341051429983946,4.7368422735937905,7.302388767720855,0.8658004606363264,,,,
Sq_um,B,R,dummy,proc_gkf,0,160,40,-0.001293578373268378,1.075948678800372,2.040186765648716,,,,,
Sq_um,B,R,ridge,proc_gkf,0,160,40,0.1549871667924394,0.8630683340098664,1.8742212728145895,0.5580937198315642,,,,
Sq_um,B,R,extratrees,proc_gkf,0,160,40,0.15373583012604486,0.8582946787388362,1.8756084790779317,0.6048126091366774,,,,
Sa_um,B,R,dummy,proc_gkf,0,160,40,-0.003317991617412197,0.5618592433536859,0.9830978498163468,,,,,
Sa_um,B,R,ridge,proc_gkf,0,160,40,0.13236379052767133,0.4769217955052044,0.9142106586003017,0.4639054369754724,,,,
Sa_um,B,R,extratrees,proc_gkf,0,160,40,0.16603264817846397,0.482326950103969,0.8962970577234578,0.6365214135244853,,,,
Ssk_skewness,B,R,dummy,proc_gkf,0,160,40,-0.05262697088417534,1.4368101625855991,1.784456244724102,,,,,
Ssk_skewness,B,R,ridge,proc_gkf,0,160,40,0.13774827221602015,1.2388659382656655,1.6150489631925988,0.2829401006912082,,,,
Ssk_skewness,B,R,extratrees,proc_gkf,0,160,40,0.3293027069820905,0.9647219296498202,1.4243998964024907,0.458370468162216,,,,
kurtosis_excess_fisher,B,R,dummy,proc_gkf,0,160,40,-0.16471817479445217,10.513406640934761,12.953294760078329,,,,,
kurtosis_excess_fisher,B,R,ridge,proc_gkf,0,160,40,0.10297531121540637,8.307253206632161,11.367684724026637,0.34532576612875915,,,,
kurtosis_excess_fisher,B,R,extratrees,proc_gkf,0,160,40,0.29735483831224485,6.645290529264296,10.06092362339642,0.5200056293539015,,,,
grad_rms_um_per_um,B,R,dummy,proc_gkf,0,160,40,-0.019478774089437545,0.30595655175498393,0.508164469504123,,,,,
grad_rms_um_per_um,B,R,ridge,proc_gkf,0,160,40,0.1168453509276891,0.28508496243741976,0.47296998603108437,0.4894225813348917,,,,
grad_rms_um_per_um,B,R,extratrees,proc_gkf,0,160,40,0.20311384254656684,0.2588599247826108,0.4492761283869492,0.6018105921532164,,,,
lap_rms_um_per_px2,B,R,dummy,proc_gkf,0,160,40,-0.004103162090538737,0.1590276929207234,0.2393466709243675,,,,,
lap_rms_um_per_px2,B,R,ridge,proc_gkf,0,160,40,0.08125615251207918,0.14828361061050938,0.22894725759316814,0.3297528030270546,,,,
lap_rms_um_per_px2,B,R,extratrees,proc_gkf,0,160,40,0.19461185949117255,0.13345316728329432,0.21435856399356865,0.48979783345782424,,,,
acf_e_fold_lag_um,B,R,dummy,proc_gkf,0,160,40,-0.014812297196654223,6.350312499999999,7.151988530570099,,,,,
acf_e_fold_lag_um,B,R,ridge,proc_gkf,0,160,40,0.04699721705984483,6.100385378762162,6.93076275893844,0.18676268797434112,,,,
acf_e_fold_lag_um,B,R,extratrees,proc_gkf,0,160,40,0.20115014221573502,5.151225560515875,6.345509955502567,0.4353398680330252,,,,
aniso_gradx_over_y,B,R,dummy,proc_gkf,0,160,40,-0.27116773054053667,0.7426822297897259,1.0499992112227299,,,,,
aniso_gradx_over_y,B,R,ridge,proc_gkf,0,160,40,-0.12100596514121498,0.6948444474464697,0.9860331247961407,0.5357662185170723,,,,
aniso_gradx_over_y,B,R,extratrees,proc_gkf,0,160,40,0.17301808616663295,0.5627460090960094,0.8469066614566879,0.5886767678505741,,,,
pit_density_per_Mpx,B,R,dummy,proc_gkf,0,160,40,-0.06894239199038377,6869.091796875,12660.760796227267,,,,,
pit_density_per_Mpx,B,R,ridge,proc_gkf,0,160,40,-0.048549577737205585,6827.731466883798,12539.411023243758,0.04939780339538541,,,,
pit_density_per_Mpx,B,R,extratrees,proc_gkf,0,160,40,0.008994299544293871,6276.535923104673,12190.477847635762,-0.05466028295308476,,,,
pit_depth_um,B,R,dummy,proc_gkf,0,160,40,-0.006899109688281113,1.2584604589222,1.8826038572839754,,,,,
pit_depth_um,B,R,ridge,proc_gkf,0,160,40,0.08358829587353023,1.0961792699667008,1.7960204583209278,0.43707491018578876,,,,
pit_depth_um,B,R,extratrees,proc_gkf,0,160,40,0.3251322050379879,0.9549075033109358,1.5412579072144947,0.5489000428197146,,,,
peak_to_valley_p98p2_um,B,R,dummy,proc_gkf,0,160,40,-0.0006947981377236623,4.1312065518480265,6.96628651855469,,,,,
peak_to_valley_p98p2_um,B,R,ridge,proc_gkf,0,160,40,0.19755982773732728,3.159824943332538,6.238164786729197,0.5667245186590147,,,,
peak_to_valley_p98p2_um,B,R,extratrees,proc_gkf,0,160,40,0.24567346063348083,2.983168324302949,6.048256564399102,0.674046625817749,,,,
deepest_negative_residual_um,B,R,dummy,proc_gkf,0,160,40,-0.006899109688281113,1.2584604589222,1.8826038572839754,,,,,
deepest_negative_residual_um,B,R,ridge,proc_gkf,0,160,40,0.08358829587353023,1.0961792699667008,1.7960204583209278,0.43707491018578876,,,,
deepest_negative_residual_um,B,R,extratrees,proc_gkf,0,160,40,0.3251322050379879,0.9549075033109358,1.5412579072144947,0.5489000428197146,,,,
rms_DCT_8_16_um,C,R,dummy,proc_gkf,0,160,40,-0.07823640938109899,0.3290378915118703,0.5041509813816114,,,,,
rms_DCT_8_16_um,C,R,ridge,proc_gkf,0,160,40,0.030240295101573222,0.30738838489150544,0.47811865353198096,0.4800412782615757,,,,
rms_DCT_8_16_um,C,R,extratrees,proc_gkf,0,160,40,0.2189192959937828,0.2729252681832649,0.42909314356672,0.5965570624321594,,,,
E_DCT_8_16_frac,C,R,dummy,proc_gkf,0,160,40,-0.241885420313386,0.19321815151487107,0.26087841754755914,,,,,
E_DCT_8_16_frac,C,R,ridge,proc_gkf,0,160,40,-0.07174376678487016,0.17989442833513775,0.24234991422862004,0.42197101223775013,,,,
E_DCT_8_16_frac,C,R,extratrees,proc_gkf,0,160,40,0.20801287265877122,0.16085602162138285,0.20833222327402107,0.45780758997781695,,,,
rms_DCT_16_32_um,C,R,dummy,proc_gkf,0,160,40,-0.0008444428975245,0.3939953277765157,0.6677898400057328,,,,,
rms_DCT_16_32_um,C,R,ridge,proc_gkf,0,160,40,0.22663187421762054,0.28661228285555485,0.587015610461275,0.8005065912460476,,,,
rms_DCT_16_32_um,C,R,extratrees,proc_gkf,0,160,40,0.33071476567193636,0.2418189915778363,0.5460873773654984,0.8509780017804872,,,,
E_DCT_16_32_frac,C,R,dummy,proc_gkf,0,160,40,-0.006745759166618237,0.0966213194566866,0.12002183416771249,,,,,
E_DCT_16_32_frac,C,R,ridge,proc_gkf,0,160,40,0.11684913819494469,0.09331931132119818,0.11241332752117847,0.3865096866206159,,,,
E_DCT_16_32_frac,C,R,extratrees,proc_gkf,0,160,40,0.07162330738635991,0.09003005795336846,0.11525571500706117,0.6082836912738044,,,,
rms_DCT_32_64_um,C,R,dummy,proc_gkf,0,160,40,-6.217777193096019e-05,0.5558675506007267,1.1414225102309346,,,,,
rms_DCT_32_64_um,C,R,ridge,proc_gkf,0,160,40,0.13039354808610826,0.42119781810720835,1.0643741253710364,0.7477836679740122,,,,
rms_DCT_32_64_um,C,R,extratrees,proc_gkf,0,160,40,0.1418120624597714,0.3960687516238546,1.0573630622323138,0.6982503877469041,,,,
E_DCT_32_64_frac,C,R,dummy,proc_gkf,0,160,40,-0.13192769183332653,0.07845295869077343,0.0940851519246582,,,,,
E_DCT_32_64_frac,C,R,ridge,proc_gkf,0,160,40,0.10547400845452659,0.06892162943858955,0.08363888415495,0.6400863086923454,,,,
E_DCT_32_64_frac,C,R,extratrees,proc_gkf,0,160,40,0.2088659848361455,0.061416700862056375,0.07865689109001696,0.5976828188009574,,,,
rms_DCT_64_inf_um,C,R,dummy,proc_gkf,0,160,40,-0.0006671182059039271,0.8649497166494594,1.56943447727847,,,,,
rms_DCT_64_inf_um,C,R,ridge,proc_gkf,0,160,40,0.16230764343410609,0.6621329237270629,1.4359544067357841,0.4186875561620896,,,,
rms_DCT_64_inf_um,C,R,extratrees,proc_gkf,0,160,40,0.1338029870998908,0.6411889642786951,1.4601810745081651,0.6292039971272989,,,,
E_DCT_64_inf_frac,C,R,dummy,proc_gkf,0,160,40,-0.10159713172425344,0.2051180425907515,0.23593764427536093,,,,,
E_DCT_64_inf_frac,C,R,ridge,proc_gkf,0,160,40,-0.0511993497270955,0.19803449770284026,0.23047741930510027,0.10629016382066939,,,,
E_DCT_64_inf_frac,C,R,extratrees,proc_gkf,0,160,40,-0.0588523217509882,0.16389201193748398,0.23131486207495425,0.19316103027957482,,,,
DCT_8_16_PC1,D,R,dummy,proc_gkf,0,160,40,-0.012333075987889242,44.114908629232254,74.99172540499269,,8_16,1.0,19.582037662965625,stable
DCT_8_16_PC1,D,R,ridge,proc_gkf,0,160,40,-0.006336110635504211,44.35937664110477,74.76927352698448,0.10732210715873415,8_16,1.0,19.582037662965625,stable
DCT_8_16_PC1,D,R,extratrees,proc_gkf,0,160,40,-0.2338860466945245,56.52627875028213,82.79214967477371,0.11238801081832474,8_16,1.0,19.582037662965625,stable
DCT_8_16_PC2,D,R,dummy,proc_gkf,0,160,40,-0.0012576279092715303,11.082398768746211,15.989910406023265,,8_16,2.0,77.82229771952674,unstable_pc
DCT_8_16_PC2,D,R,ridge,proc_gkf,0,160,40,0.027042135441299853,11.102730895015025,15.762319557200902,0.11632815810911744,8_16,2.0,77.82229771952674,unstable_pc
DCT_8_16_PC2,D,R,extratrees,proc_gkf,0,160,40,-0.028534761730354852,11.982907570906304,16.20625240707823,0.14578544975932944,8_16,2.0,77.82229771952674,unstable_pc
DCT_8_16_PC3,D,R,dummy,proc_gkf,0,160,40,-0.027909325419714692,11.26493861880659,17.304552927624833,,8_16,3.0,77.45549773197679,unstable_pc
DCT_8_16_PC3,D,R,ridge,proc_gkf,0,160,40,-0.04320317943447827,11.66332284996766,17.432811392601234,0.16220273013763228,8_16,3.0,77.45549773197679,unstable_pc
DCT_8_16_PC3,D,R,extratrees,proc_gkf,0,160,40,-0.8463917386808006,16.32795615699866,23.192357916469412,0.31249120537215336,8_16,3.0,77.45549773197679,unstable_pc
DCT_16_32_PC1,D,R,dummy,proc_gkf,0,160,40,-0.0003373290735875223,8.034296496086348,16.989547570533066,,16_32,1.0,41.066747169870695,unstable_pc
DCT_16_32_PC1,D,R,ridge,proc_gkf,0,160,40,-0.2238448820777672,11.985125770005459,18.791946359819825,0.3508607349420155,16_32,1.0,41.066747169870695,unstable_pc
DCT_16_32_PC1,D,R,extratrees,proc_gkf,0,160,40,-0.009546657222011534,8.62196190060753,17.067573180261725,0.28763075222786616,16_32,1.0,41.066747169870695,unstable_pc
DCT_16_32_PC2,D,R,dummy,proc_gkf,0,160,40,-0.022652062880536006,11.999059971174457,21.946372236012447,,16_32,2.0,66.01021349973809,unstable_pc
DCT_16_32_PC2,D,R,ridge,proc_gkf,0,160,40,-0.30174515155160586,15.357772777653073,24.760634879057516,-0.3781603268853648,16_32,2.0,66.01021349973809,unstable_pc
DCT_16_32_PC2,D,R,extratrees,proc_gkf,0,160,40,-0.08688759664778978,13.34285163664263,22.62513129092148,0.15676157435510907,16_32,2.0,66.01021349973809,unstable_pc
DCT_16_32_PC3,D,R,dummy,proc_gkf,0,160,40,-0.07431542087710308,7.498787432565171,14.170336780644577,,16_32,3.0,71.95204087027824,unstable_pc
DCT_16_32_PC3,D,R,ridge,proc_gkf,0,160,40,-0.14159665723918202,6.725434113259931,14.60732228892994,0.08780899676623703,16_32,3.0,71.95204087027824,unstable_pc
DCT_16_32_PC3,D,R,extratrees,proc_gkf,0,160,40,-1.049751043507376,11.01761125736775,19.573334826093742,0.22871616892744215,16_32,3.0,71.95204087027824,unstable_pc
DCT_32_64_PC1,D,R,dummy,proc_gkf,0,160,40,-0.00014860891925039255,28.031803057659687,61.878584912150984,,32_64,1.0,31.204163923932597,stable
DCT_32_64_PC1,D,R,ridge,proc_gkf,0,160,40,0.07084417405918142,25.179935597248555,59.64202533720295,-0.000844317276598433,32_64,1.0,31.204163923932597,stable
DCT_32_64_PC1,D,R,extratrees,proc_gkf,0,160,40,-0.10828102738241974,28.88693280284688,65.13779530177108,0.03424175621760312,32_64,1.0,31.204163923932597,stable
DCT_32_64_PC2,D,R,dummy,proc_gkf,0,160,40,-0.0334168674199149,22.397339813532053,84.10049330773607,,32_64,2.0,45.40742090041364,unstable_pc
DCT_32_64_PC2,D,R,ridge,proc_gkf,0,160,40,-0.02102077840635186,23.106337565284445,83.59456852619958,0.055537314194030254,32_64,2.0,45.40742090041364,unstable_pc
DCT_32_64_PC2,D,R,extratrees,proc_gkf,0,160,40,-0.06500986166250478,27.246634559467402,85.37635019491451,0.030770674080476228,32_64,2.0,45.40742090041364,unstable_pc
DCT_32_64_PC3,D,R,dummy,proc_gkf,0,160,40,-0.008320751549462324,19.981957907816955,69.24863422783359,,32_64,3.0,55.99126930543697,unstable_pc
DCT_32_64_PC3,D,R,ridge,proc_gkf,0,160,40,-0.005771059183208749,22.17254393288956,69.161025958563,-0.008443172765984329,32_64,3.0,55.99126930543697,unstable_pc
DCT_32_64_PC3,D,R,extratrees,proc_gkf,0,160,40,-0.08674279382757688,25.863351133046393,71.89111912258598,-0.19194146088004377,32_64,3.0,55.99126930543697,unstable_pc
DCT_64_inf_PC1,D,R,dummy,proc_gkf,0,160,40,-0.06442236522939959,55.55610266791363,115.94539877954706,,64_inf,1.0,18.043304511236556,stable
DCT_64_inf_PC1,D,R,ridge,proc_gkf,0,160,40,-0.10777843313123725,60.633231596035216,118.28317565599144,-0.06979689486547046,64_inf,1.0,18.043304511236556,stable
DCT_64_inf_PC1,D,R,extratrees,proc_gkf,0,160,40,-0.22812079638536908,63.381189949489155,124.54235274899351,-0.36999859321157996,64_inf,1.0,18.043304511236556,stable
DCT_64_inf_PC2,D,R,dummy,proc_gkf,0,160,40,-0.02338265873163836,40.81574271698106,125.38972728378512,,64_inf,2.0,53.11326025157106,unstable_pc
DCT_64_inf_PC2,D,R,ridge,proc_gkf,0,160,40,0.03509374788315811,38.217837214208814,121.7546316818055,0.18359210114479257,64_inf,2.0,53.11326025157106,unstable_pc
DCT_64_inf_PC2,D,R,extratrees,proc_gkf,0,160,40,0.002771432246703065,49.983956827301235,123.77709526593216,0.17195928533388086,64_inf,2.0,53.11326025157106,unstable_pc
DCT_64_inf_PC3,D,R,dummy,proc_gkf,0,160,40,-0.08475674443613235,37.68540189158176,119.46414476541207,,64_inf,3.0,46.07144618750122,unstable_pc
DCT_64_inf_PC3,D,R,ridge,proc_gkf,0,160,40,-0.10508712259695763,35.15248387232429,120.57843920022749,0.19954031636942968,64_inf,3.0,46.07144618750122,unstable_pc
DCT_64_inf_PC3,D,R,extratrees,proc_gkf,0,160,40,-0.14822199539588743,50.63674272872535,122.90918243245169,-0.2577043954239884,64_inf,3.0,46.07144618750122,unstable_pc
median_depth_um,A,C,dummy,proc_gkf,0,160,40,-0.20903884552139762,18.13615575,19.713721482017696,,,,,
median_depth_um,A,C,ridge,proc_gkf,0,160,40,0.7178666871802334,7.263521299072773,9.523041422016398,0.8729302509720466,,,,
median_depth_um,A,C,extratrees,proc_gkf,0,160,40,0.942435943005371,3.3789863035000094,4.301542185659232,0.9588629871236205,,,,
Sq_um,B,C,dummy,proc_gkf,0,160,40,-0.001293578373268378,1.075948678800372,2.040186765648716,,,,,
Sq_um,B,C,ridge,proc_gkf,0,160,40,0.1512661561704982,0.8815129576200917,1.8783433028924321,0.5318260712262796,,,,
Sq_um,B,C,extratrees,proc_gkf,0,160,40,0.13962865735796703,0.789337637672385,1.8911770058582933,0.6537830111793865,,,,
Sa_um,B,C,dummy,proc_gkf,0,160,40,-0.003317991617412197,0.5618592433536859,0.9830978498163468,,,,,
Sa_um,B,C,ridge,proc_gkf,0,160,40,0.1154469657232059,0.48990733777362544,0.9230800915596318,0.46315493272960706,,,,
Sa_um,B,C,extratrees,proc_gkf,0,160,40,0.1811481544292518,0.4319029773397186,0.888137304739393,0.7352127218557688,,,,
Ssk_skewness,B,C,dummy,proc_gkf,0,160,40,-0.05262697088417534,1.4368101625855991,1.784456244724102,,,,,
Ssk_skewness,B,C,ridge,proc_gkf,0,160,40,0.23861300109152217,1.0998848719602534,1.517649157088967,0.3975796242471287,,,,
Ssk_skewness,B,C,extratrees,proc_gkf,0,160,40,0.3456307848531778,1.0298561084781461,1.4069546090747154,0.3433556924833627,,,,
kurtosis_excess_fisher,B,C,dummy,proc_gkf,0,160,40,-0.16471817479445217,10.513406640934761,12.953294760078329,,,,,
kurtosis_excess_fisher,B,C,ridge,proc_gkf,0,160,40,0.12196208188100133,7.940965785863973,11.24673488278081,0.27871851430821604,,,,
kurtosis_excess_fisher,B,C,extratrees,proc_gkf,0,160,40,-0.11253772898719339,8.16402870923611,12.659810239856187,0.39823631546226085,,,,
grad_rms_um_per_um,B,C,dummy,proc_gkf,0,160,40,-0.019478774089437545,0.30595655175498393,0.508164469504123,,,,,
grad_rms_um_per_um,B,C,ridge,proc_gkf,0,160,40,0.12107012467413569,0.28007073340046845,0.4718373493989216,0.52619728938229,,,,
grad_rms_um_per_um,B,C,extratrees,proc_gkf,0,160,40,0.20036221454498737,0.2557614765629378,0.4500511295744638,0.650405742072993,,,,
lap_rms_um_per_px2,B,C,dummy,proc_gkf,0,160,40,-0.004103162090538737,0.1590276929207234,0.2393466709243675,,,,,
lap_rms_um_per_px2,B,C,ridge,proc_gkf,0,160,40,0.09165969756554782,0.1481086351141243,0.22764730635083918,0.32618790785919455,,,,
lap_rms_um_per_px2,B,C,extratrees,proc_gkf,0,160,40,0.18540898061412026,0.14190023473618565,0.21557978416843862,0.4021764627530536,,,,
acf_e_fold_lag_um,B,C,dummy,proc_gkf,0,160,40,-0.014812297196654223,6.350312499999999,7.151988530570099,,,,,
acf_e_fold_lag_um,B,C,ridge,proc_gkf,0,160,40,0.1797646607746637,5.790696604431544,6.429884725725891,0.3970827281149715,,,,
acf_e_fold_lag_um,B,C,extratrees,proc_gkf,0,160,40,0.3606649407668876,4.773392564484126,5.676729613272704,0.537861464660716,,,,
aniso_gradx_over_y,B,C,dummy,proc_gkf,0,160,40,-0.27116773054053667,0.7426822297897259,1.0499992112227299,,,,,
aniso_gradx_over_y,B,C,ridge,proc_gkf,0,160,40,0.31542113641152936,0.560694539639009,0.7705472700846971,0.765420517751846,,,,
aniso_gradx_over_y,B,C,extratrees,proc_gkf,0,160,40,0.5174762372968078,0.4874113474047716,0.6469145154987861,0.7787419681159546,,,,
pit_density_per_Mpx,B,C,dummy,proc_gkf,0,160,40,-0.06894239199038377,6869.091796875,12660.760796227267,,,,,
pit_density_per_Mpx,B,C,ridge,proc_gkf,0,160,40,-0.0031722384181029906,5859.528858573649,12265.080580685877,-0.06061780698066894,,,,
pit_density_per_Mpx,B,C,extratrees,proc_gkf,0,160,40,-0.12616877247414293,5987.518575613838,12995.242663592537,-0.2753865481750783,,,,
pit_depth_um,B,C,dummy,proc_gkf,0,160,40,-0.006899109688281113,1.2584604589222,1.8826038572839754,,,,,
pit_depth_um,B,C,ridge,proc_gkf,0,160,40,0.1851999815749702,1.0676841902066732,1.6935244880074156,0.5933674193872321,,,,
pit_depth_um,B,C,extratrees,proc_gkf,0,160,40,0.3635457427192196,0.8337072634566486,1.4967510231232024,0.7053801780826242,,,,
peak_to_valley_p98p2_um,B,C,dummy,proc_gkf,0,160,40,-0.0006947981377236623,4.1312065518480265,6.96628651855469,,,,,
peak_to_valley_p98p2_um,B,C,ridge,proc_gkf,0,160,40,0.1907193594103337,3.2924645989544628,6.264697240788604,0.4886720770890264,,,,
peak_to_valley_p98p2_um,B,C,extratrees,proc_gkf,0,160,40,0.2366500310030033,2.7570126370311963,6.084324348612525,0.7355879739787013,,,,
deepest_negative_residual_um,B,C,dummy,proc_gkf,0,160,40,-0.006899109688281113,1.2584604589222,1.8826038572839754,,,,,
deepest_negative_residual_um,B,C,ridge,proc_gkf,0,160,40,0.1851999815749702,1.0676841902066732,1.6935244880074156,0.5933674193872321,,,,
deepest_negative_residual_um,B,C,extratrees,proc_gkf,0,160,40,0.36354574271921936,0.8337072634566486,1.4967510231232024,0.7053801780826242,,,,
rms_DCT_8_16_um,C,C,dummy,proc_gkf,0,160,40,-0.07823640938109899,0.3290378915118703,0.5041509813816114,,,,,
rms_DCT_8_16_um,C,C,ridge,proc_gkf,0,160,40,0.08402811056381043,0.3036200408058778,0.46467006299258223,0.56391012773702,,,,
rms_DCT_8_16_um,C,C,extratrees,proc_gkf,0,160,40,0.3070573793923933,0.25307693525589836,0.40415900307201047,0.7453445291749499,,,,
E_DCT_8_16_frac,C,C,dummy,proc_gkf,0,160,40,-0.241885420313386,0.19321815151487107,0.26087841754755914,,,,,
E_DCT_8_16_frac,C,C,ridge,proc_gkf,0,160,40,0.4341249189226155,0.14304999374805147,0.1760993171949864,0.6529386939027881,,,,
E_DCT_8_16_frac,C,C,extratrees,proc_gkf,0,160,40,0.4129818023506371,0.1366669854626926,0.17935899818927584,0.658755101808244,,,,
rms_DCT_16_32_um,C,C,dummy,proc_gkf,0,160,40,-0.0008444428975245,0.3939953277765157,0.6677898400057328,,,,,
rms_DCT_16_32_um,C,C,ridge,proc_gkf,0,160,40,0.20933935183560493,0.2789340872898805,0.5935421674122205,0.8143909197945552,,,,
rms_DCT_16_32_um,C,C,extratrees,proc_gkf,0,160,40,0.2895541052048981,0.2421990697663136,0.5626288797401492,0.8329658998797207,,,,
E_DCT_16_32_frac,C,C,dummy,proc_gkf,0,160,40,-0.006745759166618237,0.0966213194566866,0.12002183416771249,,,,,
E_DCT_16_32_frac,C,C,ridge,proc_gkf,0,160,40,0.13899332054499214,0.09236306542216922,0.11099505103626975,0.48520099495189944,,,,
E_DCT_16_32_frac,C,C,extratrees,proc_gkf,0,160,40,0.23124217011131554,0.07936985819091816,0.10488059222300677,0.6281720537892341,,,,
rms_DCT_32_64_um,C,C,dummy,proc_gkf,0,160,40,-6.217777193096019e-05,0.5558675506007267,1.1414225102309346,,,,,
rms_DCT_32_64_um,C,C,ridge,proc_gkf,0,160,40,0.15857706354141832,0.4203219789108078,1.0469841449320312,0.6365214135244853,,,,
rms_DCT_32_64_um,C,C,extratrees,proc_gkf,0,160,40,0.11901506705770493,0.3886831857445106,1.0713149668191193,0.7475960419125458,,,,
E_DCT_32_64_frac,C,C,dummy,proc_gkf,0,160,40,-0.13192769183332653,0.07845295869077343,0.0940851519246582,,,,,
E_DCT_32_64_frac,C,C,ridge,proc_gkf,0,160,40,0.2740709521336274,0.05898024753727062,0.075345763073773,0.7149491072174065,,,,
E_DCT_32_64_frac,C,C,extratrees,proc_gkf,0,160,40,0.3070096651551183,0.05524458052960485,0.07361652903197964,0.6265772322667704,,,,
rms_DCT_64_inf_um,C,C,dummy,proc_gkf,0,160,40,-0.0006671182059039271,0.8649497166494594,1.56943447727847,,,,,
rms_DCT_64_inf_um,C,C,ridge,proc_gkf,0,160,40,0.17598666104718153,0.6540015560945405,1.4241820094508877,0.2965429901475163,,,,
rms_DCT_64_inf_um,C,C,extratrees,proc_gkf,0,160,40,0.1332730650013535,0.5736035716935384,1.460627661080141,0.6883062064891892,,,,
E_DCT_64_inf_frac,C,C,dummy,proc_gkf,0,160,40,-0.10159713172425344,0.2051180425907515,0.23593764427536093,,,,,
E_DCT_64_inf_frac,C,C,ridge,proc_gkf,0,160,40,0.2490368249734135,0.14547342992651222,0.19480278485808727,0.543834139160124,,,,
E_DCT_64_inf_frac,C,C,extratrees,proc_gkf,0,160,40,0.12551819913204887,0.14495985852869694,0.21021380267536624,0.42525446831341074,,,,
DCT_8_16_PC1,D,C,dummy,proc_gkf,0,160,40,-0.012333075987889242,44.114908629232254,74.99172540499269,,8_16,1.0,19.582037662965625,stable
DCT_8_16_PC1,D,C,ridge,proc_gkf,0,160,40,0.002116078867948179,44.121330132661186,74.45461889697788,0.17486748928660878,8_16,1.0,19.582037662965625,stable
DCT_8_16_PC1,D,C,extratrees,proc_gkf,0,160,40,-0.38604208019073205,50.83506209712025,87.74852810920876,0.05741357480869344,8_16,1.0,19.582037662965625,stable
DCT_8_16_PC2,D,C,dummy,proc_gkf,0,160,40,-0.0012576279092715303,11.082398768746211,15.989910406023265,,8_16,2.0,77.82229771952674,unstable_pc
DCT_8_16_PC2,D,C,ridge,proc_gkf,0,160,40,-0.08154020106605686,11.818377403803929,16.618600389840523,0.12345794844483754,8_16,2.0,77.82229771952674,unstable_pc
DCT_8_16_PC2,D,C,extratrees,proc_gkf,0,160,40,-1.4978481065291849,17.1102976234457,25.2555089139991,0.26980627638856586,8_16,2.0,77.82229771952674,unstable_pc
DCT_8_16_PC3,D,C,dummy,proc_gkf,0,160,40,-0.027909325419714692,11.26493861880659,17.304552927624833,,8_16,3.0,77.45549773197679,unstable_pc
DCT_8_16_PC3,D,C,ridge,proc_gkf,0,160,40,-0.11551427159165262,12.000288393503414,18.026879094581094,0.10310052077574199,8_16,3.0,77.45549773197679,unstable_pc
DCT_8_16_PC3,D,C,extratrees,proc_gkf,0,160,40,-3.1690350438167956,20.139670712726694,34.849837176544355,0.12899291725809392,8_16,3.0,77.45549773197679,unstable_pc
DCT_16_32_PC1,D,C,dummy,proc_gkf,0,160,40,-0.0003373290735875223,8.034296496086348,16.989547570533066,,16_32,1.0,41.066747169870695,unstable_pc
DCT_16_32_PC1,D,C,ridge,proc_gkf,0,160,40,-0.14819340145125048,9.774129623628825,18.201873821480202,0.22721516043571163,16_32,1.0,41.066747169870695,unstable_pc
DCT_16_32_PC1,D,C,extratrees,proc_gkf,0,160,40,-0.16597292712876177,9.297347412449717,18.342258485927786,0.04915802810417543,16_32,1.0,41.066747169870695,unstable_pc
DCT_16_32_PC2,D,C,dummy,proc_gkf,0,160,40,-0.022652062880536006,11.999059971174457,21.946372236012447,,16_32,2.0,66.01021349973809,unstable_pc
DCT_16_32_PC2,D,C,ridge,proc_gkf,0,160,40,-0.3911100094834039,17.57034784322134,25.596437784894746,-0.354707069202075,16_32,2.0,66.01021349973809,unstable_pc
DCT_16_32_PC2,D,C,extratrees,proc_gkf,0,160,40,-1.0045922686426487,17.380818236011738,30.72640971085725,0.011914254903111222,16_32,2.0,66.01021349973809,unstable_pc
DCT_16_32_PC3,D,C,dummy,proc_gkf,0,160,40,-0.07431542087710308,7.498787432565171,14.170336780644577,,16_32,3.0,71.95204087027824,unstable_pc
DCT_16_32_PC3,D,C,ridge,proc_gkf,0,160,40,-0.43786144335344734,9.98082659306713,16.39354157032365,0.14465969339053153,16_32,3.0,71.95204087027824,unstable_pc
DCT_16_32_PC3,D,C,extratrees,proc_gkf,0,160,40,-1.2205994429634166,11.78028398069847,20.372737082132716,0.23809747200075812,16_32,3.0,71.95204087027824,unstable_pc
DCT_32_64_PC1,D,C,dummy,proc_gkf,0,160,40,-0.00014860891925039255,28.031803057659687,61.878584912150984,,32_64,1.0,31.204163923932597,stable
DCT_32_64_PC1,D,C,ridge,proc_gkf,0,160,40,0.13505925931342233,24.89383039649971,57.54416368665481,0.11473333658665373,32_64,1.0,31.204163923932597,stable
DCT_32_64_PC1,D,C,extratrees,proc_gkf,0,160,40,-0.13034673504664696,25.917677092832854,65.78304127047812,0.17364791988707773,32_64,1.0,31.204163923932597,stable
DCT_32_64_PC2,D,C,dummy,proc_gkf,0,160,40,-0.0334168674199149,22.397339813532053,84.10049330773607,,32_64,2.0,45.40742090041364,unstable_pc
DCT_32_64_PC2,D,C,ridge,proc_gkf,0,160,40,-0.03734370515738217,25.644178582899524,84.26012678724322,-0.10619635078993625,32_64,2.0,45.40742090041364,unstable_pc
DCT_32_64_PC2,D,C,extratrees,proc_gkf,0,160,40,-0.1439573520345656,26.49445176631278,88.48419154773649,-0.06792063425080727,32_64,2.0,45.40742090041364,unstable_pc
DCT_32_64_PC3,D,C,dummy,proc_gkf,0,160,40,-0.008320751549462324,19.981957907816955,69.24863422783359,,32_64,3.0,55.99126930543697,unstable_pc
DCT_32_64_PC3,D,C,ridge,proc_gkf,0,160,40,-0.0035146347142416268,23.134882856331075,69.08340180367135,-0.04765701961244489,32_64,3.0,55.99126930543697,unstable_pc
DCT_32_64_PC3,D,C,extratrees,proc_gkf,0,160,40,0.018195095271395068,21.865111530230468,68.33205132544492,-0.146723580066661,32_64,3.0,55.99126930543697,unstable_pc
DCT_64_inf_PC1,D,C,dummy,proc_gkf,0,160,40,-0.06442236522939959,55.55610266791363,115.94539877954706,,64_inf,1.0,18.043304511236556,stable
DCT_64_inf_PC1,D,C,ridge,proc_gkf,0,160,40,-0.04149069911865655,58.042500905669385,114.68964829959901,0.15985740436930332,64_inf,1.0,18.043304511236556,stable
DCT_64_inf_PC1,D,C,extratrees,proc_gkf,0,160,40,0.014156027358928513,49.1847117584452,111.58366344267905,-0.2337820725870328,64_inf,1.0,18.043304511236556,stable
DCT_64_inf_PC2,D,C,dummy,proc_gkf,0,160,40,-0.02338265873163836,40.81574271698106,125.38972728378512,,64_inf,2.0,53.11326025157106,unstable_pc
DCT_64_inf_PC2,D,C,ridge,proc_gkf,0,160,40,0.010433164462258171,41.417432777128,123.3006871666601,0.18321684902185997,64_inf,2.0,53.11326025157106,unstable_pc
DCT_64_inf_PC2,D,C,extratrees,proc_gkf,0,160,40,0.04280813968858288,39.77242708257257,121.26694294686168,0.3903560208806755,64_inf,2.0,53.11326025157106,unstable_pc
DCT_64_inf_PC3,D,C,dummy,proc_gkf,0,160,40,-0.08475674443613235,37.68540189158176,119.46414476541207,,64_inf,3.0,46.07144618750122,unstable_pc
DCT_64_inf_PC3,D,C,ridge,proc_gkf,0,160,40,-0.09744241053147773,36.75017438707118,120.16064989611932,0.17721281505493774,64_inf,3.0,46.07144618750122,unstable_pc
DCT_64_inf_PC3,D,C,extratrees,proc_gkf,0,160,40,-0.12503745867380456,43.57329485590343,121.66198282030115,-0.1012242601610788,64_inf,3.0,46.07144618750122,unstable_pc
median_depth_um,A,A,dummy,proc_gkf,1,160,40,-0.03994726345707722,18.72320753125,20.533332373546017,,,,,
median_depth_um,A,A,ridge,proc_gkf,1,160,40,0.5572411328283473,11.174242782582382,13.397921001624635,0.7318949343339588,,,,
median_depth_um,A,A,extratrees,proc_gkf,1,160,40,0.9514820073656599,3.614881402822352,4.435118122024554,0.9687133553506021,,,,
Sq_um,B,A,dummy,proc_gkf,1,160,40,-0.015155326981033168,1.1017977116045263,1.638220072057675,,,,,
Sq_um,B,A,ridge,proc_gkf,1,160,40,0.16040817936701013,0.8809252225248194,1.4898415884856733,0.276547842401501,,,,
Sq_um,B,A,extratrees,proc_gkf,1,160,40,0.09876534497363298,0.9769455948323081,1.5435650460027497,0.25121951219512195,,,,
Sa_um,B,A,dummy,proc_gkf,1,160,40,-0.007641872003362193,0.6205926082132477,0.9679236879381905,,,,,
Sa_um,B,A,ridge,proc_gkf,1,160,40,0.07556307179882871,0.5568680213359103,0.927100164868878,0.2834896810506567,,,,
Sa_um,B,A,extratrees,proc_gkf,1,160,40,0.04892084634198157,0.5735074471090739,0.9403647623556255,0.2684803001876173,,,,
Ssk_skewness,B,A,dummy,proc_gkf,1,160,40,-0.006907201414463993,1.569812526947106,2.268972596847116,,,,,
Ssk_skewness,B,A,ridge,proc_gkf,1,160,40,0.15365259097941053,1.3815472168381855,2.0802180567347714,0.4900562851782365,,,,
Ssk_skewness,B,A,extratrees,proc_gkf,1,160,40,0.3451216442191145,1.1653660659440717,1.8298472841038251,0.42551594746716703,,,,
kurtosis_excess_fisher,B,A,dummy,proc_gkf,1,160,40,-0.010722162285946357,12.414732152327167,27.18779862141436,,,,,
kurtosis_excess_fisher,B,A,ridge,proc_gkf,1,160,40,0.08443480127127878,11.542839143910873,25.876336394969677,0.3844277673545967,,,,
kurtosis_excess_fisher,B,A,extratrees,proc_gkf,1,160,40,0.14578173021538088,11.845077531782227,24.994392069734335,0.3727954971857412,,,,
grad_rms_um_per_um,B,A,dummy,proc_gkf,1,160,40,-0.0003955257258947409,0.310630914014722,0.41844642945704974,,,,,
grad_rms_um_per_um,B,A,ridge,proc_gkf,1,160,40,0.15723299803773516,0.27252442960427975,0.3840676759655363,0.3827392120075047,,,,
grad_rms_um_per_um,B,A,extratrees,proc_gkf,1,160,40,0.3137026876522462,0.26176489005000075,0.34658530516595853,0.5720450281425893,,,,
lap_rms_um_per_px2,B,A,dummy,proc_gkf,1,160,40,-0.0007789928625041576,0.14649383497605498,0.19601270384221794,,,,,
lap_rms_um_per_px2,B,A,ridge,proc_gkf,1,160,40,0.05451245355296608,0.13335606325194163,0.1905210803913561,0.2675422138836773,,,,
lap_rms_um_per_px2,B,A,extratrees,proc_gkf,1,160,40,0.025589556689452397,0.13706265103838974,0.19341319277250402,0.35046904315197003,,,,
acf_e_fold_lag_um,B,A,dummy,proc_gkf,1,160,40,-0.015619455343654609,7.252812499999999,7.9124728475047545,,,,,
acf_e_fold_lag_um,B,A,ridge,proc_gkf,1,160,40,0.2518505792588692,5.689613415509513,6.791112092153909,0.5037411804759191,,,,
acf_e_fold_lag_um,B,A,extratrees,proc_gkf,1,160,40,0.2852894620030527,4.875232395833332,6.637611349027266,0.5130540426359782,,,,
aniso_gradx_over_y,B,A,dummy,proc_gkf,1,160,40,-0.0427560168265555,0.5115478401537732,0.7047050868949498,,,,,
aniso_gradx_over_y,B,A,ridge,proc_gkf,1,160,40,0.5026753071058336,0.350938655068854,0.4866716698181745,0.7570356472795498,,,,
aniso_gradx_over_y,B,A,extratrees,proc_gkf,1,160,40,0.3424531887398973,0.41599214256068,0.5596021729925218,0.7174219001457304,,,,
pit_density_per_Mpx,B,A,dummy,proc_gkf,1,160,40,-1.353176028775105,6152.587890625,6603.220082585516,,,,,
pit_density_per_Mpx,B,A,ridge,proc_gkf,1,160,40,-2.9282560678520566,6210.64404800453,8531.560199273072,0.4316096841111009,,,,
pit_density_per_Mpx,B,A,extratrees,proc_gkf,1,160,40,-12.690610100011812,7362.459545229077,15927.219511765097,0.29503753768947233,,,,
pit_depth_um,B,A,dummy,proc_gkf,1,160,40,-0.06211772543684124,1.4199187570181677,2.033448463135201,,,,,
pit_depth_um,B,A,ridge,proc_gkf,1,160,40,-0.2555358865336188,1.4102989395297274,2.210860837304424,0.32457786116322707,,,,
pit_depth_um,B,A,extratrees,proc_gkf,1,160,40,-1.5809679433962676,1.7443508078540646,3.1698458777860155,0.41437215674836425,,,,
peak_to_valley_p98p2_um,B,A,dummy,proc_gkf,1,160,40,-0.006971915054942546,4.403431424365938,7.141756499204444,,,,,
peak_to_valley_p98p2_um,B,A,ridge,proc_gkf,1,160,40,0.18764247146079738,3.421395049871392,6.414605680039491,0.33001876172607886,,,,
peak_to_valley_p98p2_um,B,A,extratrees,proc_gkf,1,160,40,0.14877323820900856,3.8196129925458537,6.56627389383663,0.3416510318949344,,,,
deepest_negative_residual_um,B,A,dummy,proc_gkf,1,160,40,-0.06211772543684124,1.4199187570181677,2.033448463135201,,,,,
deepest_negative_residual_um,B,A,ridge,proc_gkf,1,160,40,-0.2555358865336188,1.4102989395297274,2.210860837304424,0.32457786116322707,,,,
deepest_negative_residual_um,B,A,extratrees,proc_gkf,1,160,40,-1.5809679433962676,1.7443508078540646,3.1698458777860155,0.41437215674836425,,,,
rms_DCT_8_16_um,C,A,dummy,proc_gkf,1,160,40,-0.0014780416729684998,0.2999105472293914,0.43199484131857413,,,,,
rms_DCT_8_16_um,C,A,ridge,proc_gkf,1,160,40,0.12268893951503679,0.2799736504625545,0.4043287724896395,0.4455909943714822,,,,
rms_DCT_8_16_um,C,A,extratrees,proc_gkf,1,160,40,0.4613461210236951,0.2463862828774217,0.31682011028825446,0.7016885553470921,,,,
E_DCT_8_16_frac,C,A,dummy,proc_gkf,1,160,40,-0.1848663229977736,0.1856562402083618,0.22996809857311898,,,,,
E_DCT_8_16_frac,C,A,ridge,proc_gkf,1,160,40,0.3975215003156961,0.13229512945761576,0.1639848371948688,0.7165103189493434,,,,
E_DCT_8_16_frac,C,A,extratrees,proc_gkf,1,160,40,0.6757836391953815,0.10155313646565749,0.12029577649220466,0.7964352720450283,,,,
rms_DCT_16_32_um,C,A,dummy,proc_gkf,1,160,40,-0.030261401587794223,0.4041240057004927,0.5348533807375353,,,,,
rms_DCT_16_32_um,C,A,ridge,proc_gkf,1,160,40,0.4348115391196502,0.2932893222363586,0.396148188032144,0.4440900562851783,,,,
rms_DCT_16_32_um,C,A,extratrees,proc_gkf,1,160,40,0.4322397316878146,0.28259930584248355,0.3970484722379403,0.5176360225140713,,,,
E_DCT_16_32_frac,C,A,dummy,proc_gkf,1,160,40,-0.01686792677943383,0.09401099852372445,0.11341753969894412,,,,,
E_DCT_16_32_frac,C,A,ridge,proc_gkf,1,160,40,0.2683160124370827,0.07756334664852785,0.09620767577307203,0.6431519699812384,,,,
E_DCT_16_32_frac,C,A,extratrees,proc_gkf,1,160,40,0.2786335413910386,0.06543732385622025,0.09552695181326043,0.5504690431519701,,,,
rms_DCT_32_64_um,C,A,dummy,proc_gkf,1,160,40,-0.02857590044321756,0.4838442659433001,0.6571277422526195,,,,,
rms_DCT_32_64_um,C,A,ridge,proc_gkf,1,160,40,0.36858589505415784,0.34944995779294563,0.5148595463629448,0.37654784240150097,,,,
rms_DCT_32_64_um,C,A,extratrees,proc_gkf,1,160,40,0.3182487236784005,0.3462690246187591,0.5349887011707158,0.3545966228893059,,,,
E_DCT_32_64_frac,C,A,dummy,proc_gkf,1,160,40,-0.04502040563349152,0.07055792196009716,0.08234062364728802,,,,,
E_DCT_32_64_frac,C,A,ridge,proc_gkf,1,160,40,0.29695242255074406,0.049072300124400066,0.06753736690106302,0.5964352720450282,,,,
E_DCT_32_64_frac,C,A,extratrees,proc_gkf,1,160,40,0.1791461562972967,0.04932586173636862,0.07297677796389884,0.6298311444652909,,,,
rms_DCT_64_inf_um,C,A,dummy,proc_gkf,1,160,40,-0.01885687532021718,0.8382355006574486,1.408758228356906,,,,,
rms_DCT_64_inf_um,C,A,ridge,proc_gkf,1,160,40,0.10877602055681301,0.7065583971131322,1.317568814829674,0.31181988742964356,,,,
rms_DCT_64_inf_um,C,A,extratrees,proc_gkf,1,160,40,-0.016715668201855216,0.775028943338906,1.4072771421956394,0.26247654784240154,,,,
E_DCT_64_inf_frac,C,A,dummy,proc_gkf,1,160,40,-0.12520961928353969,0.21219822373811134,0.24283163096886418,,,,,
E_DCT_64_inf_frac,C,A,ridge,proc_gkf,1,160,40,0.17123268620489884,0.1651464851018281,0.20840342200667572,0.47110694183864926,,,,
E_DCT_64_inf_frac,C,A,extratrees,proc_gkf,1,160,40,-0.04669414106978054,0.17386343515849062,0.2342062256453477,0.40881801125703565,,,,
DCT_8_16_PC1,D,A,dummy,proc_gkf,1,160,40,-0.015401960333017328,25.956329856267132,55.77256226558719,,8_16,1.0,11.615484479503834,stable
DCT_8_16_PC1,D,A,ridge,proc_gkf,1,160,40,-0.032027190544264394,26.298413252284945,56.22729205566782,0.16003752345215763,8_16,1.0,11.615484479503834,stable
DCT_8_16_PC1,D,A,extratrees,proc_gkf,1,160,40,-0.12083648657997981,22.118009139395024,58.59664195976841,0.3789868667917449,8_16,1.0,11.615484479503834,stable
DCT_8_16_PC2,D,A,dummy,proc_gkf,1,160,40,-0.012985558851460688,6.540913842967822,9.37206248225706,,8_16,2.0,23.541327151554597,stable
DCT_8_16_PC2,D,A,ridge,proc_gkf,1,160,40,-0.18681573125929374,7.344135362398193,10.144372671367474,-0.008818011257035649,8_16,2.0,23.541327151554597,stable
DCT_8_16_PC2,D,A,extratrees,proc_gkf,1,160,40,-0.23480779576767907,6.754117567138602,10.347447452677153,0.006754221388367731,8_16,2.0,23.541327151554597,stable
DCT_8_16_PC3,D,A,dummy,proc_gkf,1,160,40,-0.00554166643565801,8.758518526672315,13.257784939216167,,8_16,3.0,70.4999775745203,unstable_pc
DCT_8_16_PC3,D,A,ridge,proc_gkf,1,160,40,-0.12599796661918528,10.290271882196523,14.029420662086814,-0.021951219512195124,8_16,3.0,70.4999775745203,unstable_pc
DCT_8_16_PC3,D,A,extratrees,proc_gkf,1,160,40,0.12735105483289966,8.861789563393485,12.350675700769836,0.18930581613508446,8_16,3.0,70.4999775745203,unstable_pc
DCT_16_32_PC1,D,A,dummy,proc_gkf,1,160,40,-8.01116663518009e-06,8.89489906533031,21.03993438308141,,16_32,1.0,56.41443907986967,unstable_pc
DCT_16_32_PC1,D,A,ridge,proc_gkf,1,160,40,-0.002886358769452757,9.212636610706348,21.07019250532282,0.03114446529080676,16_32,1.0,56.41443907986967,unstable_pc
DCT_16_32_PC1,D,A,extratrees,proc_gkf,1,160,40,-0.37755757098009846,12.784567267000691,24.694345520130792,-0.20018761726078801,16_32,1.0,56.41443907986967,unstable_pc
DCT_16_32_PC2,D,A,dummy,proc_gkf,1,160,40,-0.08657762630669885,11.064471275900601,25.765817704496293,,16_32,2.0,70.11182971783933,unstable_pc
DCT_16_32_PC2,D,A,ridge,proc_gkf,1,160,40,0.003089345278460831,11.859362132826659,24.67980190682409,0.3041275797373359,16_32,2.0,70.11182971783933,unstable_pc
DCT_16_32_PC2,D,A,extratrees,proc_gkf,1,160,40,0.02045839952154005,14.634098607525072,24.463860586164955,0.11988742964352721,16_32,2.0,70.11182971783933,unstable_pc
DCT_16_32_PC3,D,A,dummy,proc_gkf,1,160,40,-0.04841035584248932,9.463429002525938,20.30358158009055,,16_32,3.0,76.5204617906119,unstable_pc
DCT_16_32_PC3,D,A,ridge,proc_gkf,1,160,40,-0.049470329550942216,10.461094931282645,20.313842746261372,0.03714821763602252,16_32,3.0,76.5204617906119,unstable_pc
DCT_16_32_PC3,D,A,extratrees,proc_gkf,1,160,40,-0.8646826034971007,14.56165088272805,27.077556039537747,-0.2557223264540338,16_32,3.0,76.5204617906119,unstable_pc
DCT_32_64_PC1,D,A,dummy,proc_gkf,1,160,40,-0.01202909136521857,22.341334888675625,41.97015764176762,,32_64,1.0,17.058534463350725,stable
DCT_32_64_PC1,D,A,ridge,proc_gkf,1,160,40,0.03291340253758335,26.61246008364971,41.02766345292012,0.1307692307692308,32_64,1.0,17.058534463350725,stable
DCT_32_64_PC1,D,A,extratrees,proc_gkf,1,160,40,0.18611833508045628,17.72959426510106,37.63784370680816,0.026641651031894937,32_64,1.0,17.058534463350725,stable
DCT_32_64_PC2,D,A,dummy,proc_gkf,1,160,40,-0.26214989143842393,12.441550454090486,16.886588554692754,,32_64,2.0,50.91935562821732,unstable_pc
DCT_32_64_PC2,D,A,ridge,proc_gkf,1,160,40,-0.3820114707721751,11.858987211107316,17.670233097513357,-0.013320825515947468,32_64,2.0,50.91935562821732,unstable_pc
DCT_32_64_PC2,D,A,extratrees,proc_gkf,1,160,40,-4.488661372022057,22.777332819102032,35.21434975461582,-0.11388367729831146,32_64,2.0,50.91935562821732,unstable_pc
DCT_32_64_PC3,D,A,dummy,proc_gkf,1,160,40,-0.038002336442198414,12.61934779288564,22.370352675405034,,32_64,3.0,66.47291871955619,unstable_pc
DCT_32_64_PC3,D,A,ridge,proc_gkf,1,160,40,-0.3674545540685137,13.713992902607618,25.676162545222383,-0.12457786116322704,32_64,3.0,66.47291871955619,unstable_pc
DCT_32_64_PC3,D,A,extratrees,proc_gkf,1,160,40,-0.8220477926418335,17.502805239870234,29.638317603061278,-0.1831144465290807,32_64,3.0,66.47291871955619,unstable_pc
DCT_64_inf_PC1,D,A,dummy,proc_gkf,1,160,40,-0.1814384361142647,49.014658078639435,104.65075901129862,,64_inf,1.0,22.456688148896138,stable
DCT_64_inf_PC1,D,A,ridge,proc_gkf,1,160,40,-0.21060471023333727,46.39966246760658,105.93464469687632,0.0525328330206379,64_inf,1.0,22.456688148896138,stable
DCT_64_inf_PC1,D,A,extratrees,proc_gkf,1,160,40,-0.2985509418680068,48.59166650285945,109.71508159489457,0.08911819887429645,64_inf,1.0,22.456688148896138,stable
DCT_64_inf_PC2,D,A,dummy,proc_gkf,1,160,40,-0.0062371377028840325,38.37404142370828,80.69562517240483,,64_inf,2.0,30.96590256993431,stable
DCT_64_inf_PC2,D,A,ridge,proc_gkf,1,160,40,0.014764497851655012,49.64287895075643,79.84906700291234,0.08405253283302065,64_inf,2.0,30.96590256993431,stable
DCT_64_inf_PC2,D,A,extratrees,proc_gkf,1,160,40,0.4021648158085267,35.668670805598026,62.20002438626086,0.3033771106941839,64_inf,2.0,30.96590256993431,stable
DCT_64_inf_PC3,D,A,dummy,proc_gkf,1,160,40,-0.0003206562742543717,28.147769341671925,52.21784493471627,,64_inf,3.0,34.64351181293893,stable
DCT_64_inf_PC3,D,A,ridge,proc_gkf,1,160,40,-0.018933283362101427,31.13863053108319,52.701405801302904,0.326266416510319,64_inf,3.0,34.64351181293893,stable
DCT_64_inf_PC3,D,A,extratrees,proc_gkf,1,160,40,-0.5740538218897273,44.56655505616372,65.50268688160324,0.39080675422138844,64_inf,3.0,34.64351181293893,stable
median_depth_um,A,R,dummy,proc_gkf,1,160,40,-0.03994726345707722,18.72320753125,20.533332373546017,,,,,
median_depth_um,A,R,ridge,proc_gkf,1,160,40,0.7008182272580065,9.071077856441832,11.013398267680522,0.8589118198874298,,,,
median_depth_um,A,R,extratrees,proc_gkf,1,160,40,0.8552900456243482,4.136452875349204,7.659545180264514,0.9011257035647281,,,,
Sq_um,B,R,dummy,proc_gkf,1,160,40,-0.015155326981033168,1.1017977116045263,1.638220072057675,,,,,
Sq_um,B,R,ridge,proc_gkf,1,160,40,0.26913134910730296,1.0189779292058294,1.390034760835615,0.4251407129455911,,,,
Sq_um,B,R,extratrees,proc_gkf,1,160,40,-0.11163485688166608,1.0253582304146402,1.7143009741492516,0.49718574108818014,,,,
Sa_um,B,R,dummy,proc_gkf,1,160,40,-0.007641872003362193,0.6205926082132477,0.9679236879381905,,,,,
Sa_um,B,R,ridge,proc_gkf,1,160,40,0.2093141892712589,0.6123003011861112,0.8574128501144284,0.39118198874296445,,,,
Sa_um,B,R,extratrees,proc_gkf,1,160,40,0.014299610061137447,0.5569130575979729,0.9573273788651054,0.5136960600375235,,,,
Ssk_skewness,B,R,dummy,proc_gkf,1,160,40,-0.006907201414463993,1.569812526947106,2.268972596847116,,,,,
Ssk_skewness,B,R,ridge,proc_gkf,1,160,40,0.3058139370998748,1.2124653235097214,1.883963447483659,0.6048780487804878,,,,
Ssk_skewness,B,R,extratrees,proc_gkf,1,160,40,0.34675166241892075,1.1513477422490523,1.8275685840460434,0.42195121951219516,,,,
kurtosis_excess_fisher,B,R,dummy,proc_gkf,1,160,40,-0.010722162285946357,12.414732152327167,27.18779862141436,,,,,
kurtosis_excess_fisher,B,R,ridge,proc_gkf,1,160,40,0.1497694452162336,10.876613288607157,24.935983633592052,0.46960600375234535,,,,
kurtosis_excess_fisher,B,R,extratrees,proc_gkf,1,160,40,0.204269533943502,10.208118679764096,24.123545815370047,0.4425891181988743,,,,
grad_rms_um_per_um,B,R,dummy,proc_gkf,1,160,40,-0.0003955257258947409,0.310630914014722,0.41844642945704974,,,,,
grad_rms_um_per_um,B,R,ridge,proc_gkf,1,160,40,0.18197131547552192,0.2735065531282945,0.3783887906524345,0.5048780487804879,,,,
grad_rms_um_per_um,B,R,extratrees,proc_gkf,1,160,40,0.37883500224523925,0.22801778186934668,0.3297292569251201,0.5744840525328331,,,,
lap_rms_um_per_px2,B,R,dummy,proc_gkf,1,160,40,-0.0007789928625041576,0.14649383497605498,0.19601270384221794,,,,,
lap_rms_um_per_px2,B,R,ridge,proc_gkf,1,160,40,0.08162805342099355,0.1426628653968613,0.18776923358385442,0.3660412757973734,,,,
lap_rms_um_per_px2,B,R,extratrees,proc_gkf,1,160,40,0.2206856100354322,0.12014262455881657,0.17297027541406187,0.44859287054409014,,,,
acf_e_fold_lag_um,B,R,dummy,proc_gkf,1,160,40,-0.015619455343654609,7.252812499999999,7.9124728475047545,,,,,
acf_e_fold_lag_um,B,R,ridge,proc_gkf,1,160,40,0.28227311301066405,5.86008200853535,6.651603217958303,0.5230253899992737,,,,
acf_e_fold_lag_um,B,R,extratrees,proc_gkf,1,160,40,0.10901643543673312,5.997150476190477,7.411081228321191,0.34805646456786193,,,,
aniso_gradx_over_y,B,R,dummy,proc_gkf,1,160,40,-0.0427560168265555,0.5115478401537732,0.7047050868949498,,,,,
aniso_gradx_over_y,B,R,ridge,proc_gkf,1,160,40,0.20712147269427694,0.45624921934605106,0.6144964559238227,0.5418386491557223,,,,
aniso_gradx_over_y,B,R,extratrees,proc_gkf,1,160,40,0.24488812961298845,0.45107698681119857,0.5996829522926391,0.6322701688555348,,,,
pit_density_per_Mpx,B,R,dummy,proc_gkf,1,160,40,-1.353176028775105,6152.587890625,6603.220082585516,,,,,
pit_density_per_Mpx,B,R,ridge,proc_gkf,1,160,40,-4.497482450176193,8029.021595447365,10092.77264764167,0.3539407916804801,,,,
pit_density_per_Mpx,B,R,extratrees,proc_gkf,1,160,40,-25.613689582987742,11617.756608254484,22206.550821280303,0.09090909288523671,,,,
pit_depth_um,B,R,dummy,proc_gkf,1,160,40,-0.06211772543684124,1.4199187570181677,2.033448463135201,,,,,
pit_depth_um,B,R,ridge,proc_gkf,1,160,40,-0.1575224531004198,1.6276302755177547,2.1228120954997034,0.2964352720450282,,,,
pit_depth_um,B,R,extratrees,proc_gkf,1,160,40,0.01193203518617958,1.2591678918841953,1.9612829409985753,0.45703564727954976,,,,
peak_to_valley_p98p2_um,B,R,dummy,proc_gkf,1,160,40,-0.006971915054942546,4.403431424365938,7.141756499204444,,,,,
peak_to_valley_p98p2_um,B,R,ridge,proc_gkf,1,160,40,0.28876392191750977,3.892244002404412,6.002100304771393,0.46979362101313327,,,,
peak_to_valley_p98p2_um,B,R,extratrees,proc_gkf,1,160,40,0.13370041911567054,3.5939156790091618,6.624153867683975,0.5298311444652909,,,,
deepest_negative_residual_um,B,R,dummy,proc_gkf,1,160,40,-0.06211772543684124,1.4199187570181677,2.033448463135201,,,,,
deepest_negative_residual_um,B,R,ridge,proc_gkf,1,160,40,-0.1575224531004198,1.6276302755177547,2.1228120954997034,0.2964352720450282,,,,
deepest_negative_residual_um,B,R,extratrees,proc_gkf,1,160,40,0.01193203518617958,1.2591678918841955,1.9612829409985753,0.45703564727954976,,,,
rms_DCT_8_16_um,C,R,dummy,proc_gkf,1,160,40,-0.0014780416729684998,0.2999105472293914,0.43199484131857413,,,,,
rms_DCT_8_16_um,C,R,ridge,proc_gkf,1,160,40,0.14653826493544497,0.27304219464935653,0.3987951538564956,0.5709193245778612,,,,
rms_DCT_8_16_um,C,R,extratrees,proc_gkf,1,160,40,0.24517212660009013,0.25062406829346073,0.3750436437643448,0.5636022514071295,,,,
E_DCT_8_16_frac,C,R,dummy,proc_gkf,1,160,40,-0.1848663229977736,0.1856562402083618,0.22996809857311898,,,,,
E_DCT_8_16_frac,C,R,ridge,proc_gkf,1,160,40,-0.2655546436479719,0.1760834340771402,0.23766945336489617,0.31313320825515956,,,,
E_DCT_8_16_frac,C,R,extratrees,proc_gkf,1,160,40,0.04076177687110205,0.17167210009712802,0.20691699108442416,0.41613508442776737,,,,
rms_DCT_16_32_um,C,R,dummy,proc_gkf,1,160,40,-0.030261401587794223,0.4041240057004927,0.5348533807375353,,,,,
rms_DCT_16_32_um,C,R,ridge,proc_gkf,1,160,40,0.3331817026301098,0.31867601909273835,0.4302934990085938,0.677298311444653,,,,
rms_DCT_16_32_um,C,R,extratrees,proc_gkf,1,160,40,0.5910292560673037,0.24834136463838496,0.33698234745173417,0.6288930581613509,,,,
E_DCT_16_32_frac,C,R,dummy,proc_gkf,1,160,40,-0.01686792677943383,0.09401099852372445,0.11341753969894412,,,,,
E_DCT_16_32_frac,C,R,ridge,proc_gkf,1,160,40,0.19623397622537408,0.07428447174905385,0.10083534057723367,0.5180112570356473,,,,
E_DCT_16_32_frac,C,R,extratrees,proc_gkf,1,160,40,0.16415455673060086,0.0739051978078302,0.10282789302100717,0.48536585365853663,,,,
rms_DCT_32_64_um,C,R,dummy,proc_gkf,1,160,40,-0.02857590044321756,0.4838442659433001,0.6571277422526195,,,,,
rms_DCT_32_64_um,C,R,ridge,proc_gkf,1,160,40,0.36280158522465533,0.4126783823026795,0.5172124536334245,0.3737335834896811,,,,
rms_DCT_32_64_um,C,R,extratrees,proc_gkf,1,160,40,0.1709027310730079,0.37320541388652995,0.5899760370992427,0.4135084427767355,,,,
E_DCT_32_64_frac,C,R,dummy,proc_gkf,1,160,40,-0.04502040563349152,0.07055792196009716,0.08234062364728802,,,,,
E_DCT_32_64_frac,C,R,ridge,proc_gkf,1,160,40,0.0284299377382915,0.05828210480394804,0.079394209446916,0.49699812382739217,,,,
E_DCT_32_64_frac,C,R,extratrees,proc_gkf,1,160,40,-0.1285129645691594,0.060959481883251364,0.0855667511933045,0.4902439024390245,,,,
rms_DCT_64_inf_um,C,R,dummy,proc_gkf,1,160,40,-0.01885687532021718,0.8382355006574486,1.408758228356906,,,,,
rms_DCT_64_inf_um,C,R,ridge,proc_gkf,1,160,40,0.17038232119547392,0.8753106085618946,1.271214607057664,0.2686679174484053,,,,
rms_DCT_64_inf_um,C,R,extratrees,proc_gkf,1,160,40,-0.42615936567687007,0.9476535065740398,1.6667248272532678,0.2305816135084428,,,,
E_DCT_64_inf_frac,C,R,dummy,proc_gkf,1,160,40,-0.12520961928353969,0.21219822373811134,0.24283163096886418,,,,,
E_DCT_64_inf_frac,C,R,ridge,proc_gkf,1,160,40,-0.5841797401149267,0.23083464456414995,0.28813151720689106,0.36435272045028144,,,,
E_DCT_64_inf_frac,C,R,extratrees,proc_gkf,1,160,40,-0.4702934731635837,0.21852740511867957,0.27758152240617445,0.04146535958405637,,,,
DCT_8_16_PC1,D,R,dummy,proc_gkf,1,160,40,-0.015401960333017328,25.956329856267132,55.77256226558719,,8_16,1.0,11.615484479503834,stable
DCT_8_16_PC1,D,R,ridge,proc_gkf,1,160,40,-0.025782359882847494,26.175077509858124,56.056917326917,0.028142589118198877,8_16,1.0,11.615484479503834,stable
DCT_8_16_PC1,D,R,extratrees,proc_gkf,1,160,40,-0.229121508334297,37.06611188734364,61.36192951583498,0.0602251407129456,8_16,1.0,11.615484479503834,stable
DCT_8_16_PC2,D,R,dummy,proc_gkf,1,160,40,-0.012985558851460688,6.540913842967822,9.37206248225706,,8_16,2.0,23.541327151554597,stable
DCT_8_16_PC2,D,R,ridge,proc_gkf,1,160,40,-0.025768366787667363,6.715593744263771,9.431009867148392,0.16210131332082556,8_16,2.0,23.541327151554597,stable
DCT_8_16_PC2,D,R,extratrees,proc_gkf,1,160,40,-0.5600788771198566,7.900559716456746,11.630726053894168,0.22945590994371484,8_16,2.0,23.541327151554597,stable
DCT_8_16_PC3,D,R,dummy,proc_gkf,1,160,40,-0.00554166643565801,8.758518526672315,13.257784939216167,,8_16,3.0,70.4999775745203,unstable_pc
DCT_8_16_PC3,D,R,ridge,proc_gkf,1,160,40,-0.14294407779624474,10.330675049620492,14.134596823069241,-0.05065666041275797,8_16,3.0,70.4999775745203,unstable_pc
DCT_8_16_PC3,D,R,extratrees,proc_gkf,1,160,40,-0.9541045797391301,10.999600027865426,18.481824229327685,0.15290806754221392,8_16,3.0,70.4999775745203,unstable_pc
DCT_16_32_PC1,D,R,dummy,proc_gkf,1,160,40,-8.01116663518009e-06,8.89489906533031,21.03993438308141,,16_32,1.0,56.41443907986967,unstable_pc
DCT_16_32_PC1,D,R,ridge,proc_gkf,1,160,40,0.016988358614339116,9.1080240066732,20.860368306436015,-0.21407129455909946,16_32,1.0,56.41443907986967,unstable_pc
DCT_16_32_PC1,D,R,extratrees,proc_gkf,1,160,40,-0.2032530501719032,12.751965480566131,23.07922000274199,0.34652908067542215,16_32,1.0,56.41443907986967,unstable_pc
DCT_16_32_PC2,D,R,dummy,proc_gkf,1,160,40,-0.08657762630669885,11.064471275900601,25.765817704496293,,16_32,2.0,70.11182971783933,unstable_pc
DCT_16_32_PC2,D,R,ridge,proc_gkf,1,160,40,0.08477782572381154,10.701851306585354,23.647041718967973,0.3746716697936211,16_32,2.0,70.11182971783933,unstable_pc
DCT_16_32_PC2,D,R,extratrees,proc_gkf,1,160,40,-1.0953667966671294,20.684889702167855,35.780267207188274,0.009756097560975611,16_32,2.0,70.11182971783933,unstable_pc
DCT_16_32_PC3,D,R,dummy,proc_gkf,1,160,40,-0.04841035584248932,9.463429002525938,20.30358158009055,,16_32,3.0,76.5204617906119,unstable_pc
DCT_16_32_PC3,D,R,ridge,proc_gkf,1,160,40,0.03125620572128329,9.0939942458245,19.51692847313563,0.2281425891181989,16_32,3.0,76.5204617906119,unstable_pc
DCT_16_32_PC3,D,R,extratrees,proc_gkf,1,160,40,-0.009052425444835643,11.55696642872284,19.918832018670408,0.003564727954971858,16_32,3.0,76.5204617906119,unstable_pc
DCT_32_64_PC1,D,R,dummy,proc_gkf,1,160,40,-0.01202909136521857,22.341334888675625,41.97015764176762,,32_64,1.0,17.058534463350725,stable
DCT_32_64_PC1,D,R,ridge,proc_gkf,1,160,40,0.058411456250095806,22.68313783173858,40.48318610527593,-0.18592870544090057,32_64,1.0,17.058534463350725,stable
DCT_32_64_PC1,D,R,extratrees,proc_gkf,1,160,40,-1.0793039674571214,31.76938684143615,60.15934417930547,-0.1397748592870544,32_64,1.0,17.058534463350725,stable
DCT_32_64_PC2,D,R,dummy,proc_gkf,1,160,40,-0.26214989143842393,12.441550454090486,16.886588554692754,,32_64,2.0,50.91935562821732,unstable_pc
DCT_32_64_PC2,D,R,ridge,proc_gkf,1,160,40,-0.8804667646210569,12.121572998145751,20.61195975120148,0.0011257035647279552,32_64,2.0,50.91935562821732,unstable_pc
DCT_32_64_PC2,D,R,extratrees,proc_gkf,1,160,40,-14.435535817720353,32.73619832366178,59.0537266745196,0.026641651031894937,32_64,2.0,50.91935562821732,unstable_pc
DCT_32_64_PC3,D,R,dummy,proc_gkf,1,160,40,-0.038002336442198414,12.61934779288564,22.370352675405034,,32_64,3.0,66.47291871955619,unstable_pc
DCT_32_64_PC3,D,R,ridge,proc_gkf,1,160,40,-0.17171704402525423,13.459883980979333,23.7675840860282,-0.21538461538461542,32_64,3.0,66.47291871955619,unstable_pc
DCT_32_64_PC3,D,R,extratrees,proc_gkf,1,160,40,-1.4762101893713262,18.94697605075152,34.55154075191426,-0.11838649155722329,32_64,3.0,66.47291871955619,unstable_pc
DCT_64_inf_PC1,D,R,dummy,proc_gkf,1,160,40,-0.1814384361142647,49.014658078639435,104.65075901129862,,64_inf,1.0,22.456688148896138,stable
DCT_64_inf_PC1,D,R,ridge,proc_gkf,1,160,40,-0.3940313620037963,50.95106447814783,113.67713166584966,-0.2178236397748593,64_inf,1.0,22.456688148896138,stable
DCT_64_inf_PC1,D,R,extratrees,proc_gkf,1,160,40,-1.8768096823408844,90.914277191143,163.30233722366094,-0.19230769230769232,64_inf,1.0,22.456688148896138,stable
DCT_64_inf_PC2,D,R,dummy,proc_gkf,1,160,40,-0.0062371377028840325,38.37404142370828,80.69562517240483,,64_inf,2.0,30.96590256993431,stable
DCT_64_inf_PC2,D,R,ridge,proc_gkf,1,160,40,-0.07577337893412417,47.10450253185172,83.43729500884245,0.16247654784240154,64_inf,2.0,30.96590256993431,stable
DCT_64_inf_PC2,D,R,extratrees,proc_gkf,1,160,40,-0.18302604898919506,56.43105105031458,87.49776772030478,0.19549718574108818,64_inf,2.0,30.96590256993431,stable
DCT_64_inf_PC3,D,R,dummy,proc_gkf,1,160,40,-0.0003206562742543717,28.147769341671925,52.21784493471627,,64_inf,3.0,34.64351181293893,stable
DCT_64_inf_PC3,D,R,ridge,proc_gkf,1,160,40,-0.35305639628530283,41.23321601263568,60.73055850406954,0.11726078799249533,64_inf,3.0,34.64351181293893,stable
DCT_64_inf_PC3,D,R,extratrees,proc_gkf,1,160,40,-0.10461012190291674,29.81312512268272,54.87238474997234,0.39324577861163235,64_inf,3.0,34.64351181293893,stable
median_depth_um,A,C,dummy,proc_gkf,1,160,40,-0.03994726345707722,18.72320753125,20.533332373546017,,,,,
median_depth_um,A,C,ridge,proc_gkf,1,160,40,0.8689827168933424,5.789239231609167,7.288162940792719,0.9461538461538462,,,,
median_depth_um,A,C,extratrees,proc_gkf,1,160,40,0.9716815404785833,2.2902919163333464,3.388352549834127,0.9602251407129457,,,,
Sq_um,B,C,dummy,proc_gkf,1,160,40,-0.015155326981033168,1.1017977116045263,1.638220072057675,,,,,
Sq_um,B,C,ridge,proc_gkf,1,160,40,0.2222742170619344,0.9341446872386452,1.4339012462518015,0.3388367729831145,,,,
Sq_um,B,C,extratrees,proc_gkf,1,160,40,0.16056556001511957,0.9180591717501244,1.489701947282686,0.35347091932457797,,,,
Sa_um,B,C,dummy,proc_gkf,1,160,40,-0.007641872003362193,0.6205926082132477,0.9679236879381905,,,,,
Sa_um,B,C,ridge,proc_gkf,1,160,40,0.06560103300923059,0.6166643386957521,0.9320821483141062,0.26228893058161357,,,,
Sa_um,B,C,extratrees,proc_gkf,1,160,40,-0.0011669233528182055,0.604491940870002,0.9648088130350534,0.3298311444652908,,,,
Ssk_skewness,B,C,dummy,proc_gkf,1,160,40,-0.006907201414463993,1.569812526947106,2.268972596847116,,,,,
Ssk_skewness,B,C,ridge,proc_gkf,1,160,40,0.3155234607167159,1.2210350830499161,1.8707416303261557,0.5953095684803003,,,,
Ssk_skewness,B,C,extratrees,proc_gkf,1,160,40,0.35547413271749795,1.1424184292855717,1.8153263152085264,0.4470919324577862,,,,
kurtosis_excess_fisher,B,C,dummy,proc_gkf,1,160,40,-0.010722162285946357,12.414732152327167,27.18779862141436,,,,,
kurtosis_excess_fisher,B,C,ridge,proc_gkf,1,160,40,0.14839313036802182,10.856121898329212,24.956158094945582,0.4660412757973735,,,,
kurtosis_excess_fisher,B,C,extratrees,proc_gkf,1,160,40,0.2211779328794342,10.958822941583623,23.865870200376413,0.48592870544090067,,,,
grad_rms_um_per_um,B,C,dummy,proc_gkf,1,160,40,-0.0003955257258947409,0.310630914014722,0.41844642945704974,,,,,
grad_rms_um_per_um,B,C,ridge,proc_gkf,1,160,40,0.1712648753107241,0.2902266078002894,0.3808569359928309,0.47579737335834904,,,,
grad_rms_um_per_um,B,C,extratrees,proc_gkf,1,160,40,0.3853987321527569,0.2551637935734879,0.3279825378463565,0.5502814258911821,,,,
lap_rms_um_per_px2,B,C,dummy,proc_gkf,1,160,40,-0.0007789928625041576,0.14649383497605498,0.19601270384221794,,,,,
lap_rms_um_per_px2,B,C,ridge,proc_gkf,1,160,40,0.02653400459224342,0.13957536600038595,0.1933194371226456,0.26491557223264545,,,,
lap_rms_um_per_px2,B,C,extratrees,proc_gkf,1,160,40,0.21360649356486583,0.1220091539442317,0.17375411091233048,0.4082551594746718,,,,
acf_e_fold_lag_um,B,C,dummy,proc_gkf,1,160,40,-0.015619455343654609,7.252812499999999,7.9124728475047545,,,,,
acf_e_fold_lag_um,B,C,ridge,proc_gkf,1,160,40,0.2834939216479535,5.429373297765347,6.6459438294130155,0.5411807677456513,,,,
acf_e_fold_lag_um,B,C,extratrees,proc_gkf,1,160,40,0.36854835980753975,4.6663994295634925,6.239025701372698,0.5023301407546981,,,,
aniso_gradx_over_y,B,C,dummy,proc_gkf,1,160,40,-0.0427560168265555,0.5115478401537732,0.7047050868949498,,,,,
aniso_gradx_over_y,B,C,ridge,proc_gkf,1,160,40,0.46416082289409266,0.38367709803795486,0.5051650380444447,0.7469043151969983,,,,
aniso_gradx_over_y,B,C,extratrees,proc_gkf,1,160,40,0.2715209837578533,0.4257019354817876,0.5890125895115552,0.7472795497185742,,,,
pit_density_per_Mpx,B,C,dummy,proc_gkf,1,160,40,-1.353176028775105,6152.587890625,6603.220082585516,,,,,
pit_density_per_Mpx,B,C,ridge,proc_gkf,1,160,40,-2.1981021157059413,5878.008426431982,7697.943653515867,0.4050250296549824,,,,
pit_density_per_Mpx,B,C,extratrees,proc_gkf,1,160,40,-22.808792838688785,10769.764632584212,21003.769937105706,0.2657422910142986,,,,
pit_depth_um,B,C,dummy,proc_gkf,1,160,40,-0.06211772543684124,1.4199187570181677,2.033448463135201,,,,,
pit_depth_um,B,C,ridge,proc_gkf,1,160,40,-0.42662466210235706,1.6255710386212243,2.3566859095780774,0.3136960600375235,,,,
pit_depth_um,B,C,extratrees,proc_gkf,1,160,40,-1.0598948989112862,1.7752337873208357,2.8318443078333386,0.36416510318949347,,,,
peak_to_valley_p98p2_um,B,C,dummy,proc_gkf,1,160,40,-0.006971915054942546,4.403431424365938,7.141756499204444,,,,,
peak_to_valley_p98p2_um,B,C,ridge,proc_gkf,1,160,40,0.2597636213209661,3.6430220189044262,6.123244089109041,0.4127579737335835,,,,
peak_to_valley_p98p2_um,B,C,extratrees,proc_gkf,1,160,40,0.1374112417130886,3.7822102727953633,6.609951252112207,0.40956848030018767,,,,
deepest_negative_residual_um,B,C,dummy,proc_gkf,1,160,40,-0.06211772543684124,1.4199187570181677,2.033448463135201,,,,,
deepest_negative_residual_um,B,C,ridge,proc_gkf,1,160,40,-0.42662466210235706,1.6255710386212243,2.3566859095780774,0.3136960600375235,,,,
deepest_negative_residual_um,B,C,extratrees,proc_gkf,1,160,40,-1.0598948989112857,1.7752337873208357,2.831844307833338,0.36416510318949347,,,,
rms_DCT_8_16_um,C,C,dummy,proc_gkf,1,160,40,-0.0014780416729684998,0.2999105472293914,0.43199484131857413,,,,,
rms_DCT_8_16_um,C,C,ridge,proc_gkf,1,160,40,0.17202833903219394,0.276359761209482,0.39279466563334775,0.5819887429643528,,,,
rms_DCT_8_16_um,C,C,extratrees,proc_gkf,1,160,40,0.45722348953800784,0.24580215555096752,0.3180302036181178,0.7054409005628518,,,,
E_DCT_8_16_frac,C,C,dummy,proc_gkf,1,160,40,-0.1848663229977736,0.1856562402083618,0.22996809857311898,,,,,
E_DCT_8_16_frac,C,C,ridge,proc_gkf,1,160,40,0.4286086443978576,0.1308618141428932,0.15969810006622018,0.7409005628517824,,,,
E_DCT_8_16_frac,C,C,extratrees,proc_gkf,1,160,40,0.6802583321967173,0.10265886896310628,0.11946275730739857,0.7793621013133208,,,,
rms_DCT_16_32_um,C,C,dummy,proc_gkf,1,160,40,-0.030261401587794223,0.4041240057004927,0.5348533807375353,,,,,
rms_DCT_16_32_um,C,C,ridge,proc_gkf,1,160,40,0.41464921406628086,0.30884876813803636,0.40315229224515003,0.6804878048780489,,,,
rms_DCT_16_32_um,C,C,extratrees,proc_gkf,1,160,40,0.5241469828975129,0.2768966184932199,0.3634941653820807,0.5363977485928706,,,,
E_DCT_16_32_frac,C,C,dummy,proc_gkf,1,160,40,-0.01686792677943383,0.09401099852372445,0.11341753969894412,,,,,
E_DCT_16_32_frac,C,C,ridge,proc_gkf,1,160,40,0.22739441665143412,0.07541357815359803,0.09886142556356738,0.6326454033771107,,,,
E_DCT_16_32_frac,C,C,extratrees,proc_gkf,1,160,40,0.23399228809358352,0.06880296855319849,0.09843839372325215,0.5219512195121951,,,,
rms_DCT_32_64_um,C,C,dummy,proc_gkf,1,160,40,-0.02857590044321756,0.4838442659433001,0.6571277422526195,,,,,
rms_DCT_32_64_um,C,C,ridge,proc_gkf,1,160,40,0.3970392276339203,0.37594148414267825,0.5031253031400681,0.44484052532833024,,,,
rms_DCT_32_64_um,C,C,extratrees,proc_gkf,1,160,40,0.3881399389684095,0.3520160347949666,0.5068245960846343,0.40881801125703565,,,,
E_DCT_32_64_frac,C,C,dummy,proc_gkf,1,160,40,-0.04502040563349152,0.07055792196009716,0.08234062364728802,,,,,
E_DCT_32_64_frac,C,C,ridge,proc_gkf,1,160,40,0.07933013240480125,0.05280045701188869,0.07728651620875154,0.5810506566604129,,,,
E_DCT_32_64_frac,C,C,extratrees,proc_gkf,1,160,40,0.0914860120319737,0.051573525228706084,0.07677460236153172,0.604502814258912,,,,
rms_DCT_64_inf_um,C,C,dummy,proc_gkf,1,160,40,-0.01885687532021718,0.8382355006574486,1.408758228356906,,,,,
rms_DCT_64_inf_um,C,C,ridge,proc_gkf,1,160,40,0.15000144983478203,0.7117995076964314,1.286734566713407,0.3536585365853659,,,,
rms_DCT_64_inf_um,C,C,extratrees,proc_gkf,1,160,40,-0.1752456047052129,0.869045486478359,1.5130183433871252,0.2819887429643528,,,,
E_DCT_64_inf_frac,C,C,dummy,proc_gkf,1,160,40,-0.12520961928353969,0.21219822373811134,0.24283163096886418,,,,,
E_DCT_64_inf_frac,C,C,ridge,proc_gkf,1,160,40,0.052483632665675684,0.17373299524288172,0.22283422720830745,0.501688555347092,,,,
E_DCT_64_inf_frac,C,C,extratrees,proc_gkf,1,160,40,-0.02016863203405861,0.17319018497897773,0.23121953399362974,0.43283302063789875,,,,
DCT_8_16_PC1,D,C,dummy,proc_gkf,1,160,40,-0.015401960333017328,25.956329856267132,55.77256226558719,,8_16,1.0,11.615484479503834,stable
DCT_8_16_PC1,D,C,ridge,proc_gkf,1,160,40,-0.03797445185927395,26.54252294541966,56.38906978101149,0.14090056285178237,8_16,1.0,11.615484479503834,stable
DCT_8_16_PC1,D,C,extratrees,proc_gkf,1,160,40,-0.0016862768089900282,22.10992352967874,55.394603764699774,0.2409005628517824,8_16,1.0,11.615484479503834,stable
DCT_8_16_PC2,D,C,dummy,proc_gkf,1,160,40,-0.012985558851460688,6.540913842967822,9.37206248225706,,8_16,2.0,23.541327151554597,stable
DCT_8_16_PC2,D,C,ridge,proc_gkf,1,160,40,-0.19280565215374001,7.42003113405583,10.169940040985333,0.0,8_16,2.0,23.541327151554597,stable
DCT_8_16_PC2,D,C,extratrees,proc_gkf,1,160,40,-0.12410445172923223,6.609447121248633,9.872721408601793,0.20469043151969987,8_16,2.0,23.541327151554597,stable
DCT_8_16_PC3,D,C,dummy,proc_gkf,1,160,40,-0.00554166643565801,8.758518526672315,13.257784939216167,,8_16,3.0,70.4999775745203,unstable_pc
DCT_8_16_PC3,D,C,ridge,proc_gkf,1,160,40,-0.13455490503614098,10.280629363109815,14.082627541248412,-0.041275797373358354,8_16,3.0,70.4999775745203,unstable_pc
DCT_8_16_PC3,D,C,extratrees,proc_gkf,1,160,40,0.12711331821160488,8.455897731828394,12.352357939645383,0.20900562851782367,8_16,3.0,70.4999775745203,unstable_pc
DCT_16_32_PC1,D,C,dummy,proc_gkf,1,160,40,-8.01116663518009e-06,8.89489906533031,21.03993438308141,,16_32,1.0,56.41443907986967,unstable_pc
DCT_16_32_PC1,D,C,ridge,proc_gkf,1,160,40,-0.014016694387356532,9.910580857648759,21.186791564241805,-0.054221388367729835,16_32,1.0,56.41443907986967,unstable_pc
DCT_16_32_PC1,D,C,extratrees,proc_gkf,1,160,40,-0.7044189980987954,14.726287224276627,27.468239450754034,-0.2086303939962477,16_32,1.0,56.41443907986967,unstable_pc
DCT_16_32_PC2,D,C,dummy,proc_gkf,1,160,40,-0.08657762630669885,11.064471275900601,25.765817704496293,,16_32,2.0,70.11182971783933,unstable_pc
DCT_16_32_PC2,D,C,ridge,proc_gkf,1,160,40,0.10539459705898535,11.246111647422703,23.37918185050862,0.450844277673546,16_32,2.0,70.11182971783933,unstable_pc
DCT_16_32_PC2,D,C,extratrees,proc_gkf,1,160,40,-0.3969724764208127,16.19632955075918,29.215106611356088,0.13883677298311448,16_32,2.0,70.11182971783933,unstable_pc
DCT_16_32_PC3,D,C,dummy,proc_gkf,1,160,40,-0.04841035584248932,9.463429002525938,20.30358158009055,,16_32,3.0,76.5204617906119,unstable_pc
DCT_16_32_PC3,D,C,ridge,proc_gkf,1,160,40,-0.018952913453546882,10.255753513541924,20.016311981489444,0.11125703564727957,16_32,3.0,76.5204617906119,unstable_pc
DCT_16_32_PC3,D,C,extratrees,proc_gkf,1,160,40,-0.41359406496206397,13.081249532901136,23.57595860580958,0.006941838649155724,16_32,3.0,76.5204617906119,unstable_pc
DCT_32_64_PC1,D,C,dummy,proc_gkf,1,160,40,-0.01202909136521857,22.341334888675625,41.97015764176762,,32_64,1.0,17.058534463350725,stable
DCT_32_64_PC1,D,C,ridge,proc_gkf,1,160,40,-0.11245621575722531,27.317088756836938,44.00333224084137,-0.01876172607879925,32_64,1.0,17.058534463350725,stable
DCT_32_64_PC1,D,C,extratrees,proc_gkf,1,160,40,0.07298439409880098,21.046214822165318,40.16868594987606,0.052720450281425905,32_64,1.0,17.058534463350725,stable
DCT_32_64_PC2,D,C,dummy,proc_gkf,1,160,40,-0.26214989143842393,12.441550454090486,16.886588554692754,,32_64,2.0,50.91935562821732,unstable_pc
DCT_32_64_PC2,D,C,ridge,proc_gkf,1,160,40,-0.9463683421163049,13.775593287954248,20.970026088384376,-0.06866791744840527,32_64,2.0,50.91935562821732,unstable_pc
DCT_32_64_PC2,D,C,extratrees,proc_gkf,1,160,40,-13.053758311595658,33.408202285841725,56.34854351214735,-0.13433395872420265,32_64,2.0,50.91935562821732,unstable_pc
DCT_32_64_PC3,D,C,dummy,proc_gkf,1,160,40,-0.038002336442198414,12.61934779288564,22.370352675405034,,32_64,3.0,66.47291871955619,unstable_pc
DCT_32_64_PC3,D,C,ridge,proc_gkf,1,160,40,-0.37953807486584834,14.157772086701831,25.789356820916833,-0.1607879924953096,32_64,3.0,66.47291871955619,unstable_pc
DCT_32_64_PC3,D,C,extratrees,proc_gkf,1,160,40,-0.9003961771948599,17.372625710551652,30.26883733488107,-0.015196998123827393,32_64,3.0,66.47291871955619,unstable_pc
DCT_64_inf_PC1,D,C,dummy,proc_gkf,1,160,40,-0.1814384361142647,49.014658078639435,104.65075901129862,,64_inf,1.0,22.456688148896138,stable
DCT_64_inf_PC1,D,C,ridge,proc_gkf,1,160,40,-0.33688898738590867,48.61285737886699,111.32289902952452,-0.004502814258911821,64_inf,1.0,22.456688148896138,stable
DCT_64_inf_PC1,D,C,extratrees,proc_gkf,1,160,40,-0.3285789911462731,54.38989721271908,110.97637252565505,0.012570356472795498,64_inf,1.0,22.456688148896138,stable
DCT_64_inf_PC2,D,C,dummy,proc_gkf,1,160,40,-0.0062371377028840325,38.37404142370828,80.69562517240483,,64_inf,2.0,30.96590256993431,stable
DCT_64_inf_PC2,D,C,ridge,proc_gkf,1,160,40,-0.025571626536664782,52.93708542324091,81.4672052715929,0.12101313320825517,64_inf,2.0,30.96590256993431,stable
DCT_64_inf_PC2,D,C,extratrees,proc_gkf,1,160,40,0.337532116511182,43.975127646692144,65.47601413429939,0.2532833020637899,64_inf,2.0,30.96590256993431,stable
DCT_64_inf_PC3,D,C,dummy,proc_gkf,1,160,40,-0.0003206562742543717,28.147769341671925,52.21784493471627,,64_inf,3.0,34.64351181293893,stable
DCT_64_inf_PC3,D,C,ridge,proc_gkf,1,160,40,-0.3786826384183428,38.12420868595509,61.3029648323805,0.2307692307692308,64_inf,3.0,34.64351181293893,stable
DCT_64_inf_PC3,D,C,extratrees,proc_gkf,1,160,40,-0.430668269766064,42.006330006104314,62.448038024153355,0.3356472795497186,64_inf,3.0,34.64351181293893,stable
median_depth_um,A,A,dummy,proc_gkf,2,160,40,-0.06896283690871163,16.79475825,19.25496168525373,,,,,
median_depth_um,A,A,ridge,proc_gkf,2,160,40,0.4131473398803074,12.298245549144488,14.266777692552203,0.6455909943714823,,,,
median_depth_um,A,A,extratrees,proc_gkf,2,160,40,0.8263583952662127,5.946601676914085,7.760474043655074,0.9157598499061914,,,,
Sq_um,B,A,dummy,proc_gkf,2,160,40,-0.03527790734691383,1.3249248953130444,2.111114471994075,,,,,
Sq_um,B,A,ridge,proc_gkf,2,160,40,0.07281911132241548,1.2940962504678497,1.9978622705945743,0.44165103189493443,,,,
Sq_um,B,A,extratrees,proc_gkf,2,160,40,-0.014188565865894232,1.2071636160820458,2.0895013915281955,0.4981238273921202,,,,
Sa_um,B,A,dummy,proc_gkf,2,160,40,-0.04206721312886419,0.7562186598415261,1.2035070060259905,,,,,
Sa_um,B,A,ridge,proc_gkf,2,160,40,0.17294001783244428,0.6696300356895295,1.072183848717045,0.6163227016885554,,,,
Sa_um,B,A,extratrees,proc_gkf,2,160,40,0.05206493227988751,0.6447993535045272,1.1478629858547624,0.5240150093808631,,,,
Ssk_skewness,B,A,dummy,proc_gkf,2,160,40,-0.002192492805450863,1.3149953018282599,1.7487850185417728,,,,,
Ssk_skewness,B,A,ridge,proc_gkf,2,160,40,0.14854985289751754,1.285048227477286,1.6119087913324133,0.3694183864915573,,,,
Ssk_skewness,B,A,extratrees,proc_gkf,2,160,40,-0.22378690295275705,1.5062114057389038,1.9324744116187562,0.32551594746716705,,,,
kurtosis_excess_fisher,B,A,dummy,proc_gkf,2,160,40,-0.010310111175255265,9.914700758078169,14.688722799268701,,,,,
kurtosis_excess_fisher,B,A,ridge,proc_gkf,2,160,40,0.005525881612712724,11.082643124082065,14.573149755411938,0.49868667917448406,,,,
kurtosis_excess_fisher,B,A,extratrees,proc_gkf,2,160,40,-0.5579692158826324,14.80751349762827,18.240474067789254,0.3455909943714822,,,,
grad_rms_um_per_um,B,A,dummy,proc_gkf,2,160,40,-0.019333512645553164,0.3936623259447173,0.5120480023794021,,,,,
grad_rms_um_per_um,B,A,ridge,proc_gkf,2,160,40,0.11860379506756202,0.3614127157309087,0.4761437772943478,0.5335834896810507,,,,
grad_rms_um_per_um,B,A,extratrees,proc_gkf,2,160,40,0.06984881160323242,0.3366975324807068,0.48913562804209476,0.5343339587242026,,,,
lap_rms_um_per_px2,B,A,dummy,proc_gkf,2,160,40,-0.02789863876257881,0.19388552651667706,0.25219709001612967,,,,,
lap_rms_um_per_px2,B,A,ridge,proc_gkf,2,160,40,0.05244401917265629,0.18303137602363193,0.24214046063843792,0.30544090056285184,,,,
lap_rms_um_per_px2,B,A,extratrees,proc_gkf,2,160,40,-0.022430869653182528,0.18023206917692863,0.25152543130777594,0.3315196998123828,,,,
acf_e_fold_lag_um,B,A,dummy,proc_gkf,2,160,40,-0.07906750634198345,7.630625,8.265865426560003,,,,,
acf_e_fold_lag_um,B,A,ridge,proc_gkf,2,160,40,0.3148624225153569,5.942372012584362,6.586473014699887,0.5290391791601323,,,,
acf_e_fold_lag_um,B,A,extratrees,proc_gkf,2,160,40,-0.07858177533056243,7.1395677579365096,8.264004820491241,0.16751968328393255,,,,
aniso_gradx_over_y,B,A,dummy,proc_gkf,2,160,40,-0.20107113911830976,0.5734236036982218,0.7364645667316886,,,,,
aniso_gradx_over_y,B,A,ridge,proc_gkf,2,160,40,0.4500010501380519,0.31538816917535073,0.49836601754917154,0.2669793621013134,,,,
aniso_gradx_over_y,B,A,extratrees,proc_gkf,2,160,40,0.4851389841463414,0.2864846541055941,0.4821836671640337,0.3673545966228894,,,,
pit_density_per_Mpx,B,A,dummy,proc_gkf,2,160,40,-0.010064668902067586,10326.5380859375,39168.94181936361,,,,,
pit_density_per_Mpx,B,A,ridge,proc_gkf,2,160,40,0.015667312977080128,10285.031429848696,38666.79735381339,0.48431010331604907,,,,
pit_density_per_Mpx,B,A,extratrees,proc_gkf,2,160,40,-0.00037397469511102344,10325.510070219494,38980.59296191442,0.22818267565825232,,,,
pit_depth_um,B,A,dummy,proc_gkf,2,160,40,-0.021074615869164592,1.9244031479931436,3.5913943087309437,,,,,
pit_depth_um,B,A,ridge,proc_gkf,2,160,40,0.10170235807993888,1.6642092854600663,3.3685614951387266,0.7575984990619137,,,,
pit_depth_um,B,A,extratrees,proc_gkf,2,160,40,0.0989596963422289,1.5423422658578305,3.37369998326118,0.7969416960781875,,,,
peak_to_valley_p98p2_um,B,A,dummy,proc_gkf,2,160,40,-0.033768825511896194,4.996856334198129,8.170652242013743,,,,,
peak_to_valley_p98p2_um,B,A,ridge,proc_gkf,2,160,40,0.10010846029195775,4.850193505054986,7.623248820635033,0.49737335834896823,,,,
peak_to_valley_p98p2_um,B,A,extratrees,proc_gkf,2,160,40,-0.0563839241114954,4.771730759594497,8.259540795993493,0.4604127579737336,,,,
deepest_negative_residual_um,B,A,dummy,proc_gkf,2,160,40,-0.021074615869164592,1.9244031479931436,3.5913943087309437,,,,,
deepest_negative_residual_um,B,A,ridge,proc_gkf,2,160,40,0.10170235807993888,1.6642092854600663,3.3685614951387266,0.7575984990619137,,,,
deepest_negative_residual_um,B,A,extratrees,proc_gkf,2,160,40,0.0989596963422289,1.5423422658578305,3.37369998326118,0.7969416960781875,,,,
rms_DCT_8_16_um,C,A,dummy,proc_gkf,2,160,40,-0.007884216793115906,0.38389469433333623,0.466997133690092,,,,,
rms_DCT_8_16_um,C,A,ridge,proc_gkf,2,160,40,0.229024657723231,0.3023342824062352,0.4084408177663253,0.6452157598499063,,,,
rms_DCT_8_16_um,C,A,extratrees,proc_gkf,2,160,40,0.3121641722215397,0.2713980846760194,0.3857902872681061,0.7046904315196999,,,,
E_DCT_8_16_frac,C,A,dummy,proc_gkf,2,160,40,-0.11995570737571937,0.14725160902020012,0.19095430100549268,,,,,
E_DCT_8_16_frac,C,A,ridge,proc_gkf,2,160,40,0.48799235881411007,0.10446752383196223,0.1291121884046522,0.4964352720450282,,,,
E_DCT_8_16_frac,C,A,extratrees,proc_gkf,2,160,40,0.5133827078260422,0.10724561092383414,0.12587016165856968,0.4157598499061914,,,,
rms_DCT_16_32_um,C,A,dummy,proc_gkf,2,160,40,-0.044754525205282114,0.50661353081852,0.7411750604192967,,,,,
rms_DCT_16_32_um,C,A,ridge,proc_gkf,2,160,40,0.21554755038882634,0.45424366983352565,0.6422394497997437,0.6067542213883678,,,,
rms_DCT_16_32_um,C,A,extratrees,proc_gkf,2,160,40,0.12029915370157229,0.4154608769545529,0.6801131497845136,0.6331441444180915,,,,
E_DCT_16_32_frac,C,A,dummy,proc_gkf,2,160,40,-0.002370407400035024,0.08284578989346846,0.10120554958533516,,,,,
E_DCT_16_32_frac,C,A,ridge,proc_gkf,2,160,40,0.03166143441452385,0.07772802095728311,0.09947268107760054,0.38836772983114454,,,,
E_DCT_16_32_frac,C,A,extratrees,proc_gkf,2,160,40,0.16163429631843818,0.07601232978234915,0.09255650800808896,0.45422138836772985,,,,
rms_DCT_32_64_um,C,A,dummy,proc_gkf,2,160,40,-0.04531168130394381,0.5883137930947444,0.9914190925724444,,,,,
rms_DCT_32_64_um,C,A,ridge,proc_gkf,2,160,40,0.09136480504738886,0.5796528282781759,0.9243344802853293,0.5090056285178237,,,,
rms_DCT_32_64_um,C,A,extratrees,proc_gkf,2,160,40,0.08001278375220588,0.5241710590946136,0.9300906375235174,0.6189493433395873,,,,
E_DCT_32_64_frac,C,A,dummy,proc_gkf,2,160,40,-0.1259099618789623,0.06022671592402116,0.08312979253006662,,,,,
E_DCT_32_64_frac,C,A,ridge,proc_gkf,2,160,40,0.19640841754605143,0.051216696220230305,0.07022998169368067,0.5180112570356473,,,,
E_DCT_32_64_frac,C,A,extratrees,proc_gkf,2,160,40,0.20136605926476236,0.055540799546853384,0.07001300968850584,0.5596622889305818,,,,
rms_DCT_64_inf_um,C,A,dummy,proc_gkf,2,160,40,-0.03738820981227886,0.9552005489063081,1.726288866224471,,,,,
rms_DCT_64_inf_um,C,A,ridge,proc_gkf,2,160,40,0.047785539402724564,0.9801789705710192,1.6539036356966255,0.4981238273921202,,,,
rms_DCT_64_inf_um,C,A,extratrees,proc_gkf,2,160,40,-0.053164389476919816,0.9507904090670701,1.73936568795895,0.4690431519699813,,,,
E_DCT_64_inf_frac,C,A,dummy,proc_gkf,2,160,40,-0.035258482592246176,0.19759413950962454,0.2476262962426869,,,,,
E_DCT_64_inf_frac,C,A,ridge,proc_gkf,2,160,40,0.2959714084549774,0.17758597564492168,0.20420553594918006,0.41951219512195126,,,,
E_DCT_64_inf_frac,C,A,extratrees,proc_gkf,2,160,40,0.12091682875149623,0.1928454361162617,0.2281851334727841,0.4442776735459663,,,,
DCT_8_16_PC1,D,A,dummy,proc_gkf,2,160,40,-0.012188478216957455,16.098417271610423,43.24183733077304,,8_16,1.0,13.16516667129703,stable
DCT_8_16_PC1,D,A,ridge,proc_gkf,2,160,40,-0.004567126712945013,16.681273183622018,43.07873334377187,-0.13264540337711073,8_16,1.0,13.16516667129703,stable
DCT_8_16_PC1,D,A,extratrees,proc_gkf,2,160,40,0.3049330832870606,15.917167030656708,35.83329565506372,-0.009568480300187619,8_16,1.0,13.16516667129703,stable
DCT_8_16_PC2,D,A,dummy,proc_gkf,2,160,40,-0.13559689949539577,6.466964218751943,9.92353095351374,,8_16,2.0,18.80936481980463,stable
DCT_8_16_PC2,D,A,ridge,proc_gkf,2,160,40,-0.2984660749795458,8.281862768541924,10.611320531659356,0.24221388367729837,8_16,2.0,18.80936481980463,stable
DCT_8_16_PC2,D,A,extratrees,proc_gkf,2,160,40,-0.4375067612195984,6.152233398804507,11.165009004209692,0.06360225140712947,8_16,2.0,18.80936481980463,stable
DCT_8_16_PC3,D,A,dummy,proc_gkf,2,160,40,-0.14138188370133187,8.093376986812752,15.496561608037611,,8_16,3.0,80.14206556927614,unstable_pc
DCT_8_16_PC3,D,A,ridge,proc_gkf,2,160,40,-0.14446062386799818,9.071170500494635,15.517447587458115,0.1478424015009381,8_16,3.0,80.14206556927614,unstable_pc
DCT_8_16_PC3,D,A,extratrees,proc_gkf,2,160,40,0.0642914653371024,8.4195368735091,14.031049443548204,0.19699812382739215,8_16,3.0,80.14206556927614,unstable_pc
DCT_16_32_PC1,D,A,dummy,proc_gkf,2,160,40,-0.04721041713614205,13.444209648911691,20.53837712733482,,16_32,1.0,27.163351072259502,stable
DCT_16_32_PC1,D,A,ridge,proc_gkf,2,160,40,-0.19428260805814035,15.313417345870482,21.933235474483354,0.13039399624765483,16_32,1.0,27.163351072259502,stable
DCT_16_32_PC1,D,A,extratrees,proc_gkf,2,160,40,-0.5648745123358194,16.013103637435748,25.106657949657734,-0.07448405253283302,16_32,1.0,27.163351072259502,stable
DCT_16_32_PC2,D,A,dummy,proc_gkf,2,160,40,-0.027406204686376556,10.855954154306716,19.10390990385339,,16_32,2.0,64.9749613013703,unstable_pc
DCT_16_32_PC2,D,A,ridge,proc_gkf,2,160,40,-0.2280169295022978,13.347649485114648,20.885907305339906,-0.18705440900562856,16_32,2.0,64.9749613013703,unstable_pc
DCT_16_32_PC2,D,A,extratrees,proc_gkf,2,160,40,-1.1647935114526637,17.881898197473312,27.730609038671922,-0.13020637898686682,16_32,2.0,64.9749613013703,unstable_pc
DCT_16_32_PC3,D,A,dummy,proc_gkf,2,160,40,-0.0024467786894839527,13.022125433157901,30.46602961392347,,16_32,3.0,77.39219451086524,unstable_pc
DCT_16_32_PC3,D,A,ridge,proc_gkf,2,160,40,-0.07834017521557057,14.104191243406543,31.598254341580166,-0.2187617260787993,16_32,3.0,77.39219451086524,unstable_pc
DCT_16_32_PC3,D,A,extratrees,proc_gkf,2,160,40,-0.024529389440097527,15.948599553959365,30.799765370125282,0.00375234521575985,16_32,3.0,77.39219451086524,unstable_pc
DCT_32_64_PC1,D,A,dummy,proc_gkf,2,160,40,-0.011579375255577506,33.440810702471715,58.637476235072285,,32_64,1.0,9.289257714894074,stable
DCT_32_64_PC1,D,A,ridge,proc_gkf,2,160,40,-0.01623001723480577,38.30148104940663,58.772111837186245,0.1705440900562852,32_64,1.0,9.289257714894074,stable
DCT_32_64_PC1,D,A,extratrees,proc_gkf,2,160,40,0.08884251693903333,34.24516486882105,55.65087665053813,0.1924953095684803,32_64,1.0,9.289257714894074,stable
DCT_32_64_PC2,D,A,dummy,proc_gkf,2,160,40,-0.0608569921838904,27.450814157715637,66.62876052773169,,32_64,2.0,62.949513811255244,unstable_pc
DCT_32_64_PC2,D,A,ridge,proc_gkf,2,160,40,-0.021452125251985477,28.441175857050943,65.37960928970789,0.25234521575985,32_64,2.0,62.949513811255244,unstable_pc
DCT_32_64_PC2,D,A,extratrees,proc_gkf,2,160,40,-0.262031763970491,34.51054731870549,72.6722247387659,0.06960600375234523,32_64,2.0,62.949513811255244,unstable_pc
DCT_32_64_PC3,D,A,dummy,proc_gkf,2,160,40,-0.030633705225501018,20.90281081803158,31.85599841810177,,32_64,3.0,59.68091875013171,unstable_pc
DCT_32_64_PC3,D,A,ridge,proc_gkf,2,160,40,-0.04567012162340056,20.49051856117897,32.087538291535765,-0.0827392120075047,32_64,3.0,59.68091875013171,unstable_pc
DCT_32_64_PC3,D,A,extratrees,proc_gkf,2,160,40,-0.8326244065522124,25.328473654392287,42.479146629277324,0.05065666041275797,32_64,3.0,59.68091875013171,unstable_pc
DCT_64_inf_PC1,D,A,dummy,proc_gkf,2,160,40,-0.06468363400986465,65.00840090781703,141.26120913880337,,64_inf,1.0,34.83167357898444,stable
DCT_64_inf_PC1,D,A,ridge,proc_gkf,2,160,40,-0.1250743635930327,74.48831239090487,145.21224662085584,0.07579737335834899,64_inf,1.0,34.83167357898444,stable
DCT_64_inf_PC1,D,A,extratrees,proc_gkf,2,160,40,-0.39076213652158276,86.5357459437386,161.4503755001066,-0.14915572232645405,64_inf,1.0,34.83167357898444,stable
DCT_64_inf_PC2,D,A,dummy,proc_gkf,2,160,40,-0.01260629795606616,62.05545403577944,137.87715592509235,,64_inf,2.0,41.88664424923212,unstable_pc
DCT_64_inf_PC2,D,A,ridge,proc_gkf,2,160,40,-0.025546458826023466,68.1010416142851,138.755329783573,0.05891181988742965,64_inf,2.0,41.88664424923212,unstable_pc
DCT_64_inf_PC2,D,A,extratrees,proc_gkf,2,160,40,0.1940467355021137,58.9115826527953,123.00618059793555,0.41313320825515953,64_inf,2.0,41.88664424923212,unstable_pc
DCT_64_inf_PC3,D,A,dummy,proc_gkf,2,160,40,-0.060239215145235336,44.38663331051771,97.36492819655552,,64_inf,3.0,56.24223510649337,unstable_pc
DCT_64_inf_PC3,D,A,ridge,proc_gkf,2,160,40,-0.09926572895854568,49.03333600497861,99.14069530324801,0.09849906191369608,64_inf,3.0,56.24223510649337,unstable_pc
DCT_64_inf_PC3,D,A,extratrees,proc_gkf,2,160,40,-0.2639415813081043,56.5043324621527,106.30755185669193,-0.07973733583489682,64_inf,3.0,56.24223510649337,unstable_pc
median_depth_um,A,R,dummy,proc_gkf,2,160,40,-0.06896283690871163,16.79475825,19.25496168525373,,,,,
median_depth_um,A,R,ridge,proc_gkf,2,160,40,0.44315815732382724,10.70060842586832,13.89719931507479,0.6804878048780489,,,,
median_depth_um,A,R,extratrees,proc_gkf,2,160,40,0.6452011191709455,7.740508470516053,11.093088451980062,0.7969981238273923,,,,
Sq_um,B,R,dummy,proc_gkf,2,160,40,-0.03527790734691383,1.3249248953130444,2.111114471994075,,,,,
Sq_um,B,R,ridge,proc_gkf,2,160,40,0.14496729997678437,1.1786307436927381,1.9185568468777763,0.6386491557223266,,,,
Sq_um,B,R,extratrees,proc_gkf,2,160,40,0.11018952105024327,1.0769889340215075,1.9571858521034666,0.5891181988742965,,,,
Sa_um,B,R,dummy,proc_gkf,2,160,40,-0.04206721312886419,0.7562186598415261,1.2035070060259905,,,,,
Sa_um,B,R,ridge,proc_gkf,2,160,40,0.15580413404374416,0.6823570214342146,1.0832342107007482,0.6553470919324578,,,,
Sa_um,B,R,extratrees,proc_gkf,2,160,40,0.22284548572113827,0.5739997625276755,1.0393323468729108,0.6165103189493434,,,,
Ssk_skewness,B,R,dummy,proc_gkf,2,160,40,-0.002192492805450863,1.3149953018282599,1.7487850185417728,,,,,
Ssk_skewness,B,R,ridge,proc_gkf,2,160,40,0.07698447793487306,1.3286266976769685,1.6782836117142548,0.3885553470919325,,,,
Ssk_skewness,B,R,extratrees,proc_gkf,2,160,40,0.14165984006231225,1.2194764002139877,1.6184175076140301,0.4814258911819888,,,,
kurtosis_excess_fisher,B,R,dummy,proc_gkf,2,160,40,-0.010310111175255265,9.914700758078169,14.688722799268701,,,,,
kurtosis_excess_fisher,B,R,ridge,proc_gkf,2,160,40,-0.3655665855621162,12.637932835937246,17.07706085334365,0.4883677298311445,,,,
kurtosis_excess_fisher,B,R,extratrees,proc_gkf,2,160,40,-0.46333117669225765,12.134268081115977,17.67779112306679,0.42645403377110697,,,,
grad_rms_um_per_um,B,R,dummy,proc_gkf,2,160,40,-0.019333512645553164,0.3936623259447173,0.5120480023794021,,,,,
grad_rms_um_per_um,B,R,ridge,proc_gkf,2,160,40,0.14608457943297248,0.3530803812255641,0.46866222822271447,0.5671669793621014,,,,
grad_rms_um_per_um,B,R,extratrees,proc_gkf,2,160,40,0.1972568174055086,0.3074214620125565,0.45440263153071736,0.5367729831144465,,,,
lap_rms_um_per_px2,B,R,dummy,proc_gkf,2,160,40,-0.02789863876257881,0.19388552651667706,0.25219709001612967,,,,,
lap_rms_um_per_px2,B,R,ridge,proc_gkf,2,160,40,0.05285050637358668,0.18000008765903136,0.2420885177673795,0.4058161350844278,,,,
lap_rms_um_per_px2,B,R,extratrees,proc_gkf,2,160,40,0.11837256352824332,0.1620201323353399,0.23356484428474736,0.500562851782364,,,,
acf_e_fold_lag_um,B,R,dummy,proc_gkf,2,160,40,-0.07906750634198345,7.630625,8.265865426560003,,,,,
acf_e_fold_lag_um,B,R,ridge,proc_gkf,2,160,40,0.09508674153685281,6.932874585141782,7.569505321586534,0.4212406385715927,,,,
acf_e_fold_lag_um,B,R,extratrees,proc_gkf,2,160,40,0.21218728261305253,6.15774921243687,7.062777365604584,0.4962676716118742,,,,
aniso_gradx_over_y,B,R,dummy,proc_gkf,2,160,40,-0.20107113911830976,0.5734236036982218,0.7364645667316886,,,,,
aniso_gradx_over_y,B,R,ridge,proc_gkf,2,160,40,-0.01019795953458491,0.48449148159701333,0.6754150512897645,0.3630393996247655,,,,
aniso_gradx_over_y,B,R,extratrees,proc_gkf,2,160,40,0.3112990697754926,0.3728490345112553,0.5576771185109077,0.49399624765478434,,,,
pit_density_per_Mpx,B,R,dummy,proc_gkf,2,160,40,-0.010064668902067586,10326.5380859375,39168.94181936361,,,,,
pit_density_per_Mpx,B,R,ridge,proc_gkf,2,160,40,-0.00838421847837667,10267.619696168502,39136.34545866102,0.23320092337648035,,,,
pit_density_per_Mpx,B,R,extratrees,proc_gkf,2,160,40,0.018872843911314607,11490.567165917846,38603.785786789,0.2707885827561493,,,,
pit_depth_um,B,R,dummy,proc_gkf,2,160,40,-0.021074615869164592,1.9244031479931436,3.5913943087309437,,,,,
pit_depth_um,B,R,ridge,proc_gkf,2,160,40,0.08030982704709877,1.6917298151419597,3.4084358396053065,0.6819887429643529,,,,
pit_depth_um,B,R,extratrees,proc_gkf,2,160,40,0.0938214421146013,1.6095407205288943,3.3833057050550455,0.6726078799249532,,,,
peak_to_valley_p98p2_um,B,R,dummy,proc_gkf,2,160,40,-0.033768825511896194,4.996856334198129,8.170652242013743,,,,,
peak_to_valley_p98p2_um,B,R,ridge,proc_gkf,2,160,40,0.2122885727071655,4.364036996202428,7.1322832731105645,0.676360225140713,,,,
peak_to_valley_p98p2_um,B,R,extratrees,proc_gkf,2,160,40,0.1710101108784703,3.917503487864992,7.3167737788813945,0.5793621013133209,,,,
deepest_negative_residual_um,B,R,dummy,proc_gkf,2,160,40,-0.021074615869164592,1.9244031479931436,3.5913943087309437,,,,,
deepest_negative_residual_um,B,R,ridge,proc_gkf,2,160,40,0.08030982704709877,1.6917298151419597,3.4084358396053065,0.6819887429643529,,,,
deepest_negative_residual_um,B,R,extratrees,proc_gkf,2,160,40,0.0938214421146013,1.6095407205288943,3.3833057050550455,0.6726078799249532,,,,
rms_DCT_8_16_um,C,R,dummy,proc_gkf,2,160,40,-0.007884216793115906,0.38389469433333623,0.466997133690092,,,,,
rms_DCT_8_16_um,C,R,ridge,proc_gkf,2,160,40,0.1792923851266407,0.3390541236807099,0.4214083380091418,0.6234521575984991,,,,
rms_DCT_8_16_um,C,R,extratrees,proc_gkf,2,160,40,0.28174370763806045,0.28873188557556384,0.39422904005116244,0.6106941838649156,,,,
E_DCT_8_16_frac,C,R,dummy,proc_gkf,2,160,40,-0.11995570737571937,0.14725160902020012,0.19095430100549268,,,,,
E_DCT_8_16_frac,C,R,ridge,proc_gkf,2,160,40,0.09419049089869402,0.12732976517707406,0.17173050968713535,0.42851782363977486,,,,
E_DCT_8_16_frac,C,R,extratrees,proc_gkf,2,160,40,0.3932525277462833,0.1128129744367445,0.1405506987224867,0.6213883677298312,,,,
rms_DCT_16_32_um,C,R,dummy,proc_gkf,2,160,40,-0.044754525205282114,0.50661353081852,0.7411750604192967,,,,,
rms_DCT_16_32_um,C,R,ridge,proc_gkf,2,160,40,0.17989244471143873,0.4539304938100527,0.656672869032663,0.678611632270169,,,,
rms_DCT_16_32_um,C,R,extratrees,proc_gkf,2,160,40,0.23826071134797377,0.3594066393474422,0.6328734037446969,0.6699812382739213,,,,
E_DCT_16_32_frac,C,R,dummy,proc_gkf,2,160,40,-0.002370407400035024,0.08284578989346846,0.10120554958533516,,,,,
E_DCT_16_32_frac,C,R,ridge,proc_gkf,2,160,40,-0.05592234330379342,0.0879123033393702,0.10387384292067695,0.33283302063789877,,,,
E_DCT_16_32_frac,C,R,extratrees,proc_gkf,2,160,40,0.08200401262183665,0.07678579553011393,0.09685244766083646,0.4647279549718575,,,,
rms_DCT_32_64_um,C,R,dummy,proc_gkf,2,160,40,-0.04531168130394381,0.5883137930947444,0.9914190925724444,,,,,
rms_DCT_32_64_um,C,R,ridge,proc_gkf,2,160,40,0.13862929777704092,0.5137481581927703,0.8999728839561322,0.7467166979362101,,,,
rms_DCT_32_64_um,C,R,extratrees,proc_gkf,2,160,40,0.17239977535038775,0.47001577978151765,0.8821545456463374,0.7217636022514072,,,,
E_DCT_32_64_frac,C,R,dummy,proc_gkf,2,160,40,-0.1259099618789623,0.06022671592402116,0.08312979253006662,,,,,
E_DCT_32_64_frac,C,R,ridge,proc_gkf,2,160,40,0.2515481456536349,0.049248784818401406,0.06777769577366825,0.5337711069418387,,,,
E_DCT_32_64_frac,C,R,extratrees,proc_gkf,2,160,40,0.18623592544393264,0.05085212103489752,0.07067309685609263,0.5043151969981239,,,,
rms_DCT_64_inf_um,C,R,dummy,proc_gkf,2,160,40,-0.03738820981227886,0.9552005489063081,1.726288866224471,,,,,
rms_DCT_64_inf_um,C,R,ridge,proc_gkf,2,160,40,0.0855561803872611,0.8747742172885877,1.620769778790655,0.6287054409005629,,,,
rms_DCT_64_inf_um,C,R,extratrees,proc_gkf,2,160,40,0.07933794481721279,0.8294618236107448,1.6262710752473817,0.6339587242026267,,,,
E_DCT_64_inf_frac,C,R,dummy,proc_gkf,2,160,40,-0.035258482592246176,0.19759413950962454,0.2476262962426869,,,,,
E_DCT_64_inf_frac,C,R,ridge,proc_gkf,2,160,40,0.12778894916486205,0.18034905114519775,0.22729147947121794,0.5108818011257037,,,,
E_DCT_64_inf_frac,C,R,extratrees,proc_gkf,2,160,40,0.36643080729593747,0.15473638362841874,0.1937177378361368,0.5673545966228893,,,,
DCT_8_16_PC1,D,R,dummy,proc_gkf,2,160,40,-0.012188478216957455,16.098417271610423,43.24183733077304,,8_16,1.0,13.16516667129703,stable
DCT_8_16_PC1,D,R,ridge,proc_gkf,2,160,40,-0.004310961864070428,15.947570450109348,43.07324045011089,-0.024953095684803007,8_16,1.0,13.16516667129703,stable
DCT_8_16_PC1,D,R,extratrees,proc_gkf,2,160,40,-0.07712687587541933,25.028518884528708,44.6073963618237,-0.03189493433395873,8_16,1.0,13.16516667129703,stable
DCT_8_16_PC2,D,R,dummy,proc_gkf,2,160,40,-0.13559689949539577,6.466964218751943,9.92353095351374,,8_16,2.0,18.80936481980463,stable
DCT_8_16_PC2,D,R,ridge,proc_gkf,2,160,40,-0.23005313300088104,6.876778406691416,10.32799610276882,0.03864915572232646,8_16,2.0,18.80936481980463,stable
DCT_8_16_PC2,D,R,extratrees,proc_gkf,2,160,40,-1.515675887945397,8.348317233519099,14.770033258128532,-0.19474671669793622,8_16,2.0,18.80936481980463,stable
DCT_8_16_PC3,D,R,dummy,proc_gkf,2,160,40,-0.14138188370133187,8.093376986812752,15.496561608037611,,8_16,3.0,80.14206556927614,unstable_pc
DCT_8_16_PC3,D,R,ridge,proc_gkf,2,160,40,-0.10428171311602141,8.079561528647664,15.242626214412795,0.2363977485928706,8_16,3.0,80.14206556927614,unstable_pc
DCT_8_16_PC3,D,R,extratrees,proc_gkf,2,160,40,-0.2523809262900212,10.387185112935722,16.23259981382464,0.30750469043151973,8_16,3.0,80.14206556927614,unstable_pc
DCT_16_32_PC1,D,R,dummy,proc_gkf,2,160,40,-0.04721041713614205,13.444209648911691,20.53837712733482,,16_32,1.0,27.163351072259502,stable
DCT_16_32_PC1,D,R,ridge,proc_gkf,2,160,40,-0.03782059575906849,13.360438324353662,20.44609102127462,0.2076923076923077,16_32,1.0,27.163351072259502,stable
DCT_16_32_PC1,D,R,extratrees,proc_gkf,2,160,40,-1.048262244952625,17.06527546880289,28.723802187888044,0.06622889305816136,16_32,1.0,27.163351072259502,stable
DCT_16_32_PC2,D,R,dummy,proc_gkf,2,160,40,-0.027406204686376556,10.855954154306716,19.10390990385339,,16_32,2.0,64.9749613013703,unstable_pc
DCT_16_32_PC2,D,R,ridge,proc_gkf,2,160,40,-0.13959628932015145,11.656496198894832,20.119940052807248,-0.0727954971857411,16_32,2.0,64.9749613013703,unstable_pc
DCT_16_32_PC2,D,R,extratrees,proc_gkf,2,160,40,-1.549278843664598,16.29908405702563,30.09260884778977,-0.36416510318949347,16_32,2.0,64.9749613013703,unstable_pc
DCT_16_32_PC3,D,R,dummy,proc_gkf,2,160,40,-0.0024467786894839527,13.022125433157901,30.46602961392347,,16_32,3.0,77.39219451086524,unstable_pc
DCT_16_32_PC3,D,R,ridge,proc_gkf,2,160,40,-0.01585512404058753,13.627881138297639,30.669103798579233,-0.12476547842401503,16_32,3.0,77.39219451086524,unstable_pc
DCT_16_32_PC3,D,R,extratrees,proc_gkf,2,160,40,-0.0363162052644046,14.801063725130081,30.976428429042436,-0.028330206378986873,16_32,3.0,77.39219451086524,unstable_pc
DCT_32_64_PC1,D,R,dummy,proc_gkf,2,160,40,-0.011579375255577506,33.440810702471715,58.637476235072285,,32_64,1.0,9.289257714894074,stable
DCT_32_64_PC1,D,R,ridge,proc_gkf,2,160,40,0.017474532759257144,33.87483907950426,57.78926820971016,0.028142589118198877,32_64,1.0,9.289257714894074,stable
DCT_32_64_PC1,D,R,extratrees,proc_gkf,2,160,40,0.1169214143692121,32.89333583707787,54.78667748127838,-0.06210131332082553,32_64,1.0,9.289257714894074,stable
DCT_32_64_PC2,D,R,dummy,proc_gkf,2,160,40,-0.0608569921838904,27.450814157715637,66.62876052773169,,32_64,2.0,62.949513811255244,unstable_pc
DCT_32_64_PC2,D,R,ridge,proc_gkf,2,160,40,-0.012903565532274452,28.20583766594134,65.10545264304875,0.06322701688555347,32_64,2.0,62.949513811255244,unstable_pc
DCT_32_64_PC2,D,R,extratrees,proc_gkf,2,160,40,-0.2580698179009664,32.80353510549183,72.5580636807241,0.037335834896810506,32_64,2.0,62.949513811255244,unstable_pc
DCT_32_64_PC3,D,R,dummy,proc_gkf,2,160,40,-0.030633705225501018,20.90281081803158,31.85599841810177,,32_64,3.0,59.68091875013171,unstable_pc
DCT_32_64_PC3,D,R,ridge,proc_gkf,2,160,40,-0.040085505905434804,21.426270609237605,32.001738541194804,-0.09793621013133211,32_64,3.0,59.68091875013171,unstable_pc
DCT_32_64_PC3,D,R,extratrees,proc_gkf,2,160,40,-0.24551185138358567,21.774517222342887,35.01974526201003,0.16604127579737338,32_64,3.0,59.68091875013171,unstable_pc
DCT_64_inf_PC1,D,R,dummy,proc_gkf,2,160,40,-0.06468363400986465,65.00840090781703,141.26120913880337,,64_inf,1.0,34.83167357898444,stable
DCT_64_inf_PC1,D,R,ridge,proc_gkf,2,160,40,-0.07846882615096273,72.33930801737081,142.17277104653832,0.16566604127579737,64_inf,1.0,34.83167357898444,stable
DCT_64_inf_PC1,D,R,extratrees,proc_gkf,2,160,40,-0.5907804269093402,89.69199342224155,172.6703421424983,-0.14352720450281425,64_inf,1.0,34.83167357898444,stable
DCT_64_inf_PC2,D,R,dummy,proc_gkf,2,160,40,-0.01260629795606616,62.05545403577944,137.87715592509235,,64_inf,2.0,41.88664424923212,unstable_pc
DCT_64_inf_PC2,D,R,ridge,proc_gkf,2,160,40,0.003713655288828388,60.78110766850797,136.76157485718966,0.35891181988742976,64_inf,2.0,41.88664424923212,unstable_pc
DCT_64_inf_PC2,D,R,extratrees,proc_gkf,2,160,40,0.19934705732654479,53.258924567593034,122.6010406043418,0.5656660412757974,64_inf,2.0,41.88664424923212,unstable_pc
DCT_64_inf_PC3,D,R,dummy,proc_gkf,2,160,40,-0.060239215145235336,44.38663331051771,97.36492819655552,,64_inf,3.0,56.24223510649337,unstable_pc
DCT_64_inf_PC3,D,R,ridge,proc_gkf,2,160,40,-0.18548793235346173,49.10940925771542,102.95541295451625,0.038273921200750474,64_inf,3.0,56.24223510649337,unstable_pc
DCT_64_inf_PC3,D,R,extratrees,proc_gkf,2,160,40,-0.036173931185942365,46.34029993500902,96.25359234320979,0.04521575984990619,64_inf,3.0,56.24223510649337,unstable_pc
median_depth_um,A,C,dummy,proc_gkf,2,160,40,-0.06896283690871163,16.79475825,19.25496168525373,,,,,
median_depth_um,A,C,ridge,proc_gkf,2,160,40,0.6354487512713366,8.08779549498999,11.244512987136325,0.826641651031895,,,,
median_depth_um,A,C,extratrees,proc_gkf,2,160,40,0.8427854859246283,5.3405979518214375,7.384271805599667,0.9206378986866793,,,,
Sq_um,B,C,dummy,proc_gkf,2,160,40,-0.03527790734691383,1.3249248953130444,2.111114471994075,,,,,
Sq_um,B,C,ridge,proc_gkf,2,160,40,0.13519974784427125,1.2345785328621637,1.9294841418827913,0.5908067542213884,,,,
Sq_um,B,C,extratrees,proc_gkf,2,160,40,0.0723892960779502,1.095591132939419,1.9983252936007023,0.5981238273921201,,,,
Sa_um,B,C,dummy,proc_gkf,2,160,40,-0.04206721312886419,0.7562186598415261,1.2035070060259905,,,,,
Sa_um,B,C,ridge,proc_gkf,2,160,40,0.16646077207430698,0.6681232997611003,1.0763754370716199,0.6602251407129457,,,,
Sa_um,B,C,extratrees,proc_gkf,2,160,40,0.13221842142420548,0.5823977756942379,1.098262032858576,0.6206378986866793,,,,
Ssk_skewness,B,C,dummy,proc_gkf,2,160,40,-0.002192492805450863,1.3149953018282599,1.7487850185417728,,,,,
Ssk_skewness,B,C,ridge,proc_gkf,2,160,40,0.013079068132007987,1.4412332265962848,1.7354097438843887,0.36772983114446534,,,,
Ssk_skewness,B,C,extratrees,proc_gkf,2,160,40,-0.4069470562269941,1.6227053779443623,2.0720476051452263,0.3101313320825516,,,,
kurtosis_excess_fisher,B,C,dummy,proc_gkf,2,160,40,-0.010310111175255265,9.914700758078169,14.688722799268701,,,,,
kurtosis_excess_fisher,B,C,ridge,proc_gkf,2,160,40,-0.6296847017860789,15.24351977839522,18.655568141971013,0.4181988742964353,,,,
kurtosis_excess_fisher,B,C,extratrees,proc_gkf,2,160,40,-0.9257205314015173,16.195847398566432,20.2793166110864,0.35309568480300196,,,,
grad_rms_um_per_um,B,C,dummy,proc_gkf,2,160,40,-0.019333512645553164,0.3936623259447173,0.5120480023794021,,,,,
grad_rms_um_per_um,B,C,ridge,proc_gkf,2,160,40,0.17550940275166327,0.3475227603254306,0.46051669416659236,0.5624765478424016,,,,
grad_rms_um_per_um,B,C,extratrees,proc_gkf,2,160,40,0.104187599510431,0.3169900643812706,0.480021909055411,0.5611632270168857,,,,
lap_rms_um_per_px2,B,C,dummy,proc_gkf,2,160,40,-0.02789863876257881,0.19388552651667706,0.25219709001612967,,,,,
lap_rms_um_per_px2,B,C,ridge,proc_gkf,2,160,40,0.07271043446364489,0.17921850621203778,0.23953700332390715,0.30731707317073176,,,,
lap_rms_um_per_px2,B,C,extratrees,proc_gkf,2,160,40,0.051066072080924285,0.17095058980101735,0.24231645843513894,0.375234521575985,,,,
acf_e_fold_lag_um,B,C,dummy,proc_gkf,2,160,40,-0.07906750634198345,7.630625,8.265865426560003,,,,,
acf_e_fold_lag_um,B,C,ridge,proc_gkf,2,160,40,0.24933075860324727,6.239615036607051,6.894270727235387,0.5467864998667821,,,,
acf_e_fold_lag_um,B,C,extratrees,proc_gkf,2,160,40,0.05226760325594326,6.828433184523812,7.7465242763183655,0.358326856172358,,,,
aniso_gradx_over_y,B,C,dummy,proc_gkf,2,160,40,-0.20107113911830976,0.5734236036982218,0.7364645667316886,,,,,
aniso_gradx_over_y,B,C,ridge,proc_gkf,2,160,40,0.4560280231383924,0.31828493393555535,0.4956279100380969,0.2968105065666042,,,,
aniso_gradx_over_y,B,C,extratrees,proc_gkf,2,160,40,0.4924592831949005,0.27075606212576964,0.4787435493911596,0.3431519699812383,,,,
pit_density_per_Mpx,B,C,dummy,proc_gkf,2,160,40,-0.010064668902067586,10326.5380859375,39168.94181936361,,,,,
pit_density_per_Mpx,B,C,ridge,proc_gkf,2,160,40,0.014028685545311892,10253.457950774931,38698.968452272224,0.5085157687804432,,,,
pit_density_per_Mpx,B,C,extratrees,proc_gkf,2,160,40,0.02079009834219825,10359.803714812748,38566.04884706777,0.2767908006152064,,,,
pit_depth_um,B,C,dummy,proc_gkf,2,160,40,-0.021074615869164592,1.9244031479931436,3.5913943087309437,,,,,
pit_depth_um,B,C,ridge,proc_gkf,2,160,40,0.1343609886559436,1.5909125906425512,3.306760646080891,0.7694183864915572,,,,
pit_depth_um,B,C,extratrees,proc_gkf,2,160,40,0.10421045032155407,1.5755620842449019,3.363855611433241,0.755909943714822,,,,
peak_to_valley_p98p2_um,B,C,dummy,proc_gkf,2,160,40,-0.033768825511896194,4.996856334198129,8.170652242013743,,,,,
peak_to_valley_p98p2_um,B,C,ridge,proc_gkf,2,160,40,0.17361980135207655,4.5913598521985834,7.305247965154955,0.6332082551594748,,,,
peak_to_valley_p98p2_um,B,C,extratrees,proc_gkf,2,160,40,0.052150236817492646,4.400818839858023,7.823746383077424,0.5698203486732091,,,,
deepest_negative_residual_um,B,C,dummy,proc_gkf,2,160,40,-0.021074615869164592,1.9244031479931436,3.5913943087309437,,,,,
deepest_negative_residual_um,B,C,ridge,proc_gkf,2,160,40,0.1343609886559436,1.5909125906425512,3.306760646080891,0.7694183864915572,,,,
deepest_negative_residual_um,B,C,extratrees,proc_gkf,2,160,40,0.10421045032155407,1.5755620842449019,3.363855611433241,0.755909943714822,,,,
rms_DCT_8_16_um,C,C,dummy,proc_gkf,2,160,40,-0.007884216793115906,0.38389469433333623,0.466997133690092,,,,,
rms_DCT_8_16_um,C,C,ridge,proc_gkf,2,160,40,0.25533967470467767,0.3145738537170345,0.4014098273203117,0.6694183864915573,,,,
rms_DCT_8_16_um,C,C,extratrees,proc_gkf,2,160,40,0.3548937036695424,0.25845205243550495,0.37361519707978286,0.7159474671669794,,,,
E_DCT_8_16_frac,C,C,dummy,proc_gkf,2,160,40,-0.11995570737571937,0.14725160902020012,0.19095430100549268,,,,,
E_DCT_8_16_frac,C,C,ridge,proc_gkf,2,160,40,0.3724969505682908,0.11633968259452465,0.14293445874361513,0.3831144465290807,,,,
E_DCT_8_16_frac,C,C,extratrees,proc_gkf,2,160,40,0.5725461739380728,0.09705179247860193,0.11797055578382089,0.4375234521575986,,,,
rms_DCT_16_32_um,C,C,dummy,proc_gkf,2,160,40,-0.044754525205282114,0.50661353081852,0.7411750604192967,,,,,
rms_DCT_16_32_um,C,C,ridge,proc_gkf,2,160,40,0.21502160450967278,0.4596590557326775,0.642454712428765,0.6696060037523454,,,,
rms_DCT_16_32_um,C,C,extratrees,proc_gkf,2,160,40,0.1727958650993341,0.38723161470768275,0.6595079199660482,0.6358348968105066,,,,
E_DCT_16_32_frac,C,C,dummy,proc_gkf,2,160,40,-0.002370407400035024,0.08284578989346846,0.10120554958533516,,,,,
E_DCT_16_32_frac,C,C,ridge,proc_gkf,2,160,40,0.05082608983738146,0.08120219202400059,0.098483416291032,0.27185741088180115,,,,
E_DCT_16_32_frac,C,C,extratrees,proc_gkf,2,160,40,0.14813805403677105,0.07827491568939723,0.09329853369192914,0.4476547842401501,,,,
rms_DCT_32_64_um,C,C,dummy,proc_gkf,2,160,40,-0.04531168130394381,0.5883137930947444,0.9914190925724444,,,,,
rms_DCT_32_64_um,C,C,ridge,proc_gkf,2,160,40,0.1542553709961192,0.5549547526253154,0.8917723458537359,0.7028142589118199,,,,
rms_DCT_32_64_um,C,C,extratrees,proc_gkf,2,160,40,0.13114249925961996,0.4968189596917848,0.9038755810703928,0.6973733583489683,,,,
E_DCT_32_64_frac,C,C,dummy,proc_gkf,2,160,40,-0.1259099618789623,0.06022671592402116,0.08312979253006662,,,,,
E_DCT_32_64_frac,C,C,ridge,proc_gkf,2,160,40,0.3602386571087207,0.04712144734016448,0.06266338670646684,0.625328330206379,,,,
E_DCT_32_64_frac,C,C,extratrees,proc_gkf,2,160,40,0.21822646128617107,0.053389250461494085,0.06927002573470409,0.5566604127579738,,,,
rms_DCT_64_inf_um,C,C,dummy,proc_gkf,2,160,40,-0.03738820981227886,0.9552005489063081,1.726288866224471,,,,,
rms_DCT_64_inf_um,C,C,ridge,proc_gkf,2,160,40,0.09436236794308739,0.9593469161094731,1.6129468098200272,0.5761726078799251,,,,
rms_DCT_64_inf_um,C,C,extratrees,proc_gkf,2,160,40,0.015283567552007216,0.8898183148862945,1.6818931751132866,0.5662288930581615,,,,
E_DCT_64_inf_frac,C,C,dummy,proc_gkf,2,160,40,-0.035258482592246176,0.19759413950962454,0.2476262962426869,,,,,
E_DCT_64_inf_frac,C,C,ridge,proc_gkf,2,160,40,0.27871567303135714,0.18109480571634368,0.20669292480988438,0.3956848030018762,,,,
E_DCT_64_inf_frac,C,C,extratrees,proc_gkf,2,160,40,0.24506835137749594,0.17954544920922208,0.21145900256380235,0.50281425891182,,,,
DCT_8_16_PC1,D,C,dummy,proc_gkf,2,160,40,-0.012188478216957455,16.098417271610423,43.24183733077304,,8_16,1.0,13.16516667129703,stable
DCT_8_16_PC1,D,C,ridge,proc_gkf,2,160,40,-0.013233006337317166,16.899197895949566,43.26414328931891,-0.12420262664165106,8_16,1.0,13.16516667129703,stable
DCT_8_16_PC1,D,C,extratrees,proc_gkf,2,160,40,0.089805390627539,16.618057933638426,41.005354755845396,-0.06472795497185742,8_16,1.0,13.16516667129703,stable
DCT_8_16_PC2,D,C,dummy,proc_gkf,2,160,40,-0.13559689949539577,6.466964218751943,9.92353095351374,,8_16,2.0,18.80936481980463,stable
DCT_8_16_PC2,D,C,ridge,proc_gkf,2,160,40,-0.36033928486689804,8.528485385570281,10.861198468063137,0.21894934333958727,8_16,2.0,18.80936481980463,stable
DCT_8_16_PC2,D,C,extratrees,proc_gkf,2,160,40,-1.5510643847098402,7.322055418808368,14.873556907688034,-0.09887429643527205,8_16,2.0,18.80936481980463,stable
DCT_8_16_PC3,D,C,dummy,proc_gkf,2,160,40,-0.14138188370133187,8.093376986812752,15.496561608037611,,8_16,3.0,80.14206556927614,unstable_pc
DCT_8_16_PC3,D,C,ridge,proc_gkf,2,160,40,-0.12150905386904243,8.96768328784236,15.36106233943871,0.19455909943714825,8_16,3.0,80.14206556927614,unstable_pc
DCT_8_16_PC3,D,C,extratrees,proc_gkf,2,160,40,0.11458883394273733,8.340200415319728,13.648733594323861,0.27204502814258913,8_16,3.0,80.14206556927614,unstable_pc
DCT_16_32_PC1,D,C,dummy,proc_gkf,2,160,40,-0.04721041713614205,13.444209648911691,20.53837712733482,,16_32,1.0,27.163351072259502,stable
DCT_16_32_PC1,D,C,ridge,proc_gkf,2,160,40,-0.25023691078910226,16.198345935940445,22.441160173003766,0.05666041275797375,16_32,1.0,27.163351072259502,stable
DCT_16_32_PC1,D,C,extratrees,proc_gkf,2,160,40,-0.6775951959170254,15.328230103263632,25.995174324917514,-0.0225140712945591,16_32,1.0,27.163351072259502,stable
DCT_16_32_PC2,D,C,dummy,proc_gkf,2,160,40,-0.027406204686376556,10.855954154306716,19.10390990385339,,16_32,2.0,64.9749613013703,unstable_pc
DCT_16_32_PC2,D,C,ridge,proc_gkf,2,160,40,-0.23904471139734262,13.141574811210443,20.979477045584183,-0.17166979362101317,16_32,2.0,64.9749613013703,unstable_pc
DCT_16_32_PC2,D,C,extratrees,proc_gkf,2,160,40,-1.0482164913224632,16.694024461830406,26.973611523680137,-0.14634146341463417,16_32,2.0,64.9749613013703,unstable_pc
DCT_16_32_PC3,D,C,dummy,proc_gkf,2,160,40,-0.0024467786894839527,13.022125433157901,30.46602961392347,,16_32,3.0,77.39219451086524,unstable_pc
DCT_16_32_PC3,D,C,ridge,proc_gkf,2,160,40,-0.05468150607310318,13.976617334271214,31.249700756100072,-0.17448405253283306,16_32,3.0,77.39219451086524,unstable_pc
DCT_16_32_PC3,D,C,extratrees,proc_gkf,2,160,40,0.023293476579623995,15.884182311745008,30.072341307992847,0.012382739212007506,16_32,3.0,77.39219451086524,unstable_pc
DCT_32_64_PC1,D,C,dummy,proc_gkf,2,160,40,-0.011579375255577506,33.440810702471715,58.637476235072285,,32_64,1.0,9.289257714894074,stable
DCT_32_64_PC1,D,C,ridge,proc_gkf,2,160,40,-0.03391719239719482,38.72725265328975,59.28136095265421,0.25234521575985,32_64,1.0,9.289257714894074,stable
DCT_32_64_PC1,D,C,extratrees,proc_gkf,2,160,40,0.10898354246816244,33.691932628104624,55.03236156414393,0.13489681050656663,32_64,1.0,9.289257714894074,stable
DCT_32_64_PC2,D,C,dummy,proc_gkf,2,160,40,-0.0608569921838904,27.450814157715637,66.62876052773169,,32_64,2.0,62.949513811255244,unstable_pc
DCT_32_64_PC2,D,C,ridge,proc_gkf,2,160,40,-0.009388446875370215,28.419374611967932,64.99238546961797,0.23283302063789874,32_64,2.0,62.949513811255244,unstable_pc
DCT_32_64_PC2,D,C,extratrees,proc_gkf,2,160,40,-0.23773479825589483,33.08827156623315,71.96927259894413,0.12814258911819887,32_64,2.0,62.949513811255244,unstable_pc
DCT_32_64_PC3,D,C,dummy,proc_gkf,2,160,40,-0.030633705225501018,20.90281081803158,31.85599841810177,,32_64,3.0,59.68091875013171,unstable_pc
DCT_32_64_PC3,D,C,ridge,proc_gkf,2,160,40,-0.03995678208326492,20.635442202360885,31.99975816864744,-0.06078799249530957,32_64,3.0,59.68091875013171,unstable_pc
DCT_32_64_PC3,D,C,extratrees,proc_gkf,2,160,40,-0.7167439220875176,24.83072673180219,41.11419673975691,0.020262664165103195,32_64,3.0,59.68091875013171,unstable_pc
DCT_64_inf_PC1,D,C,dummy,proc_gkf,2,160,40,-0.06468363400986465,65.00840090781703,141.26120913880337,,64_inf,1.0,34.83167357898444,stable
DCT_64_inf_PC1,D,C,ridge,proc_gkf,2,160,40,-0.12726613529990805,77.91804099733265,145.3536227144064,0.09662288930581615,64_inf,1.0,34.83167357898444,stable
DCT_64_inf_PC1,D,C,extratrees,proc_gkf,2,160,40,-0.4797617853556484,89.23062096979761,166.5361552043024,-0.2849906191369606,64_inf,1.0,34.83167357898444,stable
DCT_64_inf_PC2,D,C,dummy,proc_gkf,2,160,40,-0.01260629795606616,62.05545403577944,137.87715592509235,,64_inf,2.0,41.88664424923212,unstable_pc
DCT_64_inf_PC2,D,C,ridge,proc_gkf,2,160,40,-0.041103004057990056,68.80136304991206,139.803760723591,-0.020637898686679177,64_inf,2.0,41.88664424923212,unstable_pc
DCT_64_inf_PC2,D,C,extratrees,proc_gkf,2,160,40,0.12715939633452955,60.859840621455604,128.00869637028427,0.4106941838649156,64_inf,2.0,41.88664424923212,unstable_pc
DCT_64_inf_PC3,D,C,dummy,proc_gkf,2,160,40,-0.060239215145235336,44.38663331051771,97.36492819655552,,64_inf,3.0,56.24223510649337,unstable_pc
DCT_64_inf_PC3,D,C,ridge,proc_gkf,2,160,40,-0.08851211257414593,46.36997527486384,98.65457936552632,0.08292682926829269,64_inf,3.0,56.24223510649337,unstable_pc
DCT_64_inf_PC3,D,C,extratrees,proc_gkf,2,160,40,-0.14179456609697794,52.044465893858636,101.04029420008686,-0.05966228893058162,64_inf,3.0,56.24223510649337,unstable_pc
median_depth_um,A,A,dummy,proc_gkf,3,160,40,-0.16166960550492138,17.216142437499997,19.533516683838297,,,,,
median_depth_um,A,A,ridge,proc_gkf,3,160,40,0.6648907038168563,8.865610657675145,10.491373836871183,0.8926829268292685,,,,
median_depth_um,A,A,extratrees,proc_gkf,3,160,40,0.9350861648145433,3.5265775389801597,4.617509087805963,0.9628517823639776,,,,
Sq_um,B,A,dummy,proc_gkf,3,160,40,-0.03846806358925403,0.8881705052853966,1.1919827042537836,,,,,
Sq_um,B,A,ridge,proc_gkf,3,160,40,0.06709680405836149,0.882333248774103,1.1297742492832048,0.526454033771107,,,,
Sq_um,B,A,extratrees,proc_gkf,3,160,40,-1.5320094923959324,1.1762104940359557,1.8612557225728814,0.47748592870544093,,,,
Sa_um,B,A,dummy,proc_gkf,3,160,40,-0.00941671868116889,0.5221850781766134,0.9044341151956209,,,,,
Sa_um,B,A,ridge,proc_gkf,3,160,40,0.18585113088114524,0.5130876927564565,0.812257258062633,0.5448405253283302,,,,
Sa_um,B,A,extratrees,proc_gkf,3,160,40,-0.5261140193282154,0.6169158179147184,1.1120778219013172,0.4947467166979363,,,,
Ssk_skewness,B,A,dummy,proc_gkf,3,160,40,-0.0002979603854227353,1.5805635744140036,1.9714374112832693,,,,,
Ssk_skewness,B,A,ridge,proc_gkf,3,160,40,0.11469552851520604,1.4129314201994412,1.8546613899704458,0.39493433395872424,,,,
Ssk_skewness,B,A,extratrees,proc_gkf,3,160,40,0.11466491198760886,1.3681888287930013,1.8546934596157103,0.3538461538461539,,,,
kurtosis_excess_fisher,B,A,dummy,proc_gkf,3,160,40,-0.00027489049960904843,10.04993797434291,12.701683163777428,,,,,
kurtosis_excess_fisher,B,A,ridge,proc_gkf,3,160,40,0.0772457143672336,8.18446531868354,12.199572919976527,0.43283302063789875,,,,
kurtosis_excess_fisher,B,A,extratrees,proc_gkf,3,160,40,-0.31116854969672403,10.349881187515837,14.542224789168367,0.20168855534709193,,,,
grad_rms_um_per_um,B,A,dummy,proc_gkf,3,160,40,-0.07375174022199094,0.25710016277143144,0.310022001739518,,,,,
grad_rms_um_per_um,B,A,ridge,proc_gkf,3,160,40,0.06503072026430212,0.2427289551108111,0.2892938801434211,0.46397748592870547,,,,
grad_rms_um_per_um,B,A,extratrees,proc_gkf,3,160,40,-0.7571082070470518,0.288853764489601,0.39658823761487294,0.36435272045028144,,,,
lap_rms_um_per_px2,B,A,dummy,proc_gkf,3,160,40,-0.1456083526031855,0.13747699212432202,0.15534795145358393,,,,,
lap_rms_um_per_px2,B,A,ridge,proc_gkf,3,160,40,-0.13516874361995157,0.14033410272715566,0.15463851027100647,0.35478424015009385,,,,
lap_rms_um_per_px2,B,A,extratrees,proc_gkf,3,160,40,-0.9630557012604464,0.1576113892297998,0.20335448551698757,0.18386491557223267,,,,
acf_e_fold_lag_um,B,A,dummy,proc_gkf,3,160,40,-0.03478184548354668,7.66015625,8.292413613367115,,,,,
acf_e_fold_lag_um,B,A,ridge,proc_gkf,3,160,40,0.18313016563197282,6.649672587382469,7.367717830589514,0.5057030119849849,,,,
acf_e_fold_lag_um,B,A,extratrees,proc_gkf,3,160,40,0.19344295853506333,5.992828693632754,7.321062241293248,0.49058918519278477,,,,
aniso_gradx_over_y,B,A,dummy,proc_gkf,3,160,40,-0.13137016940585977,0.49947125177042595,0.6042906697608996,,,,,
aniso_gradx_over_y,B,A,ridge,proc_gkf,3,160,40,0.18097061436911888,0.39930448146014325,0.5141540593025958,0.5136960600375235,,,,
aniso_gradx_over_y,B,A,extratrees,proc_gkf,3,160,40,0.2932641953763794,0.33117012852136407,0.47760852937173276,0.5829268292682928,,,,
pit_density_per_Mpx,B,A,dummy,proc_gkf,3,160,40,-0.010779058413841858,8304.19921875,12955.623408769301,,,,,
pit_density_per_Mpx,B,A,ridge,proc_gkf,3,160,40,0.034858491275935544,8074.105352026486,12659.766480573964,0.32461593002967987,,,,
pit_density_per_Mpx,B,A,extratrees,proc_gkf,3,160,40,-0.2789417845018649,8728.439451997658,14573.222177690539,0.19906166855388158,,,,
pit_depth_um,B,A,dummy,proc_gkf,3,160,40,-0.005151787645746531,1.707342340115574,3.1388824634631676,,,,,
pit_depth_um,B,A,ridge,proc_gkf,3,160,40,0.1844833873638555,1.7227348237450137,2.8273243608751835,0.4315196998123828,,,,
pit_depth_um,B,A,extratrees,proc_gkf,3,160,40,0.16533682470628808,1.7384219759544166,2.860321533244179,0.46660412757973746,,,,
peak_to_valley_p98p2_um,B,A,dummy,proc_gkf,3,160,40,-0.011491191315714744,3.6492455338942826,4.864066574869504,,,,,
peak_to_valley_p98p2_um,B,A,ridge,proc_gkf,3,160,40,0.17088485644874774,3.4556744313523113,4.4037827074299365,0.4889305816135085,,,,
peak_to_valley_p98p2_um,B,A,extratrees,proc_gkf,3,160,40,-0.7679030449347481,4.454126677852997,6.430543492994123,0.5131332082551595,,,,
deepest_negative_residual_um,B,A,dummy,proc_gkf,3,160,40,-0.005151787645746531,1.707342340115574,3.1388824634631676,,,,,
deepest_negative_residual_um,B,A,ridge,proc_gkf,3,160,40,0.1844833873638555,1.7227348237450137,2.8273243608751835,0.4315196998123828,,,,
deepest_negative_residual_um,B,A,extratrees,proc_gkf,3,160,40,0.16533682470628808,1.7384219759544166,2.860321533244179,0.46660412757973746,,,,
rms_DCT_8_16_um,C,A,dummy,proc_gkf,3,160,40,-0.09341275772493551,0.25187328446246715,0.2981097836894965,,,,,
rms_DCT_8_16_um,C,A,ridge,proc_gkf,3,160,40,0.07705636489516399,0.22265936440240358,0.2738872090753801,0.5444652908067543,,,,
rms_DCT_8_16_um,C,A,extratrees,proc_gkf,3,160,40,-0.3722299527340309,0.24262658277400448,0.33396242687963085,0.4530956848030019,,,,
E_DCT_8_16_frac,C,A,dummy,proc_gkf,3,160,40,-0.13282482006278173,0.13693211687739437,0.16411380535479192,,,,,
E_DCT_8_16_frac,C,A,ridge,proc_gkf,3,160,40,0.18344227838063398,0.12055596776240844,0.13933402495783143,0.45909943714821777,,,,
E_DCT_8_16_frac,C,A,extratrees,proc_gkf,3,160,40,0.33285681518669963,0.10349888004800856,0.1259427768867811,0.5990619136960601,,,,
rms_DCT_16_32_um,C,A,dummy,proc_gkf,3,160,40,-0.010057929440046243,0.36238866390619934,0.4862617359731401,,,,,
rms_DCT_16_32_um,C,A,ridge,proc_gkf,3,160,40,0.17761742843132233,0.32995104051108476,0.4387669468975894,0.5951219512195123,,,,
rms_DCT_16_32_um,C,A,extratrees,proc_gkf,3,160,40,-0.30366309838685246,0.38072923502823897,0.552433035189609,0.6495309568480301,,,,
E_DCT_16_32_frac,C,A,dummy,proc_gkf,3,160,40,-0.0025221712917506967,0.07482217707853223,0.0947374031081749,,,,,
E_DCT_16_32_frac,C,A,ridge,proc_gkf,3,160,40,0.03691735802035401,0.07722385695237002,0.09285520659796774,0.38348968105065667,,,,
E_DCT_16_32_frac,C,A,extratrees,proc_gkf,3,160,40,0.3424114170018199,0.05887192243898777,0.07672760020890122,0.5626641651031896,,,,
rms_DCT_32_64_um,C,A,dummy,proc_gkf,3,160,40,-0.01550390625153697,0.4281016022217735,0.5998616882761517,,,,,
rms_DCT_32_64_um,C,A,ridge,proc_gkf,3,160,40,0.22458894606980773,0.38224817833134217,0.5241750197650836,0.6065666041275798,,,,
rms_DCT_32_64_um,C,A,extratrees,proc_gkf,3,160,40,-0.7418639275389918,0.5166483641688796,0.7856288784269047,0.6163227016885554,,,,
E_DCT_32_64_frac,C,A,dummy,proc_gkf,3,160,40,-0.0011103710425215407,0.07257373825164523,0.0966808486315068,,,,,
E_DCT_32_64_frac,C,A,ridge,proc_gkf,3,160,40,0.3393871047262429,0.056058374989006655,0.0785367629644524,0.5712945590994373,,,,
E_DCT_32_64_frac,C,A,extratrees,proc_gkf,3,160,40,-0.05075497478301205,0.07773797749781532,0.09904902412153269,0.4632270168855535,,,,
rms_DCT_64_inf_um,C,A,dummy,proc_gkf,3,160,40,-0.021861269768157277,0.6370962672301432,0.9188067020679632,,,,,
rms_DCT_64_inf_um,C,A,ridge,proc_gkf,3,160,40,-0.0586166429757049,0.6930252591077299,0.9351850244373899,0.4311444652908068,,,,
rms_DCT_64_inf_um,C,A,extratrees,proc_gkf,3,160,40,-2.1203712197843796,0.9110767925166752,1.605577659915167,0.4010507063842556,,,,
E_DCT_64_inf_frac,C,A,dummy,proc_gkf,3,160,40,-0.06428392500096813,0.21761216611739398,0.2620980161436571,,,,,
E_DCT_64_inf_frac,C,A,ridge,proc_gkf,3,160,40,0.28223700363942394,0.17526516009083076,0.21524125463851182,0.5652908067542214,,,,
E_DCT_64_inf_frac,C,A,extratrees,proc_gkf,3,160,40,0.0656807805935613,0.19897592656666127,0.2455741354190192,0.4643527204502815,,,,
DCT_8_16_PC1,D,A,dummy,proc_gkf,3,160,40,-0.5929379536585568,5.281270011265484,7.048983392839499,,8_16,1.0,11.551248385708405,stable
DCT_8_16_PC1,D,A,ridge,proc_gkf,3,160,40,-1.5522244503767126,6.408411786225324,8.92249862808185,-0.04878048780487805,8_16,1.0,11.551248385708405,stable
DCT_8_16_PC1,D,A,extratrees,proc_gkf,3,160,40,-4.029948731954424,8.410059166927724,12.525897013246894,-0.017636022514071297,8_16,1.0,11.551248385708405,stable
DCT_8_16_PC2,D,A,dummy,proc_gkf,3,160,40,-0.16367780829435197,4.507450494346547,6.400440898058513,,8_16,2.0,21.71131439345723,stable
DCT_8_16_PC2,D,A,ridge,proc_gkf,3,160,40,-0.37953801698446155,5.1723523945712895,6.968837730606257,-0.07654784240150095,8_16,2.0,21.71131439345723,stable
DCT_8_16_PC2,D,A,extratrees,proc_gkf,3,160,40,-10.004076004769997,8.000825628924272,19.682048887499157,0.11913696060037525,8_16,2.0,21.71131439345723,stable
DCT_8_16_PC3,D,A,dummy,proc_gkf,3,160,40,-0.556757657732343,6.934420408121312,8.482130151846903,,8_16,3.0,77.44113730995036,unstable_pc
DCT_8_16_PC3,D,A,ridge,proc_gkf,3,160,40,-0.582425219649882,6.635557575273059,8.551770248992833,0.08311444652908069,8_16,3.0,77.44113730995036,unstable_pc
DCT_8_16_PC3,D,A,extratrees,proc_gkf,3,160,40,-0.7299711324711713,7.251221482598247,8.94157152449924,-0.17204502814258915,8_16,3.0,77.44113730995036,unstable_pc
DCT_16_32_PC1,D,A,dummy,proc_gkf,3,160,40,-0.024751011840862258,10.865007743064597,22.334869644532255,,16_32,1.0,42.705916331519155,unstable_pc
DCT_16_32_PC1,D,A,ridge,proc_gkf,3,160,40,-0.12225220349960964,11.449872674226892,23.373270089745894,-0.06228893058161352,16_32,1.0,42.705916331519155,unstable_pc
DCT_16_32_PC1,D,A,extratrees,proc_gkf,3,160,40,-0.5224345840145728,15.608908471429226,27.223475237056373,0.0026266416510318954,16_32,1.0,42.705916331519155,unstable_pc
DCT_16_32_PC2,D,A,dummy,proc_gkf,3,160,40,-0.05234108759665812,10.118776689770113,17.28580191961908,,16_32,2.0,67.58937861611781,unstable_pc
DCT_16_32_PC2,D,A,ridge,proc_gkf,3,160,40,-0.32780433839748424,12.077073963830198,19.416829185803152,-0.03489681050656661,16_32,2.0,67.58937861611781,unstable_pc
DCT_16_32_PC2,D,A,extratrees,proc_gkf,3,160,40,-1.6672203856761798,16.283759327815392,27.51951142737742,-0.0013133208255159477,16_32,2.0,67.58937861611781,unstable_pc
DCT_16_32_PC3,D,A,dummy,proc_gkf,3,160,40,-0.08039827102337571,7.7910075971832695,11.74582621765714,,16_32,3.0,72.7923361982906,unstable_pc
DCT_16_32_PC3,D,A,ridge,proc_gkf,3,160,40,-0.24476642360133605,8.946248597352172,12.607691207580201,-0.1178236397748593,16_32,3.0,72.7923361982906,unstable_pc
DCT_16_32_PC3,D,A,extratrees,proc_gkf,3,160,40,-4.8539652697629005,18.276549470775024,27.341145217793958,0.16060037523452161,16_32,3.0,72.7923361982906,unstable_pc
DCT_32_64_PC1,D,A,dummy,proc_gkf,3,160,40,-0.2330709194041216,22.517961646830152,38.428903925790266,,32_64,1.0,13.006526083300654,stable
DCT_32_64_PC1,D,A,ridge,proc_gkf,3,160,40,-1.1863038170160816,28.38892486581122,51.17044883854101,-0.06397748592870545,32_64,1.0,13.006526083300654,stable
DCT_32_64_PC1,D,A,extratrees,proc_gkf,3,160,40,-6.405042667864791,36.89628476057035,94.17329205742843,-0.09774859287054409,32_64,1.0,13.006526083300654,stable
DCT_32_64_PC2,D,A,dummy,proc_gkf,3,160,40,-0.29930654377558086,21.750679876688842,29.917897135168182,,32_64,2.0,45.429533094377774,unstable_pc
DCT_32_64_PC2,D,A,ridge,proc_gkf,3,160,40,-0.491117600119956,22.37654064611572,32.05023365210032,0.10919324577861166,32_64,2.0,45.429533094377774,unstable_pc
DCT_32_64_PC2,D,A,extratrees,proc_gkf,3,160,40,-1.849761085143386,27.153944317382575,44.30772765828907,-0.07148217636022515,32_64,2.0,45.429533094377774,unstable_pc
DCT_32_64_PC3,D,A,dummy,proc_gkf,3,160,40,-0.0038618244734882623,12.426081909314941,26.183935983734926,,32_64,3.0,67.51216504972622,unstable_pc
DCT_32_64_PC3,D,A,ridge,proc_gkf,3,160,40,0.0059019823700403595,12.2705165537301,26.05628914564382,0.22420262664165103,32_64,3.0,67.51216504972622,unstable_pc
DCT_32_64_PC3,D,A,extratrees,proc_gkf,3,160,40,-0.6017477457014018,19.99204954008976,33.07463207628621,0.021763602251407135,32_64,3.0,67.51216504972622,unstable_pc
DCT_64_inf_PC1,D,A,dummy,proc_gkf,3,160,40,-0.006390064809032481,44.89498167880449,67.90675853357546,,64_inf,1.0,26.41231717141903,stable
DCT_64_inf_PC1,D,A,ridge,proc_gkf,3,160,40,-0.029677080170608106,46.49677688048128,68.68791802761423,0.249718574108818,64_inf,1.0,26.41231717141903,stable
DCT_64_inf_PC1,D,A,extratrees,proc_gkf,3,160,40,-1.5536866178373208,75.73910118522144,108.17169383524491,0.02739212007504691,64_inf,1.0,26.41231717141903,stable
DCT_64_inf_PC2,D,A,dummy,proc_gkf,3,160,40,-0.047976196445673525,41.94212604493098,65.66720919423575,,64_inf,2.0,34.810410234809424,stable
DCT_64_inf_PC2,D,A,ridge,proc_gkf,3,160,40,-0.8746830369199994,54.739037850149245,87.82876484337892,0.0628517823639775,64_inf,2.0,34.810410234809424,stable
DCT_64_inf_PC2,D,A,extratrees,proc_gkf,3,160,40,-3.297332929709256,68.26117014809485,132.97572016344114,0.20900562851782367,64_inf,2.0,34.810410234809424,stable
DCT_64_inf_PC3,D,A,dummy,proc_gkf,3,160,40,-0.011509378596693987,28.290585874274313,46.61712188499335,,64_inf,3.0,43.41424667760241,unstable_pc
DCT_64_inf_PC3,D,A,ridge,proc_gkf,3,160,40,0.06337639110806104,28.046804136148722,44.858324709395546,0.09962476547842404,64_inf,3.0,43.41424667760241,unstable_pc
DCT_64_inf_PC3,D,A,extratrees,proc_gkf,3,160,40,-1.0163488275220467,39.87178869673134,65.8177957359862,0.1924953095684803,64_inf,3.0,43.41424667760241,unstable_pc
median_depth_um,A,R,dummy,proc_gkf,3,160,40,-0.16166960550492138,17.216142437499997,19.533516683838297,,,,,
median_depth_um,A,R,ridge,proc_gkf,3,160,40,0.48497739321135713,10.813412276767838,13.00625519286853,0.8230769230769233,,,,
median_depth_um,A,R,extratrees,proc_gkf,3,160,40,0.8685866350427409,4.598868390506483,6.569902016899652,0.9470919324577863,,,,
Sq_um,B,R,dummy,proc_gkf,3,160,40,-0.03846806358925403,0.8881705052853966,1.1919827042537836,,,,,
Sq_um,B,R,ridge,proc_gkf,3,160,40,-0.4910697217329747,1.1171959456140592,1.4283096057711644,0.39962476547842407,,,,
Sq_um,B,R,extratrees,proc_gkf,3,160,40,-1.3002967440258466,1.1647443707945437,1.7740477850434206,0.4615384615384616,,,,
Sa_um,B,R,dummy,proc_gkf,3,160,40,-0.00941671868116889,0.5221850781766134,0.9044341151956209,,,,,
Sa_um,B,R,ridge,proc_gkf,3,160,40,-0.0852298120885937,0.6173613558372782,0.9377834123184582,0.3861163227016886,,,,
Sa_um,B,R,extratrees,proc_gkf,3,160,40,-0.4742745817443932,0.6581707837509347,1.0930269689041854,0.4953095684803002,,,,
Ssk_skewness,B,R,dummy,proc_gkf,3,160,40,-0.0002979603854227353,1.5805635744140036,1.9714374112832693,,,,,
Ssk_skewness,B,R,ridge,proc_gkf,3,160,40,0.06895212477209156,1.4500878831645982,1.9019728304399108,0.33452157598499066,,,,
Ssk_skewness,B,R,extratrees,proc_gkf,3,160,40,-0.13396387957536482,1.5762724391913987,2.099026457070006,0.20243902439024392,,,,
kurtosis_excess_fisher,B,R,dummy,proc_gkf,3,160,40,-0.00027489049960904843,10.04993797434291,12.701683163777428,,,,,
kurtosis_excess_fisher,B,R,ridge,proc_gkf,3,160,40,0.069021044716844,9.25240113440422,12.253820767040047,0.39136960600375237,,,,
kurtosis_excess_fisher,B,R,extratrees,proc_gkf,3,160,40,-0.19913062838944406,9.83296129740212,13.907044354378504,0.32270168855534714,,,,
grad_rms_um_per_um,B,R,dummy,proc_gkf,3,160,40,-0.07375174022199094,0.25710016277143144,0.310022001739518,,,,,
grad_rms_um_per_um,B,R,ridge,proc_gkf,3,160,40,-0.23655964342094138,0.283590403284039,0.3326964065377792,0.39793621013133207,,,,
grad_rms_um_per_um,B,R,extratrees,proc_gkf,3,160,40,-0.7613539371774216,0.302524044388499,0.39706708994095546,0.49718574108818014,,,,
lap_rms_um_per_px2,B,R,dummy,proc_gkf,3,160,40,-0.1456083526031855,0.13747699212432202,0.15534795145358393,,,,,
lap_rms_um_per_px2,B,R,ridge,proc_gkf,3,160,40,-0.3709979545401587,0.1518717805464424,0.16994400480681635,0.15365853658536588,,,,
lap_rms_um_per_px2,B,R,extratrees,proc_gkf,3,160,40,-0.9652503114314102,0.1623591791305682,0.20346812446268306,0.2641651031894935,,,,
acf_e_fold_lag_um,B,R,dummy,proc_gkf,3,160,40,-0.03478184548354668,7.66015625,8.292413613367115,,,,,
acf_e_fold_lag_um,B,R,ridge,proc_gkf,3,160,40,0.11921836477292291,7.090119814326355,7.650515175702596,0.5444732633214985,,,,
acf_e_fold_lag_um,B,R,extratrees,proc_gkf,3,160,40,-0.018798140441583122,7.005978259657013,8.228120198764165,0.23825399005344197,,,,
aniso_gradx_over_y,B,R,dummy,proc_gkf,3,160,40,-0.13137016940585977,0.49947125177042595,0.6042906697608996,,,,,
aniso_gradx_over_y,B,R,ridge,proc_gkf,3,160,40,-0.10750118719324209,0.5059251998339117,0.5978822045587394,0.3666041275797374,,,,
aniso_gradx_over_y,B,R,extratrees,proc_gkf,3,160,40,0.16453589618052622,0.38583332623729466,0.5192869689095629,0.44465290806754226,,,,
pit_density_per_Mpx,B,R,dummy,proc_gkf,3,160,40,-0.010779058413841858,8304.19921875,12955.623408769301,,,,,
pit_density_per_Mpx,B,R,ridge,proc_gkf,3,160,40,-0.016712739079862482,8205.19198191195,12993.595129846646,0.3852871186821224,,,,
pit_density_per_Mpx,B,R,extratrees,proc_gkf,3,160,40,-0.3900996989034451,9167.982546918143,15193.337052036599,0.16957847935748802,,,,
pit_depth_um,B,R,dummy,proc_gkf,3,160,40,-0.005151787645746531,1.707342340115574,3.1388824634631676,,,,,
pit_depth_um,B,R,ridge,proc_gkf,3,160,40,0.12444030155555275,1.691057935973469,2.929558066318658,0.4990619136960601,,,,
pit_depth_um,B,R,extratrees,proc_gkf,3,160,40,0.16061068535990886,1.8330120591342969,2.8684081460755477,0.4337711069418387,,,,
peak_to_valley_p98p2_um,B,R,dummy,proc_gkf,3,160,40,-0.011491191315714744,3.6492455338942826,4.864066574869504,,,,,
peak_to_valley_p98p2_um,B,R,ridge,proc_gkf,3,160,40,-0.41541803304660596,4.496232694633436,5.753880264949516,0.37242026266416517,,,,
peak_to_valley_p98p2_um,B,R,extratrees,proc_gkf,3,160,40,-1.027429650969172,4.520579333288126,6.886385880804937,0.45046904315197006,,,,
deepest_negative_residual_um,B,R,dummy,proc_gkf,3,160,40,-0.005151787645746531,1.707342340115574,3.1388824634631676,,,,,
deepest_negative_residual_um,B,R,ridge,proc_gkf,3,160,40,0.12444030155555275,1.691057935973469,2.929558066318658,0.4990619136960601,,,,
deepest_negative_residual_um,B,R,extratrees,proc_gkf,3,160,40,0.16061068535990886,1.8330120591342969,2.8684081460755477,0.4337711069418387,,,,
rms_DCT_8_16_um,C,R,dummy,proc_gkf,3,160,40,-0.09341275772493551,0.25187328446246715,0.2981097836894965,,,,,
rms_DCT_8_16_um,C,R,ridge,proc_gkf,3,160,40,-0.09244892678328642,0.25797015040901533,0.2979783645257868,0.5153846153846154,,,,
rms_DCT_8_16_um,C,R,extratrees,proc_gkf,3,160,40,-0.3861219635140516,0.2666653811919828,0.33564863359673336,0.5938086303939962,,,,
E_DCT_8_16_frac,C,R,dummy,proc_gkf,3,160,40,-0.13282482006278173,0.13693211687739437,0.16411380535479192,,,,,
E_DCT_8_16_frac,C,R,ridge,proc_gkf,3,160,40,-0.10839841877926837,0.14124504108183372,0.16233482104554905,0.31594746716697936,,,,
E_DCT_8_16_frac,C,R,extratrees,proc_gkf,3,160,40,0.2675781803804085,0.10877752059467989,0.1319606283303232,0.4782363977485929,,,,
rms_DCT_16_32_um,C,R,dummy,proc_gkf,3,160,40,-0.010057929440046243,0.36238866390619934,0.4862617359731401,,,,,
rms_DCT_16_32_um,C,R,ridge,proc_gkf,3,160,40,-0.1695813536199582,0.42199287870844004,0.5232535372485846,0.41257035647279555,,,,
rms_DCT_16_32_um,C,R,extratrees,proc_gkf,3,160,40,-0.3482535987163078,0.39413858674533675,0.5618013119773329,0.6193245778611634,,,,
E_DCT_16_32_frac,C,R,dummy,proc_gkf,3,160,40,-0.0025221712917506967,0.07482217707853223,0.0947374031081749,,,,,
E_DCT_16_32_frac,C,R,ridge,proc_gkf,3,160,40,0.019750547587267797,0.07594979533393172,0.09367911668751913,0.4889305816135085,,,,
E_DCT_16_32_frac,C,R,extratrees,proc_gkf,3,160,40,-0.29233394409399804,0.08800328689869019,0.10756274048418696,0.19418386491557227,,,,
rms_DCT_32_64_um,C,R,dummy,proc_gkf,3,160,40,-0.01550390625153697,0.4281016022217735,0.5998616882761517,,,,,
rms_DCT_32_64_um,C,R,ridge,proc_gkf,3,160,40,-0.16342867798756466,0.503197044867315,0.6420667921816299,0.45741088180112577,,,,
rms_DCT_32_64_um,C,R,extratrees,proc_gkf,3,160,40,-0.795116729097525,0.5025980346121781,0.797547711941012,0.5836772983114447,,,,
E_DCT_32_64_frac,C,R,dummy,proc_gkf,3,160,40,-0.0011103710425215407,0.07257373825164523,0.0966808486315068,,,,,
E_DCT_32_64_frac,C,R,ridge,proc_gkf,3,160,40,0.3382795272099125,0.0609968368704395,0.07860257240007201,0.4962476547842402,,,,
E_DCT_32_64_frac,C,R,extratrees,proc_gkf,3,160,40,-0.1168891920769326,0.07606500780623583,0.1021185213685024,0.32345215759849916,,,,
rms_DCT_64_inf_um,C,R,dummy,proc_gkf,3,160,40,-0.021861269768157277,0.6370962672301432,0.9188067020679632,,,,,
rms_DCT_64_inf_um,C,R,ridge,proc_gkf,3,160,40,-0.751773434847077,0.8756990494910408,1.2030042260325091,0.3786116322701689,,,,
rms_DCT_64_inf_um,C,R,extratrees,proc_gkf,3,160,40,-1.5319079383630636,0.9131513318549256,1.446279199334966,0.40731707317073174,,,,
E_DCT_64_inf_frac,C,R,dummy,proc_gkf,3,160,40,-0.06428392500096813,0.21761216611739398,0.2620980161436571,,,,,
E_DCT_64_inf_frac,C,R,ridge,proc_gkf,3,160,40,-0.12822155888002373,0.22820488698888078,0.26985606270928786,0.35140712945590996,,,,
E_DCT_64_inf_frac,C,R,extratrees,proc_gkf,3,160,40,-0.05198314547980143,0.21099190885806723,0.2605789761233596,0.3532833020637899,,,,
DCT_8_16_PC1,D,R,dummy,proc_gkf,3,160,40,-0.5929379536585568,5.281270011265484,7.048983392839499,,8_16,1.0,11.551248385708405,stable
DCT_8_16_PC1,D,R,ridge,proc_gkf,3,160,40,-0.721966685560594,5.388143188235707,7.328910698227323,0.0022514071294559104,8_16,1.0,11.551248385708405,stable
DCT_8_16_PC1,D,R,extratrees,proc_gkf,3,160,40,-22.713962027383086,19.76135420990861,27.19750826790599,-0.006941838649155724,8_16,1.0,11.551248385708405,stable
DCT_8_16_PC2,D,R,dummy,proc_gkf,3,160,40,-0.16367780829435197,4.507450494346547,6.400440898058513,,8_16,2.0,21.71131439345723,stable
DCT_8_16_PC2,D,R,ridge,proc_gkf,3,160,40,-0.45570222102829194,5.184579567170957,7.158627885345589,-0.14465290806754225,8_16,2.0,21.71131439345723,stable
DCT_8_16_PC2,D,R,extratrees,proc_gkf,3,160,40,-2.5209459776213867,6.584253275489138,11.133281658928396,-0.3559099437148218,8_16,2.0,21.71131439345723,stable
DCT_8_16_PC3,D,R,dummy,proc_gkf,3,160,40,-0.556757657732343,6.934420408121312,8.482130151846903,,8_16,3.0,77.44113730995036,unstable_pc
DCT_8_16_PC3,D,R,ridge,proc_gkf,3,160,40,-0.7194081426343315,6.889784888618898,8.914231662059278,-0.03714821763602252,8_16,3.0,77.44113730995036,unstable_pc
DCT_8_16_PC3,D,R,extratrees,proc_gkf,3,160,40,-3.759394374941868,11.080241561359085,14.830994479060967,-0.10187617260787994,8_16,3.0,77.44113730995036,unstable_pc
DCT_16_32_PC1,D,R,dummy,proc_gkf,3,160,40,-0.024751011840862258,10.865007743064597,22.334869644532255,,16_32,1.0,42.705916331519155,unstable_pc
DCT_16_32_PC1,D,R,ridge,proc_gkf,3,160,40,-0.07088353087183208,11.184311478843526,22.83207403380564,0.12157598499061914,16_32,1.0,42.705916331519155,unstable_pc
DCT_16_32_PC1,D,R,extratrees,proc_gkf,3,160,40,-1.7323874187241808,18.567499072585637,36.470807796879996,0.19587242026266422,16_32,1.0,42.705916331519155,unstable_pc
DCT_16_32_PC2,D,R,dummy,proc_gkf,3,160,40,-0.05234108759665812,10.118776689770113,17.28580191961908,,16_32,2.0,67.58937861611781,unstable_pc
DCT_16_32_PC2,D,R,ridge,proc_gkf,3,160,40,-0.4250742567293484,11.756951320727598,20.115462193132373,0.0005628517823639776,16_32,2.0,67.58937861611781,unstable_pc
DCT_16_32_PC2,D,R,extratrees,proc_gkf,3,160,40,-5.764243120073978,19.515620472023915,43.82489383437871,-0.21669793621013136,16_32,2.0,67.58937861611781,unstable_pc
DCT_16_32_PC3,D,R,dummy,proc_gkf,3,160,40,-0.08039827102337571,7.7910075971832695,11.74582621765714,,16_32,3.0,72.7923361982906,unstable_pc
DCT_16_32_PC3,D,R,ridge,proc_gkf,3,160,40,-0.323019867359033,8.69383367953943,12.997948555888442,0.037335834896810506,16_32,3.0,72.7923361982906,unstable_pc
DCT_16_32_PC3,D,R,extratrees,proc_gkf,3,160,40,-1.5785462441408087,12.843973621835346,18.145924228610415,0.17429643527204505,16_32,3.0,72.7923361982906,unstable_pc
DCT_32_64_PC1,D,R,dummy,proc_gkf,3,160,40,-0.2330709194041216,22.517961646830152,38.428903925790266,,32_64,1.0,13.006526083300654,stable
DCT_32_64_PC1,D,R,ridge,proc_gkf,3,160,40,-1.7973926779288156,32.98116005478819,57.88162120649543,-0.2692307692307693,32_64,1.0,13.006526083300654,stable
DCT_32_64_PC1,D,R,extratrees,proc_gkf,3,160,40,-3.297268238322392,36.025213127537974,71.73980661097983,-0.08649155722326454,32_64,1.0,13.006526083300654,stable
DCT_32_64_PC2,D,R,dummy,proc_gkf,3,160,40,-0.29930654377558086,21.750679876688842,29.917897135168182,,32_64,2.0,45.429533094377774,unstable_pc
DCT_32_64_PC2,D,R,ridge,proc_gkf,3,160,40,-0.7056513149230901,23.8274280504478,34.27838706764695,-0.08911819887429645,32_64,2.0,45.429533094377774,unstable_pc
DCT_32_64_PC2,D,R,extratrees,proc_gkf,3,160,40,-1.0440906765832678,22.7808887893255,37.525400014904776,0.1307692307692308,32_64,2.0,45.429533094377774,unstable_pc
DCT_32_64_PC3,D,R,dummy,proc_gkf,3,160,40,-0.0038618244734882623,12.426081909314941,26.183935983734926,,32_64,3.0,67.51216504972622,unstable_pc
DCT_32_64_PC3,D,R,ridge,proc_gkf,3,160,40,-0.005035360686586721,12.539958292124162,26.199236307549263,0.023452157598499064,32_64,3.0,67.51216504972622,unstable_pc
DCT_32_64_PC3,D,R,extratrees,proc_gkf,3,160,40,-0.7389398168509911,18.771877066444343,34.46198086189805,0.15384615384615388,32_64,3.0,67.51216504972622,unstable_pc
DCT_64_inf_PC1,D,R,dummy,proc_gkf,3,160,40,-0.006390064809032481,44.89498167880449,67.90675853357546,,64_inf,1.0,26.41231717141903,stable
DCT_64_inf_PC1,D,R,ridge,proc_gkf,3,160,40,-0.06205543925403356,50.75853762447541,69.75951037073035,-0.1382739212007505,64_inf,1.0,26.41231717141903,stable
DCT_64_inf_PC1,D,R,extratrees,proc_gkf,3,160,40,-0.6511732223776128,60.80697177628207,86.98135090721848,-0.08930581613508444,64_inf,1.0,26.41231717141903,stable
DCT_64_inf_PC2,D,R,dummy,proc_gkf,3,160,40,-0.047976196445673525,41.94212604493098,65.66720919423575,,64_inf,2.0,34.810410234809424,stable
DCT_64_inf_PC2,D,R,ridge,proc_gkf,3,160,40,-0.7099661100629926,52.87159560992764,83.88157993671294,0.06322701688555347,64_inf,2.0,34.810410234809424,stable
DCT_64_inf_PC2,D,R,extratrees,proc_gkf,3,160,40,-0.9077157933632884,53.984845112435686,88.59917703726705,0.06416510318949344,64_inf,2.0,34.810410234809424,stable
DCT_64_inf_PC3,D,R,dummy,proc_gkf,3,160,40,-0.011509378596693987,28.290585874274313,46.61712188499335,,64_inf,3.0,43.41424667760241,unstable_pc
DCT_64_inf_PC3,D,R,ridge,proc_gkf,3,160,40,-0.2934447739253845,33.71716466862955,52.715028444975246,0.15853658536585366,64_inf,3.0,43.41424667760241,unstable_pc
DCT_64_inf_PC3,D,R,extratrees,proc_gkf,3,160,40,-2.6031518927431336,50.949669317219275,87.98361160599472,0.13639774859287057,64_inf,3.0,43.41424667760241,unstable_pc
median_depth_um,A,C,dummy,proc_gkf,3,160,40,-0.16166960550492138,17.216142437499997,19.533516683838297,,,,,
median_depth_um,A,C,ridge,proc_gkf,3,160,40,0.8080809941664399,6.059245092365585,7.939590752586479,0.9405253283302066,,,,
median_depth_um,A,C,extratrees,proc_gkf,3,160,40,0.9503643987785035,2.6734987289285863,4.037715992214507,0.9819887429643529,,,,
Sq_um,B,C,dummy,proc_gkf,3,160,40,-0.03846806358925403,0.8881705052853966,1.1919827042537836,,,,,
Sq_um,B,C,ridge,proc_gkf,3,160,40,-0.43590695345436714,1.087887128703159,1.4016401539133587,0.5050656660412759,,,,
Sq_um,B,C,extratrees,proc_gkf,3,160,40,-1.9628331789486841,1.287350727253763,2.0133857058439095,0.49099437148217645,,,,
Sa_um,B,C,dummy,proc_gkf,3,160,40,-0.00941671868116889,0.5221850781766134,0.9044341151956209,,,,,
Sa_um,B,C,ridge,proc_gkf,3,160,40,-0.06455662758714387,0.6116594478997024,0.9288082681730386,0.5052532833020638,,,,
Sa_um,B,C,extratrees,proc_gkf,3,160,40,-0.687718326813967,0.6846506254957608,1.1694769648915848,0.4632270168855535,,,,
Ssk_skewness,B,C,dummy,proc_gkf,3,160,40,-0.0002979603854227353,1.5805635744140036,1.9714374112832693,,,,,
Ssk_skewness,B,C,ridge,proc_gkf,3,160,40,0.11101206522703844,1.4094628593764094,1.8585157056973771,0.3906191369606004,,,,
Ssk_skewness,B,C,extratrees,proc_gkf,3,160,40,-0.010854317147273695,1.4135069299177456,1.9818126089976884,0.30318949343339596,,,,
kurtosis_excess_fisher,B,C,dummy,proc_gkf,3,160,40,-0.00027489049960904843,10.04993797434291,12.701683163777428,,,,,
kurtosis_excess_fisher,B,C,ridge,proc_gkf,3,160,40,0.11090636882141391,8.864300459013787,11.974995019035331,0.5196998123827393,,,,
kurtosis_excess_fisher,B,C,extratrees,proc_gkf,3,160,40,-0.36739265209703387,10.413691941327732,14.850744034513072,0.2686679174484053,,,,
grad_rms_um_per_um,B,C,dummy,proc_gkf,3,160,40,-0.07375174022199094,0.25710016277143144,0.310022001739518,,,,,
grad_rms_um_per_um,B,C,ridge,proc_gkf,3,160,40,-0.0995697937272284,0.2710367389030006,0.3137270574653387,0.551969981238274,,,,
grad_rms_um_per_um,B,C,extratrees,proc_gkf,3,160,40,-0.8385278832075103,0.302394680085622,0.40567260991014154,0.42870544090056295,,,,
lap_rms_um_per_px2,B,C,dummy,proc_gkf,3,160,40,-0.1456083526031855,0.13747699212432202,0.15534795145358393,,,,,
lap_rms_um_per_px2,B,C,ridge,proc_gkf,3,160,40,-0.24107397929694718,0.14808630172463028,0.16169116122648292,0.38893058161350846,,,,
lap_rms_um_per_px2,B,C,extratrees,proc_gkf,3,160,40,-1.1396123510102898,0.16540055673892823,0.21230244367112194,0.18930581613508446,,,,
acf_e_fold_lag_um,B,C,dummy,proc_gkf,3,160,40,-0.03478184548354668,7.66015625,8.292413613367115,,,,,
acf_e_fold_lag_um,B,C,ridge,proc_gkf,3,160,40,0.18609790602399423,6.828156226367358,7.354321957277526,0.5670031914589398,,,,
acf_e_fold_lag_um,B,C,extratrees,proc_gkf,3,160,40,0.30733579719106396,5.663293749999999,6.7845012593063,0.5534852345764751,,,,
aniso_gradx_over_y,B,C,dummy,proc_gkf,3,160,40,-0.13137016940585977,0.49947125177042595,0.6042906697608996,,,,,
aniso_gradx_over_y,B,C,ridge,proc_gkf,3,160,40,0.10929299050828967,0.40204449094312444,0.5361804341450019,0.47523452157598506,,,,
aniso_gradx_over_y,B,C,extratrees,proc_gkf,3,160,40,0.20680833222980044,0.34365528475941254,0.5059791238751995,0.6093808630393998,,,,
pit_density_per_Mpx,B,C,dummy,proc_gkf,3,160,40,-0.010779058413841858,8304.19921875,12955.623408769301,,,,,
pit_density_per_Mpx,B,C,ridge,proc_gkf,3,160,40,0.03564254615909379,8105.920433498574,12654.623209689857,0.33213715176345376,,,,
pit_density_per_Mpx,B,C,extratrees,proc_gkf,3,160,40,-0.5867559788987917,9763.519175502233,16232.494690579602,0.08925183124078316,,,,
pit_depth_um,B,C,dummy,proc_gkf,3,160,40,-0.005151787645746531,1.707342340115574,3.1388824634631676,,,,,
pit_depth_um,B,C,ridge,proc_gkf,3,160,40,0.2002359682215039,1.7552230150919002,2.799884802500179,0.4347091932457787,,,,
pit_depth_um,B,C,extratrees,proc_gkf,3,160,40,0.20910066990139597,1.7345387860086543,2.7843243972548826,0.5232645403377112,,,,
peak_to_valley_p98p2_um,B,C,dummy,proc_gkf,3,160,40,-0.011491191315714744,3.6492455338942826,4.864066574869504,,,,,
peak_to_valley_p98p2_um,B,C,ridge,proc_gkf,3,160,40,-0.33016922985885544,4.384848438587662,5.577915189519797,0.4904315196998124,,,,
peak_to_valley_p98p2_um,B,C,extratrees,proc_gkf,3,160,40,-1.1424942113736862,4.657515122745561,7.079103901782337,0.5166979362101314,,,,
deepest_negative_residual_um,B,C,dummy,proc_gkf,3,160,40,-0.005151787645746531,1.707342340115574,3.1388824634631676,,,,,
deepest_negative_residual_um,B,C,ridge,proc_gkf,3,160,40,0.2002359682215039,1.7552230150919002,2.799884802500179,0.4347091932457787,,,,
deepest_negative_residual_um,B,C,extratrees,proc_gkf,3,160,40,0.20910066990139609,1.7345387860086547,2.784324397254882,0.5232645403377112,,,,
rms_DCT_8_16_um,C,C,dummy,proc_gkf,3,160,40,-0.09341275772493551,0.25187328446246715,0.2981097836894965,,,,,
rms_DCT_8_16_um,C,C,ridge,proc_gkf,3,160,40,-0.026550718317104316,0.26088480691210125,0.28885132669692587,0.701313320825516,,,,
rms_DCT_8_16_um,C,C,extratrees,proc_gkf,3,160,40,-0.33630841368984177,0.2543197793516601,0.32956229035240403,0.4493433395872421,,,,
E_DCT_8_16_frac,C,C,dummy,proc_gkf,3,160,40,-0.13282482006278173,0.13693211687739437,0.16411380535479192,,,,,
E_DCT_8_16_frac,C,C,ridge,proc_gkf,3,160,40,0.20983018003849863,0.12083779718622409,0.1370641751483891,0.4707317073170732,,,,
E_DCT_8_16_frac,C,C,extratrees,proc_gkf,3,160,40,0.25900519429333624,0.10952141113184125,0.13273068008323113,0.5617260787992496,,,,
rms_DCT_16_32_um,C,C,dummy,proc_gkf,3,160,40,-0.010057929440046243,0.36238866390619934,0.4862617359731401,,,,,
rms_DCT_16_32_um,C,C,ridge,proc_gkf,3,160,40,0.03395418957663954,0.3792239064448678,0.47554959449765793,0.6118198874296437,,,,
rms_DCT_16_32_um,C,C,extratrees,proc_gkf,3,160,40,-0.48577278148570624,0.41181209680816827,0.5897570674421649,0.6562851782363979,,,,
E_DCT_16_32_frac,C,C,dummy,proc_gkf,3,160,40,-0.0025221712917506967,0.07482217707853223,0.0947374031081749,,,,,
E_DCT_16_32_frac,C,C,ridge,proc_gkf,3,160,40,-0.07430603983729811,0.08011621569067817,0.09807052304890859,0.2476547842401501,,,,
E_DCT_16_32_frac,C,C,extratrees,proc_gkf,3,160,40,0.0150956768400069,0.07239864624027263,0.09390127836497263,0.3647279549718575,,,,
rms_DCT_32_64_um,C,C,dummy,proc_gkf,3,160,40,-0.01550390625153697,0.4281016022217735,0.5998616882761517,,,,,
rms_DCT_32_64_um,C,C,ridge,proc_gkf,3,160,40,-0.050793116189193466,0.47769871738517294,0.6101954091071804,0.6330206378986868,,,,
rms_DCT_32_64_um,C,C,extratrees,proc_gkf,3,160,40,-0.8038720948050968,0.5199014078062894,0.799490295424254,0.6442776735459663,,,,
E_DCT_32_64_frac,C,C,dummy,proc_gkf,3,160,40,-0.0011103710425215407,0.07257373825164523,0.0966808486315068,,,,,
E_DCT_32_64_frac,C,C,ridge,proc_gkf,3,160,40,0.3049913188469573,0.06159188598270935,0.08055538696762285,0.5183864915572233,,,,
E_DCT_32_64_frac,C,C,extratrees,proc_gkf,3,160,40,-0.07233126865425299,0.07641410053046385,0.10006079718558153,0.4476547842401501,,,,
rms_DCT_64_inf_um,C,C,dummy,proc_gkf,3,160,40,-0.021861269768157277,0.6370962672301432,0.9188067020679632,,,,,
rms_DCT_64_inf_um,C,C,ridge,proc_gkf,3,160,40,-0.7932035039067697,0.8601543037988474,1.2171468356093118,0.36547842401500946,,,,
rms_DCT_64_inf_um,C,C,extratrees,proc_gkf,3,160,40,-2.504074413638514,1.0084593240341149,1.7014329735806435,0.41200750469043157,,,,
E_DCT_64_inf_frac,C,C,dummy,proc_gkf,3,160,40,-0.06428392500096813,0.21761216611739398,0.2620980161436571,,,,,
E_DCT_64_inf_frac,C,C,ridge,proc_gkf,3,160,40,0.1884104047499554,0.18314942144049812,0.2288775614873706,0.5030018761726079,,,,
E_DCT_64_inf_frac,C,C,extratrees,proc_gkf,3,160,40,0.02852790714731046,0.20481943808720304,0.2504091229202146,0.42645403377110697,,,,
DCT_8_16_PC1,D,C,dummy,proc_gkf,3,160,40,-0.5929379536585568,5.281270011265484,7.048983392839499,,8_16,1.0,11.551248385708405,stable
DCT_8_16_PC1,D,C,ridge,proc_gkf,3,160,40,-1.8291061917016025,6.767894793647261,9.394024359117843,-0.08348968105065667,8_16,1.0,11.551248385708405,stable
DCT_8_16_PC1,D,C,extratrees,proc_gkf,3,160,40,-6.906323312958744,10.274397724061004,15.704146657024566,-0.09831144465290809,8_16,1.0,11.551248385708405,stable
DCT_8_16_PC2,D,C,dummy,proc_gkf,3,160,40,-0.16367780829435197,4.507450494346547,6.400440898058513,,8_16,2.0,21.71131439345723,stable
DCT_8_16_PC2,D,C,ridge,proc_gkf,3,160,40,-0.5027082127445386,5.584452923957796,7.273289018937183,0.001876172607879925,8_16,2.0,21.71131439345723,stable
DCT_8_16_PC2,D,C,extratrees,proc_gkf,3,160,40,-2.6543091084710526,6.158459870927051,11.342170088023687,-0.0300187617260788,8_16,2.0,21.71131439345723,stable
DCT_8_16_PC3,D,C,dummy,proc_gkf,3,160,40,-0.556757657732343,6.934420408121312,8.482130151846903,,8_16,3.0,77.44113730995036,unstable_pc
DCT_8_16_PC3,D,C,ridge,proc_gkf,3,160,40,-0.6940949172206723,6.899081796815446,8.848370444891009,0.028330206378986873,8_16,3.0,77.44113730995036,unstable_pc
DCT_8_16_PC3,D,C,extratrees,proc_gkf,3,160,40,-0.860858145917657,7.651669738283891,9.273657680600813,-0.10656660412757975,8_16,3.0,77.44113730995036,unstable_pc
DCT_16_32_PC1,D,C,dummy,proc_gkf,3,160,40,-0.024751011840862258,10.865007743064597,22.334869644532255,,16_32,1.0,42.705916331519155,unstable_pc
DCT_16_32_PC1,D,C,ridge,proc_gkf,3,160,40,-0.1183574235940299,11.778564263094001,23.33267633418562,0.03283302063789869,16_32,1.0,42.705916331519155,unstable_pc
DCT_16_32_PC1,D,C,extratrees,proc_gkf,3,160,40,-1.8133242251531465,19.434852933227198,37.00702190015092,-0.011632270168855536,16_32,1.0,42.705916331519155,unstable_pc
DCT_16_32_PC2,D,C,dummy,proc_gkf,3,160,40,-0.05234108759665812,10.118776689770113,17.28580191961908,,16_32,2.0,67.58937861611781,unstable_pc
DCT_16_32_PC2,D,C,ridge,proc_gkf,3,160,40,-0.4941152089897989,12.966362749527587,20.59696882587149,0.0011257035647279552,16_32,2.0,67.58937861611781,unstable_pc
DCT_16_32_PC2,D,C,extratrees,proc_gkf,3,160,40,-1.7155282764953168,15.632426582824428,27.76760565993511,-0.11575984990619138,16_32,2.0,67.58937861611781,unstable_pc
DCT_16_32_PC3,D,C,dummy,proc_gkf,3,160,40,-0.08039827102337571,7.7910075971832695,11.74582621765714,,16_32,3.0,72.7923361982906,unstable_pc
DCT_16_32_PC3,D,C,ridge,proc_gkf,3,160,40,-0.40481799686381104,9.418943511172273,13.39373376429595,-0.13377110694183866,16_32,3.0,72.7923361982906,unstable_pc
DCT_16_32_PC3,D,C,extratrees,proc_gkf,3,160,40,-1.4845038834557824,13.9543630024008,17.81195014005414,0.19437148217636024,16_32,3.0,72.7923361982906,unstable_pc
DCT_32_64_PC1,D,C,dummy,proc_gkf,3,160,40,-0.2330709194041216,22.517961646830152,38.428903925790266,,32_64,1.0,13.006526083300654,stable
DCT_32_64_PC1,D,C,ridge,proc_gkf,3,160,40,-1.0988928457348726,27.812405924850214,50.13708768608835,-0.16622889305816138,32_64,1.0,13.006526083300654,stable
DCT_32_64_PC1,D,C,extratrees,proc_gkf,3,160,40,-5.808101319427484,37.01645771947169,90.29775960057404,-0.08761726078799251,32_64,1.0,13.006526083300654,stable
DCT_32_64_PC2,D,C,dummy,proc_gkf,3,160,40,-0.29930654377558086,21.750679876688842,29.917897135168182,,32_64,2.0,45.429533094377774,unstable_pc
DCT_32_64_PC2,D,C,ridge,proc_gkf,3,160,40,-0.7037893792832837,23.366168501472337,34.25967234630898,0.13677298311444655,32_64,2.0,45.429533094377774,unstable_pc
DCT_32_64_PC2,D,C,extratrees,proc_gkf,3,160,40,-1.2482213547272023,23.303957228831347,39.35453507384869,-0.004127579737335836,32_64,2.0,45.429533094377774,unstable_pc
DCT_32_64_PC3,D,C,dummy,proc_gkf,3,160,40,-0.0038618244734882623,12.426081909314941,26.183935983734926,,32_64,3.0,67.51216504972622,unstable_pc
DCT_32_64_PC3,D,C,ridge,proc_gkf,3,160,40,0.010577761462930657,12.37579300024125,25.99493852936511,0.20956848030018765,32_64,3.0,67.51216504972622,unstable_pc
DCT_32_64_PC3,D,C,extratrees,proc_gkf,3,160,40,-0.5873556299656024,19.49198849990636,32.925704743009774,0.05347091932457786,32_64,3.0,67.51216504972622,unstable_pc
DCT_64_inf_PC1,D,C,dummy,proc_gkf,3,160,40,-0.006390064809032481,44.89498167880449,67.90675853357546,,64_inf,1.0,26.41231717141903,stable
DCT_64_inf_PC1,D,C,ridge,proc_gkf,3,160,40,-0.10122167099388868,50.82100933959809,71.0341527120325,0.09305816135084428,64_inf,1.0,26.41231717141903,stable
DCT_64_inf_PC1,D,C,extratrees,proc_gkf,3,160,40,-1.8145324780579428,79.93353166847598,113.5619816202678,-0.001876172607879925,64_inf,1.0,26.41231717141903,stable
DCT_64_inf_PC2,D,C,dummy,proc_gkf,3,160,40,-0.047976196445673525,41.94212604493098,65.66720919423575,,64_inf,2.0,34.810410234809424,stable
DCT_64_inf_PC2,D,C,ridge,proc_gkf,3,160,40,-0.5216562566519303,48.3173739610056,79.12817118237102,0.10675422138836774,64_inf,2.0,34.810410234809424,stable
DCT_64_inf_PC2,D,C,extratrees,proc_gkf,3,160,40,-2.908838135195592,67.05882990039818,126.82261204961942,0.12288930581613511,64_inf,2.0,34.810410234809424,stable
DCT_64_inf_PC3,D,C,dummy,proc_gkf,3,160,40,-0.011509378596693987,28.290585874274313,46.61712188499335,,64_inf,3.0,43.41424667760241,unstable_pc
DCT_64_inf_PC3,D,C,ridge,proc_gkf,3,160,40,-0.29170374829180457,33.893212818724386,52.67953828617998,0.10412757973733584,64_inf,3.0,43.41424667760241,unstable_pc
DCT_64_inf_PC3,D,C,extratrees,proc_gkf,3,160,40,-2.1415563554206587,48.94269371067495,82.15479709809414,0.175609756097561,64_inf,3.0,43.41424667760241,unstable_pc
median_depth_um,A,A,dummy,proc_gkf,4,160,40,-5.534629508252564e-06,17.230605500000003,18.594535997610294,,,,,
median_depth_um,A,A,ridge,proc_gkf,4,160,40,0.3980744761785787,12.10897347074538,14.426318740939143,0.6861163227016887,,,,
median_depth_um,A,A,extratrees,proc_gkf,4,160,40,0.8782184779368184,4.828222235649713,6.488956198358166,0.9284675651660769,,,,
Sq_um,B,A,dummy,proc_gkf,4,160,40,-0.0002872191287859316,1.0102980198812812,1.974220446397464,,,,,
Sq_um,B,A,ridge,proc_gkf,4,160,40,0.16818009554635027,0.9287853828698953,1.8003126774526546,0.49193245778611633,,,,
Sq_um,B,A,extratrees,proc_gkf,4,160,40,0.057376914046698535,0.8886096354068673,1.9164713072602027,0.5313320825515948,,,,
Sa_um,B,A,dummy,proc_gkf,4,160,40,-0.01673629096709983,0.545626935698149,0.987498824664127,,,,,
Sa_um,B,A,ridge,proc_gkf,4,160,40,0.2533884949308899,0.409626819337482,0.8462131379304999,0.6082551594746718,,,,
Sa_um,B,A,extratrees,proc_gkf,4,160,40,0.16469084449857274,0.4341103630172952,0.8950680304173668,0.5789202126543255,,,,
Ssk_skewness,B,A,dummy,proc_gkf,4,160,40,-0.0013554690052721696,1.9898083754155622,2.5890017510258647,,,,,
Ssk_skewness,B,A,ridge,proc_gkf,4,160,40,-0.1627133423503806,2.1324095086559076,2.7898094122552175,-0.028330206378986873,,,,
Ssk_skewness,B,A,extratrees,proc_gkf,4,160,40,-0.13964378727157878,2.0616420303269023,2.7619942541016127,-0.15609756097560978,,,,
kurtosis_excess_fisher,B,A,dummy,proc_gkf,4,160,40,-0.03950835573516831,11.908199511674294,17.154200550227806,,,,,
kurtosis_excess_fisher,B,A,ridge,proc_gkf,4,160,40,-0.18798362570787175,13.084067003202495,18.338411686621992,0.1977485928705441,,,,
kurtosis_excess_fisher,B,A,extratrees,proc_gkf,4,160,40,-0.5482381209566787,13.973226310473512,20.935115876821115,0.0626641651031895,,,,
grad_rms_um_per_um,B,A,dummy,proc_gkf,4,160,40,-0.020757637280433894,0.2632918507147434,0.3589706905557574,,,,,
grad_rms_um_per_um,B,A,ridge,proc_gkf,4,160,40,0.19744789998219825,0.23097882469245556,0.31829827812262823,0.46135084427767364,,,,
grad_rms_um_per_um,B,A,extratrees,proc_gkf,4,160,40,0.018719062958771016,0.23400500190726364,0.35196084567969804,0.4803001876172608,,,,
lap_rms_um_per_px2,B,A,dummy,proc_gkf,4,160,40,-0.000499359480658379,0.12119230612073459,0.1791959613029348,,,,,
lap_rms_um_per_px2,B,A,ridge,proc_gkf,4,160,40,-0.0312043395404924,0.13697376427075453,0.1819249129851542,-0.04352720450281427,,,,
lap_rms_um_per_px2,B,A,extratrees,proc_gkf,4,160,40,-0.545290444336676,0.1632462407188738,0.22270238568703998,-0.23208255159474675,,,,
acf_e_fold_lag_um,B,A,dummy,proc_gkf,4,160,40,-0.02140851576648206,7.0981250000000005,7.792264418359082,,,,,
acf_e_fold_lag_um,B,A,ridge,proc_gkf,4,160,40,-0.19598895968576335,6.9344130156703985,8.4319404240391,0.027685235447129256,,,,
acf_e_fold_lag_um,B,A,extratrees,proc_gkf,4,160,40,-0.24255714000528772,7.264326696428571,8.594529936692217,0.18343501996498437,,,,
aniso_gradx_over_y,B,A,dummy,proc_gkf,4,160,40,-0.03062019539406058,0.5467782132767185,0.6985713363990861,,,,,
aniso_gradx_over_y,B,A,ridge,proc_gkf,4,160,40,-0.1657156125774133,0.48142768040746275,0.7429468473768122,0.36960600375234526,,,,
aniso_gradx_over_y,B,A,extratrees,proc_gkf,4,160,40,0.10566663939017618,0.344700170449806,0.6507454694879851,0.45534709193245787,,,,
pit_density_per_Mpx,B,A,dummy,proc_gkf,4,160,40,-0.01760765935669162,9303.1494140625,22615.43550310474,,,,,
pit_density_per_Mpx,B,A,ridge,proc_gkf,4,160,40,-0.05778561528116444,10009.077318061307,23057.573416966017,0.1292505775298316,,,,
pit_density_per_Mpx,B,A,extratrees,proc_gkf,4,160,40,-0.09924884505458964,10204.118804746684,23505.136670503856,0.223224711080604,,,,
pit_depth_um,B,A,dummy,proc_gkf,4,160,40,-0.001601683299693235,1.5919606524292613,2.327645770741726,,,,,
pit_depth_um,B,A,ridge,proc_gkf,4,160,40,-0.11383912668685836,1.5367907260439089,2.4545992687029767,0.2463414634146342,,,,
pit_depth_um,B,A,extratrees,proc_gkf,4,160,40,-0.20063505778124258,1.3846490181158444,2.5484427154259195,0.45180355601089484,,,,
peak_to_valley_p98p2_um,B,A,dummy,proc_gkf,4,160,40,-0.011061260142990692,3.64897082276037,5.235398350276963,,,,,
peak_to_valley_p98p2_um,B,A,ridge,proc_gkf,4,160,40,0.20399877878566508,3.2934236642424315,4.645343823697949,0.5452157598499062,,,,
peak_to_valley_p98p2_um,B,A,extratrees,proc_gkf,4,160,40,0.0010146924195638674,3.144404599216907,5.204039054807229,0.5709193245778612,,,,
deepest_negative_residual_um,B,A,dummy,proc_gkf,4,160,40,-0.001601683299693235,1.5919606524292613,2.327645770741726,,,,,
deepest_negative_residual_um,B,A,ridge,proc_gkf,4,160,40,-0.11383912668685836,1.5367907260439089,2.4545992687029767,0.2463414634146342,,,,
deepest_negative_residual_um,B,A,extratrees,proc_gkf,4,160,40,-0.20063505778124258,1.3846490181158444,2.5484427154259195,0.45180355601089484,,,,
rms_DCT_8_16_um,C,A,dummy,proc_gkf,4,160,40,-0.10484816271925901,0.2785989043862206,0.3459382476074817,,,,,
rms_DCT_8_16_um,C,A,ridge,proc_gkf,4,160,40,0.21550981242239464,0.2364382406671516,0.2915016652643653,0.5641651031894935,,,,
rms_DCT_8_16_um,C,A,extratrees,proc_gkf,4,160,40,0.31993309220569244,0.17160183671795343,0.2714082866672857,0.7609756097560977,,,,
E_DCT_8_16_frac,C,A,dummy,proc_gkf,4,160,40,-0.22508277471607152,0.1713934785427707,0.2036240132436516,,,,,
E_DCT_8_16_frac,C,A,ridge,proc_gkf,4,160,40,0.26279615067720696,0.12155122569803037,0.15795743510742968,0.5140712945590995,,,,
E_DCT_8_16_frac,C,A,extratrees,proc_gkf,4,160,40,0.4239456109954628,0.11377360630778348,0.139629769451184,0.5176360225140713,,,,
rms_DCT_16_32_um,C,A,dummy,proc_gkf,4,160,40,-0.00013287641404846617,0.3983392902668069,0.5364837788140169,,,,,
rms_DCT_16_32_um,C,A,ridge,proc_gkf,4,160,40,0.29248453347553505,0.33952662514509274,0.45122765850004637,0.5729831144465292,,,,
rms_DCT_16_32_um,C,A,extratrees,proc_gkf,4,160,40,0.19034799469813501,0.2969559877874306,0.48269960254234023,0.723452157598499,,,,
E_DCT_16_32_frac,C,A,dummy,proc_gkf,4,160,40,-0.025947365669059197,0.12676675332698206,0.15256384566405112,,,,,
E_DCT_16_32_frac,C,A,ridge,proc_gkf,4,160,40,0.042633701054299644,0.12149453713939644,0.1473764716335603,0.39136960600375237,,,,
E_DCT_16_32_frac,C,A,extratrees,proc_gkf,4,160,40,0.35207848043659773,0.09956400672636925,0.12124121761992544,0.5088180112570357,,,,
rms_DCT_32_64_um,C,A,dummy,proc_gkf,4,160,40,-0.0022912520276394677,0.4415112909151899,0.6643787571139625,,,,,
rms_DCT_32_64_um,C,A,ridge,proc_gkf,4,160,40,0.2176243465189519,0.42156900131692876,0.5869842272659731,0.38742964352720455,,,,
rms_DCT_32_64_um,C,A,extratrees,proc_gkf,4,160,40,0.11155362494480092,0.36081952324852634,0.6255101737708282,0.6041275797373359,,,,
E_DCT_32_64_frac,C,A,dummy,proc_gkf,4,160,40,-0.029952503298619648,0.08465190947811119,0.10667551121028576,,,,,
E_DCT_32_64_frac,C,A,ridge,proc_gkf,4,160,40,-0.09047192566267204,0.08635146861165327,0.10976487282668726,0.22382739212007505,,,,
E_DCT_32_64_frac,C,A,extratrees,proc_gkf,4,160,40,-0.06795780331772017,0.07859076151531877,0.10862584821669423,0.2026266416510319,,,,
rms_DCT_64_inf_um,C,A,dummy,proc_gkf,4,160,40,-0.00045864188603683687,0.7713249765555814,1.8140040590496291,,,,,
rms_DCT_64_inf_um,C,A,ridge,proc_gkf,4,160,40,0.12775456839508426,0.7331442409697188,1.6937840397901138,0.426266416510319,,,,
rms_DCT_64_inf_um,C,A,extratrees,proc_gkf,4,160,40,0.033728101836208335,0.7197862756564988,1.7827414372388897,0.41632270168855545,,,,
E_DCT_64_inf_frac,C,A,dummy,proc_gkf,4,160,40,-0.032162363687859186,0.17663342162766837,0.24100203669344664,,,,,
E_DCT_64_inf_frac,C,A,ridge,proc_gkf,4,160,40,0.1763306731310501,0.16252307203018232,0.21528964909748663,0.5127579737335837,,,,
E_DCT_64_inf_frac,C,A,extratrees,proc_gkf,4,160,40,0.08598026714657403,0.16397702794228236,0.2267903071354921,0.5309568480300187,,,,
DCT_8_16_PC1,D,A,dummy,proc_gkf,4,160,40,-0.005440856023276597,16.488184385407777,32.24099535798015,,8_16,1.0,11.680728083324082,stable
DCT_8_16_PC1,D,A,ridge,proc_gkf,4,160,40,-0.05999746195124778,17.518706916899692,33.104161296146806,0.01575984990619137,8_16,1.0,11.680728083324082,stable
DCT_8_16_PC1,D,A,extratrees,proc_gkf,4,160,40,-0.021356359724607143,16.859184958635904,32.49517090377498,-0.002439024390243903,8_16,1.0,11.680728083324082,stable
DCT_8_16_PC2,D,A,dummy,proc_gkf,4,160,40,-0.5113785024477779,4.341511282148156,5.746106448345634,,8_16,2.0,20.33097506426531,stable
DCT_8_16_PC2,D,A,ridge,proc_gkf,4,160,40,-0.8788536252551262,5.097528894221474,6.406687198342125,0.20712945590994375,8_16,2.0,20.33097506426531,stable
DCT_8_16_PC2,D,A,extratrees,proc_gkf,4,160,40,-6.858210296344538,8.34602484137919,13.102340161059942,0.14183864915572234,8_16,2.0,20.33097506426531,stable
DCT_8_16_PC3,D,A,dummy,proc_gkf,4,160,40,-0.0076718120467409445,9.586035059534145,14.346525276638186,,8_16,3.0,77.86834593695988,unstable_pc
DCT_8_16_PC3,D,A,ridge,proc_gkf,4,160,40,-0.018309744622549973,9.573273765957646,14.422054176926412,0.02138836772983115,8_16,3.0,77.86834593695988,unstable_pc
DCT_8_16_PC3,D,A,extratrees,proc_gkf,4,160,40,-0.48728925376543586,11.55678245891105,17.42949856018798,-0.19287054409005633,8_16,3.0,77.86834593695988,unstable_pc
DCT_16_32_PC1,D,A,dummy,proc_gkf,4,160,40,-0.08356390656565238,10.226339226096508,22.232385746585013,,16_32,1.0,29.39179875288867,stable
DCT_16_32_PC1,D,A,ridge,proc_gkf,4,160,40,-0.3965526201808678,12.055750227338336,25.23988989120854,-0.26885553470919327,16_32,1.0,29.39179875288867,stable
DCT_16_32_PC1,D,A,extratrees,proc_gkf,4,160,40,-1.4822370532721294,17.51242484672847,33.649640681498674,-0.12908067542213886,16_32,1.0,29.39179875288867,stable
DCT_16_32_PC2,D,A,dummy,proc_gkf,4,160,40,-0.050526419049412796,7.873582589922037,13.336548030121929,,16_32,2.0,57.376374870991526,unstable_pc
DCT_16_32_PC2,D,A,ridge,proc_gkf,4,160,40,-1.0668496410073027,13.781221773709921,18.706579583420876,0.1127579737335835,16_32,2.0,57.376374870991526,unstable_pc
DCT_16_32_PC2,D,A,extratrees,proc_gkf,4,160,40,-1.070578026385736,11.680356711447985,18.72344435950071,0.05478424015009382,16_32,2.0,57.376374870991526,unstable_pc
DCT_16_32_PC3,D,A,dummy,proc_gkf,4,160,40,-0.07357568086218191,10.523664959968109,17.69542905325994,,16_32,3.0,67.47782389302975,unstable_pc
DCT_16_32_PC3,D,A,ridge,proc_gkf,4,160,40,-0.1666623588173186,12.210372839818586,18.446643629306084,-0.050281425891181994,16_32,3.0,67.47782389302975,unstable_pc
DCT_16_32_PC3,D,A,extratrees,proc_gkf,4,160,40,-0.6254161697202221,13.521876500224689,21.7734401845194,0.05196998123827393,16_32,3.0,67.47782389302975,unstable_pc
DCT_32_64_PC1,D,A,dummy,proc_gkf,4,160,40,-0.0035636877170719394,18.20235532956454,41.07454975726805,,32_64,1.0,11.664415502597807,stable
DCT_32_64_PC1,D,A,ridge,proc_gkf,4,160,40,0.1174503776913951,19.628469888957877,38.518548123259976,0.0009380863039399625,32_64,1.0,11.664415502597807,stable
DCT_32_64_PC1,D,A,extratrees,proc_gkf,4,160,40,-0.19347124187147768,22.5705471600046,44.792605115556725,-0.02363977485928706,32_64,1.0,11.664415502597807,stable
DCT_32_64_PC2,D,A,dummy,proc_gkf,4,160,40,-0.010435439879745934,21.805522008529117,53.85464669883421,,32_64,2.0,49.09665371491405,unstable_pc
DCT_32_64_PC2,D,A,ridge,proc_gkf,4,160,40,0.06565828363283288,21.27734214975607,51.78712074706694,0.376172607879925,32_64,2.0,49.09665371491405,unstable_pc
DCT_32_64_PC2,D,A,extratrees,proc_gkf,4,160,40,-0.4091499738357096,30.808192590848982,63.59859251696069,0.1330206378986867,32_64,2.0,49.09665371491405,unstable_pc
DCT_32_64_PC3,D,A,dummy,proc_gkf,4,160,40,-0.0851674518515324,16.750014097603437,34.12949143678271,,32_64,3.0,56.98845655670114,unstable_pc
DCT_32_64_PC3,D,A,ridge,proc_gkf,4,160,40,-0.10630228336214675,18.20975027368305,34.460243483346126,0.13395872420262664,32_64,3.0,56.98845655670114,unstable_pc
DCT_32_64_PC3,D,A,extratrees,proc_gkf,4,160,40,-0.34517805277437197,20.812970269151627,37.99892616510213,0.032270168855534714,32_64,3.0,56.98845655670114,unstable_pc
DCT_64_inf_PC1,D,A,dummy,proc_gkf,4,160,40,-0.05797205328524169,40.646234261646974,105.91426206238096,,64_inf,1.0,27.656121881246015,stable
DCT_64_inf_PC1,D,A,ridge,proc_gkf,4,160,40,-0.1487402657232848,43.16842256729798,110.36421254536063,-0.07091932457786117,64_inf,1.0,27.656121881246015,stable
DCT_64_inf_PC1,D,A,extratrees,proc_gkf,4,160,40,-0.14703032752763256,48.775054608384494,110.28204154991347,0.041088180112570365,64_inf,1.0,27.656121881246015,stable
DCT_64_inf_PC2,D,A,dummy,proc_gkf,4,160,40,-0.02022358190891005,48.327679292670624,157.07303732231745,,64_inf,2.0,38.70702533184641,stable
DCT_64_inf_PC2,D,A,ridge,proc_gkf,4,160,40,0.0990434650701445,52.91160379020077,147.60663602961756,0.17992495309568482,64_inf,2.0,38.70702533184641,stable
DCT_64_inf_PC2,D,A,extratrees,proc_gkf,4,160,40,0.011204997088013369,59.31693079947456,154.63474921756833,0.13545966228893058,64_inf,2.0,38.70702533184641,stable
DCT_64_inf_PC3,D,A,dummy,proc_gkf,4,160,40,-0.007610476257749577,45.96910909647043,121.99937380222562,,64_inf,3.0,43.19820298501256,unstable_pc
DCT_64_inf_PC3,D,A,ridge,proc_gkf,4,160,40,0.01438084309560217,46.67382839436247,120.66069775461179,0.11013133208255162,64_inf,3.0,43.19820298501256,unstable_pc
DCT_64_inf_PC3,D,A,extratrees,proc_gkf,4,160,40,-0.1437131182276301,52.18596990305846,129.97798968109734,0.14971857410881803,64_inf,3.0,43.19820298501256,unstable_pc
median_depth_um,A,R,dummy,proc_gkf,4,160,40,-5.534629508252564e-06,17.230605500000003,18.594535997610294,,,,,
median_depth_um,A,R,ridge,proc_gkf,4,160,40,0.5917996565266836,8.897714391204753,11.88011997868398,0.8455909943714822,,,,
median_depth_um,A,R,extratrees,proc_gkf,4,160,40,0.7957324354362222,4.807580943737057,8.403957534203103,0.852720450281426,,,,
Sq_um,B,R,dummy,proc_gkf,4,160,40,-0.0002872191287859316,1.0102980198812812,1.974220446397464,,,,,
Sq_um,B,R,ridge,proc_gkf,4,160,40,0.1260165844865745,0.8074266500222199,1.8453760564532684,0.5673545966228893,,,,
Sq_um,B,R,extratrees,proc_gkf,4,160,40,0.16125277738951527,0.8450041823071677,1.8077935523119752,0.47879924953095687,,,,
Sa_um,B,R,dummy,proc_gkf,4,160,40,-0.01673629096709983,0.545626935698149,0.987498824664127,,,,,
Sa_um,B,R,ridge,proc_gkf,4,160,40,0.19415836954561783,0.4165163202704159,0.8791384495237305,0.5744840525328331,,,,
Sa_um,B,R,extratrees,proc_gkf,4,160,40,0.2067815055573864,0.40227915982900575,0.8722256227397206,0.46941838649155726,,,,
Ssk_skewness,B,R,dummy,proc_gkf,4,160,40,-0.0013554690052721696,1.9898083754155622,2.5890017510258647,,,,,
Ssk_skewness,B,R,ridge,proc_gkf,4,160,40,-0.06798403588463975,2.0067424099037177,2.673748707163919,0.3337711069418387,,,,
Ssk_skewness,B,R,extratrees,proc_gkf,4,160,40,-0.12851470180598734,1.937380192851931,2.748475169218174,0.3435272045028143,,,,
kurtosis_excess_fisher,B,R,dummy,proc_gkf,4,160,40,-0.03950835573516831,11.908199511674294,17.154200550227806,,,,,
kurtosis_excess_fisher,B,R,ridge,proc_gkf,4,160,40,-0.42644353946245706,13.416736329141651,20.094804437796082,0.5133208255159475,,,,
kurtosis_excess_fisher,B,R,extratrees,proc_gkf,4,160,40,-0.7511267817531562,12.46458037820711,22.26461993185443,0.476735459662289,,,,
grad_rms_um_per_um,B,R,dummy,proc_gkf,4,160,40,-0.020757637280433894,0.2632918507147434,0.3589706905557574,,,,,
grad_rms_um_per_um,B,R,ridge,proc_gkf,4,160,40,0.17526723999285898,0.2371500579940098,0.32266680923320956,0.4690431519699813,,,,
grad_rms_um_per_um,B,R,extratrees,proc_gkf,4,160,40,0.2470799234952249,0.21628138968483013,0.30829899595814886,0.4320825515947468,,,,
lap_rms_um_per_px2,B,R,dummy,proc_gkf,4,160,40,-0.000499359480658379,0.12119230612073459,0.1791959613029348,,,,,
lap_rms_um_per_px2,B,R,ridge,proc_gkf,4,160,40,-0.16646624629517404,0.1432761793133476,0.1934888297829665,-0.1384615384615385,,,,
lap_rms_um_per_px2,B,R,extratrees,proc_gkf,4,160,40,-0.11392250915734059,0.1472039250328194,0.1890807428327737,-0.11144465290806756,,,,
acf_e_fold_lag_um,B,R,dummy,proc_gkf,4,160,40,-0.02140851576648206,7.0981250000000005,7.792264418359082,,,,,
acf_e_fold_lag_um,B,R,ridge,proc_gkf,4,160,40,-0.05535112510913631,6.7396624308588375,7.920679359553629,-0.19389049638565778,,,,
acf_e_fold_lag_um,B,R,extratrees,proc_gkf,4,160,40,-0.11670122412028783,6.772613589703424,8.147651416086692,0.07292009472006587,,,,
aniso_gradx_over_y,B,R,dummy,proc_gkf,4,160,40,-0.03062019539406058,0.5467782132767185,0.6985713363990861,,,,,
aniso_gradx_over_y,B,R,ridge,proc_gkf,4,160,40,-0.1897038711485901,0.5910951346778013,0.7505521528148239,0.23414634146341468,,,,
aniso_gradx_over_y,B,R,extratrees,proc_gkf,4,160,40,-0.008934892911722558,0.46527705313570733,0.6911829373905362,0.41951219512195126,,,,
pit_density_per_Mpx,B,R,dummy,proc_gkf,4,160,40,-0.01760765935669162,9303.1494140625,22615.43550310474,,,,,
pit_density_per_Mpx,B,R,ridge,proc_gkf,4,160,40,-0.10915921465016676,9710.731440212134,23610.85518614517,-0.3953660470002754,,,,
pit_density_per_Mpx,B,R,extratrees,proc_gkf,4,160,40,-0.08202177343708383,7974.25262651965,23320.226906412943,0.10187759914170919,,,,
pit_depth_um,B,R,dummy,proc_gkf,4,160,40,-0.001601683299693235,1.5919606524292613,2.327645770741726,,,,,
pit_depth_um,B,R,ridge,proc_gkf,4,160,40,-0.060068324712583276,1.512948642235767,2.3946182860294085,0.22420262664165103,,,,
pit_depth_um,B,R,extratrees,proc_gkf,4,160,40,-0.1997237456411256,1.412841747652178,2.5474753658419274,0.2808630393996248,,,,
peak_to_valley_p98p2_um,B,R,dummy,proc_gkf,4,160,40,-0.011061260142990692,3.64897082276037,5.235398350276963,,,,,
peak_to_valley_p98p2_um,B,R,ridge,proc_gkf,4,160,40,0.14667773381619786,2.911463206371854,4.809694984807025,0.5508442776735462,,,,
peak_to_valley_p98p2_um,B,R,extratrees,proc_gkf,4,160,40,0.1644664429816124,2.9753841610237783,4.75929850885868,0.5307692307692309,,,,
deepest_negative_residual_um,B,R,dummy,proc_gkf,4,160,40,-0.001601683299693235,1.5919606524292613,2.327645770741726,,,,,
deepest_negative_residual_um,B,R,ridge,proc_gkf,4,160,40,-0.060068324712583276,1.512948642235767,2.3946182860294085,0.22420262664165103,,,,
deepest_negative_residual_um,B,R,extratrees,proc_gkf,4,160,40,-0.1997237456411256,1.4128417476521782,2.5474753658419274,0.2808630393996248,,,,
rms_DCT_8_16_um,C,R,dummy,proc_gkf,4,160,40,-0.10484816271925901,0.2785989043862206,0.3459382476074817,,,,,
rms_DCT_8_16_um,C,R,ridge,proc_gkf,4,160,40,0.26978394430666697,0.21153947000662096,0.28123733318250066,0.7076923076923078,,,,
rms_DCT_8_16_um,C,R,extratrees,proc_gkf,4,160,40,0.3536040615222735,0.20144656149881,0.26460411368031184,0.6155722326454034,,,,
E_DCT_8_16_frac,C,R,dummy,proc_gkf,4,160,40,-0.22508277471607152,0.1713934785427707,0.2036240132436516,,,,,
E_DCT_8_16_frac,C,R,ridge,proc_gkf,4,160,40,-0.3539930234277473,0.18060093563265833,0.21406934946864817,-0.11163227016885555,,,,
E_DCT_8_16_frac,C,R,extratrees,proc_gkf,4,160,40,-0.003177199465861813,0.14896407610575885,0.1842617121964615,0.3951219512195122,,,,
rms_DCT_16_32_um,C,R,dummy,proc_gkf,4,160,40,-0.00013287641404846617,0.3983392902668069,0.5364837788140169,,,,,
rms_DCT_16_32_um,C,R,ridge,proc_gkf,4,160,40,0.3123366581511037,0.29791813221848296,0.4448521358050328,0.7225140712945592,,,,
rms_DCT_16_32_um,C,R,extratrees,proc_gkf,4,160,40,0.3660373125052918,0.28432685060229357,0.4271295244643612,0.727016885553471,,,,
E_DCT_16_32_frac,C,R,dummy,proc_gkf,4,160,40,-0.025947365669059197,0.12676675332698206,0.15256384566405112,,,,,
E_DCT_16_32_frac,C,R,ridge,proc_gkf,4,160,40,0.21419400415409084,0.09727948357523472,0.13352013297175575,0.49699812382739217,,,,
E_DCT_16_32_frac,C,R,extratrees,proc_gkf,4,160,40,0.23025245431327257,0.10037434934011266,0.13214880599039427,0.5425891181988743,,,,
rms_DCT_32_64_um,C,R,dummy,proc_gkf,4,160,40,-0.0022912520276394677,0.4415112909151899,0.6643787571139625,,,,,
rms_DCT_32_64_um,C,R,ridge,proc_gkf,4,160,40,0.17382201249120244,0.3509097449513144,0.6031920065831681,0.577673545966229,,,,
rms_DCT_32_64_um,C,R,extratrees,proc_gkf,4,160,40,0.05914015610894707,0.395432649215267,0.6436966285879077,0.554033771106942,,,,
E_DCT_32_64_frac,C,R,dummy,proc_gkf,4,160,40,-0.029952503298619648,0.08465190947811119,0.10667551121028576,,,,,
E_DCT_32_64_frac,C,R,ridge,proc_gkf,4,160,40,0.13059772292325011,0.06596581917555032,0.09800912697178132,0.5127579737335837,,,,
E_DCT_32_64_frac,C,R,extratrees,proc_gkf,4,160,40,-0.01982263249408267,0.07256068105516628,0.10614962321374158,0.39981238273921205,,,,
rms_DCT_64_inf_um,C,R,dummy,proc_gkf,4,160,40,-0.00045864188603683687,0.7713249765555814,1.8140040590496291,,,,,
rms_DCT_64_inf_um,C,R,ridge,proc_gkf,4,160,40,0.07490427154518531,0.6983374522881179,1.7443435445506534,0.3397748592870544,,,,
rms_DCT_64_inf_um,C,R,extratrees,proc_gkf,4,160,40,0.10183997900761721,0.6829847079637148,1.7187612127852558,0.3731707317073171,,,,
E_DCT_64_inf_frac,C,R,dummy,proc_gkf,4,160,40,-0.032162363687859186,0.17663342162766837,0.24100203669344664,,,,,
E_DCT_64_inf_frac,C,R,ridge,proc_gkf,4,160,40,-0.11150423120168917,0.1885429388685315,0.25009341876608343,-0.19043151969981242,,,,
E_DCT_64_inf_frac,C,R,extratrees,proc_gkf,4,160,40,-0.003737340059969174,0.180897837465891,0.23766035612471817,0.31744840525328333,,,,
DCT_8_16_PC1,D,R,dummy,proc_gkf,4,160,40,-0.005440856023276597,16.488184385407777,32.24099535798015,,8_16,1.0,11.680728083324082,stable
DCT_8_16_PC1,D,R,ridge,proc_gkf,4,160,40,-0.03849619420633266,17.072571267263317,32.76669444814152,0.0776735459662289,8_16,1.0,11.680728083324082,stable
DCT_8_16_PC1,D,R,extratrees,proc_gkf,4,160,40,-0.3891451810004618,26.366737924509085,37.896926987025005,-0.17842401500938088,8_16,1.0,11.680728083324082,stable
DCT_8_16_PC2,D,R,dummy,proc_gkf,4,160,40,-0.5113785024477779,4.341511282148156,5.746106448345634,,8_16,2.0,20.33097506426531,stable
DCT_8_16_PC2,D,R,ridge,proc_gkf,4,160,40,-0.6417949966889256,3.978251509722456,5.9888924057791755,-0.08236397748592872,8_16,2.0,20.33097506426531,stable
DCT_8_16_PC2,D,R,extratrees,proc_gkf,4,160,40,-3.540993681752009,5.705964028399427,9.960072407968381,0.1681050656660413,8_16,2.0,20.33097506426531,stable
DCT_8_16_PC3,D,R,dummy,proc_gkf,4,160,40,-0.0076718120467409445,9.586035059534145,14.346525276638186,,8_16,3.0,77.86834593695988,unstable_pc
DCT_8_16_PC3,D,R,ridge,proc_gkf,4,160,40,-0.005812787612581749,9.412053544716239,14.333285423641437,0.14165103189493433,8_16,3.0,77.86834593695988,unstable_pc
DCT_8_16_PC3,D,R,extratrees,proc_gkf,4,160,40,-1.1103868029079127,15.573653746115161,20.761953020610584,-0.03114446529080676,8_16,3.0,77.86834593695988,unstable_pc
DCT_16_32_PC1,D,R,dummy,proc_gkf,4,160,40,-0.08356390656565238,10.226339226096508,22.232385746585013,,16_32,1.0,29.39179875288867,stable
DCT_16_32_PC1,D,R,ridge,proc_gkf,4,160,40,-0.31907801282724035,11.818294140549686,24.52980211146891,-0.24540337711069424,16_32,1.0,29.39179875288867,stable
DCT_16_32_PC1,D,R,extratrees,proc_gkf,4,160,40,-0.5542473717727998,12.496464476469253,26.626793783466876,0.14634146341463417,16_32,1.0,29.39179875288867,stable
DCT_16_32_PC2,D,R,dummy,proc_gkf,4,160,40,-0.050526419049412796,7.873582589922037,13.336548030121929,,16_32,2.0,57.376374870991526,unstable_pc
DCT_16_32_PC2,D,R,ridge,proc_gkf,4,160,40,-0.2554661531762963,8.959530934283084,14.579493897104935,0.15572232645403378,16_32,2.0,57.376374870991526,unstable_pc
DCT_16_32_PC2,D,R,extratrees,proc_gkf,4,160,40,-2.6494777130951452,13.4622402375256,24.857377161839413,-0.2606003752345216,16_32,2.0,57.376374870991526,unstable_pc
DCT_16_32_PC3,D,R,dummy,proc_gkf,4,160,40,-0.07357568086218191,10.523664959968109,17.69542905325994,,16_32,3.0,67.47782389302975,unstable_pc
DCT_16_32_PC3,D,R,ridge,proc_gkf,4,160,40,-0.025764394110773026,10.15705904063276,17.296911951235135,0.041463414634146344,16_32,3.0,67.47782389302975,unstable_pc
DCT_16_32_PC3,D,R,extratrees,proc_gkf,4,160,40,-0.1277008254539045,10.309056105100359,18.13600863365348,0.29774859287054417,16_32,3.0,67.47782389302975,unstable_pc
DCT_32_64_PC1,D,R,dummy,proc_gkf,4,160,40,-0.0035636877170719394,18.20235532956454,41.07454975726805,,32_64,1.0,11.664415502597807,stable
DCT_32_64_PC1,D,R,ridge,proc_gkf,4,160,40,0.047939359894023315,18.11183010872053,40.00669246149116,0.15947467166979365,32_64,1.0,11.664415502597807,stable
DCT_32_64_PC1,D,R,extratrees,proc_gkf,4,160,40,-0.42162688602243037,22.682367008130157,48.88697402139599,0.13545966228893058,32_64,1.0,11.664415502597807,stable
DCT_32_64_PC2,D,R,dummy,proc_gkf,4,160,40,-0.010435439879745934,21.805522008529117,53.85464669883421,,32_64,2.0,49.09665371491405,unstable_pc
DCT_32_64_PC2,D,R,ridge,proc_gkf,4,160,40,0.02454222658293348,21.282562843682125,52.914309477007876,-0.008818011257035649,32_64,2.0,49.09665371491405,unstable_pc
DCT_32_64_PC2,D,R,extratrees,proc_gkf,4,160,40,-0.10001806753580156,27.74203454564843,56.19126448643282,-0.0022514071294559104,32_64,2.0,49.09665371491405,unstable_pc
DCT_32_64_PC3,D,R,dummy,proc_gkf,4,160,40,-0.0851674518515324,16.750014097603437,34.12949143678271,,32_64,3.0,56.98845655670114,unstable_pc
DCT_32_64_PC3,D,R,ridge,proc_gkf,4,160,40,-0.08303499388317004,17.195773262053926,34.095941086653184,0.08386491557223266,32_64,3.0,56.98845655670114,unstable_pc
DCT_32_64_PC3,D,R,extratrees,proc_gkf,4,160,40,-0.8817647707136516,22.68769816265877,44.94321166948536,-0.019699812382739212,32_64,3.0,56.98845655670114,unstable_pc
DCT_64_inf_PC1,D,R,dummy,proc_gkf,4,160,40,-0.05797205328524169,40.646234261646974,105.91426206238096,,64_inf,1.0,27.656121881246015,stable
DCT_64_inf_PC1,D,R,ridge,proc_gkf,4,160,40,-0.12870827994023215,44.12071128559633,109.39770273751495,-0.2352720450281426,64_inf,1.0,27.656121881246015,stable
DCT_64_inf_PC1,D,R,extratrees,proc_gkf,4,160,40,-0.46496705140450034,52.84220809144538,124.63249102381938,-0.250844277673546,64_inf,1.0,27.656121881246015,stable
DCT_64_inf_PC2,D,R,dummy,proc_gkf,4,160,40,-0.02022358190891005,48.327679292670624,157.07303732231745,,64_inf,2.0,38.70702533184641,stable
DCT_64_inf_PC2,D,R,ridge,proc_gkf,4,160,40,-0.036528791611474265,49.62144765934378,158.323232334848,0.20712945590994375,64_inf,2.0,38.70702533184641,stable
DCT_64_inf_PC2,D,R,extratrees,proc_gkf,4,160,40,0.1005217477683068,50.00393239035484,147.48549038705443,0.3363977485928706,64_inf,2.0,38.70702533184641,stable
DCT_64_inf_PC3,D,R,dummy,proc_gkf,4,160,40,-0.007610476257749577,45.96910909647043,121.99937380222562,,64_inf,3.0,43.19820298501256,unstable_pc
DCT_64_inf_PC3,D,R,ridge,proc_gkf,4,160,40,0.0178889297816629,44.12099687128536,120.44577421868014,0.20150093808630395,64_inf,3.0,43.19820298501256,unstable_pc
DCT_64_inf_PC3,D,R,extratrees,proc_gkf,4,160,40,-0.13862733098581326,55.005753367669264,129.68867897147885,-0.07636022514071296,64_inf,3.0,43.19820298501256,unstable_pc
median_depth_um,A,C,dummy,proc_gkf,4,160,40,-5.534629508252564e-06,17.230605500000003,18.594535997610294,,,,,
median_depth_um,A,C,ridge,proc_gkf,4,160,40,0.7845972771727105,6.699845839048672,8.629978984406227,0.8992495309568482,,,,
median_depth_um,A,C,extratrees,proc_gkf,4,160,40,0.9343761756146819,2.8873806641547697,4.763376523779648,0.9686679174484055,,,,
Sq_um,B,C,dummy,proc_gkf,4,160,40,-0.0002872191287859316,1.0102980198812812,1.974220446397464,,,,,
Sq_um,B,C,ridge,proc_gkf,4,160,40,0.18449240838751013,0.8117418148222283,1.7825728586662828,0.5966228893058162,,,,
Sq_um,B,C,extratrees,proc_gkf,4,160,40,0.10414086973175007,0.8709858890749278,1.8683281084037828,0.46247654784240155,,,,
Sa_um,B,C,dummy,proc_gkf,4,160,40,-0.01673629096709983,0.545626935698149,0.987498824664127,,,,,
Sa_um,B,C,ridge,proc_gkf,4,160,40,0.20632992453462062,0.4119266638986739,0.8724738673899948,0.5887429643527206,,,,
Sa_um,B,C,extratrees,proc_gkf,4,160,40,0.195333031297505,0.4012820620981351,0.878497463205466,0.5345215759849906,,,,
Ssk_skewness,B,C,dummy,proc_gkf,4,160,40,-0.0013554690052721696,1.9898083754155622,2.5890017510258647,,,,,
Ssk_skewness,B,C,ridge,proc_gkf,4,160,40,-0.09087287652174014,2.0305325346574437,2.7022484655361607,0.29943714821763606,,,,
Ssk_skewness,B,C,extratrees,proc_gkf,4,160,40,-0.05849907338019089,1.8889794122726549,2.6618492009809556,0.2810506566604128,,,,
kurtosis_excess_fisher,B,C,dummy,proc_gkf,4,160,40,-0.03950835573516831,11.908199511674294,17.154200550227806,,,,,
kurtosis_excess_fisher,B,C,ridge,proc_gkf,4,160,40,-0.4571485146250369,13.66549071824925,20.309928747034803,0.4101313320825517,,,,
kurtosis_excess_fisher,B,C,extratrees,proc_gkf,4,160,40,-0.8810522044344011,13.443080391725022,23.075807910603498,0.3671669793621013,,,,
grad_rms_um_per_um,B,C,dummy,proc_gkf,4,160,40,-0.020757637280433894,0.2632918507147434,0.3589706905557574,,,,,
grad_rms_um_per_um,B,C,ridge,proc_gkf,4,160,40,0.22522274954338828,0.2228968934661216,0.3127419225348853,0.5050656660412759,,,,
grad_rms_um_per_um,B,C,extratrees,proc_gkf,4,160,40,0.1704880374455705,0.21978447467170037,0.3236003616006194,0.4332082551594747,,,,
lap_rms_um_per_px2,B,C,dummy,proc_gkf,4,160,40,-0.000499359480658379,0.12119230612073459,0.1791959613029348,,,,,
lap_rms_um_per_px2,B,C,ridge,proc_gkf,4,160,40,-0.11719414992179988,0.13941302546545953,0.18935820859434022,-0.15422138836772986,,,,
lap_rms_um_per_px2,B,C,extratrees,proc_gkf,4,160,40,-0.2941060726218765,0.15184628208801898,0.20380026644719798,-0.15966228893058165,,,,
acf_e_fold_lag_um,B,C,dummy,proc_gkf,4,160,40,-0.02140851576648206,7.0981250000000005,7.792264418359082,,,,,
acf_e_fold_lag_um,B,C,ridge,proc_gkf,4,160,40,-0.18458385441515923,6.997609773560731,8.391640079818064,-0.11824880224875547,,,,
acf_e_fold_lag_um,B,C,extratrees,proc_gkf,4,160,40,-0.1087129647441547,6.892250773809522,8.118457229648033,0.1947351306874346,,,,
aniso_gradx_over_y,B,C,dummy,proc_gkf,4,160,40,-0.03062019539406058,0.5467782132767185,0.6985713363990861,,,,,
aniso_gradx_over_y,B,C,ridge,proc_gkf,4,160,40,-0.23060690427151842,0.5030205489535409,0.7633454324517168,0.39174484052532843,,,,
aniso_gradx_over_y,B,C,extratrees,proc_gkf,4,160,40,0.15594147800502833,0.342055169987748,0.6321901386922415,0.45028142589118203,,,,
pit_density_per_Mpx,B,C,dummy,proc_gkf,4,160,40,-0.01760765935669162,9303.1494140625,22615.43550310474,,,,,
pit_density_per_Mpx,B,C,ridge,proc_gkf,4,160,40,-0.0847000243631173,9747.10257321476,23349.070511738377,0.0010602209939061505,,,,
pit_density_per_Mpx,B,C,extratrees,proc_gkf,4,160,40,-0.0855119309626895,9761.723551432293,23357.807359681512,0.25474218971763235,,,,
pit_depth_um,B,C,dummy,proc_gkf,4,160,40,-0.001601683299693235,1.5919606524292613,2.327645770741726,,,,,
pit_depth_um,B,C,ridge,proc_gkf,4,160,40,-0.4013413077842862,1.824008637578877,2.7532226118555556,0.1155722326454034,,,,
pit_depth_um,B,C,extratrees,proc_gkf,4,160,40,-0.14648029188181888,1.3441212850886082,2.4903056990641845,0.4461538461538462,,,,
peak_to_valley_p98p2_um,B,C,dummy,proc_gkf,4,160,40,-0.011061260142990692,3.64897082276037,5.235398350276963,,,,,
peak_to_valley_p98p2_um,B,C,ridge,proc_gkf,4,160,40,0.15496754730760076,3.0939191345945583,4.786275472295224,0.5551594746716699,,,,
peak_to_valley_p98p2_um,B,C,extratrees,proc_gkf,4,160,40,0.08894950399029633,3.0632778673946732,4.96972343733511,0.5187617260787993,,,,
deepest_negative_residual_um,B,C,dummy,proc_gkf,4,160,40,-0.001601683299693235,1.5919606524292613,2.327645770741726,,,,,
deepest_negative_residual_um,B,C,ridge,proc_gkf,4,160,40,-0.4013413077842862,1.824008637578877,2.7532226118555556,0.1155722326454034,,,,
deepest_negative_residual_um,B,C,extratrees,proc_gkf,4,160,40,-0.14648029188181866,1.3441212850886082,2.4903056990641845,0.4461538461538462,,,,
rms_DCT_8_16_um,C,C,dummy,proc_gkf,4,160,40,-0.10484816271925901,0.2785989043862206,0.3459382476074817,,,,,
rms_DCT_8_16_um,C,C,ridge,proc_gkf,4,160,40,0.3008858965022061,0.1982179901644661,0.2751828181208205,0.7317073170731709,,,,
rms_DCT_8_16_um,C,C,extratrees,proc_gkf,4,160,40,0.4669598132956382,0.15165149851888912,0.24028533083428202,0.7923076923076925,,,,
E_DCT_8_16_frac,C,C,dummy,proc_gkf,4,160,40,-0.22508277471607152,0.1713934785427707,0.2036240132436516,,,,,
E_DCT_8_16_frac,C,C,ridge,proc_gkf,4,160,40,0.2582506906042197,0.12569180781432646,0.15844365467038413,0.5045028142589119,,,,
E_DCT_8_16_frac,C,C,extratrees,proc_gkf,4,160,40,0.5468394457029058,0.10407834118637005,0.12384324573623108,0.5446529080675423,,,,
rms_DCT_16_32_um,C,C,dummy,proc_gkf,4,160,40,-0.00013287641404846617,0.3983392902668069,0.5364837788140169,,,,,
rms_DCT_16_32_um,C,C,ridge,proc_gkf,4,160,40,0.34954607985650277,0.2882007331397974,0.43264930559633547,0.7382739212007505,,,,
rms_DCT_16_32_um,C,C,extratrees,proc_gkf,4,160,40,0.26363829863002775,0.2971198618511437,0.46033430391523855,0.7144465290806755,,,,
E_DCT_16_32_frac,C,C,dummy,proc_gkf,4,160,40,-0.025947365669059197,0.12676675332698206,0.15256384566405112,,,,,
E_DCT_16_32_frac,C,C,ridge,proc_gkf,4,160,40,0.18771700635348954,0.10326724147037525,0.13575091559028182,0.551782363977486,,,,
E_DCT_16_32_frac,C,C,extratrees,proc_gkf,4,160,40,0.36248842824401895,0.0958982918178199,0.12026330181811729,0.5495309568480301,,,,
rms_DCT_32_64_um,C,C,dummy,proc_gkf,4,160,40,-0.0022912520276394677,0.4415112909151899,0.6643787571139625,,,,,
rms_DCT_32_64_um,C,C,ridge,proc_gkf,4,160,40,0.2465485902570128,0.36005043119383123,0.576031711633553,0.5851782363977487,,,,
rms_DCT_32_64_um,C,C,extratrees,proc_gkf,4,160,40,0.08903108419527128,0.3744649955887754,0.6333890441099166,0.5287054409005629,,,,
E_DCT_32_64_frac,C,C,dummy,proc_gkf,4,160,40,-0.029952503298619648,0.08465190947811119,0.10667551121028576,,,,,
E_DCT_32_64_frac,C,C,ridge,proc_gkf,4,160,40,0.1061887898732008,0.07137855029331885,0.09937543269362359,0.4818011257035648,,,,
E_DCT_32_64_frac,C,C,extratrees,proc_gkf,4,160,40,0.0027828514564138818,0.07344245355564048,0.10496656931166358,0.3189493433395873,,,,
rms_DCT_64_inf_um,C,C,dummy,proc_gkf,4,160,40,-0.00045864188603683687,0.7713249765555814,1.8140040590496291,,,,,
rms_DCT_64_inf_um,C,C,ridge,proc_gkf,4,160,40,0.15697432692671898,0.6778437124842699,1.6651719434329944,0.4046904315196999,,,,
rms_DCT_64_inf_um,C,C,extratrees,proc_gkf,4,160,40,0.08751145652684511,0.6933627282481379,1.732416832485263,0.3836772983114447,,,,
E_DCT_64_inf_frac,C,C,dummy,proc_gkf,4,160,40,-0.032162363687859186,0.17663342162766837,0.24100203669344664,,,,,
E_DCT_64_inf_frac,C,C,ridge,proc_gkf,4,160,40,0.10821782668589952,0.16946336789932528,0.2240144826098373,0.46510318949343343,,,,
E_DCT_64_inf_frac,C,C,extratrees,proc_gkf,4,160,40,0.1099815822064455,0.1637945817286611,0.22379284646093045,0.478424015009381,,,,
DCT_8_16_PC1,D,C,dummy,proc_gkf,4,160,40,-0.005440856023276597,16.488184385407777,32.24099535798015,,8_16,1.0,11.680728083324082,stable
DCT_8_16_PC1,D,C,ridge,proc_gkf,4,160,40,-0.07529582858642003,17.722835184877574,33.342192702534255,0.007879924953095686,8_16,1.0,11.680728083324082,stable
DCT_8_16_PC1,D,C,extratrees,proc_gkf,4,160,40,0.024925847263111978,17.764222276083334,31.75038521866897,-0.041088180112570365,8_16,1.0,11.680728083324082,stable
DCT_8_16_PC2,D,C,dummy,proc_gkf,4,160,40,-0.5113785024477779,4.341511282148156,5.746106448345634,,8_16,2.0,20.33097506426531,stable
DCT_8_16_PC2,D,C,ridge,proc_gkf,4,160,40,-0.7279982813829922,4.610255112662701,6.144106004196508,0.2592870544090057,8_16,2.0,20.33097506426531,stable
DCT_8_16_PC2,D,C,extratrees,proc_gkf,4,160,40,-2.8154996891744197,6.171567786501134,9.129831412573152,0.25647279549718577,8_16,2.0,20.33097506426531,stable
DCT_8_16_PC3,D,C,dummy,proc_gkf,4,160,40,-0.0076718120467409445,9.586035059534145,14.346525276638186,,8_16,3.0,77.86834593695988,unstable_pc
DCT_8_16_PC3,D,C,ridge,proc_gkf,4,160,40,-0.0025720033039764445,9.86612265192628,14.310175474922973,0.06904315196998126,8_16,3.0,77.86834593695988,unstable_pc
DCT_8_16_PC3,D,C,extratrees,proc_gkf,4,160,40,-0.3955431939616343,11.50677589981106,16.88335741067903,-0.125703564727955,8_16,3.0,77.86834593695988,unstable_pc
DCT_16_32_PC1,D,C,dummy,proc_gkf,4,160,40,-0.08356390656565238,10.226339226096508,22.232385746585013,,16_32,1.0,29.39179875288867,stable
DCT_16_32_PC1,D,C,ridge,proc_gkf,4,160,40,-0.41501679077148523,11.556177517230998,25.40619345139777,-0.23039399624765483,16_32,1.0,29.39179875288867,stable
DCT_16_32_PC1,D,C,extratrees,proc_gkf,4,160,40,-1.428677946228075,16.176313353916754,33.28463268194151,-0.12495309568480302,16_32,1.0,29.39179875288867,stable
DCT_16_32_PC2,D,C,dummy,proc_gkf,4,160,40,-0.050526419049412796,7.873582589922037,13.336548030121929,,16_32,2.0,57.376374870991526,unstable_pc
DCT_16_32_PC2,D,C,ridge,proc_gkf,4,160,40,-0.47130194682795845,10.782643139640962,15.783046965294348,0.11651031894934337,16_32,2.0,57.376374870991526,unstable_pc
DCT_16_32_PC2,D,C,extratrees,proc_gkf,4,160,40,-1.8348875218432843,12.304895992547463,21.908258680165556,-0.19268292682926833,16_32,2.0,57.376374870991526,unstable_pc
DCT_16_32_PC3,D,C,dummy,proc_gkf,4,160,40,-0.07357568086218191,10.523664959968109,17.69542905325994,,16_32,3.0,67.47782389302975,unstable_pc
DCT_16_32_PC3,D,C,ridge,proc_gkf,4,160,40,-0.24496560276151902,13.515392637961554,19.055635674492603,-0.175046904315197,16_32,3.0,67.47782389302975,unstable_pc
DCT_16_32_PC3,D,C,extratrees,proc_gkf,4,160,40,-0.2585947464646958,11.811603270487577,19.159656648037288,0.14859287054409007,16_32,3.0,67.47782389302975,unstable_pc
DCT_32_64_PC1,D,C,dummy,proc_gkf,4,160,40,-0.0035636877170719394,18.20235532956454,41.07454975726805,,32_64,1.0,11.664415502597807,stable
DCT_32_64_PC1,D,C,ridge,proc_gkf,4,160,40,0.1378291116892293,18.679926901364645,38.07123975995611,0.07823639774859288,32_64,1.0,11.664415502597807,stable
DCT_32_64_PC1,D,C,extratrees,proc_gkf,4,160,40,-0.02125294529597732,21.34756998413538,41.434967567556235,0.12964352720450284,32_64,1.0,11.664415502597807,stable
DCT_32_64_PC2,D,C,dummy,proc_gkf,4,160,40,-0.010435439879745934,21.805522008529117,53.85464669883421,,32_64,2.0,49.09665371491405,unstable_pc
DCT_32_64_PC2,D,C,ridge,proc_gkf,4,160,40,0.0629125882132191,20.954591999359064,51.86315682057602,0.20938086303939965,32_64,2.0,49.09665371491405,unstable_pc
DCT_32_64_PC2,D,C,extratrees,proc_gkf,4,160,40,-0.2784209932453048,30.098978900675473,60.576732365433514,0.10318949343339588,32_64,2.0,49.09665371491405,unstable_pc
DCT_32_64_PC3,D,C,dummy,proc_gkf,4,160,40,-0.0851674518515324,16.750014097603437,34.12949143678271,,32_64,3.0,56.98845655670114,unstable_pc
DCT_32_64_PC3,D,C,ridge,proc_gkf,4,160,40,-0.11690944096215494,18.532104198828108,34.625050722745925,0.01575984990619137,32_64,3.0,56.98845655670114,unstable_pc
DCT_32_64_PC3,D,C,extratrees,proc_gkf,4,160,40,-0.6313199896845327,22.522687568699876,41.84571725546293,-0.06660412757973734,32_64,3.0,56.98845655670114,unstable_pc
DCT_64_inf_PC1,D,C,dummy,proc_gkf,4,160,40,-0.05797205328524169,40.646234261646974,105.91426206238096,,64_inf,1.0,27.656121881246015,stable
DCT_64_inf_PC1,D,C,ridge,proc_gkf,4,160,40,-0.16134740159563332,44.83154879392457,110.9681697529393,-0.09793621013133211,64_inf,1.0,27.656121881246015,stable
DCT_64_inf_PC1,D,C,extratrees,proc_gkf,4,160,40,-0.24922572665509568,46.35707967418848,115.09005737436826,-0.14746716697936213,64_inf,1.0,27.656121881246015,stable
DCT_64_inf_PC2,D,C,dummy,proc_gkf,4,160,40,-0.02022358190891005,48.327679292670624,157.07303732231745,,64_inf,2.0,38.70702533184641,stable
DCT_64_inf_PC2,D,C,ridge,proc_gkf,4,160,40,0.047936400984152194,54.57498567216677,151.73541026199356,0.19437148217636024,64_inf,2.0,38.70702533184641,stable
DCT_64_inf_PC2,D,C,extratrees,proc_gkf,4,160,40,0.1972956753384273,54.602871677143,139.3258702088403,0.1834896810506567,64_inf,2.0,38.70702533184641,stable
DCT_64_inf_PC3,D,C,dummy,proc_gkf,4,160,40,-0.007610476257749577,45.96910909647043,121.99937380222562,,64_inf,3.0,43.19820298501256,unstable_pc
DCT_64_inf_PC3,D,C,ridge,proc_gkf,4,160,40,0.02088978432746824,45.09358221037994,120.2616215402583,0.24465290806754228,64_inf,3.0,43.19820298501256,unstable_pc
DCT_64_inf_PC3,D,C,extratrees,proc_gkf,4,160,40,-0.11751309737173465,52.25587485676173,128.4806056885918,0.07073170731707318,64_inf,3.0,43.19820298501256,unstable_pc
median_depth_um,A,A,dummy,proc_gss,0,152,48,-0.05981417737578343,19.30225123355263,20.765351565989405,,,,,
median_depth_um,A,A,ridge,proc_gss,0,152,48,0.5322625560961747,11.298074987898374,13.795120387791224,0.7534737299174988,,,,
median_depth_um,A,A,extratrees,proc_gss,0,152,48,0.8942133902250885,4.9833569487797735,6.560542835339081,0.9592922275293095,,,,
Sq_um,B,A,dummy,proc_gss,0,152,48,-0.14628101643272196,0.9456599365347346,1.1928700990004313,,,,,
Sq_um,B,A,ridge,proc_gss,0,152,48,0.17157598479723557,0.7369061270844638,1.0140840279560372,0.620820668693009,,,,
Sq_um,B,A,extratrees,proc_gss,0,152,48,-0.9270351059244295,0.9295907573774066,1.546651316961406,0.5853234910985671,,,,
Sa_um,B,A,dummy,proc_gss,0,152,48,-0.038045961516955495,0.5470421617698537,0.8565663647909842,,,,,
Sa_um,B,A,ridge,proc_gss,0,152,48,0.2899155787538962,0.4255443296661654,0.7084475740502558,0.6456795484151108,,,,
Sa_um,B,A,extratrees,proc_gss,0,152,48,-0.11365509335864887,0.49712351815298,0.8872133723130841,0.5756235245151843,,,,
Ssk_skewness,B,A,dummy,proc_gss,0,152,48,-0.2537976795610075,1.295641625073493,1.5386045835564197,,,,,
Ssk_skewness,B,A,ridge,proc_gss,0,152,48,-0.08547803996164505,1.1330432044703365,1.4316069955310413,0.1191923577941815,,,,
Ssk_skewness,B,A,extratrees,proc_gss,0,152,48,-0.05807359522456568,1.0861771673975305,1.413419990001725,0.3068823273990447,,,,
kurtosis_excess_fisher,B,A,dummy,proc_gss,0,152,48,-0.8307006237432708,8.280478755367913,9.095007232085692,,,,,
kurtosis_excess_fisher,B,A,ridge,proc_gss,0,152,48,-0.5737330108511345,7.3853438766963775,8.432569152167192,0.24033868866695612,,,,
kurtosis_excess_fisher,B,A,extratrees,proc_gss,0,152,48,-1.2939942530586026,7.852014311207515,10.181002562778975,0.3069908814589666,,,,
grad_rms_um_per_um,B,A,dummy,proc_gss,0,152,48,-0.1247175701578429,0.22817392363260633,0.2768337638486583,,,,,
grad_rms_um_per_um,B,A,ridge,proc_gss,0,152,48,0.13647291297717,0.20103347343502784,0.24256900129480213,0.5692574902301345,,,,
grad_rms_um_per_um,B,A,extratrees,proc_gss,0,152,48,-0.8290494612929851,0.24343251537283864,0.35302872365717003,0.41880156317846284,,,,
lap_rms_um_per_px2,B,A,dummy,proc_gss,0,152,48,-0.010629233147947614,0.11310639765734747,0.13459820108313963,,,,,
lap_rms_um_per_px2,B,A,ridge,proc_gss,0,152,48,-0.08869678305049344,0.11091572979848674,0.13970012579709734,0.26313504125054277,,,,
lap_rms_um_per_px2,B,A,extratrees,proc_gss,0,152,48,-1.0290475945862716,0.13916006015714927,0.19071701663021454,-0.02040816326530612,,,,
acf_e_fold_lag_um,B,A,dummy,proc_gss,0,152,48,-0.019145314181180595,6.050438596491229,6.844031231968124,,,,,
acf_e_fold_lag_um,B,A,ridge,proc_gss,0,152,48,-0.016982442832474964,5.935181135956405,6.836765035012048,0.2575036520466045,,,,
acf_e_fold_lag_um,B,A,extratrees,proc_gss,0,152,48,0.05911867323010478,5.574317600484007,6.575993138867344,0.48744092918028076,,,,
aniso_gradx_over_y,B,A,dummy,proc_gss,0,152,48,-0.0053712043011096,0.42652961938194106,0.6053162310221132,,,,,
aniso_gradx_over_y,B,A,ridge,proc_gss,0,152,48,0.3434117517214881,0.39487245439333024,0.48917657384552227,0.7286148501953972,,,,
aniso_gradx_over_y,B,A,extratrees,proc_gss,0,152,48,-0.0343603638824872,0.440604964314862,0.6139811435493998,0.7190468446786583,,,,
pit_density_per_Mpx,B,A,dummy,proc_gss,0,152,48,-0.23419951504204128,6235.330146655702,7925.995245953196,,,,,
pit_density_per_Mpx,B,A,ridge,proc_gss,0,152,48,-0.3561907035215093,5776.654438880531,8308.478556134487,0.21973419494658322,,,,
pit_density_per_Mpx,B,A,extratrees,proc_gss,0,152,48,-2.848789605663563,7800.93331021102,13996.621139995805,0.26525056389980406,,,,
pit_depth_um,B,A,dummy,proc_gss,0,152,48,-0.003337848529033849,1.5704422916567538,2.491469548918461,,,,,
pit_depth_um,B,A,ridge,proc_gss,0,152,48,0.1966235333389036,1.3977726332154727,2.2294181824611865,0.514329135909683,,,,
pit_depth_um,B,A,extratrees,proc_gss,0,152,48,-0.03710467967730091,1.5098470591642699,2.53304720278491,0.5356745462932913,,,,
peak_to_valley_p98p2_um,B,A,dummy,proc_gss,0,152,48,-0.09592931295549101,3.5984051894996596,4.522710154893519,,,,,
peak_to_valley_p98p2_um,B,A,ridge,proc_gss,0,152,48,0.3431712925069855,2.5784941899155402,3.501334052141922,0.6237516283108988,,,,
peak_to_valley_p98p2_um,B,A,extratrees,proc_gss,0,152,48,-0.16104771547161945,2.9580043984938293,4.65513755715689,0.5477637863656101,,,,
deepest_negative_residual_um,B,A,dummy,proc_gss,0,152,48,-0.003337848529033849,1.5704422916567538,2.491469548918461,,,,,
deepest_negative_residual_um,B,A,ridge,proc_gss,0,152,48,0.1966235333389036,1.3977726332154727,2.2294181824611865,0.514329135909683,,,,
deepest_negative_residual_um,B,A,extratrees,proc_gss,0,152,48,-0.03710467967730091,1.5098470591642699,2.53304720278491,0.5356745462932913,,,,
rms_DCT_8_16_um,C,A,dummy,proc_gss,0,152,48,-0.10803174439134122,0.23586626327693958,0.29732506544742854,,,,,
rms_DCT_8_16_um,C,A,ridge,proc_gss,0,152,48,0.11795622889818957,0.21426498798556945,0.26527754542589815,0.5844550586191923,,,,
rms_DCT_8_16_um,C,A,extratrees,proc_gss,0,152,48,-0.24821333067591733,0.2248313569268272,0.31557299381462317,0.5623100303951368,,,,
E_DCT_8_16_frac,C,A,dummy,proc_gss,0,152,48,-0.03607063958231671,0.15787907699594697,0.19897450561585106,,,,,
E_DCT_8_16_frac,C,A,ridge,proc_gss,0,152,48,0.39513649693003094,0.129921496219727,0.15203075109684422,0.653603994789405,,,,
E_DCT_8_16_frac,C,A,extratrees,proc_gss,0,152,48,0.4865285836851745,0.11614715359480353,0.14007508258364781,0.638586588017081,,,,
rms_DCT_16_32_um,C,A,dummy,proc_gss,0,152,48,-0.060960665356464494,0.3521253676810128,0.4646010654292405,,,,,
rms_DCT_16_32_um,C,A,ridge,proc_gss,0,152,48,0.3614661094619769,0.2623606278195601,0.3604313315321982,0.6753148067737734,,,,
rms_DCT_16_32_um,C,A,extratrees,proc_gss,0,152,48,-0.038627002099218544,0.28010226351839046,0.459685033873416,0.7393617021276596,,,,
E_DCT_16_32_frac,C,A,dummy,proc_gss,0,152,48,-0.0001309903610549057,0.0807498493184702,0.09756328156607015,,,,,
E_DCT_16_32_frac,C,A,ridge,proc_gss,0,152,48,0.12293875189601156,0.07459301917868784,0.0913635399898275,0.4178245766391663,,,,
E_DCT_16_32_frac,C,A,extratrees,proc_gss,0,152,48,0.06423945320857727,0.06836681798852418,0.09437138362443927,0.5756621797655231,,,,
rms_DCT_32_64_um,C,A,dummy,proc_gss,0,152,48,-0.07548067442800455,0.444732402159691,0.5903288719079985,,,,,
rms_DCT_32_64_um,C,A,ridge,proc_gss,0,152,48,0.3156342868841874,0.3218921482173941,0.47090883702663877,0.5963960052105949,,,,
rms_DCT_32_64_um,C,A,extratrees,proc_gss,0,152,48,-0.18193812284555788,0.34975878855273623,0.6188566887815893,0.6988710377768127,,,,
E_DCT_32_64_frac,C,A,dummy,proc_gss,0,152,48,-0.005512610822280273,0.08168370451432645,0.09984783571569515,,,,,
E_DCT_32_64_frac,C,A,ridge,proc_gss,0,152,48,0.310293800051176,0.06356938160440664,0.08269456361485104,0.6364524533217543,,,,
E_DCT_32_64_frac,C,A,extratrees,proc_gss,0,152,48,0.2586675045736694,0.059498817593692625,0.08573366969184673,0.6263739248378338,,,,
rms_DCT_64_inf_um,C,A,dummy,proc_gss,0,152,48,-0.14310808389156904,0.7116391762931252,0.9268144888038143,,,,,
rms_DCT_64_inf_um,C,A,ridge,proc_gss,0,152,48,0.036135094013761804,0.6109012286195005,0.8510542610169974,0.5478723404255319,,,,
rms_DCT_64_inf_um,C,A,extratrees,proc_gss,0,152,48,-1.4792338909231462,0.8278244504012687,1.36492225966965,0.46147583266648723,,,,
E_DCT_64_inf_frac,C,A,dummy,proc_gss,0,152,48,-0.09519053454980919,0.16596474110479015,0.20013849221080277,,,,,
E_DCT_64_inf_frac,C,A,ridge,proc_gss,0,152,48,-0.07534018886613802,0.15668227882345176,0.19831644162179382,0.3486756404689535,,,,
E_DCT_64_inf_frac,C,A,extratrees,proc_gss,0,152,48,-0.3034694581752879,0.17602386094908043,0.21834146129122142,0.27876682587928786,,,,
DCT_8_16_PC1,D,A,dummy,proc_gss,0,152,48,-0.00013573660102239593,14.966938863248368,34.85559639558406,,8_16,1.0,12.422984349494383,stable
DCT_8_16_PC1,D,A,ridge,proc_gss,0,152,48,0.03637188833761751,15.186319657977435,34.213521393459466,0.17477203647416412,8_16,1.0,12.422984349494383,stable
DCT_8_16_PC1,D,A,extratrees,proc_gss,0,152,48,0.11538631153391787,19.4176399021477,32.780824519237676,-0.08163265306122448,8_16,1.0,12.422984349494383,stable
DCT_8_16_PC2,D,A,dummy,proc_gss,0,152,48,-0.45948257135574977,5.78916745066054,7.260016931412262,,8_16,2.0,24.153262493160575,stable
DCT_8_16_PC2,D,A,ridge,proc_gss,0,152,48,-0.8137775023797276,6.533468101788034,8.093384667767417,-0.1768345636126791,8_16,2.0,24.153262493160575,stable
DCT_8_16_PC2,D,A,extratrees,proc_gss,0,152,48,-2.63184154681072,7.546607370843475,11.452534881480267,0.1606600086843248,8_16,2.0,24.153262493160575,stable
DCT_8_16_PC3,D,A,dummy,proc_gss,0,152,48,-0.04194580939310111,8.89328845555152,12.14304813903859,,8_16,3.0,76.52325502577496,unstable_pc
DCT_8_16_PC3,D,A,ridge,proc_gss,0,152,48,-0.19050334819144865,9.878504730259097,12.979873536427377,-0.18834129396439428,8_16,3.0,76.52325502577496,unstable_pc
DCT_8_16_PC3,D,A,extratrees,proc_gss,0,152,48,-1.8389941910487244,12.56937242409658,20.044138848745845,0.07577073382544508,8_16,3.0,76.52325502577496,unstable_pc
DCT_16_32_PC1,D,A,dummy,proc_gss,0,152,48,-0.22753553307344077,11.445748543211744,21.893720848364108,,16_32,1.0,33.81941727542028,stable
DCT_16_32_PC1,D,A,ridge,proc_gss,0,152,48,-0.3179728999597491,10.576663333428899,22.685887832096007,0.1866044290056448,16_32,1.0,33.81941727542028,stable
DCT_16_32_PC1,D,A,extratrees,proc_gss,0,152,48,-1.3252350810205598,15.040595430537541,30.132556079916313,-0.19094659140251843,16_32,1.0,33.81941727542028,stable
DCT_16_32_PC2,D,A,dummy,proc_gss,0,152,48,-0.03222199167533435,6.218207143383982,10.147513493695337,,16_32,2.0,67.29575228109718,unstable_pc
DCT_16_32_PC2,D,A,ridge,proc_gss,0,152,48,-2.2467591671866245,12.496347133523352,17.99691731885969,0.0650238818931828,16_32,2.0,67.29575228109718,unstable_pc
DCT_16_32_PC2,D,A,extratrees,proc_gss,0,152,48,-6.273659727959757,15.871303745583768,26.937021558629453,-0.059704732957012584,16_32,2.0,67.29575228109718,unstable_pc
DCT_16_32_PC3,D,A,dummy,proc_gss,0,152,48,-0.04425474018119613,9.293761064167112,14.16047377622286,,16_32,3.0,77.1481327952184,unstable_pc
DCT_16_32_PC3,D,A,ridge,proc_gss,0,152,48,-1.1801742723300368,15.844016202841075,20.460684636308947,-0.2518454190186713,16_32,3.0,77.1481327952184,unstable_pc
DCT_16_32_PC3,D,A,extratrees,proc_gss,0,152,48,-4.602130303232114,18.385409624057107,32.79828682153539,-0.20994355188884062,16_32,3.0,77.1481327952184,unstable_pc
DCT_32_64_PC1,D,A,dummy,proc_gss,0,152,48,-0.3401763330433354,24.519772369210674,38.74183824667387,,32_64,1.0,18.46950684751083,stable
DCT_32_64_PC1,D,A,ridge,proc_gss,0,152,48,-1.8068764109589837,34.66834625358167,56.06746192509707,-0.04874077290490664,32_64,1.0,18.46950684751083,stable
DCT_32_64_PC1,D,A,extratrees,proc_gss,0,152,48,-4.76050635737493,37.154394170645425,80.32108780279371,-0.017911419887103774,32_64,1.0,18.46950684751083,stable
DCT_32_64_PC2,D,A,dummy,proc_gss,0,152,48,-0.2603114853108075,16.479722602478336,25.444152412062856,,32_64,2.0,45.73616635455353,unstable_pc
DCT_32_64_PC2,D,A,ridge,proc_gss,0,152,48,-0.4777789154467078,16.059794706670342,27.552040888157883,0.05058619192357794,32_64,2.0,45.73616635455353,unstable_pc
DCT_32_64_PC2,D,A,extratrees,proc_gss,0,152,48,-4.52621680463723,31.512306729542697,53.27985091324514,-0.05026052974381242,32_64,2.0,45.73616635455353,unstable_pc
DCT_32_64_PC3,D,A,dummy,proc_gss,0,152,48,-0.05053046666127026,12.947067178179624,26.380603170000676,,32_64,3.0,71.27601268625669,unstable_pc
DCT_32_64_PC3,D,A,ridge,proc_gss,0,152,48,0.03075563608026255,12.73565936006895,25.339441428100873,0.24153278332609643,32_64,3.0,71.27601268625669,unstable_pc
DCT_32_64_PC3,D,A,extratrees,proc_gss,0,152,48,-0.2624493503551679,15.237750579442947,28.919273375434507,0.14676508901432914,32_64,3.0,71.27601268625669,unstable_pc
DCT_64_inf_PC1,D,A,dummy,proc_gss,0,152,48,-0.053736290963638744,42.690209082292824,72.70417656770748,,64_inf,1.0,21.642881763614426,stable
DCT_64_inf_PC1,D,A,ridge,proc_gss,0,152,48,-0.15750795649094051,48.392672043500205,76.20007236784778,0.14253148067737734,64_inf,1.0,21.642881763614426,stable
DCT_64_inf_PC1,D,A,extratrees,proc_gss,0,152,48,-3.2331883509292023,78.32043388801361,145.7226926468498,-0.035280069474598344,64_inf,1.0,21.642881763614426,stable
DCT_64_inf_PC2,D,A,dummy,proc_gss,0,152,48,-0.09331839277583964,28.808263945421782,50.6517970533155,,64_inf,2.0,31.500306782987135,stable
DCT_64_inf_PC2,D,A,ridge,proc_gss,0,152,48,-1.0747424667283094,42.55386788620993,69.7756079526549,0.09878419452887537,64_inf,2.0,31.500306782987135,stable
DCT_64_inf_PC2,D,A,extratrees,proc_gss,0,152,48,-4.347343652732609,52.92660238264133,112.0187130000983,0.1503473729917499,64_inf,2.0,31.500306782987135,stable
DCT_64_inf_PC3,D,A,dummy,proc_gss,0,152,48,-0.0012075163582478954,31.93146271529794,59.99268314653155,,64_inf,3.0,47.85328549272042,unstable_pc
DCT_64_inf_PC3,D,A,ridge,proc_gss,0,152,48,0.047648534268662446,32.89474425856956,58.51064189708105,0.09628745115067303,64_inf,3.0,47.85328549272042,unstable_pc
DCT_64_inf_PC3,D,A,extratrees,proc_gss,0,152,48,-0.4086795746870424,41.87955431371633,71.16104943049386,-0.04027355623100304,64_inf,3.0,47.85328549272042,unstable_pc
median_depth_um,A,R,dummy,proc_gss,0,152,48,-0.05981417737578343,19.30225123355263,20.765351565989405,,,,,
median_depth_um,A,R,ridge,proc_gss,0,152,48,0.5446366206320408,10.703463066800529,13.611421303636368,0.841511072514112,,,,
median_depth_um,A,R,extratrees,proc_gss,0,152,48,0.7503763775566112,5.868517067773599,10.077835531419876,0.8838471558836299,,,,
Sq_um,B,R,dummy,proc_gss,0,152,48,-0.14628101643272196,0.9456599365347346,1.1928700990004313,,,,,
Sq_um,B,R,ridge,proc_gss,0,152,48,0.062382188089123436,0.7963217270649402,1.0788486612025923,0.7123317412071212,,,,
Sq_um,B,R,extratrees,proc_gss,0,152,48,0.012265415749986297,0.6620483405136378,1.107306202509133,0.689101172383847,,,,
Sa_um,B,R,dummy,proc_gss,0,152,48,-0.038045961516955495,0.5470421617698537,0.8565663647909842,,,,,
Sa_um,B,R,ridge,proc_gss,0,152,48,0.11277568924703352,0.468374207252421,0.791898356870212,0.6847590099869735,,,,
Sa_um,B,R,extratrees,proc_gss,0,152,48,0.12065819521098342,0.4173775088528921,0.788372715219076,0.6242943986105081,,,,
Ssk_skewness,B,R,dummy,proc_gss,0,152,48,-0.2537976795610075,1.295641625073493,1.5386045835564197,,,,,
Ssk_skewness,B,R,ridge,proc_gss,0,152,48,0.15757771627565975,0.9853587813402106,1.26118330800679,0.34422492401215804,,,,
Ssk_skewness,B,R,extratrees,proc_gss,0,152,48,0.34059415985785557,0.7834591011889417,1.1158085518264158,0.4036039947894051,,,,
kurtosis_excess_fisher,B,R,dummy,proc_gss,0,152,48,-0.8307006237432708,8.280478755367913,9.095007232085692,,,,,
kurtosis_excess_fisher,B,R,ridge,proc_gss,0,152,48,-0.27668312243407933,6.563036813178961,7.595142780415137,0.299174989144594,,,,
kurtosis_excess_fisher,B,R,extratrees,proc_gss,0,152,48,0.37986807666589095,3.815104268864872,5.293420906665314,0.4358445505861919,,,,
grad_rms_um_per_um,B,R,dummy,proc_gss,0,152,48,-0.1247175701578429,0.22817392363260633,0.2768337638486583,,,,,
grad_rms_um_per_um,B,R,ridge,proc_gss,0,152,48,0.027117425726514766,0.2069169978633052,0.2574705317353439,0.46537125488493264,,,,
grad_rms_um_per_um,B,R,extratrees,proc_gss,0,152,48,0.08389967255788477,0.16869582342678338,0.2498439496497741,0.48675640468953535,,,,
lap_rms_um_per_px2,B,R,dummy,proc_gss,0,152,48,-0.010629233147947614,0.11310639765734747,0.13459820108313963,,,,,
lap_rms_um_per_px2,B,R,ridge,proc_gss,0,152,48,-0.18171102819628526,0.12143800904823403,0.145545563424083,-0.047872340425531915,,,,
lap_rms_um_per_px2,B,R,extratrees,proc_gss,0,152,48,-0.32654278175837126,0.11793428218931708,0.15420695364112294,0.18486756404689533,,,,
acf_e_fold_lag_um,B,R,dummy,proc_gss,0,152,48,-0.019145314181180595,6.050438596491229,6.844031231968124,,,,,
acf_e_fold_lag_um,B,R,ridge,proc_gss,0,152,48,-0.18017157725154886,6.13877212127593,7.364894028057912,0.18002419593038585,,,,
acf_e_fold_lag_um,B,R,extratrees,proc_gss,0,152,48,-0.09732932274275741,5.700981508537763,7.101701581427183,0.42654479525034045,,,,
aniso_gradx_over_y,B,R,dummy,proc_gss,0,152,48,-0.0053712043011096,0.42652961938194106,0.6053162310221132,,,,,
aniso_gradx_over_y,B,R,ridge,proc_gss,0,152,48,0.11631350372744198,0.3986988984097907,0.5675030598955938,0.3762483716891012,,,,
aniso_gradx_over_y,B,R,extratrees,proc_gss,0,152,48,0.3616618918199769,0.35385475874344835,0.48233023244954093,0.5459183673469388,,,,
pit_density_per_Mpx,B,R,dummy,proc_gss,0,152,48,-0.23419951504204128,6235.330146655702,7925.995245953196,,,,,
pit_density_per_Mpx,B,R,ridge,proc_gss,0,152,48,-0.5239564864384554,6673.478182649491,8807.393597855807,0.16726705043892967,,,,
pit_density_per_Mpx,B,R,extratrees,proc_gss,0,152,48,-6.308635072929348,10170.357743178081,19287.647514985518,0.0003923824909760415,,,,
pit_depth_um,B,R,dummy,proc_gss,0,152,48,-0.003337848529033849,1.5704422916567538,2.491469548918461,,,,,
pit_depth_um,B,R,ridge,proc_gss,0,152,48,0.21190174874999412,1.4086915428732747,2.2081174396635403,0.5788102475032566,,,,
pit_depth_um,B,R,extratrees,proc_gss,0,152,48,0.05514380805913155,1.4087164633304121,2.417769210234092,0.430308293530178,,,,
peak_to_valley_p98p2_um,B,R,dummy,proc_gss,0,152,48,-0.09592931295549101,3.5984051894996596,4.522710154893519,,,,,
peak_to_valley_p98p2_um,B,R,ridge,proc_gss,0,152,48,-0.03825591850774912,3.0228718362680644,4.402097854695954,0.691272253582284,,,,
peak_to_valley_p98p2_um,B,R,extratrees,proc_gss,0,152,48,0.16123048443089982,2.331575246048837,3.9566606476042323,0.6849761181068172,,,,
deepest_negative_residual_um,B,R,dummy,proc_gss,0,152,48,-0.003337848529033849,1.5704422916567538,2.491469548918461,,,,,
deepest_negative_residual_um,B,R,ridge,proc_gss,0,152,48,0.21190174874999412,1.4086915428732747,2.2081174396635403,0.5788102475032566,,,,
deepest_negative_residual_um,B,R,extratrees,proc_gss,0,152,48,0.05514380805913155,1.4087164633304121,2.417769210234092,0.430308293530178,,,,
rms_DCT_8_16_um,C,R,dummy,proc_gss,0,152,48,-0.10803174439134122,0.23586626327693958,0.29732506544742854,,,,,
rms_DCT_8_16_um,C,R,ridge,proc_gss,0,152,48,0.1418909121309928,0.20779435557039524,0.261653574713783,0.6293964394268345,,,,
rms_DCT_8_16_um,C,R,extratrees,proc_gss,0,152,48,0.14524640937026656,0.19683460882198223,0.2611414965643044,0.5210594876248372,,,,
E_DCT_8_16_frac,C,R,dummy,proc_gss,0,152,48,-0.03607063958231671,0.15787907699594697,0.19897450561585106,,,,,
E_DCT_8_16_frac,C,R,ridge,proc_gss,0,152,48,0.024813250863405134,0.14994066630735678,0.1930397056381426,0.28842813721233174,,,,
E_DCT_8_16_frac,C,R,extratrees,proc_gss,0,152,48,0.13388561464866533,0.1348409349515091,0.18192415939233067,0.38069908814589665,,,,
rms_DCT_16_32_um,C,R,dummy,proc_gss,0,152,48,-0.060960665356464494,0.3521253676810128,0.4646010654292405,,,,,
rms_DCT_16_32_um,C,R,ridge,proc_gss,0,152,48,0.24534895306375637,0.27742718763539714,0.3918353819708885,0.8128528006947461,,,,
rms_DCT_16_32_um,C,R,extratrees,proc_gss,0,152,48,0.40623262483475875,0.1726271767707165,0.34756715229738294,0.8296786799826313,,,,
E_DCT_16_32_frac,C,R,dummy,proc_gss,0,152,48,-0.0001309903610549057,0.0807498493184702,0.09756328156607015,,,,,
E_DCT_16_32_frac,C,R,ridge,proc_gss,0,152,48,0.27834728630769856,0.06226348564797096,0.08287472144808206,0.5772904906643508,,,,
E_DCT_16_32_frac,C,R,extratrees,proc_gss,0,152,48,0.050513664882896325,0.06720779319081398,0.0950609864280871,0.5717542336083369,,,,
rms_DCT_32_64_um,C,R,dummy,proc_gss,0,152,48,-0.07548067442800455,0.444732402159691,0.5903288719079985,,,,,
rms_DCT_32_64_um,C,R,ridge,proc_gss,0,152,48,0.16620223809851475,0.3428927223110632,0.5197842088254637,0.6969170646982196,,,,
rms_DCT_32_64_um,C,R,extratrees,proc_gss,0,152,48,0.1898257050055776,0.2880413290856633,0.5123679419507158,0.7206904038211029,,,,
E_DCT_32_64_frac,C,R,dummy,proc_gss,0,152,48,-0.005512610822280273,0.08168370451432645,0.09984783571569515,,,,,
E_DCT_32_64_frac,C,R,ridge,proc_gss,0,152,48,0.31210499904636857,0.064169155942509,0.08258591244594449,0.633195831524099,,,,
E_DCT_32_64_frac,C,R,extratrees,proc_gss,0,152,48,0.29788329401190206,0.054038557091570176,0.08343524548374338,0.7133087277464176,,,,
rms_DCT_64_inf_um,C,R,dummy,proc_gss,0,152,48,-0.14310808389156904,0.7116391762931252,0.9268144888038143,,,,,
rms_DCT_64_inf_um,C,R,ridge,proc_gss,0,152,48,-0.19420912631675424,0.6299683662457028,0.9473039743040362,0.5207338254450716,,,,
rms_DCT_64_inf_um,C,R,extratrees,proc_gss,0,152,48,-0.5394818868591944,0.7169907759742454,1.0755644967347862,0.3183890577507599,,,,
E_DCT_64_inf_frac,C,R,dummy,proc_gss,0,152,48,-0.09519053454980919,0.16596474110479015,0.20013849221080277,,,,,
E_DCT_64_inf_frac,C,R,ridge,proc_gss,0,152,48,-0.2607006779313581,0.17287309608136445,0.21472953121006394,0.1773773339122883,,,,
E_DCT_64_inf_frac,C,R,extratrees,proc_gss,0,152,48,-1.055728574002937,0.21528113485266856,0.274200769368229,0.2085323491098567,,,,
DCT_8_16_PC1,D,R,dummy,proc_gss,0,152,48,-0.00013573660102239593,14.966938863248368,34.85559639558406,,8_16,1.0,12.422984349494383,stable
DCT_8_16_PC1,D,R,ridge,proc_gss,0,152,48,0.004240253533762228,16.57707886144723,34.779259280173505,0.12874511506730352,8_16,1.0,12.422984349494383,stable
DCT_8_16_PC1,D,R,extratrees,proc_gss,0,152,48,-0.27723457466545653,26.49512397713653,39.38931048246592,-0.14144594007815894,8_16,1.0,12.422984349494383,stable
DCT_8_16_PC2,D,R,dummy,proc_gss,0,152,48,-0.45948257135574977,5.78916745066054,7.260016931412262,,8_16,2.0,24.153262493160575,stable
DCT_8_16_PC2,D,R,ridge,proc_gss,0,152,48,-0.8627974551730879,6.438613428358167,8.202023229330113,-0.3603994789405124,8_16,2.0,24.153262493160575,stable
DCT_8_16_PC2,D,R,extratrees,proc_gss,0,152,48,-2.8704139770005948,8.185425769764567,11.822705910110491,-0.08521493703864524,8_16,2.0,24.153262493160575,stable
DCT_8_16_PC3,D,R,dummy,proc_gss,0,152,48,-0.04194580939310111,8.89328845555152,12.14304813903859,,8_16,3.0,76.52325502577496,unstable_pc
DCT_8_16_PC3,D,R,ridge,proc_gss,0,152,48,-0.16447035595527248,9.307973173112424,12.83717226428744,-0.1482848458532349,8_16,3.0,76.52325502577496,unstable_pc
DCT_8_16_PC3,D,R,extratrees,proc_gss,0,152,48,-0.5745951824461208,10.51465883492199,14.927586956845252,0.02312201476335215,8_16,3.0,76.52325502577496,unstable_pc
DCT_16_32_PC1,D,R,dummy,proc_gss,0,152,48,-0.22753553307344077,11.445748543211744,21.893720848364108,,16_32,1.0,33.81941727542028,stable
DCT_16_32_PC1,D,R,ridge,proc_gss,0,152,48,-0.3805794438771646,11.661906600064242,23.218450935218257,0.23643074250976986,16_32,1.0,33.81941727542028,stable
DCT_16_32_PC1,D,R,extratrees,proc_gss,0,152,48,-1.5478548360850084,17.433775681133653,31.542047429444334,-0.17802865827181938,16_32,1.0,33.81941727542028,stable
DCT_16_32_PC2,D,R,dummy,proc_gss,0,152,48,-0.03222199167533435,6.218207143383982,10.147513493695337,,16_32,2.0,67.29575228109718,unstable_pc
DCT_16_32_PC2,D,R,ridge,proc_gss,0,152,48,-0.5536024867514955,7.7685371273257315,12.44924567861162,0.1350412505427703,16_32,2.0,67.29575228109718,unstable_pc
DCT_16_32_PC2,D,R,extratrees,proc_gss,0,152,48,-3.0504094298718947,12.704429110931736,20.10122600177558,-0.33119843682153716,16_32,2.0,67.29575228109718,unstable_pc
DCT_16_32_PC3,D,R,dummy,proc_gss,0,152,48,-0.04425474018119613,9.293761064167112,14.16047377622286,,16_32,3.0,77.1481327952184,unstable_pc
DCT_16_32_PC3,D,R,ridge,proc_gss,0,152,48,-0.6661846791069783,11.038250967309109,17.88694307149103,-0.32327399044724275,16_32,3.0,77.1481327952184,unstable_pc
DCT_16_32_PC3,D,R,extratrees,proc_gss,0,152,48,-1.2135344986481447,12.676438943453467,20.616631283846264,-0.1816109422492401,16_32,3.0,77.1481327952184,unstable_pc
DCT_32_64_PC1,D,R,dummy,proc_gss,0,152,48,-0.3401763330433354,24.519772369210674,38.74183824667387,,32_64,1.0,18.46950684751083,stable
DCT_32_64_PC1,D,R,ridge,proc_gss,0,152,48,-1.0966089971996897,25.507796395517214,48.45716187528641,-0.26259227095093357,32_64,1.0,18.46950684751083,stable
DCT_32_64_PC1,D,R,extratrees,proc_gss,0,152,48,-1.6349427036080066,28.04335915684824,54.3231367775257,-0.1276595744680851,32_64,1.0,18.46950684751083,stable
DCT_32_64_PC2,D,R,dummy,proc_gss,0,152,48,-0.2603114853108075,16.479722602478336,25.444152412062856,,32_64,2.0,45.73616635455353,unstable_pc
DCT_32_64_PC2,D,R,ridge,proc_gss,0,152,48,-0.47903213352925045,15.812380787311946,27.56372105159308,0.1525184541901867,32_64,2.0,45.73616635455353,unstable_pc
DCT_32_64_PC2,D,R,extratrees,proc_gss,0,152,48,-1.8356851516246957,24.849592699548698,38.16612302843967,0.14112027789839338,32_64,2.0,45.73616635455353,unstable_pc
DCT_32_64_PC3,D,R,dummy,proc_gss,0,152,48,-0.05053046666127026,12.947067178179624,26.380603170000676,,32_64,3.0,71.27601268625669,unstable_pc
DCT_32_64_PC3,D,R,ridge,proc_gss,0,152,48,-0.04126225385342375,13.287096243161608,26.263975087215922,-0.1432913590968302,32_64,3.0,71.27601268625669,unstable_pc
DCT_32_64_PC3,D,R,extratrees,proc_gss,0,152,48,-0.10008721286097799,12.902170185916473,26.995660227438485,0.25455927051671734,32_64,3.0,71.27601268625669,unstable_pc
DCT_64_inf_PC1,D,R,dummy,proc_gss,0,152,48,-0.053736290963638744,42.690209082292824,72.70417656770748,,64_inf,1.0,21.642881763614426,stable
DCT_64_inf_PC1,D,R,ridge,proc_gss,0,152,48,-0.05347032623470804,42.874802874659906,72.6950006633141,-0.0005427702996092054,64_inf,1.0,21.642881763614426,stable
DCT_64_inf_PC1,D,R,extratrees,proc_gss,0,152,48,-1.9784306735094601,83.08033344546512,122.23262519786346,-0.1442683456361268,64_inf,1.0,21.642881763614426,stable
DCT_64_inf_PC2,D,R,dummy,proc_gss,0,152,48,-0.09331839277583964,28.808263945421782,50.6517970533155,,64_inf,2.0,31.500306782987135,stable
DCT_64_inf_PC2,D,R,ridge,proc_gss,0,152,48,-0.36651971535453987,27.502378294332512,56.62777292622981,0.1432913590968302,64_inf,2.0,31.500306782987135,stable
DCT_64_inf_PC2,D,R,extratrees,proc_gss,0,152,48,-1.747168525867219,50.70856135340267,80.29050362843705,0.11322188449848025,64_inf,2.0,31.500306782987135,stable
DCT_64_inf_PC3,D,R,dummy,proc_gss,0,152,48,-0.0012075163582478954,31.93146271529794,59.99268314653155,,64_inf,3.0,47.85328549272042,unstable_pc
DCT_64_inf_PC3,D,R,ridge,proc_gss,0,152,48,-0.12126729021941185,30.43337594099547,63.4878780394196,0.2899478940512375,64_inf,3.0,47.85328549272042,unstable_pc
DCT_64_inf_PC3,D,R,extratrees,proc_gss,0,152,48,-0.8630328535425857,49.46181534548273,81.83639541565033,-0.032891880156317846,64_inf,3.0,47.85328549272042,unstable_pc
median_depth_um,A,C,dummy,proc_gss,0,152,48,-0.05981417737578343,19.30225123355263,20.765351565989405,,,,,
median_depth_um,A,C,ridge,proc_gss,0,152,48,0.721898176587123,8.375140088602494,10.637175976064448,0.905015197568389,,,,
median_depth_um,A,C,extratrees,proc_gss,0,152,48,0.8932346331435198,4.320516531378973,6.590822629770312,0.9603777681285279,,,,
Sq_um,B,C,dummy,proc_gss,0,152,48,-0.14628101643272196,0.9456599365347346,1.1928700990004313,,,,,
Sq_um,B,C,ridge,proc_gss,0,152,48,-0.11851365505181799,0.7962781948305929,1.1783335619159299,0.6566435084672166,,,,
Sq_um,B,C,extratrees,proc_gss,0,152,48,-0.37315151496237076,0.818831198842474,1.3055900530357532,0.4927268779852366,,,,
Sa_um,B,C,dummy,proc_gss,0,152,48,-0.038045961516955495,0.5470421617698537,0.8565663647909842,,,,,
Sa_um,B,C,ridge,proc_gss,0,152,48,0.2038907586412928,0.4335406012121945,0.7501343582287191,0.689101172383847,,,,
Sa_um,B,C,extratrees,proc_gss,0,152,48,0.02192011114390191,0.45545095398559826,0.8314571832782925,0.5407077724706905,,,,
Ssk_skewness,B,C,dummy,proc_gss,0,152,48,-0.2537976795610075,1.295641625073493,1.5386045835564197,,,,,
Ssk_skewness,B,C,ridge,proc_gss,0,152,48,0.1785725174247561,0.9935908553566115,1.2453685828851815,0.3434650455927052,,,,
Ssk_skewness,B,C,extratrees,proc_gss,0,152,48,0.05421867487339882,0.9316322455358265,1.336314430380827,0.3975249674337821,,,,
kurtosis_excess_fisher,B,C,dummy,proc_gss,0,152,48,-0.8307006237432708,8.280478755367913,9.095007232085692,,,,,
kurtosis_excess_fisher,B,C,ridge,proc_gss,0,152,48,-0.2290219364248547,6.351366022441027,7.452023250812933,0.3605080330004342,,,,
kurtosis_excess_fisher,B,C,extratrees,proc_gss,0,152,48,-0.3441493875279422,5.933503842044161,7.793241835468614,0.3353234910985671,,,,
grad_rms_um_per_um,B,C,dummy,proc_gss,0,152,48,-0.1247175701578429,0.22817392363260633,0.2768337638486583,,,,,
grad_rms_um_per_um,B,C,ridge,proc_gss,0,152,48,0.10367480082829739,0.20145543732372653,0.2471326469479803,0.557967867998263,,,,
grad_rms_um_per_um,B,C,extratrees,proc_gss,0,152,48,-0.30199526431360213,0.21371204619195963,0.2978530282643887,0.42129830655666517,,,,
lap_rms_um_per_px2,B,C,dummy,proc_gss,0,152,48,-0.010629233147947614,0.11310639765734747,0.13459820108313963,,,,,
lap_rms_um_per_px2,B,C,ridge,proc_gss,0,152,48,-0.1386756004398566,0.1164295692574369,0.14287075333633653,0.12179765523230568,,,,
lap_rms_um_per_px2,B,C,extratrees,proc_gss,0,152,48,-0.561624738205766,0.12484119657937558,0.16731376321459973,-0.00825010855405992,,,,
acf_e_fold_lag_um,B,C,dummy,proc_gss,0,152,48,-0.019145314181180595,6.050438596491229,6.844031231968124,,,,,
acf_e_fold_lag_um,B,C,ridge,proc_gss,0,152,48,-0.06059870916286192,5.97155051921887,6.981833276589306,0.21547444532531537,,,,
acf_e_fold_lag_um,B,C,extratrees,proc_gss,0,152,48,0.056924972540064234,5.419099342757936,6.583654765000007,0.5031543065961314,,,,
aniso_gradx_over_y,B,C,dummy,proc_gss,0,152,48,-0.0053712043011096,0.42652961938194106,0.6053162310221132,,,,,
aniso_gradx_over_y,B,C,ridge,proc_gss,0,152,48,0.3007388828314974,0.38363083182684393,0.5048225986725735,0.6782457663916629,,,,
aniso_gradx_over_y,B,C,extratrees,proc_gss,0,152,48,-0.14010250094224364,0.46383937188501106,0.6446011076282874,0.6711897524967433,,,,
pit_density_per_Mpx,B,C,dummy,proc_gss,0,152,48,-0.23419951504204128,6235.330146655702,7925.995245953196,,,,,
pit_density_per_Mpx,B,C,ridge,proc_gss,0,152,48,-0.41190372751067605,5922.575990484581,8477.419298898907,0.2015164364369813,,,,
pit_density_per_Mpx,B,C,extratrees,proc_gss,0,152,48,-3.8341030426332354,8452.837045820932,15686.24787726628,0.21328791116626256,,,,
pit_depth_um,B,C,dummy,proc_gss,0,152,48,-0.003337848529033849,1.5704422916567538,2.491469548918461,,,,,
pit_depth_um,B,C,ridge,proc_gss,0,152,48,0.19532207693732295,1.4166831225020013,2.2312232617391223,0.5133521493703864,,,,
pit_depth_um,B,C,extratrees,proc_gss,0,152,48,-0.03574985923347174,1.4730644898530478,2.5313921405114073,0.5110725141120278,,,,
peak_to_valley_p98p2_um,B,C,dummy,proc_gss,0,152,48,-0.09592931295549101,3.5984051894996596,4.522710154893519,,,,,
peak_to_valley_p98p2_um,B,C,ridge,proc_gss,0,152,48,0.20862904703479734,2.7294396746753797,3.8432402790021554,0.6958315240990013,,,,
peak_to_valley_p98p2_um,B,C,extratrees,proc_gss,0,152,48,0.010995659671217628,2.7570112481415827,4.296418553369635,0.5192140686061658,,,,
deepest_negative_residual_um,B,C,dummy,proc_gss,0,152,48,-0.003337848529033849,1.5704422916567538,2.491469548918461,,,,,
deepest_negative_residual_um,B,C,ridge,proc_gss,0,152,48,0.19532207693732295,1.4166831225020013,2.2312232617391223,0.5133521493703864,,,,
deepest_negative_residual_um,B,C,extratrees,proc_gss,0,152,48,-0.03574985923347174,1.4730644898530478,2.5313921405114073,0.5110725141120278,,,,
rms_DCT_8_16_um,C,C,dummy,proc_gss,0,152,48,-0.10803174439134122,0.23586626327693958,0.29732506544742854,,,,,
rms_DCT_8_16_um,C,C,ridge,proc_gss,0,152,48,0.20920309190465713,0.20569422801197942,0.2511816465736342,0.7174337820234477,,,,
rms_DCT_8_16_um,C,C,extratrees,proc_gss,0,152,48,0.08183006343635424,0.19629041936341762,0.2706555618447907,0.597698653929657,,,,
E_DCT_8_16_frac,C,C,dummy,proc_gss,0,152,48,-0.03607063958231671,0.15787907699594697,0.19897450561585106,,,,,
E_DCT_8_16_frac,C,C,ridge,proc_gss,0,152,48,0.3892773448863228,0.13185810881644225,0.15276531724310036,0.6444854537559704,,,,
E_DCT_8_16_frac,C,C,extratrees,proc_gss,0,152,48,0.48142046999870813,0.1172667370325282,0.1407701054115943,0.6362353452019105,,,,
rms_DCT_16_32_um,C,C,dummy,proc_gss,0,152,48,-0.060960665356464494,0.3521253676810128,0.4646010654292405,,,,,
rms_DCT_16_32_um,C,C,ridge,proc_gss,0,152,48,0.3559259787451141,0.2548973201497537,0.3619915651437598,0.8077507598784195,,,,
rms_DCT_16_32_um,C,C,extratrees,proc_gss,0,152,48,0.26219165442036696,0.22152007716400304,0.38743811369569486,0.7907077724706904,,,,
E_DCT_16_32_frac,C,C,dummy,proc_gss,0,152,48,-0.0001309903610549057,0.0807498493184702,0.09756328156607015,,,,,
E_DCT_16_32_frac,C,C,ridge,proc_gss,0,152,48,0.28535802194406934,0.0636734364565527,0.08247118193474488,0.5435301780286582,,,,
E_DCT_16_32_frac,C,C,extratrees,proc_gss,0,152,48,-0.029281371356569386,0.07073855039008665,0.09897488675284144,0.5377768128528007,,,,
rms_DCT_32_64_um,C,C,dummy,proc_gss,0,152,48,-0.07548067442800455,0.444732402159691,0.5903288719079985,,,,,
rms_DCT_32_64_um,C,C,ridge,proc_gss,0,152,48,0.2835004655427077,0.3087466661165276,0.481837586869394,0.6698871037776813,,,,
rms_DCT_32_64_um,C,C,extratrees,proc_gss,0,152,48,0.04499982695437044,0.322229370194318,0.5562812783518043,0.66391663048198,,,,
E_DCT_32_64_frac,C,C,dummy,proc_gss,0,152,48,-0.005512610822280273,0.08168370451432645,0.09984783571569515,,,,,
E_DCT_32_64_frac,C,C,ridge,proc_gss,0,152,48,0.35563350979906916,0.059793063217636465,0.07993028625741438,0.7063612679114198,,,,
E_DCT_32_64_frac,C,C,extratrees,proc_gss,0,152,48,0.27877252730545743,0.05520155460880658,0.08456312531404685,0.6356925749023014,,,,
rms_DCT_64_inf_um,C,C,dummy,proc_gss,0,152,48,-0.14310808389156904,0.7116391762931252,0.9268144888038143,,,,,
rms_DCT_64_inf_um,C,C,ridge,proc_gss,0,152,48,-0.35718454498936114,0.6566197340376764,1.0098773207389506,0.47145028224055574,,,,
rms_DCT_64_inf_um,C,C,extratrees,proc_gss,0,152,48,-0.8793488119443775,0.7631875889667034,1.188373238890082,0.3410768562744247,,,,
E_DCT_64_inf_frac,C,C,dummy,proc_gss,0,152,48,-0.09519053454980919,0.16596474110479015,0.20013849221080277,,,,,
E_DCT_64_inf_frac,C,C,ridge,proc_gss,0,152,48,-0.10702339499899138,0.1624742762863251,0.20121677417805128,0.324468085106383,,,,
E_DCT_64_inf_frac,C,C,extratrees,proc_gss,0,152,48,-0.4306139672225855,0.18549416434402768,0.228742578917006,0.24066435084672166,,,,
DCT_8_16_PC1,D,C,dummy,proc_gss,0,152,48,-0.00013573660102239593,14.966938863248368,34.85559639558406,,8_16,1.0,12.422984349494383,stable
DCT_8_16_PC1,D,C,ridge,proc_gss,0,152,48,0.02288208392534985,15.730891182415286,34.45216619049889,0.1512158054711246,8_16,1.0,12.422984349494383,stable
DCT_8_16_PC1,D,C,extratrees,proc_gss,0,152,48,0.03943563230678593,23.598888807548878,34.15908912949463,-0.06665219279201041,8_16,1.0,12.422984349494383,stable
DCT_8_16_PC2,D,C,dummy,proc_gss,0,152,48,-0.45948257135574977,5.78916745066054,7.260016931412262,,8_16,2.0,24.153262493160575,stable
DCT_8_16_PC2,D,C,ridge,proc_gss,0,152,48,-1.0180143223386002,6.691376968397649,8.536902061488956,-0.2519539730785932,8_16,2.0,24.153262493160575,stable
DCT_8_16_PC2,D,C,extratrees,proc_gss,0,152,48,-2.266991525363456,7.190149960061691,10.86205958705192,0.15468953538862354,8_16,2.0,24.153262493160575,stable
DCT_8_16_PC3,D,C,dummy,proc_gss,0,152,48,-0.04194580939310111,8.89328845555152,12.14304813903859,,8_16,3.0,76.52325502577496,unstable_pc
DCT_8_16_PC3,D,C,ridge,proc_gss,0,152,48,-0.203002538485765,9.868556472524032,13.047833989142818,-0.1739036039947894,8_16,3.0,76.52325502577496,unstable_pc
DCT_8_16_PC3,D,C,extratrees,proc_gss,0,152,48,-1.108527974075844,11.253164205409268,17.274076324187536,0.19029526704298738,8_16,3.0,76.52325502577496,unstable_pc
DCT_16_32_PC1,D,C,dummy,proc_gss,0,152,48,-0.22753553307344077,11.445748543211744,21.893720848364108,,16_32,1.0,33.81941727542028,stable
DCT_16_32_PC1,D,C,ridge,proc_gss,0,152,48,-0.33338331046540426,10.931416321761168,22.818129873399307,0.19919669995657838,16_32,1.0,33.81941727542028,stable
DCT_16_32_PC1,D,C,extratrees,proc_gss,0,152,48,-1.1468228981268904,16.371809055963265,28.95347195770056,-0.17716022579244464,16_32,1.0,33.81941727542028,stable
DCT_16_32_PC2,D,C,dummy,proc_gss,0,152,48,-0.03222199167533435,6.218207143383982,10.147513493695337,,16_32,2.0,67.29575228109718,unstable_pc
DCT_16_32_PC2,D,C,ridge,proc_gss,0,152,48,-1.0131040729465002,8.979738213302792,14.171185973546454,0.10453755970473297,16_32,2.0,67.29575228109718,unstable_pc
DCT_16_32_PC2,D,C,extratrees,proc_gss,0,152,48,-3.8149815872189805,13.306800589146407,21.916459590751142,-0.09628745115067303,16_32,2.0,67.29575228109718,unstable_pc
DCT_16_32_PC3,D,C,dummy,proc_gss,0,152,48,-0.04425474018119613,9.293761064167112,14.16047377622286,,16_32,3.0,77.1481327952184,unstable_pc
DCT_16_32_PC3,D,C,ridge,proc_gss,0,152,48,-0.5720533210136796,12.19114518004576,17.37433506283804,-0.2567303517151541,16_32,3.0,77.1481327952184,unstable_pc
DCT_16_32_PC3,D,C,extratrees,proc_gss,0,152,48,-2.1534410507117867,14.715431485986379,24.607467196636637,-0.14372557533651759,16_32,3.0,77.1481327952184,unstable_pc
DCT_32_64_PC1,D,C,dummy,proc_gss,0,152,48,-0.3401763330433354,24.519772369210674,38.74183824667387,,32_64,1.0,18.46950684751083,stable
DCT_32_64_PC1,D,C,ridge,proc_gss,0,152,48,-1.3715511814101098,27.70030598091741,51.53656898926302,-0.10844550586191924,32_64,1.0,18.46950684751083,stable
DCT_32_64_PC1,D,C,extratrees,proc_gss,0,152,48,-3.904776970581697,35.51388667817343,74.115472801761,-0.1403603994789405,32_64,1.0,18.46950684751083,stable
DCT_32_64_PC2,D,C,dummy,proc_gss,0,152,48,-0.2603114853108075,16.479722602478336,25.444152412062856,,32_64,2.0,45.73616635455353,unstable_pc
DCT_32_64_PC2,D,C,ridge,proc_gss,0,152,48,-0.6016200787815649,16.594337573941704,28.683278763932734,0.11224489795918367,32_64,2.0,45.73616635455353,unstable_pc
DCT_32_64_PC2,D,C,extratrees,proc_gss,0,152,48,-3.9044216230424853,29.219451108452777,50.19297534530094,0.09411636995223623,32_64,2.0,45.73616635455353,unstable_pc
DCT_32_64_PC3,D,C,dummy,proc_gss,0,152,48,-0.05053046666127026,12.947067178179624,26.380603170000676,,32_64,3.0,71.27601268625669,unstable_pc
DCT_32_64_PC3,D,C,ridge,proc_gss,0,152,48,0.030654909101398675,12.82194152578167,25.34075807185301,0.10095527572731221,32_64,3.0,71.27601268625669,unstable_pc
DCT_32_64_PC3,D,C,extratrees,proc_gss,0,152,48,-0.196966468350517,14.113378261258733,28.15926969375484,0.24120712114633086,32_64,3.0,71.27601268625669,unstable_pc
DCT_64_inf_PC1,D,C,dummy,proc_gss,0,152,48,-0.053736290963638744,42.690209082292824,72.70417656770748,,64_inf,1.0,21.642881763614426,stable
DCT_64_inf_PC1,D,C,ridge,proc_gss,0,152,48,-0.15114717912935327,47.98727518365923,75.99041531883088,0.11029092488059053,64_inf,1.0,21.642881763614426,stable
DCT_64_inf_PC1,D,C,extratrees,proc_gss,0,152,48,-3.4518133251340064,84.09126070779601,149.43828122574038,-0.008467216673903604,64_inf,1.0,21.642881763614426,stable
DCT_64_inf_PC2,D,C,dummy,proc_gss,0,152,48,-0.09331839277583964,28.808263945421782,50.6517970533155,,64_inf,2.0,31.500306782987135,stable
DCT_64_inf_PC2,D,C,ridge,proc_gss,0,152,48,-0.8452725127345,38.231087946408,65.8039232642682,0.08000434216239687,64_inf,2.0,31.500306782987135,stable
DCT_64_inf_PC2,D,C,extratrees,proc_gss,0,152,48,-3.4251215156840153,53.16560456616791,101.90233405102823,0.1752062527138515,64_inf,2.0,31.500306782987135,stable
DCT_64_inf_PC3,D,C,dummy,proc_gss,0,152,48,-0.0012075163582478954,31.93146271529794,59.99268314653155,,64_inf,3.0,47.85328549272042,unstable_pc
DCT_64_inf_PC3,D,C,ridge,proc_gss,0,152,48,-0.08347859741165276,33.686056499334384,62.40888216172986,0.135258358662614,64_inf,3.0,47.85328549272042,unstable_pc
DCT_64_inf_PC3,D,C,extratrees,proc_gss,0,152,48,-0.7838872991957107,44.85025928007428,80.07923986868202,-0.05319148936170213,64_inf,3.0,47.85328549272042,unstable_pc
median_depth_um,A,A,dummy,proc_gss,1,158,42,-0.03593653285711418,15.200874894514769,17.239797356440576,,,,,
median_depth_um,A,A,ridge,proc_gss,1,158,42,0.555455537258521,9.690104372158597,11.29336031857166,0.8076330929422252,,,,
median_depth_um,A,A,extratrees,proc_gss,1,158,42,0.8146400611253161,4.773526241479605,7.292451021607304,0.9192934122032249,,,,
Sq_um,B,A,dummy,proc_gss,1,158,42,-0.02327976188017944,1.2516026912840401,2.356326766300967,,,,,
Sq_um,B,A,ridge,proc_gss,1,158,42,0.08324568191401183,1.1780870016368143,2.230307815554901,0.2759095697269265,,,,
Sq_um,B,A,extratrees,proc_gss,1,158,42,0.005882793149238008,1.139553494810855,2.322507470488399,0.3499716392512763,,,,
Sa_um,B,A,dummy,proc_gss,1,158,42,-0.010555468437211779,0.6730653818923507,1.2586212689425085,,,,,
Sa_um,B,A,ridge,proc_gss,1,158,42,0.03965782605601309,0.6306415509747589,1.2269531755041114,0.24690057531804552,,,,
Sa_um,B,A,extratrees,proc_gss,1,158,42,0.05394914220609914,0.6276287079915531,1.217789513819681,0.47362450368689735,,,,
Ssk_skewness,B,A,dummy,proc_gss,1,158,42,-0.07602238704588427,1.6704817193723485,2.1461748987835834,,,,,
Ssk_skewness,B,A,ridge,proc_gss,1,158,42,0.0657276885613608,1.4974972821775598,1.9998213318626505,0.452070334656835,,,,
Ssk_skewness,B,A,extratrees,proc_gss,1,158,42,0.18412322314948348,1.3109300834093036,1.8688168592304328,0.526456527023742,,,,
kurtosis_excess_fisher,B,A,dummy,proc_gss,1,158,42,-0.0012577575596119939,9.81864804287043,12.851785621877848,,,,,
kurtosis_excess_fisher,B,A,ridge,proc_gss,1,158,42,0.1389857069076168,8.626792844282829,11.917789381968982,0.5463900818410178,,,,
kurtosis_excess_fisher,B,A,extratrees,proc_gss,1,158,42,-0.11348993034339383,8.642698280374482,13.552944895580284,0.6413580747103153,,,,
grad_rms_um_per_um,B,A,dummy,proc_gss,1,158,42,-0.00010453906809049229,0.3073756817810268,0.4189832094924648,,,,,
grad_rms_um_per_um,B,A,ridge,proc_gss,1,158,42,0.17061372813433984,0.2586570168297127,0.38155077614011024,0.4089619965967102,,,,
grad_rms_um_per_um,B,A,extratrees,proc_gss,1,158,42,-0.04479664017710383,0.29904856551582965,0.42824253746250124,0.4060448910136942,,,,
lap_rms_um_per_px2,B,A,dummy,proc_gss,1,158,42,-0.00035907010602831413,0.1626310383523589,0.2279087711739238,,,,,
lap_rms_um_per_px2,B,A,ridge,proc_gss,1,158,42,0.16423403686565874,0.1469056061991773,0.20831734057409543,0.3878940118304838,,,,
lap_rms_um_per_px2,B,A,extratrees,proc_gss,1,158,42,0.06271136119443732,0.15256938681987411,0.22060723878940353,0.46438700267401345,,,,
acf_e_fold_lag_um,B,A,dummy,proc_gss,1,158,42,-0.05263755493122435,7.309523809523809,8.23755903841342,,,,,
acf_e_fold_lag_um,B,A,ridge,proc_gss,1,158,42,0.18718205194769633,5.898244939270845,7.238619567407568,0.4870612372963344,,,,
acf_e_fold_lag_um,B,A,extratrees,proc_gss,1,158,42,0.03373091431797015,6.420533852985639,7.892383003465453,0.3827373280419896,,,,
aniso_gradx_over_y,B,A,dummy,proc_gss,1,158,42,-0.013047677255598966,0.6036846995160935,0.8055276210705595,,,,,
aniso_gradx_over_y,B,A,ridge,proc_gss,1,158,42,0.16472952281933573,0.4142683676186249,0.731440594714366,0.5439591605218379,,,,
aniso_gradx_over_y,B,A,extratrees,proc_gss,1,158,42,0.30577989102686165,0.401878625957582,0.666828401305563,0.6310117099300413,,,,
pit_density_per_Mpx,B,A,dummy,proc_gss,1,158,42,-0.006579354694933537,9991.288050030138,38176.02651451235,,,,,
pit_density_per_Mpx,B,A,ridge,proc_gss,1,158,42,0.020991867427178734,10397.228329461657,37649.55644287237,0.4684360152567951,,,,
pit_density_per_Mpx,B,A,extratrees,proc_gss,1,158,42,-0.016447416485102728,11000.399734860253,38362.7006090357,0.30486193547854623,,,,
pit_depth_um,B,A,dummy,proc_gss,1,158,42,-0.002839561220865816,1.5917289848296245,3.3335039658476475,,,,,
pit_depth_um,B,A,ridge,proc_gss,1,158,42,-0.005580066002637274,1.5244487900576185,3.3380556664327052,0.3459201037193096,,,,
pit_depth_um,B,A,extratrees,proc_gss,1,158,42,0.044217028444865636,1.2733053880680856,3.2543547407370066,0.7282229965156795,,,,
peak_to_valley_p98p2_um,B,A,dummy,proc_gss,1,158,42,-0.006977515197086115,4.095573253056788,6.150037919462073,,,,,
peak_to_valley_p98p2_um,B,A,ridge,proc_gss,1,158,42,0.0928628886630104,3.7387991130752902,5.83719731604019,0.2509521108500122,,,,
peak_to_valley_p98p2_um,B,A,extratrees,proc_gss,1,158,42,0.0035875711016576384,3.4763807765159425,6.117690121427012,0.3024876428166275,,,,
deepest_negative_residual_um,B,A,dummy,proc_gss,1,158,42,-0.002839561220865816,1.5917289848296245,3.3335039658476475,,,,,
deepest_negative_residual_um,B,A,ridge,proc_gss,1,158,42,-0.005580066002637274,1.5244487900576185,3.3380556664327052,0.3459201037193096,,,,
deepest_negative_residual_um,B,A,extratrees,proc_gss,1,158,42,0.044217028444865636,1.2733053880680856,3.2543547407370066,0.7282229965156795,,,,
rms_DCT_8_16_um,C,A,dummy,proc_gss,1,158,42,-0.00022911505534950471,0.28553140794616816,0.3618531376408281,,,,,
rms_DCT_8_16_um,C,A,ridge,proc_gss,1,158,42,0.16640040541469714,0.23892695089285532,0.33034013666890993,0.5407179320962645,,,,
rms_DCT_8_16_um,C,A,extratrees,proc_gss,1,158,42,-0.031669298639773524,0.2654466929049669,0.36749619773600073,0.5483348188963617,,,,
E_DCT_8_16_frac,C,A,dummy,proc_gss,1,158,42,-0.019177444729848503,0.17354619739430377,0.20787429606377647,,,,,
E_DCT_8_16_frac,C,A,ridge,proc_gss,1,158,42,0.5015159915191004,0.11842039537369715,0.14537894233668708,0.6570780325743457,,,,
E_DCT_8_16_frac,C,A,extratrees,proc_gss,1,158,42,0.47932255137601365,0.11659597603411917,0.14857997252574376,0.6395202792818654,,,,
rms_DCT_16_32_um,C,A,dummy,proc_gss,1,158,42,-5.394986647799804e-05,0.4154611448579845,0.5613999918029386,,,,,
rms_DCT_16_32_um,C,A,ridge,proc_gss,1,158,42,0.18556828723891716,0.34208197336303997,0.5066266430969568,0.36212624584717606,,,,
rms_DCT_16_32_um,C,A,extratrees,proc_gss,1,158,42,0.16536707229697367,0.30466919462310543,0.5128713561358553,0.5352078437727898,,,,
E_DCT_16_32_frac,C,A,dummy,proc_gss,1,158,42,-0.05263740572402997,0.1011629008962076,0.1130406925077502,,,,,
E_DCT_16_32_frac,C,A,ridge,proc_gss,1,158,42,0.05361101680151914,0.0884095308399291,0.10718407099222771,0.4032898468519569,,,,
E_DCT_16_32_frac,C,A,extratrees,proc_gss,1,158,42,0.4210993778373918,0.06595672946614956,0.08382960469542403,0.5979256138076331,,,,
rms_DCT_32_64_um,C,A,dummy,proc_gss,1,158,42,-0.011487632776391532,0.5061725398605748,0.770496673965169,,,,,
rms_DCT_32_64_um,C,A,ridge,proc_gss,1,158,42,0.11319025270743144,0.44575757179719605,0.7214491212276308,0.34835102503848964,,,,
rms_DCT_32_64_um,C,A,extratrees,proc_gss,1,158,42,0.06699861244271799,0.4200192697344274,0.7399998378624102,0.533263106717446,,,,
E_DCT_32_64_frac,C,A,dummy,proc_gss,1,158,42,-0.0320862353918856,0.07110060133943143,0.09202063685572452,,,,,
E_DCT_32_64_frac,C,A,ridge,proc_gss,1,158,42,0.030386740268570023,0.06043233181963564,0.08919212571029213,0.5400696864111498,,,,
E_DCT_32_64_frac,C,A,extratrees,proc_gss,1,158,42,0.004870205283383888,0.05969350703392561,0.09035810334152813,0.5199740701725954,,,,
rms_DCT_64_inf_um,C,A,dummy,proc_gss,1,158,42,-0.04109620562066074,1.0153634299185625,2.2115118995143646,,,,,
rms_DCT_64_inf_um,C,A,ridge,proc_gss,1,158,42,0.049976095173309254,1.0010261616719223,2.112570034738158,0.3794668179239932,,,,
rms_DCT_64_inf_um,C,A,extratrees,proc_gss,1,158,42,-0.0070874479180358385,0.9375947575971331,2.1750910442822393,0.47621748642735595,,,,
E_DCT_64_inf_frac,C,A,dummy,proc_gss,1,158,42,-0.05988281842239984,0.22249270246797986,0.2821361123546711,,,,,
E_DCT_64_inf_frac,C,A,ridge,proc_gss,1,158,42,0.3350937947484668,0.17817568714102014,0.22346522279381964,0.5846365772627826,,,,
E_DCT_64_inf_frac,C,A,extratrees,proc_gss,1,158,42,0.20089300798024146,0.18804192186534602,0.24498089510783008,0.5241876671258408,,,,
DCT_8_16_PC1,D,A,dummy,proc_gss,1,158,42,-0.02286635411097837,20.945153612447513,41.707828293817606,,8_16,1.0,12.384961392649874,stable
DCT_8_16_PC1,D,A,ridge,proc_gss,1,158,42,-0.11633039659076116,22.957144994924025,43.57170006908518,-0.15371525808281342,8_16,1.0,12.384961392649874,stable
DCT_8_16_PC1,D,A,extratrees,proc_gss,1,158,42,-0.1326684706575092,22.81027442916618,43.8893891144829,-0.09537314642249413,8_16,1.0,12.384961392649874,stable
DCT_8_16_PC2,D,A,dummy,proc_gss,1,158,42,-0.004853558165329952,6.074296158485494,9.222365180988566,,8_16,2.0,23.659958216044803,stable
DCT_8_16_PC2,D,A,ridge,proc_gss,1,158,42,-0.07510931242007124,6.973575136783048,9.539316090575433,0.02066283121302974,8_16,2.0,23.659958216044803,stable
DCT_8_16_PC2,D,A,extratrees,proc_gss,1,158,42,-0.22281894798496404,6.484502520179767,10.173537906630152,0.20103719309618348,8_16,2.0,23.659958216044803,stable
DCT_8_16_PC3,D,A,dummy,proc_gss,1,158,42,-0.01851084314285467,10.07593151481448,16.267655622712926,,8_16,3.0,77.04130559703455,unstable_pc
DCT_8_16_PC3,D,A,ridge,proc_gss,1,158,42,-0.11184554516209544,11.304311091892174,16.996690716743583,0.06717445912000648,8_16,3.0,77.04130559703455,unstable_pc
DCT_8_16_PC3,D,A,extratrees,proc_gss,1,158,42,-2.0110226226342354,14.646182686402236,27.970430506348944,0.06296086216676121,8_16,3.0,77.04130559703455,unstable_pc
DCT_16_32_PC1,D,A,dummy,proc_gss,1,158,42,-0.23941262603507663,11.96040703078118,21.924899676325225,,16_32,1.0,48.8250950419719,unstable_pc
DCT_16_32_PC1,D,A,ridge,proc_gss,1,158,42,-0.542988061396418,12.456320514167135,24.463068966361188,-0.09893849769062475,16_32,1.0,48.8250950419719,unstable_pc
DCT_16_32_PC1,D,A,extratrees,proc_gss,1,158,42,-0.9117276888247241,12.207758910045676,27.22968842530575,-0.012073575885260514,16_32,1.0,48.8250950419719,unstable_pc
DCT_16_32_PC2,D,A,dummy,proc_gss,1,158,42,-0.06098600197004478,9.597620757726252,17.273643355774762,,16_32,2.0,61.93552795289169,unstable_pc
DCT_16_32_PC2,D,A,ridge,proc_gss,1,158,42,-0.09422842450567304,11.693044603588035,17.542162010469553,0.04562029008994409,16_32,2.0,61.93552795289169,unstable_pc
DCT_16_32_PC2,D,A,extratrees,proc_gss,1,158,42,-0.6619530979697521,13.133308380471842,21.619144446083773,-0.15403938092537073,16_32,2.0,61.93552795289169,unstable_pc
DCT_16_32_PC3,D,A,dummy,proc_gss,1,158,42,-0.001967496740073571,12.799477922848087,25.22486410297668,,16_32,3.0,66.41624267977124,unstable_pc
DCT_16_32_PC3,D,A,ridge,proc_gss,1,158,42,-0.0001559465172003005,14.401145154221197,25.20205059775312,-0.2503038651648975,16_32,3.0,66.41624267977124,unstable_pc
DCT_16_32_PC3,D,A,extratrees,proc_gss,1,158,42,-0.03475304071839336,14.092748424382544,25.63423575105132,0.34397536666396566,16_32,3.0,66.41624267977124,unstable_pc
DCT_32_64_PC1,D,A,dummy,proc_gss,1,158,42,-0.010921782476984276,22.135835756080187,47.59697821347997,,32_64,1.0,9.447566962572534,stable
DCT_32_64_PC1,D,A,ridge,proc_gss,1,158,42,0.02473755208129147,27.574312822968107,46.74997203760992,-0.0008913378170326555,32_64,1.0,9.447566962572534,stable
DCT_32_64_PC1,D,A,extratrees,proc_gss,1,158,42,-0.2258430827947211,21.993777930528857,52.41288248696199,0.18904464792156228,32_64,1.0,9.447566962572534,stable
DCT_32_64_PC2,D,A,dummy,proc_gss,1,158,42,-0.08825377197451578,23.96746852380701,53.595022698107165,,32_64,2.0,43.10537262132241,unstable_pc
DCT_32_64_PC2,D,A,ridge,proc_gss,1,158,42,-0.040692866146392115,23.78636254695331,52.410784136068,0.185317235232153,32_64,2.0,43.10537262132241,unstable_pc
DCT_32_64_PC2,D,A,extratrees,proc_gss,1,158,42,-0.3479129800373566,30.49118874613985,59.64723225124457,0.1953650433514302,32_64,2.0,43.10537262132241,unstable_pc
DCT_32_64_PC3,D,A,dummy,proc_gss,1,158,42,-0.08277020299377891,21.261848140622494,41.482497721771686,,32_64,3.0,59.579149029820854,unstable_pc
DCT_32_64_PC3,D,A,ridge,proc_gss,1,158,42,-0.2100083773468604,25.29440259884273,43.852154814352666,0.10963455149501662,32_64,3.0,59.579149029820854,unstable_pc
DCT_32_64_PC3,D,A,extratrees,proc_gss,1,158,42,-0.37183551526600156,26.063551286967233,46.69256920392176,-0.1243821408313751,32_64,3.0,59.579149029820854,unstable_pc
DCT_64_inf_PC1,D,A,dummy,proc_gss,1,158,42,-0.1292638909731243,64.29222323239144,139.0507476596581,,64_inf,1.0,28.600457681659684,stable
DCT_64_inf_PC1,D,A,ridge,proc_gss,1,158,42,-0.33508806174661143,75.35281970980614,151.1926098768078,-0.3352240499149178,64_inf,1.0,28.600457681659684,stable
DCT_64_inf_PC1,D,A,extratrees,proc_gss,1,158,42,-0.11988829073157192,60.23216517453503,138.47231712090124,0.26488939307997733,64_inf,1.0,28.600457681659684,stable
DCT_64_inf_PC2,D,A,dummy,proc_gss,1,158,42,-0.04119534074055764,79.52671270318362,192.10134698159843,,64_inf,2.0,61.366512333474645,unstable_pc
DCT_64_inf_PC2,D,A,ridge,proc_gss,1,158,42,-0.005146551949912759,77.78113391963232,188.74653849614012,0.3997244955838263,64_inf,2.0,61.366512333474645,unstable_pc
DCT_64_inf_PC2,D,A,extratrees,proc_gss,1,158,42,-0.010921570532793634,84.05690147996711,189.2879787421508,0.320152337736002,64_inf,2.0,61.366512333474645,unstable_pc
DCT_64_inf_PC3,D,A,dummy,proc_gss,1,158,42,-0.026357672519453645,47.91245204211366,81.08652288155159,,64_inf,3.0,68.6067665046584,unstable_pc
DCT_64_inf_PC3,D,A,ridge,proc_gss,1,158,42,-0.005265737363814527,46.09959453924679,80.24902254973856,0.320638521999838,64_inf,3.0,68.6067665046584,unstable_pc
DCT_64_inf_PC3,D,A,extratrees,proc_gss,1,158,42,-0.16466069895233337,47.821366043685586,86.37717999349833,0.24074224130945632,64_inf,3.0,68.6067665046584,unstable_pc
median_depth_um,A,R,dummy,proc_gss,1,158,42,-0.03593653285711418,15.200874894514769,17.239797356440576,,,,,
median_depth_um,A,R,ridge,proc_gss,1,158,42,0.5641161981615709,8.947566272461248,11.182810029112233,0.8779677497771655,,,,
median_depth_um,A,R,extratrees,proc_gss,1,158,42,0.8096674569819412,5.5275659229002185,7.389620021020647,0.9009804715987358,,,,
Sq_um,B,R,dummy,proc_gss,1,158,42,-0.02327976188017944,1.2516026912840401,2.356326766300967,,,,,
Sq_um,B,R,ridge,proc_gss,1,158,42,0.07603487458090685,1.1457603387960391,2.239061970944139,0.48124139048699455,,,,
Sq_um,B,R,extratrees,proc_gss,1,158,42,0.08878167228585288,1.1133410110399475,2.223563555562628,0.25970342759906007,,,,
Sa_um,B,R,dummy,proc_gss,1,158,42,-0.010555468437211779,0.6730653818923507,1.2586212689425085,,,,,
Sa_um,B,R,ridge,proc_gss,1,158,42,0.08179155712491148,0.625173807582493,1.1997358295942695,0.42776112146503525,,,,
Sa_um,B,R,extratrees,proc_gss,1,158,42,0.08186647474603392,0.6389935238837421,1.1996868847231565,0.2961672473867596,,,,
Ssk_skewness,B,R,dummy,proc_gss,1,158,42,-0.07602238704588427,1.6704817193723485,2.1461748987835834,,,,,
Ssk_skewness,B,R,ridge,proc_gss,1,158,42,0.10457438276131337,1.420199458072192,1.9578040162322983,0.558382627015639,,,,
Ssk_skewness,B,R,extratrees,proc_gss,1,158,42,-0.03699616902177105,1.4207820949321295,2.106895684540935,0.5365043351430192,,,,
kurtosis_excess_fisher,B,R,dummy,proc_gss,1,158,42,-0.0012577575596119939,9.81864804287043,12.851785621877848,,,,,
kurtosis_excess_fisher,B,R,ridge,proc_gss,1,158,42,-0.119127044017594,10.584142761558084,13.587207908915262,0.5971153067012398,,,,
kurtosis_excess_fisher,B,R,extratrees,proc_gss,1,158,42,-0.4555006743592691,9.367860843585357,15.495183763836394,0.5473624503686898,,,,
grad_rms_um_per_um,B,R,dummy,proc_gss,1,158,42,-0.00010453906809049229,0.3073756817810268,0.4189832094924648,,,,,
grad_rms_um_per_um,B,R,ridge,proc_gss,1,158,42,0.10556194709607569,0.286274284036992,0.3962315504108763,0.3828701077708452,,,,
grad_rms_um_per_um,B,R,extratrees,proc_gss,1,158,42,0.09618745953759955,0.30614755684817124,0.3983025634271593,0.28628150068876107,,,,
lap_rms_um_per_px2,B,R,dummy,proc_gss,1,158,42,-0.00035907010602831413,0.1626310383523589,0.2279087711739238,,,,,
lap_rms_um_per_px2,B,R,ridge,proc_gss,1,158,42,0.06734718815816854,0.15499962829851058,0.2200610011393094,0.3647192285876347,,,,
lap_rms_um_per_px2,B,R,extratrees,proc_gss,1,158,42,0.17237709444059368,0.15022362034308961,0.20730001492159367,0.3190179077870513,,,,
acf_e_fold_lag_um,B,R,dummy,proc_gss,1,158,42,-0.05263755493122435,7.309523809523809,8.23755903841342,,,,,
acf_e_fold_lag_um,B,R,ridge,proc_gss,1,158,42,0.2421412891165774,6.14030531489289,6.989614657702478,0.5878968665367315,,,,
acf_e_fold_lag_um,B,R,extratrees,proc_gss,1,158,42,0.24160254806259818,5.732154726886869,6.992098579399954,0.4572891729912454,,,,
aniso_gradx_over_y,B,R,dummy,proc_gss,1,158,42,-0.013047677255598966,0.6036846995160935,0.8055276210705595,,,,,
aniso_gradx_over_y,B,R,ridge,proc_gss,1,158,42,0.1107902508372085,0.5432336106707585,0.7546882736046118,0.6517300056721498,,,,
aniso_gradx_over_y,B,R,extratrees,proc_gss,1,158,42,0.34863730012564187,0.4246517528044537,0.6459173298399481,0.7180131269751235,,,,
pit_density_per_Mpx,B,R,dummy,proc_gss,1,158,42,-0.006579354694933537,9991.288050030138,38176.02651451235,,,,,
pit_density_per_Mpx,B,R,ridge,proc_gss,1,158,42,-0.00251308048438581,9771.345720837116,38098.83871827121,0.026794506047919102,,,,
pit_density_per_Mpx,B,R,extratrees,proc_gss,1,158,42,0.009008521729339858,10525.219164784454,37879.27640877516,0.45023276352900254,,,,
pit_depth_um,B,R,dummy,proc_gss,1,158,42,-0.002839561220865816,1.5917289848296245,3.3335039658476475,,,,,
pit_depth_um,B,R,ridge,proc_gss,1,158,42,0.009781511864852765,1.5937345233075604,3.3124609135849385,0.20038894741106883,,,,
pit_depth_um,B,R,extratrees,proc_gss,1,158,42,0.026685107815941578,1.4137976218673654,3.2840664132064354,0.4744348107932907,,,,
peak_to_valley_p98p2_um,B,R,dummy,proc_gss,1,158,42,-0.006977515197086115,4.095573253056788,6.150037919462073,,,,,
peak_to_valley_p98p2_um,B,R,ridge,proc_gss,1,158,42,0.11706279366875239,3.5859845481675956,5.758810872315981,0.5031196823596144,,,,
peak_to_valley_p98p2_um,B,R,extratrees,proc_gss,1,158,42,0.10111878462905699,3.406172517029665,5.810574304607207,0.2342597844583097,,,,
deepest_negative_residual_um,B,R,dummy,proc_gss,1,158,42,-0.002839561220865816,1.5917289848296245,3.3335039658476475,,,,,
deepest_negative_residual_um,B,R,ridge,proc_gss,1,158,42,0.009781511864852765,1.5937345233075604,3.3124609135849385,0.20038894741106883,,,,
deepest_negative_residual_um,B,R,extratrees,proc_gss,1,158,42,0.026685107815941578,1.4137976218673654,3.2840664132064354,0.4744348107932907,,,,
rms_DCT_8_16_um,C,R,dummy,proc_gss,1,158,42,-0.00022911505534950471,0.28553140794616816,0.3618531376408281,,,,,
rms_DCT_8_16_um,C,R,ridge,proc_gss,1,158,42,0.09726682244378848,0.26573424554766156,0.34376550765651986,0.2738027712503039,,,,
rms_DCT_8_16_um,C,R,extratrees,proc_gss,1,158,42,-0.13016935533884366,0.31442783268157404,0.38463992415227866,0.290657159063285,,,,
E_DCT_8_16_frac,C,R,dummy,proc_gss,1,158,42,-0.019177444729848503,0.17354619739430377,0.20787429606377647,,,,,
E_DCT_8_16_frac,C,R,ridge,proc_gss,1,158,42,0.09095701713948678,0.16564638073446872,0.19632160640779472,0.5100883234745969,,,,
E_DCT_8_16_frac,C,R,extratrees,proc_gss,1,158,42,0.3666426228704136,0.13007809016374947,0.1638703217311627,0.6794425087108015,,,,
rms_DCT_16_32_um,C,R,dummy,proc_gss,1,158,42,-5.394986647799804e-05,0.4154611448579845,0.5613999918029386,,,,,
rms_DCT_16_32_um,C,R,ridge,proc_gss,1,158,42,0.20149487543301503,0.35627658418923763,0.5016485266293267,0.49080301434243584,,,,
rms_DCT_16_32_um,C,R,extratrees,proc_gss,1,158,42,0.3309670278656638,0.27761134421961337,0.4591815694283756,0.5642168381816709,,,,
E_DCT_16_32_frac,C,R,dummy,proc_gss,1,158,42,-0.05263740572402997,0.1011629008962076,0.1130406925077502,,,,,
E_DCT_16_32_frac,C,R,ridge,proc_gss,1,158,42,-0.02802660511768784,0.09953987984902748,0.11171142382783553,0.44866704480998304,,,,
E_DCT_16_32_frac,C,R,extratrees,proc_gss,1,158,42,-0.03734452900570484,0.08299867262271134,0.11221655203902015,0.41074467223077554,,,,
rms_DCT_32_64_um,C,R,dummy,proc_gss,1,158,42,-0.011487632776391532,0.5061725398605748,0.770496673965169,,,,,
rms_DCT_32_64_um,C,R,ridge,proc_gss,1,158,42,0.12681283465042414,0.44449273816625184,0.7158864651420085,0.5766955676201281,,,,
rms_DCT_32_64_um,C,R,extratrees,proc_gss,1,158,42,0.07959902566596522,0.41121130350851776,0.7349859118293007,0.5358560894579046,,,,
E_DCT_32_64_frac,C,R,dummy,proc_gss,1,158,42,-0.0320862353918856,0.07110060133943143,0.09202063685572452,,,,,
E_DCT_32_64_frac,C,R,ridge,proc_gss,1,158,42,0.15948465946931023,0.05957080094219063,0.0830424328016358,0.6499473300380845,,,,
E_DCT_32_64_frac,C,R,extratrees,proc_gss,1,158,42,0.028532871810163507,0.061118839067288024,0.08927735118872138,0.6125111417227129,,,,
rms_DCT_64_inf_um,C,R,dummy,proc_gss,1,158,42,-0.04109620562066074,1.0153634299185625,2.2115118995143646,,,,,
rms_DCT_64_inf_um,C,R,ridge,proc_gss,1,158,42,0.027035443864737996,0.9348078864505105,2.1379244723529753,0.5322907381897739,,,,
rms_DCT_64_inf_um,C,R,extratrees,proc_gss,1,158,42,0.0074397869627468305,0.9695224873674316,2.1593462157709533,0.3921076087837291,,,,
E_DCT_64_inf_frac,C,R,dummy,proc_gss,1,158,42,-0.05988281842239984,0.22249270246797986,0.2821361123546711,,,,,
E_DCT_64_inf_frac,C,R,ridge,proc_gss,1,158,42,-0.040749112438906554,0.21902938548277814,0.27957786005732044,0.27396483267158256,,,,
E_DCT_64_inf_frac,C,R,extratrees,proc_gss,1,158,42,0.0777516880663438,0.19312937054820015,0.26318048703443603,0.3867595818815331,,,,
DCT_8_16_PC1,D,R,dummy,proc_gss,1,158,42,-0.02286635411097837,20.945153612447513,41.707828293817606,,8_16,1.0,12.384961392649874,stable
DCT_8_16_PC1,D,R,ridge,proc_gss,1,158,42,-0.10998099896484659,23.81691774333117,43.447611109105765,-0.08516327688193827,8_16,1.0,12.384961392649874,stable
DCT_8_16_PC1,D,R,extratrees,proc_gss,1,158,42,-1.0337128860769655,39.309612393171825,58.81023983495499,0.035410420549388213,8_16,1.0,12.384961392649874,stable
DCT_8_16_PC2,D,R,dummy,proc_gss,1,158,42,-0.004853558165329952,6.074296158485494,9.222365180988566,,8_16,2.0,23.659958216044803,stable
DCT_8_16_PC2,D,R,ridge,proc_gss,1,158,42,0.0014924010644085106,6.215974832880709,9.193198022081072,0.048051211409124064,8_16,2.0,23.659958216044803,stable
DCT_8_16_PC2,D,R,extratrees,proc_gss,1,158,42,0.0036890306864221234,6.3146403174136925,9.18308033762936,0.3720119925451747,8_16,2.0,23.659958216044803,stable
DCT_8_16_PC3,D,R,dummy,proc_gss,1,158,42,-0.01851084314285467,10.07593151481448,16.267655622712926,,8_16,3.0,77.04130559703455,unstable_pc
DCT_8_16_PC3,D,R,ridge,proc_gss,1,158,42,-0.09908602652006104,11.608645224972937,16.898882443452806,0.10153148043108338,8_16,3.0,77.04130559703455,unstable_pc
DCT_8_16_PC3,D,R,extratrees,proc_gss,1,158,42,-2.3472329343548157,21.098306045237525,29.49070192854163,0.2828782108419091,8_16,3.0,77.04130559703455,unstable_pc
DCT_16_32_PC1,D,R,dummy,proc_gss,1,158,42,-0.23941262603507663,11.96040703078118,21.924899676325225,,16_32,1.0,48.8250950419719,unstable_pc
DCT_16_32_PC1,D,R,ridge,proc_gss,1,158,42,-0.4345678954080101,12.600350903559047,23.587950649954664,-0.008994408880965888,16_32,1.0,48.8250950419719,unstable_pc
DCT_16_32_PC1,D,R,extratrees,proc_gss,1,158,42,-0.4711856392362599,11.09783172625366,23.887098217090177,0.03395186775788024,16_32,1.0,48.8250950419719,unstable_pc
DCT_16_32_PC2,D,R,dummy,proc_gss,1,158,42,-0.06098600197004478,9.597620757726252,17.273643355774762,,16_32,2.0,61.93552795289169,unstable_pc
DCT_16_32_PC2,D,R,ridge,proc_gss,1,158,42,-0.2012990586503942,11.54481387576275,18.380388636925993,-0.07706020581800502,16_32,2.0,61.93552795289169,unstable_pc
DCT_16_32_PC2,D,R,extratrees,proc_gss,1,158,42,-1.9840959590253848,14.729211467901072,28.969134077842156,-0.05923344947735191,16_32,2.0,61.93552795289169,unstable_pc
DCT_16_32_PC3,D,R,dummy,proc_gss,1,158,42,-0.001967496740073571,12.799477922848087,25.22486410297668,,16_32,3.0,66.41624267977124,unstable_pc
DCT_16_32_PC3,D,R,ridge,proc_gss,1,158,42,0.011831229585863134,13.260010126960966,25.05056818154147,-0.06182643221781055,16_32,3.0,66.41624267977124,unstable_pc
DCT_16_32_PC3,D,R,extratrees,proc_gss,1,158,42,0.2827174278238046,14.321920531110964,21.34259178934049,0.02455230532371769,16_32,3.0,66.41624267977124,unstable_pc
DCT_32_64_PC1,D,R,dummy,proc_gss,1,158,42,-0.010921782476984276,22.135835756080187,47.59697821347997,,32_64,1.0,9.447566962572534,stable
DCT_32_64_PC1,D,R,ridge,proc_gss,1,158,42,-0.015119363440691203,23.244321641589575,47.69569267724064,0.043027307349485455,32_64,1.0,9.447566962572534,stable
DCT_32_64_PC1,D,R,extratrees,proc_gss,1,158,42,-0.2633406242804648,23.262746355473634,53.20847785558857,0.13653674742727495,32_64,1.0,9.447566962572534,stable
DCT_32_64_PC2,D,R,dummy,proc_gss,1,158,42,-0.08825377197451578,23.96746852380701,53.595022698107165,,32_64,2.0,43.10537262132241,unstable_pc
DCT_32_64_PC2,D,R,ridge,proc_gss,1,158,42,-0.07790284838782502,23.68214307489637,53.339529239307204,0.10979661291629528,32_64,2.0,43.10537262132241,unstable_pc
DCT_32_64_PC2,D,R,extratrees,proc_gss,1,158,42,-5.946594589500975e-05,25.049327639688972,51.377418748755126,0.2806093509440078,32_64,2.0,43.10537262132241,unstable_pc
DCT_32_64_PC3,D,R,dummy,proc_gss,1,158,42,-0.08277020299377891,21.261848140622494,41.482497721771686,,32_64,3.0,59.579149029820854,unstable_pc
DCT_32_64_PC3,D,R,ridge,proc_gss,1,158,42,-0.05028557225705388,21.58389544695988,40.85549247858166,0.2864435621100397,32_64,3.0,59.579149029820854,unstable_pc
DCT_32_64_PC3,D,R,extratrees,proc_gss,1,158,42,-0.4557524074215631,24.903309467300552,48.09949410151371,0.04918564135807471,32_64,3.0,59.579149029820854,unstable_pc
DCT_64_inf_PC1,D,R,dummy,proc_gss,1,158,42,-0.1292638909731243,64.29222323239144,139.0507476596581,,64_inf,1.0,28.600457681659684,stable
DCT_64_inf_PC1,D,R,ridge,proc_gss,1,158,42,-0.17210734102069214,65.83100316257011,141.66393486154956,-0.3548334818896362,64_inf,1.0,28.600457681659684,stable
DCT_64_inf_PC1,D,R,extratrees,proc_gss,1,158,42,-0.22776100781808917,64.93451613735006,144.98815583397837,0.20897820273883802,64_inf,1.0,28.600457681659684,stable
DCT_64_inf_PC2,D,R,dummy,proc_gss,1,158,42,-0.04119534074055764,79.52671270318362,192.10134698159843,,64_inf,2.0,61.366512333474645,unstable_pc
DCT_64_inf_PC2,D,R,ridge,proc_gss,1,158,42,-0.05454360914110867,80.08602925004331,193.32880838433712,0.09845231342678877,64_inf,2.0,61.366512333474645,unstable_pc
DCT_64_inf_PC2,D,R,extratrees,proc_gss,1,158,42,-0.09184317031438027,89.30959521078319,196.71815067194694,-0.16911109310428651,64_inf,2.0,61.366512333474645,unstable_pc
DCT_64_inf_PC3,D,R,dummy,proc_gss,1,158,42,-0.026357672519453645,47.91245204211366,81.08652288155159,,64_inf,3.0,68.6067665046584,unstable_pc
DCT_64_inf_PC3,D,R,ridge,proc_gss,1,158,42,-0.003038471595650627,46.17291484852063,80.1600734262362,0.32857953164249254,64_inf,3.0,68.6067665046584,unstable_pc
DCT_64_inf_PC3,D,R,extratrees,proc_gss,1,158,42,-0.0906104375173924,48.049382542481524,83.58611417393816,0.31658698646787137,64_inf,3.0,68.6067665046584,unstable_pc
median_depth_um,A,C,dummy,proc_gss,1,158,42,-0.03593653285711418,15.200874894514769,17.239797356440576,,,,,
median_depth_um,A,C,ridge,proc_gss,1,158,42,0.8440610972278632,5.100826427309222,6.688716967452902,0.9293412203225022,,,,
median_depth_um,A,C,extratrees,proc_gss,1,158,42,0.8627432223474957,3.8692297105612297,6.275270940003832,0.9371201685438781,,,,
Sq_um,B,C,dummy,proc_gss,1,158,42,-0.02327976188017944,1.2516026912840401,2.356326766300967,,,,,
Sq_um,B,C,ridge,proc_gss,1,158,42,0.0795238800058532,1.1544283152345154,2.2348304864614894,0.3276071631148206,,,,
Sq_um,B,C,extratrees,proc_gss,1,158,42,0.06214007139802913,1.123788104181209,2.255834915613338,0.4415363422737218,,,,
Sa_um,B,C,dummy,proc_gss,1,158,42,-0.010555468437211779,0.6730653818923507,1.2586212689425085,,,,,
Sa_um,B,C,ridge,proc_gss,1,158,42,0.06728964618328181,0.6022541496488747,1.2091728495568974,0.2861194392674824,,,,
Sa_um,B,C,extratrees,proc_gss,1,158,42,0.07585211767835365,0.6148863893488199,1.2036098258684313,0.46179401993355484,,,,
Ssk_skewness,B,C,dummy,proc_gss,1,158,42,-0.07602238704588427,1.6704817193723485,2.1461748987835834,,,,,
Ssk_skewness,B,C,ridge,proc_gss,1,158,42,0.16567061629656488,1.4232847299586642,1.8898321244237475,0.5718337249817681,,,,
Ssk_skewness,B,C,extratrees,proc_gss,1,158,42,0.08004113714392225,1.4294463491070803,1.9844431483998985,0.5269427112875781,,,,
kurtosis_excess_fisher,B,C,dummy,proc_gss,1,158,42,-0.0012577575596119939,9.81864804287043,12.851785621877848,,,,,
kurtosis_excess_fisher,B,C,ridge,proc_gss,1,158,42,-0.14051630648807079,10.974419580057807,13.716435798781637,0.5251600356535128,,,,
kurtosis_excess_fisher,B,C,extratrees,proc_gss,1,158,42,-0.649725505861124,10.099760994881587,16.496673160820496,0.608135483348189,,,,
grad_rms_um_per_um,B,C,dummy,proc_gss,1,158,42,-0.00010453906809049229,0.3073756817810268,0.4189832094924648,,,,,
grad_rms_um_per_um,B,C,ridge,proc_gss,1,158,42,0.17597496217868236,0.2690015546569698,0.38031558602425153,0.425006077303298,,,,
grad_rms_um_per_um,B,C,extratrees,proc_gss,1,158,42,0.0903824365365522,0.28672052091074646,0.39957962845757616,0.4627663884612269,,,,
lap_rms_um_per_px2,B,C,dummy,proc_gss,1,158,42,-0.00035907010602831413,0.1626310383523589,0.2279087711739238,,,,,
lap_rms_um_per_px2,B,C,ridge,proc_gss,1,158,42,0.12546733408084498,0.150415857895262,0.21309394054958247,0.3815736164006159,,,,
lap_rms_um_per_px2,B,C,extratrees,proc_gss,1,158,42,0.11598372910776511,0.15883343128020244,0.21424624142014387,0.48043108338060125,,,,
acf_e_fold_lag_um,B,C,dummy,proc_gss,1,158,42,-0.05263755493122435,7.309523809523809,8.23755903841342,,,,,
acf_e_fold_lag_um,B,C,ridge,proc_gss,1,158,42,0.17420933134718364,5.977851313472594,7.296155739182194,0.47367597677769757,,,,
acf_e_fold_lag_um,B,C,extratrees,proc_gss,1,158,42,0.1006289560196556,6.0196598356009074,7.614275046281274,0.4204594258672388,,,,
aniso_gradx_over_y,B,C,dummy,proc_gss,1,158,42,-0.013047677255598966,0.6036846995160935,0.8055276210705595,,,,,
aniso_gradx_over_y,B,C,ridge,proc_gss,1,158,42,0.146016969735977,0.4264439620710655,0.7395884402801008,0.5473624503686898,,,,
aniso_gradx_over_y,B,C,extratrees,proc_gss,1,158,42,0.38922552754290896,0.37779411909816246,0.625469206057597,0.5935499554331092,,,,
pit_density_per_Mpx,B,C,dummy,proc_gss,1,158,42,-0.006579354694933537,9991.288050030138,38176.02651451235,,,,,
pit_density_per_Mpx,B,C,ridge,proc_gss,1,158,42,0.02085010969323753,10295.71847213921,37652.28212126138,0.4618862471117483,,,,
pit_density_per_Mpx,B,C,extratrees,proc_gss,1,158,42,-0.013943599478531077,11877.122951654621,38315.42201615854,0.41425156969322546,,,,
pit_depth_um,B,C,dummy,proc_gss,1,158,42,-0.002839561220865816,1.5917289848296245,3.3335039658476475,,,,,
pit_depth_um,B,C,ridge,proc_gss,1,158,42,0.024348109989299704,1.4847920309579958,3.2880066871539633,0.3021635199740702,,,,
pit_depth_um,B,C,extratrees,proc_gss,1,158,42,0.05508947722274171,1.2909681715532548,3.235791946453769,0.6211003970504821,,,,
peak_to_valley_p98p2_um,B,C,dummy,proc_gss,1,158,42,-0.006977515197086115,4.095573253056788,6.150037919462073,,,,,
peak_to_valley_p98p2_um,B,C,ridge,proc_gss,1,158,42,0.12044074049722897,3.6361103104880166,5.747784268005613,0.34494773519163763,,,,
peak_to_valley_p98p2_um,B,C,extratrees,proc_gss,1,158,42,0.07062444781523336,3.4363711285157144,5.90831346667201,0.37833238797504254,,,,
deepest_negative_residual_um,B,C,dummy,proc_gss,1,158,42,-0.002839561220865816,1.5917289848296245,3.3335039658476475,,,,,
deepest_negative_residual_um,B,C,ridge,proc_gss,1,158,42,0.024348109989299704,1.4847920309579958,3.2880066871539633,0.3021635199740702,,,,
deepest_negative_residual_um,B,C,extratrees,proc_gss,1,158,42,0.055089477222742045,1.2909681715532546,3.235791946453768,0.6211003970504821,,,,
rms_DCT_8_16_um,C,C,dummy,proc_gss,1,158,42,-0.00022911505534950471,0.28553140794616816,0.3618531376408281,,,,,
rms_DCT_8_16_um,C,C,ridge,proc_gss,1,158,42,0.20753690649308276,0.24013832273671043,0.32208620141207345,0.5446074062069525,,,,
rms_DCT_8_16_um,C,C,extratrees,proc_gss,1,158,42,0.17103820787103652,0.25135102698751166,0.329419917188457,0.5553034600113443,,,,
E_DCT_8_16_frac,C,C,dummy,proc_gss,1,158,42,-0.019177444729848503,0.17354619739430377,0.20787429606377647,,,,,
E_DCT_8_16_frac,C,C,ridge,proc_gss,1,158,42,0.5075950923264312,0.11730608478999816,0.14448976211286296,0.6350376792804473,,,,
E_DCT_8_16_frac,C,C,extratrees,proc_gss,1,158,42,0.5125437565637461,0.10979454007695037,0.14376186835492355,0.6343894335953327,,,,
rms_DCT_16_32_um,C,C,dummy,proc_gss,1,158,42,-5.394986647799804e-05,0.4154611448579845,0.5613999918029386,,,,,
rms_DCT_16_32_um,C,C,ridge,proc_gss,1,158,42,0.2417634090860742,0.3439295884716581,0.48883585912186395,0.48156551332955194,,,,
rms_DCT_16_32_um,C,C,extratrees,proc_gss,1,158,42,0.2735140635648936,0.2917530405730904,0.4784915723320381,0.5627582853901629,,,,
E_DCT_16_32_frac,C,C,dummy,proc_gss,1,158,42,-0.05263740572402997,0.1011629008962076,0.1130406925077502,,,,,
E_DCT_16_32_frac,C,C,ridge,proc_gss,1,158,42,0.11832002038302214,0.09087261473004409,0.10345486056976501,0.49890608540636905,,,,
E_DCT_16_32_frac,C,C,extratrees,proc_gss,1,158,42,0.3270677149765753,0.07074535607422941,0.09038182209585038,0.5742646463009482,,,,
rms_DCT_32_64_um,C,C,dummy,proc_gss,1,158,42,-0.011487632776391532,0.5061725398605748,0.770496673965169,,,,,
rms_DCT_32_64_um,C,C,ridge,proc_gss,1,158,42,0.17177973193244322,0.47514287227529245,0.697209677932552,0.4961510412446317,,,,
rms_DCT_32_64_um,C,C,extratrees,proc_gss,1,158,42,0.07928648290666607,0.42206148818720707,0.7351106916988723,0.5326148610323312,,,,
E_DCT_32_64_frac,C,C,dummy,proc_gss,1,158,42,-0.0320862353918856,0.07110060133943143,0.09202063685572452,,,,,
E_DCT_32_64_frac,C,C,ridge,proc_gss,1,158,42,0.15018453486311245,0.056902286322869144,0.08350059241259353,0.5460659589984604,,,,
E_DCT_32_64_frac,C,C,extratrees,proc_gss,1,158,42,0.10035227388048262,0.057842945460465076,0.08591391007168749,0.5882019285309132,,,,
rms_DCT_64_inf_um,C,C,dummy,proc_gss,1,158,42,-0.04109620562066074,1.0153634299185625,2.2115118995143646,,,,,
rms_DCT_64_inf_um,C,C,ridge,proc_gss,1,158,42,0.0394166339118972,0.9653197426087529,2.1242781383547125,0.4348918240012965,,,,
rms_DCT_64_inf_um,C,C,extratrees,proc_gss,1,158,42,0.006848680346775771,0.9610875981010513,2.159989105661963,0.4361883153715259,,,,
E_DCT_64_inf_frac,C,C,dummy,proc_gss,1,158,42,-0.05988281842239984,0.22249270246797986,0.2821361123546711,,,,,
E_DCT_64_inf_frac,C,C,ridge,proc_gss,1,158,42,0.3235602307296146,0.18059319220272302,0.22539502097695166,0.5778299975690787,,,,
E_DCT_64_inf_frac,C,C,extratrees,proc_gss,1,158,42,0.26017943330572413,0.17897789916464935,0.2357181109369693,0.5433109148367231,,,,
DCT_8_16_PC1,D,C,dummy,proc_gss,1,158,42,-0.02286635411097837,20.945153612447513,41.707828293817606,,8_16,1.0,12.384961392649874,stable
DCT_8_16_PC1,D,C,ridge,proc_gss,1,158,42,-0.10642085547400071,22.877925075787385,43.37787840244646,-0.1449639413337655,8_16,1.0,12.384961392649874,stable
DCT_8_16_PC1,D,C,extratrees,proc_gss,1,158,42,-0.24423646329238213,24.783194693080663,46.00018651023388,-0.0606920022688599,8_16,1.0,12.384961392649874,stable
DCT_8_16_PC2,D,C,dummy,proc_gss,1,158,42,-0.004853558165329952,6.074296158485494,9.222365180988566,,8_16,2.0,23.659958216044803,stable
DCT_8_16_PC2,D,C,ridge,proc_gss,1,158,42,-0.12293358480486516,7.419062109836823,9.749177179963967,0.0451341058261081,8_16,2.0,23.659958216044803,stable
DCT_8_16_PC2,D,C,extratrees,proc_gss,1,158,42,0.04159585656294318,5.662316942118752,9.006691120198294,0.5045782351511222,8_16,2.0,23.659958216044803,stable
DCT_8_16_PC3,D,C,dummy,proc_gss,1,158,42,-0.01851084314285467,10.07593151481448,16.267655622712926,,8_16,3.0,77.04130559703455,unstable_pc
DCT_8_16_PC3,D,C,ridge,proc_gss,1,158,42,-0.061310920268189406,10.83029623059702,16.605939756859232,0.09099748804797018,8_16,3.0,77.04130559703455,unstable_pc
DCT_8_16_PC3,D,C,extratrees,proc_gss,1,158,42,-2.4431373433740466,16.69798054796349,29.910199855013246,0.0905113037841342,8_16,3.0,77.04130559703455,unstable_pc
DCT_16_32_PC1,D,C,dummy,proc_gss,1,158,42,-0.23941262603507663,11.96040703078118,21.924899676325225,,16_32,1.0,48.8250950419719,unstable_pc
DCT_16_32_PC1,D,C,ridge,proc_gss,1,158,42,-0.6200691466611639,12.977269916969362,25.0666578073017,-0.07673608297544769,16_32,1.0,48.8250950419719,unstable_pc
DCT_16_32_PC1,D,C,extratrees,proc_gss,1,158,42,-0.9221351685504997,11.803859930495788,27.30370727742343,0.07219836317964509,16_32,1.0,48.8250950419719,unstable_pc
DCT_16_32_PC2,D,C,dummy,proc_gss,1,158,42,-0.06098600197004478,9.597620757726252,17.273643355774762,,16_32,2.0,61.93552795289169,unstable_pc
DCT_16_32_PC2,D,C,ridge,proc_gss,1,158,42,-0.7282380489166043,18.01296457939321,22.046055820367066,-0.016773357102341787,16_32,2.0,61.93552795289169,unstable_pc
DCT_16_32_PC2,D,C,extratrees,proc_gss,1,158,42,-1.2024889097768416,13.839683052990207,24.887770119552908,-0.08257029414147964,16_32,2.0,61.93552795289169,unstable_pc
DCT_16_32_PC3,D,C,dummy,proc_gss,1,158,42,-0.001967496740073571,12.799477922848087,25.22486410297668,,16_32,3.0,66.41624267977124,unstable_pc
DCT_16_32_PC3,D,C,ridge,proc_gss,1,158,42,0.0004252583569036572,14.500392858911814,25.194726898239036,-0.23263917024552308,16_32,3.0,66.41624267977124,unstable_pc
DCT_16_32_PC3,D,C,extratrees,proc_gss,1,158,42,0.09418244756623462,14.390098927228157,23.98404246328736,0.32679685600842723,16_32,3.0,66.41624267977124,unstable_pc
DCT_32_64_PC1,D,C,dummy,proc_gss,1,158,42,-0.010921782476984276,22.135835756080187,47.59697821347997,,32_64,1.0,9.447566962572534,stable
DCT_32_64_PC1,D,C,ridge,proc_gss,1,158,42,0.0337570432015496,25.165196002554787,46.53329169603904,0.048861518515517385,32_64,1.0,9.447566962572534,stable
DCT_32_64_PC1,D,C,extratrees,proc_gss,1,158,42,-0.03451439870086004,21.912369116467282,48.14917765801297,0.2600275504416174,32_64,1.0,9.447566962572534,stable
DCT_32_64_PC2,D,C,dummy,proc_gss,1,158,42,-0.08825377197451578,23.96746852380701,53.595022698107165,,32_64,2.0,43.10537262132241,unstable_pc
DCT_32_64_PC2,D,C,ridge,proc_gss,1,158,42,-0.039881257331014996,23.654160933409305,52.39034325844417,0.1979580260918888,32_64,2.0,43.10537262132241,unstable_pc
DCT_32_64_PC2,D,C,extratrees,proc_gss,1,158,42,-0.16592083306556749,29.100949382929674,55.474564289679904,0.2055749128919861,32_64,2.0,43.10537262132241,unstable_pc
DCT_32_64_PC3,D,C,dummy,proc_gss,1,158,42,-0.08277020299377891,21.261848140622494,41.482497721771686,,32_64,3.0,59.579149029820854,unstable_pc
DCT_32_64_PC3,D,C,ridge,proc_gss,1,158,42,-0.13693697508348102,23.261472088064064,42.507439507916594,0.09991086621829674,32_64,3.0,59.579149029820854,unstable_pc
DCT_32_64_PC3,D,C,extratrees,proc_gss,1,158,42,-0.4643273755378623,25.55041008496314,48.24094879942727,0.009804715987359209,32_64,3.0,59.579149029820854,unstable_pc
DCT_64_inf_PC1,D,C,dummy,proc_gss,1,158,42,-0.1292638909731243,64.29222323239144,139.0507476596581,,64_inf,1.0,28.600457681659684,stable
DCT_64_inf_PC1,D,C,ridge,proc_gss,1,158,42,-0.2605695399201102,71.89167494378069,146.91258890739127,-0.3535369905194069,64_inf,1.0,28.600457681659684,stable
DCT_64_inf_PC1,D,C,extratrees,proc_gss,1,158,42,-0.1960645794007707,60.260618044074675,143.10437862062128,0.31626286362531403,64_inf,1.0,28.600457681659684,stable
DCT_64_inf_PC2,D,C,dummy,proc_gss,1,158,42,-0.04119534074055764,79.52671270318362,192.10134698159843,,64_inf,2.0,61.366512333474645,unstable_pc
DCT_64_inf_PC2,D,C,ridge,proc_gss,1,158,42,-0.00863406607809325,78.3387783468964,189.0736978670309,0.4036139696945143,64_inf,2.0,61.366512333474645,unstable_pc
DCT_64_inf_PC2,D,C,extratrees,proc_gss,1,158,42,-0.034151668015008685,85.75323899243507,191.45046277046606,0.1381573616400616,64_inf,2.0,61.366512333474645,unstable_pc
DCT_64_inf_PC3,D,C,dummy,proc_gss,1,158,42,-0.026357672519453645,47.91245204211366,81.08652288155159,,64_inf,3.0,68.6067665046584,unstable_pc
DCT_64_inf_PC3,D,C,ridge,proc_gss,1,158,42,0.005340402587381776,45.487658458580405,79.82456300647675,0.36877076411960136,64_inf,3.0,68.6067665046584,unstable_pc
DCT_64_inf_PC3,D,C,extratrees,proc_gss,1,158,42,-0.06392393644149097,46.622288888238494,82.55713267843589,0.31788347783810067,64_inf,3.0,68.6067665046584,unstable_pc
median_depth_um,A,A,dummy,proc_gss,2,165,35,-0.00989190933506201,16.605060779220775,18.57893236249172,,,,,
median_depth_um,A,A,ridge,proc_gss,2,165,35,0.6985665830308454,9.185154908394173,10.150302972273353,0.8705882352941177,,,,
median_depth_um,A,A,extratrees,proc_gss,2,165,35,0.9292155369727021,3.7536281647371084,4.918722007471347,0.9677871148459384,,,,
Sq_um,B,A,dummy,proc_gss,2,165,35,-0.11117921420175003,1.064126253775293,1.5820319465573718,,,,,
Sq_um,B,A,ridge,proc_gss,2,165,35,0.04533512880255708,0.9151515219689228,1.4663872159010933,0.342296918767507,,,,
Sq_um,B,A,extratrees,proc_gss,2,165,35,-0.04096845090820089,0.809261189810203,1.5312354618503785,0.4593837535014006,,,,
Sa_um,B,A,dummy,proc_gss,2,165,35,-0.12008303929633724,0.5996451359982363,0.9425677621593289,,,,,
Sa_um,B,A,ridge,proc_gss,2,165,35,-0.0017483221697625062,0.515075479858726,0.8913879999101101,0.5820728291316527,,,,
Sa_um,B,A,extratrees,proc_gss,2,165,35,-0.03239252716274432,0.435446290822266,0.9049193971351531,0.48879551820728295,,,,
Ssk_skewness,B,A,dummy,proc_gss,2,165,35,-0.002009686842241676,1.7066175242870634,2.1779909665140784,,,,,
Ssk_skewness,B,A,ridge,proc_gss,2,165,35,0.158778280627221,1.4332090768810277,1.995608534884011,0.57703081232493,,,,
Ssk_skewness,B,A,extratrees,proc_gss,2,165,35,0.23006706855397907,1.429993144354042,1.9091786184388349,0.5784313725490197,,,,
kurtosis_excess_fisher,B,A,dummy,proc_gss,2,165,35,-0.0014437120329491293,10.18152846840614,13.363739842082952,,,,,
kurtosis_excess_fisher,B,A,ridge,proc_gss,2,165,35,0.20233517071381424,8.55551158076259,11.926828164218303,0.6630252100840336,,,,
kurtosis_excess_fisher,B,A,extratrees,proc_gss,2,165,35,-0.9484948589105733,13.152092305118714,18.640792518636875,0.6207282913165266,,,,
grad_rms_um_per_um,B,A,dummy,proc_gss,2,165,35,-0.2967612876366206,0.28115081011609744,0.3240986972268398,,,,,
grad_rms_um_per_um,B,A,ridge,proc_gss,2,165,35,-0.042616781782076174,0.2247867807593618,0.2906093762467606,0.5507002801120449,,,,
grad_rms_um_per_um,B,A,extratrees,proc_gss,2,165,35,-0.18255651413859986,0.22953020510379488,0.309498265297013,0.46330532212885156,,,,
lap_rms_um_per_px2,B,A,dummy,proc_gss,2,165,35,-0.3602200783661236,0.13904573010169965,0.15273638219985622,,,,,
lap_rms_um_per_px2,B,A,ridge,proc_gss,2,165,35,-0.22134084947949284,0.11942450106013869,0.14472926290966476,0.3490196078431373,,,,
lap_rms_um_per_px2,B,A,extratrees,proc_gss,2,165,35,-0.4844239353867026,0.12382790643222867,0.15955737509916054,0.1338935574229692,,,,
acf_e_fold_lag_um,B,A,dummy,proc_gss,2,165,35,-0.0016873681743609925,7.834285714285714,8.353613418327253,,,,,
acf_e_fold_lag_um,B,A,ridge,proc_gss,2,165,35,0.31691254892648335,6.386701895290865,6.898369110698552,0.714909158492327,,,,
acf_e_fold_lag_um,B,A,extratrees,proc_gss,2,165,35,0.5466481712358131,4.572871475984335,5.6198660065902954,0.7278232842691372,,,,
aniso_gradx_over_y,B,A,dummy,proc_gss,2,165,35,-0.0015407427992817357,0.5468393806312494,0.7335692749512893,,,,,
aniso_gradx_over_y,B,A,ridge,proc_gss,2,165,35,0.47815731968014563,0.36782281622571145,0.5295129921372257,0.7364145658263307,,,,
aniso_gradx_over_y,B,A,extratrees,proc_gss,2,165,35,0.726436602519267,0.2706720489225334,0.383385617667881,0.657983193277311,,,,
pit_density_per_Mpx,B,A,dummy,proc_gss,2,165,35,-0.040013566167369286,6483.340097402598,11204.875783663247,,,,,
pit_density_per_Mpx,B,A,ridge,proc_gss,2,165,35,-0.4387224852657441,7147.756842548185,13178.805840658275,0.0922343351375981,,,,
pit_density_per_Mpx,B,A,extratrees,proc_gss,2,165,35,-1.8245351454178427,8401.580738228786,18465.49846466853,0.28652425406170523,,,,
pit_depth_um,B,A,dummy,proc_gss,2,165,35,-0.0287092780828897,1.8721366572080111,2.6011738900240764,,,,,
pit_depth_um,B,A,ridge,proc_gss,2,165,35,-0.14142233834863438,1.6384868569970803,2.739972736293907,0.473109243697479,,,,
pit_depth_um,B,A,extratrees,proc_gss,2,165,35,-0.8388108155774092,1.685426572170355,3.4776957321052495,0.5304293030726069,,,,
peak_to_valley_p98p2_um,B,A,dummy,proc_gss,2,165,35,-0.042387950196383084,4.504436907637817,7.192147974501425,,,,,
peak_to_valley_p98p2_um,B,A,ridge,proc_gss,2,165,35,0.09642779995190098,3.942983165957368,6.6961527695395215,0.4313725490196079,,,,
peak_to_valley_p98p2_um,B,A,extratrees,proc_gss,2,165,35,0.06114223199328894,3.4195138213453617,6.825647011376791,0.526890756302521,,,,
deepest_negative_residual_um,B,A,dummy,proc_gss,2,165,35,-0.0287092780828897,1.8721366572080111,2.6011738900240764,,,,,
deepest_negative_residual_um,B,A,ridge,proc_gss,2,165,35,-0.14142233834863438,1.6384868569970803,2.739972736293907,0.473109243697479,,,,
deepest_negative_residual_um,B,A,extratrees,proc_gss,2,165,35,-0.8388108155774092,1.685426572170355,3.4776957321052495,0.5304293030726069,,,,
rms_DCT_8_16_um,C,A,dummy,proc_gss,2,165,35,-0.23857630046849843,0.29555485266322035,0.3307308044197513,,,,,
rms_DCT_8_16_um,C,A,ridge,proc_gss,2,165,35,-0.013853927112504882,0.22629724080417482,0.2992271238369904,0.5473389355742296,,,,
rms_DCT_8_16_um,C,A,extratrees,proc_gss,2,165,35,0.13544533520372815,0.21085165017359628,0.27631820151582376,0.6610644257703081,,,,
E_DCT_8_16_frac,C,A,dummy,proc_gss,2,165,35,-0.012781691379667448,0.14847935274899318,0.21229596035372808,,,,,
E_DCT_8_16_frac,C,A,ridge,proc_gss,2,165,35,0.5017964254585308,0.11372454961956181,0.1488974393424851,0.6218487394957984,,,,
E_DCT_8_16_frac,C,A,extratrees,proc_gss,2,165,35,0.7815172206632738,0.07512452154029951,0.09860351920290945,0.7434173669467788,,,,
rms_DCT_16_32_um,C,A,dummy,proc_gss,2,165,35,-0.341610792954973,0.3593780806115478,0.404727780933071,,,,,
rms_DCT_16_32_um,C,A,ridge,proc_gss,2,165,35,0.0862389893183797,0.28768654099612845,0.334015065452955,0.561624649859944,,,,
rms_DCT_16_32_um,C,A,extratrees,proc_gss,2,165,35,0.30286247400047295,0.20021063507626816,0.29174873023741005,0.7336134453781513,,,,
E_DCT_16_32_frac,C,A,dummy,proc_gss,2,165,35,-0.03519026963665883,0.106089614378976,0.13307429464994905,,,,,
E_DCT_16_32_frac,C,A,ridge,proc_gss,2,165,35,0.12631278628371434,0.09657099959482046,0.12225371700336957,0.3543417366946779,,,,
E_DCT_16_32_frac,C,A,extratrees,proc_gss,2,165,35,0.4220543620357613,0.07634379876995959,0.09943232109110609,0.5890756302521009,,,,
rms_DCT_32_64_um,C,A,dummy,proc_gss,2,165,35,-0.23523917600158217,0.4617192331787807,0.5646202321611693,,,,,
rms_DCT_32_64_um,C,A,ridge,proc_gss,2,165,35,0.039570453552954854,0.3919481299474218,0.49786737009271953,0.5445378151260505,,,,
rms_DCT_32_64_um,C,A,extratrees,proc_gss,2,165,35,-0.02657727088015016,0.3250259024926931,0.5147267395258756,0.8134453781512605,,,,
E_DCT_32_64_frac,C,A,dummy,proc_gss,2,165,35,-0.03538386365700319,0.06266235877498827,0.07772237376920135,,,,,
E_DCT_32_64_frac,C,A,ridge,proc_gss,2,165,35,0.2513616475204945,0.05041910854348092,0.0660893371539665,0.650420168067227,,,,
E_DCT_32_64_frac,C,A,extratrees,proc_gss,2,165,35,0.49246810622725445,0.04236708756285908,0.054416051989800956,0.6969187675070028,,,,
rms_DCT_64_inf_um,C,A,dummy,proc_gss,2,165,35,-0.05969426551703583,0.8438138191304022,1.4294427316918243,,,,,
rms_DCT_64_inf_um,C,A,ridge,proc_gss,2,165,35,0.06607047740738325,0.7351070644851471,1.3419413051106992,0.5109243697478992,,,,
rms_DCT_64_inf_um,C,A,extratrees,proc_gss,2,165,35,-0.08620642190233618,0.6844785026400542,1.4472136553441688,0.6658263305322129,,,,
E_DCT_64_inf_frac,C,A,dummy,proc_gss,2,165,35,-0.08526069383471824,0.20590496933006633,0.23189407807383158,,,,,
E_DCT_64_inf_frac,C,A,ridge,proc_gss,2,165,35,0.3137070199466251,0.15533290622376333,0.1844069986449398,0.6655462184873949,,,,
E_DCT_64_inf_frac,C,A,extratrees,proc_gss,2,165,35,0.2936584466109663,0.1333969349658386,0.18708113635545273,0.650420168067227,,,,
DCT_8_16_PC1,D,A,dummy,proc_gss,2,165,35,-9.46707209679154e-05,18.552994904812806,37.353338012337304,,8_16,1.0,13.495263810248513,stable
DCT_8_16_PC1,D,A,ridge,proc_gss,2,165,35,-0.04220958331609248,20.04671468805019,38.13171974395274,0.07282913165266107,8_16,1.0,13.495263810248513,stable
DCT_8_16_PC1,D,A,extratrees,proc_gss,2,165,35,0.01936985725719753,17.280662717718513,36.98805379238158,0.0876750700280112,8_16,1.0,13.495263810248513,stable
DCT_8_16_PC2,D,A,dummy,proc_gss,2,165,35,-0.7172940049205105,5.289592415181821,6.9096590000032965,,8_16,2.0,26.694188402431642,stable
DCT_8_16_PC2,D,A,ridge,proc_gss,2,165,35,-0.8847428081384423,5.901618666584902,7.238695954768215,0.06750700280112044,8_16,2.0,26.694188402431642,stable
DCT_8_16_PC2,D,A,extratrees,proc_gss,2,165,35,-0.4410254735815389,4.286660135138142,6.329510389747828,0.010084033613445379,8_16,2.0,26.694188402431642,stable
DCT_8_16_PC3,D,A,dummy,proc_gss,2,165,35,-0.12552700550824913,7.406804335625962,10.557875056581643,,8_16,3.0,78.23383240945046,unstable_pc
DCT_8_16_PC3,D,A,ridge,proc_gss,2,165,35,-0.4027088120419886,8.072572454504023,11.786431077518165,-0.1784313725490196,8_16,3.0,78.23383240945046,unstable_pc
DCT_8_16_PC3,D,A,extratrees,proc_gss,2,165,35,-2.4668535265460934,10.45831917392768,18.52961112113589,0.0319327731092437,8_16,3.0,78.23383240945046,unstable_pc
DCT_16_32_PC1,D,A,dummy,proc_gss,2,165,35,-0.0053240247668293605,7.501667123076329,12.895536645513234,,16_32,1.0,48.60966229574318,unstable_pc
DCT_16_32_PC1,D,A,ridge,proc_gss,2,165,35,-0.10412339406394056,8.82406921509251,13.51435102486022,-0.1523809523809524,16_32,1.0,48.60966229574318,unstable_pc
DCT_16_32_PC1,D,A,extratrees,proc_gss,2,165,35,-0.4814737637372044,11.239069752656668,15.654289880741583,-0.17058823529411765,16_32,1.0,48.60966229574318,unstable_pc
DCT_16_32_PC2,D,A,dummy,proc_gss,2,165,35,-0.010553445711219744,9.463225255078436,21.60310237420828,,16_32,2.0,68.49291834651228,unstable_pc
DCT_16_32_PC2,D,A,ridge,proc_gss,2,165,35,-0.012270485579229717,11.727941496995038,21.621447591453506,0.21176470588235297,16_32,2.0,68.49291834651228,unstable_pc
DCT_16_32_PC2,D,A,extratrees,proc_gss,2,165,35,-0.8593671469855984,15.225915226110535,29.303470395335868,-0.0638655462184874,16_32,2.0,68.49291834651228,unstable_pc
DCT_16_32_PC3,D,A,dummy,proc_gss,2,165,35,-0.05155337032516072,8.305809403477323,13.62647329713138,,16_32,3.0,76.53455401627522,unstable_pc
DCT_16_32_PC3,D,A,ridge,proc_gss,2,165,35,-0.3336564706390295,9.493925276815027,15.345809331115719,-0.1173669467787115,16_32,3.0,76.53455401627522,unstable_pc
DCT_16_32_PC3,D,A,extratrees,proc_gss,2,165,35,0.07174265792523637,8.454555007768448,12.802712887397464,0.14257703081232495,16_32,3.0,76.53455401627522,unstable_pc
DCT_32_64_PC1,D,A,dummy,proc_gss,2,165,35,-0.02144171157809227,19.371512098027726,37.292281094802945,,32_64,1.0,13.792789039865148,stable
DCT_32_64_PC1,D,A,ridge,proc_gss,2,165,35,0.11091644137555856,17.724386533439585,34.79232442526718,0.33165266106442576,32_64,1.0,13.792789039865148,stable
DCT_32_64_PC1,D,A,extratrees,proc_gss,2,165,35,-0.18846651734106734,17.738557509637474,40.22588708301581,0.03473389355742297,32_64,1.0,13.792789039865148,stable
DCT_32_64_PC2,D,A,dummy,proc_gss,2,165,35,-0.5944715713234734,15.04631087640534,20.077159186454058,,32_64,2.0,49.97285852973683,unstable_pc
DCT_32_64_PC2,D,A,ridge,proc_gss,2,165,35,-0.4839597869526451,13.535336172723255,19.368899173891105,0.07198879551820728,32_64,2.0,49.97285852973683,unstable_pc
DCT_32_64_PC2,D,A,extratrees,proc_gss,2,165,35,-4.892969474467859,25.32494240929116,38.59765926876579,-0.18655462184873953,32_64,2.0,49.97285852973683,unstable_pc
DCT_32_64_PC3,D,A,dummy,proc_gss,2,165,35,-0.03035813746011251,8.124651031476892,14.163628780984201,,32_64,3.0,63.745772719907286,unstable_pc
DCT_32_64_PC3,D,A,ridge,proc_gss,2,165,35,-0.7047113734833774,12.715999827488314,18.218216648135556,-0.07142857142857144,32_64,3.0,63.745772719907286,unstable_pc
DCT_32_64_PC3,D,A,extratrees,proc_gss,2,165,35,-0.66906987349971,11.793962376565464,18.026760636642205,0.24341736694677876,32_64,3.0,63.745772719907286,unstable_pc
DCT_64_inf_PC1,D,A,dummy,proc_gss,2,165,35,-0.08246280690241115,40.93751083045467,109.2141577681035,,64_inf,1.0,24.058893027311882,stable
DCT_64_inf_PC1,D,A,ridge,proc_gss,2,165,35,-0.15136835222739564,45.213886912237456,112.63661575575446,-0.00784313725490196,64_inf,1.0,24.058893027311882,stable
DCT_64_inf_PC1,D,A,extratrees,proc_gss,2,165,35,-0.16824231358416175,48.567950718291215,113.45899061691827,0.02829131652661065,64_inf,1.0,24.058893027311882,stable
DCT_64_inf_PC2,D,A,dummy,proc_gss,2,165,35,-0.6192169528948672,29.77803583719748,41.06775307712472,,64_inf,2.0,25.569612880296013,stable
DCT_64_inf_PC2,D,A,ridge,proc_gss,2,165,35,-1.439675005705571,33.36179541547766,50.4097344319591,-0.02941176470588236,64_inf,2.0,25.569612880296013,stable
DCT_64_inf_PC2,D,A,extratrees,proc_gss,2,165,35,-1.2365428400797152,32.22754698211505,48.26552468823844,0.05910364145658264,64_inf,2.0,25.569612880296013,stable
DCT_64_inf_PC3,D,A,dummy,proc_gss,2,165,35,-0.0002459004143722243,25.00698051393093,56.406849590375,,64_inf,3.0,34.64206015952034,stable
DCT_64_inf_PC3,D,A,ridge,proc_gss,2,165,35,0.0292558254167804,24.8112140287826,55.56877856908058,0.30336134453781516,64_inf,3.0,34.64206015952034,stable
DCT_64_inf_PC3,D,A,extratrees,proc_gss,2,165,35,-0.8823935076357448,39.93444335921654,77.38087967043023,0.062464985994397766,64_inf,3.0,34.64206015952034,stable
median_depth_um,A,R,dummy,proc_gss,2,165,35,-0.00989190933506201,16.605060779220775,18.57893236249172,,,,,
median_depth_um,A,R,ridge,proc_gss,2,165,35,0.6186274588054395,8.715628953884774,11.417158166115707,0.8675070028011205,,,,
median_depth_um,A,R,extratrees,proc_gss,2,165,35,0.9449536521597025,3.214761776616032,4.337580644299535,0.9521008403361345,,,,
Sq_um,B,R,dummy,proc_gss,2,165,35,-0.11117921420175003,1.064126253775293,1.5820319465573718,,,,,
Sq_um,B,R,ridge,proc_gss,2,165,35,0.3309645136145587,0.720546773922687,1.2275742546840924,0.6476190476190476,,,,
Sq_um,B,R,extratrees,proc_gss,2,165,35,0.1400299398874444,0.6578017822875657,1.3917616343497863,0.646498599439776,,,,
Sa_um,B,R,dummy,proc_gss,2,165,35,-0.12008303929633724,0.5996451359982363,0.9425677621593289,,,,,
Sa_um,B,R,ridge,proc_gss,2,165,35,0.2501750499348655,0.4357094516843563,0.7712006998137939,0.7078431372549021,,,,
Sa_um,B,R,extratrees,proc_gss,2,165,35,0.16353105058018014,0.36408595964916907,0.8145399383977944,0.6554621848739497,,,,
Ssk_skewness,B,R,dummy,proc_gss,2,165,35,-0.002009686842241676,1.7066175242870634,2.1779909665140784,,,,,
Ssk_skewness,B,R,ridge,proc_gss,2,165,35,-0.2661345402915247,1.7951094039143378,2.4482741232883773,0.5473389355742296,,,,
Ssk_skewness,B,R,extratrees,proc_gss,2,165,35,-0.227552954425027,1.5525769474163247,2.4106837036829174,0.5308123249299721,,,,
kurtosis_excess_fisher,B,R,dummy,proc_gss,2,165,35,-0.0014437120329491293,10.18152846840614,13.363739842082952,,,,,
kurtosis_excess_fisher,B,R,ridge,proc_gss,2,165,35,-1.1535422758454486,13.357291308533,19.597083420098674,0.7240896358543418,,,,
kurtosis_excess_fisher,B,R,extratrees,proc_gss,2,165,35,-2.635413294415118,14.246679659356372,25.461948534129384,0.7663865546218488,,,,
grad_rms_um_per_um,B,R,dummy,proc_gss,2,165,35,-0.2967612876366206,0.28115081011609744,0.3240986972268398,,,,,
grad_rms_um_per_um,B,R,ridge,proc_gss,2,165,35,0.2323131532206999,0.2031199851846679,0.2493671929783271,0.576750700280112,,,,
grad_rms_um_per_um,B,R,extratrees,proc_gss,2,165,35,0.24586299393052413,0.1942007419049662,0.24715670290467837,0.5445759520322936,,,,
lap_rms_um_per_px2,B,R,dummy,proc_gss,2,165,35,-0.3602200783661236,0.13904573010169965,0.15273638219985622,,,,,
lap_rms_um_per_px2,B,R,ridge,proc_gss,2,165,35,-0.30342055675023305,0.12232908982131142,0.1495134255633735,0.22100840336134459,,,,
lap_rms_um_per_px2,B,R,extratrees,proc_gss,2,165,35,-0.08292871227515697,0.10767006299158811,0.13628179436479265,0.22016806722689075,,,,
acf_e_fold_lag_um,B,R,dummy,proc_gss,2,165,35,-0.0016873681743609925,7.834285714285714,8.353613418327253,,,,,
acf_e_fold_lag_um,B,R,ridge,proc_gss,2,165,35,0.4201264397086507,5.597704478819159,6.355868869793589,0.6694289764087783,,,,
acf_e_fold_lag_um,B,R,extratrees,proc_gss,2,165,35,0.10689041599957672,6.689366907417981,7.887886445067687,0.3656662787890265,,,,
aniso_gradx_over_y,B,R,dummy,proc_gss,2,165,35,-0.0015407427992817357,0.5468393806312494,0.7335692749512893,,,,,
aniso_gradx_over_y,B,R,ridge,proc_gss,2,165,35,0.03520012958032648,0.5413917193818112,0.7199883024683954,0.44285714285714284,,,,
aniso_gradx_over_y,B,R,extratrees,proc_gss,2,165,35,0.24458740163707582,0.4268509844314801,0.6370872799731029,0.6683473389355742,,,,
pit_density_per_Mpx,B,R,dummy,proc_gss,2,165,35,-0.040013566167369286,6483.340097402598,11204.875783663247,,,,,
pit_density_per_Mpx,B,R,ridge,proc_gss,2,165,35,-0.2552227719577038,6787.394285567701,12309.713606914567,0.050244938740080444,,,,
pit_density_per_Mpx,B,R,extratrees,proc_gss,2,165,35,-0.18472459284712972,5203.12133802837,11959.038004775446,0.07856998919128727,,,,
pit_depth_um,B,R,dummy,proc_gss,2,165,35,-0.0287092780828897,1.8721366572080111,2.6011738900240764,,,,,
pit_depth_um,B,R,ridge,proc_gss,2,165,35,0.13288929511312375,1.5442378158075762,2.38814301698443,0.6453781512605042,,,,
pit_depth_um,B,R,extratrees,proc_gss,2,165,35,0.13426301507493732,1.290783985065072,2.38625055960611,0.5240896358543418,,,,
peak_to_valley_p98p2_um,B,R,dummy,proc_gss,2,165,35,-0.042387950196383084,4.504436907637817,7.192147974501425,,,,,
peak_to_valley_p98p2_um,B,R,ridge,proc_gss,2,165,35,0.24797948210886267,3.389836509406441,6.108840246445858,0.6257703081232493,,,,
peak_to_valley_p98p2_um,B,R,extratrees,proc_gss,2,165,35,0.2032617215616077,2.749349310387911,6.287844087238313,0.6672268907563026,,,,
deepest_negative_residual_um,B,R,dummy,proc_gss,2,165,35,-0.0287092780828897,1.8721366572080111,2.6011738900240764,,,,,
deepest_negative_residual_um,B,R,ridge,proc_gss,2,165,35,0.13288929511312375,1.5442378158075762,2.38814301698443,0.6453781512605042,,,,
deepest_negative_residual_um,B,R,extratrees,proc_gss,2,165,35,0.1342630150749372,1.290783985065072,2.3862505596061103,0.5240896358543418,,,,
rms_DCT_8_16_um,C,R,dummy,proc_gss,2,165,35,-0.23857630046849843,0.29555485266322035,0.3307308044197513,,,,,
rms_DCT_8_16_um,C,R,ridge,proc_gss,2,165,35,0.20827106952133434,0.21673603089360188,0.26442439640925863,0.5795518207282914,,,,
rms_DCT_8_16_um,C,R,extratrees,proc_gss,2,165,35,0.19043143541258667,0.22195856940031342,0.26738687305450887,0.5730093157829509,,,,
E_DCT_8_16_frac,C,R,dummy,proc_gss,2,165,35,-0.012781691379667448,0.14847935274899318,0.21229596035372808,,,,,
E_DCT_8_16_frac,C,R,ridge,proc_gss,2,165,35,0.0966062470706307,0.13935066766074491,0.20050368138234742,0.38179271708683477,,,,
E_DCT_8_16_frac,C,R,extratrees,proc_gss,2,165,35,-0.020216829199931396,0.15922979989515484,0.2130737999182229,0.1966386554621849,,,,
rms_DCT_16_32_um,C,R,dummy,proc_gss,2,165,35,-0.341610792954973,0.3593780806115478,0.404727780933071,,,,,
rms_DCT_16_32_um,C,R,ridge,proc_gss,2,165,35,0.46004268252628155,0.1975576190145313,0.25676123720860955,0.7078431372549021,,,,
rms_DCT_16_32_um,C,R,extratrees,proc_gss,2,165,35,0.5329381513251182,0.15938078605476594,0.23880143989262895,0.8224089635854342,,,,
E_DCT_16_32_frac,C,R,dummy,proc_gss,2,165,35,-0.03519026963665883,0.106089614378976,0.13307429464994905,,,,,
E_DCT_16_32_frac,C,R,ridge,proc_gss,2,165,35,0.18231493699255452,0.08572321695795634,0.11827068564225543,0.553781512605042,,,,
E_DCT_16_32_frac,C,R,extratrees,proc_gss,2,165,35,0.25056565982494206,0.08384156092613983,0.11322722846442593,0.5686274509803921,,,,
rms_DCT_32_64_um,C,R,dummy,proc_gss,2,165,35,-0.23523917600158217,0.4617192331787807,0.5646202321611693,,,,,
rms_DCT_32_64_um,C,R,ridge,proc_gss,2,165,35,0.2867258185535285,0.327056074516279,0.42905123834106124,0.7854341736694679,,,,
rms_DCT_32_64_um,C,R,extratrees,proc_gss,2,165,35,0.21473845142312675,0.25425987585182097,0.4501819456578013,0.8801120448179273,,,,
E_DCT_32_64_frac,C,R,dummy,proc_gss,2,165,35,-0.03538386365700319,0.06266235877498827,0.07772237376920135,,,,,
E_DCT_32_64_frac,C,R,ridge,proc_gss,2,165,35,0.2918027699851966,0.050446394354213685,0.06427949733785351,0.6801120448179272,,,,
E_DCT_32_64_frac,C,R,extratrees,proc_gss,2,165,35,0.2501963642999183,0.04840239553623376,0.06614075240031057,0.6336134453781513,,,,
rms_DCT_64_inf_um,C,R,dummy,proc_gss,2,165,35,-0.05969426551703583,0.8438138191304022,1.4294427316918243,,,,,
rms_DCT_64_inf_um,C,R,ridge,proc_gss,2,165,35,0.27032878807700844,0.637677739733283,1.1861512605608884,0.5288515406162465,,,,
rms_DCT_64_inf_um,C,R,extratrees,proc_gss,2,165,35,-0.01659214290891864,0.5336534808254204,1.400070300389683,0.5022408963585435,,,,
E_DCT_64_inf_frac,C,R,dummy,proc_gss,2,165,35,-0.08526069383471824,0.20590496933006633,0.23189407807383158,,,,,
E_DCT_64_inf_frac,C,R,ridge,proc_gss,2,165,35,0.053607467392420616,0.19086014944563534,0.21655004264280586,0.4064425770308124,,,,
E_DCT_64_inf_frac,C,R,extratrees,proc_gss,2,165,35,0.07093371063463594,0.15476373129819873,0.21455862249218088,0.41820728291316533,,,,
DCT_8_16_PC1,D,R,dummy,proc_gss,2,165,35,-9.46707209679154e-05,18.552994904812806,37.353338012337304,,8_16,1.0,13.495263810248513,stable
DCT_8_16_PC1,D,R,ridge,proc_gss,2,165,35,-0.06884218440451906,19.805463898239186,38.615854929056816,-0.02941176470588236,8_16,1.0,13.495263810248513,stable
DCT_8_16_PC1,D,R,extratrees,proc_gss,2,165,35,-0.5141943867201628,31.24708594348884,45.96208030815831,0.022689075630252103,8_16,1.0,13.495263810248513,stable
DCT_8_16_PC2,D,R,dummy,proc_gss,2,165,35,-0.7172940049205105,5.289592415181821,6.9096590000032965,,8_16,2.0,26.694188402431642,stable
DCT_8_16_PC2,D,R,ridge,proc_gss,2,165,35,-0.5586004199114865,4.589092295720069,6.582663918274918,0.04201680672268908,8_16,2.0,26.694188402431642,stable
DCT_8_16_PC2,D,R,extratrees,proc_gss,2,165,35,-1.5655211438950225,5.306075027136804,8.445436233723866,0.03977591036414566,8_16,2.0,26.694188402431642,stable
DCT_8_16_PC3,D,R,dummy,proc_gss,2,165,35,-0.12552700550824913,7.406804335625962,10.557875056581643,,8_16,3.0,78.23383240945046,unstable_pc
DCT_8_16_PC3,D,R,ridge,proc_gss,2,165,35,-0.3069936096761188,8.203748113848013,11.377197321858471,-0.17955182072829132,8_16,3.0,78.23383240945046,unstable_pc
DCT_8_16_PC3,D,R,extratrees,proc_gss,2,165,35,-2.1017321188417273,13.74125136933331,17.526722152157678,-0.3201680672268908,8_16,3.0,78.23383240945046,unstable_pc
DCT_16_32_PC1,D,R,dummy,proc_gss,2,165,35,-0.0053240247668293605,7.501667123076329,12.895536645513234,,16_32,1.0,48.60966229574318,unstable_pc
DCT_16_32_PC1,D,R,ridge,proc_gss,2,165,35,-0.08271784205757271,9.931240239269597,13.382709047347353,0.115406162464986,16_32,1.0,48.60966229574318,unstable_pc
DCT_16_32_PC1,D,R,extratrees,proc_gss,2,165,35,-0.33202668766042787,9.008212324765982,14.843723377970516,0.09607843137254903,16_32,1.0,48.60966229574318,unstable_pc
DCT_16_32_PC2,D,R,dummy,proc_gss,2,165,35,-0.010553445711219744,9.463225255078436,21.60310237420828,,16_32,2.0,68.49291834651228,unstable_pc
DCT_16_32_PC2,D,R,ridge,proc_gss,2,165,35,0.2000213998512127,8.885654701613605,19.22098610959301,0.29803921568627456,16_32,2.0,68.49291834651228,unstable_pc
DCT_16_32_PC2,D,R,extratrees,proc_gss,2,165,35,0.3311683516385957,10.35526309545769,17.574981952142867,0.055462184873949584,16_32,2.0,68.49291834651228,unstable_pc
DCT_16_32_PC3,D,R,dummy,proc_gss,2,165,35,-0.05155337032516072,8.305809403477323,13.62647329713138,,16_32,3.0,76.53455401627522,unstable_pc
DCT_16_32_PC3,D,R,ridge,proc_gss,2,165,35,-0.48659091860908465,9.915091457919539,16.201810466891974,-0.07422969187675071,16_32,3.0,76.53455401627522,unstable_pc
DCT_16_32_PC3,D,R,extratrees,proc_gss,2,165,35,-0.12886901619565538,9.479904368637163,14.118533422779528,0.11176470588235295,16_32,3.0,76.53455401627522,unstable_pc
DCT_32_64_PC1,D,R,dummy,proc_gss,2,165,35,-0.02144171157809227,19.371512098027726,37.292281094802945,,32_64,1.0,13.792789039865148,stable
DCT_32_64_PC1,D,R,ridge,proc_gss,2,165,35,0.10568992735988691,16.646859138282906,34.89443862469336,0.01680672268907563,32_64,1.0,13.792789039865148,stable
DCT_32_64_PC1,D,R,extratrees,proc_gss,2,165,35,-0.5310975747939521,19.473688780426397,45.65765362174825,-0.23053221288515408,32_64,1.0,13.792789039865148,stable
DCT_32_64_PC2,D,R,dummy,proc_gss,2,165,35,-0.5944715713234734,15.04631087640534,20.077159186454058,,32_64,2.0,49.97285852973683,unstable_pc
DCT_32_64_PC2,D,R,ridge,proc_gss,2,165,35,-1.4555588915564641,13.395202919503035,24.915468010840428,0.1677871148459384,32_64,2.0,49.97285852973683,unstable_pc
DCT_32_64_PC2,D,R,extratrees,proc_gss,2,165,35,-1.5907413201725369,14.648943589487418,25.59209847107772,-0.10644257703081232,32_64,2.0,49.97285852973683,unstable_pc
DCT_32_64_PC3,D,R,dummy,proc_gss,2,165,35,-0.03035813746011251,8.124651031476892,14.163628780984201,,32_64,3.0,63.745772719907286,unstable_pc
DCT_32_64_PC3,D,R,ridge,proc_gss,2,165,35,-0.21960981052571205,9.765347103992072,15.409583041591063,-0.1526610644257703,32_64,3.0,63.745772719907286,unstable_pc
DCT_32_64_PC3,D,R,extratrees,proc_gss,2,165,35,-0.5797964742530106,11.301490410789771,17.538037853541894,0.17955182072829132,32_64,3.0,63.745772719907286,unstable_pc
DCT_64_inf_PC1,D,R,dummy,proc_gss,2,165,35,-0.08246280690241115,40.93751083045467,109.2141577681035,,64_inf,1.0,24.058893027311882,stable
DCT_64_inf_PC1,D,R,ridge,proc_gss,2,165,35,-0.38660900838449286,47.841360204378404,123.6088192990321,-0.1008403361344538,64_inf,1.0,24.058893027311882,stable
DCT_64_inf_PC1,D,R,extratrees,proc_gss,2,165,35,-0.3428829189506528,47.2436516944201,121.64423297492277,-0.4170868347338936,64_inf,1.0,24.058893027311882,stable
DCT_64_inf_PC2,D,R,dummy,proc_gss,2,165,35,-0.6192169528948672,29.77803583719748,41.06775307712472,,64_inf,2.0,25.569612880296013,stable
DCT_64_inf_PC2,D,R,ridge,proc_gss,2,165,35,-2.1819831365635864,35.73078702852941,57.57014958658063,-0.09187675070028012,64_inf,2.0,25.569612880296013,stable
DCT_64_inf_PC2,D,R,extratrees,proc_gss,2,165,35,-1.3914627126820038,28.0390789262822,49.90915625955187,0.1277310924369748,64_inf,2.0,25.569612880296013,stable
DCT_64_inf_PC3,D,R,dummy,proc_gss,2,165,35,-0.0002459004143722243,25.00698051393093,56.406849590375,,64_inf,3.0,34.64206015952034,stable
DCT_64_inf_PC3,D,R,ridge,proc_gss,2,165,35,-0.1372164296578542,28.142066728236248,60.14506756132761,-0.02941176470588236,64_inf,3.0,34.64206015952034,stable
DCT_64_inf_PC3,D,R,extratrees,proc_gss,2,165,35,-0.3081990187659789,27.78245810806815,64.50826537335473,0.0319327731092437,64_inf,3.0,34.64206015952034,stable
median_depth_um,A,C,dummy,proc_gss,2,165,35,-0.00989190933506201,16.605060779220775,18.57893236249172,,,,,
median_depth_um,A,C,ridge,proc_gss,2,165,35,0.8776474197581492,4.956381058854177,6.466806608147515,0.9492997198879553,,,,
median_depth_um,A,C,extratrees,proc_gss,2,165,35,0.9673159892819696,2.613068271142868,3.3423427156438947,0.9775910364145659,,,,
Sq_um,B,C,dummy,proc_gss,2,165,35,-0.11117921420175003,1.064126253775293,1.5820319465573718,,,,,
Sq_um,B,C,ridge,proc_gss,2,165,35,0.16966095033521078,0.7699784674036554,1.3675742850418775,0.48627450980392156,,,,
Sq_um,B,C,extratrees,proc_gss,2,165,35,0.031312012992899096,0.7670931051359161,1.4771178681247417,0.38907563025210085,,,,
Sa_um,B,C,dummy,proc_gss,2,165,35,-0.12008303929633724,0.5996451359982363,0.9425677621593289,,,,,
Sa_um,B,C,ridge,proc_gss,2,165,35,0.014802675333253856,0.47787299066617267,0.8839935236323626,0.5624649859943978,,,,
Sa_um,B,C,extratrees,proc_gss,2,165,35,0.026540544185391424,0.4125980669005884,0.8787116925759211,0.5014005602240897,,,,
Ssk_skewness,B,C,dummy,proc_gss,2,165,35,-0.002009686842241676,1.7066175242870634,2.1779909665140784,,,,,
Ssk_skewness,B,C,ridge,proc_gss,2,165,35,-0.07859637738826764,1.6563884261454613,2.2596937934489443,0.5759103641456582,,,,
Ssk_skewness,B,C,extratrees,proc_gss,2,165,35,-0.01742300340360492,1.4740952631708732,2.1946784053078257,0.5386554621848739,,,,
kurtosis_excess_fisher,B,C,dummy,proc_gss,2,165,35,-0.0014437120329491293,10.18152846840614,13.363739842082952,,,,,
kurtosis_excess_fisher,B,C,ridge,proc_gss,2,165,35,-1.326631763198392,13.499254372713901,20.369415487303712,0.7551820728291317,,,,
kurtosis_excess_fisher,B,C,extratrees,proc_gss,2,165,35,-2.28079129359713,13.854612198422332,24.188227369655976,0.8075630252100842,,,,
grad_rms_um_per_um,B,C,dummy,proc_gss,2,165,35,-0.2967612876366206,0.28115081011609744,0.3240986972268398,,,,,
grad_rms_um_per_um,B,C,ridge,proc_gss,2,165,35,0.000747899035568822,0.22189754076677676,0.28450165809869216,0.4739495798319328,,,,
grad_rms_um_per_um,B,C,extratrees,proc_gss,2,165,35,0.08713829719260602,0.20582205743050547,0.271925390320432,0.5761904761904763,,,,
lap_rms_um_per_px2,B,C,dummy,proc_gss,2,165,35,-0.3602200783661236,0.13904573010169965,0.15273638219985622,,,,,
lap_rms_um_per_px2,B,C,ridge,proc_gss,2,165,35,-0.11928016194471769,0.11824136354898918,0.13855024945119285,0.23445378151260504,,,,
lap_rms_um_per_px2,B,C,extratrees,proc_gss,2,165,35,-0.31829346230151234,0.11475083255905695,0.15036403034536705,0.10336134453781515,,,,
acf_e_fold_lag_um,B,C,dummy,proc_gss,2,165,35,-0.0016873681743609925,7.834285714285714,8.353613418327253,,,,,
acf_e_fold_lag_um,B,C,ridge,proc_gss,2,165,35,0.3892497126218901,5.934071869456906,6.522890903163238,0.71687435154532,,,,
acf_e_fold_lag_um,B,C,extratrees,proc_gss,2,165,35,0.6436470331671821,4.2041928061224505,4.982513273645257,0.7710575314349799,,,,
aniso_gradx_over_y,B,C,dummy,proc_gss,2,165,35,-0.0015407427992817357,0.5468393806312494,0.7335692749512893,,,,,
aniso_gradx_over_y,B,C,ridge,proc_gss,2,165,35,0.4671023819739544,0.3871173118092281,0.5350923127479598,0.7224089635854343,,,,
aniso_gradx_over_y,B,C,extratrees,proc_gss,2,165,35,0.7168607191073568,0.2691534378811842,0.3900379675494223,0.6857142857142857,,,,
pit_density_per_Mpx,B,C,dummy,proc_gss,2,165,35,-0.040013566167369286,6483.340097402598,11204.875783663247,,,,,
pit_density_per_Mpx,B,C,ridge,proc_gss,2,165,35,-0.9809563803340413,9601.280005535331,15464.112500859444,-0.02248923603663658,,,,
pit_density_per_Mpx,B,C,extratrees,proc_gss,2,165,35,-2.716386445825654,10429.14237882653,21181.07401885185,0.1494537837877747,,,,
pit_depth_um,B,C,dummy,proc_gss,2,165,35,-0.0287092780828897,1.8721366572080111,2.6011738900240764,,,,,
pit_depth_um,B,C,ridge,proc_gss,2,165,35,-0.06897160671959468,1.7136049615361901,2.651588596247836,0.3941176470588236,,,,
pit_depth_um,B,C,extratrees,proc_gss,2,165,35,-0.3956778463119768,1.6312057125588868,3.0298117819390957,0.515686274509804,,,,
peak_to_valley_p98p2_um,B,C,dummy,proc_gss,2,165,35,-0.042387950196383084,4.504436907637817,7.192147974501425,,,,,
peak_to_valley_p98p2_um,B,C,ridge,proc_gss,2,165,35,0.22580200223790647,3.3904958658032758,6.198262214421147,0.6240896358543419,,,,
peak_to_valley_p98p2_um,B,C,extratrees,proc_gss,2,165,35,0.11911145799804213,3.2288636500030017,6.611567002758836,0.5450980392156863,,,,
deepest_negative_residual_um,B,C,dummy,proc_gss,2,165,35,-0.0287092780828897,1.8721366572080111,2.6011738900240764,,,,,
deepest_negative_residual_um,B,C,ridge,proc_gss,2,165,35,-0.06897160671959468,1.7136049615361901,2.651588596247836,0.3941176470588236,,,,
deepest_negative_residual_um,B,C,extratrees,proc_gss,2,165,35,-0.3956778463119768,1.631205712558887,3.0298117819390957,0.515686274509804,,,,
rms_DCT_8_16_um,C,C,dummy,proc_gss,2,165,35,-0.23857630046849843,0.29555485266322035,0.3307308044197513,,,,,
rms_DCT_8_16_um,C,C,ridge,proc_gss,2,165,35,-0.012728522434046985,0.23731130127109243,0.2990610027130397,0.5523809523809524,,,,
rms_DCT_8_16_um,C,C,extratrees,proc_gss,2,165,35,0.2708049759793151,0.19103553934249407,0.2537669807014055,0.6680672268907563,,,,
E_DCT_8_16_frac,C,C,dummy,proc_gss,2,165,35,-0.012781691379667448,0.14847935274899318,0.21229596035372808,,,,,
E_DCT_8_16_frac,C,C,ridge,proc_gss,2,165,35,0.46274578667320143,0.12105841456147423,0.15462286800698175,0.5817927170868348,,,,
E_DCT_8_16_frac,C,C,extratrees,proc_gss,2,165,35,0.7903246171386413,0.08016536104025677,0.09659564167300753,0.6941176470588235,,,,
rms_DCT_16_32_um,C,C,dummy,proc_gss,2,165,35,-0.341610792954973,0.3593780806115478,0.404727780933071,,,,,
rms_DCT_16_32_um,C,C,ridge,proc_gss,2,165,35,0.38625505416071626,0.22621609336661008,0.2737434324269302,0.7624649859943978,,,,
rms_DCT_16_32_um,C,C,extratrees,proc_gss,2,165,35,0.3795212036714585,0.1939535821351202,0.275241056745716,0.7652661064425772,,,,
E_DCT_16_32_frac,C,C,dummy,proc_gss,2,165,35,-0.03519026963665883,0.106089614378976,0.13307429464994905,,,,,
E_DCT_16_32_frac,C,C,ridge,proc_gss,2,165,35,0.22189930889274057,0.08581502077896147,0.11537241483709616,0.5490196078431373,,,,
E_DCT_16_32_frac,C,C,extratrees,proc_gss,2,165,35,0.39003586144527136,0.08049534735327196,0.1021494972575293,0.584873949579832,,,,
rms_DCT_32_64_um,C,C,dummy,proc_gss,2,165,35,-0.23523917600158217,0.4617192331787807,0.5646202321611693,,,,,
rms_DCT_32_64_um,C,C,ridge,proc_gss,2,165,35,0.2738449584121917,0.3215816873863231,0.4329079748075882,0.7988795518207282,,,,
rms_DCT_32_64_um,C,C,extratrees,proc_gss,2,165,35,0.1350201540977738,0.3042130385068498,0.4724805139185655,0.7019607843137255,,,,
E_DCT_32_64_frac,C,C,dummy,proc_gss,2,165,35,-0.03538386365700319,0.06266235877498827,0.07772237376920135,,,,,
E_DCT_32_64_frac,C,C,ridge,proc_gss,2,165,35,0.3701395839219275,0.045940104552064945,0.06062022136463345,0.7403361344537815,,,,
E_DCT_32_64_frac,C,C,extratrees,proc_gss,2,165,35,0.4763064390330478,0.04232434466406065,0.05527566512794846,0.792436974789916,,,,
rms_DCT_64_inf_um,C,C,dummy,proc_gss,2,165,35,-0.05969426551703583,0.8438138191304022,1.4294427316918243,,,,,
rms_DCT_64_inf_um,C,C,ridge,proc_gss,2,165,35,0.16543273691947358,0.6510311200946455,1.268548689929254,0.6439775910364146,,,,
rms_DCT_64_inf_um,C,C,extratrees,proc_gss,2,165,35,-0.08781759529771316,0.6561628161729836,1.4482865859002836,0.6294117647058824,,,,
E_DCT_64_inf_frac,C,C,dummy,proc_gss,2,165,35,-0.08526069383471824,0.20590496933006633,0.23189407807383158,,,,,
E_DCT_64_inf_frac,C,C,ridge,proc_gss,2,165,35,0.2902548840979271,0.15543220658106083,0.18753132729617633,0.6016806722689076,,,,
E_DCT_64_inf_frac,C,C,extratrees,proc_gss,2,165,35,0.31646662490887933,0.13521429925634104,0.1840358721140997,0.5803921568627451,,,,
DCT_8_16_PC1,D,C,dummy,proc_gss,2,165,35,-9.46707209679154e-05,18.552994904812806,37.353338012337304,,8_16,1.0,13.495263810248513,stable
DCT_8_16_PC1,D,C,ridge,proc_gss,2,165,35,-0.09365588466910202,20.98165534846231,39.0615262409717,0.02492997198879552,8_16,1.0,13.495263810248513,stable
DCT_8_16_PC1,D,C,extratrees,proc_gss,2,165,35,-0.11953433170027661,18.75156394329464,39.520967640201675,0.10140056022408965,8_16,1.0,13.495263810248513,stable
DCT_8_16_PC2,D,C,dummy,proc_gss,2,165,35,-0.7172940049205105,5.289592415181821,6.9096590000032965,,8_16,2.0,26.694188402431642,stable
DCT_8_16_PC2,D,C,ridge,proc_gss,2,165,35,-0.6677972089326691,5.1484042119242455,6.809353950347642,0.04145658263305322,8_16,2.0,26.694188402431642,stable
DCT_8_16_PC2,D,C,extratrees,proc_gss,2,165,35,-0.5351144553167115,4.401126960927536,6.532879816252144,0.0380952380952381,8_16,2.0,26.694188402431642,stable
DCT_8_16_PC3,D,C,dummy,proc_gss,2,165,35,-0.12552700550824913,7.406804335625962,10.557875056581643,,8_16,3.0,78.23383240945046,unstable_pc
DCT_8_16_PC3,D,C,ridge,proc_gss,2,165,35,-0.4199557975571664,8.741057732085626,11.858669648601941,-0.15518207282913166,8_16,3.0,78.23383240945046,unstable_pc
DCT_8_16_PC3,D,C,extratrees,proc_gss,2,165,35,-3.053928173021977,12.035024026834233,20.037179240154828,-0.0392156862745098,8_16,3.0,78.23383240945046,unstable_pc
DCT_16_32_PC1,D,C,dummy,proc_gss,2,165,35,-0.0053240247668293605,7.501667123076329,12.895536645513234,,16_32,1.0,48.60966229574318,unstable_pc
DCT_16_32_PC1,D,C,ridge,proc_gss,2,165,35,-0.07165038172617111,8.666828565894821,13.314134834542454,-0.08963585434173671,16_32,1.0,48.60966229574318,unstable_pc
DCT_16_32_PC1,D,C,extratrees,proc_gss,2,165,35,-0.3439584419562671,10.615714049635136,14.910057185222495,-0.09719887955182073,16_32,1.0,48.60966229574318,unstable_pc
DCT_16_32_PC2,D,C,dummy,proc_gss,2,165,35,-0.010553445711219744,9.463225255078436,21.60310237420828,,16_32,2.0,68.49291834651228,unstable_pc
DCT_16_32_PC2,D,C,ridge,proc_gss,2,165,35,0.13998042747074935,11.059620501632338,19.929235889588302,0.23221288515406163,16_32,2.0,68.49291834651228,unstable_pc
DCT_16_32_PC2,D,C,extratrees,proc_gss,2,165,35,-0.22125543294603922,13.60515503845551,23.748694152588754,0.05630252100840336,16_32,2.0,68.49291834651228,unstable_pc
DCT_16_32_PC3,D,C,dummy,proc_gss,2,165,35,-0.05155337032516072,8.305809403477323,13.62647329713138,,16_32,3.0,76.53455401627522,unstable_pc
DCT_16_32_PC3,D,C,ridge,proc_gss,2,165,35,-0.37717376464233765,9.632376162489773,15.594166971364308,-0.10952380952380952,16_32,3.0,76.53455401627522,unstable_pc
DCT_16_32_PC3,D,C,extratrees,proc_gss,2,165,35,0.1066659339686521,8.426255099685006,12.559569613352005,0.12408963585434175,16_32,3.0,76.53455401627522,unstable_pc
DCT_32_64_PC1,D,C,dummy,proc_gss,2,165,35,-0.02144171157809227,19.371512098027726,37.292281094802945,,32_64,1.0,13.792789039865148,stable
DCT_32_64_PC1,D,C,ridge,proc_gss,2,165,35,0.07819437145350883,17.103286697307524,35.42679241349296,0.22521008403361345,32_64,1.0,13.792789039865148,stable
DCT_32_64_PC1,D,C,extratrees,proc_gss,2,165,35,0.11694431845468634,17.079458266608302,34.67417999522731,-0.02661064425770308,32_64,1.0,13.792789039865148,stable
DCT_32_64_PC2,D,C,dummy,proc_gss,2,165,35,-0.5944715713234734,15.04631087640534,20.077159186454058,,32_64,2.0,49.97285852973683,unstable_pc
DCT_32_64_PC2,D,C,ridge,proc_gss,2,165,35,-0.9564397890401066,13.89514562872694,22.23960736263608,-0.09523809523809525,32_64,2.0,49.97285852973683,unstable_pc
DCT_32_64_PC2,D,C,extratrees,proc_gss,2,165,35,-5.964441288237685,27.486141735805198,41.96014815854824,-0.14901960784313728,32_64,2.0,49.97285852973683,unstable_pc
DCT_32_64_PC3,D,C,dummy,proc_gss,2,165,35,-0.03035813746011251,8.124651031476892,14.163628780984201,,32_64,3.0,63.745772719907286,unstable_pc
DCT_32_64_PC3,D,C,ridge,proc_gss,2,165,35,-0.37192281129759897,10.859157598902662,16.343507686751643,-0.01876750700280112,32_64,3.0,63.745772719907286,unstable_pc
DCT_32_64_PC3,D,C,extratrees,proc_gss,2,165,35,-0.49684849892471394,10.27336668750067,17.071408555514555,0.36302521008403366,32_64,3.0,63.745772719907286,unstable_pc
DCT_64_inf_PC1,D,C,dummy,proc_gss,2,165,35,-0.08246280690241115,40.93751083045467,109.2141577681035,,64_inf,1.0,24.058893027311882,stable
DCT_64_inf_PC1,D,C,ridge,proc_gss,2,165,35,-0.1902856761457674,41.95784462154365,114.5244073671075,-0.021848739495798318,64_inf,1.0,24.058893027311882,stable
DCT_64_inf_PC1,D,C,extratrees,proc_gss,2,165,35,-0.1978770843897255,51.814603333989645,114.88903399941103,-0.2484593837535014,64_inf,1.0,24.058893027311882,stable
DCT_64_inf_PC2,D,C,dummy,proc_gss,2,165,35,-0.6192169528948672,29.77803583719748,41.06775307712472,,64_inf,2.0,25.569612880296013,stable
DCT_64_inf_PC2,D,C,ridge,proc_gss,2,165,35,-1.5761442378568682,31.45187830600567,51.80044716250594,-0.05378151260504201,64_inf,2.0,25.569612880296013,stable
DCT_64_inf_PC2,D,C,extratrees,proc_gss,2,165,35,-1.5428784483861628,36.51372277059642,51.464910466828194,0.018207282913165267,64_inf,2.0,25.569612880296013,stable
DCT_64_inf_PC3,D,C,dummy,proc_gss,2,165,35,-0.0002459004143722243,25.00698051393093,56.406849590375,,64_inf,3.0,34.64206015952034,stable
DCT_64_inf_PC3,D,C,ridge,proc_gss,2,165,35,-0.08894886893357157,26.002581792487316,58.85484203806196,0.2677871148459384,64_inf,3.0,34.64206015952034,stable
DCT_64_inf_PC3,D,C,extratrees,proc_gss,2,165,35,-0.6103324287998118,35.43094245596353,71.57085802377172,0.15658263305322132,64_inf,3.0,34.64206015952034,stable
median_depth_um,A,A,dummy,proc_gss,3,158,42,-0.003230416484222287,16.658090385774564,18.67732233184563,,,,,
median_depth_um,A,A,ridge,proc_gss,3,158,42,0.5829860497401613,9.598687747912322,12.04174871586736,0.7745725630013776,,,,
median_depth_um,A,A,extratrees,proc_gss,3,158,42,0.936052992538161,3.394163374528295,4.715463431181564,0.9460335467142047,,,,
Sq_um,B,A,dummy,proc_gss,3,158,42,-0.003341559654480797,0.9308362234328558,1.333857425072458,,,,,
Sq_um,B,A,ridge,proc_gss,3,158,42,0.3897258513874915,0.7256374635742017,1.0402734071454993,0.6321205736974315,,,,
Sq_um,B,A,extratrees,proc_gss,3,158,42,-0.12767314392252538,0.8761312845555868,1.4140886245980564,0.5750749534073414,,,,
Sa_um,B,A,dummy,proc_gss,3,158,42,-0.004064402597446781,0.6251099664237587,1.0666158268936154,,,,,
Sa_um,B,A,ridge,proc_gss,3,158,42,0.3276049252946611,0.47587266196658246,0.8728497670381081,0.6664775950085082,,,,
Sa_um,B,A,extratrees,proc_gss,3,158,42,0.08556953226868869,0.5245477246347648,1.0178940657165008,0.6298517137995301,,,,
Ssk_skewness,B,A,dummy,proc_gss,3,158,42,-0.02548711566679751,1.8102330781381777,2.4420705487604124,,,,,
Ssk_skewness,B,A,ridge,proc_gss,3,158,42,0.016320424576715342,1.6723755605607604,2.391772834972519,0.26472733165869866,,,,
Ssk_skewness,B,A,extratrees,proc_gss,3,158,42,0.10915876724311568,1.5610501754883712,2.276110053714776,0.2880641763228263,,,,
kurtosis_excess_fisher,B,A,dummy,proc_gss,3,158,42,-0.05166724938127398,12.820309095410673,20.869531522731307,,,,,
kurtosis_excess_fisher,B,A,ridge,proc_gss,3,158,42,-0.030974126692338455,12.122930256644079,20.66319188024591,0.27266834130135326,,,,
kurtosis_excess_fisher,B,A,extratrees,proc_gss,3,158,42,0.07655059114744844,11.287150149165527,19.556002280380834,0.3420306296086217,,,,
grad_rms_um_per_um,B,A,dummy,proc_gss,3,158,42,-0.00019264765850968146,0.30805077152308097,0.3726386890566836,,,,,
grad_rms_um_per_um,B,A,ridge,proc_gss,3,158,42,0.35549710095587916,0.23613071298728383,0.2991290226954648,0.7181751883964023,,,,
grad_rms_um_per_um,B,A,extratrees,proc_gss,3,158,42,0.29959647100825415,0.23015057987384777,0.3118317107190926,0.6172109229397942,,,,
lap_rms_um_per_px2,B,A,dummy,proc_gss,3,158,42,-0.0003196340154874022,0.13229674773884684,0.1703642544178124,,,,,
lap_rms_um_per_px2,B,A,ridge,proc_gss,3,158,42,0.112750410238047,0.13065950889109917,0.16044714143311153,0.3102665910380034,,,,
lap_rms_um_per_px2,B,A,extratrees,proc_gss,3,158,42,0.13328547049009765,0.12592739297283614,0.1585795272937271,0.342354752451179,,,,
acf_e_fold_lag_um,B,A,dummy,proc_gss,3,158,42,-0.011317333144044373,7.501959011452682,8.153891402201383,,,,,
acf_e_fold_lag_um,B,A,ridge,proc_gss,3,158,42,0.0778314013782826,6.92964721180698,7.786214476120444,0.37721476626452305,,,,
acf_e_fold_lag_um,B,A,extratrees,proc_gss,3,158,42,-0.08741982165896012,6.853147430942075,8.455120865206197,0.3175479098278671,,,,
aniso_gradx_over_y,B,A,dummy,proc_gss,3,158,42,-0.0921375280478367,0.5277057468352582,0.7151073750621832,,,,,
aniso_gradx_over_y,B,A,ridge,proc_gss,3,158,42,0.23459693158010808,0.42198226308666054,0.5986564847374917,0.5616238554412123,,,,
aniso_gradx_over_y,B,A,extratrees,proc_gss,3,158,42,0.23800246859054652,0.4155646084180433,0.5973231874676701,0.4379887366343744,,,,
pit_density_per_Mpx,B,A,dummy,proc_gss,3,158,42,-0.0035081485127193,7468.024789029536,11621.377517009672,,,,,
pit_density_per_Mpx,B,A,ridge,proc_gss,3,158,42,0.07474759216748761,7027.068447507774,11159.05118568981,0.24888251682550022,,,,
pit_density_per_Mpx,B,A,extratrees,proc_gss,3,158,42,-0.23386685639265137,7193.354160157591,12886.391069658017,0.06536813842250994,,,,
pit_depth_um,B,A,dummy,proc_gss,3,158,42,-0.02898190023584979,1.7727921625415135,3.14177651283939,,,,,
pit_depth_um,B,A,ridge,proc_gss,3,158,42,0.1323447741580629,1.6295631619016402,2.884994664592855,0.6126732031439915,,,,
pit_depth_um,B,A,extratrees,proc_gss,3,158,42,0.1982379851312157,1.4870827780150149,2.773282807303754,0.6739324203873269,,,,
peak_to_valley_p98p2_um,B,A,dummy,proc_gss,3,158,42,-0.00423269912459201,3.699820566482802,5.036699874959848,,,,,
peak_to_valley_p98p2_um,B,A,ridge,proc_gss,3,158,42,0.40751069094634673,2.6920695259872014,3.8687365184463585,0.6499473300380845,,,,
peak_to_valley_p98p2_um,B,A,extratrees,proc_gss,3,158,42,-0.10786881993049091,3.249859750549418,5.290211845902426,0.5638927153391137,,,,
deepest_negative_residual_um,B,A,dummy,proc_gss,3,158,42,-0.02898190023584979,1.7727921625415135,3.14177651283939,,,,,
deepest_negative_residual_um,B,A,ridge,proc_gss,3,158,42,0.1323447741580629,1.6295631619016402,2.884994664592855,0.6126732031439915,,,,
deepest_negative_residual_um,B,A,extratrees,proc_gss,3,158,42,0.1982379851312155,1.4870827780150149,2.7732828073037545,0.6739324203873269,,,,
rms_DCT_8_16_um,C,A,dummy,proc_gss,3,158,42,-0.0016543729714859623,0.32504207190117074,0.40249250904217954,,,,,
rms_DCT_8_16_um,C,A,ridge,proc_gss,3,158,42,0.28436685473840395,0.26574981643301276,0.3402076537378643,0.7257920751964996,,,,
rms_DCT_8_16_um,C,A,extratrees,proc_gss,3,158,42,0.5435081031583243,0.2013098904698533,0.2717161126445325,0.6548091726764443,,,,
E_DCT_8_16_frac,C,A,dummy,proc_gss,3,158,42,-0.04641222415854562,0.14082910600259627,0.18263205362462598,,,,,
E_DCT_8_16_frac,C,A,ridge,proc_gss,3,158,42,0.39461489996585164,0.1172800065779814,0.13891254379107879,0.5502795559517057,,,,
E_DCT_8_16_frac,C,A,extratrees,proc_gss,3,158,42,0.2292800422354947,0.12213164000903409,0.15673785642477728,0.5459038975771817,,,,
rms_DCT_16_32_um,C,A,dummy,proc_gss,3,158,42,-0.0006032756562732722,0.4047408670198588,0.5441582305141184,,,,,
rms_DCT_16_32_um,C,A,ridge,proc_gss,3,158,42,0.451419797426749,0.27470805770531975,0.4029158085941511,0.7397293574264646,,,,
rms_DCT_16_32_um,C,A,extratrees,proc_gss,3,158,42,0.13470516172754055,0.29890727026230013,0.5060300395791532,0.6535126813062151,,,,
E_DCT_16_32_frac,C,A,dummy,proc_gss,3,158,42,-0.003934941383469948,0.09586502088721417,0.12320688984877165,,,,,
E_DCT_16_32_frac,C,A,ridge,proc_gss,3,158,42,0.16260710422034452,0.09170173491599534,0.11252443625450868,0.4117170407584475,,,,
E_DCT_16_32_frac,C,A,extratrees,proc_gss,3,158,42,0.2947029271752264,0.0859105563239417,0.10326859074154589,0.48545498744023985,,,,
rms_DCT_32_64_um,C,A,dummy,proc_gss,3,158,42,-0.0018413277195368227,0.45099293048383304,0.6621638016715752,,,,,
rms_DCT_32_64_um,C,A,ridge,proc_gss,3,158,42,0.3923432159920628,0.33849184226864953,0.5156976346695152,0.6706911919617535,,,,
rms_DCT_32_64_um,C,A,extratrees,proc_gss,3,158,42,0.013558910962942705,0.3939962160716815,0.6570547224254046,0.6138076330929422,,,,
E_DCT_32_64_frac,C,A,dummy,proc_gss,3,158,42,-0.005489062205239925,0.06899212681363731,0.08197266756168595,,,,,
E_DCT_32_64_frac,C,A,ridge,proc_gss,3,158,42,0.22963849498539846,0.05469178705809763,0.07175095391545623,0.46827647678470147,,,,
E_DCT_32_64_frac,C,A,extratrees,proc_gss,3,158,42,0.002462967334279087,0.06471014908145349,0.0816478788461551,0.40102098695405564,,,,
rms_DCT_64_inf_um,C,A,dummy,proc_gss,3,158,42,-0.006787354280915148,0.6525529094369068,1.0336803318947678,,,,,
rms_DCT_64_inf_um,C,A,ridge,proc_gss,3,158,42,0.3444509861325624,0.5624898844414478,0.8341035337899334,0.5123571833724982,,,,
rms_DCT_64_inf_um,C,A,extratrees,proc_gss,3,158,42,-0.132647155326864,0.6238789925819597,1.0963890671117873,0.5397455635685926,,,,
E_DCT_64_inf_frac,C,A,dummy,proc_gss,3,158,42,-0.02413318193474434,0.2084577584874038,0.24862374572151433,,,,,
E_DCT_64_inf_frac,C,A,ridge,proc_gss,3,158,42,0.3590356923326492,0.1648015237974256,0.19668956035472807,0.6164006158334008,,,,
E_DCT_64_inf_frac,C,A,extratrees,proc_gss,3,158,42,0.24832917920527053,0.1680052610804504,0.21299932749261807,0.6168868000972368,,,,
DCT_8_16_PC1,D,A,dummy,proc_gss,3,158,42,-0.026952409368267816,21.745421222581104,54.19565462165045,,8_16,1.0,15.581277382359048,stable
DCT_8_16_PC1,D,A,ridge,proc_gss,3,158,42,-0.02637854757403102,21.68277462117864,54.18051021898801,-0.11465845555465522,8_16,1.0,15.581277382359048,stable
DCT_8_16_PC1,D,A,extratrees,proc_gss,3,158,42,-0.11921011922913927,26.687070099633203,56.577678232389324,0.015152742889555143,8_16,1.0,15.581277382359048,stable
DCT_8_16_PC2,D,A,dummy,proc_gss,3,158,42,-0.07819096490143584,6.448010855050523,9.676480243094435,,8_16,2.0,24.469206195401938,stable
DCT_8_16_PC2,D,A,ridge,proc_gss,3,158,42,-0.06527787023965437,6.921919815222682,9.618359883779664,0.02179726116198039,8_16,2.0,24.469206195401938,stable
DCT_8_16_PC2,D,A,extratrees,proc_gss,3,158,42,-0.15914658934925585,6.910941637078382,10.03318340122367,-0.04950976420063204,8_16,2.0,24.469206195401938,stable
DCT_8_16_PC3,D,A,dummy,proc_gss,3,158,42,-0.00807223370630794,9.349785041279821,17.931043305773677,,8_16,3.0,79.01520816928019,unstable_pc
DCT_8_16_PC3,D,A,ridge,proc_gss,3,158,42,0.09260987455442604,9.503104388030605,17.012054191247092,0.27671987683331983,8_16,3.0,79.01520816928019,unstable_pc
DCT_8_16_PC3,D,A,extratrees,proc_gss,3,158,42,0.22174454492971318,10.591673062113314,15.755087512030913,0.04497204440482944,8_16,3.0,79.01520816928019,unstable_pc
DCT_16_32_PC1,D,A,dummy,proc_gss,3,158,42,-0.04024732861506619,11.182867676064962,21.36865599597561,,16_32,1.0,50.59325976950629,unstable_pc
DCT_16_32_PC1,D,A,ridge,proc_gss,3,158,42,-0.18269484429036087,11.28825264716437,22.784801785353654,0.050320071307025364,16_32,1.0,50.59325976950629,unstable_pc
DCT_16_32_PC1,D,A,extratrees,proc_gss,3,158,42,-0.8462790204461579,13.988725970951347,28.46804019856343,0.08808038246495421,16_32,1.0,50.59325976950629,unstable_pc
DCT_16_32_PC2,D,A,dummy,proc_gss,3,158,42,-0.048683249994523115,7.661745007065621,11.59548755883865,,16_32,2.0,68.67809099506147,unstable_pc
DCT_16_32_PC2,D,A,ridge,proc_gss,3,158,42,-1.7337336083182535,13.318223870592915,18.721685465969447,0.012559760149096509,16_32,2.0,68.67809099506147,unstable_pc
DCT_16_32_PC2,D,A,extratrees,proc_gss,3,158,42,-2.529472624195281,12.836874182101242,21.272657972846147,0.11498257839721256,16_32,2.0,68.67809099506147,unstable_pc
DCT_16_32_PC3,D,A,dummy,proc_gss,3,158,42,-0.17882994481668524,9.180355026435299,13.993985895637476,,16_32,3.0,73.35992338773285,unstable_pc
DCT_16_32_PC3,D,A,ridge,proc_gss,3,158,42,-0.25638275882544104,9.42815809555073,14.446972170281951,-0.09099748804797018,16_32,3.0,73.35992338773285,unstable_pc
DCT_16_32_PC3,D,A,extratrees,proc_gss,3,158,42,-0.8873226088269388,11.699217406339212,17.706752766994857,0.3083218539826595,16_32,3.0,73.35992338773285,unstable_pc
DCT_32_64_PC1,D,A,dummy,proc_gss,3,158,42,-0.030963461902704603,19.834683808134777,41.11271549396587,,32_64,1.0,12.38401967165968,stable
DCT_32_64_PC1,D,A,ridge,proc_gss,3,158,42,-0.06875081741319256,25.96808755108356,41.85937656837571,-0.15484968803176405,32_64,1.0,12.38401967165968,stable
DCT_32_64_PC1,D,A,extratrees,proc_gss,3,158,42,0.058050094200373326,19.97819354521359,39.29781732051323,-0.04821327283040273,32_64,1.0,12.38401967165968,stable
DCT_32_64_PC2,D,A,dummy,proc_gss,3,158,42,-0.26637491607808084,22.019514329071708,31.394311057218864,,32_64,2.0,39.51078979791423,stable
DCT_32_64_PC2,D,A,ridge,proc_gss,3,158,42,-0.37299054974014445,20.711809210654113,32.68914647844562,-0.017097479944899116,32_64,2.0,39.51078979791423,stable
DCT_32_64_PC2,D,A,extratrees,proc_gss,3,158,42,-1.2865203349335244,28.532737166676004,42.18493081984945,-0.05194068551981201,32_64,2.0,39.51078979791423,stable
DCT_32_64_PC3,D,A,dummy,proc_gss,3,158,42,-0.005902132534272964,12.335082988043165,26.793964192559766,,32_64,3.0,66.27036522196633,unstable_pc
DCT_32_64_PC3,D,A,ridge,proc_gss,3,158,42,-0.0609933583408202,15.637474191428794,27.51790967947663,-0.0008913378170326555,32_64,3.0,66.27036522196633,unstable_pc
DCT_32_64_PC3,D,A,extratrees,proc_gss,3,158,42,-1.473738635935823,21.961944213266367,42.01806168226669,-0.2904950976420063,32_64,3.0,66.27036522196633,unstable_pc
DCT_64_inf_PC1,D,A,dummy,proc_gss,3,158,42,-0.06620770916158336,45.05686656692445,75.01407143366664,,64_inf,1.0,24.426079154408036,stable
DCT_64_inf_PC1,D,A,ridge,proc_gss,3,158,42,-0.7666973660465504,67.27187043799248,96.56125670724315,-0.28093347378656514,64_inf,1.0,24.426079154408036,stable
DCT_64_inf_PC1,D,A,extratrees,proc_gss,3,158,42,-2.514531785136307,72.28575853052922,136.19324453763357,-0.3872457661453691,64_inf,1.0,24.426079154408036,stable
DCT_64_inf_PC2,D,A,dummy,proc_gss,3,158,42,-0.002042350896126699,44.570064092567094,96.36381109499348,,64_inf,2.0,32.3516035773926,stable
DCT_64_inf_PC2,D,A,ridge,proc_gss,3,158,42,0.03075084111004145,43.03736305361323,94.77387663612723,0.048051211409124064,64_inf,2.0,32.3516035773926,stable
DCT_64_inf_PC2,D,A,extratrees,proc_gss,3,158,42,0.14490114938460685,42.553953872156875,89.0182577990781,0.2501418037436189,64_inf,2.0,32.3516035773926,stable
DCT_64_inf_PC3,D,A,dummy,proc_gss,3,158,42,-0.025347470864667487,41.17345546456426,72.29068394464858,,64_inf,3.0,47.69563166807666,unstable_pc
DCT_64_inf_PC3,D,A,ridge,proc_gss,3,158,42,-0.11567621627337554,45.69862249946711,75.40773372677502,0.026983226642897665,64_inf,3.0,47.69563166807666,unstable_pc
DCT_64_inf_PC3,D,A,extratrees,proc_gss,3,158,42,-0.5423993574483297,51.491501704298344,88.66357106270378,-0.047565027145288076,64_inf,3.0,47.69563166807666,unstable_pc
median_depth_um,A,R,dummy,proc_gss,3,158,42,-0.003230416484222287,16.658090385774564,18.67732233184563,,,,,
median_depth_um,A,R,ridge,proc_gss,3,158,42,0.40670495509599947,11.768810396932947,14.363147785311552,0.763714447775707,,,,
median_depth_um,A,R,extratrees,proc_gss,3,158,42,0.7945574150709777,5.6536805501962535,8.45200030110352,0.8755368284579857,,,,
Sq_um,B,R,dummy,proc_gss,3,158,42,-0.003341559654480797,0.9308362234328558,1.333857425072458,,,,,
Sq_um,B,R,ridge,proc_gss,3,158,42,0.19581289317763106,0.8083198044639965,1.1941628679958847,0.6175350457823515,,,,
Sq_um,B,R,extratrees,proc_gss,3,158,42,-0.11787301045038912,0.8643904813765334,1.4079305911476219,0.5664856980795723,,,,
Sa_um,B,R,dummy,proc_gss,3,158,42,-0.004064402597446781,0.6251099664237587,1.0666158268936154,,,,,
Sa_um,B,R,ridge,proc_gss,3,158,42,0.16561581603787612,0.5707867682061657,0.9723223534718715,0.5729681549307188,,,,
Sa_um,B,R,extratrees,proc_gss,3,158,42,0.04189681265929013,0.5855755324908155,1.0419176164540573,0.551089863058099,,,,
Ssk_skewness,B,R,dummy,proc_gss,3,158,42,-0.02548711566679751,1.8102330781381777,2.4420705487604124,,,,,
Ssk_skewness,B,R,ridge,proc_gss,3,158,42,0.16549316573651096,1.593381618314217,2.202967300708889,0.4144720849201848,,,,
Ssk_skewness,B,R,extratrees,proc_gss,3,158,42,0.040212178686126254,1.6804634146497757,2.362548427436112,0.30637711692731545,,,,
kurtosis_excess_fisher,B,R,dummy,proc_gss,3,158,42,-0.05166724938127398,12.820309095410673,20.869531522731307,,,,,
kurtosis_excess_fisher,B,R,ridge,proc_gss,3,158,42,0.09405541503332371,11.731186771774613,19.369764571827634,0.365043351430192,,,,
kurtosis_excess_fisher,B,R,extratrees,proc_gss,3,158,42,0.006263673777143763,12.316440968403459,20.286592630350537,0.4282473057288712,,,,
grad_rms_um_per_um,B,R,dummy,proc_gss,3,158,42,-0.00019264765850968146,0.30805077152308097,0.3726386890566836,,,,,
grad_rms_um_per_um,B,R,ridge,proc_gss,3,158,42,0.1876992689546324,0.2803370946935868,0.33581843742634304,0.5488210031601978,,,,
grad_rms_um_per_um,B,R,extratrees,proc_gss,3,158,42,0.08366452182864248,0.257968447863989,0.3566755711018457,0.557896442751803,,,,
lap_rms_um_per_px2,B,R,dummy,proc_gss,3,158,42,-0.0003196340154874022,0.13229674773884684,0.1703642544178124,,,,,
lap_rms_um_per_px2,B,R,ridge,proc_gss,3,158,42,0.11760115743811739,0.12532164292918174,0.16000794416074632,0.32306944331901793,,,,
lap_rms_um_per_px2,B,R,extratrees,proc_gss,3,158,42,-0.10755236522374023,0.13963645170635247,0.17926322895689376,0.2874159306377117,,,,
acf_e_fold_lag_um,B,R,dummy,proc_gss,3,158,42,-0.011317333144044373,7.501959011452682,8.153891402201383,,,,,
acf_e_fold_lag_um,B,R,ridge,proc_gss,3,158,42,0.11078542228954336,6.981081899216594,7.645827306670946,0.32848173218778653,,,,
acf_e_fold_lag_um,B,R,extratrees,proc_gss,3,158,42,-0.011667589677486268,6.650879446677662,8.155303276795669,0.20247318816907012,,,,
aniso_gradx_over_y,B,R,dummy,proc_gss,3,158,42,-0.0921375280478367,0.5277057468352582,0.7151073750621832,,,,,
aniso_gradx_over_y,B,R,ridge,proc_gss,3,158,42,-0.027715638886556926,0.5395269639968637,0.6936958149030713,0.5817194716797667,,,,
aniso_gradx_over_y,B,R,extratrees,proc_gss,3,158,42,0.09695140257963808,0.4920275620396116,0.6502616668589578,0.5872295600032412,,,,
pit_density_per_Mpx,B,R,dummy,proc_gss,3,158,42,-0.0035081485127193,7468.024789029536,11621.377517009672,,,,,
pit_density_per_Mpx,B,R,ridge,proc_gss,3,158,42,0.05145014873332254,6995.380494304809,11298.667747579777,0.2714778809996076,,,,
pit_density_per_Mpx,B,R,extratrees,proc_gss,3,158,42,-0.30545675100921055,7997.853923879059,13254.959403054245,-0.05661347702663807,,,,
pit_depth_um,B,R,dummy,proc_gss,3,158,42,-0.02898190023584979,1.7727921625415135,3.14177651283939,,,,,
pit_depth_um,B,R,ridge,proc_gss,3,158,42,0.08063093239381736,1.6369633487386215,2.9697258872337757,0.5797747346244227,,,,
pit_depth_um,B,R,extratrees,proc_gss,3,158,42,0.14562998335178678,1.7713067925440553,2.862822489734545,0.37703589660481324,,,,
peak_to_valley_p98p2_um,B,R,dummy,proc_gss,3,158,42,-0.00423269912459201,3.699820566482802,5.036699874959848,,,,,
peak_to_valley_p98p2_um,B,R,ridge,proc_gss,3,158,42,0.19317438223442562,3.1413348728377857,4.51459434665324,0.6063528077141237,,,,
peak_to_valley_p98p2_um,B,R,extratrees,proc_gss,3,158,42,0.05741675342957486,2.9965764732200695,4.879650890790707,0.5702131107689815,,,,
deepest_negative_residual_um,B,R,dummy,proc_gss,3,158,42,-0.02898190023584979,1.7727921625415135,3.14177651283939,,,,,
deepest_negative_residual_um,B,R,ridge,proc_gss,3,158,42,0.08063093239381736,1.6369633487386215,2.9697258872337757,0.5797747346244227,,,,
deepest_negative_residual_um,B,R,extratrees,proc_gss,3,158,42,0.14562998335178678,1.7713067925440553,2.862822489734545,0.37703589660481324,,,,
rms_DCT_8_16_um,C,R,dummy,proc_gss,3,158,42,-0.0016543729714859623,0.32504207190117074,0.40249250904217954,,,,,
rms_DCT_8_16_um,C,R,ridge,proc_gss,3,158,42,0.1597580807205624,0.2948779667372908,0.3686387871054155,0.6562677254679523,,,,
rms_DCT_8_16_um,C,R,extratrees,proc_gss,3,158,42,0.2987945240726855,0.24772021417499865,0.3367607792092525,0.612997325986549,,,,
E_DCT_8_16_frac,C,R,dummy,proc_gss,3,158,42,-0.04641222415854562,0.14082910600259627,0.18263205362462598,,,,,
E_DCT_8_16_frac,C,R,ridge,proc_gss,3,158,42,0.042784509989442276,0.13697219894991047,0.17467488232557685,0.4653593712016855,,,,
E_DCT_8_16_frac,C,R,extratrees,proc_gss,3,158,42,0.4014979129039181,0.11041009604384461,0.13812059323726691,0.6484887772465765,,,,
rms_DCT_16_32_um,C,R,dummy,proc_gss,3,158,42,-0.0006032756562732722,0.4047408670198588,0.5441582305141184,,,,,
rms_DCT_16_32_um,C,R,ridge,proc_gss,3,158,42,0.26866633204542856,0.344804256416675,0.46521319666534594,0.6457337330848392,,,,
rms_DCT_16_32_um,C,R,extratrees,proc_gss,3,158,42,0.10920302255350611,0.30058235099624186,0.5134328000282699,0.6484887772465765,,,,
E_DCT_16_32_frac,C,R,dummy,proc_gss,3,158,42,-0.003934941383469948,0.09586502088721417,0.12320688984877165,,,,,
E_DCT_16_32_frac,C,R,ridge,proc_gss,3,158,42,0.06208927813631793,0.09553850742989296,0.11908661754663487,0.3455959808767523,,,,
E_DCT_16_32_frac,C,R,extratrees,proc_gss,3,158,42,0.00428943515702318,0.10331914338494062,0.12270118791994482,0.24706263673932424,,,,
rms_DCT_32_64_um,C,R,dummy,proc_gss,3,158,42,-0.0018413277195368227,0.45099293048383304,0.6621638016715752,,,,,
rms_DCT_32_64_um,C,R,ridge,proc_gss,3,158,42,0.1928548245955748,0.3707765153251651,0.5943493493752207,0.5909569726926506,,,,
rms_DCT_32_64_um,C,R,extratrees,proc_gss,3,158,42,-0.1099205231536926,0.3972394601635586,0.6969665014802552,0.5958188153310104,,,,
E_DCT_32_64_frac,C,R,dummy,proc_gss,3,158,42,-0.005489062205239925,0.06899212681363731,0.08197266756168595,,,,,
E_DCT_32_64_frac,C,R,ridge,proc_gss,3,158,42,0.24201434841534708,0.056426070023438565,0.07117228106738195,0.49582691840207443,,,,
E_DCT_32_64_frac,C,R,extratrees,proc_gss,3,158,42,0.009103416257445263,0.06432906729884931,0.08137566645364494,0.38692164330281176,,,,
rms_DCT_64_inf_um,C,R,dummy,proc_gss,3,158,42,-0.006787354280915148,0.6525529094369068,1.0336803318947678,,,,,
rms_DCT_64_inf_um,C,R,ridge,proc_gss,3,158,42,0.1500099489752712,0.5893568969384172,0.9497827948256915,0.5914431569564865,,,,
rms_DCT_64_inf_um,C,R,extratrees,proc_gss,3,158,42,-0.1198808827663449,0.6377024669270781,1.0901927571799952,0.36941900980471604,,,,
E_DCT_64_inf_frac,C,R,dummy,proc_gss,3,158,42,-0.02413318193474434,0.2084577584874038,0.24862374572151433,,,,,
E_DCT_64_inf_frac,C,R,ridge,proc_gss,3,158,42,0.027136710513064433,0.1991123213117738,0.24232057693164968,0.3746049752856333,,,,
E_DCT_64_inf_frac,C,R,extratrees,proc_gss,3,158,42,0.2621506772761273,0.17797850921185462,0.2110319577398458,0.5561137671177377,,,,
DCT_8_16_PC1,D,R,dummy,proc_gss,3,158,42,-0.026952409368267816,21.745421222581104,54.19565462165045,,8_16,1.0,15.581277382359048,stable
DCT_8_16_PC1,D,R,ridge,proc_gss,3,158,42,-0.03170755850852913,21.68379096305128,54.320982137683934,-0.03362774491532291,8_16,1.0,15.581277382359048,stable
DCT_8_16_PC1,D,R,extratrees,proc_gss,3,158,42,0.020527310564250056,27.905156774143524,52.927998704719975,-0.15695648650838667,8_16,1.0,15.581277382359048,stable
DCT_8_16_PC2,D,R,dummy,proc_gss,3,158,42,-0.07819096490143584,6.448010855050523,9.676480243094435,,8_16,2.0,24.469206195401938,stable
DCT_8_16_PC2,D,R,ridge,proc_gss,3,158,42,-0.08681243685851125,6.451803634819816,9.715090932981541,0.2068714042622154,8_16,2.0,24.469206195401938,stable
DCT_8_16_PC2,D,R,extratrees,proc_gss,3,158,42,-0.2740441811754297,7.5205469912572065,10.518693837203646,0.21870188801555793,8_16,2.0,24.469206195401938,stable
DCT_8_16_PC3,D,R,dummy,proc_gss,3,158,42,-0.00807223370630794,9.349785041279821,17.931043305773677,,8_16,3.0,79.01520816928019,unstable_pc
DCT_8_16_PC3,D,R,ridge,proc_gss,3,158,42,0.06143625590207791,10.150113573132069,17.301813245428455,0.08856656672879022,8_16,3.0,79.01520816928019,unstable_pc
DCT_8_16_PC3,D,R,extratrees,proc_gss,3,158,42,-0.2392694946227163,13.869746464145495,19.88120084891369,0.01888015557896443,8_16,3.0,79.01520816928019,unstable_pc
DCT_16_32_PC1,D,R,dummy,proc_gss,3,158,42,-0.04024732861506619,11.182867676064962,21.36865599597561,,16_32,1.0,50.59325976950629,unstable_pc
DCT_16_32_PC1,D,R,ridge,proc_gss,3,158,42,-0.13467537042600863,11.274611296241051,22.31745753317782,-0.0012154606595899846,16_32,1.0,50.59325976950629,unstable_pc
DCT_16_32_PC1,D,R,extratrees,proc_gss,3,158,42,-0.8926726332081307,12.4803388876773,28.823495938995997,0.39907624989871165,16_32,1.0,50.59325976950629,unstable_pc
DCT_16_32_PC2,D,R,dummy,proc_gss,3,158,42,-0.048683249994523115,7.661745007065621,11.59548755883865,,16_32,2.0,68.67809099506147,unstable_pc
DCT_16_32_PC2,D,R,ridge,proc_gss,3,158,42,-0.5588138731323369,10.40135298059192,14.13721880532971,0.11676525403127785,16_32,2.0,68.67809099506147,unstable_pc
DCT_16_32_PC2,D,R,extratrees,proc_gss,3,158,42,-1.3164918727171364,10.898481528281158,17.23384723847174,0.12178915809091646,16_32,2.0,68.67809099506147,unstable_pc
DCT_16_32_PC3,D,R,dummy,proc_gss,3,158,42,-0.17882994481668524,9.180355026435299,13.993985895637476,,16_32,3.0,73.35992338773285,unstable_pc
DCT_16_32_PC3,D,R,ridge,proc_gss,3,158,42,-0.1912364888522058,8.62751957808418,14.067432699817811,0.06150230937525322,16_32,3.0,73.35992338773285,unstable_pc
DCT_16_32_PC3,D,R,extratrees,proc_gss,3,158,42,-0.12432920007996895,9.984705242001086,13.666666514071084,0.3861113361964184,16_32,3.0,73.35992338773285,unstable_pc
DCT_32_64_PC1,D,R,dummy,proc_gss,3,158,42,-0.030963461902704603,19.834683808134777,41.11271549396587,,32_64,1.0,12.38401967165968,stable
DCT_32_64_PC1,D,R,ridge,proc_gss,3,158,42,-0.07016118835066298,22.26504407823598,41.88698720642608,-0.18904464792156228,32_64,1.0,12.38401967165968,stable
DCT_32_64_PC1,D,R,extratrees,proc_gss,3,158,42,-0.3774322828726533,24.1275004254827,47.52144682769279,-0.16505955757231994,32_64,1.0,12.38401967165968,stable
DCT_32_64_PC2,D,R,dummy,proc_gss,3,158,42,-0.26637491607808084,22.019514329071708,31.394311057218864,,32_64,2.0,39.51078979791423,stable
DCT_32_64_PC2,D,R,ridge,proc_gss,3,158,42,-0.43280601826119947,22.322556704656918,33.3936203739172,-0.19844421035572482,32_64,2.0,39.51078979791423,stable
DCT_32_64_PC2,D,R,extratrees,proc_gss,3,158,42,-1.3785184113132107,25.89771610764714,43.025216657738156,-0.1023417875374767,32_64,2.0,39.51078979791423,stable
DCT_32_64_PC3,D,R,dummy,proc_gss,3,158,42,-0.005902132534272964,12.335082988043165,26.793964192559766,,32_64,3.0,66.27036522196633,unstable_pc
DCT_32_64_PC3,D,R,ridge,proc_gss,3,158,42,-0.10112852050181065,15.749057317019405,28.03355105138727,0.014666558625719148,32_64,3.0,66.27036522196633,unstable_pc
DCT_32_64_PC3,D,R,extratrees,proc_gss,3,158,42,-0.5648235445484913,18.25362205657994,33.41887256095982,-0.07851875860951302,32_64,3.0,66.27036522196633,unstable_pc
DCT_64_inf_PC1,D,R,dummy,proc_gss,3,158,42,-0.06620770916158336,45.05686656692445,75.01407143366664,,64_inf,1.0,24.426079154408036,stable
DCT_64_inf_PC1,D,R,ridge,proc_gss,3,158,42,-0.14979485238532386,49.36575615710284,77.89902258325743,-0.07949112713718501,64_inf,1.0,24.426079154408036,stable
DCT_64_inf_PC1,D,R,extratrees,proc_gss,3,158,42,-0.9704388000405337,68.15028827043253,101.97725178079345,-0.31350781946357675,64_inf,1.0,24.426079154408036,stable
DCT_64_inf_PC2,D,R,dummy,proc_gss,3,158,42,-0.002042350896126699,44.570064092567094,96.36381109499348,,64_inf,2.0,32.3516035773926,stable
DCT_64_inf_PC2,D,R,ridge,proc_gss,3,158,42,0.025321623597411413,42.77887464886743,95.03894235280373,0.09942468195446075,64_inf,2.0,32.3516035773926,stable
DCT_64_inf_PC2,D,R,extratrees,proc_gss,3,158,42,0.07433674820920166,51.65147028882498,92.61843544953865,0.24058017988817768,64_inf,2.0,32.3516035773926,stable
DCT_64_inf_PC3,D,R,dummy,proc_gss,3,158,42,-0.025347470864667487,41.17345546456426,72.29068394464858,,64_inf,3.0,47.69563166807666,unstable_pc
DCT_64_inf_PC3,D,R,ridge,proc_gss,3,158,42,-0.19394124160222437,44.03621542050574,78.0078446229791,0.11368608702698323,64_inf,3.0,47.69563166807666,unstable_pc
DCT_64_inf_PC3,D,R,extratrees,proc_gss,3,158,42,-0.29531878337135065,47.53380918007304,81.2522007785483,0.06150230937525322,64_inf,3.0,47.69563166807666,unstable_pc
median_depth_um,A,C,dummy,proc_gss,3,158,42,-0.003230416484222287,16.658090385774564,18.67732233184563,,,,,
median_depth_um,A,C,ridge,proc_gss,3,158,42,0.7569916252666193,6.78110326166539,9.19231480155707,0.8923912162709668,,,,
median_depth_um,A,C,extratrees,proc_gss,3,158,42,0.9171293160325317,3.6936345257936654,5.368027475960638,0.9491127137184994,,,,
Sq_um,B,C,dummy,proc_gss,3,158,42,-0.003341559654480797,0.9308362234328558,1.333857425072458,,,,,
Sq_um,B,C,ridge,proc_gss,3,158,42,0.2499817732461317,0.7592998197614618,1.1532432429430792,0.5958188153310104,,,,
Sq_um,B,C,extratrees,proc_gss,3,158,42,-0.11066023545949033,0.8302942004007461,1.403381093904554,0.5907949112713718,,,,
Sa_um,B,C,dummy,proc_gss,3,158,42,-0.004064402597446781,0.6251099664237587,1.0666158268936154,,,,,
Sa_um,B,C,ridge,proc_gss,3,158,42,0.1878322759081672,0.5306140559432123,0.959290407591251,0.558868811279475,,,,
Sa_um,B,C,extratrees,proc_gss,3,158,42,0.013736891758587944,0.5744111390862573,1.05711840147009,0.6104043432460903,,,,
Ssk_skewness,B,C,dummy,proc_gss,3,158,42,-0.02548711566679751,1.8102330781381777,2.4420705487604124,,,,,
Ssk_skewness,B,C,ridge,proc_gss,3,158,42,0.10567020616828993,1.6187709866637638,2.2805623568672195,0.30751154687626614,,,,
Ssk_skewness,B,C,extratrees,proc_gss,3,158,42,0.12329828547023558,1.5349113004135366,2.2579744840155027,0.39113524025605706,,,,
kurtosis_excess_fisher,B,C,dummy,proc_gss,3,158,42,-0.05166724938127398,12.820309095410673,20.869531522731307,,,,,
kurtosis_excess_fisher,B,C,ridge,proc_gss,3,158,42,0.07500747519370699,11.83434394893115,19.57233483881086,0.3976176971072036,,,,
kurtosis_excess_fisher,B,C,extratrees,proc_gss,3,158,42,0.06261323732734936,11.26614492351728,19.703026143107095,0.3538611133619642,,,,
grad_rms_um_per_um,B,C,dummy,proc_gss,3,158,42,-0.00019264765850968146,0.30805077152308097,0.3726386890566836,,,,,
grad_rms_um_per_um,B,C,ridge,proc_gss,3,158,42,0.2851177472186175,0.2564552070923167,0.31503831235446395,0.6449234259784459,,,,
grad_rms_um_per_um,B,C,extratrees,proc_gss,3,158,42,0.31127204541826525,0.21880077305479,0.309221704569888,0.6321205736974315,,,,
lap_rms_um_per_px2,B,C,dummy,proc_gss,3,158,42,-0.0003196340154874022,0.13229674773884684,0.1703642544178124,,,,,
lap_rms_um_per_px2,B,C,ridge,proc_gss,3,158,42,0.11685697168995357,0.13009706400563562,0.16007540262191627,0.266510007292764,,,,
lap_rms_um_per_px2,B,C,extratrees,proc_gss,3,158,42,0.12759873701027713,0.12448143832647965,0.1590989169403177,0.3794668179239932,,,,
acf_e_fold_lag_um,B,C,dummy,proc_gss,3,158,42,-0.011317333144044373,7.501959011452682,8.153891402201383,,,,,
acf_e_fold_lag_um,B,C,ridge,proc_gss,3,158,42,0.13014642712740876,6.894286318481447,7.562132340684113,0.40218943264661106,,,,
acf_e_fold_lag_um,B,C,extratrees,proc_gss,3,158,42,0.011945448307953521,6.7312212301587335,8.059566057831766,0.30561531686392684,,,,
aniso_gradx_over_y,B,C,dummy,proc_gss,3,158,42,-0.0921375280478367,0.5277057468352582,0.7151073750621832,,,,,
aniso_gradx_over_y,B,C,ridge,proc_gss,3,158,42,0.2235665613299691,0.42777750300507045,0.6029547310623627,0.5582205655943603,,,,
aniso_gradx_over_y,B,C,extratrees,proc_gss,3,158,42,0.23933528190465925,0.4380253484422129,0.5968005685001273,0.49971639251276234,,,,
pit_density_per_Mpx,B,C,dummy,proc_gss,3,158,42,-0.0035081485127193,7468.024789029536,11621.377517009672,,,,,
pit_density_per_Mpx,B,C,ridge,proc_gss,3,158,42,0.07536364186440903,6900.190184309343,11155.335618607667,0.267308994620621,,,,
pit_density_per_Mpx,B,C,extratrees,proc_gss,3,158,42,-0.5237296711152402,8094.390213116496,14320.267148813777,0.002918220465290622,,,,
pit_depth_um,B,C,dummy,proc_gss,3,158,42,-0.02898190023584979,1.7727921625415135,3.14177651283939,,,,,
pit_depth_um,B,C,ridge,proc_gss,3,158,42,0.13185283502871903,1.8725152435391852,2.8858124091355197,0.33749290981281904,,,,
pit_depth_um,B,C,extratrees,proc_gss,3,158,42,0.2096962605530468,1.5796088614115131,2.753394492212444,0.5674580666072442,,,,
peak_to_valley_p98p2_um,B,C,dummy,proc_gss,3,158,42,-0.00423269912459201,3.699820566482802,5.036699874959848,,,,,
peak_to_valley_p98p2_um,B,C,ridge,proc_gss,3,158,42,0.2323878396535961,3.066414221884264,4.403518415230335,0.5911190341139293,,,,
peak_to_valley_p98p2_um,B,C,extratrees,proc_gss,3,158,42,-0.020203461850634374,3.024464738127526,5.0765923414675225,0.6170488615185156,,,,
deepest_negative_residual_um,B,C,dummy,proc_gss,3,158,42,-0.02898190023584979,1.7727921625415135,3.14177651283939,,,,,
deepest_negative_residual_um,B,C,ridge,proc_gss,3,158,42,0.13185283502871903,1.8725152435391852,2.8858124091355197,0.33749290981281904,,,,
deepest_negative_residual_um,B,C,extratrees,proc_gss,3,158,42,0.2096962605530468,1.5796088614115131,2.753394492212444,0.5674580666072442,,,,
rms_DCT_8_16_um,C,C,dummy,proc_gss,3,158,42,-0.0016543729714859623,0.32504207190117074,0.40249250904217954,,,,,
rms_DCT_8_16_um,C,C,ridge,proc_gss,3,158,42,0.30421231275817573,0.2693857042187339,0.33545728352848464,0.7319504092050887,,,,
rms_DCT_8_16_um,C,C,extratrees,proc_gss,3,158,42,0.5946435081979071,0.1970895569538587,0.25604566216861935,0.7244955838262702,,,,
E_DCT_8_16_frac,C,C,dummy,proc_gss,3,158,42,-0.04641222415854562,0.14082910600259627,0.18263205362462598,,,,,
E_DCT_8_16_frac,C,C,ridge,proc_gss,3,158,42,0.4508303071278369,0.11060357645996306,0.13230579943054308,0.6441131188720525,,,,
E_DCT_8_16_frac,C,C,extratrees,proc_gss,3,158,42,0.3526654748293958,0.11772980771247818,0.14364482535144765,0.5839883315776679,,,,
rms_DCT_16_32_um,C,C,dummy,proc_gss,3,158,42,-0.0006032756562732722,0.4047408670198588,0.5441582305141184,,,,,
rms_DCT_16_32_um,C,C,ridge,proc_gss,3,158,42,0.3483214647931302,0.3181485537390162,0.4391480417619069,0.6998622477919131,,,,
rms_DCT_16_32_um,C,C,extratrees,proc_gss,3,158,42,0.09660250758654465,0.2965176164457367,0.5170513573743345,0.684952597034276,,,,
E_DCT_16_32_frac,C,C,dummy,proc_gss,3,158,42,-0.003934941383469948,0.09586502088721417,0.12320688984877165,,,,,
E_DCT_16_32_frac,C,C,ridge,proc_gss,3,158,42,0.17571924027872765,0.09140998018353053,0.11163999056018617,0.2750992626205332,,,,
E_DCT_16_32_frac,C,C,extratrees,proc_gss,3,158,42,0.14394583894069224,0.09395364355843269,0.11377132894574457,0.3326310671744591,,,,
rms_DCT_32_64_um,C,C,dummy,proc_gss,3,158,42,-0.0018413277195368227,0.45099293048383304,0.6621638016715752,,,,,
rms_DCT_32_64_um,C,C,ridge,proc_gss,3,158,42,0.19803622715890135,0.3920897100199168,0.5924385893814251,0.5681063122923588,,,,
rms_DCT_32_64_um,C,C,extratrees,proc_gss,3,158,42,-0.01827296973151693,0.3961995776858498,0.6675719370119723,0.5854468843691759,,,,
E_DCT_32_64_frac,C,C,dummy,proc_gss,3,158,42,-0.005489062205239925,0.06899212681363731,0.08197266756168595,,,,,
E_DCT_32_64_frac,C,C,ridge,proc_gss,3,158,42,0.2149979792038469,0.05624131630935393,0.07242954887124754,0.4694109067336521,,,,
E_DCT_32_64_frac,C,C,extratrees,proc_gss,3,158,42,0.003961512074218576,0.06438029792251704,0.08158652824916064,0.41366177781379143,,,,
rms_DCT_64_inf_um,C,C,dummy,proc_gss,3,158,42,-0.006787354280915148,0.6525529094369068,1.0336803318947678,,,,,
rms_DCT_64_inf_um,C,C,ridge,proc_gss,3,158,42,0.21358921673297582,0.5593690857548158,0.913570583121201,0.48545498744023985,,,,
rms_DCT_64_inf_um,C,C,extratrees,proc_gss,3,158,42,-0.15365783403370448,0.6251160686035256,1.1065113847995924,0.4836723118061746,,,,
E_DCT_64_inf_frac,C,C,dummy,proc_gss,3,158,42,-0.02413318193474434,0.2084577584874038,0.24862374572151433,,,,,
E_DCT_64_inf_frac,C,C,ridge,proc_gss,3,158,42,0.30151241530740014,0.16445498275145232,0.20532589850636815,0.6138076330929422,,,,
E_DCT_64_inf_frac,C,C,extratrees,proc_gss,3,158,42,0.36792114884693605,0.15739311086589822,0.19532148438257899,0.7006725548983065,,,,
DCT_8_16_PC1,D,C,dummy,proc_gss,3,158,42,-0.026952409368267816,21.745421222581104,54.19565462165045,,8_16,1.0,15.581277382359048,stable
DCT_8_16_PC1,D,C,ridge,proc_gss,3,158,42,-0.032926016035724315,21.815984509520764,54.35304949942332,-0.07835669718823435,8_16,1.0,15.581277382359048,stable
DCT_8_16_PC1,D,C,extratrees,proc_gss,3,158,42,-0.22582472825048638,27.181721541272083,59.21115004472755,-0.1358885017421603,8_16,1.0,15.581277382359048,stable
DCT_8_16_PC2,D,C,dummy,proc_gss,3,158,42,-0.07819096490143584,6.448010855050523,9.676480243094435,,8_16,2.0,24.469206195401938,stable
DCT_8_16_PC2,D,C,ridge,proc_gss,3,158,42,-0.11243173298390552,7.1234211682126745,9.82893028327367,0.06150230937525322,8_16,2.0,24.469206195401938,stable
DCT_8_16_PC2,D,C,extratrees,proc_gss,3,158,42,-0.06764884136024607,6.839120531706099,9.629057645910473,0.042217000243092134,8_16,2.0,24.469206195401938,stable
DCT_8_16_PC3,D,C,dummy,proc_gss,3,158,42,-0.00807223370630794,9.349785041279821,17.931043305773677,,8_16,3.0,79.01520816928019,unstable_pc
DCT_8_16_PC3,D,C,ridge,proc_gss,3,158,42,0.11697278581113357,10.371882135700806,16.782118264645376,0.22988412608378578,8_16,3.0,79.01520816928019,unstable_pc
DCT_8_16_PC3,D,C,extratrees,proc_gss,3,158,42,0.1439039624817603,11.310691209806336,16.52422030719017,0.013045944412932503,8_16,3.0,79.01520816928019,unstable_pc
DCT_16_32_PC1,D,C,dummy,proc_gss,3,158,42,-0.04024732861506619,11.182867676064962,21.36865599597561,,16_32,1.0,50.59325976950629,unstable_pc
DCT_16_32_PC1,D,C,ridge,proc_gss,3,158,42,-0.20119915859558724,11.772482573536873,22.962354248745584,0.008508224617129892,16_32,1.0,50.59325976950629,unstable_pc
DCT_16_32_PC1,D,C,extratrees,proc_gss,3,158,42,-0.7980954729721785,13.084232238675884,28.0941098902765,0.056802528158171946,16_32,1.0,50.59325976950629,unstable_pc
DCT_16_32_PC2,D,C,dummy,proc_gss,3,158,42,-0.048683249994523115,7.661745007065621,11.59548755883865,,16_32,2.0,68.67809099506147,unstable_pc
DCT_16_32_PC2,D,C,ridge,proc_gss,3,158,42,-0.7129542134828755,10.266541284660972,14.81971070601986,0.04691678146017341,16_32,2.0,68.67809099506147,unstable_pc
DCT_16_32_PC2,D,C,extratrees,proc_gss,3,158,42,-2.0159697952311975,10.947648351196632,19.664383823393845,0.2786646138886638,16_32,2.0,68.67809099506147,unstable_pc
DCT_16_32_PC3,D,C,dummy,proc_gss,3,158,42,-0.17882994481668524,9.180355026435299,13.993985895637476,,16_32,3.0,73.35992338773285,unstable_pc
DCT_16_32_PC3,D,C,ridge,proc_gss,3,158,42,-0.24397425095086134,9.23621953718025,14.375453284401358,-0.07462928449882505,16_32,3.0,73.35992338773285,unstable_pc
DCT_16_32_PC3,D,C,extratrees,proc_gss,3,158,42,-0.39131487269638465,11.256083695875683,15.20297446288292,0.40150717121789165,16_32,3.0,73.35992338773285,unstable_pc
DCT_32_64_PC1,D,C,dummy,proc_gss,3,158,42,-0.030963461902704603,19.834683808134777,41.11271549396587,,32_64,1.0,12.38401967165968,stable
DCT_32_64_PC1,D,C,ridge,proc_gss,3,158,42,-0.03949544281874595,23.332125161555744,41.28248395740254,-0.14431569564865085,32_64,1.0,12.38401967165968,stable
DCT_32_64_PC1,D,C,extratrees,proc_gss,3,158,42,-0.09698826888025902,21.297785191598262,42.40875447156517,-0.06360910785187587,32_64,1.0,12.38401967165968,stable
DCT_32_64_PC2,D,C,dummy,proc_gss,3,158,42,-0.26637491607808084,22.019514329071708,31.394311057218864,,32_64,2.0,39.51078979791423,stable
DCT_32_64_PC2,D,C,ridge,proc_gss,3,158,42,-0.42117817008702696,21.39448352980209,33.25784241318472,-0.03622072765578154,32_64,2.0,39.51078979791423,stable
DCT_32_64_PC2,D,C,extratrees,proc_gss,3,158,42,-1.2805838699408012,26.87578369252249,42.130133117148944,-0.04432379871971477,32_64,2.0,39.51078979791423,stable
DCT_32_64_PC3,D,C,dummy,proc_gss,3,158,42,-0.005902132534272964,12.335082988043165,26.793964192559766,,32_64,3.0,66.27036522196633,unstable_pc
DCT_32_64_PC3,D,C,ridge,proc_gss,3,158,42,-0.02607707628312883,14.517397819245476,27.061327721392278,-0.008994408880965888,32_64,3.0,66.27036522196633,unstable_pc
DCT_32_64_PC3,D,C,extratrees,proc_gss,3,158,42,-0.7569652015782999,19.967165000724236,35.411203586905884,-0.2861194392674824,32_64,3.0,66.27036522196633,unstable_pc
DCT_64_inf_PC1,D,C,dummy,proc_gss,3,158,42,-0.06620770916158336,45.05686656692445,75.01407143366664,,64_inf,1.0,24.426079154408036,stable
DCT_64_inf_PC1,D,C,ridge,proc_gss,3,158,42,-0.8252995649557737,71.88130939625546,98.14968354159477,-0.2973016773357102,64_inf,1.0,24.426079154408036,stable
DCT_64_inf_PC1,D,C,extratrees,proc_gss,3,158,42,-2.4827058051484783,76.79168057306826,135.5751905271846,-0.4645490640952922,64_inf,1.0,24.426079154408036,stable
DCT_64_inf_PC2,D,C,dummy,proc_gss,3,158,42,-0.002042350896126699,44.570064092567094,96.36381109499348,,64_inf,2.0,32.3516035773926,stable
DCT_64_inf_PC2,D,C,ridge,proc_gss,3,158,42,0.03571207391329034,42.56191978399695,94.5310090020927,-0.037355157604732195,64_inf,2.0,32.3516035773926,stable
DCT_64_inf_PC2,D,C,extratrees,proc_gss,3,158,42,0.037470874321944514,45.398293470538874,94.44476035453712,0.2041163601004781,64_inf,2.0,32.3516035773926,stable
DCT_64_inf_PC3,D,C,dummy,proc_gss,3,158,42,-0.025347470864667487,41.17345546456426,72.29068394464858,,64_inf,3.0,47.69563166807666,unstable_pc
DCT_64_inf_PC3,D,C,ridge,proc_gss,3,158,42,-0.16911245852163836,44.00742343646015,77.1924714175029,0.044809982983550774,64_inf,3.0,47.69563166807666,unstable_pc
DCT_64_inf_PC3,D,C,extratrees,proc_gss,3,158,42,-0.3371435979536388,46.523292518883494,82.55356375216442,-0.24884531237338953,64_inf,3.0,47.69563166807666,unstable_pc
median_depth_um,A,A,dummy,proc_gss,4,153,47,-0.039389492935195,15.018489139201781,17.19965322241983,,,,,
median_depth_um,A,A,ridge,proc_gss,4,153,47,0.5075898686008141,9.359073892030743,11.83842752301309,0.7190101757631823,,,,
median_depth_um,A,A,extratrees,proc_gss,4,153,47,0.9149113849782425,3.8019839791031864,4.921146081677412,0.9528187353307936,,,,
Sq_um,B,A,dummy,proc_gss,4,153,47,-0.2749897586715857,0.9886910138897282,1.2494330251413552,,,,,
Sq_um,B,A,ridge,proc_gss,4,153,47,-0.21135677696496313,0.8898565907045244,1.217855241393871,0.40703052728954675,,,,
Sq_um,B,A,extratrees,proc_gss,4,153,47,-0.38904261618983993,0.8241417534948497,1.304119587752743,0.45548103607770585,,,,
Sa_um,B,A,dummy,proc_gss,4,153,47,-0.301923341944198,0.552197413128068,0.6575535415106252,,,,,
Sa_um,B,A,ridge,proc_gss,4,153,47,-0.5396895735464984,0.5093213690172935,0.7150806049147223,0.49965309898242377,,,,
Sa_um,B,A,extratrees,proc_gss,4,153,47,-0.34472379222868343,0.4091897531713408,0.668274606578962,0.5649861239592969,,,,
Ssk_skewness,B,A,dummy,proc_gss,4,153,47,-0.04140389260267252,1.3047303538715802,1.7474368858413551,,,,,
Ssk_skewness,B,A,ridge,proc_gss,4,153,47,0.02903800451883365,1.2052270065809876,1.6873027572417547,0.3567298797409805,,,,
Ssk_skewness,B,A,extratrees,proc_gss,4,153,47,-0.4311776070849185,1.4520685054018303,2.048512727905766,0.21484736355226644,,,,
kurtosis_excess_fisher,B,A,dummy,proc_gss,4,153,47,-0.0659182625609791,9.069268838533622,12.644996893868504,,,,,
kurtosis_excess_fisher,B,A,ridge,proc_gss,4,153,47,-0.3157329118593979,10.09061498458032,14.048845763772038,0.2179694727104533,,,,
kurtosis_excess_fisher,B,A,extratrees,proc_gss,4,153,47,-1.7545178755666586,13.31083511255053,20.32729420773335,0.1874421831637373,,,,
grad_rms_um_per_um,B,A,dummy,proc_gss,4,153,47,-0.0830298671900489,0.3012451730337782,0.3855340852103117,,,,,
grad_rms_um_per_um,B,A,ridge,proc_gss,4,153,47,0.017404984780668653,0.2747258259729156,0.3672229725516285,0.45744680851063835,,,,
grad_rms_um_per_um,B,A,extratrees,proc_gss,4,153,47,0.02226855068440714,0.2551268630901349,0.3663130205105933,0.44368640148011096,,,,
lap_rms_um_per_px2,B,A,dummy,proc_gss,4,153,47,-0.0419333457772153,0.13680350159406313,0.17818085558044372,,,,,
lap_rms_um_per_px2,B,A,ridge,proc_gss,4,153,47,-0.028403731625429307,0.12915132187350206,0.17702022696708733,0.1971554116558742,,,,
lap_rms_um_per_px2,B,A,extratrees,proc_gss,4,153,47,-0.18505654513483982,0.13127802499998412,0.19002494169756382,0.20455596669750237,,,,
acf_e_fold_lag_um,B,A,dummy,proc_gss,4,153,47,-0.0021625259195319213,7.376512307050479,7.885239715201109,,,,,
acf_e_fold_lag_um,B,A,ridge,proc_gss,4,153,47,0.2191374688734321,6.014767154260823,6.960382608362429,0.5302708294999859,,,,
acf_e_fold_lag_um,B,A,extratrees,proc_gss,4,153,47,0.11932150322920898,6.0244494427558255,7.391873352128788,0.3809093771421913,,,,
aniso_gradx_over_y,B,A,dummy,proc_gss,4,153,47,-0.0006866009643964333,0.5037816694631284,0.6799331777247363,,,,,
aniso_gradx_over_y,B,A,ridge,proc_gss,4,153,47,0.48084457598946617,0.37096416813423205,0.4897403518115833,0.7641073080481036,,,,
aniso_gradx_over_y,B,A,extratrees,proc_gss,4,153,47,0.2656131350144877,0.403287915148367,0.5824781534948826,0.7912113340777097,,,,
pit_density_per_Mpx,B,A,dummy,proc_gss,4,153,47,-0.02383702561886092,7228.018312821581,10493.16679851052,,,,,
pit_density_per_Mpx,B,A,ridge,proc_gss,4,153,47,-0.045495259261052245,6986.3006914618845,10603.572125339373,0.2859267452741619,,,,
pit_density_per_Mpx,B,A,extratrees,proc_gss,4,153,47,-0.45671535852420675,7550.8203355865835,12516.37338493886,0.13538490095191671,,,,
pit_depth_um,B,A,dummy,proc_gss,4,153,47,-0.3747322930116863,1.3275637061661127,1.6208511029639097,,,,,
pit_depth_um,B,A,ridge,proc_gss,4,153,47,-0.15891783648964397,1.1578346593286462,1.4881968368004421,0.5424375578168363,,,,
pit_depth_um,B,A,extratrees,proc_gss,4,153,47,0.1495665315890059,1.0071866121072037,1.2748357248759554,0.484736355226642,,,,
peak_to_valley_p98p2_um,B,A,dummy,proc_gss,4,153,47,-0.2914997887494477,3.8127986215268024,4.834519433424454,,,,,
peak_to_valley_p98p2_um,B,A,ridge,proc_gss,4,153,47,-0.2142767647776571,3.5172992628166053,4.687755834318004,0.350254394079556,,,,
peak_to_valley_p98p2_um,B,A,extratrees,proc_gss,4,153,47,-0.2953981756196775,2.9959614091756914,4.841810424256951,0.41709065679925994,,,,
deepest_negative_residual_um,B,A,dummy,proc_gss,4,153,47,-0.3747322930116863,1.3275637061661127,1.6208511029639097,,,,,
deepest_negative_residual_um,B,A,ridge,proc_gss,4,153,47,-0.15891783648964397,1.1578346593286462,1.4881968368004421,0.5424375578168363,,,,
deepest_negative_residual_um,B,A,extratrees,proc_gss,4,153,47,0.1495665315890058,1.0071866121072037,1.2748357248759556,0.484736355226642,,,,
rms_DCT_8_16_um,C,A,dummy,proc_gss,4,153,47,-0.05584875810648571,0.3031774127175608,0.39877499013045864,,,,,
rms_DCT_8_16_um,C,A,ridge,proc_gss,4,153,47,0.1078500561314607,0.2635766401841805,0.3665607686127513,0.6439639222941721,,,,
rms_DCT_8_16_um,C,A,extratrees,proc_gss,4,153,47,0.29113335115766437,0.24635598880189732,0.3267452841320132,0.579209065679926,,,,
E_DCT_8_16_frac,C,A,dummy,proc_gss,4,153,47,-0.09859736050723589,0.16129665416411515,0.21249106968333087,,,,,
E_DCT_8_16_frac,C,A,ridge,proc_gss,4,153,47,0.4118518905382158,0.12860593742778537,0.15547650155797924,0.6313598519888992,,,,
E_DCT_8_16_frac,C,A,extratrees,proc_gss,4,153,47,0.5369206559897853,0.12018551075804658,0.1379587058884354,0.5623428061671665,,,,
rms_DCT_16_32_um,C,A,dummy,proc_gss,4,153,47,-0.2875760102979621,0.37597935089467405,0.47128293847142977,,,,,
rms_DCT_16_32_um,C,A,ridge,proc_gss,4,153,47,-0.24091730012393686,0.320021833950505,0.46266505546069847,0.5360777058279371,,,,
rms_DCT_16_32_um,C,A,extratrees,proc_gss,4,153,47,-0.3481660809448899,0.2982778271845693,0.48224416056671104,0.6018732654949122,,,,
E_DCT_16_32_frac,C,A,dummy,proc_gss,4,153,47,-0.05234436034462142,0.08707764361712915,0.10346580052337431,,,,,
E_DCT_16_32_frac,C,A,ridge,proc_gss,4,153,47,0.09487501956245636,0.08155788718997695,0.09595600509753195,0.4138529139685477,,,,
E_DCT_16_32_frac,C,A,extratrees,proc_gss,4,153,47,0.09266946546237576,0.07692779688497209,0.0960728438746709,0.504740980573543,,,,
rms_DCT_32_64_um,C,A,dummy,proc_gss,4,153,47,-0.22500174179480648,0.466289466850024,0.627712945167565,,,,,
rms_DCT_32_64_um,C,A,ridge,proc_gss,4,153,47,-0.2390043104733528,0.3987587824230989,0.6312903353735764,0.5240518038852914,,,,
rms_DCT_32_64_um,C,A,extratrees,proc_gss,4,153,47,-0.24855374083100146,0.3676993471135978,0.6337184511332568,0.5424375578168363,,,,
E_DCT_32_64_frac,C,A,dummy,proc_gss,4,153,47,-0.12361757638766613,0.06931084337178826,0.08296912221729172,,,,,
E_DCT_32_64_frac,C,A,ridge,proc_gss,4,153,47,0.09488578360315392,0.05729445769840766,0.07446615440991536,0.5810592044403331,,,,
E_DCT_32_64_frac,C,A,extratrees,proc_gss,4,153,47,-0.0687623926766201,0.06303053120674579,0.08091849843180038,0.5205827937095282,,,,
rms_DCT_64_inf_um,C,A,dummy,proc_gss,4,153,47,-0.29316752318316586,0.7268541438764036,0.9201962392007579,,,,,
rms_DCT_64_inf_um,C,A,ridge,proc_gss,4,153,47,-0.20838723509543455,0.6036532130994878,0.8895208329188893,0.4715541165587419,,,,
rms_DCT_64_inf_um,C,A,extratrees,proc_gss,4,153,47,-0.5297238415989116,0.6004532049966527,1.0008282998461568,0.3685245143385754,,,,
E_DCT_64_inf_frac,C,A,dummy,proc_gss,4,153,47,-0.034952836056315606,0.20307905844145763,0.2379353786290507,,,,,
E_DCT_64_inf_frac,C,A,ridge,proc_gss,4,153,47,0.20175562616158993,0.1719476272294175,0.2089616918010696,0.42691951896392233,,,,
E_DCT_64_inf_frac,C,A,extratrees,proc_gss,4,153,47,0.08405900895106444,0.17982327277082347,0.22383731637098722,0.38933857539315453,,,,
DCT_8_16_PC1,D,A,dummy,proc_gss,4,153,47,-0.021102559893742656,17.84836613592169,48.90397306303189,,8_16,1.0,16.191077826403745,stable
DCT_8_16_PC1,D,A,ridge,proc_gss,4,153,47,-0.023806017565487947,18.19938936403444,48.96866902637269,-0.09435707678075857,8_16,1.0,16.191077826403745,stable
DCT_8_16_PC1,D,A,extratrees,proc_gss,4,153,47,-0.18245552077597638,22.5779939763861,52.62618253280736,-0.21288159111933397,8_16,1.0,16.191077826403745,stable
DCT_8_16_PC2,D,A,dummy,proc_gss,4,153,47,-0.41999627076812285,5.015627728767275,7.321266606614165,,8_16,2.0,21.13822966435535,stable
DCT_8_16_PC2,D,A,ridge,proc_gss,4,153,47,-0.37420959351038063,5.18242605821457,7.2022651907952,0.17079093432007403,8_16,2.0,21.13822966435535,stable
DCT_8_16_PC2,D,A,extratrees,proc_gss,4,153,47,-0.6728838116966802,4.9787181083873815,7.946493079428246,-0.09366327474560593,8_16,2.0,21.13822966435535,stable
DCT_8_16_PC3,D,A,dummy,proc_gss,4,153,47,-0.00189917851070609,10.640131963126736,19.308703520970948,,8_16,3.0,80.8254794067692,unstable_pc
DCT_8_16_PC3,D,A,ridge,proc_gss,4,153,47,0.010040884145259499,10.959148332913395,19.19330361808385,0.1322849213691027,8_16,3.0,80.8254794067692,unstable_pc
DCT_8_16_PC3,D,A,extratrees,proc_gss,4,153,47,-0.014154090145835463,11.80753076409766,19.426433561790244,0.35592044403330253,8_16,3.0,80.8254794067692,unstable_pc
DCT_16_32_PC1,D,A,dummy,proc_gss,4,153,47,-0.0799972276557841,6.887349701727689,10.3817026455507,,16_32,1.0,37.8861838050084,stable
DCT_16_32_PC1,D,A,ridge,proc_gss,4,153,47,-0.05843541208852021,7.171989446765051,10.277546397692713,0.08395004625346902,16_32,1.0,37.8861838050084,stable
DCT_16_32_PC1,D,A,extratrees,proc_gss,4,153,47,-1.342923513272086,10.144197682093383,15.291015224556146,-0.10800185013876042,16_32,1.0,37.8861838050084,stable
DCT_16_32_PC2,D,A,dummy,proc_gss,4,153,47,-0.008936026401084929,5.517250703794651,12.856983392645176,,16_32,2.0,69.87316485854168,unstable_pc
DCT_16_32_PC2,D,A,ridge,proc_gss,4,153,47,-0.2957546383650367,9.00710880779394,14.570305374090688,-0.122109158186864,16_32,2.0,69.87316485854168,unstable_pc
DCT_16_32_PC2,D,A,extratrees,proc_gss,4,153,47,-0.7600710023382022,9.493240704380932,16.98135581480487,-0.12465309898242369,16_32,2.0,69.87316485854168,unstable_pc
DCT_16_32_PC3,D,A,dummy,proc_gss,4,153,47,-0.12441098407397866,5.500083548195996,7.477312260579654,,16_32,3.0,73.39259837942583,unstable_pc
DCT_16_32_PC3,D,A,ridge,proc_gss,4,153,47,-0.7387007597065678,7.328641562602821,9.298125417127663,0.02798334875115634,16_32,3.0,73.39259837942583,unstable_pc
DCT_16_32_PC3,D,A,extratrees,proc_gss,4,153,47,-6.305144682000226,10.569308440172742,19.05888057743012,0.026017576318223868,16_32,3.0,73.39259837942583,unstable_pc
DCT_32_64_PC1,D,A,dummy,proc_gss,4,153,47,-0.8209344641895366,17.911952323758555,22.559093853984994,,32_64,1.0,13.25603239889593,stable
DCT_32_64_PC1,D,A,ridge,proc_gss,4,153,47,-0.874453199473725,17.275079299835294,22.888208130867696,-0.04336262719703978,32_64,1.0,13.25603239889593,stable
DCT_32_64_PC1,D,A,extratrees,proc_gss,4,153,47,-0.5965442236063176,13.340532691177735,21.12345576633207,0.22502312673450509,32_64,1.0,13.25603239889593,stable
DCT_32_64_PC2,D,A,dummy,proc_gss,4,153,47,-0.003732108709753712,15.635628774391456,33.52005210449178,,32_64,2.0,50.94793392450693,unstable_pc
DCT_32_64_PC2,D,A,ridge,proc_gss,4,153,47,-0.007376037249475331,15.47698426923895,33.58084223780901,0.16616558741905643,32_64,2.0,50.94793392450693,unstable_pc
DCT_32_64_PC2,D,A,extratrees,proc_gss,4,153,47,-0.583974883086269,21.93712955684743,42.108514610586184,-0.1866327474560592,32_64,2.0,50.94793392450693,unstable_pc
DCT_32_64_PC3,D,A,dummy,proc_gss,4,153,47,-0.023641296314423688,7.8548168643151115,17.300367724514352,,32_64,3.0,58.44286227643326,unstable_pc
DCT_32_64_PC3,D,A,ridge,proc_gss,4,153,47,-0.026672970478084368,8.523769228001502,17.32596765947193,0.06151711378353377,32_64,3.0,58.44286227643326,unstable_pc
DCT_32_64_PC3,D,A,extratrees,proc_gss,4,153,47,-1.1011943185124404,13.807167410683885,24.786462216890914,-0.16547178538390378,32_64,3.0,58.44286227643326,unstable_pc
DCT_64_inf_PC1,D,A,dummy,proc_gss,4,153,47,-0.023207887376081704,29.705316709267493,46.74705480429537,,64_inf,1.0,23.08964630569435,stable
DCT_64_inf_PC1,D,A,ridge,proc_gss,4,153,47,0.08976940332066963,30.71571130521574,44.09080514949406,0.3211147086031452,64_inf,1.0,23.08964630569435,stable
DCT_64_inf_PC1,D,A,extratrees,proc_gss,4,153,47,-3.011695182940393,47.36530185117892,92.5627562528694,0.09123760519553657,64_inf,1.0,23.08964630569435,stable
DCT_64_inf_PC2,D,A,dummy,proc_gss,4,153,47,-0.6026052473142922,25.14848441588577,34.08267300904716,,64_inf,2.0,32.60587327667579,stable
DCT_64_inf_PC2,D,A,ridge,proc_gss,4,153,47,-1.0194901188759995,29.13791532332418,38.25967125274747,0.14512025901942646,64_inf,2.0,32.60587327667579,stable
DCT_64_inf_PC2,D,A,extratrees,proc_gss,4,153,47,-3.2277566800059025,33.41195489783256,55.35735867015065,0.3013413506012951,64_inf,2.0,32.60587327667579,stable
DCT_64_inf_PC3,D,A,dummy,proc_gss,4,153,47,-0.014069619702939962,23.987003287869225,48.78590416259056,,64_inf,3.0,51.445145892049666,unstable_pc
DCT_64_inf_PC3,D,A,ridge,proc_gss,4,153,47,-0.08620243214652423,30.379935958948636,50.49121921505938,0.23022664199814988,64_inf,3.0,51.445145892049666,unstable_pc
DCT_64_inf_PC3,D,A,extratrees,proc_gss,4,153,47,-0.11095675766420188,28.654491829941474,51.06332020776477,0.01722941720629047,64_inf,3.0,51.445145892049666,unstable_pc
median_depth_um,A,R,dummy,proc_gss,4,153,47,-0.039389492935195,15.018489139201781,17.19965322241983,,,,,
median_depth_um,A,R,ridge,proc_gss,4,153,47,0.612408741044507,8.202983802365273,10.503100394876684,0.8919981498612396,,,,
median_depth_um,A,R,extratrees,proc_gss,4,153,47,0.838626657485281,3.7983817337469263,6.777139527339703,0.9300416281221092,,,,
Sq_um,B,R,dummy,proc_gss,4,153,47,-0.2749897586715857,0.9886910138897282,1.2494330251413552,,,,,
Sq_um,B,R,ridge,proc_gss,4,153,47,-0.22138831461542008,0.9234970393188096,1.2228875209949228,0.450277520814061,,,,
Sq_um,B,R,extratrees,proc_gss,4,153,47,-0.009805510800477757,0.6473623098284528,1.1119326971157533,0.5438987022017824,,,,
Sa_um,B,R,dummy,proc_gss,4,153,47,-0.301923341944198,0.552197413128068,0.6575535415106252,,,,,
Sa_um,B,R,ridge,proc_gss,4,153,47,-0.3018909232981224,0.5241558647406882,0.6575453547274429,0.3783533765032377,,,,
Sa_um,B,R,extratrees,proc_gss,4,153,47,0.002666403992255928,0.3421222601603331,0.5755176390525522,0.6073080481036078,,,,
Ssk_skewness,B,R,dummy,proc_gss,4,153,47,-0.04140389260267252,1.3047303538715802,1.7474368858413551,,,,,
Ssk_skewness,B,R,ridge,proc_gss,4,153,47,-0.07113131050779975,1.3174030178366805,1.7722021442731783,0.417900092506938,,,,
Ssk_skewness,B,R,extratrees,proc_gss,4,153,47,-0.27575369567788877,1.4082089995447231,1.9340839368958425,0.32770582793709535,,,,
kurtosis_excess_fisher,B,R,dummy,proc_gss,4,153,47,-0.0659182625609791,9.069268838533622,12.644996893868504,,,,,
kurtosis_excess_fisher,B,R,ridge,proc_gss,4,153,47,-0.21908559662762794,9.62023001129652,13.523025766125645,0.33290934320074006,,,,
kurtosis_excess_fisher,B,R,extratrees,proc_gss,4,153,47,-0.7135034765634072,10.677922248040293,16.032426972960963,0.4155874190564292,,,,
grad_rms_um_per_um,B,R,dummy,proc_gss,4,153,47,-0.0830298671900489,0.3012451730337782,0.3855340852103117,,,,,
grad_rms_um_per_um,B,R,ridge,proc_gss,4,153,47,-0.032706474089400306,0.2824070435634557,0.3764705541466329,0.3072386679000925,,,,
grad_rms_um_per_um,B,R,extratrees,proc_gss,4,153,47,0.11825729114247585,0.24213910924713003,0.3478672164159279,0.3167206290471785,,,,
lap_rms_um_per_px2,B,R,dummy,proc_gss,4,153,47,-0.0419333457772153,0.13680350159406313,0.17818085558044372,,,,,
lap_rms_um_per_px2,B,R,ridge,proc_gss,4,153,47,-0.05297715796788749,0.13391511496324646,0.17912266679516256,0.16709065679925994,,,,
lap_rms_um_per_px2,B,R,extratrees,proc_gss,4,153,47,-0.03129260073156659,0.11921326684808076,0.1772686846593019,0.32203977798334876,,,,
acf_e_fold_lag_um,B,R,dummy,proc_gss,4,153,47,-0.0021625259195319213,7.376512307050479,7.885239715201109,,,,,
acf_e_fold_lag_um,B,R,ridge,proc_gss,4,153,47,0.19397159985095458,6.032928276329932,7.071653833616118,0.46413911931750873,,,,
acf_e_fold_lag_um,B,R,extratrees,proc_gss,4,153,47,0.08579776711907239,6.6176439265226525,7.531248191348412,0.4073968368734726,,,,
aniso_gradx_over_y,B,R,dummy,proc_gss,4,153,47,-0.0006866009643964333,0.5037816694631284,0.6799331777247363,,,,,
aniso_gradx_over_y,B,R,ridge,proc_gss,4,153,47,0.1835769985596245,0.44034174398190795,0.6141504959363951,0.705249768732655,,,,
aniso_gradx_over_y,B,R,extratrees,proc_gss,4,153,47,0.46541177003577505,0.3465446408321844,0.49696624017938834,0.6467391304347826,,,,
pit_density_per_Mpx,B,R,dummy,proc_gss,4,153,47,-0.02383702561886092,7228.018312821581,10493.16679851052,,,,,
pit_density_per_Mpx,B,R,ridge,proc_gss,4,153,47,0.03739192068192554,6929.781939866851,10174.566440154402,0.28027500367844616,,,,
pit_density_per_Mpx,B,R,extratrees,proc_gss,4,153,47,-2.1796912108878237,11592.431627965772,18491.989325382474,-0.02363455576390197,,,,
pit_depth_um,B,R,dummy,proc_gss,4,153,47,-0.3747322930116863,1.3275637061661127,1.6208511029639097,,,,,
pit_depth_um,B,R,ridge,proc_gss,4,153,47,-0.15528537861785296,1.1961356981608817,1.4858627391072812,0.3843663274745606,,,,
pit_depth_um,B,R,extratrees,proc_gss,4,153,47,-0.4530159440983157,1.0948602671702865,1.666361578777375,0.41454671600370036,,,,
peak_to_valley_p98p2_um,B,R,dummy,proc_gss,4,153,47,-0.2914997887494477,3.8127986215268024,4.834519433424454,,,,,
peak_to_valley_p98p2_um,B,R,ridge,proc_gss,4,153,47,-0.22973679108481226,3.5449364522426863,4.7175034209796145,0.4092275670675301,,,,
peak_to_valley_p98p2_um,B,R,extratrees,proc_gss,4,153,47,0.01899844396068595,2.48282159012726,4.213480503459039,0.4511578158053054,,,,
deepest_negative_residual_um,B,R,dummy,proc_gss,4,153,47,-0.3747322930116863,1.3275637061661127,1.6208511029639097,,,,,
deepest_negative_residual_um,B,R,ridge,proc_gss,4,153,47,-0.15528537861785296,1.1961356981608817,1.4858627391072812,0.3843663274745606,,,,
deepest_negative_residual_um,B,R,extratrees,proc_gss,4,153,47,-0.4530159440983159,1.0948602671702865,1.6663615787773751,0.41454671600370036,,,,
rms_DCT_8_16_um,C,R,dummy,proc_gss,4,153,47,-0.05584875810648571,0.3031774127175608,0.39877499013045864,,,,,
rms_DCT_8_16_um,C,R,ridge,proc_gss,4,153,47,0.04590793705114704,0.27936963121701747,0.3790724286595703,0.36308973172987974,,,,
rms_DCT_8_16_um,C,R,extratrees,proc_gss,4,153,47,0.2334076084410044,0.24976148066225035,0.3397889946685053,0.33753469010175763,,,,
E_DCT_8_16_frac,C,R,dummy,proc_gss,4,153,47,-0.09859736050723589,0.16129665416411515,0.21249106968333087,,,,,
E_DCT_8_16_frac,C,R,ridge,proc_gss,4,153,47,-0.0575497942553278,0.16242262480322422,0.20848356258251635,0.24190564292321926,,,,
E_DCT_8_16_frac,C,R,extratrees,proc_gss,4,153,47,0.2707113459509263,0.1371444926810311,0.1731295242727708,0.556313598519889,,,,
rms_DCT_16_32_um,C,R,dummy,proc_gss,4,153,47,-0.2875760102979621,0.37597935089467405,0.47128293847142977,,,,,
rms_DCT_16_32_um,C,R,ridge,proc_gss,4,153,47,-0.18450662494694048,0.3488246114146806,0.45202663569649476,0.5748149861239593,,,,
rms_DCT_16_32_um,C,R,extratrees,proc_gss,4,153,47,-0.002957918234685275,0.2642390445296406,0.41594569626349637,0.6172525439407955,,,,
E_DCT_16_32_frac,C,R,dummy,proc_gss,4,153,47,-0.05234436034462142,0.08707764361712915,0.10346580052337431,,,,,
E_DCT_16_32_frac,C,R,ridge,proc_gss,4,153,47,-0.05275386883347144,0.08459912954721004,0.103485929866985,0.3606614246068455,,,,
E_DCT_16_32_frac,C,R,extratrees,proc_gss,4,153,47,-0.2919329330494549,0.0900750682082039,0.11464044622775738,0.3280527289546716,,,,
rms_DCT_32_64_um,C,R,dummy,proc_gss,4,153,47,-0.22500174179480648,0.466289466850024,0.627712945167565,,,,,
rms_DCT_32_64_um,C,R,ridge,proc_gss,4,153,47,-0.13330380173647827,0.41335656202741183,0.6037621796000483,0.5307585568917669,,,,
rms_DCT_32_64_um,C,R,extratrees,proc_gss,4,153,47,0.04722894446862713,0.3105261667029067,0.5535884360726971,0.617368177613321,,,,
E_DCT_32_64_frac,C,R,dummy,proc_gss,4,153,47,-0.12361757638766613,0.06931084337178826,0.08296912221729172,,,,,
E_DCT_32_64_frac,C,R,ridge,proc_gss,4,153,47,0.09585149051045971,0.05963446644636024,0.07442641816985175,0.3847132284921369,,,,
E_DCT_32_64_frac,C,R,extratrees,proc_gss,4,153,47,-0.07685880963252334,0.06502741701835085,0.0812244194726579,0.3194958371877891,,,,
rms_DCT_64_inf_um,C,R,dummy,proc_gss,4,153,47,-0.29316752318316586,0.7268541438764036,0.9201962392007579,,,,,
rms_DCT_64_inf_um,C,R,ridge,proc_gss,4,153,47,-0.2095822657243791,0.6344517660271467,0.8899605685953698,0.5146854764107308,,,,
rms_DCT_64_inf_um,C,R,extratrees,proc_gss,4,153,47,-0.1690426820737232,0.5411436629719012,0.8749197964720373,0.31313598519888997,,,,
E_DCT_64_inf_frac,C,R,dummy,proc_gss,4,153,47,-0.034952836056315606,0.20307905844145763,0.2379353786290507,,,,,
E_DCT_64_inf_frac,C,R,ridge,proc_gss,4,153,47,-0.1316281652438389,0.20100263403547464,0.24880013788292032,0.23704902867715077,,,,
E_DCT_64_inf_frac,C,R,extratrees,proc_gss,4,153,47,-0.008771240366811206,0.1848983852634229,0.23490652953578092,0.1877890841813136,,,,
DCT_8_16_PC1,D,R,dummy,proc_gss,4,153,47,-0.021102559893742656,17.84836613592169,48.90397306303189,,8_16,1.0,16.191077826403745,stable
DCT_8_16_PC1,D,R,ridge,proc_gss,4,153,47,-0.03790504635401071,17.760735499399615,49.304694574804344,-0.025439407955596672,8_16,1.0,16.191077826403745,stable
DCT_8_16_PC1,D,R,extratrees,proc_gss,4,153,47,-0.05294982872388587,29.03205395829285,49.66075297730404,0.16408418131359853,8_16,1.0,16.191077826403745,stable
DCT_8_16_PC2,D,R,dummy,proc_gss,4,153,47,-0.41999627076812285,5.015627728767275,7.321266606614165,,8_16,2.0,21.13822966435535,stable
DCT_8_16_PC2,D,R,ridge,proc_gss,4,153,47,-0.41095940728744274,4.9354293636658415,7.297933134840495,0.28792784458834414,8_16,2.0,21.13822966435535,stable
DCT_8_16_PC2,D,R,extratrees,proc_gss,4,153,47,-0.8622164013856461,5.508127204409819,8.38412402043225,0.18559204440333027,8_16,2.0,21.13822966435535,stable
DCT_8_16_PC3,D,R,dummy,proc_gss,4,153,47,-0.00189917851070609,10.640131963126736,19.308703520970948,,8_16,3.0,80.8254794067692,unstable_pc
DCT_8_16_PC3,D,R,ridge,proc_gss,4,153,47,0.024900486825896295,11.00018279477838,19.04871015763831,-0.012950971322849215,8_16,3.0,80.8254794067692,unstable_pc
DCT_8_16_PC3,D,R,extratrees,proc_gss,4,153,47,0.027627121024252355,12.78907589194204,19.022058916725914,0.1614246068455134,8_16,3.0,80.8254794067692,unstable_pc
DCT_16_32_PC1,D,R,dummy,proc_gss,4,153,47,-0.0799972276557841,6.887349701727689,10.3817026455507,,16_32,1.0,37.8861838050084,stable
DCT_16_32_PC1,D,R,ridge,proc_gss,4,153,47,-0.06020504165620055,7.2522037374836685,10.286134476896708,0.08811285846438482,16_32,1.0,37.8861838050084,stable
DCT_16_32_PC1,D,R,extratrees,proc_gss,4,153,47,-0.19371303300739728,8.1959031622892,10.914585141649347,0.3000693802035153,16_32,1.0,37.8861838050084,stable
DCT_16_32_PC2,D,R,dummy,proc_gss,4,153,47,-0.008936026401084929,5.517250703794651,12.856983392645176,,16_32,2.0,69.87316485854168,unstable_pc
DCT_16_32_PC2,D,R,ridge,proc_gss,4,153,47,-0.3613828932543861,9.122566806829349,14.934731273084173,-0.07597132284921371,16_32,2.0,69.87316485854168,unstable_pc
DCT_16_32_PC2,D,R,extratrees,proc_gss,4,153,47,-0.2222509924590066,8.491998959914943,14.151010959582788,-0.041049953746531,16_32,2.0,69.87316485854168,unstable_pc
DCT_16_32_PC3,D,R,dummy,proc_gss,4,153,47,-0.12441098407397866,5.500083548195996,7.477312260579654,,16_32,3.0,73.39259837942583,unstable_pc
DCT_16_32_PC3,D,R,ridge,proc_gss,4,153,47,-0.1810100551091034,5.380155989687659,7.663193211021847,0.055272895467160035,16_32,3.0,73.39259837942583,unstable_pc
DCT_16_32_PC3,D,R,extratrees,proc_gss,4,153,47,-1.6092922334756787,7.466323979033134,11.390540660931395,0.1358695652173913,16_32,3.0,73.39259837942583,unstable_pc
DCT_32_64_PC1,D,R,dummy,proc_gss,4,153,47,-0.8209344641895366,17.911952323758555,22.559093853984994,,32_64,1.0,13.25603239889593,stable
DCT_32_64_PC1,D,R,ridge,proc_gss,4,153,47,-1.2025842017209825,20.59490019763831,24.810799156916605,0.09690101757631824,32_64,1.0,13.25603239889593,stable
DCT_32_64_PC1,D,R,extratrees,proc_gss,4,153,47,-0.9375274842358994,14.584683616724325,23.270109617041186,-0.005550416281221091,32_64,1.0,13.25603239889593,stable
DCT_32_64_PC2,D,R,dummy,proc_gss,4,153,47,-0.003732108709753712,15.635628774391456,33.52005210449178,,32_64,2.0,50.94793392450693,unstable_pc
DCT_32_64_PC2,D,R,ridge,proc_gss,4,153,47,0.010772824918437673,14.521560429342179,33.276971567483685,0.016304347826086956,32_64,2.0,50.94793392450693,unstable_pc
DCT_32_64_PC2,D,R,extratrees,proc_gss,4,153,47,-0.44285461129552983,21.21073643637108,40.18898725961123,0.18940795559666979,32_64,2.0,50.94793392450693,unstable_pc
DCT_32_64_PC3,D,R,dummy,proc_gss,4,153,47,-0.023641296314423688,7.8548168643151115,17.300367724514352,,32_64,3.0,58.44286227643326,unstable_pc
DCT_32_64_PC3,D,R,ridge,proc_gss,4,153,47,-0.07345811702020089,8.930243773153558,17.716339224620413,-0.31371415356151716,32_64,3.0,58.44286227643326,unstable_pc
DCT_32_64_PC3,D,R,extratrees,proc_gss,4,153,47,-0.6946477336346892,12.236636086951393,22.259794609635637,-0.10048566142460685,32_64,3.0,58.44286227643326,unstable_pc
DCT_64_inf_PC1,D,R,dummy,proc_gss,4,153,47,-0.023207887376081704,29.705316709267493,46.74705480429537,,64_inf,1.0,23.08964630569435,stable
DCT_64_inf_PC1,D,R,ridge,proc_gss,4,153,47,-0.03354959893376441,32.041834829615794,46.98270052998167,0.0020814061054579094,64_inf,1.0,23.08964630569435,stable
DCT_64_inf_PC1,D,R,extratrees,proc_gss,4,153,47,-2.4780801230298044,58.61039289215983,86.18706784363964,-0.01017576318223867,64_inf,1.0,23.08964630569435,stable
DCT_64_inf_PC2,D,R,dummy,proc_gss,4,153,47,-0.6026052473142922,25.14848441588577,34.08267300904716,,64_inf,2.0,32.60587327667579,stable
DCT_64_inf_PC2,D,R,ridge,proc_gss,4,153,47,-0.6201512192283873,22.951047339928905,34.26874056995745,0.15714616096207215,64_inf,2.0,32.60587327667579,stable
DCT_64_inf_PC2,D,R,extratrees,proc_gss,4,153,47,-1.9852651117189142,32.15595057168179,46.517013096416505,0.08395004625346902,64_inf,2.0,32.60587327667579,stable
DCT_64_inf_PC3,D,R,dummy,proc_gss,4,153,47,-0.014069619702939962,23.987003287869225,48.78590416259056,,64_inf,3.0,51.445145892049666,unstable_pc
DCT_64_inf_PC3,D,R,ridge,proc_gss,4,153,47,-0.07742258132329383,26.99759632527654,50.28674313608024,0.1925300647548566,64_inf,3.0,51.445145892049666,unstable_pc
DCT_64_inf_PC3,D,R,extratrees,proc_gss,4,153,47,-0.40086073333983196,36.21740441107611,57.340034949853894,0.11401480111008326,64_inf,3.0,51.445145892049666,unstable_pc
median_depth_um,A,C,dummy,proc_gss,4,153,47,-0.039389492935195,15.018489139201781,17.19965322241983,,,,,
median_depth_um,A,C,ridge,proc_gss,4,153,47,0.7671287021801619,5.924493875209666,8.141201640458892,0.8953515263644773,,,,
median_depth_um,A,C,extratrees,proc_gss,4,153,47,0.9447551542772741,2.943070553566355,3.9653033069392487,0.967853839037928,,,,
Sq_um,B,C,dummy,proc_gss,4,153,47,-0.2749897586715857,0.9886910138897282,1.2494330251413552,,,,,
Sq_um,B,C,ridge,proc_gss,4,153,47,-0.16279472309642173,0.8884316072914472,1.19319426977132,0.49583718778908425,,,,
Sq_um,B,C,extratrees,proc_gss,4,153,47,-0.20686502831746356,0.7660367297671604,1.2155952218144124,0.4625346901017577,,,,
Sa_um,B,C,dummy,proc_gss,4,153,47,-0.301923341944198,0.552197413128068,0.6575535415106252,,,,,
Sa_um,B,C,ridge,proc_gss,4,153,47,-0.22688567533513204,0.5033726518750421,0.6383229547062987,0.5222016651248844,,,,
Sa_um,B,C,extratrees,proc_gss,4,153,47,-0.21846472341093048,0.40022695907571715,0.6361285602423804,0.5154949121184089,,,,
Ssk_skewness,B,C,dummy,proc_gss,4,153,47,-0.04140389260267252,1.3047303538715802,1.7474368858413551,,,,,
Ssk_skewness,B,C,ridge,proc_gss,4,153,47,0.078262832596669,1.178447098691836,1.643975914317745,0.4013644773358002,,,,
Ssk_skewness,B,C,extratrees,proc_gss,4,153,47,-0.37605505380695337,1.4576378798375895,2.008675605613779,0.3088575393154487,,,,
kurtosis_excess_fisher,B,C,dummy,proc_gss,4,153,47,-0.0659182625609791,9.069268838533622,12.644996893868504,,,,,
kurtosis_excess_fisher,B,C,ridge,proc_gss,4,153,47,-0.2789190156153758,10.008870216408267,13.850909696053343,0.34077243293246995,,,,
kurtosis_excess_fisher,B,C,extratrees,proc_gss,4,153,47,-1.4533952183484025,12.615052123271976,19.184060381584867,0.2615633672525439,,,,
grad_rms_um_per_um,B,C,dummy,proc_gss,4,153,47,-0.0830298671900489,0.3012451730337782,0.3855340852103117,,,,,
grad_rms_um_per_um,B,C,ridge,proc_gss,4,153,47,0.04369633465918221,0.27496806403685253,0.36227675886010513,0.44241443108233125,,,,
grad_rms_um_per_um,B,C,extratrees,proc_gss,4,153,47,0.12020510419429131,0.23679550767979343,0.3474827760834065,0.46022201665124884,,,,
lap_rms_um_per_px2,B,C,dummy,proc_gss,4,153,47,-0.0419333457772153,0.13680350159406313,0.17818085558044372,,,,,
lap_rms_um_per_px2,B,C,ridge,proc_gss,4,153,47,-0.02802145229218489,0.1315603376205777,0.1769873228351186,0.17379740980573544,,,,
lap_rms_um_per_px2,B,C,extratrees,proc_gss,4,153,47,-0.08883215873120487,0.1227014299993422,0.18214679795523733,0.28330249768732657,,,,
acf_e_fold_lag_um,B,C,dummy,proc_gss,4,153,47,-0.0021625259195319213,7.376512307050479,7.885239715201109,,,,,
acf_e_fold_lag_um,B,C,ridge,proc_gss,4,153,47,0.16368321123439755,6.205522783665994,7.203295459296611,0.5322994095669331,,,,
acf_e_fold_lag_um,B,C,extratrees,proc_gss,4,153,47,0.21131175680864633,5.629455217831815,6.995173723789186,0.48500451429182234,,,,
aniso_gradx_over_y,B,C,dummy,proc_gss,4,153,47,-0.0006866009643964333,0.5037816694631284,0.6799331777247363,,,,,
aniso_gradx_over_y,B,C,ridge,proc_gss,4,153,47,0.4555993108507522,0.37077629302190823,0.501506451361471,0.7523126734505089,,,,
aniso_gradx_over_y,B,C,extratrees,proc_gss,4,153,47,0.26229830918187913,0.39331427179870626,0.583791248698152,0.8056197964847365,,,,
pit_density_per_Mpx,B,C,dummy,proc_gss,4,153,47,-0.02383702561886092,7228.018312821581,10493.16679851052,,,,,
pit_density_per_Mpx,B,C,ridge,proc_gss,4,153,47,-0.04459710438027531,6924.71636989802,10599.016534949986,0.28110992005054053,,,,
pit_density_per_Mpx,B,C,extratrees,proc_gss,4,153,47,-0.6569947358121526,8368.782176101822,13349.091970321846,0.023506107091272068,,,,
pit_depth_um,B,C,dummy,proc_gss,4,153,47,-0.3747322930116863,1.3275637061661127,1.6208511029639097,,,,,
pit_depth_um,B,C,ridge,proc_gss,4,153,47,-0.058470272365598985,1.1675123904213982,1.4222416286742408,0.5030064754856615,,,,
pit_depth_um,B,C,extratrees,proc_gss,4,153,47,-0.032920986162014776,0.9973276024915789,1.404971789822013,0.5151480111008325,,,,
peak_to_valley_p98p2_um,B,C,dummy,proc_gss,4,153,47,-0.2914997887494477,3.8127986215268024,4.834519433424454,,,,,
peak_to_valley_p98p2_um,B,C,ridge,proc_gss,4,153,47,-0.1731410111605094,3.4696077093824775,4.607668745405494,0.45837187789084183,,,,
peak_to_valley_p98p2_um,B,C,extratrees,proc_gss,4,153,47,-0.1411104498468374,2.7631820776870337,4.544331259754824,0.40205827937095284,,,,
deepest_negative_residual_um,B,C,dummy,proc_gss,4,153,47,-0.3747322930116863,1.3275637061661127,1.6208511029639097,,,,,
deepest_negative_residual_um,B,C,ridge,proc_gss,4,153,47,-0.058470272365598985,1.1675123904213982,1.4222416286742408,0.5030064754856615,,,,
deepest_negative_residual_um,B,C,extratrees,proc_gss,4,153,47,-0.032920986162014776,0.9973276024915787,1.4049717898220129,0.5151480111008325,,,,
rms_DCT_8_16_um,C,C,dummy,proc_gss,4,153,47,-0.05584875810648571,0.3031774127175608,0.39877499013045864,,,,,
rms_DCT_8_16_um,C,C,ridge,proc_gss,4,153,47,0.12314671822588652,0.2747643590955675,0.36340468515903274,0.5780527289546715,,,,
rms_DCT_8_16_um,C,C,extratrees,proc_gss,4,153,47,0.36826355783373277,0.22875216047294042,0.30845727766559544,0.6166743755781684,,,,
E_DCT_8_16_frac,C,C,dummy,proc_gss,4,153,47,-0.09859736050723589,0.16129665416411515,0.21249106968333087,,,,,
E_DCT_8_16_frac,C,C,ridge,proc_gss,4,153,47,0.34200208378134034,0.14051815182847013,0.16444991989838748,0.5846438482886217,,,,
E_DCT_8_16_frac,C,C,extratrees,proc_gss,4,153,47,0.6092251203642893,0.11187973186733603,0.12673154403664638,0.5938945420906567,,,,
rms_DCT_16_32_um,C,C,dummy,proc_gss,4,153,47,-0.2875760102979621,0.37597935089467405,0.47128293847142977,,,,,
rms_DCT_16_32_um,C,C,ridge,proc_gss,4,153,47,-0.1113800150048272,0.3328351780612214,0.4378512267628009,0.6646623496762257,,,,
rms_DCT_16_32_um,C,C,extratrees,proc_gss,4,153,47,-0.19042225563497173,0.2827860951146605,0.453153979461347,0.6097363552266419,,,,
E_DCT_16_32_frac,C,C,dummy,proc_gss,4,153,47,-0.05234436034462142,0.08707764361712915,0.10346580052337431,,,,,
E_DCT_16_32_frac,C,C,ridge,proc_gss,4,153,47,-0.09322605882749135,0.08821548077411667,0.10545638283951667,0.33996299722479184,,,,
E_DCT_16_32_frac,C,C,extratrees,proc_gss,4,153,47,0.021301809633969326,0.07937534503951528,0.09977971886190742,0.43524514338575393,,,,
rms_DCT_32_64_um,C,C,dummy,proc_gss,4,153,47,-0.22500174179480648,0.466289466850024,0.627712945167565,,,,,
rms_DCT_32_64_um,C,C,ridge,proc_gss,4,153,47,-0.0968592083058315,0.40259279054092045,0.5939750117064322,0.5809435707678077,,,,
rms_DCT_32_64_um,C,C,extratrees,proc_gss,4,153,47,-0.08322745508415497,0.33492806759274774,0.5902725148965385,0.5453283996299723,,,,
E_DCT_32_64_frac,C,C,dummy,proc_gss,4,153,47,-0.12361757638766613,0.06931084337178826,0.08296912221729172,,,,,
E_DCT_32_64_frac,C,C,ridge,proc_gss,4,153,47,0.14138963139450078,0.05508842263816261,0.07252793253700017,0.5106382978723405,,,,
E_DCT_32_64_frac,C,C,extratrees,proc_gss,4,153,47,0.0037866584427214134,0.060739740744256636,0.07812380911285872,0.5301803885291397,,,,
rms_DCT_64_inf_um,C,C,dummy,proc_gss,4,153,47,-0.29316752318316586,0.7268541438764036,0.9201962392007579,,,,,
rms_DCT_64_inf_um,C,C,ridge,proc_gss,4,153,47,-0.14628332479771622,0.6000499891294809,0.8663613049313553,0.5054347826086957,,,,
rms_DCT_64_inf_um,C,C,extratrees,proc_gss,4,153,47,-0.4813443829023212,0.6073205713987441,0.9848749171145273,0.3345282146160962,,,,
E_DCT_64_inf_frac,C,C,dummy,proc_gss,4,153,47,-0.034952836056315606,0.20307905844145763,0.2379353786290507,,,,,
E_DCT_64_inf_frac,C,C,ridge,proc_gss,4,153,47,0.07929524544835853,0.1822470538036063,0.22441864485649135,0.2554347826086957,,,,
E_DCT_64_inf_frac,C,C,extratrees,proc_gss,4,153,47,0.14276154606887503,0.17470213269796403,0.2165457002739848,0.38367252543940794,,,,
DCT_8_16_PC1,D,C,dummy,proc_gss,4,153,47,-0.021102559893742656,17.84836613592169,48.90397306303189,,8_16,1.0,16.191077826403745,stable
DCT_8_16_PC1,D,C,ridge,proc_gss,4,153,47,-0.034795696046892255,18.461132872463814,49.23078581115472,-0.08869102682701203,8_16,1.0,16.191077826403745,stable
DCT_8_16_PC1,D,C,extratrees,proc_gss,4,153,47,-0.3050824983663818,24.098496643738933,55.28768987917619,-0.06325161887141535,8_16,1.0,16.191077826403745,stable
DCT_8_16_PC2,D,C,dummy,proc_gss,4,153,47,-0.41999627076812285,5.015627728767275,7.321266606614165,,8_16,2.0,21.13822966435535,stable
DCT_8_16_PC2,D,C,ridge,proc_gss,4,153,47,-0.4855027017436071,5.44197605954597,7.488232896565708,0.23739592969472711,8_16,2.0,21.13822966435535,stable
DCT_8_16_PC2,D,C,extratrees,proc_gss,4,153,47,-0.2510351857840325,4.497954886025558,6.871908726192678,0.04197502312673451,8_16,2.0,21.13822966435535,stable
DCT_8_16_PC3,D,C,dummy,proc_gss,4,153,47,-0.00189917851070609,10.640131963126736,19.308703520970948,,8_16,3.0,80.8254794067692,unstable_pc
DCT_8_16_PC3,D,C,ridge,proc_gss,4,153,47,0.02426100213906701,11.057180176757562,19.054955346852825,0.14697039777983348,8_16,3.0,80.8254794067692,unstable_pc
DCT_8_16_PC3,D,C,extratrees,proc_gss,4,153,47,0.14226491007152298,10.94389663607008,17.865603555302723,0.33973172987974104,8_16,3.0,80.8254794067692,unstable_pc
DCT_16_32_PC1,D,C,dummy,proc_gss,4,153,47,-0.0799972276557841,6.887349701727689,10.3817026455507,,16_32,1.0,37.8861838050084,stable
DCT_16_32_PC1,D,C,ridge,proc_gss,4,153,47,-0.1453659047587248,7.828370373592429,10.69127229531959,0.04035615171137835,16_32,1.0,37.8861838050084,stable
DCT_16_32_PC1,D,C,extratrees,proc_gss,4,153,47,-0.4333417496171674,8.553457350886186,11.960026467188456,0.20767807585568918,16_32,1.0,37.8861838050084,stable
DCT_16_32_PC2,D,C,dummy,proc_gss,4,153,47,-0.008936026401084929,5.517250703794651,12.856983392645176,,16_32,2.0,69.87316485854168,unstable_pc
DCT_16_32_PC2,D,C,ridge,proc_gss,4,153,47,-0.33816601327929363,9.076568876871038,14.806835985760571,-0.05758556891766882,16_32,2.0,69.87316485854168,unstable_pc
DCT_16_32_PC2,D,C,extratrees,proc_gss,4,153,47,-0.19070884888651918,8.0477330915637,13.967222725744685,0.03411193339500462,16_32,2.0,69.87316485854168,unstable_pc
DCT_16_32_PC3,D,C,dummy,proc_gss,4,153,47,-0.12441098407397866,5.500083548195996,7.477312260579654,,16_32,3.0,73.39259837942583,unstable_pc
DCT_16_32_PC3,D,C,ridge,proc_gss,4,153,47,-0.662356249331645,7.117256045810763,9.091698561338067,0.037234042553191495,16_32,3.0,73.39259837942583,unstable_pc
DCT_16_32_PC3,D,C,extratrees,proc_gss,4,153,47,-4.550839674823792,9.539516148441443,16.61354529211416,0.08718778908418132,16_32,3.0,73.39259837942583,unstable_pc
DCT_32_64_PC1,D,C,dummy,proc_gss,4,153,47,-0.8209344641895366,17.911952323758555,22.559093853984994,,32_64,1.0,13.25603239889593,stable
DCT_32_64_PC1,D,C,ridge,proc_gss,4,153,47,-1.0476080128035479,18.620958184325296,23.92202298873068,-0.024745605920444034,32_64,1.0,13.25603239889593,stable
DCT_32_64_PC1,D,C,extratrees,proc_gss,4,153,47,-0.48565195168755526,13.366812294328122,20.376661554567217,0.12511563367252546,32_64,1.0,13.25603239889593,stable
DCT_32_64_PC2,D,C,dummy,proc_gss,4,153,47,-0.003732108709753712,15.635628774391456,33.52005210449178,,32_64,2.0,50.94793392450693,unstable_pc
DCT_32_64_PC2,D,C,ridge,proc_gss,4,153,47,0.00198975404662205,15.387959656423705,33.424373557876095,0.18489824236817762,32_64,2.0,50.94793392450693,unstable_pc
DCT_32_64_PC2,D,C,extratrees,proc_gss,4,153,47,-0.3231629765707076,20.66660622925686,38.48597085631963,0.030642923219241447,32_64,2.0,50.94793392450693,unstable_pc
DCT_32_64_PC3,D,C,dummy,proc_gss,4,153,47,-0.023641296314423688,7.8548168643151115,17.300367724514352,,32_64,3.0,58.44286227643326,unstable_pc
DCT_32_64_PC3,D,C,ridge,proc_gss,4,153,47,-0.07161860868265557,9.33552034375561,17.70115310478795,-0.027636447733580018,32_64,3.0,58.44286227643326,unstable_pc
DCT_32_64_PC3,D,C,extratrees,proc_gss,4,153,47,-0.9965971757280323,13.266623597138599,24.1616540335976,-0.22814523589269195,32_64,3.0,58.44286227643326,unstable_pc
DCT_64_inf_PC1,D,C,dummy,proc_gss,4,153,47,-0.023207887376081704,29.705316709267493,46.74705480429537,,64_inf,1.0,23.08964630569435,stable
DCT_64_inf_PC1,D,C,ridge,proc_gss,4,153,47,-1.0263767593243882,53.323966751061164,65.78583820783321,0.3332562442183164,64_inf,1.0,23.08964630569435,stable
DCT_64_inf_PC1,D,C,extratrees,proc_gss,4,153,47,-2.696371469823082,54.54686216638905,88.85054978171729,0.11355226641998149,64_inf,1.0,23.08964630569435,stable
DCT_64_inf_PC2,D,C,dummy,proc_gss,4,153,47,-0.6026052473142922,25.14848441588577,34.08267300904716,,64_inf,2.0,32.60587327667579,stable
DCT_64_inf_PC2,D,C,ridge,proc_gss,4,153,47,-1.1600627668428074,29.514199552477383,39.56886137171434,0.14847363552266418,64_inf,2.0,32.60587327667579,stable
DCT_64_inf_PC2,D,C,extratrees,proc_gss,4,153,47,-2.8173445153245553,34.859852235157376,52.60185334724315,0.12187789084181314,64_inf,2.0,32.60587327667579,stable
DCT_64_inf_PC3,D,C,dummy,proc_gss,4,153,47,-0.014069619702939962,23.987003287869225,48.78590416259056,,64_inf,3.0,51.445145892049666,unstable_pc
DCT_64_inf_PC3,D,C,ridge,proc_gss,4,153,47,-0.031793083010937195,27.409260627254323,49.21038676652482,0.20652173913043478,64_inf,3.0,51.445145892049666,unstable_pc
DCT_64_inf_PC3,D,C,extratrees,proc_gss,4,153,47,-0.08299474788866501,29.604160298607,50.416610821265614,0.16547178538390378,64_inf,3.0,51.445145892049666,unstable_pc
